asn,category,tags
131169,ISP,"Media, Publishing, and Broadcasting|Phone Provider|Law, Business, and Consulting Services|Service"
131170,Other,"Electronics and Computer Components|Print Media (Newspapers, Magazines, Books)|Software Development|Computer and Information Technology"
131181,Other,Computer and Information Technology|Not Validating RPKI ROV|
131190,ISP,"Construction and Real Estate|Investment, Portfolio Management, Pensions and Funds|Insurance Carriers and Agencies|Finance and Insurance"
131210,ISP,Eyeball|Internet Service Provider (ISP)|Computer and Information Technology|Not Validating RPKI ROV
131215,ISP,Not Validating RPKI ROV|Internet Service Provider (ISP)|Computer and Information Technology|
131218,Content/CDN,Computer and Information Technology|Hosting and Cloud Provider|
131223,ISP,Hosting and Cloud Provider|Software Development|Internet Service Provider (ISP)|Computer and Information Technology
131226,Eyeball,"Colleges, Universities, and Professional Schools|Education and Research|Research and Development Organizations|Not Validating RPKI ROV"
131232,ISP,"Software Development|Internet Service Provider (ISP)|Accountants, Tax Preparers, Payroll Services|Government and Public Administration"
131235,ISP,Software Development|Manufacturing|Computer and Information Technology|Internet Service Provider (ISP)
131250,ISP,Internet Service Provider (ISP)|Computer and Information Technology|
131255,ISP,"Software Development|Service|Law, Business, and Consulting Services|Insurance Carriers and Agencies"
131256,Enterprise,"Investment, Portfolio Management, Pensions and Funds|Service|Law, Business, and Consulting Services|Finance and Insurance"
131262,Other,"Not Validating RPKI ROV|Machinery|Manufacturing|Retail Stores, Wholesale, and E-commerce Sites"
131263,Other,"Health Care Services|Service|Hospitals and Medical Centers|Social Assistance (Temporary Shelters, Emergency Relief, Child Day Care, etc)"
131265,Content/CDN,"Not Validating RPKI ROV|Hosting and Cloud Provider|Law, Business, and Consulting Services|Software Development"
131269,ISP,Eyeball|Technology Consulting Services|Computer and Information Technology|Internet Service Provider (ISP)
131277,ISP,Internet Service Provider (ISP)|Computer and Information Technology|Phone Provider|
131283,Other,"Finance and Insurance|Banks, Credit Card Companies, Mortgage Providers|"
131299,ISP,Internet Service Provider (ISP)|Computer and Information Technology|Not Validating RPKI ROV|
131302,Other,Chemical and Pharmaceutical Manufacturing|Manufacturing|
131308,ISP,Computer and Information Technology|Internet Service Provider (ISP)|
131317,ISP,Computer and Information Technology|Internet Service Provider (ISP)|
131333,Other,Construction and Real Estate|Service|Real Estate (Residential and/or Commercial)|
131442,ISP,Internet Service Provider (ISP)|Computer and Information Technology|
131453,Other,"Finance and Insurance|Banks, Credit Card Companies, Mortgage Providers|"
131458,Content/CDN,"Media, Publishing, and Broadcasting|Technology Consulting Services|Software Development|Computer and Information Technology"
131459,ISP,Eyeball|Internet Service Provider (ISP)|Computer and Information Technology|
131463,ISP,Internet Service Provider (ISP)|Computer and Information Technology|Not Validating RPKI ROV|
131468,ISP,"Service|Electronics and Computer Components|Law, Business, and Consulting Services|Online Music and Video Streaming Services"
131473,Academic/Edu,"Research and Development Organizations|Colleges, Universities, and Professional Schools|Education and Research|Academic"
131787,ISP,"Software Development|Computer and Information Technology|Manufacturing|Retail Stores, Wholesale, and E-commerce Sites"
131788,Other,Computer and Information Technology|
131993,ISP,Computer and Information Technology|Internet Service Provider (ISP)|Software Development|
131994,Other,"Not Validating RPKI ROV|Banks, Credit Card Companies, Mortgage Providers|Finance and Insurance|"
131997,ISP,Computer and Information Technology|Internet Service Provider (ISP)|
132004,ISP,Eyeball|Computer and Information Technology|Internet Service Provider (ISP)|
132005,Other,Computer and Information Technology|
197555,ISP,Internet Service Provider (ISP)|Computer and Information Technology|
132028,ISP,Utilities (Excluding Internet Service)|Service|Software Development|Water Supply and Irrigation
132043,Other,"Retail Stores, Wholesale, and E-commerce Sites|Tranco 10k Host|"
132051,ISP,Computer and Information Technology|Internet Service Provider (ISP)|
132052,Content/CDN,Computer and Information Technology|Finance and Insurance|Hosting and Cloud Provider|Service
132065,ISP,"Software Development|Law, Business, and Consulting Services|Service|Internet Service Provider (ISP)"
132075,Enterprise,"Computer and Information Technology|Law, Business, and Consulting Services|Service|Personal Care and Lifestyle (Barber Shops, Nail Salons, Diet Centers, Laundry, etc)"
132089,Content/CDN,"Software Development|Service|Computer and Information Technology|Law, Business, and Consulting Services"
132090,Content/CDN,"Software Development|Service|Media, Publishing, and Broadcasting|Computer and Information Technology"
132091,Other,Electronics and Computer Components|Manufacturing|
132108,Other,"Banks, Credit Card Companies, Mortgage Providers|Computer and Information Technology|Finance and Insurance|Construction and Real Estate"
132112,Other,"Retail Stores, Wholesale, and E-commerce Sites|"
132114,Other,"Retail Stores, Wholesale, and E-commerce Sites|"
132115,ISP,Eyeball|Internet Service Provider (ISP)|Computer and Information Technology|
132116,ISP,Eyeball|Internet Service Provider (ISP)|Computer and Information Technology|Not Validating RPKI ROV
132122,Content/CDN,Hosting and Cloud Provider|Computer and Information Technology|Software Development|
132135,Other,Automotive and Transportation|Manufacturing|Not Validating RPKI ROV|
132137,ISP,Carrier|Computer and Information Technology|Internet Service Provider (ISP)|Not Validating RPKI ROV
132144,ISP,"Computer and Information Technology|Online Informational Content|Internet Service Provider (ISP)|Media, Publishing, and Broadcasting"
132150,ISP,Software Development|Computer and Information Technology|Education and Research|Phone Provider
132151,Content/CDN,"Hosting and Cloud Provider|Investment, Portfolio Management, Pensions and Funds|Computer and Information Technology|Finance and Insurance"
132152,ISP,"Software Development|Internet Service Provider (ISP)|Military, Defense, National Security, and International Affairs|Computer and Information Technology"
132166,ISP,Not Validating RPKI ROV|Internet Service Provider (ISP)|Computer and Information Technology|
132171,Unknown,
132175,Other,Software Development|Computer and Information Technology|
132194,Other,Manufacturing|Machinery|
132208,ISP,Computer and Information Technology|Internet Service Provider (ISP)|Service|Computer and Network Security
132215,ISP,Eyeball|Computer and Information Technology|Internet Service Provider (ISP)|Not Validating RPKI ROV
132220,ISP,Eyeball|Computer and Information Technology|Internet Service Provider (ISP)|Not Validating RPKI ROV
132224,ISP,Internet Service Provider (ISP)|Hosting and Cloud Provider|Computer and Information Technology|
132234,Other,"Utilities (Excluding Internet Service)|Agriculture, Mining, and Refineries (Farming, Greenhouses, Mining, Forestry, and Animal Farming)|Construction and Real Estate|"
132239,Other,"Software Development|Computer and Information Technology|Finance and Insurance|Investment, Portfolio Management, Pensions and Funds"
132244,ISP,Hosting and Cloud Provider|Internet Service Provider (ISP)|Computer and Information Technology|
132249,Other,"Freight, Shipment, and Postal Services|Manufacturing|Automotive and Transportation|Travel and Accommodation"
132251,Other,Computer and Information Technology|
132272,ISP,"Law, Business, and Consulting Services|Hosting and Cloud Provider|Software Development|Service"
132278,Other,Real Estate (Residential and/or Commercial)|Construction and Real Estate|
132296,ISP,Eyeball|Computer and Information Technology|Internet Service Provider (ISP)|Not Validating RPKI ROV
132303,ISP,Internet Service Provider (ISP)|Computer and Information Technology|
132308,Government,"Law, Business, and Consulting Services|Service|Computer and Information Technology|Military, Defense, National Security, and International Affairs"
132311,Other,"Agriculture, Mining, and Refineries (Farming, Greenhouses, Mining, Forestry, and Animal Farming)|"
132314,ISP,Computer and Information Technology|Internet Service Provider (ISP)|
132317,ISP,"Software Development|Service|Law, Business, and Consulting Services|Education and Research"
132322,ISP,Computer and Information Technology|Internet Service Provider (ISP)|Software Development|Hosting and Cloud Provider
132323,ISP,Eyeball|Computer and Information Technology|Internet Service Provider (ISP)|Not Validating RPKI ROV
132329,ISP,"Internet Service Provider (ISP)|Media, Publishing, and Broadcasting|Hosting and Cloud Provider|Law, Business, and Consulting Services"
132334,Other,"Media, Publishing, and Broadcasting|Software Development|Music and Video Industry|Radio and Television Providers"
132335,ISP,Content|Electronics and Computer Components|Hosting and Cloud Provider|Internet Service Provider (ISP)
132338,ISP,"Museums, Libraries, and Entertainment|Computer and Information Technology|Media, Publishing, and Broadcasting|Internet Service Provider (ISP)"
132343,Enterprise,"Banks, Credit Card Companies, Mortgage Providers|Finance and Insurance|Service|Law, Business, and Consulting Services"
132346,Content/CDN,Computer and Information Technology|Hosting and Cloud Provider|
132349,Other,Manufacturing|Chemical and Pharmaceutical Manufacturing|
132351,Other,"Banks, Credit Card Companies, Mortgage Providers|Community Groups and Nonprofits|Computer and Information Technology|Finance and Insurance"
132353,Other,"Freight, Shipment, and Postal Services|Postal Services and Couriers|Retail Stores, Wholesale, and E-commerce Sites|"
132358,Other,"Banks, Credit Card Companies, Mortgage Providers|Finance and Insurance|"
132371,ISP,"Law, Business, and Consulting Services|Insurance Carriers and Agencies|Service|Hosting and Cloud Provider"
132377,ISP,Education and Research|Software Development|Internet Service Provider (ISP)|Computer and Information Technology
132378,Other,"Manufacturing|Retail Stores, Wholesale, and E-commerce Sites|"
132383,Other,"Media, Publishing, and Broadcasting|Online Informational Content|Personal ASN|"
132384,ISP,"Service|Accountants, Tax Preparers, Payroll Services|Law, Business, and Consulting Services|Finance and Insurance"
132388,Other,Computer and Information Technology|Software Development|Not Validating RPKI ROV|
132390,Other,"Retail Stores, Wholesale, and E-commerce Sites|Media, Publishing, and Broadcasting|Computer and Information Technology|Music and Video Industry"
132401,ISP,"Media, Publishing, and Broadcasting|Internet Service Provider (ISP)|Radio and Television Providers|Computer and Information Technology"
132410,ISP,Internet Service Provider (ISP)|Computer and Information Technology|Phone Provider|
132411,ISP,Computer and Information Technology|Internet Service Provider (ISP)|Phone Provider|
132413,Content/CDN,"Service|Computer and Information Technology|Hosting and Cloud Provider|Law, Business, and Consulting Services"
132414,Content/CDN,"Computer and Information Technology|Law, Business, and Consulting Services|Hosting and Cloud Provider|Service"
132415,Other,Search|Computer and Information Technology|
132417,ISP,Phone Provider|Software Development|Internet Service Provider (ISP)|Service
132420,ISP,"Tranco 10k Host|Internet Service Provider (ISP)|Law, Business, and Consulting Services|Hosting and Cloud Provider"
132423,Academic/Edu,"Not Validating RPKI ROV|Colleges, Universities, and Professional Schools|Education and Research|"
132428,Other,Computer and Information Technology|Software Development|Health Care Services|
132440,Other,"Banks, Credit Card Companies, Mortgage Providers|Finance and Insurance|"
132441,Other,Other|
132445,ISP,Not Validating RPKI ROV|Internet Service Provider (ISP)|Computer and Information Technology|
132453,ISP,Eyeball|Internet Service Provider (ISP)|Computer and Information Technology|Not Validating RPKI ROV
132460,Unknown,
132461,Other,Machinery|Manufacturing|
132463,Other,Other|
132470,ISP,"Radio and Television Providers|Media, Publishing, and Broadcasting|Computer and Information Technology|Internet Service Provider (ISP)"
132477,Other,Other|
132485,Content/CDN,"Computer and Information Technology|Banks, Credit Card Companies, Mortgage Providers|Finance and Insurance|Hosting and Cloud Provider"
132497,ISP,Eyeball|Internet Service Provider (ISP)|Computer and Information Technology|Not Validating RPKI ROV
132506,Other,"Retail Stores, Wholesale, and E-commerce Sites|"
132507,Other,"Retail Stores, Wholesale, and E-commerce Sites|Not Validating RPKI ROV|"
132515,ISP,Computer and Information Technology|Internet Service Provider (ISP)|Not Validating RPKI ROV|
132516,Other,"Computer and Information Technology|Retail Stores, Wholesale, and E-commerce Sites|Not Validating RPKI ROV|"
132517,Other,"Radio and Television Providers|Media, Publishing, and Broadcasting|Print Media (Newspapers, Magazines, Books)|"
132518,ISP,Computer and Information Technology|Internet Service Provider (ISP)|
132519,ISP,"Not Validating RPKI ROV|Radio and Television Providers|Media, Publishing, and Broadcasting|Computer and Information Technology"
132520,ISP,Software Development|Computer and Information Technology|Internet Service Provider (ISP)|
132521,Other,"Online Music and Video Streaming Services|Radio and Television Providers|Media, Publishing, and Broadcasting|"
132522,ISP,Internet Service Provider (ISP)|Computer and Information Technology|
132523,Content/CDN,Hosting and Cloud Provider|Computer and Information Technology|Not Validating RPKI ROV|
132524,ISP,Not Validating RPKI ROV|Computer and Information Technology|Internet Service Provider (ISP)|
132527,Other,"Freight, Shipment, and Postal Services|Postal Services and Couriers|Tranco 10k Host|"
132535,ISP,Not Validating RPKI ROV|Internet Service Provider (ISP)|Computer and Information Technology|
132538,ISP,"Postal Services and Couriers|Freight, Shipment, and Postal Services|Internet Service Provider (ISP)|Computer and Information Technology"
132539,Enterprise,"Finance and Insurance|Investment, Portfolio Management, Pensions and Funds|Service|Law, Business, and Consulting Services"
132540,ISP,Not Validating RPKI ROV|Internet Service Provider (ISP)|Computer and Information Technology|
132542,ISP,Software Development|Computer and Information Technology|Internet Service Provider (ISP)|Hosting and Cloud Provider
132547,Other,Not Validating RPKI ROV|Community Groups and Nonprofits|
132550,ISP,"Service|Computer and Information Technology|Media, Publishing, and Broadcasting|Internet Service Provider (ISP)"
132555,Enterprise,"Computer and Information Technology|Law, Business, and Consulting Services|Service|"
132556,ISP,Eyeball|Computer and Information Technology|Internet Service Provider (ISP)|Validating RPKI ROV
132557,ISP,"Tranco 10k Host|Utilities (Excluding Internet Service)|Electric Power Generation, Transmission, Distribution|Banks, Credit Card Companies, Mortgage Providers"
132558,Other,"Freight, Shipment, and Postal Services|Postal Services and Couriers|"
132559,ISP,Eyeball|Computer and Information Technology|Internet Service Provider (ISP)|Not Validating RPKI ROV
132560,Other,"Manufacturing|Media, Publishing, and Broadcasting|Clothing and Textiles|Print Media (Newspapers, Magazines, Books)"
150092,Unknown,
132562,ISP,Computer and Information Technology|Internet Service Provider (ISP)|Not Validating RPKI ROV|
132563,ISP,Internet Service Provider (ISP)|Computer and Information Technology|
132564,Other,"Electronics and Computer Components|Manufacturing|Retail Stores, Wholesale, and E-commerce Sites|"
132565,ISP,Internet Service Provider (ISP)|Software Development|Computer and Information Technology|
132566,ISP,Eyeball|Internet Service Provider (ISP)|Computer and Information Technology|Validating RPKI ROV
132567,Content/CDN,Software Development|Service|Computer and Information Technology|Hosting and Cloud Provider
132568,ISP,Not Validating RPKI ROV|Internet Service Provider (ISP)|Computer and Information Technology|
132569,Enterprise,"Museums, Libraries, and Entertainment|Recreation, Sports, and Performing Arts|Service|Law, Business, and Consulting Services"
132570,Other,"Not Validating RPKI ROV|Media, Publishing, and Broadcasting|Radio and Television Providers|"
132571,Enterprise,"Law, Business, and Consulting Services|Service|"
132572,Other,"Retail Stores, Wholesale, and E-commerce Sites|"
132573,ISP,Eyeball|Internet Service Provider (ISP)|Computer and Information Technology|
132574,Other,"Metal, Glass, Wood, and Paper Manufacturing|Manufacturing|"
132587,Content/CDN,Computer and Information Technology|Hosting and Cloud Provider|Computer and Network Security|Software Development
132613,ISP,Computer and Information Technology|Software Development|Internet Service Provider (ISP)|
132711,Government,"Software Development|Computer and Network Security|Government and Public Administration|Military, Defense, National Security, and International Affairs"
132717,ISP,Not Validating RPKI ROV|Hosting and Cloud Provider|Software Development|Computer and Information Technology
132729,Other,"Retail Stores, Wholesale, and E-commerce Sites|"
132746,Content/CDN,Validating RPKI ROV|Hosting and Cloud Provider|Computer and Information Technology|
132747,ISP,Computer and Information Technology|Internet Service Provider (ISP)|
132748,Other,"Retail Stores, Wholesale, and E-commerce Sites|"
132749,Academic/Edu,"Research and Development Organizations|Colleges, Universities, and Professional Schools|Education and Research|"
132750,ISP,"Internet Service Provider (ISP)|Law, Business, and Consulting Services|Service|Software Development"
132751,ISP,Computer and Information Technology|Internet Service Provider (ISP)|
132752,ISP,Computer and Information Technology|Internet Service Provider (ISP)|Not Validating RPKI ROV|
132753,ISP,Not Validating RPKI ROV|Software Development|Electronics and Computer Components|Computer and Information Technology
132754,ISP,Eyeball|Computer and Information Technology|Internet Service Provider (ISP)|Not Validating RPKI ROV
132755,Other,"Investment, Portfolio Management, Pensions and Funds|Computer and Information Technology|Finance and Insurance|"
132756,Other,"Banks, Credit Card Companies, Mortgage Providers|Finance and Insurance|"
132757,ISP,Not Validating RPKI ROV|Internet Service Provider (ISP)|Computer and Information Technology|
132758,Other,Computer and Information Technology|Not Validating RPKI ROV|
132759,Enterprise,"Service|Law, Business, and Consulting Services|"
132760,ISP,Computer and Information Technology|Internet Service Provider (ISP)|Software Development|
132761,ISP,Not Validating RPKI ROV|Computer and Information Technology|Internet Service Provider (ISP)|
132762,ISP,Computer and Information Technology|Internet Service Provider (ISP)|Hosting and Cloud Provider|
132763,Other,"Freight, Shipment, and Postal Services|Agriculture, Mining, and Refineries (Farming, Greenhouses, Mining, Forestry, and Animal Farming)|"
132764,ISP,Computer and Information Technology|Internet Service Provider (ISP)|Not Validating RPKI ROV|Eyeball
132765,Content/CDN,"Buildings, Repair, Maintenance (Pest Control, Landscaping, Cleaning, Locksmiths, Car Washes, etc)|Hosting and Cloud Provider|Computer and Information Technology|Service"
132766,Other,"Software Development|Computer and Information Technology|Retail Stores, Wholesale, and E-commerce Sites|"
132767,Other,Other|
132768,ISP,Eyeball|Internet Service Provider (ISP)|Computer and Information Technology|Validating RPKI ROV
132769,Other,Computer and Information Technology|
132770,ISP,Eyeball|Computer and Information Technology|Internet Service Provider (ISP)|Not Validating RPKI ROV
132771,ISP,Eyeball|Internet Service Provider (ISP)|Computer and Information Technology|Not Validating RPKI ROV
132772,ISP,Computer and Information Technology|Internet Service Provider (ISP)|Not Validating RPKI ROV|
132773,Other,Computer and Information Technology|
132774,ISP,Eyeball|Computer and Information Technology|Internet Service Provider (ISP)|Not Validating RPKI ROV
132775,Unknown,
132776,Other,Health Care Services|
132777,Unknown,
132778,ISP,Not Validating RPKI ROV|Computer and Information Technology|Internet Service Provider (ISP)|
132779,ISP,Internet Service Provider (ISP)|Hosting and Cloud Provider|Software Development|Computer and Information Technology
132780,ISP,"Colleges, Universities, and Professional Schools|Eyeball|Not Validating RPKI ROV|Internet Service Provider (ISP)"
132781,ISP,Software Development|Service|Hosting and Cloud Provider|Computer and Information Technology
132782,Unknown,
132783,ISP,Hosting and Cloud Provider|Computer and Information Technology|Internet Service Provider (ISP)|Not Validating RPKI ROV
132784,ISP,Computer and Information Technology|Internet Service Provider (ISP)|
132785,Academic/Edu,"Research and Development Organizations|Colleges, Universities, and Professional Schools|Education and Research|"
132787,ISP,Not Validating RPKI ROV|Computer and Information Technology|Internet Service Provider (ISP)|
132830,Other,"Retail Stores, Wholesale, and E-commerce Sites|"
132860,Other,"Computer and Information Technology|Electric Power Generation, Transmission, Distribution|Service|Software Development"
132867,Content/CDN,Software Development|Computer and Information Technology|Hosting and Cloud Provider|Not Validating RPKI ROV
132871,ISP,Phone Provider|Software Development|Service|Computer and Information Technology
132878,Enterprise,"Print Media (Newspapers, Magazines, Books)|Service|Media, Publishing, and Broadcasting|Retail Stores, Wholesale, and E-commerce Sites"
132893,ISP,"Media, Publishing, and Broadcasting|Phone Provider|Internet Service Provider (ISP)|Hosting and Cloud Provider"
132903,ISP,Community Groups and Nonprofits|Manufacturing|Computer and Information Technology|Internet Service Provider (ISP)
132911,ISP,Internet Service Provider (ISP)|Computer and Information Technology|
132921,Academic/Edu,"Education and Research|Human Rights and Social Advocacy (Human Rights, Environment and Wildlife Conservation, Other)|Community Groups and Nonprofits|"
132922,Other,"Manufacturing|Food, Beverage, and Tobacco|"
132923,ISP,Not Validating RPKI ROV|Computer and Information Technology|Internet Service Provider (ISP)|
132924,ISP,Internet Service Provider (ISP)|Computer and Information Technology|Not Validating RPKI ROV|
132925,ISP,Internet Service Provider (ISP)|Computer and Information Technology|Hosting and Cloud Provider|
132926,Academic/Edu,"Education and Research|Other Schools, Instruction, and Exam Preparation (Trade Schools, Art Schools, Driving Instruction, etc.)|Education Software|"
132927,ISP,Computer and Information Technology|Internet Service Provider (ISP)|
132928,Unknown,
132929,Unknown,
132930,Other,Computer and Information Technology|
132931,ISP,Eyeball|Internet Service Provider (ISP)|Computer and Information Technology|Not Validating RPKI ROV
132932,ISP,Computer and Information Technology|Not Validating RPKI ROV|Internet Service Provider (ISP)|
132933,ISP,Not Validating RPKI ROV|Computer and Information Technology|Search|Internet Service Provider (ISP)
132934,ISP,Eyeball|Internet Service Provider (ISP)|Computer and Information Technology|Not Validating RPKI ROV
132935,ISP,Not Validating RPKI ROV|Computer and Information Technology|Internet Service Provider (ISP)|
132936,ISP,Software Development|Internet Service Provider (ISP)|Computer and Information Technology|
132937,ISP,Hosting and Cloud Provider|Computer and Information Technology|Internet Service Provider (ISP)|
132938,Content/CDN,Hosting and Cloud Provider|Computer and Information Technology|
132939,Other,Other|
132940,ISP,Hosting and Cloud Provider|Computer and Information Technology|Internet Service Provider (ISP)|
132941,ISP,Internet Service Provider (ISP)|Computer and Information Technology|
132942,Unknown,
132943,Other,Other|
132944,ISP,Not Validating RPKI ROV|Internet Service Provider (ISP)|Computer and Information Technology|Hosting and Cloud Provider
132945,Other,"Retail Stores, Wholesale, and E-commerce Sites|"
132946,Other,"Finance and Insurance|Banks, Credit Card Companies, Mortgage Providers|"
132947,Other,"Retail Stores, Wholesale, and E-commerce Sites|Not Validating RPKI ROV|"
132948,ISP,Internet Service Provider (ISP)|Computer and Information Technology|
132949,Other,Construction and Real Estate|Real Estate (Residential and/or Commercial)|
132950,ISP,Internet Service Provider (ISP)|Service|Computer and Information Technology|Software Development
132951,ISP,Software Development|Internet Service Provider (ISP)|Computer and Information Technology|
132952,Other,"Retail Stores, Wholesale, and E-commerce Sites|"
132953,ISP,Hosting and Cloud Provider|Internet Service Provider (ISP)|Computer and Information Technology|
132954,ISP,"Internet Service Provider (ISP)|Computer and Information Technology|Retail Stores, Wholesale, and E-commerce Sites|Hosting and Cloud Provider"
132955,ISP,Not Validating RPKI ROV|Computer and Information Technology|Internet Service Provider (ISP)|
132956,ISP,Not Validating RPKI ROV|Computer and Information Technology|Internet Service Provider (ISP)|
132957,ISP,Eyeball|Not Validating RPKI ROV|Computer and Information Technology|Internet Service Provider (ISP)
132958,ISP,Internet Service Provider (ISP)|Computer and Information Technology|Eyeball|
132959,ISP,"Internet Service Provider (ISP)|Computer and Information Technology|Retail Stores, Wholesale, and E-commerce Sites|"
132960,ISP,Not Validating RPKI ROV|Internet Service Provider (ISP)|Computer and Information Technology|
132961,ISP,Internet Service Provider (ISP)|Computer and Information Technology|Not Validating RPKI ROV|Eyeball
132962,Other,Other|Not Validating RPKI ROV|
132963,Other,"Finance and Insurance|Investment, Portfolio Management, Pensions and Funds|Software Development|Computer and Information Technology"
132964,ISP,Not Validating RPKI ROV|Computer and Information Technology|Internet Service Provider (ISP)|
132965,Other,"Print Media (Newspapers, Magazines, Books)|Media, Publishing, and Broadcasting|Not Validating RPKI ROV|"
132966,Other,Other|
132967,Other,"Clothing and Textiles|Computer and Information Technology|Retail Stores, Wholesale, and E-commerce Sites|Manufacturing"
132968,Enterprise,"Accountants, Tax Preparers, Payroll Services|Computer and Information Technology|Law, Business, and Consulting Services|Finance and Insurance"
132969,ISP,Computer and Information Technology|Hosting and Cloud Provider|Internet Service Provider (ISP)|
132970,ISP,"Computer and Information Technology|Law, Business, and Consulting Services|Service|Media, Publishing, and Broadcasting"
132971,ISP,"Retail Stores, Wholesale, and E-commerce Sites|Computer and Information Technology|Internet Service Provider (ISP)|Radio and Television Providers"
132972,ISP,Not Validating RPKI ROV|Computer and Information Technology|Internet Service Provider (ISP)|
132973,Other,"Retail Stores, Wholesale, and E-commerce Sites|"
132974,ISP,Home ISP|Computer and Information Technology|Internet Service Provider (ISP)|Business Broadband
132975,Other,Computer and Information Technology|
132976,ISP,Not Validating RPKI ROV|Internet Service Provider (ISP)|Computer and Information Technology|
132977,ISP,Internet Service Provider (ISP)|Computer and Information Technology|
132978,Other,"Not Validating RPKI ROV|Media, Publishing, and Broadcasting|Print Media (Newspapers, Magazines, Books)|"
132979,Other,Computer and Information Technology|
132980,Other,Computer and Information Technology|
132981,Enterprise,"Software Development|Law, Business, and Consulting Services|Computer and Information Technology|Service"
132982,ISP,"Internet Service Provider (ISP)|Computer and Information Technology|Hosting and Cloud Provider|Law, Business, and Consulting Services"
132983,ISP,"Hosting and Cloud Provider|Law, Business, and Consulting Services|Software Development|Computer and Information Technology"
132984,Academic/Edu,"Colleges, Universities, and Professional Schools|Education and Research|Not Validating RPKI ROV|"
132985,ISP,Computer and Information Technology|Internet Service Provider (ISP)|
132986,Enterprise,"Law, Business, and Consulting Services|Service|"
132987,Other,Computer and Information Technology|Not Validating RPKI ROV|
132988,ISP,Computer and Information Technology|Internet Service Provider (ISP)|Not Validating RPKI ROV|
132989,Other,Computer and Information Technology|
132990,ISP,"Service|Health Care Services|Law, Business, and Consulting Services|Medical Laboratories and Diagnostic Centers"
132991,Enterprise,"Technology Consulting Services|Software Development|Law, Business, and Consulting Services|Service"
132992,ISP,Internet Service Provider (ISP)|Computer and Information Technology|
132993,Other,Computer and Information Technology|
132994,Other,"Banks, Credit Card Companies, Mortgage Providers|Finance and Insurance|"
132995,Academic/Edu,"Colleges, Universities, and Professional Schools|Education and Research|Not Validating RPKI ROV|"
132996,ISP,Eyeball|Computer and Information Technology|Internet Service Provider (ISP)|Not Validating RPKI ROV
132997,Unknown,
132998,ISP,Computer and Information Technology|Internet Service Provider (ISP)|
132999,ISP,Internet Service Provider (ISP)|Computer and Information Technology|Not Validating RPKI ROV|
133000,ISP,Eyeball|Computer and Information Technology|Internet Service Provider (ISP)|Not Validating RPKI ROV
133001,ISP,Eyeball|Computer and Information Technology|Internet Service Provider (ISP)|Not Validating RPKI ROV
133002,Academic/Edu,"Colleges, Universities, and Professional Schools|Education and Research|Not Validating RPKI ROV|"
133003,ISP,Computer and Information Technology|Internet Service Provider (ISP)|
133004,ISP,Finance and Insurance|Elementary and Secondary Schools|Internet Service Provider (ISP)|Software Development
133005,ISP,Insurance Carriers and Agencies|Health Care Services|Finance and Insurance|
133006,ISP,"Computer and Information Technology|Software Development|Law, Business, and Consulting Services|Internet Service Provider (ISP)"
133007,ISP,Not Validating RPKI ROV|Computer and Information Technology|Online Music and Video Streaming Services|Radio and Television Providers
133008,Other,Not Validating RPKI ROV|Computer and Information Technology|
133009,ISP,Internet Service Provider (ISP)|Computer and Information Technology|Eyeball|
133010,ISP,"Software Development|Hosting and Cloud Provider|Law, Business, and Consulting Services|Service"
133011,ISP,"Media, Publishing, and Broadcasting|Online Music and Video Streaming Services|Internet Service Provider (ISP)|Computer and Information Technology"
133028,ISP,"Computer and Information Technology|Internet Service Provider (ISP)|Buildings, Repair, Maintenance (Pest Control, Landscaping, Cleaning, Locksmiths, Car Washes, etc)|Law, Business, and Consulting Services"
133032,Government,"Government and Public Administration|Government and Regulatory Agencies, Administrations, Departments, and Services|"
133036,ISP,"Media, Publishing, and Broadcasting|Travel and Accommodation|Internet Service Provider (ISP)|Hotels, Motels, Inns, Other Traveler Accommodation"
133037,ISP,"Not Validating RPKI ROV|Online Informational Content|Government and Regulatory Agencies, Administrations, Departments, and Services|Media, Publishing, and Broadcasting"
133055,ISP,"Service|Computer and Information Technology|Personal Care and Lifestyle (Barber Shops, Nail Salons, Diet Centers, Laundry, etc)|Insurance Carriers and Agencies"
133069,ISP,Software Development|Computer and Information Technology|Internet Service Provider (ISP)|
133082,ISP,Internet Service Provider (ISP)|Computer and Information Technology|
133087,Content/CDN,Computer and Information Technology|Hosting and Cloud Provider|
133088,Enterprise,"Law, Business, and Consulting Services|Investment, Portfolio Management, Pensions and Funds|Finance and Insurance|Service"
133221,Other,"Retail Stores, Wholesale, and E-commerce Sites|"
133222,ISP,"Internet Service Provider (ISP)|Media, Publishing, and Broadcasting|Computer and Information Technology|Law, Business, and Consulting Services"
133223,Other,"Retail Stores, Wholesale, and E-commerce Sites|"
133224,Other,"Retail Stores, Wholesale, and E-commerce Sites|"
133225,Other,"Finance and Insurance|Investment, Portfolio Management, Pensions and Funds|"
133226,ISP,Internet Service Provider (ISP)|Computer and Information Technology|
133227,Eyeball,Eyeball|Computer and Information Technology|Hosting and Cloud Provider|Not Validating RPKI ROV
133228,Other,"Not Validating RPKI ROV|Software Development|Media, Publishing, and Broadcasting|Service"
133230,ISP,Computer and Information Technology|Software Development|Internet Service Provider (ISP)|
133231,Other,Tranco 10k Host|Technology Consulting Services|Computer and Information Technology|
133232,ISP,Eyeball|Computer and Information Technology|Internet Service Provider (ISP)|Not Validating RPKI ROV
133233,Academic/Edu,Education and Research|Research and Development Organizations|Not Validating RPKI ROV|
133234,ISP,Eyeball|Internet Service Provider (ISP)|Computer and Information Technology|Not Validating RPKI ROV
133235,ISP,Computer and Information Technology|Internet Service Provider (ISP)|Not Validating RPKI ROV|Eyeball
133236,Academic/Edu,Education and Research|Computer and Information Technology|Software Development|
133237,ISP,Not Validating RPKI ROV|Internet Service Provider (ISP)|Computer and Information Technology|
133238,Other,Software Development|Computer and Information Technology|
133239,Other,Other|
133240,ISP,Not Validating RPKI ROV|Computer and Information Technology|Internet Service Provider (ISP)|
133241,ISP,Internet Service Provider (ISP)|Computer and Information Technology|
133242,ISP,Software Development|Internet Service Provider (ISP)|Computer and Information Technology|Not Validating RPKI ROV
133243,ISP,Computer and Information Technology|Internet Service Provider (ISP)|
133244,ISP,Software Development|Computer and Information Technology|Internet Service Provider (ISP)|Not Validating RPKI ROV
133245,ISP,Internet Service Provider (ISP)|Computer and Information Technology|
133246,ISP,Eyeball|Computer and Information Technology|Internet Service Provider (ISP)|Not Validating RPKI ROV
133247,Other,Computer and Information Technology|
133248,ISP,Computer and Information Technology|Internet Service Provider (ISP)|Eyeball|
133249,Eyeball,Other|Not Validating RPKI ROV|Eyeball|
133250,ISP,Computer and Information Technology|Internet Service Provider (ISP)|
133251,ISP,"Media, Publishing, and Broadcasting|Online Music and Video Streaming Services|Computer and Information Technology|Internet Service Provider (ISP)"
133252,Enterprise,"Computer and Information Technology|Law, Business, and Consulting Services|Media, Publishing, and Broadcasting|Personal Care and Lifestyle (Barber Shops, Nail Salons, Diet Centers, Laundry, etc)"
133253,Other,Computer and Information Technology|
133254,Other,"Manufacturing|Food, Beverage, and Tobacco|"
133255,ISP,Eyeball|Internet Service Provider (ISP)|Computer and Information Technology|Not Validating RPKI ROV
133256,Other,"Utilities (Excluding Internet Service)|Electric Power Generation, Transmission, Distribution|Not Validating RPKI ROV|"
133257,ISP,Computer and Information Technology|Software Development|Internet Service Provider (ISP)|Not Validating RPKI ROV
133258,Other,"Investment, Portfolio Management, Pensions and Funds|Finance and Insurance|"
133259,Other,Computer and Network Security|Software Development|Service|Computer and Information Technology
133260,ISP,Internet Service Provider (ISP)|Hosting and Cloud Provider|Computer and Information Technology|Not Validating RPKI ROV
133261,Content/CDN,Hosting and Cloud Provider|Computer and Information Technology|
133262,Other,Chemical and Pharmaceutical Manufacturing|Manufacturing|
133263,ISP,"Internet Service Provider (ISP)|Radio and Television Providers|Media, Publishing, and Broadcasting|Computer and Information Technology"
133264,ISP,"Computer and Information Technology|Internet Service Provider (ISP)|Buildings (Residential or Commercial)|Retail Stores, Wholesale, and E-commerce Sites"
133265,Other,Clothing and Textiles|Manufacturing|
133266,ISP,"Law, Business, and Consulting Services|Software Development|Internet Service Provider (ISP)|Computer and Information Technology"
133267,Other,Computer and Information Technology|
133268,Other,"Retail Stores, Wholesale, and E-commerce Sites|Not Validating RPKI ROV|"
133269,ISP,Not Validating RPKI ROV|Computer and Information Technology|Internet Service Provider (ISP)|
133270,ISP,Not Validating RPKI ROV|Internet Service Provider (ISP)|Computer and Information Technology|
133271,ISP,Computer and Information Technology|Internet Service Provider (ISP)|
133272,ISP,Internet Service Provider (ISP)|Computer and Information Technology|Not Validating RPKI ROV|
133273,Academic/Edu,"Community Groups and Nonprofits|Colleges, Universities, and Professional Schools|Human Rights and Social Advocacy (Human Rights, Environment and Wildlife Conservation, Other)|Education and Research"
133274,ISP,Computer and Information Technology|Education and Research|Other|Internet Service Provider (ISP)
133275,ISP,Eyeball|Computer and Information Technology|Internet Service Provider (ISP)|Not Validating RPKI ROV
133276,Other,Software Development|Computer and Information Technology|
133277,ISP,Computer and Information Technology|Internet Service Provider (ISP)|Not Validating RPKI ROV|
133278,ISP,Eyeball|Hosting and Cloud Provider|Internet Service Provider (ISP)|Computer and Information Technology
133279,ISP,Eyeball|Software Development|Internet Service Provider (ISP)|Computer and Information Technology
133280,Other,"Manufacturing|Metal, Glass, Wood, and Paper Manufacturing|"
133281,ISP,Computer and Information Technology|Internet Service Provider (ISP)|Software Development|
133282,ISP,Internet Service Provider (ISP)|Software Development|Computer and Information Technology|Not Validating RPKI ROV
133283,ISP,Eyeball|Internet Service Provider (ISP)|Computer and Information Technology|Not Validating RPKI ROV
133284,Other,Computer and Information Technology|Not Validating RPKI ROV|
133285,ISP,Not Validating RPKI ROV|Internet Service Provider (ISP)|Computer and Information Technology|
133286,ISP,Internet Service Provider (ISP)|Computer and Information Technology|
133287,ISP,Eyeball|Internet Service Provider (ISP)|Computer and Information Technology|Not Validating RPKI ROV
133288,ISP,Computer and Information Technology|Internet Service Provider (ISP)|
133289,ISP,Internet Service Provider (ISP)|Computer and Information Technology|Not Validating RPKI ROV|
133290,Other,Computer and Information Technology|Not Validating RPKI ROV|
133291,Content/CDN,"Machinery|Not Validating RPKI ROV|Software Development|Retail Stores, Wholesale, and E-commerce Sites"
133292,Government,"Military, Defense, National Security, and International Affairs|Retail Stores, Wholesale, and E-commerce Sites|Manufacturing|Government and Public Administration"
133293,ISP,Internet Service Provider (ISP)|Computer and Information Technology|
133294,Other,Construction and Real Estate|Buildings (Residential or Commercial)|
133295,ISP,Hosting and Cloud Provider|Computer and Information Technology|Internet Service Provider (ISP)|
133296,ISP,VPN Host|Internet Service Provider (ISP)|Computer and Information Technology|Hosting and Cloud Provider
133297,ISP,Computer and Information Technology|Internet Service Provider (ISP)|Not Validating RPKI ROV|
133298,ISP,Internet Service Provider (ISP)|Computer and Information Technology|Eyeball|
133299,Other,"Computer and Information Technology|Metal, Glass, Wood, and Paper Manufacturing|Software Development|Manufacturing"
133300,Other,Not Validating RPKI ROV|Computer and Information Technology|
133301,ISP,Eyeball|Internet Service Provider (ISP)|Computer and Information Technology|Not Validating RPKI ROV
133302,Other,Other|
133303,Other,"Finance and Insurance|Investment, Portfolio Management, Pensions and Funds|"
133304,ISP,Not Validating RPKI ROV|Internet Service Provider (ISP)|Computer and Information Technology|
133305,ISP,Computer and Information Technology|Hosting and Cloud Provider|Software Development|Internet Service Provider (ISP)
133306,Content/CDN,Software Development|Service|Computer and Information Technology|Hosting and Cloud Provider
133307,Other,"Banks, Credit Card Companies, Mortgage Providers|Finance and Insurance|"
133308,Other,Other|
133309,ISP,Internet Service Provider (ISP)|Computer and Information Technology|Eyeball|
133310,Other,Computer and Information Technology|
133311,ISP,Computer and Information Technology|Internet Service Provider (ISP)|Not Validating RPKI ROV|Eyeball
133312,Other,Other|
133313,Academic/Edu,"Colleges, Universities, and Professional Schools|Education and Research|Not Validating RPKI ROV|"
133314,Other,"Buildings, Repair, Maintenance (Pest Control, Landscaping, Cleaning, Locksmiths, Car Washes, etc)|Service|"
133315,ISP,Eyeball|Internet Service Provider (ISP)|Computer and Information Technology|Not Validating RPKI ROV
133316,Other,Service|
133317,ISP,Not Validating RPKI ROV|Internet Service Provider (ISP)|Computer and Information Technology|
133318,Content/CDN,Hosting and Cloud Provider|Computer and Information Technology|Not Validating RPKI ROV|
133319,ISP,Hosting and Cloud Provider|Software Development|Computer and Information Technology|Internet Service Provider (ISP)
133320,ISP,"Hosting and Cloud Provider|Retail Stores, Wholesale, and E-commerce Sites|Software Development|Computer and Information Technology"
133324,ISP,Computer and Information Technology|Internet Service Provider (ISP)|Not Validating RPKI ROV|
133367,Enterprise,"Finance and Insurance|Service|Law, Business, and Consulting Services|Investment, Portfolio Management, Pensions and Funds"
133386,Enterprise,"Service|Law, Business, and Consulting Services|Banks, Credit Card Companies, Mortgage Providers|Finance and Insurance"
133388,ISP,Not Validating RPKI ROV|Software Development|Internet Service Provider (ISP)|Computer and Information Technology
133412,Enterprise,Online Music and Video Streaming Services|Technology Consulting Services|Service|Software Development
133469,ISP,Eyeball|Internet Service Provider (ISP)|Computer and Information Technology|Not Validating RPKI ROV
133482,ISP,Internet Service Provider (ISP)|Computer and Information Technology|
133491,ISP,"Online Music and Video Streaming Services|Internet Service Provider (ISP)|Computer and Information Technology|Media, Publishing, and Broadcasting"
133499,Other,"Retail Stores, Wholesale, and E-commerce Sites|"
133505,Other,Computer and Information Technology|Software Development|
133506,Other,Computer and Information Technology|Software Development|
133552,Academic/Edu,"Education and Research|Colleges, Universities, and Professional Schools|"
133580,ISP,Computer and Information Technology|Internet Service Provider (ISP)|
133589,ISP,Internet Service Provider (ISP)|Computer and Information Technology|Hosting and Cloud Provider|Not Validating RPKI ROV
133590,ISP,Eyeball|Not Validating RPKI ROV|Internet Service Provider (ISP)|Computer and Information Technology
133591,Enterprise,"Air Transportation|Law, Business, and Consulting Services|Computer and Information Technology|Service"
133592,ISP,Computer and Information Technology|Internet Service Provider (ISP)|Not Validating RPKI ROV|
133593,ISP,Not Validating RPKI ROV|Computer and Information Technology|Internet Service Provider (ISP)|
133594,ISP,Internet Service Provider (ISP)|Computer and Information Technology|
133595,Other,"Computer and Information Technology|Retail Stores, Wholesale, and E-commerce Sites|"
133596,ISP,Internet Service Provider (ISP)|Computer and Information Technology|Not Validating RPKI ROV|
133597,ISP,Not Validating RPKI ROV|Computer and Information Technology|Internet Service Provider (ISP)|
133598,Other,"Retail Stores, Wholesale, and E-commerce Sites|Food, Grocery, Beverages|Not Validating RPKI ROV|"
133619,Academic/Edu,"Service|Law, Business, and Consulting Services|Education and Research|Computer and Information Technology"
133638,ISP,Computer and Information Technology|Internet Service Provider (ISP)|Not Validating RPKI ROV|
133639,Other,"Retail Stores, Wholesale, and E-commerce Sites|"
133640,Other,"Finance and Insurance|Agriculture, Mining, and Refineries (Farming, Greenhouses, Mining, Forestry, and Animal Farming)|Banks, Credit Card Companies, Mortgage Providers|"
133641,Other,"Retail Stores, Wholesale, and E-commerce Sites|"
133642,Other,"Radio and Television Providers|Media, Publishing, and Broadcasting|"
133643,Content/CDN,Hosting and Cloud Provider|Computer and Information Technology|
133644,Other,"Metal, Glass, Wood, and Paper Manufacturing|Electronics and Computer Components|Manufacturing|"
133645,ISP,Internet Service Provider (ISP)|Computer and Information Technology|Not Validating RPKI ROV|Eyeball
133646,Other,"Media, Publishing, and Broadcasting|Finance and Insurance|Music and Video Industry|Investment, Portfolio Management, Pensions and Funds"
133647,ISP,Eyeball|Computer and Information Technology|Radio and Television Providers|Internet Service Provider (ISP)
133648,ISP,Eyeball|Computer and Information Technology|Internet Service Provider (ISP)|Not Validating RPKI ROV
133649,Content/CDN,Hosting and Cloud Provider|Computer and Information Technology|
133650,Other,Software Development|Computer and Information Technology|
133651,Other,"Media, Publishing, and Broadcasting|Radio and Television Providers|"
133652,ISP,Eyeball|Internet Service Provider (ISP)|Computer and Information Technology|Not Validating RPKI ROV
133653,ISP,Not Validating RPKI ROV|Internet Service Provider (ISP)|Computer and Information Technology|Software Development
133654,ISP,Internet Service Provider (ISP)|Computer and Information Technology|
133655,Other,Computer and Information Technology|
133656,Other,Computer and Information Technology|
133657,Other,"Software Development|Media, Publishing, and Broadcasting|Service|Finance and Insurance"
133658,ISP,Internet Service Provider (ISP)|Computer and Information Technology|Not Validating RPKI ROV|
133659,Other,"Electric Power Generation, Transmission, Distribution|Chemical and Pharmaceutical Manufacturing|Agriculture, Mining, and Refineries (Farming, Greenhouses, Mining, Forestry, and Animal Farming)|Utilities (Excluding Internet Service)"
133660,ISP,Eyeball|Computer and Information Technology|Internet Service Provider (ISP)|Not Validating RPKI ROV
133661,ISP,Eyeball|Computer and Information Technology|Internet Service Provider (ISP)|Not Validating RPKI ROV
133662,ISP,Not Validating RPKI ROV|Computer and Information Technology|Computer and Network Security|Internet Service Provider (ISP)
133663,Content/CDN,Computer and Information Technology|Hosting and Cloud Provider|
133664,ISP,Internet Service Provider (ISP)|Computer and Information Technology|Software Development|Service
133665,Enterprise,"Retail Stores, Wholesale, and E-commerce Sites|Law, Business, and Consulting Services|Service|"
133666,Other,Service|
133667,Other,Service|
133668,Academic/Edu,"Other Schools, Instruction, and Exam Preparation (Trade Schools, Art Schools, Driving Instruction, etc.)|Elementary and Secondary Schools|Education and Research|"
133669,ISP,Internet Service Provider (ISP)|Computer and Information Technology|
133670,Other,"Retail Stores, Wholesale, and E-commerce Sites|"
133671,Other,"Computer and Information Technology|Retail Stores, Wholesale, and E-commerce Sites|Validating RPKI ROV|"
133672,Content/CDN,Computer and Information Technology|Hosting and Cloud Provider|
133673,ISP,Computer and Information Technology|Internet Service Provider (ISP)|
133674,ISP,Eyeball|Computer and Information Technology|Internet Service Provider (ISP)|Not Validating RPKI ROV
133675,Enterprise,"Service|Law, Business, and Consulting Services|"
133676,ISP,Eyeball|Internet Service Provider (ISP)|Computer and Information Technology|Not Validating RPKI ROV
133677,Content/CDN,Hosting and Cloud Provider|Computer and Information Technology|Software Development|Not Validating RPKI ROV
133678,ISP,"Not Validating RPKI ROV|Media, Publishing, and Broadcasting|Radio and Television Providers|Internet Service Provider (ISP)"
133679,ISP,Not Validating RPKI ROV|Computer and Information Technology|Internet Service Provider (ISP)|
133680,ISP,Not Validating RPKI ROV|Internet Service Provider (ISP)|Computer and Information Technology|
133681,Enterprise,"Service|Law, Business, and Consulting Services|"
133682,ISP,Computer and Information Technology|Internet Service Provider (ISP)|
133683,ISP,Hosting and Cloud Provider|Computer and Information Technology|Internet Service Provider (ISP)|
133684,ISP,Internet Service Provider (ISP)|Computer and Information Technology|
133685,ISP,Eyeball|Internet Service Provider (ISP)|Computer and Information Technology|Not Validating RPKI ROV
133686,Other,Community Groups and Nonprofits|Not Validating RPKI ROV|
133687,Enterprise,"Service|Law, Business, and Consulting Services|Software Development|Computer and Information Technology"
133688,ISP,Computer and Information Technology|Internet Service Provider (ISP)|
133689,ISP,Internet Service Provider (ISP)|Computer and Information Technology|
133690,Other,Health Care Services|Computer and Information Technology|Not Validating RPKI ROV|
133691,Other,"Travel and Accommodation|Hotels, Motels, Inns, Other Traveler Accommodation|"
133692,ISP,Internet Service Provider (ISP)|Computer and Information Technology|
133693,ISP,Not Validating RPKI ROV|Internet Service Provider (ISP)|Computer and Information Technology|
133694,Content/CDN,"Not Validating RPKI ROV|Service|Law, Business, and Consulting Services|Computer and Information Technology"
133695,ISP,Eyeball|Internet Service Provider (ISP)|Computer and Information Technology|Not Validating RPKI ROV
133696,ISP,"Radio and Television Providers|Computer and Information Technology|Media, Publishing, and Broadcasting|Internet Service Provider (ISP)"
133697,Other,"Not Validating RPKI ROV|Retail Stores, Wholesale, and E-commerce Sites|"
133698,Other,Manufacturing|Chemical and Pharmaceutical Manufacturing|
133699,ISP,Internet Service Provider (ISP)|Computer and Information Technology|Service|Hosting and Cloud Provider
133700,ISP,"Computer and Information Technology|Internet Service Provider (ISP)|Media, Publishing, and Broadcasting|Radio and Television Providers"
133701,ISP,Computer and Information Technology|Internet Service Provider (ISP)|
133702,ISP,Computer and Information Technology|Internet Service Provider (ISP)|Not Validating RPKI ROV|
133703,Other,"Manufacturing|Food, Beverage, and Tobacco|Electric Power Generation, Transmission, Distribution|Utilities (Excluding Internet Service)"
133704,Unknown,
133705,ISP,"Internet Service Provider (ISP)|Computer and Information Technology|Media, Publishing, and Broadcasting|Software Development"
133706,ISP,Not Validating RPKI ROV|Internet Service Provider (ISP)|Computer and Information Technology|
133707,ISP,Not Validating RPKI ROV|Computer and Information Technology|Internet Service Provider (ISP)|
133708,Other,"Finance and Insurance|Investment, Portfolio Management, Pensions and Funds|"
133709,Other,Computer and Information Technology|
133710,ISP,Internet Service Provider (ISP)|Computer and Information Technology|
133711,ISP,Eyeball|Online Informational Content|Internet Service Provider (ISP)|Computer and Information Technology
133712,ISP,"Retail Stores, Wholesale, and E-commerce Sites|Software Development|Internet Service Provider (ISP)|Computer and Information Technology"
133713,ISP,Eyeball|Computer and Information Technology|Internet Service Provider (ISP)|Not Validating RPKI ROV
133714,ISP,Internet Service Provider (ISP)|Computer and Information Technology|Not Validating RPKI ROV|
133715,ISP,"Construction and Real Estate|Investment, Portfolio Management, Pensions and Funds|Media, Publishing, and Broadcasting|Internet Service Provider (ISP)"
133716,ISP,"Eyeball|Not Validating RPKI ROV|Investment, Portfolio Management, Pensions and Funds|Computer and Information Technology"
133717,ISP,Computer and Information Technology|Internet Service Provider (ISP)|Not Validating RPKI ROV|
133718,ISP,Computer and Information Technology|Internet Service Provider (ISP)|Not Validating RPKI ROV|
133719,Other,"Radio and Television Providers|Media, Publishing, and Broadcasting|"
133720,ISP,Eyeball|Computer and Information Technology|Internet Service Provider (ISP)|Not Validating RPKI ROV
133721,Other,Computer and Information Technology|
133722,ISP,"Service|Law, Business, and Consulting Services|Internet Service Provider (ISP)|Computer and Information Technology"
133723,Academic/Edu,"Education and Research|Research and Development Organizations|Human Rights and Social Advocacy (Human Rights, Environment and Wildlife Conservation, Other)|Community Groups and Nonprofits"
133724,ISP,Eyeball|Internet Service Provider (ISP)|Computer and Information Technology|Not Validating RPKI ROV
133725,Other,"Freight, Shipment, and Postal Services|"
133726,ISP,Internet Service Provider (ISP)|Computer and Information Technology|Not Validating RPKI ROV|
133727,Other,Computer and Information Technology|
133750,Other,"Manufacturing|Finance and Insurance|Banks, Credit Card Companies, Mortgage Providers|Machinery"
133768,Other,"Retail Stores, Wholesale, and E-commerce Sites|Machinery|Manufacturing|Service"
2697,Academic/Edu,"Not Validating RPKI ROV|Community Groups and Nonprofits|Education Software|Human Rights and Social Advocacy (Human Rights, Environment and Wildlife Conservation, Other)"
199347,Eyeball,"Eyeball|Personal ASN|Online Informational Content|Media, Publishing, and Broadcasting"
133856,ISP,Internet Service Provider (ISP)|Phone Provider|Computer and Information Technology|Service
133860,Other,Computer and Information Technology|Finance and Insurance|
133872,Enterprise,"Finance and Insurance|Law, Business, and Consulting Services|Investment, Portfolio Management, Pensions and Funds|Accountants, Tax Preparers, Payroll Services"
133883,ISP,Computer and Information Technology|Internet Service Provider (ISP)|
133917,ISP,"Technology Consulting Services|Law, Business, and Consulting Services|Service|Media, Publishing, and Broadcasting"
133951,Content/CDN,Service|Computer and Information Technology|Software Development|Hosting and Cloud Provider
133961,Other,"Retail Stores, Wholesale, and E-commerce Sites|"
133962,ISP,Computer and Information Technology|Internet Service Provider (ISP)|
133963,ISP,Computer and Information Technology|Internet Service Provider (ISP)|Hosting and Cloud Provider|Technology Consulting Services
133964,Enterprise,"Law, Business, and Consulting Services|Service|Not Validating RPKI ROV|"
133965,ISP,Computer and Information Technology|Internet Service Provider (ISP)|Not Validating RPKI ROV|
133966,Other,"Buildings, Repair, Maintenance (Pest Control, Landscaping, Cleaning, Locksmiths, Car Washes, etc)|Service|"
133967,ISP,Computer and Information Technology|Internet Service Provider (ISP)|Not Validating RPKI ROV|
133968,ISP,Eyeball|Computer and Information Technology|Internet Service Provider (ISP)|Not Validating RPKI ROV
133969,ISP,"Computer and Information Technology|Manufacturing|Media, Publishing, and Broadcasting|Internet Service Provider (ISP)"
133970,Other,Computer and Information Technology|Not Validating RPKI ROV|
133971,ISP,Eyeball|Internet Service Provider (ISP)|Computer and Information Technology|Not Validating RPKI ROV
133972,ISP,Computer and Information Technology|Internet Service Provider (ISP)|
133973,ISP,Computer and Information Technology|Internet Service Provider (ISP)|Eyeball|
133974,ISP,"Media, Publishing, and Broadcasting|Internet Service Provider (ISP)|Phone Provider|Service"
133975,Other,Chemical and Pharmaceutical Manufacturing|Manufacturing|
35672,ISP,Computer and Information Technology|Internet Service Provider (ISP)|
133976,Other,Computer and Information Technology|Not Validating RPKI ROV|
133977,ISP,Computer and Information Technology|Internet Service Provider (ISP)|Not Validating RPKI ROV|Eyeball
133978,Other,Software Development|Computer and Information Technology|
133979,Other,"Retail Stores, Wholesale, and E-commerce Sites|"
133980,ISP,Computer and Information Technology|Internet Service Provider (ISP)|Not Validating RPKI ROV|
133981,ISP,Internet Service Provider (ISP)|Hosting and Cloud Provider|Computer and Information Technology|
133982,ISP,Eyeball|Computer and Information Technology|Internet Service Provider (ISP)|Not Validating RPKI ROV
133983,Eyeball,Computer and Information Technology|Hosting and Cloud Provider|Not Validating RPKI ROV|Eyeball
133984,Other,"Investment, Portfolio Management, Pensions and Funds|Agriculture, Mining, and Refineries (Farming, Greenhouses, Mining, Forestry, and Animal Farming)|Finance and Insurance|"
133985,Other,Chemical and Pharmaceutical Manufacturing|Electronics and Computer Components|Machinery|Manufacturing
133986,Other,"Radio and Television Providers|Media, Publishing, and Broadcasting|Not Validating RPKI ROV|"
133987,Enterprise,"Computer and Information Technology|Law, Business, and Consulting Services|Service|Media, Publishing, and Broadcasting"
133988,Other,Computer and Information Technology|Not Validating RPKI ROV|
133989,ISP,Not Validating RPKI ROV|Computer and Information Technology|Internet Service Provider (ISP)|
133990,Academic/Edu,Education and Research|Elementary and Secondary Schools|
133991,Other,Computer and Information Technology|
133992,Other,Software Development|Computer and Information Technology|
133993,Other,Not Validating RPKI ROV|Computer and Information Technology|
133994,ISP,Internet Service Provider (ISP)|Computer and Information Technology|Not Validating RPKI ROV|
133995,Other,"Investment, Portfolio Management, Pensions and Funds|Finance and Insurance|"
133997,ISP,Internet Service Provider (ISP)|Computer and Information Technology|Not Validating RPKI ROV|
133996,ISP,Computer and Information Technology|Internet Service Provider (ISP)|Not Validating RPKI ROV|
133999,Other,Manufacturing|
134000,ISP,Computer and Information Technology|Internet Service Provider (ISP)|Not Validating RPKI ROV|Eyeball
133998,Other,Computer and Information Technology|
134001,ISP,"Internet Service Provider (ISP)|Buildings (Residential or Commercial)|Buildings, Repair, Maintenance (Pest Control, Landscaping, Cleaning, Locksmiths, Car Washes, etc)|Computer and Information Technology"
134002,ISP,"Computer and Information Technology|Media, Publishing, and Broadcasting|Online Informational Content|Internet Service Provider (ISP)"
134003,Academic/Edu,Education and Research|Research and Development Organizations|Service|
134005,Other,Computer and Information Technology|Not Validating RPKI ROV|
134006,ISP,Eyeball|Computer and Information Technology|Internet Service Provider (ISP)|Not Validating RPKI ROV
134004,ISP,Not Validating RPKI ROV|Internet Service Provider (ISP)|Computer and Information Technology|
134007,ISP,Computer and Information Technology|Internet Service Provider (ISP)|
134009,ISP,Eyeball|Internet Service Provider (ISP)|Computer and Information Technology|Not Validating RPKI ROV
134010,Other,"Retail Stores, Wholesale, and E-commerce Sites|"
134008,ISP,Computer and Information Technology|Internet Service Provider (ISP)|
134011,Other,Other|
134012,ISP,Eyeball|Computer and Information Technology|Internet Service Provider (ISP)|Not Validating RPKI ROV
134013,Content/CDN,Hosting and Cloud Provider|Computer and Information Technology|Not Validating RPKI ROV|
134015,ISP,Internet Service Provider (ISP)|Computer and Information Technology|Hosting and Cloud Provider|
134016,Eyeball,Eyeball|Not Validating RPKI ROV|Computer and Information Technology|Hosting and Cloud Provider
134017,ISP,Internet Service Provider (ISP)|Computer and Information Technology|
134018,Content/CDN,Hosting and Cloud Provider|Computer and Information Technology|Not Validating RPKI ROV|
134014,ISP,Eyeball|Internet Service Provider (ISP)|Computer and Information Technology|Not Validating RPKI ROV
134020,ISP,Internet Service Provider (ISP)|Computer and Information Technology|Validating RPKI ROV|
134019,ISP,Not Validating RPKI ROV|Internet Service Provider (ISP)|Computer and Information Technology|
134021,ISP,Not Validating RPKI ROV|Internet Service Provider (ISP)|Computer and Information Technology|
134022,ISP,Eyeball|Computer and Information Technology|Internet Service Provider (ISP)|Not Validating RPKI ROV
134024,ISP,"Online Informational Content|Internet Service Provider (ISP)|Computer and Information Technology|Museums, Libraries, and Entertainment"
134023,Academic/Edu,"Colleges, Universities, and Professional Schools|Education and Research|Not Validating RPKI ROV|"
134026,ISP,Eyeball|Internet Service Provider (ISP)|Computer and Information Technology|Not Validating RPKI ROV
134025,Other,"Retail Stores, Wholesale, and E-commerce Sites|Not Validating RPKI ROV|"
134027,ISP,"Computer and Information Technology|Freight, Shipment, and Postal Services|Internet Service Provider (ISP)|Validating RPKI ROV"
134028,ISP,Computer and Information Technology|Internet Service Provider (ISP)|Not Validating RPKI ROV|Eyeball
134029,Government,"Government and Public Administration|Government and Regulatory Agencies, Administrations, Departments, and Services|Tranco 10k Host|"
134031,Other,"Media, Publishing, and Broadcasting|Radio and Television Providers|"
134032,ISP,Eyeball|Internet Service Provider (ISP)|Computer and Information Technology|Not Validating RPKI ROV
134033,ISP,Eyeball|Computer and Information Technology|Internet Service Provider (ISP)|Not Validating RPKI ROV
134030,Content/CDN,Computer and Information Technology|Hosting and Cloud Provider|Not Validating RPKI ROV|
134034,ISP,Computer and Information Technology|Internet Service Provider (ISP)|
134035,ISP,Software Development|Internet Service Provider (ISP)|Computer and Information Technology|Hosting and Cloud Provider
134036,Enterprise,"Service|Law, Business, and Consulting Services|"
134038,Other,Other|
134039,ISP,Computer and Information Technology|Internet Service Provider (ISP)|Phone Provider|
134040,ISP,Not Validating RPKI ROV|Internet Service Provider (ISP)|Computer and Information Technology|
134041,ISP,Eyeball|Computer and Information Technology|Internet Service Provider (ISP)|Not Validating RPKI ROV
134042,ISP,Internet Service Provider (ISP)|Computer and Information Technology|Not Validating RPKI ROV|
134043,ISP,Computer and Information Technology|Internet Service Provider (ISP)|Not Validating RPKI ROV|
134044,ISP,Computer and Information Technology|Internet Service Provider (ISP)|
134045,ISP,Computer and Information Technology|Internet Service Provider (ISP)|Not Validating RPKI ROV|
134046,Other,Computer and Information Technology|Software Development|Not Validating RPKI ROV|
134047,Enterprise,"Service|Law, Business, and Consulting Services|Not Validating RPKI ROV|"
134048,Other,Computer and Information Technology|
134049,Other,Computer and Information Technology|
134050,Other,Computer and Information Technology|
134051,Other,"Retail Stores, Wholesale, and E-commerce Sites|"
134052,ISP,"Law, Business, and Consulting Services|Internet Service Provider (ISP)|Service|Computer and Information Technology"
134053,ISP,Eyeball|Internet Service Provider (ISP)|Computer and Information Technology|Not Validating RPKI ROV
134054,ISP,Not Validating RPKI ROV|Computer and Information Technology|Internet Service Provider (ISP)|
134055,ISP,Eyeball|Computer and Information Technology|Internet Service Provider (ISP)|Not Validating RPKI ROV
134056,ISP,Internet Service Provider (ISP)|Computer and Information Technology|Eyeball|
134057,ISP,"Recreation, Sports, and Performing Arts|Museums, Libraries, and Entertainment|Internet Service Provider (ISP)|Computer and Information Technology"
134058,ISP,Not Validating RPKI ROV|Internet Service Provider (ISP)|Computer and Information Technology|Eyeball
134059,ISP,Internet Service Provider (ISP)|Computer and Information Technology|
134060,Content/CDN,Hosting and Cloud Provider|Computer and Network Security|Software Development|Computer and Information Technology
134071,Other,Service|
134109,ISP,Software Development|Internet Service Provider (ISP)|Computer and Information Technology|
199693,Other,Personal ASN|
134173,Enterprise,"Service|Software Development|Computer and Information Technology|Law, Business, and Consulting Services"
134177,ISP,Not Validating RPKI ROV|Internet Service Provider (ISP)|Computer and Information Technology|
134212,ISP,Hosting and Cloud Provider|Software Development|Computer and Information Technology|Internet Service Provider (ISP)
134225,Academic/Edu,"Service|Manufacturing|Law, Business, and Consulting Services|Automotive and Transportation"
134230,Enterprise,"Software Development|Service|Law, Business, and Consulting Services|Media, Publishing, and Broadcasting"
134235,ISP,"Software Development|Service|Computer and Information Technology|Law, Business, and Consulting Services"
134246,ISP,Software Development|Computer and Information Technology|Internet Service Provider (ISP)|Eyeball
134247,ISP,"Computer and Information Technology|Service|Internet Service Provider (ISP)|Law, Business, and Consulting Services"
134248,Other,Validating RPKI ROV|
134249,ISP,Internet Service Provider (ISP)|Computer and Information Technology|
134250,ISP,Internet Service Provider (ISP)|Computer and Information Technology|Not Validating RPKI ROV|
134251,Other,"Finance and Insurance|Investment, Portfolio Management, Pensions and Funds|"
134252,Other,Computer and Information Technology|
134253,Other,"Finance and Insurance|Software Development|Investment, Portfolio Management, Pensions and Funds|Computer and Information Technology"
134254,ISP,Eyeball|Computer and Information Technology|Internet Service Provider (ISP)|Not Validating RPKI ROV
134255,ISP,"Software Development|Computer and Information Technology|Retail Stores, Wholesale, and E-commerce Sites|Internet Service Provider (ISP)"
134256,ISP,Internet Service Provider (ISP)|Computer and Information Technology|
134257,ISP,Eyeball|Internet Service Provider (ISP)|Computer and Information Technology|Not Validating RPKI ROV
134258,ISP,Internet Service Provider (ISP)|Computer and Information Technology|Eyeball|Not Validating RPKI ROV
134259,ISP,Eyeball|Construction and Real Estate|Software Development|Computer and Information Technology
134260,Other,Not Validating RPKI ROV|Computer and Information Technology|
134261,Enterprise,"Service|Law, Business, and Consulting Services|Museums, Libraries, and Entertainment|"
134262,ISP,Not Validating RPKI ROV|Computer and Information Technology|Internet Service Provider (ISP)|
134263,Other,Other|
134264,Eyeball,"Eyeball|Law, Business, and Consulting Services|Service|"
134265,ISP,Internet Service Provider (ISP)|Computer and Information Technology|Not Validating RPKI ROV|
134266,Other,"Computer and Information Technology|Finance and Insurance|Investment, Portfolio Management, Pensions and Funds|"
134267,Other,"Retail Stores, Wholesale, and E-commerce Sites|"
134268,Unknown,
134269,ISP,Computer and Information Technology|Internet Service Provider (ISP)|
134270,Other,Computer and Information Technology|Not Validating RPKI ROV|
134271,Content/CDN,Computer and Information Technology|Hosting and Cloud Provider|Not Validating RPKI ROV|
134272,Other,Computer and Information Technology|
134273,Other,Real Estate (Residential and/or Commercial)|Construction and Real Estate|Not Validating RPKI ROV|
134274,ISP,Internet Service Provider (ISP)|Computer and Information Technology|Not Validating RPKI ROV|
134275,Other,"Computer and Information Technology|Retail Stores, Wholesale, and E-commerce Sites|"
134276,ISP,"Internet Service Provider (ISP)|Computer and Information Technology|Media, Publishing, and Broadcasting|Music and Video Industry"
134277,Other,"Not Validating RPKI ROV|Travel and Accommodation|Automotive and Transportation|Freight, Shipment, and Postal Services"
134278,ISP,Internet Service Provider (ISP)|Computer and Information Technology|Not Validating RPKI ROV|
134279,Other,"Retail Stores, Wholesale, and E-commerce Sites|"
134280,Other,Not Validating RPKI ROV|Computer and Information Technology|
134281,ISP,Internet Service Provider (ISP)|Hosting and Cloud Provider|Computer and Information Technology|
134282,Other,Computer and Information Technology|
134283,Other,Not Validating RPKI ROV|Computer and Information Technology|
134284,Enterprise,"Law, Business, and Consulting Services|Service|"
134285,Other,"Finance and Insurance|Banks, Credit Card Companies, Mortgage Providers|"
134286,ISP,Server Hosting|Software Development|Internet Service Provider (ISP)|Computer and Information Technology
134287,ISP,Internet Service Provider (ISP)|Computer and Information Technology|
134288,Other,Computer and Information Technology|
134289,ISP,"Phone Provider|Computer and Information Technology|Retail Stores, Wholesale, and E-commerce Sites|Internet Service Provider (ISP)"
134290,ISP,"Not Validating RPKI ROV|Hosting and Cloud Provider|Law, Business, and Consulting Services|Service"
134291,Content/CDN,"Computer and Information Technology|Retail Stores, Wholesale, and E-commerce Sites|Hosting and Cloud Provider|"
134292,Content/CDN,Computer and Information Technology|Hosting and Cloud Provider|
134293,ISP,Eyeball|Computer and Information Technology|Internet Service Provider (ISP)|Not Validating RPKI ROV
134294,ISP,Eyeball|Internet Service Provider (ISP)|Computer and Information Technology|
134295,ISP,Computer and Information Technology|Software Development|Internet Service Provider (ISP)|Not Validating RPKI ROV
134296,ISP,"Banks, Credit Card Companies, Mortgage Providers|Insurance Carriers and Agencies|Finance and Insurance|Health Care Services"
134297,Other,"Freight, Shipment, and Postal Services|Postal Services and Couriers|"
134298,ISP,"Internet Service Provider (ISP)|Computer and Information Technology|Retail Stores, Wholesale, and E-commerce Sites|Not Validating RPKI ROV"
134299,Enterprise,"Service|Law, Business, and Consulting Services|"
134300,Other,Travel and Accommodation|Food Services and Drinking Places|Not Validating RPKI ROV|
134301,ISP,Internet Service Provider (ISP)|Computer and Information Technology|Hosting and Cloud Provider|Not Validating RPKI ROV
134302,ISP,Not Validating RPKI ROV|Computer and Information Technology|Internet Service Provider (ISP)|
134303,ISP,Computer and Information Technology|Computer and Network Security|Software Development|Internet Service Provider (ISP)
134304,Other,Computer and Information Technology|Not Validating RPKI ROV|
134305,ISP,Not Validating RPKI ROV|Computer and Information Technology|Internet Service Provider (ISP)|
134306,ISP,"Not Validating RPKI ROV|Investment, Portfolio Management, Pensions and Funds|Service|Internet Service Provider (ISP)"
134307,ISP,Eyeball|Computer and Information Technology|Internet Service Provider (ISP)|Not Validating RPKI ROV
134308,ISP,Not Validating RPKI ROV|Computer and Information Technology|Internet Service Provider (ISP)|
134309,Other,Computer and Information Technology|
134310,Other,Software Development|Computer and Information Technology|Community Groups and Nonprofits|Finance and Insurance
134311,Other,Computer and Information Technology|Not Validating RPKI ROV|
134312,ISP,Eyeball|Computer and Information Technology|Internet Service Provider (ISP)|Not Validating RPKI ROV
134313,Content/CDN,Computer and Information Technology|Hosting and Cloud Provider|Not Validating RPKI ROV|
134314,Other,Computer and Information Technology|
134315,Other,Computer and Information Technology|Not Validating RPKI ROV|
134316,ISP,Eyeball|Internet Service Provider (ISP)|Computer and Information Technology|Not Validating RPKI ROV
134317,ISP,Internet Service Provider (ISP)|Computer and Information Technology|
134318,ISP,Internet Service Provider (ISP)|Hosting and Cloud Provider|Computer and Information Technology|
134319,ISP,Not Validating RPKI ROV|Internet Service Provider (ISP)|Computer and Information Technology|
134320,Other,Computer and Information Technology|
134321,ISP,"Finance and Insurance|Software Development|Internet Service Provider (ISP)|Investment, Portfolio Management, Pensions and Funds"
134322,ISP,Internet Service Provider (ISP)|Computer and Information Technology|Not Validating RPKI ROV|
134323,ISP,Computer and Information Technology|Internet Service Provider (ISP)|
134324,ISP,"Internet Service Provider (ISP)|Service|Law, Business, and Consulting Services|Computer and Information Technology"
134325,ISP,Not Validating RPKI ROV|Internet Service Provider (ISP)|Computer and Information Technology|
134326,ISP,Not Validating RPKI ROV|Computer and Information Technology|Internet Service Provider (ISP)|
134327,Other,Computer and Information Technology|
134328,Enterprise,"Utilities (Excluding Internet Service)|Law, Business, and Consulting Services|Computer and Information Technology|Service"
134329,Content/CDN,Not Validating RPKI ROV|Computer and Information Technology|Hosting and Cloud Provider|
134330,Content/CDN,Computer and Information Technology|Hosting and Cloud Provider|
134331,ISP,Not Validating RPKI ROV|Hosting and Cloud Provider|Internet Service Provider (ISP)|Computer and Information Technology
134332,ISP,"Internet Service Provider (ISP)|Law, Business, and Consulting Services|Service|Retail Stores, Wholesale, and E-commerce Sites"
134333,Content/CDN,Computer and Information Technology|Hosting and Cloud Provider|Not Validating RPKI ROV|
134334,Enterprise,"Retail Stores, Wholesale, and E-commerce Sites|Law, Business, and Consulting Services|Service|"
134335,Eyeball,Eyeball|Not Validating RPKI ROV|Other|
134336,Other,Other|
134337,ISP,Not Validating RPKI ROV|Computer and Information Technology|Internet Service Provider (ISP)|
134338,ISP,Internet Service Provider (ISP)|Computer and Information Technology|
134339,ISP,"Internet Service Provider (ISP)|Computer and Information Technology|Law, Business, and Consulting Services|Service"
134340,ISP,Internet Service Provider (ISP)|Computer and Information Technology|Not Validating RPKI ROV|
134341,ISP,Eyeball|Computer and Information Technology|Internet Service Provider (ISP)|Not Validating RPKI ROV
134342,Enterprise,"Service|Law, Business, and Consulting Services|Validating RPKI ROV|"
134343,Eyeball,Computer and Information Technology|Hosting and Cloud Provider|Not Validating RPKI ROV|Eyeball
134344,Other,"Clothing, Fashion, Luggage|Retail Stores, Wholesale, and E-commerce Sites|Not Validating RPKI ROV|"
134345,ISP,Not Validating RPKI ROV|Computer and Information Technology|Internet Service Provider (ISP)|
134352,ISP,"Retail Stores, Wholesale, and E-commerce Sites|Computer and Information Technology|Internet Service Provider (ISP)|"
134375,ISP,Eyeball|Internet Service Provider (ISP)|Computer and Information Technology|Not Validating RPKI ROV
134411,ISP,Software Development|Computer and Information Technology|Internet Service Provider (ISP)|
134426,Eyeball,Technology Consulting Services|Software Development|Computer and Information Technology|Search
134430,ISP,Computer and Information Technology|Service|Internet Service Provider (ISP)|Construction and Real Estate
134450,ISP,Internet Service Provider (ISP)|Computer and Information Technology|
134452,Other,"Electronics and Computer Components|Computer and Information Technology|Manufacturing|Retail Stores, Wholesale, and E-commerce Sites"
134465,ISP,Internet Service Provider (ISP)|Hosting and Cloud Provider|Computer and Information Technology|
134470,ISP,Internet Service Provider (ISP)|Computer and Information Technology|Software Development|
134475,ISP,"Software Development|Hosting and Cloud Provider|Law, Business, and Consulting Services|Service"
134512,ISP,Eyeball|Computer and Information Technology|Internet Service Provider (ISP)|Not Validating RPKI ROV
134513,ISP,"Phone Provider|Government and Public Administration|Retail Stores, Wholesale, and E-commerce Sites|Internet Service Provider (ISP)"
134540,ISP,Eyeball|Computer and Information Technology|Internet Service Provider (ISP)|Not Validating RPKI ROV
134556,ISP,Computer and Information Technology|Electronics and Computer Components|Internet Service Provider (ISP)|Manufacturing
200122,ISP,"Construction and Real Estate|Civil Engineering Construction (Utility Lines, Roads and Bridges)|Service|Computer and Information Technology"
134606,ISP,Internet Service Provider (ISP)|Computer and Information Technology|
200169,ISP,"Online Informational Content|Computer and Information Technology|Internet Service Provider (ISP)|Media, Publishing, and Broadcasting"
134674,ISP,Eyeball|Internet Service Provider (ISP)|Computer and Information Technology|Not Validating RPKI ROV
200234,ISP,Computer and Information Technology|Internet Service Provider (ISP)|Personal ASN|
134701,Enterprise,"Computer and Information Technology|Service|Law, Business, and Consulting Services|"
134793,ISP,"Service|Law, Business, and Consulting Services|Software Development|Internet Service Provider (ISP)"
134796,ISP,"Law, Business, and Consulting Services|Software Development|Service|Computer and Information Technology"
134799,Other,"Investment, Portfolio Management, Pensions and Funds|Computer and Information Technology|Finance and Insurance|Freight, Shipment, and Postal Services"
134803,ISP,"Not Validating RPKI ROV|Finance and Insurance|Banks, Credit Card Companies, Mortgage Providers|Computer and Information Technology"
134814,ISP,Computer and Information Technology|Internet Service Provider (ISP)|Finance and Insurance|Software Development
134819,Academic/Edu,Research and Development Organizations|Education and Research|Not Validating RPKI ROV|
134822,Academic/Edu,Research and Development Organizations|Education and Research|
134834,ISP,Computer and Information Technology|Software Development|Internet Service Provider (ISP)|
134838,ISP,"Other Government and Regulatory Agencies, Administrations, Departments, and Services|Software Development|Government and Public Administration|Computer and Information Technology"
134848,ISP,Computer and Information Technology|Internet Service Provider (ISP)|Eyeball|
134849,Other,"Chemical and Pharmaceutical Manufacturing|Manufacturing|Agriculture, Mining, and Refineries (Farming, Greenhouses, Mining, Forestry, and Animal Farming)|"
134850,ISP,Not Validating RPKI ROV|Internet Service Provider (ISP)|Computer and Information Technology|
134851,Other,Computer and Information Technology|
134852,Content/CDN,Computer and Information Technology|Hosting and Cloud Provider|
134853,ISP,Computer and Information Technology|Internet Service Provider (ISP)|Validating RPKI ROV|
134854,Enterprise,Computer and Information Technology|Technology Consulting Services|Software Development|Service
134855,ISP,Internet Service Provider (ISP)|Computer and Information Technology|Not Validating RPKI ROV|
134856,Other,Computer and Information Technology|
134857,Other,Computer and Information Technology|
134858,ISP,Eyeball|Computer and Information Technology|Internet Service Provider (ISP)|Not Validating RPKI ROV
134859,Enterprise,"Law, Business, and Consulting Services|Service|Not Validating RPKI ROV|"
134860,Other,Validating RPKI ROV|
134861,ISP,Not Validating RPKI ROV|Computer and Information Technology|Internet Service Provider (ISP)|
134862,Other,Not Validating RPKI ROV|Computer and Information Technology|
134863,ISP,Eyeball|Computer and Information Technology|Internet Service Provider (ISP)|Not Validating RPKI ROV
134864,Other,Buildings (Residential or Commercial)|Construction and Real Estate|
134865,ISP,Computer and Information Technology|Internet Service Provider (ISP)|
134866,ISP,Eyeball|Internet Service Provider (ISP)|Computer and Information Technology|Not Validating RPKI ROV
134867,Enterprise,"Service|Law, Business, and Consulting Services|"
134868,ISP,Business Broadband|Computer and Information Technology|Internet Service Provider (ISP)|Not Validating RPKI ROV
134869,ISP,Not Validating RPKI ROV|Internet Service Provider (ISP)|Computer and Information Technology|
134870,Other,Real Estate (Residential and/or Commercial)|Construction and Real Estate|Not Validating RPKI ROV|
134871,ISP,Not Validating RPKI ROV|Internet Service Provider (ISP)|Computer and Information Technology|Hosting and Cloud Provider
134872,ISP,"Radio and Television Providers|Internet Service Provider (ISP)|Media, Publishing, and Broadcasting|Computer and Information Technology"
134873,ISP,Computer and Information Technology|Internet Service Provider (ISP)|Software Development|Not Validating RPKI ROV
134874,ISP,Eyeball|Not Validating RPKI ROV|Computer and Information Technology|Internet Service Provider (ISP)
134875,ISP,Computer and Information Technology|Internet Service Provider (ISP)|
134876,Other,"Radio and Television Providers|Media, Publishing, and Broadcasting|"
134877,ISP,Eyeball|Computer and Information Technology|Internet Service Provider (ISP)|Not Validating RPKI ROV
134878,ISP,Computer and Information Technology|Internet Service Provider (ISP)|Not Validating RPKI ROV|
134879,Other,Computer and Information Technology|
134880,ISP,Computer and Information Technology|Internet Service Provider (ISP)|Not Validating RPKI ROV|
134881,ISP,Computer and Information Technology|Internet Service Provider (ISP)|
134882,Other,"Retail Stores, Wholesale, and E-commerce Sites|"
134883,ISP,Not Validating RPKI ROV|Internet Service Provider (ISP)|Computer and Information Technology|
134884,ISP,Not Validating RPKI ROV|Internet Service Provider (ISP)|Computer and Information Technology|
134885,ISP,Not Validating RPKI ROV|Internet Service Provider (ISP)|Computer and Information Technology|
134886,ISP,Not Validating RPKI ROV|Internet Service Provider (ISP)|Computer and Information Technology|
134887,ISP,Internet Service Provider (ISP)|Computer and Information Technology|
134888,Other,Computer and Information Technology|Not Validating RPKI ROV|
134889,Other,Computer and Information Technology|
134890,Other,Computer and Information Technology|
134891,ISP,Software Development|Computer and Information Technology|Internet Service Provider (ISP)|Manufacturing
134892,ISP,Internet Service Provider (ISP)|Computer and Information Technology|Not Validating RPKI ROV|Eyeball
134893,ISP,Computer and Information Technology|Software Development|Internet Service Provider (ISP)|
134894,Other,Software Development|Computer and Information Technology|
134895,ISP,Computer and Information Technology|Internet Service Provider (ISP)|
134896,Other,"Food, Grocery, Beverages|Retail Stores, Wholesale, and E-commerce Sites|Not Validating RPKI ROV|"
134897,ISP,Finance and Insurance|Software Development|Internet Service Provider (ISP)|Computer and Information Technology
134898,ISP,Computer and Information Technology|Internet Service Provider (ISP)|
134899,ISP,Computer and Information Technology|Internet Service Provider (ISP)|
134900,Other,"Service|Computer and Information Technology|Other|Retail Stores, Wholesale, and E-commerce Sites"
134901,Academic/Edu,"Research and Development Organizations|Colleges, Universities, and Professional Schools|Education and Research|Not Validating RPKI ROV"
134902,ISP,Internet Service Provider (ISP)|Computer and Information Technology|
134903,ISP,Internet Service Provider (ISP)|Computer and Information Technology|Validating RPKI ROV|Eyeball
134904,Other,"Computer and Information Technology|Finance and Insurance|Service|Investment, Portfolio Management, Pensions and Funds"
134905,ISP,Not Validating RPKI ROV|Internet Service Provider (ISP)|Computer and Information Technology|
134906,ISP,Internet Service Provider (ISP)|Computer and Information Technology|Not Validating RPKI ROV|
134907,ISP,Eyeball|Internet Service Provider (ISP)|Computer and Information Technology|Not Validating RPKI ROV
134908,Other,"Media, Publishing, and Broadcasting|Radio and Television Providers|Not Validating RPKI ROV|"
134909,Other,"Finance and Insurance|Computer and Information Technology|Banks, Credit Card Companies, Mortgage Providers|"
134910,Other,Manufacturing|Computer and Information Technology|Electronics and Computer Components|
134911,Eyeball,"Eyeball|Radio and Television Providers|Media, Publishing, and Broadcasting|Music and Video Industry"
134912,Enterprise,"Service|Manufacturing|Retail Stores, Wholesale, and E-commerce Sites|Buildings, Repair, Maintenance (Pest Control, Landscaping, Cleaning, Locksmiths, Car Washes, etc)"
134913,ISP,Eyeball|Computer and Information Technology|Internet Service Provider (ISP)|Not Validating RPKI ROV
134914,Other,"Retail Stores, Wholesale, and E-commerce Sites|Travel and Accommodation|Service|Personal Care and Lifestyle (Barber Shops, Nail Salons, Diet Centers, Laundry, etc)"
134915,ISP,Computer and Information Technology|Internet Service Provider (ISP)|
134916,ISP,Not Validating RPKI ROV|Computer and Information Technology|Internet Service Provider (ISP)|
134917,ISP,Internet Service Provider (ISP)|Computer and Information Technology|Not Validating RPKI ROV|
134918,Other,Not Validating RPKI ROV|Computer and Information Technology|
134919,Other,Manufacturing|Machinery|
134920,Enterprise,"Law, Business, and Consulting Services|Service|"
134921,Enterprise,"Law, Business, and Consulting Services|Service|"
134922,ISP,Not Validating RPKI ROV|Computer and Information Technology|Internet Service Provider (ISP)|
134923,Content/CDN,Software Development|Computer and Information Technology|Service|Hosting and Cloud Provider
134924,ISP,Computer and Information Technology|Internet Service Provider (ISP)|Not Validating RPKI ROV|
134925,ISP,Software Development|Internet Service Provider (ISP)|Computer and Information Technology|Hosting and Cloud Provider
134926,ISP,Hosting and Cloud Provider|Internet Service Provider (ISP)|Computer and Information Technology|
134927,ISP,Internet Service Provider (ISP)|Computer and Information Technology|
134928,ISP,Not Validating RPKI ROV|Internet Service Provider (ISP)|Computer and Information Technology|
134929,ISP,Computer and Information Technology|Internet Service Provider (ISP)|
134930,ISP,Computer and Information Technology|Internet Service Provider (ISP)|Not Validating RPKI ROV|
134931,ISP,Internet Service Provider (ISP)|Computer and Information Technology|
134932,ISP,Computer and Information Technology|Internet Service Provider (ISP)|
134933,ISP,Computer and Information Technology|Internet Service Provider (ISP)|Not Validating RPKI ROV|
134934,Academic/Edu,Not Validating RPKI ROV|Community Groups and Nonprofits|Manufacturing|Research and Development Organizations
134935,Other,Computer and Information Technology|
134936,ISP,Not Validating RPKI ROV|Hosting and Cloud Provider|Internet Service Provider (ISP)|Computer and Information Technology
134937,ISP,Eyeball|Internet Service Provider (ISP)|Computer and Information Technology|Not Validating RPKI ROV
134938,Other,"Retail Stores, Wholesale, and E-commerce Sites|"
134939,ISP,Computer and Information Technology|Internet Service Provider (ISP)|
134940,Other,"Radio and Television Providers|Media, Publishing, and Broadcasting|"
134941,Other,"Radio and Television Providers|Media, Publishing, and Broadcasting|Computer and Information Technology|Not Validating RPKI ROV"
134942,ISP,Not Validating RPKI ROV|Internet Service Provider (ISP)|Computer and Information Technology|
134943,ISP,Internet Service Provider (ISP)|Computer and Information Technology|
134944,ISP,Eyeball|Internet Service Provider (ISP)|Computer and Information Technology|Not Validating RPKI ROV
134945,ISP,Eyeball|Internet Service Provider (ISP)|Computer and Information Technology|Not Validating RPKI ROV
134946,ISP,Not Validating RPKI ROV|Internet Service Provider (ISP)|Computer and Information Technology|
134947,ISP,Internet Service Provider (ISP)|Computer and Information Technology|
134964,Other,Software Development|Computer and Information Technology|
134975,Other,Software Development|Travel and Accommodation|Computer and Information Technology|
134986,Other,"Banks, Credit Card Companies, Mortgage Providers|Finance and Insurance|"
135031,ISP,Eyeball|Internet Service Provider (ISP)|Computer and Information Technology|Not Validating RPKI ROV
135035,Other,"Civil Engineering Construction (Utility Lines, Roads and Bridges)|Construction and Real Estate|"
135036,ISP,Not Validating RPKI ROV|Internet Service Provider (ISP)|Computer and Information Technology|
3969,Other,Computer and Information Technology|Software Development|
135082,ISP,Internet Service Provider (ISP)|Manufacturing|Computer and Information Technology|Chemical and Pharmaceutical Manufacturing
135086,ISP,"Insurance Carriers and Agencies|Investment, Portfolio Management, Pensions and Funds|Finance and Insurance|Banks, Credit Card Companies, Mortgage Providers"
135133,ISP,Not Validating RPKI ROV|Software Development|Internet Service Provider (ISP)|Computer and Information Technology
135136,ISP,"Software Development|Internet Service Provider (ISP)|Computer and Information Technology|Retail Stores, Wholesale, and E-commerce Sites"
135138,Other,"Retail Stores, Wholesale, and E-commerce Sites|"
135139,ISP,Not Validating RPKI ROV|Computer and Information Technology|Internet Service Provider (ISP)|
135170,Other,Computer and Information Technology|Not Validating RPKI ROV|
135171,ISP,Internet Service Provider (ISP)|Computer and Information Technology|Not Validating RPKI ROV|
135172,ISP,Internet Service Provider (ISP)|Computer and Information Technology|Not Validating RPKI ROV|
135173,Enterprise,"Law, Business, and Consulting Services|Service|"
135174,Other,"Retail Stores, Wholesale, and E-commerce Sites|"
135175,Other,"Not Validating RPKI ROV|Radio and Television Providers|Media, Publishing, and Broadcasting|"
135176,Other,Computer and Information Technology|
135177,ISP,Internet Service Provider (ISP)|Computer and Information Technology|Not Validating RPKI ROV|
135178,ISP,Internet Service Provider (ISP)|Computer and Information Technology|
135179,ISP,Health Care Services|Internet Service Provider (ISP)|Computer and Information Technology|Education and Research
135180,ISP,Not Validating RPKI ROV|Computer and Information Technology|Hosting and Cloud Provider|Internet Service Provider (ISP)
135181,Enterprise,"Service|Law, Business, and Consulting Services|"
135182,Content/CDN,Computer and Information Technology|Hosting and Cloud Provider|Validating RPKI ROV|
135183,ISP,Eyeball|Computer and Information Technology|Internet Service Provider (ISP)|Not Validating RPKI ROV
135184,ISP,Computer and Information Technology|Internet Service Provider (ISP)|
135185,Other,Software Development|Computer and Information Technology|Not Validating RPKI ROV|
135186,ISP,Computer and Information Technology|Internet Service Provider (ISP)|Not Validating RPKI ROV|Eyeball
135187,ISP,Computer and Information Technology|Hosting and Cloud Provider|Internet Service Provider (ISP)|Not Validating RPKI ROV
135188,Other,"Music and Video Industry|Media, Publishing, and Broadcasting|"
135189,Content/CDN,Not Validating RPKI ROV|Hosting and Cloud Provider|Computer and Information Technology|
135190,ISP,Software Development|Internet Service Provider (ISP)|Computer and Information Technology|Not Validating RPKI ROV
135191,ISP,Internet Service Provider (ISP)|Computer and Information Technology|Not Validating RPKI ROV|
135192,ISP,Internet Service Provider (ISP)|Computer and Information Technology|Not Validating RPKI ROV|
135193,ISP,Computer and Information Technology|Internet Service Provider (ISP)|
200730,ISP,Computer and Information Technology|Internet Service Provider (ISP)|Personal ASN|
135194,Other,Other|
135195,Other,Computer and Information Technology|
135196,Other,Computer and Information Technology|
135197,Other,"Finance and Insurance|Investment, Portfolio Management, Pensions and Funds|Agriculture, Mining, and Refineries (Farming, Greenhouses, Mining, Forestry, and Animal Farming)|Computer and Information Technology"
135198,Other,"Retail Stores, Wholesale, and E-commerce Sites|"
135199,ISP,Internet Service Provider (ISP)|Computer and Information Technology|
135200,Other,Computer and Information Technology|
135201,Content/CDN,Hosting and Cloud Provider|Computer and Information Technology|Not Validating RPKI ROV|
135202,ISP,Not Validating RPKI ROV|Internet Service Provider (ISP)|Computer and Information Technology|
135203,ISP,Not Validating RPKI ROV|Computer and Information Technology|Internet Service Provider (ISP)|
135204,ISP,Computer and Information Technology|Internet Service Provider (ISP)|Not Validating RPKI ROV|
135205,ISP,Software Development|Internet Service Provider (ISP)|Computer and Information Technology|
135206,ISP,Eyeball|Computer and Information Technology|Internet Service Provider (ISP)|
135207,ISP,Computer and Information Technology|Internet Service Provider (ISP)|
135208,ISP,Not Validating RPKI ROV|Computer and Information Technology|Internet Service Provider (ISP)|
135209,Other,Computer and Information Technology|Not Validating RPKI ROV|
135210,ISP,Internet Service Provider (ISP)|Computer and Information Technology|
135211,ISP,Internet Service Provider (ISP)|Computer and Information Technology|
135212,ISP,Not Validating RPKI ROV|Internet Service Provider (ISP)|Computer and Information Technology|
135213,Enterprise,"Law, Business, and Consulting Services|Service|"
135214,ISP,Eyeball|Computer and Information Technology|Internet Service Provider (ISP)|Not Validating RPKI ROV
135215,ISP,Internet Service Provider (ISP)|Computer and Information Technology|Not Validating RPKI ROV|
135216,Other,"Not Validating RPKI ROV|Retail Stores, Wholesale, and E-commerce Sites|"
135217,ISP,Internet Service Provider (ISP)|Computer and Information Technology|
135218,Other,"Radio and Television Providers|Media, Publishing, and Broadcasting|Not Validating RPKI ROV|"
135219,ISP,Not Validating RPKI ROV|Internet Service Provider (ISP)|Computer and Information Technology|
135220,ISP,Computer and Information Technology|Internet Service Provider (ISP)|
135221,Other,Computer and Information Technology|
135222,ISP,Computer and Information Technology|Software Development|Internet Service Provider (ISP)|
135223,ISP,Eyeball|Computer and Information Technology|Internet Service Provider (ISP)|Hosting and Cloud Provider
135224,Content/CDN,Computer and Information Technology|Hosting and Cloud Provider|Not Validating RPKI ROV|
135225,ISP,Not Validating RPKI ROV|Internet Service Provider (ISP)|Computer and Information Technology|
135226,ISP,Not Validating RPKI ROV|Internet Service Provider (ISP)|Computer and Information Technology|
135227,ISP,Computer and Information Technology|Internet Service Provider (ISP)|
135228,Content/CDN,Computer and Network Security|Software Development|Service|Hosting and Cloud Provider
135229,Other,Computer and Information Technology|Not Validating RPKI ROV|
135230,Other,Other|
135231,ISP,"Internet Service Provider (ISP)|Computer and Information Technology|Law, Business, and Consulting Services|Service"
135232,ISP,Eyeball|Internet Service Provider (ISP)|Computer and Information Technology|Not Validating RPKI ROV
135233,Other,Other|
135234,ISP,Eyeball|Computer and Information Technology|Internet Service Provider (ISP)|Not Validating RPKI ROV
135235,ISP,Internet Service Provider (ISP)|Computer and Information Technology|Not Validating RPKI ROV|
135236,ISP,Internet Service Provider (ISP)|Computer and Information Technology|
135237,ISP,Internet Service Provider (ISP)|Computer and Information Technology|
135238,Other,Computer and Information Technology|Software Development|
135239,ISP,Not Validating RPKI ROV|Computer and Information Technology|Internet Service Provider (ISP)|
135240,Content/CDN,"Computer and Information Technology|Retail Stores, Wholesale, and E-commerce Sites|Hosting and Cloud Provider|"
135241,ISP,Not Validating RPKI ROV|Computer and Information Technology|Internet Service Provider (ISP)|
135242,ISP,Software Development|Internet Service Provider (ISP)|Computer and Information Technology|
135243,Other,"Chemical and Pharmaceutical Manufacturing|Utilities (Excluding Internet Service)|Manufacturing|Electric Power Generation, Transmission, Distribution"
135244,ISP,Eyeball|Computer and Information Technology|Internet Service Provider (ISP)|Not Validating RPKI ROV
135245,Other,"Print Media (Newspapers, Magazines, Books)|Media, Publishing, and Broadcasting|"
135246,Other,Computer and Information Technology|
135247,ISP,Eyeball|Computer and Information Technology|Internet Service Provider (ISP)|Not Validating RPKI ROV
135248,ISP,Internet Service Provider (ISP)|Computer and Information Technology|
135249,ISP,Internet Service Provider (ISP)|Computer and Information Technology|Hosting and Cloud Provider|
135250,ISP,Computer and Information Technology|Internet Service Provider (ISP)|Not Validating RPKI ROV|
135251,Enterprise,"Service|Law, Business, and Consulting Services|Not Validating RPKI ROV|"
135252,Other,"Software Development|Computer and Information Technology|Retail Stores, Wholesale, and E-commerce Sites|"
135253,ISP,Not Validating RPKI ROV|Internet Service Provider (ISP)|Computer and Information Technology|
135254,Other,Software Development|Computer and Information Technology|
135255,Other,Computer and Information Technology|Not Validating RPKI ROV|
135256,ISP,Not Validating RPKI ROV|Internet Service Provider (ISP)|Computer and Information Technology|
135257,ISP,"Not Validating RPKI ROV|Internet Service Provider (ISP)|Investment, Portfolio Management, Pensions and Funds|Computer and Information Technology"
135258,ISP,Internet Service Provider (ISP)|Computer and Information Technology|Not Validating RPKI ROV|
135259,ISP,Not Validating RPKI ROV|Computer and Information Technology|Internet Service Provider (ISP)|
135260,ISP,Computer and Information Technology|Internet Service Provider (ISP)|
135261,ISP,Computer and Information Technology|Internet Service Provider (ISP)|Not Validating RPKI ROV|
135262,ISP,Internet Service Provider (ISP)|Computer and Information Technology|Not Validating RPKI ROV|
135263,Other,"Service|Media, Publishing, and Broadcasting|Software Development|Computer and Information Technology"
135264,Other,Computer and Information Technology|Not Validating RPKI ROV|
135265,Other,Service|
135266,ISP,Computer and Information Technology|Internet Service Provider (ISP)|
135267,ISP,Internet Service Provider (ISP)|Computer and Information Technology|Not Validating RPKI ROV|
135268,Other,Computer and Information Technology|
135269,ISP,Eyeball|Internet Service Provider (ISP)|Computer and Information Technology|Validating RPKI ROV
135272,ISP,"Internet Service Provider (ISP)|Computer and Information Technology|Retail Stores, Wholesale, and E-commerce Sites|"
135278,Other,"Museums, Libraries, and Entertainment|Radio and Television Providers|Media, Publishing, and Broadcasting|Online Music and Video Streaming Services"
135299,ISP,"Software Development|Internet Service Provider (ISP)|Banks, Credit Card Companies, Mortgage Providers|Insurance Carriers and Agencies"
135320,Other,Health Care Services|
135383,ISP,Internet Service Provider (ISP)|Computer and Information Technology|
135389,ISP,"Retail Stores, Wholesale, and E-commerce Sites|Media, Publishing, and Broadcasting|Computer and Information Technology|Internet Service Provider (ISP)"
135397,ISP,Software Development|Computer and Information Technology|Education and Research|Internet Service Provider (ISP)
135404,Other,"Churches and Religious Organizations|Music and Video Industry|Computer and Information Technology|Freight, Shipment, and Postal Services"
135422,ISP,Computer and Information Technology|Internet Service Provider (ISP)|Software Development|
135434,Other,"Retail Stores, Wholesale, and E-commerce Sites|"
135500,ISP,Software Development|Insurance Carriers and Agencies|Online Informational Content|Automotive and Transportation
135557,ISP,"Computer and Network Security|Internet Service Provider (ISP)|Computer and Information Technology|Retail Stores, Wholesale, and E-commerce Sites"
135569,ISP,"Service|Law, Business, and Consulting Services|Software Development|Computer and Information Technology"
135602,Content/CDN,"Computer and Information Technology|Retail Stores, Wholesale, and E-commerce Sites|Hosting and Cloud Provider|"
135608,Other,"Media, Publishing, and Broadcasting|Service|"
135619,Other,Real Estate (Residential and/or Commercial)|Construction and Real Estate|
135644,ISP,"Internet Service Provider (ISP)|Service|Computer and Information Technology|Law, Business, and Consulting Services"
135678,ISP,Internet Service Provider (ISP)|Computer and Information Technology|Not Validating RPKI ROV|
135679,ISP,Hosting and Cloud Provider|Internet Service Provider (ISP)|Computer and Information Technology|Not Validating RPKI ROV
135680,Other,Chemical and Pharmaceutical Manufacturing|Manufacturing|
135681,Other,"Banks, Credit Card Companies, Mortgage Providers|Investment, Portfolio Management, Pensions and Funds|Finance and Insurance|"
135682,ISP,Computer and Information Technology|Hosting and Cloud Provider|Internet Service Provider (ISP)|
135683,ISP,Computer and Information Technology|Internet Service Provider (ISP)|Validating RPKI ROV|
135684,ISP,Computer and Information Technology|Internet Service Provider (ISP)|
135685,Enterprise,"Service|Law, Business, and Consulting Services|Not Validating RPKI ROV|"
135686,ISP,"Not Validating RPKI ROV|Computer and Information Technology|Media, Publishing, and Broadcasting|Internet Service Provider (ISP)"
135687,Other,Health Care Services|
135688,ISP,Eyeball|Hosting and Cloud Provider|Electronics and Computer Components|Computer and Information Technology
135689,Other,Software Development|Computer and Information Technology|
135690,ISP,Not Validating RPKI ROV|Internet Service Provider (ISP)|Computer and Information Technology|
135691,ISP,Computer and Information Technology|Internet Service Provider (ISP)|Not Validating RPKI ROV|
135692,ISP,Eyeball|Computer and Information Technology|Internet Service Provider (ISP)|Not Validating RPKI ROV
135693,ISP,Computer and Information Technology|Internet Service Provider (ISP)|
135694,ISP,Internet Service Provider (ISP)|Computer and Information Technology|
135695,Other,"Media, Publishing, and Broadcasting|Print Media (Newspapers, Magazines, Books)|Museums, Libraries, and Entertainment|Service"
135696,Content/CDN,Hosting and Cloud Provider|Computer and Information Technology|
135697,ISP,Eyeball|Internet Service Provider (ISP)|Computer and Information Technology|Not Validating RPKI ROV
135698,Other,"Retail Stores, Wholesale, and E-commerce Sites|"
135699,ISP,Computer and Information Technology|Internet Service Provider (ISP)|
135700,ISP,Not Validating RPKI ROV|Hosting and Cloud Provider|Computer and Information Technology|Internet Service Provider (ISP)
135701,Content/CDN,Hosting and Cloud Provider|Computer and Information Technology|
135702,Other,Computer and Information Technology|Not Validating RPKI ROV|
135703,Other,Electronics and Computer Components|Manufacturing|Not Validating RPKI ROV|
135704,Content/CDN,"Computer and Information Technology|Service|Law, Business, and Consulting Services|Hosting and Cloud Provider"
135705,ISP,Not Validating RPKI ROV|Internet Service Provider (ISP)|Computer and Information Technology|
135706,ISP,Computer and Information Technology|Internet Service Provider (ISP)|Not Validating RPKI ROV|Eyeball
135707,Other,Computer and Information Technology|
135708,Other,Computer and Information Technology|
135709,Other,"Not Validating RPKI ROV|Radio and Television Providers|Media, Publishing, and Broadcasting|"
135710,Other,Computer and Information Technology|
135711,Other,Computer and Information Technology|
135712,Content/CDN,Computer and Information Technology|Hosting and Cloud Provider|Not Validating RPKI ROV|
135713,Other,"Radio and Television Providers|Media, Publishing, and Broadcasting|"
135714,ISP,Computer and Information Technology|Internet Service Provider (ISP)|
135715,Other,Other|Not Validating RPKI ROV|
135716,ISP,Not Validating RPKI ROV|Internet Service Provider (ISP)|Computer and Information Technology|
135717,ISP,Computer and Information Technology|Internet Service Provider (ISP)|
135718,ISP,Not Validating RPKI ROV|Internet Service Provider (ISP)|Computer and Information Technology|
135719,Other,Computer and Information Technology|
135720,Enterprise,"Law, Business, and Consulting Services|Service|"
135721,Other,Other|Not Validating RPKI ROV|
135722,ISP,Not Validating RPKI ROV|Computer and Information Technology|Internet Service Provider (ISP)|
135723,ISP,Internet Service Provider (ISP)|Computer and Information Technology|
135724,ISP,Not Validating RPKI ROV|Internet Service Provider (ISP)|Computer and Information Technology|
135725,ISP,Computer and Information Technology|Internet Service Provider (ISP)|Not Validating RPKI ROV|
135726,ISP,Not Validating RPKI ROV|Computer and Information Technology|Internet Service Provider (ISP)|
135727,ISP,Software Development|Internet Service Provider (ISP)|Computer and Information Technology|
135728,ISP,Computer and Information Technology|Internet Service Provider (ISP)|Not Validating RPKI ROV|
135729,ISP,Computer and Information Technology|Internet Service Provider (ISP)|Not Validating RPKI ROV|
135730,Academic/Edu,"Colleges, Universities, and Professional Schools|Education and Research|Education Software|"
135731,ISP,Internet Service Provider (ISP)|Computer and Information Technology|
135732,Other,"Finance and Insurance|Banks, Credit Card Companies, Mortgage Providers|"
135733,ISP,Not Validating RPKI ROV|Internet Service Provider (ISP)|Computer and Information Technology|
135734,Academic/Edu,"Colleges, Universities, and Professional Schools|Research and Development Organizations|Education and Research|Not Validating RPKI ROV"
135735,ISP,Not Validating RPKI ROV|Computer and Information Technology|Internet Service Provider (ISP)|
135736,ISP,Hosting and Cloud Provider|Internet Service Provider (ISP)|Computer and Information Technology|
135737,ISP,Computer and Information Technology|Internet Service Provider (ISP)|Not Validating RPKI ROV|
135738,ISP,Internet Service Provider (ISP)|Computer and Information Technology|
135739,ISP,Internet Service Provider (ISP)|Computer and Information Technology|Eyeball|
135740,Content/CDN,Hosting and Cloud Provider|Computer and Information Technology|Not Validating RPKI ROV|
135741,ISP,Internet Service Provider (ISP)|Computer and Information Technology|
135742,ISP,Internet Service Provider (ISP)|Computer and Information Technology|
135743,ISP,Internet Service Provider (ISP)|Computer and Information Technology|
135744,Eyeball,Eyeball|Computer and Information Technology|Hosting and Cloud Provider|Not Validating RPKI ROV
135745,Other,"Banks, Credit Card Companies, Mortgage Providers|Retail Stores, Wholesale, and E-commerce Sites|Construction and Real Estate|Finance and Insurance"
135746,ISP,Home ISP|Internet Service Provider (ISP)|Computer and Information Technology|Not Validating RPKI ROV
135747,ISP,Computer and Information Technology|Internet Service Provider (ISP)|
135748,ISP,Internet Service Provider (ISP)|Computer and Information Technology|
135749,Other,"Radio and Television Providers|Online Music and Video Streaming Services|Media, Publishing, and Broadcasting|"
135750,Enterprise,"Construction and Real Estate|Service|Civil Engineering Construction (Utility Lines, Roads and Bridges)|Law, Business, and Consulting Services"
135751,Enterprise,"Computer and Information Technology|Service|Law, Business, and Consulting Services|Software Development"
135752,Other,"Not Validating RPKI ROV|Service|Software Development|Media, Publishing, and Broadcasting"
135753,ISP,Computer and Information Technology|Internet Service Provider (ISP)|Not Validating RPKI ROV|
135754,ISP,Computer and Information Technology|Internet Service Provider (ISP)|
135755,ISP,Computer and Information Technology|Internet Service Provider (ISP)|Not Validating RPKI ROV|
135756,ISP,Not Validating RPKI ROV|Computer and Information Technology|Internet Service Provider (ISP)|Eyeball
135757,Other,"Construction and Real Estate|Manufacturing|Civil Engineering Construction (Utility Lines, Roads and Bridges)|Machinery"
135758,ISP,Eyeball|Computer and Information Technology|Internet Service Provider (ISP)|
135759,ISP,Computer and Information Technology|Internet Service Provider (ISP)|
135760,ISP,Eyeball|Internet Service Provider (ISP)|Computer and Information Technology|Not Validating RPKI ROV
135761,ISP,Eyeball|Computer and Information Technology|Internet Service Provider (ISP)|Not Validating RPKI ROV
135762,ISP,Not Validating RPKI ROV|Computer and Information Technology|Internet Service Provider (ISP)|
135763,ISP,Computer and Information Technology|Eyeball|Not Validating RPKI ROV|Internet Service Provider (ISP)
135764,Other,"Manufacturing|Food, Beverage, and Tobacco|Agriculture, Mining, and Refineries (Farming, Greenhouses, Mining, Forestry, and Animal Farming)|"
135765,Other,Computer and Information Technology|
135766,ISP,Not Validating RPKI ROV|Internet Service Provider (ISP)|Computer and Information Technology|
135767,Other,Electronics and Computer Components|Machinery|Manufacturing|
135768,Other,"Media, Publishing, and Broadcasting|Radio and Television Providers|Not Validating RPKI ROV|"
135769,Academic/Edu,Research and Development Organizations|Education and Research|
135770,Other,Manufacturing|
135771,ISP,Internet Service Provider (ISP)|Computer and Information Technology|
135772,ISP,Eyeball|Internet Service Provider (ISP)|Computer and Information Technology|Not Validating RPKI ROV
135773,Other,Not Validating RPKI ROV|Community Groups and Nonprofits|
135774,ISP,Internet Service Provider (ISP)|Computer and Information Technology|Validating RPKI ROV|
135775,ISP,Eyeball|Computer and Information Technology|Internet Service Provider (ISP)|
135776,ISP,Internet Service Provider (ISP)|Computer and Information Technology|
135777,ISP,VPN Host|Internet Service Provider (ISP)|Computer and Information Technology|Not Validating RPKI ROV
135778,ISP,Hosting and Cloud Provider|Computer and Information Technology|Internet Service Provider (ISP)|Not Validating RPKI ROV
135779,Content/CDN,Hosting and Cloud Provider|Computer and Information Technology|
135780,ISP,Not Validating RPKI ROV|Computer and Information Technology|Internet Service Provider (ISP)|
135781,ISP,Not Validating RPKI ROV|Computer and Information Technology|Internet Service Provider (ISP)|
135782,ISP,Not Validating RPKI ROV|Internet Service Provider (ISP)|Computer and Information Technology|
135783,ISP,"Service|Retail Stores, Wholesale, and E-commerce Sites|Social Assistance (Temporary Shelters, Emergency Relief, Child Day Care, etc)|Software Development"
135784,Other,"Retail Stores, Wholesale, and E-commerce Sites|"
135785,Other,Computer and Information Technology|
135786,Other,"Radio and Television Providers|Media, Publishing, and Broadcasting|Not Validating RPKI ROV|"
135787,Other,"Investment, Portfolio Management, Pensions and Funds|Finance and Insurance|Retail Stores, Wholesale, and E-commerce Sites|"
135788,Other,Computer and Information Technology|Not Validating RPKI ROV|
135789,ISP,Computer and Information Technology|Hosting and Cloud Provider|Internet Service Provider (ISP)|Not Validating RPKI ROV
135790,Other,Manufacturing|Clothing and Textiles|
135791,Other,"Finance and Insurance|Computer and Information Technology|Service|Banks, Credit Card Companies, Mortgage Providers"
135792,ISP,Not Validating RPKI ROV|Internet Service Provider (ISP)|Computer and Information Technology|
135793,ISP,Internet Service Provider (ISP)|Computer and Information Technology|Not Validating RPKI ROV|Eyeball
135794,ISP,"Media, Publishing, and Broadcasting|Software Development|Technology Consulting Services|Law, Business, and Consulting Services"
135795,ISP,Eyeball|Computer and Information Technology|Software Development|Internet Service Provider (ISP)
135796,ISP,Computer and Information Technology|Internet Service Provider (ISP)|Not Validating RPKI ROV|
135797,Other,Computer and Information Technology|Not Validating RPKI ROV|
135798,Academic/Edu,"Law, Business, and Consulting Services|Service|Education and Research|Media, Publishing, and Broadcasting"
135799,ISP,Eyeball|Internet Service Provider (ISP)|Computer and Information Technology|Business Broadband
135800,Other,Computer and Information Technology|
135801,ISP,"Eyeball|Media, Publishing, and Broadcasting|Finance and Insurance|Investment, Portfolio Management, Pensions and Funds"
135802,ISP,Internet Service Provider (ISP)|Computer and Information Technology|
135803,Other,"Retail Stores, Wholesale, and E-commerce Sites|"
135804,Other,"Retail Stores, Wholesale, and E-commerce Sites|Not Validating RPKI ROV|"
135805,Enterprise,"Law, Business, and Consulting Services|Finance and Insurance|Service|Accountants, Tax Preparers, Payroll Services"
135806,ISP,"Eyeball|Print Media (Newspapers, Magazines, Books)|Media, Publishing, and Broadcasting|Business Broadband"
135807,ISP,"Internet Service Provider (ISP)|Law, Business, and Consulting Services|Service|Computer and Information Technology"
135808,ISP,Internet Service Provider (ISP)|Eyeball|Not Validating RPKI ROV|Computer and Information Technology
135809,ISP,Internet Service Provider (ISP)|Computer and Information Technology|
135810,ISP,Home ISP|Internet Service Provider (ISP)|Computer and Information Technology|Not Validating RPKI ROV
135811,Content/CDN,Not Validating RPKI ROV|Hosting and Cloud Provider|Computer and Information Technology|
135812,Other,"Retail Stores, Wholesale, and E-commerce Sites|"
135813,ISP,Computer and Information Technology|Internet Service Provider (ISP)|Not Validating RPKI ROV|
135814,ISP,Internet Service Provider (ISP)|Computer and Information Technology|
135815,ISP,Not Validating RPKI ROV|Internet Service Provider (ISP)|Computer and Information Technology|
135816,Enterprise,"Service|Computer and Information Technology|Media, Publishing, and Broadcasting|Phone Provider"
135817,ISP,Not Validating RPKI ROV|Internet Service Provider (ISP)|Computer and Information Technology|
135818,ISP,"Eyeball|Online Informational Content|Media, Publishing, and Broadcasting|Computer and Information Technology"
135819,Other,"Finance and Insurance|Banks, Credit Card Companies, Mortgage Providers|"
135820,ISP,Computer and Information Technology|Internet Service Provider (ISP)|Not Validating RPKI ROV|
135821,ISP,Not Validating RPKI ROV|Computer and Information Technology|Internet Service Provider (ISP)|
135822,ISP,"Law, Business, and Consulting Services|Computer and Information Technology|Internet Service Provider (ISP)|Hosting and Cloud Provider"
135823,Content/CDN,Not Validating RPKI ROV|Hosting and Cloud Provider|Computer and Information Technology|
135824,ISP,Internet Service Provider (ISP)|Computer and Information Technology|Not Validating RPKI ROV|
135825,Enterprise,"Service|Law, Business, and Consulting Services|"
4754,Other,Other|
4755,ISP,Carrier|Internet Service Provider (ISP)|Computer and Information Technology|Not Validating RPKI ROV
135826,ISP,Not Validating RPKI ROV|Computer and Information Technology|Internet Service Provider (ISP)|
135827,Other,Computer and Information Technology|
4758,Content/CDN,Tranco 10k Host|Software Development|Computer and Information Technology|Government and Public Administration
135828,Other,"Banks, Credit Card Companies, Mortgage Providers|Finance and Insurance|Validating RPKI ROV|"
135829,Other,Health Care Services|
135830,Other,"Retail Stores, Wholesale, and E-commerce Sites|"
135831,ISP,Computer and Information Technology|Internet Service Provider (ISP)|Not Validating RPKI ROV|
135832,Other,Computer and Information Technology|Software Development|
135833,Other,"Banks, Credit Card Companies, Mortgage Providers|Finance and Insurance|"
135834,ISP,Eyeball|Computer and Information Technology|Internet Service Provider (ISP)|Not Validating RPKI ROV
135835,Government,"Government and Regulatory Agencies, Administrations, Departments, and Services|Service|Buildings, Repair, Maintenance (Pest Control, Landscaping, Cleaning, Locksmiths, Car Washes, etc)|Human Rights and Social Advocacy (Human Rights, Environment and Wildlife Conservation, Other)"
135836,Content/CDN,Hosting and Cloud Provider|Computer and Information Technology|Not Validating RPKI ROV|
135837,ISP,Internet Service Provider (ISP)|Computer and Information Technology|Not Validating RPKI ROV|
135838,Academic/Edu,"Education and Research|Other Schools, Instruction, and Exam Preparation (Trade Schools, Art Schools, Driving Instruction, etc.)|"
135839,ISP,Home ISP|Not Validating RPKI ROV|Internet Service Provider (ISP)|Computer and Information Technology
135840,ISP,Software Development|Computer and Information Technology|Internet Service Provider (ISP)|
135841,ISP,Internet Service Provider (ISP)|Computer and Information Technology|Not Validating RPKI ROV|
135845,ISP,Eyeball|Internet Service Provider (ISP)|Computer and Information Technology|Not Validating RPKI ROV
135842,ISP,Internet Service Provider (ISP)|Computer and Information Technology|
135843,ISP,Computer and Information Technology|Internet Service Provider (ISP)|
135844,ISP,Computer and Information Technology|Internet Service Provider (ISP)|Not Validating RPKI ROV|Eyeball
135846,ISP,Not Validating RPKI ROV|Software Development|Computer and Information Technology|Internet Service Provider (ISP)
135850,ISP,Service|Computer and Information Technology|Internet Service Provider (ISP)|Not Validating RPKI ROV
135847,Enterprise,Corporate/Enterprise|Computer and Information Technology|Not Validating RPKI ROV|
135852,ISP,Not Validating RPKI ROV|Internet Service Provider (ISP)|Computer and Information Technology|
135848,ISP,Not Validating RPKI ROV|Internet Service Provider (ISP)|Computer and Information Technology|
135849,Other,Computer and Information Technology|
135851,ISP,Eyeball|Internet Service Provider (ISP)|Computer and Information Technology|Not Validating RPKI ROV
135853,ISP,Internet Service Provider (ISP)|Computer and Information Technology|Not Validating RPKI ROV|
135854,ISP,Not Validating RPKI ROV|Internet Service Provider (ISP)|Computer and Information Technology|
135855,Content/CDN,Computer and Information Technology|Hosting and Cloud Provider|Not Validating RPKI ROV|
135856,ISP,"Media, Publishing, and Broadcasting|Phone Provider|Online Informational Content|Service"
135860,Other,"Finance and Insurance|Investment, Portfolio Management, Pensions and Funds|Not Validating RPKI ROV|"
135857,ISP,Service|Technology Consulting Services|Software Development|Internet Service Provider (ISP)
135858,Other,"Not Validating RPKI ROV|Service|Banks, Credit Card Companies, Mortgage Providers|Buildings, Repair, Maintenance (Pest Control, Landscaping, Cleaning, Locksmiths, Car Washes, etc)"
135863,ISP,Not Validating RPKI ROV|Computer and Information Technology|Internet Service Provider (ISP)|Eyeball
135859,ISP,Not Validating RPKI ROV|Computer and Information Technology|Internet Service Provider (ISP)|
135861,ISP,Not Validating RPKI ROV|Internet Service Provider (ISP)|Computer and Information Technology|
135862,ISP,Travel and Accommodation|Hosting and Cloud Provider|Online Informational Content|Service
135864,Other,Software Development|Computer and Information Technology|
135868,Other,"Media, Publishing, and Broadcasting|Software Development|Service|Computer and Information Technology"
4797,Other,Validating RPKI ROV|Computer and Information Technology|
135870,Other,Software Development|Computer and Information Technology|
135865,ISP,Internet Service Provider (ISP)|Computer and Information Technology|Not Validating RPKI ROV|
135872,ISP,Eyeball|Internet Service Provider (ISP)|Computer and Information Technology|Not Validating RPKI ROV
135866,Content/CDN,Not Validating RPKI ROV|Computer and Information Technology|Hosting and Cloud Provider|
135867,Content/CDN,Hosting and Cloud Provider|Computer and Information Technology|Not Validating RPKI ROV|
135869,Other,Computer and Information Technology|
135871,Government,"Law, Business, and Consulting Services|Computer and Information Technology|Accountants, Tax Preparers, Payroll Services|Government and Public Administration"
135873,ISP,Internet Service Provider (ISP)|Computer and Information Technology|Not Validating RPKI ROV|
135874,ISP,Internet Service Provider (ISP)|Computer and Information Technology|Not Validating RPKI ROV|
135875,Other,Computer and Information Technology|Not Validating RPKI ROV|
135876,ISP,Eyeball|Internet Service Provider (ISP)|Computer and Information Technology|Radio and Television Providers
135877,Unknown,
201412,Unknown,
135884,Other,Software Development|Computer and Information Technology|
136005,Academic/Edu,Education and Research|Research and Development Organizations|
136033,ISP,Internet Service Provider (ISP)|Computer and Information Technology|Not Validating RPKI ROV|
136034,ISP,"Software Development|Internet Service Provider (ISP)|Computer and Information Technology|Law, Business, and Consulting Services"
136138,Enterprise,"Software Development|Computer and Information Technology|Law, Business, and Consulting Services|Service"
136153,Other,"Agriculture, Mining, and Refineries (Farming, Greenhouses, Mining, Forestry, and Animal Farming)|"
136166,Other,"Investment, Portfolio Management, Pensions and Funds|Finance and Insurance|"
136171,ISP,Computer and Information Technology|Internet Service Provider (ISP)|
136172,Other,Software Development|Computer and Information Technology|Not Validating RPKI ROV|
136175,ISP,Internet Service Provider (ISP)|Computer and Information Technology|Not Validating RPKI ROV|Eyeball
136179,Enterprise,"Computer and Information Technology|Finance and Insurance|Service|Civil Engineering Construction (Utility Lines, Roads and Bridges)"
136230,ISP,Not Validating RPKI ROV|Computer and Information Technology|Internet Service Provider (ISP)|
136236,ISP,Computer and Information Technology|Internet Service Provider (ISP)|
37934,Enterprise,"Law, Business, and Consulting Services|Service|"
136252,Other,"Tranco 10k Host|Banks, Credit Card Companies, Mortgage Providers|Finance and Insurance|"
136271,ISP,Software Development|Internet Service Provider (ISP)|Computer and Information Technology|
136278,ISP,Internet Service Provider (ISP)|Computer and Information Technology|Finance and Insurance|Service
136279,ISP,Internet Service Provider (ISP)|Computer and Information Technology|Not Validating RPKI ROV|
136280,Content/CDN,Not Validating RPKI ROV|Computer and Information Technology|Hosting and Cloud Provider|
136281,Other,"Electronics and Computer Components|Investment, Portfolio Management, Pensions and Funds|Manufacturing|Finance and Insurance"
136282,Other,Computer and Information Technology|
136283,Other,"Electric Power Generation, Transmission, Distribution|Utilities (Excluding Internet Service)|Manufacturing|Agriculture, Mining, and Refineries (Farming, Greenhouses, Mining, Forestry, and Animal Farming)"
136284,ISP,Not Validating RPKI ROV|Computer and Information Technology|Internet Service Provider (ISP)|
136285,Enterprise,"Not Validating RPKI ROV|Law, Business, and Consulting Services|Service|"
136286,ISP,Not Validating RPKI ROV|Internet Service Provider (ISP)|Computer and Information Technology|
136287,ISP,Not Validating RPKI ROV|Computer and Information Technology|Internet Service Provider (ISP)|Software Development
136288,Eyeball,Eyeball|Not Validating RPKI ROV|Hosting and Cloud Provider|Computer and Information Technology
136289,ISP,Content|Computer and Information Technology|Internet Service Provider (ISP)|Not Validating RPKI ROV
37986,ISP,Internet Service Provider (ISP)|Computer and Information Technology|
136290,Other,Not Validating RPKI ROV|Computer and Information Technology|
136291,Government,"Human Rights and Social Advocacy (Human Rights, Environment and Wildlife Conservation, Other)|Government and Public Administration|Community Groups and Nonprofits|Government and Regulatory Agencies, Administrations, Departments, and Services"
136292,ISP,Internet Service Provider (ISP)|Computer and Information Technology|Hosting and Cloud Provider|Not Validating RPKI ROV
136293,Other,"Manufacturing|Metal, Glass, Wood, and Paper Manufacturing|"
37991,ISP,Internet Service Provider (ISP)|Computer and Information Technology|
136294,Content/CDN,Computer and Information Technology|Hosting and Cloud Provider|Not Validating RPKI ROV|
136295,ISP,Internet Service Provider (ISP)|Computer and Information Technology|Not Validating RPKI ROV|
136296,ISP,Internet Service Provider (ISP)|Computer and Information Technology|
136297,Content/CDN,Not Validating RPKI ROV|Software Development|Computer and Information Technology|Hosting and Cloud Provider
136298,ISP,Computer and Information Technology|Internet Service Provider (ISP)|Not Validating RPKI ROV|
136299,Academic/Edu,Research and Development Organizations|Education and Research|Manufacturing|Chemical and Pharmaceutical Manufacturing
136300,ISP,Internet Service Provider (ISP)|Computer and Information Technology|Not Validating RPKI ROV|
136301,ISP,Computer and Information Technology|Internet Service Provider (ISP)|Validating RPKI ROV|
38000,Academic/Edu,Software Development|Finance and Insurance|Computer and Information Technology|Education and Research
136302,ISP,Computer and Information Technology|Internet Service Provider (ISP)|Not Validating RPKI ROV|
136303,ISP,Not Validating RPKI ROV|Computer and Information Technology|Internet Service Provider (ISP)|
136304,Academic/Edu,Education and Research|Not Validating RPKI ROV|
136305,Enterprise,"Law, Business, and Consulting Services|Service|Not Validating RPKI ROV|"
136306,ISP,"Not Validating RPKI ROV|Investment, Portfolio Management, Pensions and Funds|Internet Service Provider (ISP)|Computer and Information Technology"
136307,Other,"Radio and Television Providers|Media, Publishing, and Broadcasting|"
136308,ISP,Validating RPKI ROV|Internet Service Provider (ISP)|Computer and Information Technology|
136309,ISP,Computer and Information Technology|Internet Service Provider (ISP)|
136310,Other,"Media, Publishing, and Broadcasting|Radio and Television Providers|"
136311,ISP,Not Validating RPKI ROV|Internet Service Provider (ISP)|Computer and Information Technology|
136312,ISP,"Insurance Carriers and Agencies|Law, Business, and Consulting Services|Hosting and Cloud Provider|Service"
136313,ISP,"Service|Software Development|Law, Business, and Consulting Services|Internet Service Provider (ISP)"
136314,ISP,Computer and Information Technology|Internet Service Provider (ISP)|Not Validating RPKI ROV|
136315,Other,Service|Not Validating RPKI ROV|
38015,Enterprise,"Software Development|Law, Business, and Consulting Services|Service|Computer and Information Technology"
136316,Other,"Online Informational Content|Banks, Credit Card Companies, Mortgage Providers|Computer and Information Technology|Media, Publishing, and Broadcasting"
136317,ISP,Hosting and Cloud Provider|Internet Service Provider (ISP)|Computer and Information Technology|Not Validating RPKI ROV
136318,ISP,Not Validating RPKI ROV|Computer and Information Technology|Internet Service Provider (ISP)|
136319,ISP,Internet Service Provider (ISP)|Computer and Information Technology|Not Validating RPKI ROV|
136320,Other,"Radio and Television Providers|Media, Publishing, and Broadcasting|Not Validating RPKI ROV|"
38021,Academic/Edu,"Education and Research|Colleges, Universities, and Professional Schools|Research and Development Organizations|Other Schools, Instruction, and Exam Preparation (Trade Schools, Art Schools, Driving Instruction, etc.)"
136321,Other,Electronics and Computer Components|Software Development|Real Estate (Residential and/or Commercial)|Computer and Information Technology
136322,ISP,Internet Service Provider (ISP)|Computer and Information Technology|Not Validating RPKI ROV|Eyeball
136323,ISP,Not Validating RPKI ROV|Computer and Information Technology|Internet Service Provider (ISP)|
136324,Other,Finance and Insurance|Computer and Information Technology|Software Development|Not Validating RPKI ROV
136325,ISP,Internet Service Provider (ISP)|Manufacturing|Computer and Information Technology|Electronics and Computer Components
136326,Eyeball,"Retail Stores, Wholesale, and E-commerce Sites|Not Validating RPKI ROV|Eyeball|"
136327,ISP,Not Validating RPKI ROV|Internet Service Provider (ISP)|Computer and Information Technology|
38029,Other,"Banks, Credit Card Companies, Mortgage Providers|Finance and Insurance|"
136328,ISP,"Media, Publishing, and Broadcasting|Computer and Information Technology|Radio and Television Providers|Internet Service Provider (ISP)"
136329,Other,"Media, Publishing, and Broadcasting|Print Media (Newspapers, Magazines, Books)|"
136330,ISP,Computer and Information Technology|Hosting and Cloud Provider|Internet Service Provider (ISP)|Not Validating RPKI ROV
136331,Content/CDN,Hosting and Cloud Provider|Computer and Information Technology|Not Validating RPKI ROV|
136332,ISP,Eyeball|Not Validating RPKI ROV|Internet Service Provider (ISP)|Computer and Information Technology
136333,ISP,Computer and Information Technology|Internet Service Provider (ISP)|Not Validating RPKI ROV|
136334,ISP,Eyeball|Internet Service Provider (ISP)|Computer and Information Technology|Not Validating RPKI ROV
136335,ISP,Internet Service Provider (ISP)|Computer and Information Technology|Not Validating RPKI ROV|
136336,ISP,Eyeball|Internet Service Provider (ISP)|Computer and Information Technology|Not Validating RPKI ROV
38039,ISP,Hosting and Cloud Provider|Software Development|Internet Service Provider (ISP)|Computer and Information Technology
136337,ISP,Software Development|Internet Service Provider (ISP)|Computer and Information Technology|Not Validating RPKI ROV
136338,ISP,Internet Service Provider (ISP)|Computer and Information Technology|Not Validating RPKI ROV|
136339,ISP,Internet Service Provider (ISP)|Computer and Information Technology|
136340,ISP,Internet Service Provider (ISP)|Computer and Information Technology|
136341,Other,Software Development|Computer and Information Technology|
136342,ISP,Eyeball|Internet Service Provider (ISP)|Computer and Information Technology|Not Validating RPKI ROV
136343,ISP,Internet Service Provider (ISP)|Computer and Information Technology|Not Validating RPKI ROV|
136344,ISP,Internet Service Provider (ISP)|Computer and Information Technology|Not Validating RPKI ROV|
136345,Content/CDN,Computer and Information Technology|Hosting and Cloud Provider|
136346,ISP,"Radio and Television Providers|Online Informational Content|Computer and Information Technology|Media, Publishing, and Broadcasting"
136347,ISP,Computer and Information Technology|Internet Service Provider (ISP)|Not Validating RPKI ROV|
136348,ISP,Computer and Information Technology|Internet Service Provider (ISP)|
136349,Other,"Retail Stores, Wholesale, and E-commerce Sites|"
38053,Content/CDN,Software Development|Computer and Information Technology|Hosting and Cloud Provider|
136350,Other,"Banks, Credit Card Companies, Mortgage Providers|Finance and Insurance|"
136351,Other,"Radio and Television Providers|Media, Publishing, and Broadcasting|"
136352,ISP,Software Development|Internet Service Provider (ISP)|Computer and Information Technology|
136353,ISP,Service|Internet Service Provider (ISP)|Computer and Information Technology|Not Validating RPKI ROV
38058,ISP,Not Validating RPKI ROV|Software Development|Internet Service Provider (ISP)|Computer and Information Technology
136354,ISP,Internet Service Provider (ISP)|Computer and Information Technology|
136355,ISP,Not Validating RPKI ROV|Computer and Information Technology|Internet Service Provider (ISP)|
136356,ISP,Computer and Information Technology|Internet Service Provider (ISP)|Not Validating RPKI ROV|
136357,Content/CDN,Hosting and Cloud Provider|Computer and Information Technology|Not Validating RPKI ROV|
136358,ISP,Computer and Information Technology|Internet Service Provider (ISP)|Not Validating RPKI ROV|
136359,ISP,Computer and Information Technology|Internet Service Provider (ISP)|
136360,ISP,Computer and Information Technology|Internet Service Provider (ISP)|
136361,ISP,Not Validating RPKI ROV|Computer and Information Technology|Internet Service Provider (ISP)|
136362,ISP,Not Validating RPKI ROV|Internet Service Provider (ISP)|Computer and Information Technology|
136363,Content/CDN,Hosting and Cloud Provider|Computer and Information Technology|Not Validating RPKI ROV|
136364,Other,"Not Validating RPKI ROV|Retail Stores, Wholesale, and E-commerce Sites|"
136365,ISP,Not Validating RPKI ROV|Computer and Information Technology|Internet Service Provider (ISP)|
136366,ISP,Hosting and Cloud Provider|Computer and Information Technology|Internet Service Provider (ISP)|
136367,Other,"Computer and Information Technology|Postal Services and Couriers|Freight, Shipment, and Postal Services|"
136368,ISP,Computer and Information Technology|Internet Service Provider (ISP)|Not Validating RPKI ROV|
136369,Other,"Construction and Real Estate|Banks, Credit Card Companies, Mortgage Providers|Real Estate (Residential and/or Commercial)|Finance and Insurance"
136370,ISP,Not Validating RPKI ROV|Computer and Information Technology|Internet Service Provider (ISP)|
136371,ISP,Not Validating RPKI ROV|Computer and Information Technology|Internet Service Provider (ISP)|
136372,ISP,Not Validating RPKI ROV|Internet Service Provider (ISP)|Computer and Information Technology|
136373,ISP,Not Validating RPKI ROV|Computer and Information Technology|Internet Service Provider (ISP)|
136374,ISP,Not Validating RPKI ROV|Internet Service Provider (ISP)|Computer and Information Technology|
136375,ISP,Internet Service Provider (ISP)|Computer and Information Technology|Validating RPKI ROV|
136377,ISP,Eyeball|Internet Service Provider (ISP)|Computer and Information Technology|Not Validating RPKI ROV
136437,Enterprise,Finance and Insurance|Software Development|Computer and Information Technology|Service
38139,ISP,Service|Hosting and Cloud Provider|Software Development|Internet Service Provider (ISP)
136447,ISP,Software Development|Computer and Information Technology|Internet Service Provider (ISP)|Service
136449,Enterprise,"Not Validating RPKI ROV|Law, Business, and Consulting Services|Service|"
136470,Academic/Edu,Education and Research|
136475,ISP,Hosting and Cloud Provider|Internet Service Provider (ISP)|Computer and Information Technology|Not Validating RPKI ROV
38174,Enterprise,"Law, Business, and Consulting Services|Service|Software Development|Computer and Information Technology"
136481,ISP,Computer and Information Technology|Internet Service Provider (ISP)|
136483,Other,"Computer and Information Technology|Retail Stores, Wholesale, and E-commerce Sites|Construction and Real Estate|"
38185,ISP,Not Validating RPKI ROV|Manufacturing|Internet Service Provider (ISP)|Computer and Information Technology
38188,ISP,"Computer and Information Technology|Law, Business, and Consulting Services|Hosting and Cloud Provider|Service"
38191,ISP,"Internet Service Provider (ISP)|Law, Business, and Consulting Services|Service|Technology Consulting Services"
136505,ISP,"Computer and Information Technology|Internet Service Provider (ISP)|Finance and Insurance|Investment, Portfolio Management, Pensions and Funds"
38204,Other,"Manufacturing|Machinery|Freight, Shipment, and Postal Services|Travel and Accommodation"
38205,Other,"Retail Stores, Wholesale, and E-commerce Sites|"
38207,ISP,Eyeball|Computer and Information Technology|Internet Service Provider (ISP)|Not Validating RPKI ROV
38224,ISP,"Hosting and Cloud Provider|Law, Business, and Consulting Services|Computer and Information Technology|Internet Service Provider (ISP)"
38233,ISP,Service|Phone Provider|Software Development|Internet Service Provider (ISP)
38241,ISP,"Hosting and Cloud Provider|Service|Software Development|Law, Business, and Consulting Services"
38261,Enterprise,"Real Estate (Residential and/or Commercial)|Construction and Real Estate|Law, Business, and Consulting Services|Civil Engineering Construction (Utility Lines, Roads and Bridges)"
38266,ISP,Eyeball|Computer and Information Technology|Internet Service Provider (ISP)|Not Validating RPKI ROV
38271,Other,Computer and Information Technology|Computer and Network Security|Phone Provider|Software Development
136575,ISP,"Law, Business, and Consulting Services|Investment, Portfolio Management, Pensions and Funds|Service|Computer and Information Technology"
38275,Government,"Military, Defense, National Security, and International Affairs|Software Development|Computer and Information Technology|Government and Public Administration"
136590,ISP,Software Development|Internet Service Provider (ISP)|Computer and Information Technology|
136607,ISP,Internet Service Provider (ISP)|Computer and Information Technology|
38304,ISP,Computer and Information Technology|Internet Service Provider (ISP)|
38306,Content/CDN,Hosting and Cloud Provider|Computer and Information Technology|Software Development|
38310,ISP,Not Validating RPKI ROV|Internet Service Provider (ISP)|Computer and Information Technology|
38312,ISP,"Internet Service Provider (ISP)|Other|Computer and Information Technology|Law, Business, and Consulting Services"
38314,ISP,Manufacturing|Internet Service Provider (ISP)|Insurance Carriers and Agencies|Computer and Information Technology
136622,Other,"Finance and Insurance|Banks, Credit Card Companies, Mortgage Providers|"
136625,ISP,Not Validating RPKI ROV|Computer and Information Technology|Internet Service Provider (ISP)|
136626,ISP,Internet Service Provider (ISP)|Computer and Information Technology|Not Validating RPKI ROV|
136627,Content/CDN,Manufacturing|Computer and Information Technology|Electronics and Computer Components|Hosting and Cloud Provider
136628,ISP,Electronics and Computer Components|Manufacturing|Computer and Information Technology|Internet Service Provider (ISP)
136629,ISP,Not Validating RPKI ROV|Internet Service Provider (ISP)|Computer and Information Technology|
136630,ISP,Computer and Information Technology|Phone Provider|Internet Service Provider (ISP)|
136631,Other,"Retail Stores, Wholesale, and E-commerce Sites|"
136632,ISP,Internet Service Provider (ISP)|Computer and Information Technology|
136633,Content/CDN,Hosting and Cloud Provider|Computer and Information Technology|Not Validating RPKI ROV|
136634,ISP,Not Validating RPKI ROV|Computer and Information Technology|Internet Service Provider (ISP)|
136635,ISP,Hosting and Cloud Provider|Computer and Information Technology|Software Development|Internet Service Provider (ISP)
136636,ISP,Eyeball|Internet Service Provider (ISP)|Computer and Information Technology|Not Validating RPKI ROV
136637,ISP,Internet Service Provider (ISP)|Computer and Information Technology|Not Validating RPKI ROV|
136638,Academic/Edu,Education and Research|Research and Development Organizations|
136639,ISP,Not Validating RPKI ROV|Computer and Information Technology|Internet Service Provider (ISP)|
136640,Other,Other|
136641,ISP,Computer and Information Technology|Internet Service Provider (ISP)|Software Development|
136642,ISP,Internet Service Provider (ISP)|Eyeball|Not Validating RPKI ROV|Computer and Information Technology
136643,ISP,Internet Service Provider (ISP)|Computer and Information Technology|Not Validating RPKI ROV|
136644,ISP,Home ISP|Internet Service Provider (ISP)|Computer and Information Technology|Not Validating RPKI ROV
136645,ISP,Internet Service Provider (ISP)|Computer and Information Technology|Not Validating RPKI ROV|
136646,ISP,Internet Service Provider (ISP)|Computer and Information Technology|Not Validating RPKI ROV|Eyeball
136647,Other,Machinery|Manufacturing|
136648,Other,"Finance and Insurance|Investment, Portfolio Management, Pensions and Funds|"
136649,ISP,Not Validating RPKI ROV|Computer and Information Technology|Internet Service Provider (ISP)|
136650,Other,Computer and Information Technology|
136651,Other,Computer and Information Technology|Not Validating RPKI ROV|
136652,ISP,Not Validating RPKI ROV|Internet Service Provider (ISP)|Computer and Information Technology|
136653,Other,Computer and Information Technology|Not Validating RPKI ROV|
136654,Content/CDN,Validating RPKI ROV|Hosting and Cloud Provider|Computer and Information Technology|
136655,ISP,Internet Service Provider (ISP)|Computer and Information Technology|Hosting and Cloud Provider|Software Development
136656,Other,Computer and Information Technology|
136657,ISP,Internet Service Provider (ISP)|Computer and Information Technology|
136658,ISP,Internet Service Provider (ISP)|Computer and Information Technology|
136659,Government,Computer and Information Technology|Validating RPKI ROV|Government|Tranco 10k Host
136660,Enterprise,"Computer and Information Technology|Law, Business, and Consulting Services|Service|Software Development"
136661,Enterprise,"Service|Retail Stores, Wholesale, and E-commerce Sites|Computer and Information Technology|Clothing, Fashion, Luggage"
136662,Content/CDN,Software Development|Computer and Information Technology|Hosting and Cloud Provider|
136663,Other,Computer and Information Technology|
136664,ISP,Eyeball|Computer and Information Technology|Internet Service Provider (ISP)|
136665,ISP,Computer and Information Technology|Internet Service Provider (ISP)|Not Validating RPKI ROV|
136666,Enterprise,"Law, Business, and Consulting Services|Software Development|Service|Computer and Information Technology"
136667,Other,Satellite Communication|Computer and Information Technology|Not Validating RPKI ROV|
136668,ISP,Internet Service Provider (ISP)|Computer and Information Technology|Not Validating RPKI ROV|
136669,Other,"Finance and Insurance|Investment, Portfolio Management, Pensions and Funds|Not Validating RPKI ROV|"
136670,Other,Not Validating RPKI ROV|Computer and Information Technology|
136671,ISP,Not Validating RPKI ROV|Computer and Information Technology|Internet Service Provider (ISP)|
136672,Content/CDN,Computer and Information Technology|Hosting and Cloud Provider|Not Validating RPKI ROV|
136673,Other,Computer and Information Technology|Not Validating RPKI ROV|
136674,Content/CDN,Computer and Information Technology|Hosting and Cloud Provider|Not Validating RPKI ROV|
136675,Content/CDN,Hosting and Cloud Provider|Computer and Information Technology|
136676,Other,Other|Not Validating RPKI ROV|
136677,ISP,Internet Service Provider (ISP)|Computer and Information Technology|Not Validating RPKI ROV|
136678,Enterprise,"Service|Law, Business, and Consulting Services|Not Validating RPKI ROV|"
136679,ISP,Service|Internet Service Provider (ISP)|Computer and Information Technology|
136680,Other,"Finance and Insurance|Banks, Credit Card Companies, Mortgage Providers|"
136681,Other,Buildings (Residential or Commercial)|Computer and Information Technology|Construction and Real Estate|
136682,ISP,Validating RPKI ROV|Computer and Information Technology|Internet Service Provider (ISP)|
136683,Other,"Retail Stores, Wholesale, and E-commerce Sites|Not Validating RPKI ROV|"
136684,ISP,Computer and Information Technology|Internet Service Provider (ISP)|
136685,Other,"Computer and Information Technology|Software Development|Investment, Portfolio Management, Pensions and Funds|Finance and Insurance"
136686,ISP,"Service|Computer and Information Technology|Software Development|Media, Publishing, and Broadcasting"
136687,Other,Computer and Information Technology|
136688,ISP,Eyeball|Not Validating RPKI ROV|Computer and Information Technology|Internet Service Provider (ISP)
136689,ISP,Internet Service Provider (ISP)|Computer and Information Technology|
136690,Enterprise,"Service|Law, Business, and Consulting Services|Not Validating RPKI ROV|"
136691,ISP,"Internet Service Provider (ISP)|Investment, Portfolio Management, Pensions and Funds|Computer and Information Technology|Finance and Insurance"
136692,Enterprise,"Banks, Credit Card Companies, Mortgage Providers|Computer and Information Technology|Law, Business, and Consulting Services|Finance and Insurance"
136693,Other,"Online Music and Video Streaming Services|Media, Publishing, and Broadcasting|Radio and Television Providers|"
136694,ISP,Computer and Information Technology|Internet Service Provider (ISP)|
136695,Other,Computer and Information Technology|
136696,ISP,Eyeball|Computer and Information Technology|Internet Service Provider (ISP)|Not Validating RPKI ROV
136697,ISP,Not Validating RPKI ROV|Internet Service Provider (ISP)|Computer and Information Technology|
136698,Content/CDN,Not Validating RPKI ROV|Hosting and Cloud Provider|Computer and Information Technology|
136699,Other,"Personal Care and Lifestyle (Barber Shops, Nail Salons, Diet Centers, Laundry, etc)|Service|Not Validating RPKI ROV|"
136700,ISP,Eyeball|Internet Service Provider (ISP)|Computer and Information Technology|Not Validating RPKI ROV
136701,Other,"Construction and Real Estate|Civil Engineering Construction (Utility Lines, Roads and Bridges)|Not Validating RPKI ROV|"
136702,Academic/Edu,Research and Development Organizations|Education and Research|
136703,ISP,"Media, Publishing, and Broadcasting|Radio and Television Providers|Computer and Information Technology|Internet Service Provider (ISP)"
136704,ISP,Not Validating RPKI ROV|Computer and Information Technology|Internet Service Provider (ISP)|
136705,Other,"Buildings, Repair, Maintenance (Pest Control, Landscaping, Cleaning, Locksmiths, Car Washes, etc)|Service|Not Validating RPKI ROV|"
136706,ISP,Internet Service Provider (ISP)|Computer and Information Technology|Not Validating RPKI ROV|
136707,Other,"Banks, Credit Card Companies, Mortgage Providers|Finance and Insurance|"
136708,ISP,Not Validating RPKI ROV|Computer and Information Technology|Internet Service Provider (ISP)|
136709,Other,Computer and Information Technology|
136710,Other,Computer and Information Technology|Not Validating RPKI ROV|
136711,ISP,Internet Service Provider (ISP)|Computer and Information Technology|
136712,ISP,Computer and Information Technology|Internet Service Provider (ISP)|Not Validating RPKI ROV|
136713,Other,"Retail Stores, Wholesale, and E-commerce Sites|Not Validating RPKI ROV|"
136714,ISP,Home ISP|Internet Service Provider (ISP)|Computer and Information Technology|Not Validating RPKI ROV
136715,ISP,"Internet Service Provider (ISP)|Service|Law, Business, and Consulting Services|Computer and Information Technology"
136716,ISP,Not Validating RPKI ROV|Computer and Information Technology|Internet Service Provider (ISP)|
136717,Content/CDN,Not Validating RPKI ROV|Computer and Information Technology|Hosting and Cloud Provider|
136718,Other,Computer and Information Technology|Software Development|
136719,ISP,"Not Validating RPKI ROV|Radio and Television Providers|Hosting and Cloud Provider|Media, Publishing, and Broadcasting"
136720,ISP,Not Validating RPKI ROV|Computer and Information Technology|Internet Service Provider (ISP)|
136721,Content/CDN,Hosting and Cloud Provider|Computer and Information Technology|Not Validating RPKI ROV|
136722,ISP,Computer and Information Technology|Internet Service Provider (ISP)|Not Validating RPKI ROV|
136723,Other,Computer and Information Technology|Not Validating RPKI ROV|
136724,ISP,Not Validating RPKI ROV|Internet Service Provider (ISP)|Computer and Information Technology|
38457,ISP,Eyeball|Computer and Information Technology|Internet Service Provider (ISP)|Not Validating RPKI ROV
38461,Enterprise,"Software Development|Law, Business, and Consulting Services|Service|Computer and Information Technology"
38468,Other,"Investment, Portfolio Management, Pensions and Funds|Finance and Insurance|Banks, Credit Card Companies, Mortgage Providers|"
38476,Other,"Computer and Information Technology|Freight, Shipment, and Postal Services|"
136801,ISP,Internet Service Provider (ISP)|Electronics and Computer Components|Software Development|Manufacturing
202340,Eyeball,"Eyeball|Service|Law, Business, and Consulting Services|Personal ASN"
136807,Other,"Finance and Insurance|Banks, Credit Card Companies, Mortgage Providers|"
136814,Content/CDN,Software Development|Computer and Information Technology|Hosting and Cloud Provider|Not Validating RPKI ROV
38529,Enterprise,"Tranco 10k Host|Manufacturing|Clothing and Textiles|Food, Beverage, and Tobacco"
38536,ISP,Not Validating RPKI ROV|Technology Consulting Services|Software Development|Computer and Information Technology
38538,ISP,Service|Software Development|Internet Service Provider (ISP)|Computer and Information Technology
38546,ISP,Internet Service Provider (ISP)|Computer and Information Technology|
38557,ISP,"Software Development|Service|Law, Business, and Consulting Services|Computer and Information Technology"
38571,ISP,Eyeball|Computer and Information Technology|Internet Service Provider (ISP)|
38573,Enterprise,"Media, Publishing, and Broadcasting|Software Development|Computer and Information Technology|Law, Business, and Consulting Services"
136890,Other,"Freight, Shipment, and Postal Services|Media, Publishing, and Broadcasting|Print Media (Newspapers, Magazines, Books)|Air Transportation"
136894,Enterprise,"Service|Law, Business, and Consulting Services|Not Validating RPKI ROV|"
38594,Content/CDN,Computer and Information Technology|Hosting and Cloud Provider|
38596,Content/CDN,Computer and Information Technology|Hosting and Cloud Provider|
136902,ISP,Not Validating RPKI ROV|Computer and Information Technology|Internet Service Provider (ISP)|
38615,ISP,Computer and Network Security|Service|Computer and Information Technology|Internet Service Provider (ISP)
38617,ISP,Internet Service Provider (ISP)|Computer and Information Technology|Hosting and Cloud Provider|Software Development
38620,Academic/Edu,"Government and Regulatory Agencies, Administrations, Departments, and Services|Government and Public Administration|Education and Research|Community Groups and Nonprofits"
136926,Content/CDN,"Hosting and Cloud Provider|Service|Software Development|Banks, Credit Card Companies, Mortgage Providers"
38625,ISP,Not Validating RPKI ROV|Computer and Information Technology|Internet Service Provider (ISP)|
136932,Other,"Metal, Glass, Wood, and Paper Manufacturing|Manufacturing|Electronics and Computer Components|Clothing and Textiles"
136944,Other,Computer and Information Technology|
136946,ISP,Eyeball|Internet Service Provider (ISP)|Computer and Information Technology|Not Validating RPKI ROV
136956,ISP,Not Validating RPKI ROV|Internet Service Provider (ISP)|Computer and Information Technology|
136963,ISP,Internet Service Provider (ISP)|Software Development|Computer and Information Technology|
136985,Other,Manufacturing|Electronics and Computer Components|Machinery|
136987,ISP,"Computer and Information Technology|Internet Service Provider (ISP)|Service|Law, Business, and Consulting Services"
137000,ISP,"Home ISP|Media, Publishing, and Broadcasting|Radio and Television Providers|Computer and Information Technology"
137004,Other,Computer and Information Technology|Not Validating RPKI ROV|
38720,ISP,"Internet Service Provider (ISP)|Computer and Network Security|Law, Business, and Consulting Services|Service"
137035,ISP,Computer and Information Technology|Internet Service Provider (ISP)|
38743,Other,"Software Development|Computer and Information Technology|Retail Stores, Wholesale, and E-commerce Sites|"
38746,ISP,Computer and Network Security|Internet Service Provider (ISP)|Service|Computer and Information Technology
137076,ISP,Computer and Information Technology|Internet Service Provider (ISP)|
137082,ISP,"Phone Provider|Internet Service Provider (ISP)|Computer and Information Technology|Media, Publishing, and Broadcasting"
137083,ISP,Computer and Information Technology|Internet Service Provider (ISP)|
137084,Other,Not Validating RPKI ROV|Computer and Information Technology|
137085,ISP,Not Validating RPKI ROV|Computer and Information Technology|Internet Service Provider (ISP)|
137086,Other,Computer and Information Technology|Not Validating RPKI ROV|
137087,ISP,"Computer and Information Technology|Internet Service Provider (ISP)|Media, Publishing, and Broadcasting|Phone Provider"
137088,Other,Computer and Information Technology|Validating RPKI ROV|
137089,ISP,Computer and Information Technology|Internet Service Provider (ISP)|
137090,ISP,Not Validating RPKI ROV|Computer and Information Technology|Internet Service Provider (ISP)|
137091,Other,Computer and Information Technology|
137092,Other,"Retail Stores, Wholesale, and E-commerce Sites|"
137093,Other,Not Validating RPKI ROV|Other|
137094,Other,Computer and Information Technology|Not Validating RPKI ROV|
137095,ISP,Not Validating RPKI ROV|Computer and Information Technology|Internet Service Provider (ISP)|Software Development
137096,ISP,Computer and Information Technology|Internet Service Provider (ISP)|Not Validating RPKI ROV|
137097,ISP,Not Validating RPKI ROV|Internet Service Provider (ISP)|Computer and Information Technology|
137098,ISP,Not Validating RPKI ROV|Computer and Information Technology|Internet Service Provider (ISP)|
137099,ISP,Hosting and Cloud Provider|Computer and Information Technology|Internet Service Provider (ISP)|Not Validating RPKI ROV
137100,ISP,Not Validating RPKI ROV|Internet Service Provider (ISP)|Computer and Information Technology|
137101,ISP,Internet Service Provider (ISP)|Computer and Information Technology|Not Validating RPKI ROV|
137102,ISP,Not Validating RPKI ROV|Internet Service Provider (ISP)|Computer and Information Technology|
38799,Other,"Freight, Shipment, and Postal Services|Service|"
137103,Other,"Retail Stores, Wholesale, and E-commerce Sites|"
137104,Other,Computer and Information Technology|
137105,Other,Computer and Network Security|Computer and Information Technology|
137106,Other,"Service|Buildings, Repair, Maintenance (Pest Control, Landscaping, Cleaning, Locksmiths, Car Washes, etc)|Not Validating RPKI ROV|"
137107,ISP,"Validating RPKI ROV|Online Informational Content|Computer and Information Technology|Media, Publishing, and Broadcasting"
137108,Academic/Edu,"Investment, Portfolio Management, Pensions and Funds|Colleges, Universities, and Professional Schools|Finance and Insurance|Education and Research"
38806,ISP,"Law, Business, and Consulting Services|Service|Computer and Information Technology|Software Development"
38807,ISP,"Software Development|Internet Service Provider (ISP)|Computer and Information Technology|Law, Business, and Consulting Services"
137109,ISP,Eyeball|Computer and Information Technology|Education and Research|Internet Service Provider (ISP)
137110,Eyeball,Hosting and Cloud Provider|Computer and Information Technology|Eyeball|
38810,Other,Chemical and Pharmaceutical Manufacturing|Manufacturing|
137111,Enterprise,"Finance and Insurance|Law, Business, and Consulting Services|Investment, Portfolio Management, Pensions and Funds|Service"
137112,Other,Computer and Information Technology|
137113,ISP,Computer and Information Technology|Internet Service Provider (ISP)|Hosting and Cloud Provider|Not Validating RPKI ROV
137114,ISP,Internet Service Provider (ISP)|Computer and Information Technology|
137115,ISP,"Finance and Insurance|Government and Regulatory Agencies, Administrations, Departments, and Services|Government and Public Administration|Computer and Information Technology"
137116,Other,"Retail Stores, Wholesale, and E-commerce Sites|Not Validating RPKI ROV|"
137117,ISP,Internet Service Provider (ISP)|Computer and Information Technology|
137118,Content/CDN,"Not Validating RPKI ROV|Travel and Accommodation|Computer and Information Technology|Personal Care and Lifestyle (Barber Shops, Nail Salons, Diet Centers, Laundry, etc)"
137119,Other,Software Development|Computer and Information Technology|
137120,ISP,Not Validating RPKI ROV|Internet Service Provider (ISP)|Computer and Information Technology|Software Development
137121,ISP,Internet Service Provider (ISP)|Computer and Information Technology|Not Validating RPKI ROV|Eyeball
137122,ISP,Not Validating RPKI ROV|Internet Service Provider (ISP)|Computer and Information Technology|
137123,Eyeball,Computer and Information Technology|Not Validating RPKI ROV|Eyeball|
137124,Content/CDN,Hosting and Cloud Provider|Computer and Information Technology|Not Validating RPKI ROV|
137125,ISP,Not Validating RPKI ROV|Internet Service Provider (ISP)|Computer and Information Technology|
137126,Other,Computer and Information Technology|Not Validating RPKI ROV|
137127,Other,Not Validating RPKI ROV|Computer and Information Technology|
137128,Other,"Not Validating RPKI ROV|Freight, Shipment, and Postal Services|Postal Services and Couriers|"
137129,ISP,Internet Service Provider (ISP)|Computer and Information Technology|
137130,Other,"Software Development|Banks, Credit Card Companies, Mortgage Providers|Computer and Information Technology|Finance and Insurance"
137131,Content/CDN,Computer and Information Technology|Hosting and Cloud Provider|Not Validating RPKI ROV|
137132,ISP,Eyeball|Internet Service Provider (ISP)|Computer and Information Technology|Not Validating RPKI ROV
137133,ISP,Computer and Information Technology|Internet Service Provider (ISP)|Not Validating RPKI ROV|
137134,Content/CDN,Computer and Information Technology|Hosting and Cloud Provider|Not Validating RPKI ROV|
137135,ISP,Not Validating RPKI ROV|Internet Service Provider (ISP)|Computer and Information Technology|
137136,Academic/Edu,Education and Research|Research and Development Organizations|
137137,Other,"Media, Publishing, and Broadcasting|Print Media (Newspapers, Magazines, Books)|"
137138,ISP,Internet Service Provider (ISP)|Computer and Information Technology|Not Validating RPKI ROV|
137139,ISP,Internet Service Provider (ISP)|Computer and Information Technology|
137140,ISP,Computer and Information Technology|Internet Service Provider (ISP)|
137141,ISP,Internet Service Provider (ISP)|Computer and Information Technology|Validating RPKI ROV|
137142,ISP,Computer and Information Technology|Internet Service Provider (ISP)|Not Validating RPKI ROV|
137143,Other,"Not Validating RPKI ROV|Retail Stores, Wholesale, and E-commerce Sites|"
137144,ISP,Computer and Information Technology|Internet Service Provider (ISP)|Not Validating RPKI ROV|
137145,ISP,Software Development|Computer and Information Technology|Internet Service Provider (ISP)|Not Validating RPKI ROV
137146,Content/CDN,Computer and Information Technology|Hosting and Cloud Provider|Not Validating RPKI ROV|
137147,ISP,Computer and Information Technology|Internet Service Provider (ISP)|Not Validating RPKI ROV|
137148,Government,"Government and Regulatory Agencies, Administrations, Departments, and Services|Government and Public Administration|"
137149,Other,"Not Validating RPKI ROV|Finance and Insurance|Computer and Information Technology|Investment, Portfolio Management, Pensions and Funds"
137150,ISP,Not Validating RPKI ROV|Internet Service Provider (ISP)|Computer and Information Technology|
137151,ISP,"Freight, Shipment, and Postal Services|Postal Services and Couriers|Computer and Information Technology|Internet Service Provider (ISP)"
137152,ISP,Computer and Information Technology|Internet Service Provider (ISP)|Not Validating RPKI ROV|
137153,ISP,Not Validating RPKI ROV|Computer and Information Technology|Internet Service Provider (ISP)|
137154,ISP,Not Validating RPKI ROV|Internet Service Provider (ISP)|Computer and Information Technology|
137155,Enterprise,"Service|Travel and Accommodation|Law, Business, and Consulting Services|Food Services and Drinking Places"
137156,Content/CDN,Hosting and Cloud Provider|Software Development|Service|Computer and Information Technology
38857,Other,"Construction and Real Estate|Civil Engineering Construction (Utility Lines, Roads and Bridges)|"
137157,ISP,"Computer and Information Technology|Radio and Television Providers|Media, Publishing, and Broadcasting|Internet Service Provider (ISP)"
137158,ISP,"Service|Internet Service Provider (ISP)|Computer and Information Technology|Media, Publishing, and Broadcasting"
137159,ISP,Internet Service Provider (ISP)|Computer and Information Technology|Not Validating RPKI ROV|
137160,ISP,Software Development|Online Informational Content|Internet Service Provider (ISP)|Computer and Information Technology
137161,Other,"Retail Stores, Wholesale, and E-commerce Sites|"
137162,ISP,Internet Service Provider (ISP)|Computer and Information Technology|Hosting and Cloud Provider|Not Validating RPKI ROV
137163,ISP,Not Validating RPKI ROV|Computer and Information Technology|Internet Service Provider (ISP)|Software Development
137164,Other,Computer and Information Technology|Not Validating RPKI ROV|
137165,ISP,Eyeball|Computer and Information Technology|Internet Service Provider (ISP)|Finance and Insurance
137166,ISP,Eyeball|Computer and Information Technology|Internet Service Provider (ISP)|Not Validating RPKI ROV
137167,Other,Other|Not Validating RPKI ROV|
137168,ISP,Computer and Information Technology|Internet Service Provider (ISP)|
137169,ISP,"Radio and Television Providers|Media, Publishing, and Broadcasting|Computer and Information Technology|Internet Service Provider (ISP)"
137170,Other,Computer and Information Technology|
38872,Academic/Edu,"Colleges, Universities, and Professional Schools|Education and Research|Research and Development Organizations|Not Validating RPKI ROV"
137171,Other,Not Validating RPKI ROV|Computer and Information Technology|
38874,Enterprise,"Computer and Information Technology|Investment, Portfolio Management, Pensions and Funds|Banks, Credit Card Companies, Mortgage Providers|Service"
137172,ISP,Internet Service Provider (ISP)|Computer and Information Technology|Eyeball|Not Validating RPKI ROV
137173,ISP,Software Development|Internet Service Provider (ISP)|Computer and Information Technology|
137174,ISP,Not Validating RPKI ROV|Internet Service Provider (ISP)|Computer and Information Technology|
137175,Other,Other|
137176,Government,Computer and Information Technology|Finance and Insurance|Construction and Real Estate|Government and Public Administration
137177,ISP,Not Validating RPKI ROV|Internet Service Provider (ISP)|Computer and Information Technology|
137178,ISP,Internet Service Provider (ISP)|Computer and Information Technology|
137179,Enterprise,"Service|Law, Business, and Consulting Services|"
137180,ISP,Computer and Information Technology|Internet Service Provider (ISP)|
137181,ISP,Internet Service Provider (ISP)|Computer and Information Technology|Not Validating RPKI ROV|
137191,Other,"Retail Stores, Wholesale, and E-commerce Sites|Clothing, Fashion, Luggage|"
38902,ISP,Internet Service Provider (ISP)|Technology Consulting Services|Software Development|Computer and Information Technology
137210,ISP,Internet Service Provider (ISP)|Computer and Information Technology|Not Validating RPKI ROV|
137225,Other,Computer and Information Technology|
137249,Other,Other|
137279,Other,Computer and Information Technology|
137282,Academic/Edu,"Education and Research|Colleges, Universities, and Professional Schools|Research and Development Organizations|Not Validating RPKI ROV"
137389,ISP,Software Development|Internet Service Provider (ISP)|Computer and Information Technology|Validating RPKI ROV
137398,Other,"Recreation, Sports, and Performing Arts|Museums, Libraries, and Entertainment|Not Validating RPKI ROV|"
203020,ISP,ToR Services|Computer and Information Technology|Internet Service Provider (ISP)|Hosting and Cloud Provider
137488,Other,Computer and Information Technology|Software Development|
137494,ISP,"Internet Service Provider (ISP)|Law, Business, and Consulting Services|Service|Insurance Carriers and Agencies"
137497,Other,"Retail Stores, Wholesale, and E-commerce Sites|"
137504,Other,"Manufacturing|Retail Stores, Wholesale, and E-commerce Sites|Health Care Services|"
137564,ISP,"Media, Publishing, and Broadcasting|Internet Service Provider (ISP)|Computer and Information Technology|Service"
137583,Enterprise,"Law, Business, and Consulting Services|Service|Media, Publishing, and Broadcasting|Online Music and Video Streaming Services"
137586,Other,Not Validating RPKI ROV|Computer and Information Technology|
137587,ISP,Not Validating RPKI ROV|Internet Service Provider (ISP)|Computer and Information Technology|
137588,Other,"Museums, Libraries, and Entertainment|Recreation, Sports, and Performing Arts|"
137589,Other,Computer and Information Technology|Not Validating RPKI ROV|
137590,ISP,Hosting and Cloud Provider|Computer and Information Technology|Internet Service Provider (ISP)|Validating RPKI ROV
137591,ISP,Computer and Information Technology|Hosting and Cloud Provider|Internet Service Provider (ISP)|Not Validating RPKI ROV
137592,Other,Other|
137593,ISP,Computer and Information Technology|Internet Service Provider (ISP)|Hosting and Cloud Provider|Radio and Television Providers
137594,Content/CDN,Hosting and Cloud Provider|Computer and Information Technology|
137595,Other,"Print Media (Newspapers, Magazines, Books)|Media, Publishing, and Broadcasting|Validating RPKI ROV|"
137596,ISP,Computer and Information Technology|Internet Service Provider (ISP)|
137597,ISP,"Internet Service Provider (ISP)|Law, Business, and Consulting Services|Computer and Information Technology|Service"
137598,Content/CDN,Computer and Information Technology|Hosting and Cloud Provider|Not Validating RPKI ROV|
137599,Other,Computer and Information Technology|
137600,Other,Other|
137601,ISP,Internet Service Provider (ISP)|Computer and Information Technology|
137602,ISP,Computer and Information Technology|Internet Service Provider (ISP)|Phone Provider|Software Development
137603,ISP,"Internet Service Provider (ISP)|Computer and Information Technology|Retail Stores, Wholesale, and E-commerce Sites|Hosting and Cloud Provider"
137604,ISP,Internet Service Provider (ISP)|Computer and Information Technology|Not Validating RPKI ROV|
137605,Enterprise,"Computer and Information Technology|Manufacturing|Service|Law, Business, and Consulting Services"
137606,Other,Computer and Information Technology|Not Validating RPKI ROV|
137607,Enterprise,"Finance and Insurance|Service|Banks, Credit Card Companies, Mortgage Providers|Law, Business, and Consulting Services"
137608,ISP,Computer and Information Technology|Internet Service Provider (ISP)|Not Validating RPKI ROV|
203145,Other,Content|Personal ASN|
137609,ISP,Internet Service Provider (ISP)|Computer and Information Technology|Not Validating RPKI ROV|
137610,ISP,Not Validating RPKI ROV|Computer and Information Technology|Internet Service Provider (ISP)|
137611,Other,Not Validating RPKI ROV|Technology Consulting Services|Service|Software Development
137612,ISP,Internet Service Provider (ISP)|Computer and Information Technology|Not Validating RPKI ROV|Eyeball
137613,ISP,"Retail Stores, Wholesale, and E-commerce Sites|Computer and Information Technology|Internet Service Provider (ISP)|"
137614,ISP,Software Development|Computer and Information Technology|Internet Service Provider (ISP)|Finance and Insurance
137615,Content/CDN,Hosting and Cloud Provider|Computer and Information Technology|Not Validating RPKI ROV|
137616,Other,"Not Validating RPKI ROV|Radio and Television Providers|Media, Publishing, and Broadcasting|"
137617,ISP,Computer and Information Technology|Internet Service Provider (ISP)|Not Validating RPKI ROV|
137618,ISP,Computer and Information Technology|Internet Service Provider (ISP)|
137619,ISP,Internet Service Provider (ISP)|Computer and Information Technology|
137620,ISP,Not Validating RPKI ROV|Computer and Information Technology|Internet Service Provider (ISP)|
137621,ISP,Computer and Information Technology|Internet Service Provider (ISP)|Hosting and Cloud Provider|
137622,Other,Not Validating RPKI ROV|Computer and Information Technology|
137623,Other,Software Development|Manufacturing|Computer and Information Technology|Not Validating RPKI ROV
137624,ISP,Not Validating RPKI ROV|Internet Service Provider (ISP)|Computer and Information Technology|
137625,Content/CDN,Hosting and Cloud Provider|Computer and Information Technology|Not Validating RPKI ROV|
137626,Content/CDN,"Software Development|Service|Media, Publishing, and Broadcasting|Computer and Information Technology"
137627,ISP,Computer and Information Technology|Internet Service Provider (ISP)|Not Validating RPKI ROV|
137628,ISP,Computer and Information Technology|Internet Service Provider (ISP)|Not Validating RPKI ROV|
137629,ISP,Computer and Information Technology|Internet Service Provider (ISP)|
137630,Content/CDN,Hosting and Cloud Provider|Computer and Information Technology|Not Validating RPKI ROV|
137631,ISP,Internet Service Provider (ISP)|Computer and Information Technology|Not Validating RPKI ROV|
137632,Other,"Chemical and Pharmaceutical Manufacturing|Electric Power Generation, Transmission, Distribution|Utilities (Excluding Internet Service)|Agriculture, Mining, and Refineries (Farming, Greenhouses, Mining, Forestry, and Animal Farming)"
137633,ISP,Computer and Information Technology|Internet Service Provider (ISP)|Not Validating RPKI ROV|
137634,ISP,"Software Development|Computer and Information Technology|Internet Service Provider (ISP)|Media, Publishing, and Broadcasting"
137635,Other,"Print Media (Newspapers, Magazines, Books)|Media, Publishing, and Broadcasting|"
137636,ISP,Computer and Information Technology|Internet Service Provider (ISP)|Not Validating RPKI ROV|
137637,Other,Computer and Information Technology|
137638,Other,"Metal, Glass, Wood, and Paper Manufacturing|Manufacturing|Machinery|"
137639,ISP,Not Validating RPKI ROV|Computer and Information Technology|Internet Service Provider (ISP)|
137640,ISP,Internet Service Provider (ISP)|Computer and Information Technology|
137641,ISP,Software Development|Education and Research|Computer and Information Technology|Internet Service Provider (ISP)
137642,ISP,"Computer and Information Technology|Internet Service Provider (ISP)|Postal Services and Couriers|Freight, Shipment, and Postal Services"
137643,Content/CDN,Computer and Information Technology|Hosting and Cloud Provider|
137644,Other,Computer and Information Technology|
137645,Other,Not Validating RPKI ROV|Computer and Information Technology|
137646,Government,"Government and Public Administration|Government and Regulatory Agencies, Administrations, Departments, and Services|Not Validating RPKI ROV|"
137647,Other,Computer and Information Technology|
137648,ISP,Computer and Information Technology|Internet Service Provider (ISP)|
137649,ISP,Internet Service Provider (ISP)|Computer and Information Technology|Not Validating RPKI ROV|
137650,ISP,Computer and Information Technology|Internet Service Provider (ISP)|Not Validating RPKI ROV|
137651,ISP,Not Validating RPKI ROV|Internet Service Provider (ISP)|Computer and Information Technology|
137652,ISP,Travel and Accommodation|Computer and Information Technology|Internet Service Provider (ISP)|Hosting and Cloud Provider
137654,ISP,Internet Service Provider (ISP)|Computer and Information Technology|
137653,ISP,Internet Service Provider (ISP)|Computer and Information Technology|Not Validating RPKI ROV|
137655,Content/CDN,Not Validating RPKI ROV|Hosting and Cloud Provider|Software Development|Computer and Information Technology
137656,ISP,Internet Service Provider (ISP)|Computer and Information Technology|Not Validating RPKI ROV|
137657,Eyeball,Computer and Information Technology|Not Validating RPKI ROV|Eyeball|
137658,Other,"Media, Publishing, and Broadcasting|Radio and Television Providers|"
137659,ISP,Computer and Information Technology|Internet Service Provider (ISP)|Not Validating RPKI ROV|Eyeball
137660,Other,Software Development|Computer and Information Technology|Not Validating RPKI ROV|
137661,Other,Tranco 10k Host|Computer and Information Technology|Software Development|Not Validating RPKI ROV
137662,Other,"Investment, Portfolio Management, Pensions and Funds|Finance and Insurance|Computer and Information Technology|Banks, Credit Card Companies, Mortgage Providers"
137663,ISP,Computer and Information Technology|Internet Service Provider (ISP)|
137664,ISP,Computer and Information Technology|Internet Service Provider (ISP)|
137665,ISP,Computer and Network Security|Computer and Information Technology|Internet Service Provider (ISP)|Not Validating RPKI ROV
137667,ISP,Computer and Information Technology|Internet Service Provider (ISP)|Validating RPKI ROV|
137668,ISP,Computer and Information Technology|Internet Service Provider (ISP)|Hosting and Cloud Provider|Software Development
137666,ISP,Not Validating RPKI ROV|Hosting and Cloud Provider|Internet Service Provider (ISP)|Computer and Information Technology
137669,ISP,"Computer and Information Technology|Radio and Television Providers|Media, Publishing, and Broadcasting|Internet Service Provider (ISP)"
137670,Other,"Finance and Insurance|Banks, Credit Card Companies, Mortgage Providers|"
137671,Government,"Government and Regulatory Agencies, Administrations, Departments, and Services|Government and Public Administration|"
137672,Other,Health Care Services|Not Validating RPKI ROV|
137673,Other,"Chemical and Pharmaceutical Manufacturing|Construction and Real Estate|Manufacturing|Retail Stores, Wholesale, and E-commerce Sites"
137675,ISP,Insurance Carriers and Agencies|Finance and Insurance|
137674,ISP,Internet Service Provider (ISP)|Computer and Information Technology|Hosting and Cloud Provider|
137676,Other,Community Groups and Nonprofits|
137677,ISP,Not Validating RPKI ROV|Internet Service Provider (ISP)|Computer and Information Technology|
137678,ISP,Not Validating RPKI ROV|Internet Service Provider (ISP)|Computer and Information Technology|
137679,Content/CDN,Computer and Information Technology|Hosting and Cloud Provider|Not Validating RPKI ROV|
137680,ISP,"Online Informational Content|Computer and Information Technology|Media, Publishing, and Broadcasting|Internet Service Provider (ISP)"
137681,ISP,"Home ISP|Radio and Television Providers|Media, Publishing, and Broadcasting|Not Validating RPKI ROV"
137682,ISP,Computer and Information Technology|Internet Service Provider (ISP)|Not Validating RPKI ROV|
137683,ISP,"Service|Computer and Information Technology|Media, Publishing, and Broadcasting|Internet Service Provider (ISP)"
137684,ISP,Internet Service Provider (ISP)|Computer and Information Technology|
137685,Other,Computer and Information Technology|
39486,ISP,Validating RPKI ROV|Internet Service Provider (ISP)|Computer and Information Technology|
137817,Other,"Retail Stores, Wholesale, and E-commerce Sites|"
137836,Other,"Electric Power Generation, Transmission, Distribution|Utilities (Excluding Internet Service)|Not Validating RPKI ROV|"
137849,Enterprise,"Service|Law, Business, and Consulting Services|Software Development|Computer and Information Technology"
137851,Other,"Retail Stores, Wholesale, and E-commerce Sites|Metal, Glass, Wood, and Paper Manufacturing|Manufacturing|"
137931,Content/CDN,Software Development|Computer and Information Technology|Hosting and Cloud Provider|
137956,Academic/Edu,"Education and Research|Colleges, Universities, and Professional Schools|Elementary and Secondary Schools|Not Validating RPKI ROV"
137972,Other,"Retail Stores, Wholesale, and E-commerce Sites|Not Validating RPKI ROV|"
138012,Government,"Computer and Information Technology|Military, Defense, National Security, and International Affairs|Computer and Network Security|Government and Public Administration"
138035,Academic/Edu,Education and Research|Health Care Services|Validating RPKI ROV|
138154,ISP,"Computer and Information Technology|Software Development|Finance and Insurance|Banks, Credit Card Companies, Mortgage Providers"
138155,Academic/Edu,"Academic|Not Validating RPKI ROV|Education and Research|Colleges, Universities, and Professional Schools"
138159,ISP,Computer and Information Technology|Internet Service Provider (ISP)|
138161,Other,"Investment, Portfolio Management, Pensions and Funds|Finance and Insurance|"
138162,Other,"Health Care Services|Agriculture, Mining, and Refineries (Farming, Greenhouses, Mining, Forestry, and Animal Farming)|Chemical and Pharmaceutical Manufacturing|Manufacturing"
138176,ISP,"Investment, Portfolio Management, Pensions and Funds|Insurance Carriers and Agencies|Service|Law, Business, and Consulting Services"
138202,Other,Manufacturing|Electronics and Computer Components|
138219,Other,"Finance and Insurance|Banks, Credit Card Companies, Mortgage Providers|"
138220,ISP,Internet Service Provider (ISP)|Computer and Information Technology|
138221,ISP,Internet Service Provider (ISP)|Computer and Information Technology|Validating RPKI ROV|
138222,ISP,Health Care Services|Computer and Information Technology|Internet Service Provider (ISP)|Not Validating RPKI ROV
138223,ISP,Hosting and Cloud Provider|Internet Service Provider (ISP)|Computer and Information Technology|
138224,Other,"Personal Care and Lifestyle (Barber Shops, Nail Salons, Diet Centers, Laundry, etc)|Service|Not Validating RPKI ROV|"
138225,ISP,Not Validating RPKI ROV|Computer and Information Technology|Internet Service Provider (ISP)|
138226,Other,Computer and Information Technology|
138227,Content/CDN,Hosting and Cloud Provider|Computer and Information Technology|Not Validating RPKI ROV|
138228,Other,"Postal Services and Couriers|Freight, Shipment, and Postal Services|"
138229,ISP,Internet Service Provider (ISP)|Computer and Information Technology|Not Validating RPKI ROV|
138230,Other,"Personal Care and Lifestyle (Barber Shops, Nail Salons, Diet Centers, Laundry, etc)|Service|Not Validating RPKI ROV|"
138231,Academic/Edu,"Education and Research|Colleges, Universities, and Professional Schools|Not Validating RPKI ROV|"
138232,Other,"Retail Stores, Wholesale, and E-commerce Sites|Not Validating RPKI ROV|"
138233,Other,Service|
138234,Other,Computer and Information Technology|
138235,ISP,Not Validating RPKI ROV|Internet Service Provider (ISP)|Computer and Information Technology|
138236,Other,Computer and Information Technology|Not Validating RPKI ROV|
138237,Other,"Computer and Information Technology|Museums, Libraries, and Entertainment|Software Development|"
138238,Other,Computer and Information Technology|
138239,ISP,Software Development|Computer and Information Technology|Internet Service Provider (ISP)|
138240,ISP,"Internet Service Provider (ISP)|Online Informational Content|Computer and Information Technology|Media, Publishing, and Broadcasting"
138242,ISP,Computer and Information Technology|Internet Service Provider (ISP)|Not Validating RPKI ROV|
138243,Other,"Not Validating RPKI ROV|Retail Stores, Wholesale, and E-commerce Sites|"
138244,Other,Computer and Information Technology|
138245,Content/CDN,Not Validating RPKI ROV|Computer and Information Technology|Hosting and Cloud Provider|
138246,ISP,"Media, Publishing, and Broadcasting|Online Informational Content|Law, Business, and Consulting Services|Hosting and Cloud Provider"
138247,Academic/Edu,Research and Development Organizations|Education and Research|Not Validating RPKI ROV|
138248,ISP,Hosting and Cloud Provider|Software Development|Internet Service Provider (ISP)|Computer and Information Technology
138249,ISP,Computer and Information Technology|Internet Service Provider (ISP)|
138250,Other,Software Development|Computer and Information Technology|
138251,ISP,Service|Software Development|Computer and Information Technology|Internet Service Provider (ISP)
138252,ISP,Internet Service Provider (ISP)|Computer and Information Technology|Not Validating RPKI ROV|
138253,ISP,Computer and Information Technology|Internet Service Provider (ISP)|
138254,Content/CDN,Computer and Information Technology|Hosting and Cloud Provider|Not Validating RPKI ROV|
138255,Other,Computer and Information Technology|
138256,ISP,Computer and Information Technology|Internet Service Provider (ISP)|
138257,ISP,Not Validating RPKI ROV|Computer and Information Technology|Internet Service Provider (ISP)|
138258,Content/CDN,"Not Validating RPKI ROV|Hosting and Cloud Provider|Media, Publishing, and Broadcasting|Radio and Television Providers"
138259,ISP,Home ISP|Business Broadband|Not Validating RPKI ROV|Internet Service Provider (ISP)
138260,ISP,Internet Service Provider (ISP)|Computer and Information Technology|Not Validating RPKI ROV|
138261,Content/CDN,Computer and Information Technology|Hosting and Cloud Provider|Not Validating RPKI ROV|
138262,ISP,Computer and Information Technology|Internet Service Provider (ISP)|Not Validating RPKI ROV|
138263,ISP,Internet Service Provider (ISP)|Computer and Information Technology|Not Validating RPKI ROV|
138264,Content/CDN,Hosting and Cloud Provider|Computer and Information Technology|Not Validating RPKI ROV|
138265,ISP,"Service|Law, Business, and Consulting Services|Software Development|Internet Service Provider (ISP)"
138266,Other,Computer and Information Technology|
138267,Other,Not Validating RPKI ROV|Software Development|Computer and Information Technology|
138268,Other,Computer and Information Technology|
138269,Other,"Media, Publishing, and Broadcasting|Radio and Television Providers|Not Validating RPKI ROV|"
138270,Other,"Finance and Insurance|Software Development|Computer and Information Technology|Banks, Credit Card Companies, Mortgage Providers"
138271,Other,Construction and Real Estate|Real Estate (Residential and/or Commercial)|
138272,ISP,Not Validating RPKI ROV|Computer and Information Technology|Internet Service Provider (ISP)|
138273,Other,Computer and Information Technology|
138274,Content/CDN,Hosting and Cloud Provider|Computer and Information Technology|
138275,Other,Manufacturing|Not Validating RPKI ROV|
138276,ISP,Computer and Information Technology|Internet Service Provider (ISP)|Hosting and Cloud Provider|Not Validating RPKI ROV
138277,ISP,Internet Service Provider (ISP)|Computer and Information Technology|
138278,ISP,Not Validating RPKI ROV|Computer and Information Technology|Internet Service Provider (ISP)|
138279,ISP,Internet Service Provider (ISP)|Computer and Information Technology|
138280,Content/CDN,Computer and Information Technology|Hosting and Cloud Provider|Not Validating RPKI ROV|
138281,Content/CDN,Computer and Information Technology|Hosting and Cloud Provider|Not Validating RPKI ROV|
138282,Other,"Freight, Shipment, and Postal Services|Passenger Transit (Car, Bus, Taxi, Subway)|"
138283,Other,Other|
138284,ISP,Internet Service Provider (ISP)|Computer and Information Technology|
138285,Other,"Metal, Glass, Wood, and Paper Manufacturing|Manufacturing|Automotive and Transportation|"
138286,Other,"Freight, Shipment, and Postal Services|Postal Services and Couriers|"
138287,ISP,Internet Service Provider (ISP)|Computer and Information Technology|Not Validating RPKI ROV|
138288,ISP,"Computer and Information Technology|Internet Service Provider (ISP)|Hosting and Cloud Provider|Media, Publishing, and Broadcasting"
138289,ISP,Internet Service Provider (ISP)|Computer and Information Technology|Not Validating RPKI ROV|
138290,ISP,Not Validating RPKI ROV|Computer and Information Technology|Internet Service Provider (ISP)|
138291,Other,Computer and Information Technology|Not Validating RPKI ROV|
138292,ISP,Internet Service Provider (ISP)|Computer and Information Technology|Not Validating RPKI ROV|
138293,Other,Computer and Information Technology|
138294,Other,Other|
138295,Other,"Service|Metal, Glass, Wood, and Paper Manufacturing|Freight, Shipment, and Postal Services|Manufacturing"
138296,ISP,Not Validating RPKI ROV|Computer and Information Technology|Internet Service Provider (ISP)|
138297,Other,Computer and Information Technology|Validating RPKI ROV|
138298,ISP,Not Validating RPKI ROV|Computer and Information Technology|Internet Service Provider (ISP)|
138299,Content/CDN,Hosting and Cloud Provider|Computer and Information Technology|Not Validating RPKI ROV|
138300,ISP,Not Validating RPKI ROV|Computer and Information Technology|Internet Service Provider (ISP)|
138301,Other,"Radio and Television Providers|Media, Publishing, and Broadcasting|Online Informational Content|Not Validating RPKI ROV"
138302,ISP,Computer and Information Technology|Internet Service Provider (ISP)|Not Validating RPKI ROV|
138303,Other,Construction and Real Estate|Real Estate (Residential and/or Commercial)|
138304,ISP,Computer and Information Technology|Internet Service Provider (ISP)|Hosting and Cloud Provider|
138305,Other,"Radio and Television Providers|Media, Publishing, and Broadcasting|"
138306,ISP,Internet Service Provider (ISP)|Computer and Information Technology|
138307,ISP,Computer and Information Technology|Internet Service Provider (ISP)|
138308,Enterprise,"Construction and Real Estate|Media, Publishing, and Broadcasting|Computer and Information Technology|Finance and Insurance"
138309,ISP,Computer and Information Technology|Internet Service Provider (ISP)|
138310,Enterprise,"Manufacturing|Food, Grocery, Beverages|Food Services and Drinking Places|Retail Stores, Wholesale, and E-commerce Sites"
138311,ISP,Home ISP|Computer and Information Technology|Internet Service Provider (ISP)|Not Validating RPKI ROV
138312,ISP,Not Validating RPKI ROV|Internet Service Provider (ISP)|Computer and Information Technology|Hosting and Cloud Provider
138313,Other,Computer and Information Technology|Not Validating RPKI ROV|
138314,Other,Computer and Information Technology|
138315,ISP,Not Validating RPKI ROV|Internet Service Provider (ISP)|Computer and Information Technology|
138316,ISP,Computer and Information Technology|Internet Service Provider (ISP)|Not Validating RPKI ROV|
138317,ISP,Not Validating RPKI ROV|Computer and Information Technology|Internet Service Provider (ISP)|
138318,Other,"Banks, Credit Card Companies, Mortgage Providers|Finance and Insurance|"
138319,Other,Buildings (Residential or Commercial)|Construction and Real Estate|
138389,ISP,"Hosting and Cloud Provider|Finance and Insurance|Service|Law, Business, and Consulting Services"
138411,ISP,Internet Service Provider (ISP)|Computer and Information Technology|Not Validating RPKI ROV|
138425,ISP,"Finance and Insurance|Media, Publishing, and Broadcasting|Software Development|Insurance Carriers and Agencies"
203999,ISP,Validating RPKI ROV|Software Development|Hosting and Cloud Provider|Computer and Information Technology
138518,Other,Computer and Information Technology|
138520,ISP,Computer and Information Technology|Internet Service Provider (ISP)|Not Validating RPKI ROV|
138531,Other,"Service|Buildings, Repair, Maintenance (Pest Control, Landscaping, Cleaning, Locksmiths, Car Washes, etc)|"
7487,ISP,"Law, Business, and Consulting Services|Service|Software Development|Internet Service Provider (ISP)"
138565,ISP,Computer and Information Technology|Internet Service Provider (ISP)|Not Validating RPKI ROV|
7494,ISP,Carrier|Computer and Information Technology|Internet Service Provider (ISP)|
138639,Other,"Automotive and Transportation|Manufacturing|Retail Stores, Wholesale, and E-commerce Sites|Not Validating RPKI ROV"
7593,ISP,Internet Service Provider (ISP)|Computer and Information Technology|Hosting and Cloud Provider|
138671,Content/CDN,Hosting and Cloud Provider|Computer and Information Technology|Not Validating RPKI ROV|
138696,ISP,Software Development|Computer and Information Technology|Internet Service Provider (ISP)|Finance and Insurance
138702,Other,"Retail Stores, Wholesale, and E-commerce Sites|"
138703,Other,Computer and Information Technology|
138704,Other,Computer and Information Technology|
7633,ISP,Not Validating RPKI ROV|Technology Consulting Services|Software Development|Computer and Information Technology
138705,Content/CDN,Computer and Information Technology|Hosting and Cloud Provider|
138706,Other,"Personal Care and Lifestyle (Barber Shops, Nail Salons, Diet Centers, Laundry, etc)|Service|Not Validating RPKI ROV|"
138707,ISP,Computer and Information Technology|Internet Service Provider (ISP)|
138708,Content/CDN,Computer and Information Technology|Hosting and Cloud Provider|
138709,ISP,Computer and Information Technology|Internet Service Provider (ISP)|Hosting and Cloud Provider|Not Validating RPKI ROV
138710,ISP,Not Validating RPKI ROV|Hosting and Cloud Provider|Internet Service Provider (ISP)|Computer and Information Technology
138711,Other,Real Estate (Residential and/or Commercial)|Construction and Real Estate|Not Validating RPKI ROV|
138712,ISP,Internet Service Provider (ISP)|Computer and Information Technology|Not Validating RPKI ROV|
138713,ISP,Internet Service Provider (ISP)|Hosting and Cloud Provider|Computer and Information Technology|Not Validating RPKI ROV
138714,Content/CDN,Computer and Information Technology|Hosting and Cloud Provider|Not Validating RPKI ROV|
138715,Other,Computer and Information Technology|
138716,ISP,Computer and Information Technology|Internet Service Provider (ISP)|Not Validating RPKI ROV|
138717,ISP,Internet Service Provider (ISP)|Computer and Information Technology|Not Validating RPKI ROV|
138718,ISP,Not Validating RPKI ROV|Computer and Information Technology|Internet Service Provider (ISP)|Hosting and Cloud Provider
138719,Enterprise,"Service|Law, Business, and Consulting Services|Not Validating RPKI ROV|"
138720,ISP,Not Validating RPKI ROV|Internet Service Provider (ISP)|Computer and Information Technology|
138721,Enterprise,"Retail Stores, Wholesale, and E-commerce Sites|Service|Law, Business, and Consulting Services|"
138722,Other,"Freight, Shipment, and Postal Services|Postal Services and Couriers|"
138723,Other,"Postal Services and Couriers|Freight, Shipment, and Postal Services|"
138724,Other,Computer and Information Technology|
138725,Enterprise,"Service|Law, Business, and Consulting Services|"
138726,ISP,Not Validating RPKI ROV|Computer and Information Technology|Internet Service Provider (ISP)|
138727,Government,Software Development|Computer and Information Technology|Government|Tranco 10k Host
138728,Content/CDN,Computer and Information Technology|Hosting and Cloud Provider|
138729,ISP,Phone Provider|Computer and Information Technology|Internet Service Provider (ISP)|Not Validating RPKI ROV
138730,ISP,Not Validating RPKI ROV|Internet Service Provider (ISP)|Computer and Information Technology|
138731,ISP,Not Validating RPKI ROV|Internet Service Provider (ISP)|Computer and Information Technology|
138732,Content/CDN,Computer and Information Technology|Hosting and Cloud Provider|
138733,Other,Computer and Information Technology|Not Validating RPKI ROV|
138734,ISP,Not Validating RPKI ROV|Computer and Information Technology|Internet Service Provider (ISP)|
138735,Other,"Postal Services and Couriers|Freight, Shipment, and Postal Services|"
138736,Other,Computer and Information Technology|Not Validating RPKI ROV|
138737,ISP,Not Validating RPKI ROV|Internet Service Provider (ISP)|Computer and Information Technology|
138738,ISP,Not Validating RPKI ROV|Computer and Information Technology|Internet Service Provider (ISP)|
138739,Other,"Investment, Portfolio Management, Pensions and Funds|Banks, Credit Card Companies, Mortgage Providers|Finance and Insurance|"
138740,Other,Computer and Information Technology|Not Validating RPKI ROV|
138741,Content/CDN,Hosting and Cloud Provider|Computer and Information Technology|Not Validating RPKI ROV|
138742,Other,Other|
138743,Other,Computer and Information Technology|Software Development|Not Validating RPKI ROV|
138744,Other,Computer and Information Technology|
138745,ISP,Internet Service Provider (ISP)|Computer and Information Technology|Not Validating RPKI ROV|
138746,ISP,Not Validating RPKI ROV|Computer and Information Technology|Internet Service Provider (ISP)|
138747,ISP,Chemical and Pharmaceutical Manufacturing|Software Development|Manufacturing|Computer and Information Technology
138748,Other,"Personal Care and Lifestyle (Barber Shops, Nail Salons, Diet Centers, Laundry, etc)|Service|"
138749,ISP,"Service|Media, Publishing, and Broadcasting|Internet Service Provider (ISP)|Computer and Information Technology"
204287,ISP,Eyeball|Internet Service Provider (ISP)|Computer and Information Technology|Hosting and Cloud Provider
138751,ISP,Computer and Information Technology|Internet Service Provider (ISP)|
138752,Other,"Media, Publishing, and Broadcasting|Print Media (Newspapers, Magazines, Books)|Not Validating RPKI ROV|"
138750,Content/CDN,Hosting and Cloud Provider|Computer and Information Technology|Not Validating RPKI ROV|
138753,Other,Computer and Information Technology|
138754,ISP,Home ISP|Radio and Television Providers|Computer and Information Technology|Internet Service Provider (ISP)
138755,Content/CDN,Computer and Information Technology|Hosting and Cloud Provider|Validating RPKI ROV|
138756,Content/CDN,Hosting and Cloud Provider|Computer and Information Technology|Not Validating RPKI ROV|
138757,ISP,"Retail Stores, Wholesale, and E-commerce Sites|Hosting and Cloud Provider|Software Development|Internet Service Provider (ISP)"
138758,Other,Computer and Information Technology|Not Validating RPKI ROV|
138759,ISP,Software Development|Internet Service Provider (ISP)|Computer and Information Technology|Not Validating RPKI ROV
138760,Other,Other|Not Validating RPKI ROV|
138761,ISP,Computer and Information Technology|Internet Service Provider (ISP)|Not Validating RPKI ROV|
138762,ISP,Not Validating RPKI ROV|Computer and Information Technology|Internet Service Provider (ISP)|
138763,ISP,Not Validating RPKI ROV|Internet Service Provider (ISP)|Computer and Information Technology|
138764,ISP,Computer and Information Technology|Internet Service Provider (ISP)|Validating RPKI ROV|
138765,Other,"Retail Stores, Wholesale, and E-commerce Sites|"
138766,Other,Computer and Information Technology|Not Validating RPKI ROV|
138767,Other,Computer and Information Technology|
138768,ISP,Internet Service Provider (ISP)|Computer and Information Technology|
138769,ISP,Computer and Information Technology|Internet Service Provider (ISP)|
138770,ISP,Computer and Information Technology|Internet Service Provider (ISP)|
138771,Content/CDN,Not Validating RPKI ROV|Hosting and Cloud Provider|Computer and Information Technology|
138772,Content/CDN,Computer and Information Technology|Hosting and Cloud Provider|Not Validating RPKI ROV|
138773,Other,Not Validating RPKI ROV|Computer and Information Technology|
138775,ISP,"Media, Publishing, and Broadcasting|Computer and Information Technology|Internet Service Provider (ISP)|Law, Business, and Consulting Services"
138774,Content/CDN,Hosting and Cloud Provider|Computer and Information Technology|
138776,ISP,Not Validating RPKI ROV|Computer and Information Technology|Internet Service Provider (ISP)|
138777,Other,"Investment, Portfolio Management, Pensions and Funds|Manufacturing|Computer and Information Technology|Retail Stores, Wholesale, and E-commerce Sites"
138778,Other,"Retail Stores, Wholesale, and E-commerce Sites|Not Validating RPKI ROV|"
138779,Other,"Freight, Shipment, and Postal Services|Postal Services and Couriers|"
138780,ISP,Software Development|Internet Service Provider (ISP)|Computer and Information Technology|
138781,ISP,"Online Informational Content|Internet Service Provider (ISP)|Computer and Information Technology|Media, Publishing, and Broadcasting"
138782,ISP,"Media, Publishing, and Broadcasting|Radio and Television Providers|Computer and Information Technology|Internet Service Provider (ISP)"
138783,Other,Not Validating RPKI ROV|Other|
138784,Enterprise,"Service|Air Transportation|Law, Business, and Consulting Services|Freight, Shipment, and Postal Services"
138785,ISP,Software Development|Computer and Information Technology|Internet Service Provider (ISP)|Hosting and Cloud Provider
138786,Other,Not Validating RPKI ROV|Health Care Services|Computer and Information Technology|
138787,Other,Not Validating RPKI ROV|Computer and Information Technology|
138788,ISP,Not Validating RPKI ROV|Computer and Information Technology|Internet Service Provider (ISP)|
138789,ISP,Computer and Information Technology|Internet Service Provider (ISP)|Not Validating RPKI ROV|
138790,ISP,Not Validating RPKI ROV|Hosting and Cloud Provider|Internet Service Provider (ISP)|Computer and Information Technology
138791,Other,Community Groups and Nonprofits|
138792,Content/CDN,Hosting and Cloud Provider|Computer and Information Technology|Not Validating RPKI ROV|
138793,Other,Computer and Information Technology|
138794,ISP,Validating RPKI ROV|Computer and Information Technology|Internet Service Provider (ISP)|
138797,ISP,Internet Service Provider (ISP)|Computer and Information Technology|
138795,ISP,Computer and Information Technology|Internet Service Provider (ISP)|
138796,ISP,Hosting and Cloud Provider|Computer and Information Technology|Internet Service Provider (ISP)|
138798,ISP,"Service|Buildings, Repair, Maintenance (Pest Control, Landscaping, Cleaning, Locksmiths, Car Washes, etc)|Hosting and Cloud Provider|Media, Publishing, and Broadcasting"
138799,ISP,Computer and Information Technology|Internet Service Provider (ISP)|
138800,ISP,Not Validating RPKI ROV|Computer and Information Technology|Internet Service Provider (ISP)|
138801,ISP,Not Validating RPKI ROV|Computer and Information Technology|Internet Service Provider (ISP)|Service
138922,Other,"Retail Stores, Wholesale, and E-commerce Sites|"
138942,Academic/Edu,"Research and Development Organizations|Retail Stores, Wholesale, and E-commerce Sites|Education and Research|"
138957,Other,"Media, Publishing, and Broadcasting|Retail Stores, Wholesale, and E-commerce Sites|Online Music and Video Streaming Services|Manufacturing"
138972,Enterprise,"Service|Law, Business, and Consulting Services|Media, Publishing, and Broadcasting|"
139063,ISP,Software Development|Computer and Information Technology|Internet Service Provider (ISP)|
139066,ISP,"Service|Law, Business, and Consulting Services|Software Development|Computer and Information Technology"
139068,ISP,Software Development|Internet Service Provider (ISP)|Computer and Information Technology|Service
139195,ISP,"Not Validating RPKI ROV|Computer and Information Technology|Internet Service Provider (ISP)|Media, Publishing, and Broadcasting"
139199,Other,"Retail Stores, Wholesale, and E-commerce Sites|"
139211,Other,Service|
139234,Other,"Health Care Services|Software Development|Museums, Libraries, and Entertainment|Computer and Information Technology"
139269,ISP,Software Development|Computer and Information Technology|Internet Service Provider (ISP)|Community Groups and Nonprofits
139318,Other,Manufacturing|Electronics and Computer Components|
139320,ISP,Software Development|Computer and Information Technology|Internet Service Provider (ISP)|Hosting and Cloud Provider
139331,Other,Not Validating RPKI ROV|Computer and Information Technology|
139463,ISP,Software Development|Computer and Information Technology|Service|Internet Service Provider (ISP)
139477,ISP,"Internet Service Provider (ISP)|Online Informational Content|Computer and Information Technology|Media, Publishing, and Broadcasting"
139478,Content/CDN,"Hosting and Cloud Provider|Software Development|Service|Law, Business, and Consulting Services"
139479,Other,"Personal Care and Lifestyle (Barber Shops, Nail Salons, Diet Centers, Laundry, etc)|Service|"
139480,ISP,"Investment, Portfolio Management, Pensions and Funds|Insurance Carriers and Agencies|Finance and Insurance|"
139481,Content/CDN,Computer and Information Technology|Hosting and Cloud Provider|Not Validating RPKI ROV|
139482,Other,Not Validating RPKI ROV|Computer and Information Technology|
139483,Other,Computer and Information Technology|Not Validating RPKI ROV|
139484,Other,Not Validating RPKI ROV|Computer and Information Technology|
139485,ISP,Internet Service Provider (ISP)|Computer and Information Technology|
139486,Other,Travel and Accommodation|
139487,Other,Computer and Information Technology|
139488,ISP,"Law, Business, and Consulting Services|Service|Internet Service Provider (ISP)|Computer and Information Technology"
139489,ISP,"Computer and Information Technology|Internet Service Provider (ISP)|Law, Business, and Consulting Services|Hosting and Cloud Provider"
139490,ISP,Internet Service Provider (ISP)|Computer and Information Technology|
139491,ISP,Computer and Information Technology|Internet Service Provider (ISP)|
139492,Other,Computer and Information Technology|
139493,ISP,Computer and Information Technology|Internet Service Provider (ISP)|
139494,ISP,"Media, Publishing, and Broadcasting|Finance and Insurance|Insurance Carriers and Agencies|Law, Business, and Consulting Services"
139495,Other,Computer and Information Technology|Not Validating RPKI ROV|
139496,Other,"Media, Publishing, and Broadcasting|Radio and Television Providers|"
139497,Other,Computer and Information Technology|Not Validating RPKI ROV|
139498,ISP,Not Validating RPKI ROV|Internet Service Provider (ISP)|Computer and Information Technology|
139499,Other,"Software Development|Buildings, Repair, Maintenance (Pest Control, Landscaping, Cleaning, Locksmiths, Car Washes, etc)|Service|Computer and Information Technology"
139500,Other,Other|
139501,Government,"Law Enforcement, Public Safety, and Justice|Government and Public Administration|Government and Regulatory Agencies, Administrations, Departments, and Services|Buildings, Repair, Maintenance (Pest Control, Landscaping, Cleaning, Locksmiths, Car Washes, etc)"
139502,Other,"furniture|Clothing and Textiles|Manufacturing|Retail Stores, Wholesale, and E-commerce Sites"
139503,Content/CDN,Computer and Information Technology|Hosting and Cloud Provider|
139504,ISP,Internet Service Provider (ISP)|Computer and Information Technology|
139505,Other,Electronics and Computer Components|Manufacturing|
139506,Other,Computer and Information Technology|
139507,Enterprise,"Computer and Information Technology|Service|Law, Business, and Consulting Services|Media, Publishing, and Broadcasting"
139508,Other,Not Validating RPKI ROV|Other|
139509,Other,Computer and Information Technology|Software Development|Not Validating RPKI ROV|
139510,ISP,Internet Service Provider (ISP)|Computer and Information Technology|Not Validating RPKI ROV|
139511,Other,"Finance and Insurance|Banks, Credit Card Companies, Mortgage Providers|Not Validating RPKI ROV|"
139512,ISP,Insurance Carriers and Agencies|Service|Finance and Insurance|Health Care Services
139513,Other,Computer and Information Technology|
139514,ISP,Not Validating RPKI ROV|Computer and Information Technology|Internet Service Provider (ISP)|
139515,ISP,"Home ISP|Freight, Shipment, and Postal Services|Postal Services and Couriers|Business Broadband"
139516,Academic/Edu,"Investment, Portfolio Management, Pensions and Funds|Education and Research|Finance and Insurance|Elementary and Secondary Schools"
139517,Academic/Edu,"Education and Research|Other Schools, Instruction, and Exam Preparation (Trade Schools, Art Schools, Driving Instruction, etc.)|"
139518,ISP,"Media, Publishing, and Broadcasting|Computer and Information Technology|Radio and Television Providers|Internet Service Provider (ISP)"
139519,ISP,Software Development|Computer and Information Technology|Internet Service Provider (ISP)|
139520,Other,"Electronics and Computer Components|Machinery|Manufacturing|Retail Stores, Wholesale, and E-commerce Sites"
139521,ISP,Validating RPKI ROV|Internet Service Provider (ISP)|Computer and Information Technology|
139522,ISP,Software Development|Internet Service Provider (ISP)|Computer and Information Technology|
139523,ISP,Computer and Information Technology|Internet Service Provider (ISP)|
139524,ISP,Internet Service Provider (ISP)|Computer and Information Technology|Not Validating RPKI ROV|
139525,ISP,Computer and Information Technology|Internet Service Provider (ISP)|
139526,Content/CDN,Not Validating RPKI ROV|Hosting and Cloud Provider|Computer and Information Technology|
139527,Other,"Computer and Information Technology|Finance and Insurance|Investment, Portfolio Management, Pensions and Funds|Accountants, Tax Preparers, Payroll Services"
139528,ISP,Computer and Information Technology|Internet Service Provider (ISP)|Not Validating RPKI ROV|
139529,Other,"Service|Retail Stores, Wholesale, and E-commerce Sites|Personal Care and Lifestyle (Barber Shops, Nail Salons, Diet Centers, Laundry, etc)|Travel and Accommodation"
139530,ISP,"Not Validating RPKI ROV|Media, Publishing, and Broadcasting|Computer and Information Technology|Internet Service Provider (ISP)"
139531,Content/CDN,Not Validating RPKI ROV|Hosting and Cloud Provider|Computer and Information Technology|
139532,Other,Other|
139533,ISP,Computer and Information Technology|Internet Service Provider (ISP)|Not Validating RPKI ROV|
139534,Other,"Buildings, Repair, Maintenance (Pest Control, Landscaping, Cleaning, Locksmiths, Car Washes, etc)|Service|"
139535,ISP,Internet Service Provider (ISP)|Computer and Information Technology|Not Validating RPKI ROV|
139536,ISP,Software Development|Electronics and Computer Components|Internet Service Provider (ISP)|Hosting and Cloud Provider
139537,Content/CDN,Hosting and Cloud Provider|Computer and Information Technology|Not Validating RPKI ROV|
139538,Enterprise,"Service|Law, Business, and Consulting Services|"
139539,ISP,"Computer and Information Technology|Finance and Insurance|Agriculture, Mining, and Refineries (Farming, Greenhouses, Mining, Forestry, and Animal Farming)|Buildings, Repair, Maintenance (Pest Control, Landscaping, Cleaning, Locksmiths, Car Washes, etc)"
139540,Other,Manufacturing|Not Validating RPKI ROV|
139541,Other,"Retail Stores, Wholesale, and E-commerce Sites|Not Validating RPKI ROV|"
139542,Content/CDN,Hosting and Cloud Provider|Computer and Information Technology|
139543,Other,Not Validating RPKI ROV|Other|
139544,Enterprise,"Service|Law, Business, and Consulting Services|"
139545,ISP,Computer and Information Technology|Internet Service Provider (ISP)|
139546,Academic/Edu,Education and Research|Research and Development Organizations|
139547,Other,Computer and Information Technology|Not Validating RPKI ROV|
139548,ISP,"Law, Business, and Consulting Services|Internet Service Provider (ISP)|Service|Computer and Information Technology"
139549,Other,"Retail Stores, Wholesale, and E-commerce Sites|Not Validating RPKI ROV|"
139550,Other,Computer and Information Technology|Validating RPKI ROV|
139551,ISP,Internet Service Provider (ISP)|Computer and Information Technology|Not Validating RPKI ROV|
139552,Other,Other|Not Validating RPKI ROV|
139553,ISP,Not Validating RPKI ROV|Hosting and Cloud Provider|Internet Service Provider (ISP)|Computer and Information Technology
139554,Content/CDN,Computer and Information Technology|Hosting and Cloud Provider|Not Validating RPKI ROV|
139555,Other,Computer and Information Technology|
139556,Other,Computer and Information Technology|
139557,Other,"Media, Publishing, and Broadcasting|Radio and Television Providers|Not Validating RPKI ROV|"
139558,Content/CDN,Computer and Information Technology|Not Validating RPKI ROV|Hosting and Cloud Provider|
139559,ISP,Internet Service Provider (ISP)|Computer and Information Technology|Not Validating RPKI ROV|
139560,Other,"Media, Publishing, and Broadcasting|Radio and Television Providers|"
139561,Other,Construction and Real Estate|Real Estate (Residential and/or Commercial)|
139562,ISP,Not Validating RPKI ROV|Computer and Information Technology|Internet Service Provider (ISP)|
139563,Other,"Retail Stores, Wholesale, and E-commerce Sites|"
139564,ISP,Internet Service Provider (ISP)|Computer and Information Technology|Not Validating RPKI ROV|
139565,Other,"Buildings, Repair, Maintenance (Pest Control, Landscaping, Cleaning, Locksmiths, Car Washes, etc)|Service|Not Validating RPKI ROV|"
139566,ISP,Computer and Information Technology|Internet Service Provider (ISP)|
139567,Other,Computer and Information Technology|
139568,ISP,"Media, Publishing, and Broadcasting|Internet Service Provider (ISP)|Service|Computer and Information Technology"
139569,ISP,"Internet Service Provider (ISP)|Computer and Information Technology|Freight, Shipment, and Postal Services|"
139570,Other,Computer and Information Technology|Not Validating RPKI ROV|
139571,Other,"Finance and Insurance|Investment, Portfolio Management, Pensions and Funds|"
139572,Other,"Service|Buildings, Repair, Maintenance (Pest Control, Landscaping, Cleaning, Locksmiths, Car Washes, etc)|Not Validating RPKI ROV|"
139573,ISP,"Insurance Carriers and Agencies|Investment, Portfolio Management, Pensions and Funds|Finance and Insurance|Internet Service Provider (ISP)"
139574,ISP,Internet Service Provider (ISP)|Computer and Information Technology|
139575,ISP,Not Validating RPKI ROV|Internet Service Provider (ISP)|Computer and Information Technology|
139576,Other,"Media, Publishing, and Broadcasting|Print Media (Newspapers, Magazines, Books)|"
139624,ISP,Software Development|Internet Service Provider (ISP)|Computer and Information Technology|
139684,ISP,"Hosting and Cloud Provider|Service|Software Development|Human Rights and Social Advocacy (Human Rights, Environment and Wildlife Conservation, Other)"
139784,Other,Computer and Information Technology|
139788,ISP,"Software Development|Law, Business, and Consulting Services|Internet Service Provider (ISP)|Computer and Information Technology"
139789,ISP,Computer and Information Technology|Internet Service Provider (ISP)|
139794,Other,"Automotive and Transportation|Freight, Shipment, and Postal Services|Manufacturing|Not Validating RPKI ROV"
139818,ISP,"Internet Service Provider (ISP)|Service|Computer and Information Technology|Buildings, Repair, Maintenance (Pest Control, Landscaping, Cleaning, Locksmiths, Car Washes, etc)"
139847,Other,"Retail Stores, Wholesale, and E-commerce Sites|"
139864,Enterprise,"Finance and Insurance|Law, Business, and Consulting Services|Service|"
139884,ISP,Computer and Information Technology|Internet Service Provider (ISP)|Hosting and Cloud Provider|Not Validating RPKI ROV
139893,ISP,Internet Service Provider (ISP)|Computer and Information Technology|
139894,Enterprise,"Service|Law, Business, and Consulting Services|"
139911,Content/CDN,"Software Development|Computer and Information Technology|Service|Law, Business, and Consulting Services"
139916,Other,Computer and Information Technology|Software Development|
139926,Other,Computer and Information Technology|
139930,Other,Health Care Services|
140033,Academic/Edu,"Colleges, Universities, and Professional Schools|Education and Research|Not Validating RPKI ROV|"
140034,Other,Technology Consulting Services|Computer and Information Technology|
140035,ISP,Hosting and Cloud Provider|Software Development|Internet Service Provider (ISP)|Computer and Information Technology
9009,ISP,Carrier|Computer and Information Technology|Internet Service Provider (ISP)|Validating RPKI ROV
140094,ISP,Computer and Information Technology|Internet Service Provider (ISP)|Hosting and Cloud Provider|Phone Provider
140106,Government,"Government and Regulatory Agencies, Administrations, Departments, and Services|Government and Public Administration|Utilities (Excluding Internet Service)|Agriculture, Mining, and Refineries (Farming, Greenhouses, Mining, Forestry, and Animal Farming)"
140108,Other,"Travel and Accommodation|Service|Personal Care and Lifestyle (Barber Shops, Nail Salons, Diet Centers, Laundry, etc)|Retail Stores, Wholesale, and E-commerce Sites"
140109,Other,"Postal Services and Couriers|Freight, Shipment, and Postal Services|"
140110,Academic/Edu,Education and Research|Research and Development Organizations|
140111,Other,Construction and Real Estate|Buildings (Residential or Commercial)|
140112,ISP,Software Development|Internet Service Provider (ISP)|Computer and Information Technology|
140113,ISP,Computer and Information Technology|Internet Service Provider (ISP)|
140114,Enterprise,"Law, Business, and Consulting Services|Service|Not Validating RPKI ROV|"
140115,Content/CDN,Computer and Information Technology|Hosting and Cloud Provider|
140116,Other,"Chemical and Pharmaceutical Manufacturing|Machinery|Manufacturing|Metal, Glass, Wood, and Paper Manufacturing"
140117,ISP,Internet Service Provider (ISP)|Postal Services and Couriers|Computer and Information Technology|Software Development
140118,Academic/Edu,"Colleges, Universities, and Professional Schools|Education and Research|Not Validating RPKI ROV|"
140119,Other,Computer and Information Technology|Not Validating RPKI ROV|
140120,Other,Validating RPKI ROV|Computer and Information Technology|
140121,ISP,Computer and Information Technology|Internet Service Provider (ISP)|
140122,Other,"Postal Services and Couriers|Freight, Shipment, and Postal Services|Validating RPKI ROV|"
140123,Enterprise,Computer and Network Security|Technology Consulting Services|Service|Software Development
140124,ISP,Software Development|Internet Service Provider (ISP)|Computer and Information Technology|
140125,ISP,Computer and Information Technology|Internet Service Provider (ISP)|
140126,ISP,Internet Service Provider (ISP)|Computer and Information Technology|Hosting and Cloud Provider|
140127,ISP,Not Validating RPKI ROV|Computer and Information Technology|Internet Service Provider (ISP)|
140128,Other,Computer and Information Technology|
140129,Content/CDN,Computer and Information Technology|Hosting and Cloud Provider|
140130,ISP,"Media, Publishing, and Broadcasting|Buildings, Repair, Maintenance (Pest Control, Landscaping, Cleaning, Locksmiths, Car Washes, etc)|Law, Business, and Consulting Services|Radio and Television Providers"
140131,Other,"Media, Publishing, and Broadcasting|Print Media (Newspapers, Magazines, Books)|Not Validating RPKI ROV|"
140132,ISP,Software Development|Internet Service Provider (ISP)|Computer and Information Technology|
140133,ISP,Not Validating RPKI ROV|Internet Service Provider (ISP)|Computer and Information Technology|
140134,ISP,"Internet Service Provider (ISP)|Service|Computer and Information Technology|Buildings, Repair, Maintenance (Pest Control, Landscaping, Cleaning, Locksmiths, Car Washes, etc)"
140135,ISP,Internet Service Provider (ISP)|Computer and Information Technology|
140136,Other,Other|
140137,Content/CDN,Software Development|Computer and Information Technology|Hosting and Cloud Provider|Not Validating RPKI ROV
140138,ISP,Internet Service Provider (ISP)|Computer and Information Technology|
140139,ISP,Internet Service Provider (ISP)|Computer and Information Technology|
140140,Other,"Retail Stores, Wholesale, and E-commerce Sites|"
140141,ISP,"Service|Software Development|Internet Service Provider (ISP)|Law, Business, and Consulting Services"
140142,Other,"Software Development|Computer and Information Technology|Banks, Credit Card Companies, Mortgage Providers|Finance and Insurance"
140143,ISP,Computer and Information Technology|Internet Service Provider (ISP)|
140144,ISP,Computer and Information Technology|Internet Service Provider (ISP)|Not Validating RPKI ROV|
140145,ISP,Hosting and Cloud Provider|Computer and Information Technology|Internet Service Provider (ISP)|
140146,ISP,"Computer and Information Technology|Internet Service Provider (ISP)|Investment, Portfolio Management, Pensions and Funds|Finance and Insurance"
140147,ISP,"Radio and Television Providers|Media, Publishing, and Broadcasting|Computer and Information Technology|Internet Service Provider (ISP)"
140148,ISP,Not Validating RPKI ROV|Internet Service Provider (ISP)|Computer and Information Technology|
140149,Other,Health Care Services|
140150,Other,"Radio and Television Providers|Media, Publishing, and Broadcasting|"
140151,Other,Computer and Information Technology|Not Validating RPKI ROV|
140152,Other,"Radio and Television Providers|Online Music and Video Streaming Services|Media, Publishing, and Broadcasting|"
140153,Other,"Radio and Television Providers|Media, Publishing, and Broadcasting|"
140154,Other,"Buildings (Residential or Commercial)|Construction and Real Estate|Metal, Glass, Wood, and Paper Manufacturing|Utilities (Excluding Internet Service)"
140155,ISP,Hosting and Cloud Provider|Computer and Information Technology|Internet Service Provider (ISP)|Not Validating RPKI ROV
140156,Other,"Finance and Insurance|Banks, Credit Card Companies, Mortgage Providers|"
140157,ISP,"Media, Publishing, and Broadcasting|Internet Service Provider (ISP)|Computer and Information Technology|Online Informational Content"
140158,ISP,Not Validating RPKI ROV|Internet Service Provider (ISP)|Computer and Information Technology|
140159,ISP,Not Validating RPKI ROV|Internet Service Provider (ISP)|Computer and Information Technology|
140160,Other,Computer and Information Technology|Not Validating RPKI ROV|
140161,Other,"Personal Care and Lifestyle (Barber Shops, Nail Salons, Diet Centers, Laundry, etc)|Service|"
140162,Other,"Banks, Credit Card Companies, Mortgage Providers|Finance and Insurance|Software Development|Computer and Information Technology"
140163,ISP,Computer and Information Technology|Internet Service Provider (ISP)|
140164,ISP,Not Validating RPKI ROV|Computer and Information Technology|Internet Service Provider (ISP)|
140165,ISP,Computer and Information Technology|Internet Service Provider (ISP)|Not Validating RPKI ROV|
140166,ISP,Health Care Services|Internet Service Provider (ISP)|Computer and Information Technology|
140167,ISP,Computer and Information Technology|Internet Service Provider (ISP)|Not Validating RPKI ROV|
140168,ISP,Computer and Information Technology|Internet Service Provider (ISP)|Not Validating RPKI ROV|
140169,Other,Other|Not Validating RPKI ROV|
140170,Content/CDN,Hosting and Cloud Provider|Computer and Information Technology|
140171,Other,"Retail Stores, Wholesale, and E-commerce Sites|"
140172,ISP,Hosting and Cloud Provider|Software Development|Computer and Information Technology|Internet Service Provider (ISP)
140173,ISP,Computer and Information Technology|Software Development|Service|Internet Service Provider (ISP)
140174,ISP,Not Validating RPKI ROV|Computer and Information Technology|Internet Service Provider (ISP)|
140175,ISP,Computer and Information Technology|Internet Service Provider (ISP)|
140176,Other,Computer and Information Technology|
140177,ISP,Internet Service Provider (ISP)|Computer and Information Technology|
140178,Other,Manufacturing|
140179,Other,Computer and Information Technology|
140180,Other,"Postal Services and Couriers|Freight, Shipment, and Postal Services|Not Validating RPKI ROV|"
140181,Other,Computer and Information Technology|
140182,ISP,Hosting and Cloud Provider|Computer and Information Technology|Internet Service Provider (ISP)|
140183,Other,Computer and Information Technology|
140184,Other,Computer and Information Technology|
140185,ISP,Internet Service Provider (ISP)|Computer and Information Technology|
140186,ISP,"Internet Service Provider (ISP)|Computer and Information Technology|Service|Law, Business, and Consulting Services"
140187,ISP,"Internet Service Provider (ISP)|Computer and Information Technology|Buildings, Repair, Maintenance (Pest Control, Landscaping, Cleaning, Locksmiths, Car Washes, etc)|Service"
140188,ISP,Computer and Information Technology|Internet Service Provider (ISP)|Not Validating RPKI ROV|
140189,Other,"Not Validating RPKI ROV|Agriculture, Mining, and Refineries (Farming, Greenhouses, Mining, Forestry, and Animal Farming)|"
140190,Other,Computer and Information Technology|
140191,Other,Computer and Information Technology|Not Validating RPKI ROV|
140192,Academic/Edu,"Research and Development Organizations|Education and Research|Media, Publishing, and Broadcasting|Online Informational Content"
140193,Other,Computer and Information Technology|Software Development|
140194,Other,"Personal Care and Lifestyle (Barber Shops, Nail Salons, Diet Centers, Laundry, etc)|Service|"
140195,ISP,"Media, Publishing, and Broadcasting|Radio and Television Providers|Internet Service Provider (ISP)|Computer and Information Technology"
140196,Other,"Finance and Insurance|Investment, Portfolio Management, Pensions and Funds|Not Validating RPKI ROV|"
140197,ISP,Not Validating RPKI ROV|Computer and Information Technology|Internet Service Provider (ISP)|
140198,Other,Computer and Information Technology|Not Validating RPKI ROV|
140199,ISP,"Software Development|Computer and Information Technology|Internet Service Provider (ISP)|Law, Business, and Consulting Services"
140200,Academic/Edu,"Education and Research|Colleges, Universities, and Professional Schools|Not Validating RPKI ROV|"
140201,ISP,Eyeball|Computer and Information Technology|Not Validating RPKI ROV|Server Hosting
140202,ISP,"Insurance Carriers and Agencies|Banks, Credit Card Companies, Mortgage Providers|Finance and Insurance|"
140203,Other,Software Development|Computer and Information Technology|
140204,Other,Other|Validating RPKI ROV|
140205,ISP,Not Validating RPKI ROV|Hosting and Cloud Provider|Computer and Information Technology|Internet Service Provider (ISP)
140206,Other,"Media, Publishing, and Broadcasting|Radio and Television Providers|Not Validating RPKI ROV|"
140207,Other,Computer and Information Technology|
140209,Other,"Retail Stores, Wholesale, and E-commerce Sites|"
140218,ISP,Internet Service Provider (ISP)|Computer and Information Technology|Not Validating RPKI ROV|
140230,Other,"Manufacturing|Metal, Glass, Wood, and Paper Manufacturing|"
140233,ISP,"Law, Business, and Consulting Services|Computer and Information Technology|Service|Internet Service Provider (ISP)"
140242,ISP,Internet Service Provider (ISP)|Computer and Information Technology|Not Validating RPKI ROV|
9223,Other,"Civil Engineering Construction (Utility Lines, Roads and Bridges)|Construction and Real Estate|"
9227,ISP,"Internet Service Provider (ISP)|Law, Business, and Consulting Services|Service|Computer and Information Technology"
9238,ISP,Internet Service Provider (ISP)|Validating RPKI ROV|Computer and Information Technology|
9285,ISP,Computer and Information Technology|Internet Service Provider (ISP)|Software Development|Not Validating RPKI ROV
9347,Enterprise,"Computer and Information Technology|Software Development|Service|Law, Business, and Consulting Services"
9396,ISP,"Media, Publishing, and Broadcasting|Phone Provider|Law, Business, and Consulting Services|Online Informational Content"
9414,Content/CDN,Computer and Information Technology|Hosting and Cloud Provider|
9430,ISP,Not Validating RPKI ROV|Technology Consulting Services|Software Development|Internet Service Provider (ISP)
9437,ISP,"Community Groups and Nonprofits|Internet Service Provider (ISP)|Government and Public Administration|Human Rights and Social Advocacy (Human Rights, Environment and Wildlife Conservation, Other)"
9442,ISP,Hosting and Cloud Provider|Internet Service Provider (ISP)|Computer and Information Technology|Government and Public Administration
140540,Content/CDN,"Service|Law, Business, and Consulting Services|Computer and Information Technology|Hosting and Cloud Provider"
140543,ISP,Server Hosting|Internet Service Provider (ISP)|Computer and Information Technology|
140545,ISP,Software Development|Internet Service Provider (ISP)|Manufacturing|Computer and Information Technology
9498,ISP,Eyeball|Computer and Information Technology|Internet Service Provider (ISP)|Not Validating RPKI ROV
9501,Eyeball,"Eyeball|Retail Stores, Wholesale, and E-commerce Sites|Validating RPKI ROV|"
140574,Other,Computer and Information Technology|
140580,Other,Electronics and Computer Components|Machinery|Manufacturing|
140589,ISP,Internet Service Provider (ISP)|Hosting and Cloud Provider|Software Development|Computer and Information Technology
140601,Academic/Edu,Education and Research|Computer and Information Technology|Software Development|Education Software
9540,ISP,Software Development|Internet Service Provider (ISP)|Computer and Information Technology|
140621,Other,"Banks, Credit Card Companies, Mortgage Providers|Finance and Insurance|"
9558,ISP,Validating RPKI ROV|Internet Service Provider (ISP)|Software Development|Computer and Information Technology
140641,ISP,Not Validating RPKI ROV|Internet Service Provider (ISP)|Computer and Information Technology|
9580,Academic/Edu,Education and Research|Validating RPKI ROV|
9583,ISP,Content|Computer and Information Technology|Internet Service Provider (ISP)|Not Validating RPKI ROV
140681,ISP,Computer and Information Technology|Internet Service Provider (ISP)|
140687,ISP,"Service|Retail Stores, Wholesale, and E-commerce Sites|Media, Publishing, and Broadcasting|Internet Service Provider (ISP)"
140704,ISP,Internet Service Provider (ISP)|Computer and Information Technology|
9653,Other,Manufacturing|Chemical and Pharmaceutical Manufacturing|Not Validating RPKI ROV|
9666,Other,Software Development|Computer and Information Technology|Service|
9730,ISP,"Carrier|Internet Service Provider (ISP)|Computer and Information Technology|Law, Business, and Consulting Services"
9752,ISP,"Tranco 10k Host|Computer and Information Technology|Internet Service Provider (ISP)|Retail Stores, Wholesale, and E-commerce Sites"
206376,ISP,Computer and Information Technology|Internet Service Provider (ISP)|Not Validating RPKI ROV|
9796,Content/CDN,Manufacturing|Phone Provider|Service|Hosting and Cloud Provider
140871,Other,Computer and Information Technology|Software Development|
9829,ISP,Carrier|Computer and Information Technology|Internet Service Provider (ISP)|Not Validating RPKI ROV
9830,ISP,Eyeball|Internet Service Provider (ISP)|Computer and Information Technology|Not Validating RPKI ROV
9836,Other,"Agriculture, Mining, and Refineries (Farming, Greenhouses, Mining, Forestry, and Animal Farming)|Freight, Shipment, and Postal Services|Chemical and Pharmaceutical Manufacturing|Manufacturing"
140911,ISP,Computer and Information Technology|Internet Service Provider (ISP)|
140912,ISP,Finance and Insurance|Insurance Carriers and Agencies|Computer and Information Technology|Not Validating RPKI ROV
140924,ISP,"Service|Computer and Information Technology|Internet Service Provider (ISP)|Media, Publishing, and Broadcasting"
140947,ISP,Hosting and Cloud Provider|Computer and Information Technology|Internet Service Provider (ISP)|
140953,Enterprise,"Law, Business, and Consulting Services|Service|Computer and Information Technology|"
9885,Other,Construction and Real Estate|Real Estate (Residential and/or Commercial)|
141004,Content/CDN,Not Validating RPKI ROV|Computer and Information Technology|Hosting and Cloud Provider|
9941,Other,Manufacturing|Chemical and Pharmaceutical Manufacturing|Validating RPKI ROV|
141014,ISP,Computer and Information Technology|Internet Service Provider (ISP)|
141018,Other,Computer and Information Technology|
141019,Other,Computer and Information Technology|
10029,ISP,Eyeball|Computer and Information Technology|Internet Service Provider (ISP)|Validating RPKI ROV
141148,ISP,Internet Service Provider (ISP)|Computer and Information Technology|
10077,ISP,"Hosting and Cloud Provider|Online Informational Content|Law, Business, and Consulting Services|Service"
141156,Other,Other|
10121,ISP,"Computer and Network Security|Investment, Portfolio Management, Pensions and Funds|Computer and Information Technology|Insurance Carriers and Agencies"
141193,Content/CDN,Hosting and Cloud Provider|Computer and Information Technology|
10123,ISP,Technology Consulting Services|Software Development|Service|Internet Service Provider (ISP)
10125,ISP,"Computer and Information Technology|Internet Service Provider (ISP)|Law, Business, and Consulting Services|Travel and Accommodation"
141202,ISP,"Service|Software Development|Law, Business, and Consulting Services|Clothing, Fashion, Luggage"
141213,Content/CDN,Hosting and Cloud Provider|Computer and Information Technology|Computer and Network Security|
141222,Other,"Banks, Credit Card Companies, Mortgage Providers|Finance and Insurance|"
141241,Other,Other|Not Validating RPKI ROV|
141242,Other,"Freight, Shipment, and Postal Services|Postal Services and Couriers|"
141243,Content/CDN,Hosting and Cloud Provider|Computer and Information Technology|
141244,Other,"Agriculture, Mining, and Refineries (Farming, Greenhouses, Mining, Forestry, and Animal Farming)|"
141245,Other,Construction and Real Estate|Real Estate (Residential and/or Commercial)|
141246,ISP,Internet Service Provider (ISP)|Computer and Information Technology|Not Validating RPKI ROV|
141247,Other,Computer and Information Technology|
141248,ISP,Computer and Information Technology|Internet Service Provider (ISP)|Not Validating RPKI ROV|
141249,Other,Computer and Information Technology|Not Validating RPKI ROV|
141250,ISP,"Internet Service Provider (ISP)|Buildings, Repair, Maintenance (Pest Control, Landscaping, Cleaning, Locksmiths, Car Washes, etc)|Service|Computer and Information Technology"
141251,Other,"Retail Stores, Wholesale, and E-commerce Sites|"
141252,Other,Computer and Information Technology|
141253,ISP,Eyeball|Internet Service Provider (ISP)|Computer and Information Technology|Corporate/Enterprise
141254,Content/CDN,Not Validating RPKI ROV|Computer and Information Technology|Hosting and Cloud Provider|
141255,Academic/Edu,Electronics and Computer Components|Research and Development Organizations|Manufacturing|Education and Research
141256,Enterprise,"Law, Business, and Consulting Services|Service|Computer and Information Technology|"
141257,Content/CDN,Not Validating RPKI ROV|Computer and Information Technology|Hosting and Cloud Provider|
141258,ISP,Software Development|Internet Service Provider (ISP)|Computer and Information Technology|
141259,Other,Computer and Information Technology|
141260,ISP,Computer and Information Technology|Finance and Insurance|Internet Service Provider (ISP)|
141261,ISP,"Print Media (Newspapers, Magazines, Books)|Computer and Information Technology|Media, Publishing, and Broadcasting|Internet Service Provider (ISP)"
141262,Other,Not Validating RPKI ROV|Computer and Information Technology|
141263,Other,Computer and Information Technology|Not Validating RPKI ROV|
141264,Other,"Investment, Portfolio Management, Pensions and Funds|Computer and Information Technology|Finance and Insurance|"
141265,ISP,Not Validating RPKI ROV|Internet Service Provider (ISP)|Computer and Information Technology|
141266,ISP,Not Validating RPKI ROV|Computer and Information Technology|Radio and Television Providers|Internet Service Provider (ISP)
141267,Content/CDN,Hosting and Cloud Provider|Computer and Information Technology|
141268,ISP,Computer and Information Technology|Internet Service Provider (ISP)|
141269,Other,"Postal Services and Couriers|Freight, Shipment, and Postal Services|Not Validating RPKI ROV|"
141270,Academic/Edu,"Colleges, Universities, and Professional Schools|Education and Research|Not Validating RPKI ROV|"
10199,ISP,Validating RPKI ROV|Computer and Information Technology|Internet Service Provider (ISP)|
141272,Other,Computer and Information Technology|Not Validating RPKI ROV|
10201,ISP,Computer and Information Technology|Internet Service Provider (ISP)|
141273,Other,Electronics and Computer Components|Manufacturing|
141274,Other,"Service|Personal Care and Lifestyle (Barber Shops, Nail Salons, Diet Centers, Laundry, etc)|"
141276,Other,Chemical and Pharmaceutical Manufacturing|Manufacturing|Finance and Insurance|
141277,Other,Computer and Information Technology|
141271,ISP,Not Validating RPKI ROV|Computer and Information Technology|Internet Service Provider (ISP)|Software Development
141279,Other,Computer and Information Technology|
141280,Other,Computer and Information Technology|Not Validating RPKI ROV|
141281,Other,"Retail Stores, Wholesale, and E-commerce Sites|Not Validating RPKI ROV|"
141282,ISP,"Music and Video Industry|Computer and Information Technology|Internet Service Provider (ISP)|Media, Publishing, and Broadcasting"
141283,ISP,Hosting and Cloud Provider|Internet Service Provider (ISP)|Computer and Information Technology|Not Validating RPKI ROV
141284,Other,Computer and Information Technology|
141285,ISP,"Law, Business, and Consulting Services|Service|Not Validating RPKI ROV|VPN Host"
141286,Content/CDN,Hosting and Cloud Provider|Software Development|Service|Computer and Information Technology
10215,ISP,Computer and Network Security|Hosting and Cloud Provider|Software Development|Internet Service Provider (ISP)
141287,Content/CDN,Computer and Information Technology|Hosting and Cloud Provider|Not Validating RPKI ROV|
141289,Other,"Retail Stores, Wholesale, and E-commerce Sites|"
141288,Academic/Edu,"Colleges, Universities, and Professional Schools|Education and Research|Not Validating RPKI ROV|"
141291,Other,Computer and Information Technology|
141292,Other,"Print Media (Newspapers, Magazines, Books)|Media, Publishing, and Broadcasting|Not Validating RPKI ROV|"
141293,Other,"Personal Care and Lifestyle (Barber Shops, Nail Salons, Diet Centers, Laundry, etc)|Service|"
141294,Other,Other|Not Validating RPKI ROV|
141295,Other,Other|Not Validating RPKI ROV|
141296,Other,"Clothing and Textiles|Manufacturing|Retail Stores, Wholesale, and E-commerce Sites|Not Validating RPKI ROV"
10225,ISP,Not Validating RPKI ROV|Computer and Information Technology|Hosting and Cloud Provider|Software Development
141297,Other,Computer and Information Technology|
141298,Other,Computer and Information Technology|
141299,Content/CDN,"Computer and Information Technology|Media, Publishing, and Broadcasting|Hosting and Cloud Provider|Software Development"
141300,Other,Other|Not Validating RPKI ROV|
141301,Enterprise,"Law, Business, and Consulting Services|Service|Retail Stores, Wholesale, and E-commerce Sites|"
141303,Other,Not Validating RPKI ROV|Computer and Information Technology|
141304,ISP,Internet Service Provider (ISP)|Computer and Information Technology|Not Validating RPKI ROV|
141305,Other,"Freight, Shipment, and Postal Services|Postal Services and Couriers|Not Validating RPKI ROV|"
141306,Other,Service|
141307,Other,Other|Not Validating RPKI ROV|
141308,Other,"Not Validating RPKI ROV|Service|Buildings, Repair, Maintenance (Pest Control, Landscaping, Cleaning, Locksmiths, Car Washes, etc)|"
141309,Content/CDN,Server Hosting|Computer and Information Technology|Hosting and Cloud Provider|Not Validating RPKI ROV
141310,ISP,Computer and Information Technology|Internet Service Provider (ISP)|Not Validating RPKI ROV|
10239,ISP,"Internet Service Provider (ISP)|Phone Provider|Service|Law, Business, and Consulting Services"
141311,Other,Computer and Information Technology|Not Validating RPKI ROV|
141312,ISP,Internet Service Provider (ISP)|Software Development|Computer and Information Technology|
141313,ISP,"Computer and Information Technology|Radio and Television Providers|Internet Service Provider (ISP)|Media, Publishing, and Broadcasting"
141314,Other,Validating RPKI ROV|Software Development|Computer and Information Technology|
141315,Other,Computer and Information Technology|Not Validating RPKI ROV|
141316,ISP,"Software Development|Government and Regulatory Agencies, Administrations, Departments, and Services|Computer and Information Technology|Internet Service Provider (ISP)"
141317,Other,Other|
141318,Other,"Retail Stores, Wholesale, and E-commerce Sites|"
141319,Content/CDN,Hosting and Cloud Provider|Computer and Information Technology|Not Validating RPKI ROV|
141320,Other,Real Estate (Residential and/or Commercial)|Construction and Real Estate|
141321,Other,"Computer and Information Technology|Investment, Portfolio Management, Pensions and Funds|Finance and Insurance|Not Validating RPKI ROV"
141323,ISP,Computer and Information Technology|Internet Service Provider (ISP)|Not Validating RPKI ROV|
141324,ISP,Internet Service Provider (ISP)|Hosting and Cloud Provider|Computer and Information Technology|
141325,Other,Computer and Information Technology|
141326,Content/CDN,Computer and Information Technology|Hosting and Cloud Provider|Not Validating RPKI ROV|
141327,ISP,Internet Service Provider (ISP)|Computer and Information Technology|Hosting and Cloud Provider|Not Validating RPKI ROV
141328,Content/CDN,Hosting and Cloud Provider|Computer and Information Technology|Not Validating RPKI ROV|
141329,Other,Not Validating RPKI ROV|Computer and Information Technology|
141330,ISP,"Metal, Glass, Wood, and Paper Manufacturing|Manufacturing|Software Development|Internet Service Provider (ISP)"
43027,ISP,Software Development|Internet Service Provider (ISP)|Computer and Information Technology|
141331,ISP,Computer and Information Technology|Internet Service Provider (ISP)|Not Validating RPKI ROV|
141332,Other,Manufacturing|
141333,ISP,"Internet Service Provider (ISP)|Computer and Information Technology|Retail Stores, Wholesale, and E-commerce Sites|"
141334,ISP,Internet Service Provider (ISP)|Computer and Information Technology|Hosting and Cloud Provider|Radio and Television Providers
141335,Other,"Banks, Credit Card Companies, Mortgage Providers|Computer and Information Technology|Finance and Insurance|"
141336,Other,"Retail Stores, Wholesale, and E-commerce Sites|"
141337,Content/CDN,Computer and Information Technology|Hosting and Cloud Provider|Not Validating RPKI ROV|
141338,Other,Computer and Information Technology|
141339,ISP,"Not Validating RPKI ROV|Media, Publishing, and Broadcasting|Retail Stores, Wholesale, and E-commerce Sites|Computer and Information Technology"
141340,Academic/Edu,"Education and Research|Colleges, Universities, and Professional Schools|Not Validating RPKI ROV|"
141374,ISP,Computer and Information Technology|Internet Service Provider (ISP)|Hosting and Cloud Provider|
141383,Other,Software Development|Computer and Information Technology|Validating RPKI ROV|
141388,Other,Other|
141406,Enterprise,"Software Development|Computer and Information Technology|Law, Business, and Consulting Services|Service"
141416,Other,Manufacturing|Electronics and Computer Components|
141420,ISP,"Service|Buildings, Repair, Maintenance (Pest Control, Landscaping, Cleaning, Locksmiths, Car Washes, etc)|Internet Service Provider (ISP)|Hosting and Cloud Provider"
141449,Other,"Personal Care and Lifestyle (Barber Shops, Nail Salons, Diet Centers, Laundry, etc)|Service|"
141453,Other,"Software Development|Retail Stores, Wholesale, and E-commerce Sites|Computer and Information Technology|"
141464,Other,"Investment, Portfolio Management, Pensions and Funds|Finance and Insurance|"
141472,Other,"Retail Stores, Wholesale, and E-commerce Sites|"
141476,Other,"Electric Power Generation, Transmission, Distribution|Utilities (Excluding Internet Service)|"
141477,Academic/Edu,"Education and Research|Colleges, Universities, and Professional Schools|Not Validating RPKI ROV|"
141478,Academic/Edu,"Colleges, Universities, and Professional Schools|Education and Research|"
141479,Other,Other|
141480,ISP,"Not Validating RPKI ROV|Print Media (Newspapers, Magazines, Books)|Radio and Television Providers|Internet Service Provider (ISP)"
141481,Other,Other|Not Validating RPKI ROV|
141482,Other,Computer and Information Technology|
141483,ISP,Internet Service Provider (ISP)|Computer and Information Technology|Not Validating RPKI ROV|
141484,Academic/Edu,Education and Research|Not Validating RPKI ROV|
141485,Other,Computer and Information Technology|
141486,ISP,Internet Service Provider (ISP)|Computer and Information Technology|Not Validating RPKI ROV|
141487,ISP,Software Development|Internet Service Provider (ISP)|Computer and Information Technology|
141488,Other,"Retail Stores, Wholesale, and E-commerce Sites|Travel and Accommodation|Personal Care and Lifestyle (Barber Shops, Nail Salons, Diet Centers, Laundry, etc)|Service"
141489,ISP,Finance and Insurance|Insurance Carriers and Agencies|
141490,Enterprise,"Metal, Glass, Wood, and Paper Manufacturing|Manufacturing|Law, Business, and Consulting Services|Service"
141491,Content/CDN,Hosting and Cloud Provider|Computer and Information Technology|
141492,Content/CDN,Computer and Information Technology|Hosting and Cloud Provider|
141493,ISP,Internet Service Provider (ISP)|Computer and Information Technology|
141494,Other,Computer and Information Technology|
141495,Content/CDN,Computer and Information Technology|Hosting and Cloud Provider|Not Validating RPKI ROV|
141496,ISP,Internet Service Provider (ISP)|Computer and Information Technology|
141497,ISP,Computer and Information Technology|Internet Service Provider (ISP)|
141498,ISP,Internet Service Provider (ISP)|Computer and Information Technology|Not Validating RPKI ROV|
141499,ISP,"Internet Service Provider (ISP)|Government and Public Administration|Computer and Information Technology|Government and Regulatory Agencies, Administrations, Departments, and Services"
141500,ISP,"Government and Regulatory Agencies, Administrations, Departments, and Services|Internet Service Provider (ISP)|Government and Public Administration|Computer and Information Technology"
141501,ISP,"Government and Regulatory Agencies, Administrations, Departments, and Services|Internet Service Provider (ISP)|Computer and Information Technology|Government and Public Administration"
141502,ISP,"Internet Service Provider (ISP)|Government and Public Administration|Computer and Information Technology|Government and Regulatory Agencies, Administrations, Departments, and Services"
141503,ISP,"Government and Public Administration|Internet Service Provider (ISP)|Computer and Information Technology|Government and Regulatory Agencies, Administrations, Departments, and Services"
141504,ISP,"Computer and Information Technology|Internet Service Provider (ISP)|Government and Public Administration|Government and Regulatory Agencies, Administrations, Departments, and Services"
141505,ISP,"Internet Service Provider (ISP)|Government and Public Administration|Computer and Information Technology|Government and Regulatory Agencies, Administrations, Departments, and Services"
141506,Other,Computer and Information Technology|
141507,Other,Computer and Information Technology|Not Validating RPKI ROV|
141508,ISP,"Computer and Information Technology|Retail Stores, Wholesale, and E-commerce Sites|Internet Service Provider (ISP)|"
141509,Enterprise,"Computer and Information Technology|Service|Law, Business, and Consulting Services|Not Validating RPKI ROV"
141510,Other,Not Validating RPKI ROV|Computer and Information Technology|
141511,Other,"Retail Stores, Wholesale, and E-commerce Sites|"
141512,Other,Computer and Information Technology|Not Validating RPKI ROV|
141513,Other,Computer and Information Technology|Manufacturing|Not Validating RPKI ROV|
141514,Content/CDN,Hosting and Cloud Provider|Computer and Information Technology|
141515,Other,"Community Groups and Nonprofits|Human Rights and Social Advocacy (Human Rights, Environment and Wildlife Conservation, Other)|"
141516,Other,Computer and Information Technology|Not Validating RPKI ROV|
141517,Other,Computer and Information Technology|Not Validating RPKI ROV|
141518,ISP,Internet Service Provider (ISP)|Hosting and Cloud Provider|Computer and Information Technology|
141519,Other,Validating RPKI ROV|Computer and Information Technology|
141520,ISP,Internet Service Provider (ISP)|Computer and Information Technology|Not Validating RPKI ROV|
141521,Other,Computer and Information Technology|
141522,Other,"Retail Stores, Wholesale, and E-commerce Sites|Not Validating RPKI ROV|"
141523,Enterprise,"Not Validating RPKI ROV|Retail Stores, Wholesale, and E-commerce Sites|Law, Business, and Consulting Services|Service"
141524,ISP,Not Validating RPKI ROV|Computer and Information Technology|Internet Service Provider (ISP)|
141525,Other,Not Validating RPKI ROV|
141526,Other,Computer and Information Technology|Not Validating RPKI ROV|
141527,Unknown,
141528,ISP,"Software Development|Law, Business, and Consulting Services|Service|Internet Service Provider (ISP)"
141529,ISP,Business Broadband|Internet Service Provider (ISP)|Computer and Information Technology|Not Validating RPKI ROV
141530,ISP,"Online Informational Content|Computer and Information Technology|Media, Publishing, and Broadcasting|Internet Service Provider (ISP)"
141531,ISP,Computer and Information Technology|Internet Service Provider (ISP)|
141532,Other,Validating RPKI ROV|Computer and Information Technology|
141533,Other,Not Validating RPKI ROV|
141534,ISP,Internet Service Provider (ISP)|Computer and Information Technology|Not Validating RPKI ROV|
141535,ISP,Internet Service Provider (ISP)|Computer and Information Technology|
141536,Other,Not Validating RPKI ROV|
141537,Other,"Software Development|Service|Media, Publishing, and Broadcasting|Computer and Information Technology"
141538,ISP,Internet Service Provider (ISP)|Computer and Information Technology|Not Validating RPKI ROV|
141539,Other,Computer and Information Technology|
141540,ISP,Not Validating RPKI ROV|Software Development|Computer and Information Technology|Internet Service Provider (ISP)
141541,Other,Computer and Information Technology|
141542,Other,Not Validating RPKI ROV|
141543,Other,Computer and Information Technology|Not Validating RPKI ROV|
141544,Other,Computer and Information Technology|
141545,Other,Computer and Information Technology|
141546,ISP,Internet Service Provider (ISP)|Computer and Information Technology|
141547,Other,Health Care Services|Not Validating RPKI ROV|
141548,Other,Computer and Information Technology|
141549,Other,Not Validating RPKI ROV|Buildings (Residential or Commercial)|Construction and Real Estate|
141550,Other,Computer and Information Technology|Technology Consulting Services|Not Validating RPKI ROV|
141551,Enterprise,"Law, Business, and Consulting Services|Service|"
141552,ISP,Not Validating RPKI ROV|Computer and Information Technology|Internet Service Provider (ISP)|Software Development
141553,Other,Computer and Information Technology|Not Validating RPKI ROV|
141554,Other,Computer and Information Technology|
141555,Other,Not Validating RPKI ROV|
141556,ISP,Computer and Information Technology|Internet Service Provider (ISP)|
141557,Other,Computer and Information Technology|
141558,Other,Computer and Information Technology|
141559,ISP,Internet Service Provider (ISP)|Computer and Information Technology|Not Validating RPKI ROV|
141560,Other,Community Groups and Nonprofits|Not Validating RPKI ROV|
141561,Other,"Banks, Credit Card Companies, Mortgage Providers|Finance and Insurance|"
141562,ISP,Internet Service Provider (ISP)|Computer and Information Technology|
141563,Other,"Retail Stores, Wholesale, and E-commerce Sites|"
141564,Enterprise,"Service|Law, Business, and Consulting Services|"
141565,ISP,Computer and Information Technology|Server Hosting|VPN Host|Home ISP
141566,Unknown,
141567,Other,Computer and Information Technology|
141568,Unknown,
141569,ISP,Computer and Information Technology|Internet Service Provider (ISP)|
141570,Other,"Personal Care and Lifestyle (Barber Shops, Nail Salons, Diet Centers, Laundry, etc)|Service|Not Validating RPKI ROV|"
141571,Other,Computer and Information Technology|Not Validating RPKI ROV|
141572,Unknown,
141573,Other,Not Validating RPKI ROV|
141574,Other,"Computer and Information Technology|Radio and Television Providers|Media, Publishing, and Broadcasting|Not Validating RPKI ROV"
141575,Other,Computer and Information Technology|
141688,Other,"Electric Power Generation, Transmission, Distribution|Utilities (Excluding Internet Service)|"
141690,Other,"Investment, Portfolio Management, Pensions and Funds|Finance and Insurance|"
141728,ISP,Computer and Information Technology|Internet Service Provider (ISP)|
141741,ISP,Internet Service Provider (ISP)|Computer and Information Technology|Software Development|
141751,Enterprise,"Finance and Insurance|Service|Media, Publishing, and Broadcasting|Law, Business, and Consulting Services"
141752,ISP,Computer and Information Technology|Internet Service Provider (ISP)|
141772,Other,Computer and Information Technology|
141783,Other,"Personal Care and Lifestyle (Barber Shops, Nail Salons, Diet Centers, Laundry, etc)|Retail Stores, Wholesale, and E-commerce Sites|Travel and Accommodation|Service"
141784,Other,Computer and Information Technology|
141785,Other,Software Development|Computer and Information Technology|
141786,Other,Computer and Information Technology|
141787,Other,Computer and Information Technology|
141788,Other,Not Validating RPKI ROV|
141789,ISP,"Radio and Television Providers|Computer and Information Technology|Media, Publishing, and Broadcasting|Internet Service Provider (ISP)"
141790,Unknown,
141791,Other,"Service|Buildings, Repair, Maintenance (Pest Control, Landscaping, Cleaning, Locksmiths, Car Washes, etc)|Construction and Real Estate|"
141792,Enterprise,"Law, Business, and Consulting Services|Service|"
141793,Government,"Government and Regulatory Agencies, Administrations, Departments, and Services|Government and Public Administration|"
141794,Other,"Media, Publishing, and Broadcasting|Not Validating RPKI ROV|"
141795,Other,Computer and Information Technology|
141796,Other,Not Validating RPKI ROV|
141797,Other,Software Development|Computer and Information Technology|Not Validating RPKI ROV|
141798,ISP,Internet Service Provider (ISP)|Computer and Information Technology|Not Validating RPKI ROV|
141799,Other,Service|
141800,Other,Computer and Information Technology|
141801,Content/CDN,"Hosting and Cloud Provider|Software Development|Service|Law, Business, and Consulting Services"
141802,Other,"Retail Stores, Wholesale, and E-commerce Sites|Media, Publishing, and Broadcasting|Online Informational Content|Finance and Insurance"
141803,Other,Computer and Information Technology|
141804,ISP,Not Validating RPKI ROV|Internet Service Provider (ISP)|Computer and Information Technology|
141805,ISP,Software Development|Internet Service Provider (ISP)|Computer and Information Technology|
141806,ISP,Not Validating RPKI ROV|Home ISP|
141807,Other,Not Validating RPKI ROV|
141808,Other,Computer and Information Technology|
141809,ISP,"Internet Service Provider (ISP)|Online Informational Content|Computer and Information Technology|Media, Publishing, and Broadcasting"
141810,ISP,"Internet Service Provider (ISP)|Computer and Information Technology|Media, Publishing, and Broadcasting|Software Development"
141811,ISP,"Media, Publishing, and Broadcasting|Software Development|Online Informational Content|Computer and Information Technology"
141812,Other,Computer and Information Technology|
141813,Other,Computer and Information Technology|Not Validating RPKI ROV|
141814,Other,Computer and Information Technology|Not Validating RPKI ROV|
141815,ISP,Internet Service Provider (ISP)|Computer and Information Technology|
141816,Other,Service|
141817,Other,Computer and Information Technology|
141818,ISP,Not Validating RPKI ROV|Internet Service Provider (ISP)|Computer and Information Technology|
141819,Content/CDN,Computer and Information Technology|Hosting and Cloud Provider|Not Validating RPKI ROV|
141820,Other,Manufacturing|Electronics and Computer Components|Not Validating RPKI ROV|
141821,ISP,Computer and Information Technology|Software Development|Internet Service Provider (ISP)|
141822,Other,Validating RPKI ROV|
141823,Other,Computer and Information Technology|Not Validating RPKI ROV|
141824,Other,Computer and Information Technology|Not Validating RPKI ROV|
141825,ISP,Internet Service Provider (ISP)|Computer and Information Technology|
141826,Other,Not Validating RPKI ROV|
141827,ISP,"Computer and Information Technology|Internet Service Provider (ISP)|Radio and Television Providers|Media, Publishing, and Broadcasting"
141828,ISP,"Radio and Television Providers|Media, Publishing, and Broadcasting|Internet Service Provider (ISP)|Computer and Information Technology"
141829,Unknown,
141830,ISP,Computer and Information Technology|Internet Service Provider (ISP)|
141831,ISP,Not Validating RPKI ROV|Internet Service Provider (ISP)|Computer and Information Technology|
141832,Other,"Media, Publishing, and Broadcasting|Service|"
141833,Other,"Banks, Credit Card Companies, Mortgage Providers|Finance and Insurance|"
141834,Other,Not Validating RPKI ROV|
141835,Other,Computer and Information Technology|
141836,Other,Computer and Information Technology|
141837,Academic/Edu,"Other Schools, Instruction, and Exam Preparation (Trade Schools, Art Schools, Driving Instruction, etc.)|Education and Research|Not Validating RPKI ROV|"
141838,Unknown,
141839,ISP,Computer and Information Technology|Internet Service Provider (ISP)|
141840,Other,Computer and Information Technology|Not Validating RPKI ROV|
141841,Academic/Edu,"Education and Research|Other Schools, Instruction, and Exam Preparation (Trade Schools, Art Schools, Driving Instruction, etc.)|"
141842,ISP,Not Validating RPKI ROV|Computer and Information Technology|Internet Service Provider (ISP)|
141843,Content/CDN,Computer and Information Technology|Hosting and Cloud Provider|
141844,Other,Computer and Information Technology|Not Validating RPKI ROV|
141845,Other,Not Validating RPKI ROV|
141846,ISP,Not Validating RPKI ROV|Internet Service Provider (ISP)|Computer and Information Technology|
141847,Enterprise,"Service|Computer and Information Technology|Media, Publishing, and Broadcasting|Music and Video Industry"
141848,Other,Computer and Information Technology|Not Validating RPKI ROV|
141849,Other,Service|Software Development|Computer and Information Technology|
141850,Unknown,
141851,ISP,"Service|Media, Publishing, and Broadcasting|Software Development|Internet Service Provider (ISP)"
141852,Unknown,
141853,Other,Travel and Accommodation|
141854,Other,Manufacturing|Clothing and Textiles|
141855,ISP,"Law, Business, and Consulting Services|Software Development|Service|Computer and Information Technology"
141856,Other,"Not Validating RPKI ROV|Recreation, Sports, and Performing Arts|Museums, Libraries, and Entertainment|"
141857,Other,"Banks, Credit Card Companies, Mortgage Providers|Finance and Insurance|"
141858,Other,"Retail Stores, Wholesale, and E-commerce Sites|Not Validating RPKI ROV|"
141859,Unknown,
141860,ISP,Internet Service Provider (ISP)|Computer and Information Technology|
141861,Other,"Retail Stores, Wholesale, and E-commerce Sites|"
141862,Other,Not Validating RPKI ROV|
141863,Other,Not Validating RPKI ROV|
141864,Unknown,
141865,Other,Computer and Information Technology|Not Validating RPKI ROV|
141866,Other,"Not Validating RPKI ROV|Retail Stores, Wholesale, and E-commerce Sites|"
141867,Other,Computer and Information Technology|Software Development|Not Validating RPKI ROV|
141868,Enterprise,"Not Validating RPKI ROV|Service|Law, Business, and Consulting Services|"
141869,Other,Not Validating RPKI ROV|
141870,Other,Not Validating RPKI ROV|
141871,Other,Not Validating RPKI ROV|
141872,ISP,Internet Service Provider (ISP)|Computer and Information Technology|
141873,ISP,Not Validating RPKI ROV|Computer and Information Technology|Internet Service Provider (ISP)|
141874,Other,Not Validating RPKI ROV|
141875,Unknown,
141876,Other,Computer and Information Technology|Not Validating RPKI ROV|
141877,Other,Computer and Information Technology|
141878,ISP,Not Validating RPKI ROV|Hosting and Cloud Provider|Software Development|Internet Service Provider (ISP)
141879,Other,"Retail Stores, Wholesale, and E-commerce Sites|Not Validating RPKI ROV|"
141880,Other,"Retail Stores, Wholesale, and E-commerce Sites|Agriculture, Mining, and Refineries (Farming, Greenhouses, Mining, Forestry, and Animal Farming)|Not Validating RPKI ROV|"
141881,ISP,Internet Service Provider (ISP)|Computer and Information Technology|
141882,Unknown,
142011,ISP,Internet Service Provider (ISP)|Software Development|Computer and Information Technology|Health Care Services
142027,ISP,"Service|Internet Service Provider (ISP)|Media, Publishing, and Broadcasting|Computer and Information Technology"
142057,Other,Computer and Information Technology|Computer and Network Security|
142137,ISP,Software Development|Computer and Information Technology|Internet Service Provider (ISP)|
142144,ISP,Internet Service Provider (ISP)|Computer and Information Technology|
142151,Other,"Online Informational Content|Media, Publishing, and Broadcasting|"
142163,ISP,Computer and Information Technology|Internet Service Provider (ISP)|
207704,ISP,Hosting and Cloud Provider|Internet Service Provider (ISP)|Computer and Information Technology|
142289,ISP,Eyeball|Internet Service Provider (ISP)|Computer and Information Technology|
207941,Other,Content|Personal ASN|Anycast|
142413,Unknown,
142417,ISP,Computer and Information Technology|Insurance Carriers and Agencies|Finance and Insurance|
142419,ISP,Internet Service Provider (ISP)|Computer and Information Technology|Not Validating RPKI ROV|Home ISP
142430,ISP,Internet Service Provider (ISP)|Computer and Information Technology|
142439,ISP,Not Validating RPKI ROV|Internet Service Provider (ISP)|Computer and Information Technology|
142440,Other,Computer and Information Technology|
142441,Other,Software Development|Service|Computer and Information Technology|
142442,Other,Computer and Information Technology|
142443,ISP,Computer and Information Technology|Internet Service Provider (ISP)|
142444,Unknown,
142445,ISP,"Internet Service Provider (ISP)|Radio and Television Providers|Computer and Information Technology|Media, Publishing, and Broadcasting"
142446,Other,Manufacturing|Machinery|
142447,ISP,"Media, Publishing, and Broadcasting|Computer and Information Technology|Radio and Television Providers|Internet Service Provider (ISP)"
44144,ISP,"Software Development|Internet Service Provider (ISP)|Computer and Information Technology|Museums, Libraries, and Entertainment"
142448,Other,"Manufacturing|Electronics and Computer Components|Metal, Glass, Wood, and Paper Manufacturing|Not Validating RPKI ROV"
142449,ISP,Computer and Information Technology|Internet Service Provider (ISP)|Online Informational Content|Radio and Television Providers
142450,Other,Not Validating RPKI ROV|
142451,ISP,Not Validating RPKI ROV|Internet Service Provider (ISP)|Computer and Information Technology|
142452,Other,Computer and Information Technology|
142453,Other,Not Validating RPKI ROV|Computer and Information Technology|
142454,Other,Not Validating RPKI ROV|Computer and Information Technology|
142455,Enterprise,"Service|Law, Business, and Consulting Services|Not Validating RPKI ROV|"
142456,Other,Computer and Information Technology|
142457,Other,Construction and Real Estate|Buildings (Residential or Commercial)|
142458,Unknown,
142459,Other,Not Validating RPKI ROV|
142460,Other,"Retail Stores, Wholesale, and E-commerce Sites|Computer and Information Technology|"
142461,Unknown,
142462,Other,Not Validating RPKI ROV|
142463,Other,Computer and Information Technology|
142464,Other,Computer and Information Technology|
142465,ISP,Computer and Information Technology|Internet Service Provider (ISP)|
142466,Other,"Service|Personal Care and Lifestyle (Barber Shops, Nail Salons, Diet Centers, Laundry, etc)|"
142467,Other,Computer and Information Technology|
142468,Other,Computer and Information Technology|Not Validating RPKI ROV|
142469,Other,Not Validating RPKI ROV|Computer and Information Technology|
142470,ISP,"Not Validating RPKI ROV|Internet Service Provider (ISP)|Computer and Information Technology|Media, Publishing, and Broadcasting"
142471,Other,"Civil Engineering Construction (Utility Lines, Roads and Bridges)|Construction and Real Estate|Validating RPKI ROV|"
142472,Other,"Retail Stores, Wholesale, and E-commerce Sites|"
142473,Other,Not Validating RPKI ROV|
142474,Other,Computer and Information Technology|
142475,Unknown,
142476,Other,Computer and Information Technology|
142477,ISP,Computer and Information Technology|Internet Service Provider (ISP)|
142478,ISP,Software Development|Computer and Information Technology|Internet Service Provider (ISP)|
142479,Other,Computer and Information Technology|
142480,Unknown,
142481,Other,Computer and Information Technology|Not Validating RPKI ROV|
142482,ISP,"Online Informational Content|Computer and Information Technology|Media, Publishing, and Broadcasting|Internet Service Provider (ISP)"
142483,Unknown,
142484,Other,Service|
142485,ISP,Internet Service Provider (ISP)|Computer and Information Technology|
142486,ISP,Software Development|Computer and Information Technology|Internet Service Provider (ISP)|
142487,Other,Not Validating RPKI ROV|
142488,Other,Computer and Information Technology|
142490,ISP,Computer and Information Technology|Internet Service Provider (ISP)|Not Validating RPKI ROV|
142491,Enterprise,"Service|Law, Business, and Consulting Services|"
142492,ISP,Computer and Information Technology|Phone Provider|Internet Service Provider (ISP)|
142493,Academic/Edu,"Education and Research|Colleges, Universities, and Professional Schools|"
142494,Other,Not Validating RPKI ROV|
142495,ISP,Computer and Information Technology|Internet Service Provider (ISP)|Not Validating RPKI ROV|
142496,Other,"Retail Stores, Wholesale, and E-commerce Sites|"
142497,ISP,Computer and Information Technology|Internet Service Provider (ISP)|Not Validating RPKI ROV|
142498,Other,Not Validating RPKI ROV|
142499,Other,Not Validating RPKI ROV|Computer and Information Technology|
142500,Academic/Edu,"Government and Public Administration|Government and Regulatory Agencies, Administrations, Departments, and Services|Human Rights and Social Advocacy (Human Rights, Environment and Wildlife Conservation, Other)|Community Groups and Nonprofits"
142501,Government,"Human Rights and Social Advocacy (Human Rights, Environment and Wildlife Conservation, Other)|Government and Public Administration|Community Groups and Nonprofits|Government and Regulatory Agencies, Administrations, Departments, and Services"
142502,Government,"Human Rights and Social Advocacy (Human Rights, Environment and Wildlife Conservation, Other)|Government and Public Administration|Community Groups and Nonprofits|Government and Regulatory Agencies, Administrations, Departments, and Services"
142503,Other,Computer and Information Technology|
142504,Other,Computer and Information Technology|
142505,Other,Computer and Information Technology|
142506,Other,"Media, Publishing, and Broadcasting|Not Validating RPKI ROV|"
142507,Other,"Utilities (Excluding Internet Service)|Electric Power Generation, Transmission, Distribution|Civil Engineering Construction (Utility Lines, Roads and Bridges)|Construction and Real Estate"
142508,Other,Not Validating RPKI ROV|
142509,Other,Not Validating RPKI ROV|Computer and Information Technology|
142510,Other,"Electric Power Generation, Transmission, Distribution|Agriculture, Mining, and Refineries (Farming, Greenhouses, Mining, Forestry, and Animal Farming)|Utilities (Excluding Internet Service)|"
142511,Unknown,
142512,Other,Not Validating RPKI ROV|
142513,Other,"Media, Publishing, and Broadcasting|Computer and Information Technology|Music and Video Industry|Not Validating RPKI ROV"
142514,Other,Service|
142515,Other,Computer and Information Technology|Not Validating RPKI ROV|
142516,ISP,Computer and Information Technology|Internet Service Provider (ISP)|
142517,Other,Finance and Insurance|
142518,Other,Not Validating RPKI ROV|
142519,Other,"Media, Publishing, and Broadcasting|Software Development|Computer and Information Technology|Service"
142520,Other,Computer and Information Technology|
142521,Other,"Media, Publishing, and Broadcasting|"
142522,Other,Manufacturing|Automotive and Transportation|
142523,Unknown,
142524,Other,Computer and Information Technology|Not Validating RPKI ROV|
142525,Other,"Online Informational Content|Media, Publishing, and Broadcasting|"
142526,Unknown,
142527,ISP,Not Validating RPKI ROV|Internet Service Provider (ISP)|Computer and Information Technology|
142528,Other,"Service|Personal Care and Lifestyle (Barber Shops, Nail Salons, Diet Centers, Laundry, etc)|"
142529,Other,Validating RPKI ROV|Computer and Information Technology|
142530,ISP,"Online Informational Content|Computer and Information Technology|Media, Publishing, and Broadcasting|Internet Service Provider (ISP)"
142531,Other,Not Validating RPKI ROV|
142532,Other,"Manufacturing|Metal, Glass, Wood, and Paper Manufacturing|Not Validating RPKI ROV|"
142533,Enterprise,"Service|Law, Business, and Consulting Services|"
142534,ISP,Not Validating RPKI ROV|Internet Service Provider (ISP)|Computer and Information Technology|
142535,Other,Not Validating RPKI ROV|Computer and Information Technology|
142536,ISP,Software Development|Computer and Information Technology|Internet Service Provider (ISP)|
142537,Other,"Banks, Credit Card Companies, Mortgage Providers|Finance and Insurance|"
142538,ISP,Software Development|Computer and Information Technology|Internet Service Provider (ISP)|
142575,Other,"Online Music and Video Streaming Services|Online Informational Content|Computer and Information Technology|Media, Publishing, and Broadcasting"
142582,Academic/Edu,Education and Research|
142598,Eyeball,"Online Informational Content|Media, Publishing, and Broadcasting|Personal ASN|Eyeball"
142614,ISP,Computer and Information Technology|Internet Service Provider (ISP)|
44331,Academic/Edu,"Law, Business, and Consulting Services|Service|Education and Research|Construction and Real Estate"
142646,Other,"Service|Computer and Information Technology|Media, Publishing, and Broadcasting|Software Development"
208192,ISP,"Retail Stores, Wholesale, and E-commerce Sites|Finance and Insurance|Service|Law, Business, and Consulting Services"
45117,ISP,Eyeball|Internet Service Provider (ISP)|Computer and Information Technology|Not Validating RPKI ROV
45119,ISP,Technology Consulting Services|Internet Service Provider (ISP)|Phone Provider|Computer and Information Technology
45148,ISP,"Service|Internet Service Provider (ISP)|Radio and Television Providers|Media, Publishing, and Broadcasting"
45150,ISP,Internet Service Provider (ISP)|Service|Computer and Information Technology|
45153,ISP,"Media, Publishing, and Broadcasting|Hosting and Cloud Provider|Software Development|Service"
45154,Content/CDN,"Law, Business, and Consulting Services|Hosting and Cloud Provider|Service|Software Development"
45184,ISP,Eyeball|Computer and Information Technology|Internet Service Provider (ISP)|Not Validating RPKI ROV
45189,Other,"Retail Stores, Wholesale, and E-commerce Sites|"
45194,ISP,Eyeball|Computer and Information Technology|Internet Service Provider (ISP)|Not Validating RPKI ROV
45202,Academic/Edu,"Service|Law, Business, and Consulting Services|Education and Research|Research and Development Organizations"
45205,ISP,"Travel and Accommodation|Internet Service Provider (ISP)|Computer and Information Technology|Hotels, Motels, Inns, Other Traveler Accommodation"
45219,ISP,"Not Validating RPKI ROV|Internet Service Provider (ISP)|Computer and Information Technology|Retail Stores, Wholesale, and E-commerce Sites"
45232,ISP,Eyeball|Hosting and Cloud Provider|Computer and Information Technology|Internet Service Provider (ISP)
45235,ISP,Eyeball|Computer and Information Technology|Internet Service Provider (ISP)|Not Validating RPKI ROV
45243,ISP,Internet Service Provider (ISP)|Computer and Information Technology|
45264,ISP,"Finance and Insurance|Law, Business, and Consulting Services|Service|Insurance Carriers and Agencies"
45271,ISP,Eyeball|Technology Consulting Services|Computer and Information Technology|Internet Service Provider (ISP)
45272,ISP,"Insurance Carriers and Agencies|Software Development|Banks, Credit Card Companies, Mortgage Providers|Computer and Information Technology"
45284,ISP,Not Validating RPKI ROV|Internet Service Provider (ISP)|Computer and Information Technology|
45334,ISP,Internet Service Provider (ISP)|Computer and Information Technology|
45335,ISP,Internet Service Provider (ISP)|Computer and Information Technology|Eyeball|
45337,Content/CDN,"Law, Business, and Consulting Services|Service|Computer and Information Technology|Finance and Insurance"
45340,Academic/Edu,"Colleges, Universities, and Professional Schools|Education and Research|"
45350,Other,"Food, Beverage, and Tobacco|Manufacturing|Food Services and Drinking Places|Travel and Accommodation"
45357,Other,"Freight, Shipment, and Postal Services|Travel and Accommodation|Air Travel|Air Transportation"
45415,ISP,Eyeball|Internet Service Provider (ISP)|Computer and Information Technology|Not Validating RPKI ROV
45417,Other,"Agriculture, Mining, and Refineries (Farming, Greenhouses, Mining, Forestry, and Animal Farming)|Chemical and Pharmaceutical Manufacturing|Manufacturing|"
45432,ISP,"Computer and Network Security|Service|Law, Business, and Consulting Services|Computer and Information Technology"
45433,ISP,Not Validating RPKI ROV|Computer and Information Technology|Internet Service Provider (ISP)|
45466,Enterprise,Software Development|Search|Service|Computer and Information Technology
45469,ISP,Internet Service Provider (ISP)|Computer and Information Technology|
45487,Other,Computer and Information Technology|
45513,Other,Manufacturing|Anycast|Chemical and Pharmaceutical Manufacturing|
45514,ISP,Phone Provider|Computer and Information Technology|Internet Service Provider (ISP)|
45518,ISP,Internet Service Provider (ISP)|Computer and Information Technology|Service|Hosting and Cloud Provider
45519,ISP,Software Development|Computer and Information Technology|Internet Service Provider (ISP)|
45525,Other,"Construction and Real Estate|Service|Civil Engineering Construction (Utility Lines, Roads and Bridges)|Manufacturing"
45526,ISP,Internet Service Provider (ISP)|Software Development|Computer and Information Technology|
45528,ISP,Eyeball|Internet Service Provider (ISP)|Computer and Information Technology|Not Validating RPKI ROV
45535,Other,"Not Validating RPKI ROV|Banks, Credit Card Companies, Mortgage Providers|Finance and Insurance|"
45536,ISP,Not Validating RPKI ROV|Internet Service Provider (ISP)|Computer and Information Technology|
45573,Other,"Finance and Insurance|Banks, Credit Card Companies, Mortgage Providers|"
45574,Other,"Banks, Credit Card Companies, Mortgage Providers|Finance and Insurance|"
45582,ISP,Eyeball|Internet Service Provider (ISP)|Computer and Information Technology|Not Validating RPKI ROV
45591,Other,Other|
45596,Enterprise,"Law, Business, and Consulting Services|Tranco 10k Host|Not Validating RPKI ROV|Service"
45609,ISP,Eyeball|Phone Provider|Computer and Information Technology|Internet Service Provider (ISP)
45624,Other,Travel and Accommodation|Software Development|Computer and Information Technology|Not Validating RPKI ROV
45625,Other,Software Development|Computer and Information Technology|
45635,Other,Other|Not Validating RPKI ROV|
45636,Other,"Retail Stores, Wholesale, and E-commerce Sites|Clothing, Fashion, Luggage|Clothing and Textiles|Manufacturing"
45644,Enterprise,"Tranco 10k Host|Computer and Information Technology|Retail Stores, Wholesale, and E-commerce Sites|Service"
45648,ISP,Eyeball|Computer and Information Technology|Internet Service Provider (ISP)|Not Validating RPKI ROV
45649,Content/CDN,Computer and Information Technology|Hosting and Cloud Provider|Not Validating RPKI ROV|
45655,ISP,"Computer and Information Technology|Internet Service Provider (ISP)|Software Development|Law, Business, and Consulting Services"
45660,Other,"Banks, Credit Card Companies, Mortgage Providers|Finance and Insurance|"
45661,ISP,Eyeball|Computer and Information Technology|Internet Service Provider (ISP)|
45663,ISP,"Health Care Services|Law, Business, and Consulting Services|Service|Education and Research"
45670,Other,Software Development|Computer and Information Technology|
45693,Unknown,
45694,ISP,Computer and Information Technology|Internet Service Provider (ISP)|Eyeball|
45742,ISP,Service|Internet Service Provider (ISP)|Computer and Information Technology|Software Development
45747,Other,"Freight, Shipment, and Postal Services|Not Validating RPKI ROV|"
45749,ISP,Computer and Information Technology|Internet Service Provider (ISP)|Travel and Accommodation|Hosting and Cloud Provider
45760,Other,"Finance and Insurance|Banks, Credit Card Companies, Mortgage Providers|"
45765,ISP,"Law, Business, and Consulting Services|Service|Software Development|Computer and Information Technology"
45767,Other,Finance and Insurance|Service|Computer and Network Security|Software Development
45769,ISP,Eyeball|Internet Service Provider (ISP)|Computer and Information Technology|Not Validating RPKI ROV
45775,ISP,Eyeball|Computer and Information Technology|Internet Service Provider (ISP)|Not Validating RPKI ROV
45801,Other,Other|
45804,ISP,Eyeball|Computer and Information Technology|Internet Service Provider (ISP)|Not Validating RPKI ROV
45813,Other,"Retail Stores, Wholesale, and E-commerce Sites|Manufacturing|Chemical and Pharmaceutical Manufacturing|"
45815,ISP,Not Validating RPKI ROV|Internet Service Provider (ISP)|Computer and Information Technology|Hosting and Cloud Provider
45820,ISP,Eyeball|Manufacturing|Computer and Information Technology|Electronics and Computer Components
45825,Other,Computer and Information Technology|Technology Consulting Services|
45829,ISP,Service|Internet Service Provider (ISP)|Computer and Information Technology|
45830,Enterprise,"Service|Law, Business, and Consulting Services|Manufacturing|"
45833,ISP,Internet Service Provider (ISP)|Service|Computer and Information Technology|
45841,Other,Other|
45850,Other,"Retail Stores, Wholesale, and E-commerce Sites|"
45851,Enterprise,"Service|Law, Business, and Consulting Services|"
45854,Content/CDN,Hosting and Cloud Provider|Software Development|Computer and Information Technology|
45857,Content/CDN,"Computer and Information Technology|Law, Business, and Consulting Services|Media, Publishing, and Broadcasting|Hosting and Cloud Provider"
45859,Other,"Retail Stores, Wholesale, and E-commerce Sites|"
45884,ISP,Computer and Information Technology|Internet Service Provider (ISP)|
45885,ISP,"Internet Service Provider (ISP)|Government and Public Administration|Computer and Information Technology|Law, Business, and Consulting Services"
45916,ISP,Eyeball|Computer and Information Technology|Internet Service Provider (ISP)|Not Validating RPKI ROV
45927,Other,"Agriculture, Mining, and Refineries (Farming, Greenhouses, Mining, Forestry, and Animal Farming)|Not Validating RPKI ROV|"
45942,ISP,Eyeball|Internet Service Provider (ISP)|Computer and Information Technology|Not Validating RPKI ROV
45944,ISP,Internet Service Provider (ISP)|Computer and Information Technology|
45954,ISP,Computer and Information Technology|Internet Service Provider (ISP)|Not Validating RPKI ROV|Eyeball
45955,ISP,"Finance and Insurance|Insurance Carriers and Agencies|Investment, Portfolio Management, Pensions and Funds|"
46068,ISP,Technology Consulting Services|Software Development|Service|Internet Service Provider (ISP)
46071,ISP,Hosting and Cloud Provider|Software Development|Computer and Information Technology|Internet Service Provider (ISP)
14061,Content/CDN,Content|Hosting and Cloud Provider|Software Development|Computer and Information Technology
210846,ISP,Internet Service Provider (ISP)|Computer and Information Technology|
211014,ISP,Internet Service Provider (ISP)|Software Development|Computer and Information Technology|
211242,Other,"Online Informational Content|Media, Publishing, and Broadcasting|"
211585,Other,"Online Informational Content|Media, Publishing, and Broadcasting|"
146846,ISP,Computer and Information Technology|Internet Service Provider (ISP)|
146847,Unknown,
146848,Unknown,
146849,Other,Construction and Real Estate|Computer and Information Technology|
146850,Other,"Retail Stores, Wholesale, and E-commerce Sites|"
146851,Other,Finance and Insurance|
146852,ISP,Internet Service Provider (ISP)|Computer and Information Technology|
146853,Other,Computer and Information Technology|
146854,Unknown,
146855,Unknown,
146856,Other,"Media, Publishing, and Broadcasting|"
146857,Other,"Personal Care and Lifestyle (Barber Shops, Nail Salons, Diet Centers, Laundry, etc)|Retail Stores, Wholesale, and E-commerce Sites|Service|Travel and Accommodation"
146858,ISP,"Computer and Information Technology|Internet Service Provider (ISP)|Media, Publishing, and Broadcasting|Radio and Television Providers"
146859,ISP,Internet Service Provider (ISP)|Computer and Information Technology|
146860,Other,Computer and Information Technology|
146861,Other,Computer and Information Technology|
146862,Unknown,
146863,Other,"Retail Stores, Wholesale, and E-commerce Sites|Computer and Information Technology|"
146864,Unknown,
146865,Academic/Edu,Education and Research|
146866,Unknown,
146867,Other,Software Development|Computer and Information Technology|
146868,Other,Software Development|Computer and Information Technology|
146869,Other,Computer and Information Technology|
146870,Other,"Finance and Insurance|Banks, Credit Card Companies, Mortgage Providers|"
146871,Academic/Edu,"Education and Research|Elementary and Secondary Schools|Retail Stores, Wholesale, and E-commerce Sites|Research and Development Organizations"
146872,Other,"Media, Publishing, and Broadcasting|"
146873,Unknown,
146874,ISP,Internet Service Provider (ISP)|Computer and Information Technology|
146875,Unknown,
146876,Unknown,
146877,ISP,Internet Service Provider (ISP)|Computer and Information Technology|
146878,ISP,Computer and Information Technology|Internet Service Provider (ISP)|
146879,Other,"Retail Stores, Wholesale, and E-commerce Sites|"
146880,Other,Service|
146881,Other,Computer and Information Technology|
146882,ISP,Internet Service Provider (ISP)|Computer and Information Technology|
146883,Other,Computer and Information Technology|
146884,ISP,Internet Service Provider (ISP)|Computer and Information Technology|
146885,Unknown,
146886,Other,Computer and Information Technology|Software Development|
146887,ISP,Internet Service Provider (ISP)|Computer and Information Technology|Computer and Network Security|
146888,Other,Service|Computer and Information Technology|Software Development|
146889,Unknown,
146890,Other,Computer and Information Technology|
146891,Unknown,
146892,Unknown,
146893,Other,"Metal, Glass, Wood, and Paper Manufacturing|Manufacturing|"
146894,Other,"Postal Services and Couriers|Freight, Shipment, and Postal Services|"
146895,ISP,Computer and Information Technology|Internet Service Provider (ISP)|
146896,ISP,"Software Development|Internet Service Provider (ISP)|Computer and Information Technology|Retail Stores, Wholesale, and E-commerce Sites"
146897,ISP,Computer and Information Technology|Internet Service Provider (ISP)|
146898,Other,Computer and Information Technology|
146899,Other,Computer and Information Technology|
146900,ISP,Finance and Insurance|Insurance Carriers and Agencies|
146901,Unknown,
146902,Enterprise,"Service|Recreation, Sports, and Performing Arts|Museums, Libraries, and Entertainment|Law, Business, and Consulting Services"
146903,ISP,Internet Service Provider (ISP)|Computer and Information Technology|
146904,ISP,Home ISP|Internet Service Provider (ISP)|Radio and Television Providers|Computer and Information Technology
146905,Enterprise,"Law, Business, and Consulting Services|Service|"
146906,Other,"Retail Stores, Wholesale, and E-commerce Sites|"
146907,Other,"Civil Engineering Construction (Utility Lines, Roads and Bridges)|Buildings (Residential or Commercial)|Construction and Real Estate|"
146908,ISP,Computer and Information Technology|Internet Service Provider (ISP)|
146909,Unknown,
146910,Unknown,
146911,Other,Computer and Information Technology|
146912,Other,"Retail Stores, Wholesale, and E-commerce Sites|"
146913,Unknown,
146914,Unknown,
146915,Unknown,
146916,Other,Service|
146917,Other,Computer and Information Technology|
146918,Other,Computer and Information Technology|
146919,Enterprise,"Service|Law, Business, and Consulting Services|"
146920,Other,Computer and Information Technology|Software Development|
146921,Other,Computer and Information Technology|
146922,Other,Computer and Information Technology|
146923,ISP,Internet Service Provider (ISP)|Computer and Information Technology|
146924,Enterprise,"Law, Business, and Consulting Services|Service|Retail Stores, Wholesale, and E-commerce Sites|"
146925,Other,"Retail Stores, Wholesale, and E-commerce Sites|"
146926,Other,Service|
146927,Unknown,
146928,ISP,Software Development|Internet Service Provider (ISP)|Computer and Information Technology|
146929,Other,Computer and Information Technology|
146930,Other,Computer and Information Technology|
146931,Unknown,
146932,ISP,Computer and Information Technology|Internet Service Provider (ISP)|
146933,ISP,Internet Service Provider (ISP)|Computer and Information Technology|
146934,Unknown,
146935,Other,Computer and Information Technology|
146936,Unknown,
146937,ISP,Construction and Real Estate|Internet Service Provider (ISP)|Computer and Information Technology|
146938,ISP,Internet Service Provider (ISP)|Computer and Information Technology|
146939,Enterprise,"Law, Business, and Consulting Services|Service|"
146940,ISP,Hosting and Cloud Provider|Internet Service Provider (ISP)|Computer and Information Technology|
146941,Unknown,
146942,Unknown,
146943,Unknown,
146944,Other,Computer and Information Technology|
146945,Other,Buildings (Residential or Commercial)|Construction and Real Estate|
146964,Other,Computer and Information Technology|Software Development|
146999,ISP,Software Development|Computer and Information Technology|Internet Service Provider (ISP)|
147177,Unknown,
147183,Other,"Travel and Accommodation|Computer and Information Technology|Freight, Shipment, and Postal Services|Software Development"
147185,ISP,Computer and Information Technology|Internet Service Provider (ISP)|
147186,ISP,Internet Service Provider (ISP)|Computer and Information Technology|Server Hosting|
147189,Other,"Banks, Credit Card Companies, Mortgage Providers|Finance and Insurance|"
147191,Other,Computer and Information Technology|
147192,ISP,Computer and Information Technology|Internet Service Provider (ISP)|Hosting and Cloud Provider|Software Development
147193,Unknown,
147194,Other,Computer and Information Technology|
147195,Other,Service|
147196,Other,Travel and Accommodation|Food Services and Drinking Places|
147197,Other,"Computer and Information Technology|Media, Publishing, and Broadcasting|Music and Video Industry|"
147198,Other,Computer and Information Technology|
147199,Other,Computer and Information Technology|
147200,Unknown,
147201,Unknown,
147202,Unknown,
147203,Unknown,
147204,Other,Computer and Information Technology|
147205,Unknown,
147206,Other,"Personal Care and Lifestyle (Barber Shops, Nail Salons, Diet Centers, Laundry, etc)|Retail Stores, Wholesale, and E-commerce Sites|Service|Travel and Accommodation"
147207,Other,Computer and Information Technology|
147208,Other,"Retail Stores, Wholesale, and E-commerce Sites|"
147209,Other,Computer and Information Technology|
147210,ISP,Internet Service Provider (ISP)|Computer and Information Technology|
147211,Other,Finance and Insurance|
147212,Other,"Media, Publishing, and Broadcasting|Music and Video Industry|"
147213,Unknown,
147214,ISP,Internet Service Provider (ISP)|Computer and Information Technology|
147215,Unknown,
147216,Unknown,
147217,Unknown,
147218,Unknown,
147219,Unknown,
147220,Other,Computer and Information Technology|
147221,Other,"Buildings, Repair, Maintenance (Pest Control, Landscaping, Cleaning, Locksmiths, Car Washes, etc)|Retail Stores, Wholesale, and E-commerce Sites|Service|"
147222,Other,"Civil Engineering Construction (Utility Lines, Roads and Bridges)|Construction and Real Estate|"
147223,Unknown,
147224,ISP,Eyeball|Home ISP|
147225,Other,Computer and Information Technology|
147226,Unknown,
147227,Other,Computer and Information Technology|
147228,Other,"Civil Engineering Construction (Utility Lines, Roads and Bridges)|Freight, Shipment, and Postal Services|Construction and Real Estate|Passenger Transit (Car, Bus, Taxi, Subway)"
147229,Enterprise,"Service|Law, Business, and Consulting Services|"
147230,ISP,Computer and Information Technology|Internet Service Provider (ISP)|
147231,Content/CDN,Computer and Information Technology|Hosting and Cloud Provider|
147232,Other,Computer and Information Technology|
147233,ISP,Software Development|Internet Service Provider (ISP)|Computer and Information Technology|
147234,Unknown,
147235,Unknown,
147236,Unknown,
147237,Other,Computer and Information Technology|
147238,Other,Computer and Information Technology|
147239,Academic/Edu,"Government and Regulatory Agencies, Administrations, Departments, and Services|Government and Public Administration|Education and Research|"
147240,Unknown,
147241,Unknown,
147242,Unknown,
147243,Unknown,
147244,Unknown,
147245,Other,Computer and Information Technology|
147246,Other,Computer and Information Technology|
147247,Other,Computer and Information Technology|
147248,Unknown,
147249,Unknown,
147250,Unknown,
147251,Other,"Retail Stores, Wholesale, and E-commerce Sites|"
147252,Unknown,
147253,Unknown,
147254,Other,Finance and Insurance|
147255,ISP,Internet Service Provider (ISP)|Computer and Information Technology|
147256,ISP,"Internet Service Provider (ISP)|Radio and Television Providers|Computer and Information Technology|Media, Publishing, and Broadcasting"
147257,Other,Software Development|Computer and Information Technology|
147258,Academic/Edu,"Education and Research|Colleges, Universities, and Professional Schools|"
147259,Other,Computer and Information Technology|
147260,Other,Computer and Information Technology|
147261,Unknown,
147262,ISP,Internet Service Provider (ISP)|Computer and Information Technology|
147263,Unknown,
147264,Other,"Retail Stores, Wholesale, and E-commerce Sites|"
147265,Other,Computer and Information Technology|
147266,Unknown,
147267,Other,"Manufacturing|Metal, Glass, Wood, and Paper Manufacturing|Computer and Information Technology|"
147268,Unknown,
147269,ISP,Computer and Information Technology|Internet Service Provider (ISP)|
147270,Unknown,
147271,Unknown,
147272,Other,"Manufacturing|Retail Stores, Wholesale, and E-commerce Sites|Automotive and Transportation|"
147273,Other,Computer and Information Technology|
147274,Other,"Retail Stores, Wholesale, and E-commerce Sites|"
147275,Other,Computer and Information Technology|
147276,Unknown,
147277,ISP,Internet Service Provider (ISP)|Computer and Information Technology|
147278,Unknown,
147279,ISP,Computer and Information Technology|Internet Service Provider (ISP)|
147280,Other,"Retail Stores, Wholesale, and E-commerce Sites|"
147281,Unknown,
147282,ISP,Software Development|Computer and Information Technology|Internet Service Provider (ISP)|Manufacturing
147283,Other,"Service|Personal Care and Lifestyle (Barber Shops, Nail Salons, Diet Centers, Laundry, etc)|Retail Stores, Wholesale, and E-commerce Sites|Travel and Accommodation"
147284,Other,Computer and Information Technology|
147285,Unknown,
147286,Other,Computer and Information Technology|
147287,Unknown,
147288,Unknown,
147289,Unknown,
147290,ISP,"Computer and Information Technology|Internet Service Provider (ISP)|Media, Publishing, and Broadcasting|Service"
147316,Unknown,
147317,Unknown,
147318,Unknown,
147319,Unknown,
147320,Unknown,
147321,Unknown,
147322,Unknown,
147323,Unknown,
147324,Unknown,
147325,Unknown,
147326,Unknown,
147327,Unknown,
147328,Unknown,
147329,Unknown,
147330,Unknown,
147331,Unknown,
147332,Unknown,
147333,Unknown,
147334,Unknown,
147335,Unknown,
147336,Unknown,
147337,Unknown,
147338,Unknown,
147339,Unknown,
147340,Unknown,
147341,Unknown,
147342,Unknown,
147343,Unknown,
147344,Unknown,
147345,Unknown,
147346,Unknown,
147347,Unknown,
147348,Unknown,
147349,Unknown,
147350,Unknown,
147351,Unknown,
147352,Unknown,
147353,Unknown,
147354,Unknown,
147355,Unknown,
147356,Unknown,
147357,Unknown,
147358,Unknown,
147359,Unknown,
147360,Unknown,
147361,Unknown,
147362,Unknown,
147363,Unknown,
147364,Unknown,
147365,Unknown,
147366,Unknown,
147367,Unknown,
147368,Unknown,
147369,Unknown,
147370,Unknown,
147371,Unknown,
147372,Unknown,
147373,Unknown,
147374,Unknown,
147375,Unknown,
147376,Unknown,
147377,Unknown,
147378,Unknown,
147379,Unknown,
147380,Unknown,
147381,Unknown,
147382,Unknown,
147383,Unknown,
147384,Unknown,
147385,Unknown,
147386,Unknown,
147387,Unknown,
147388,Unknown,
147389,Unknown,
147390,Unknown,
147391,Unknown,
147392,Unknown,
147393,Unknown,
147394,Unknown,
147395,Unknown,
147396,Unknown,
147397,Unknown,
147398,Unknown,
147399,Unknown,
147400,Unknown,
147401,Unknown,
147402,Unknown,
147403,Unknown,
147404,Unknown,
147405,Unknown,
147406,Unknown,
147407,Unknown,
147408,Unknown,
147409,Unknown,
147410,Unknown,
147411,Unknown,
147412,Unknown,
147413,Unknown,
147414,Unknown,
147415,Unknown,
147416,Unknown,
147417,Unknown,
147418,Unknown,
147419,Unknown,
147420,Unknown,
147421,Unknown,
147422,Unknown,
147423,Unknown,
147424,Unknown,
147425,Unknown,
147426,Unknown,
147427,Unknown,
147428,Unknown,
147429,Unknown,
147430,Unknown,
147431,Unknown,
147432,Unknown,
147433,Unknown,
147434,Unknown,
147435,Unknown,
147436,Unknown,
147437,Unknown,
147438,Unknown,
147439,Unknown,
147440,Unknown,
147441,Unknown,
147442,Unknown,
147443,Unknown,
147444,Unknown,
147445,Unknown,
147446,Unknown,
147447,Unknown,
147448,Unknown,
147449,Unknown,
147450,Unknown,
147451,Unknown,
147452,Unknown,
147453,Unknown,
147454,Unknown,
147455,Unknown,
147456,Unknown,
147457,Unknown,
147458,Unknown,
147459,Unknown,
147460,Unknown,
147461,Unknown,
147462,Unknown,
147463,Unknown,
147464,Unknown,
147465,Unknown,
147466,Unknown,
147467,Unknown,
147468,Unknown,
147469,Unknown,
147470,Unknown,
147471,Unknown,
147472,Unknown,
147473,Unknown,
147474,Unknown,
147475,Unknown,
147476,Unknown,
147477,Unknown,
147478,Unknown,
147479,Unknown,
147480,Unknown,
147481,Unknown,
147482,Unknown,
147483,Unknown,
147484,Unknown,
147485,Unknown,
147486,Unknown,
147487,Unknown,
147488,Unknown,
147489,Unknown,
147490,Unknown,
147491,Unknown,
147492,Unknown,
147493,Unknown,
147494,Unknown,
147495,Unknown,
147496,Unknown,
147497,Unknown,
147498,Unknown,
147499,Unknown,
147500,Unknown,
147501,Unknown,
147502,Unknown,
147503,Unknown,
147504,Unknown,
147505,Unknown,
147506,Unknown,
147507,Unknown,
147508,Unknown,
147509,Unknown,
147510,Unknown,
147511,Unknown,
147512,Unknown,
147513,Unknown,
147514,Unknown,
147515,Unknown,
147516,Unknown,
147517,Unknown,
147518,Unknown,
147519,Unknown,
147520,Unknown,
147521,Unknown,
147522,Unknown,
147523,Unknown,
147524,Unknown,
147525,Unknown,
147526,Unknown,
147527,Unknown,
147528,Unknown,
147529,Unknown,
147530,Unknown,
147531,Unknown,
147532,Unknown,
147533,Unknown,
147534,Unknown,
147535,Unknown,
147536,Unknown,
147537,Unknown,
147538,Unknown,
147539,Unknown,
147540,Unknown,
147541,Unknown,
147542,Unknown,
147543,Unknown,
147544,Unknown,
147545,Unknown,
147546,Unknown,
147547,Unknown,
147548,Unknown,
147549,Unknown,
147550,Unknown,
147551,Unknown,
147552,Unknown,
147553,Unknown,
147554,Unknown,
147555,Unknown,
147556,Unknown,
147557,Unknown,
147558,Unknown,
147559,Unknown,
147560,Unknown,
147561,Unknown,
147562,Unknown,
147563,Unknown,
147564,Unknown,
147565,Unknown,
147566,Unknown,
147567,Unknown,
147568,Unknown,
147569,Unknown,
147570,Unknown,
147571,Unknown,
147572,Unknown,
147573,Unknown,
147574,Unknown,
147575,Unknown,
147576,Unknown,
147577,Unknown,
147578,Unknown,
147579,Unknown,
147580,Unknown,
147581,Unknown,
147582,Unknown,
147583,Unknown,
147584,Unknown,
147585,Unknown,
147586,Unknown,
147587,Unknown,
147588,Unknown,
147589,Unknown,
147590,Unknown,
147591,Unknown,
147592,Unknown,
147593,Unknown,
147594,Unknown,
147595,Unknown,
147596,Unknown,
147597,Unknown,
147598,Unknown,
147599,Unknown,
147600,Unknown,
147601,Unknown,
147602,Unknown,
147603,Unknown,
147604,Unknown,
147605,Unknown,
147606,Unknown,
147607,Unknown,
147608,Unknown,
147609,Unknown,
147610,Unknown,
147611,Unknown,
147612,Unknown,
147613,Unknown,
147614,Unknown,
147615,Unknown,
147616,Unknown,
147617,Unknown,
147618,Unknown,
147619,Unknown,
147620,Unknown,
147621,Unknown,
147622,Unknown,
147623,Unknown,
147624,Unknown,
147625,Unknown,
147626,Unknown,
147627,Unknown,
147628,Unknown,
147629,Unknown,
147630,Unknown,
213167,ISP,Computer and Information Technology|Internet Service Provider (ISP)|
147632,Unknown,
147633,Unknown,
147634,Unknown,
147635,Unknown,
147636,Unknown,
147631,Unknown,
147637,Unknown,
147639,Unknown,
147638,Unknown,
147640,Unknown,
147642,Unknown,
147643,Unknown,
147644,Unknown,
147645,Unknown,
147646,Unknown,
147647,Unknown,
147648,Unknown,
147649,Unknown,
213186,ISP,Computer and Information Technology|Hosting and Cloud Provider|Internet Service Provider (ISP)|
147650,Unknown,
147651,Unknown,
147653,Unknown,
147654,Unknown,
147655,Unknown,
147656,Unknown,
147657,Unknown,
147652,Unknown,
147659,Unknown,
147660,Unknown,
147661,Unknown,
147662,Unknown,
147663,Unknown,
147664,Unknown,
147665,Unknown,
147666,Unknown,
147667,Unknown,
147668,Unknown,
147669,Unknown,
147670,Unknown,
147671,Unknown,
147672,Unknown,
147673,Unknown,
147674,Unknown,
147675,Unknown,
147676,Unknown,
147677,Unknown,
147678,Unknown,
147679,Unknown,
147680,Unknown,
147681,Unknown,
49378,Other,"Retail Stores, Wholesale, and E-commerce Sites|"
147683,Unknown,
147684,Unknown,
147685,Unknown,
147686,Unknown,
147687,Unknown,
147688,Unknown,
147689,Unknown,
147690,Unknown,
147691,Unknown,
147692,Unknown,
147693,Unknown,
147694,Unknown,
147695,Unknown,
147696,Unknown,
147697,Unknown,
147698,Unknown,
147699,Unknown,
147700,Unknown,
147701,Unknown,
147702,Unknown,
147703,Unknown,
147704,Unknown,
147705,Unknown,
147706,Unknown,
147707,Unknown,
147708,Unknown,
147709,Unknown,
147710,Unknown,
147711,Unknown,
147712,Unknown,
147713,Unknown,
147714,Unknown,
147715,Unknown,
147716,Unknown,
147717,Unknown,
147718,Unknown,
147719,Unknown,
147720,Unknown,
147721,Unknown,
147722,Unknown,
147723,Unknown,
147724,Unknown,
147725,Unknown,
147726,Unknown,
147727,Unknown,
147728,Unknown,
147729,Unknown,
147730,Unknown,
147731,Unknown,
147732,Unknown,
147733,Unknown,
147734,Unknown,
147735,Unknown,
147736,Unknown,
147737,Unknown,
147738,Unknown,
147739,Unknown,
147740,Unknown,
147741,Unknown,
147742,Unknown,
147743,Unknown,
147744,Unknown,
147745,Unknown,
147746,Unknown,
147747,Unknown,
147748,Unknown,
147749,Unknown,
147750,Unknown,
147751,Unknown,
147752,Unknown,
147753,Unknown,
147754,Unknown,
147755,Unknown,
147756,Unknown,
147757,Unknown,
147758,Unknown,
147759,Unknown,
147760,Unknown,
147761,Unknown,
147762,Unknown,
147763,Unknown,
147764,Unknown,
147765,Unknown,
147766,Unknown,
147767,Unknown,
147768,Unknown,
147769,Unknown,
147770,Unknown,
147771,Unknown,
147772,Unknown,
147773,Unknown,
147774,Unknown,
147775,Unknown,
147776,Unknown,
147777,Unknown,
147778,Unknown,
147779,Unknown,
147780,Unknown,
147781,Unknown,
147782,Unknown,
147783,Unknown,
147784,Unknown,
147785,Unknown,
147786,Unknown,
147787,Unknown,
147788,Unknown,
147789,Unknown,
213326,ISP,"Internet Service Provider (ISP)|Online Informational Content|Computer and Information Technology|Media, Publishing, and Broadcasting"
147790,Unknown,
147791,Unknown,
147792,Unknown,
147793,Unknown,
147794,Unknown,
147795,Unknown,
147796,Unknown,
147797,Unknown,
147798,Unknown,
147799,Unknown,
147800,Unknown,
147801,Unknown,
147802,Unknown,
147803,Unknown,
147804,Unknown,
147805,Unknown,
147806,Unknown,
147808,Unknown,
147809,Unknown,
147810,Unknown,
147811,Unknown,
147812,Unknown,
147813,Unknown,
147807,Unknown,
147815,Unknown,
147816,Unknown,
147814,Unknown,
147818,Unknown,
147819,Unknown,
147820,Unknown,
147821,Unknown,
147822,Unknown,
147823,Unknown,
147824,Unknown,
147825,Unknown,
147817,Unknown,
147827,Unknown,
147826,Unknown,
147829,Unknown,
147830,Unknown,
147831,Unknown,
147832,Unknown,
147828,Unknown,
147833,Unknown,
213371,Enterprise,"Not Validating RPKI ROV|Service|Law, Business, and Consulting Services|"
147835,Unknown,
147836,Unknown,
147837,Unknown,
147838,Unknown,
147840,Unknown,
147841,Unknown,
147842,Unknown,
147843,Unknown,
147844,Unknown,
147845,Unknown,
147846,Unknown,
147847,Unknown,
147839,Unknown,
147849,Unknown,
147850,Unknown,
147851,Unknown,
147852,Unknown,
147853,Unknown,
147854,Unknown,
147855,Unknown,
147856,Unknown,
147857,Unknown,
147858,Unknown,
147859,Unknown,
147860,Unknown,
147861,Unknown,
147862,Unknown,
147863,Unknown,
147864,Unknown,
147865,Unknown,
147866,Unknown,
147867,Unknown,
147868,Unknown,
147869,Unknown,
147870,Unknown,
147871,Unknown,
147872,Unknown,
147873,Unknown,
147874,Unknown,
147875,Unknown,
147876,Unknown,
147877,Unknown,
147878,Unknown,
147879,Unknown,
147880,Unknown,
147881,Unknown,
147882,Unknown,
147883,Unknown,
147884,Unknown,
147885,Unknown,
147886,Unknown,
147887,Unknown,
147888,Unknown,
147889,Unknown,
147890,Unknown,
147891,Unknown,
147892,Unknown,
147893,Unknown,
147894,Unknown,
147895,Unknown,
147896,Unknown,
147897,Unknown,
147898,Unknown,
147899,Unknown,
147900,Unknown,
147901,Unknown,
147902,Unknown,
147903,Unknown,
147904,Unknown,
147905,Unknown,
147906,Unknown,
147907,Unknown,
147908,Unknown,
147909,Unknown,
147910,Unknown,
147911,Unknown,
147912,Unknown,
147913,Unknown,
147914,Unknown,
147915,Unknown,
147916,Unknown,
147917,Unknown,
147918,Unknown,
147919,Unknown,
147920,Unknown,
147921,Unknown,
147922,Unknown,
147923,Unknown,
147924,Unknown,
147925,Unknown,
147926,Unknown,
147927,Unknown,
147928,Unknown,
147929,Unknown,
147930,Unknown,
147931,Unknown,
147932,Unknown,
147933,Unknown,
147934,Unknown,
147935,Unknown,
147936,Unknown,
147937,Unknown,
147938,Unknown,
147939,Unknown,
147940,Unknown,
147941,Unknown,
147942,Unknown,
147943,Unknown,
147944,Unknown,
147945,Unknown,
147946,Unknown,
147947,Unknown,
147948,Unknown,
147949,Unknown,
147950,Unknown,
147951,Unknown,
147952,Unknown,
147953,Unknown,
147954,Unknown,
147955,Unknown,
147956,Unknown,
147957,Unknown,
147958,Unknown,
147959,Unknown,
147960,Unknown,
147961,Unknown,
147962,Unknown,
147963,Unknown,
147964,Unknown,
147965,Unknown,
147966,Unknown,
147967,Unknown,
147968,Unknown,
147969,Unknown,
147970,Unknown,
147971,Unknown,
147972,Unknown,
147973,Unknown,
147974,Unknown,
147975,Unknown,
147976,Unknown,
147977,Unknown,
147978,Unknown,
147979,Unknown,
147980,Unknown,
147981,Unknown,
147982,Unknown,
147983,Unknown,
147984,Unknown,
147985,Unknown,
147986,Unknown,
147987,Unknown,
147988,Unknown,
147989,Unknown,
147990,Unknown,
147991,Unknown,
147992,Unknown,
147993,Unknown,
147994,Unknown,
147995,Unknown,
147996,Unknown,
147997,Unknown,
147998,Unknown,
147999,Unknown,
148000,Academic/Edu,"Community Groups and Nonprofits|Government and Regulatory Agencies, Administrations, Departments, and Services|Government and Public Administration|Human Rights and Social Advocacy (Human Rights, Environment and Wildlife Conservation, Other)"
148001,Academic/Edu,"Government and Public Administration|Community Groups and Nonprofits|Government and Regulatory Agencies, Administrations, Departments, and Services|Education and Research"
148002,Academic/Edu,"Community Groups and Nonprofits|Government and Regulatory Agencies, Administrations, Departments, and Services|Education and Research|Human Rights and Social Advocacy (Human Rights, Environment and Wildlife Conservation, Other)"
148003,Academic/Edu,"Community Groups and Nonprofits|Human Rights and Social Advocacy (Human Rights, Environment and Wildlife Conservation, Other)|Education and Research|Government and Public Administration"
148004,Academic/Edu,"Human Rights and Social Advocacy (Human Rights, Environment and Wildlife Conservation, Other)|Government and Regulatory Agencies, Administrations, Departments, and Services|Community Groups and Nonprofits|Education and Research"
148005,Academic/Edu,"Government and Regulatory Agencies, Administrations, Departments, and Services|Government and Public Administration|Community Groups and Nonprofits|Education and Research"
148006,Unknown,
148007,Unknown,
148008,Unknown,
148009,Unknown,
148010,Unknown,
148011,Unknown,
148012,Unknown,
148013,Unknown,
148014,Unknown,
148015,Unknown,
148016,Unknown,
148017,Unknown,
148018,Unknown,
148019,Unknown,
148020,Unknown,
148021,Unknown,
148022,Unknown,
148023,Unknown,
148024,Unknown,
148025,Unknown,
148026,Unknown,
148027,Unknown,
148028,Unknown,
148029,Unknown,
148030,Unknown,
148031,Unknown,
148032,Unknown,
148033,Unknown,
148034,Unknown,
148035,Unknown,
148036,Unknown,
148037,Unknown,
213574,Unknown,
148038,Unknown,
148039,Unknown,
148040,Unknown,
148041,Unknown,
148042,Unknown,
148043,Unknown,
148044,Unknown,
148045,Unknown,
148046,Unknown,
148047,Unknown,
148048,Unknown,
148049,Unknown,
148050,Unknown,
148051,Unknown,
148052,Unknown,
148053,Unknown,
148054,Unknown,
148055,Unknown,
148056,Unknown,
148057,Unknown,
148058,Unknown,
148059,Unknown,
148060,Unknown,
148061,Unknown,
148062,Unknown,
148063,Unknown,
148064,Unknown,
148065,Unknown,
148066,Unknown,
148067,Unknown,
148068,Unknown,
148069,Unknown,
148070,Unknown,
148071,Unknown,
148072,Unknown,
148073,Unknown,
148074,Unknown,
148075,Unknown,
148076,Unknown,
148077,Unknown,
148078,Unknown,
148079,Unknown,
148080,Unknown,
148081,Unknown,
148082,Unknown,
148083,Unknown,
148084,Unknown,
148085,Unknown,
148086,Unknown,
148087,Unknown,
148088,Unknown,
148089,Unknown,
148090,Unknown,
148091,Unknown,
148092,Unknown,
148093,Unknown,
148094,Unknown,
148095,Unknown,
148096,Unknown,
148097,Unknown,
148098,Unknown,
148099,Unknown,
148100,Unknown,
148101,Unknown,
148102,Unknown,
148103,Unknown,
148104,Unknown,
148105,Unknown,
148106,Unknown,
148107,Unknown,
148108,Unknown,
148109,Unknown,
148110,Unknown,
148111,Unknown,
148112,Unknown,
148113,Unknown,
148114,Unknown,
148115,Unknown,
148116,Unknown,
148117,Unknown,
213655,Other,Personal ASN|
148118,Unknown,
148119,Unknown,
148120,Unknown,
148121,Unknown,
148122,Unknown,
148123,Unknown,
148124,Unknown,
148125,Unknown,
148126,Unknown,
148127,Unknown,
148128,Unknown,
148129,Unknown,
148130,Unknown,
148131,Unknown,
148132,Unknown,
148133,Unknown,
148134,Unknown,
148135,Unknown,
148136,Unknown,
148137,Unknown,
148138,Unknown,
148139,Unknown,
148140,Unknown,
148141,Unknown,
148142,Unknown,
148143,Unknown,
148144,Unknown,
148145,Unknown,
148146,Unknown,
148147,Unknown,
148148,Unknown,
148149,Unknown,
148150,Unknown,
148151,Unknown,
148152,Unknown,
148153,Unknown,
148154,Unknown,
148155,Unknown,
148156,Unknown,
148157,Unknown,
148158,Unknown,
148159,Unknown,
148160,Unknown,
148161,Unknown,
148162,Unknown,
148163,Unknown,
148164,Unknown,
148165,Unknown,
148166,Unknown,
148167,Unknown,
148168,Unknown,
148169,Unknown,
148170,Unknown,
148171,Unknown,
148172,Unknown,
213711,Unknown,
148173,Unknown,
148174,Unknown,
148175,Unknown,
148176,Unknown,
148177,Unknown,
148178,Unknown,
148179,Unknown,
148180,Unknown,
148181,Unknown,
148182,Unknown,
148183,Unknown,
148184,Unknown,
148185,Unknown,
148186,Unknown,
148187,Unknown,
148188,Unknown,
148189,Unknown,
148190,Unknown,
148191,Unknown,
148192,Unknown,
148193,Unknown,
148194,Unknown,
148195,Unknown,
148196,Unknown,
148197,Unknown,
148198,Unknown,
148199,Unknown,
148200,Unknown,
148201,Unknown,
148202,Unknown,
148203,Unknown,
148204,Unknown,
148205,Unknown,
148206,Unknown,
148207,Unknown,
148208,Unknown,
148209,Unknown,
148210,Unknown,
148211,Unknown,
148212,Unknown,
148213,Unknown,
148214,Unknown,
148215,Unknown,
148216,Unknown,
148217,Unknown,
148218,Unknown,
148219,Unknown,
148220,Unknown,
148221,Unknown,
148222,Unknown,
148223,Unknown,
148224,Unknown,
148225,Unknown,
148226,Unknown,
148227,Unknown,
148228,Unknown,
148229,Unknown,
148230,Unknown,
148231,Unknown,
148232,Unknown,
148233,Unknown,
148234,Unknown,
148235,Unknown,
148236,Unknown,
148237,Unknown,
148238,Unknown,
148239,Unknown,
148240,Unknown,
148241,Unknown,
148242,Unknown,
148243,Unknown,
148244,Unknown,
148245,Unknown,
148246,Unknown,
148247,Unknown,
148248,Unknown,
148249,Unknown,
148250,Unknown,
148251,Unknown,
148252,Unknown,
148253,Unknown,
148254,Unknown,
148255,Unknown,
148256,Unknown,
148257,Unknown,
148258,Unknown,
148259,Unknown,
148260,Unknown,
148261,Unknown,
148262,Unknown,
148263,Unknown,
148264,Unknown,
148265,Unknown,
148266,Unknown,
148267,Unknown,
148268,Unknown,
148269,Unknown,
148270,Unknown,
148271,Unknown,
148272,Unknown,
148273,Unknown,
148274,Unknown,
148275,Unknown,
148276,Unknown,
148277,Unknown,
148278,Unknown,
148279,Unknown,
148280,Unknown,
148281,Unknown,
148282,Unknown,
148283,Unknown,
148284,Unknown,
148285,Unknown,
148286,Unknown,
148287,Unknown,
148288,Unknown,
148289,Unknown,
148290,Unknown,
148291,Unknown,
148292,Unknown,
148293,Unknown,
148294,Unknown,
148295,Unknown,
148296,Unknown,
148297,Unknown,
148298,Unknown,
148299,Unknown,
148300,Unknown,
148301,Unknown,
148302,Unknown,
148303,Unknown,
148304,Unknown,
148305,Unknown,
148306,Unknown,
148307,Unknown,
148308,Unknown,
148309,Unknown,
148310,Unknown,
148311,Unknown,
148312,Unknown,
148313,Unknown,
148314,Unknown,
148315,Unknown,
148316,Unknown,
148317,Unknown,
148318,Unknown,
148319,Unknown,
148320,Unknown,
148321,Unknown,
148322,Unknown,
213862,Unknown,
148323,Unknown,
148324,Unknown,
148325,Unknown,
148326,Unknown,
148327,Unknown,
148328,Unknown,
148329,Unknown,
148330,Unknown,
148331,Unknown,
148332,Unknown,
148333,Unknown,
148334,Unknown,
148335,Unknown,
148336,Unknown,
148337,Unknown,
148338,Unknown,
148339,Unknown,
148340,Unknown,
148341,Unknown,
148342,Unknown,
148343,Unknown,
148344,Unknown,
148345,Unknown,
148346,Unknown,
148347,Unknown,
148348,Unknown,
148349,Unknown,
148350,Unknown,
148351,Unknown,
148352,Unknown,
148353,Unknown,
148354,Unknown,
148355,Unknown,
148356,Unknown,
148357,Unknown,
148358,Unknown,
148359,Unknown,
148360,Unknown,
148361,Unknown,
148362,Unknown,
148363,Unknown,
148364,Unknown,
148365,Unknown,
148366,Unknown,
148367,Unknown,
148368,Unknown,
148369,Unknown,
148370,Unknown,
148371,Unknown,
148372,Unknown,
148373,Unknown,
148374,Unknown,
148375,Unknown,
148376,Unknown,
148377,Unknown,
148378,Unknown,
148379,Unknown,
148380,Unknown,
148381,Unknown,
148382,Unknown,
148383,Unknown,
148384,Unknown,
148385,Unknown,
148386,Unknown,
148387,Unknown,
148388,Unknown,
148389,Unknown,
148390,Unknown,
148391,Unknown,
148392,Unknown,
148393,Unknown,
148394,Unknown,
148395,Unknown,
148396,Unknown,
148397,Unknown,
148398,Unknown,
148399,Unknown,
148400,Unknown,
148401,Unknown,
148402,Unknown,
148403,Unknown,
148404,Unknown,
148405,Unknown,
148406,Unknown,
148407,Unknown,
148408,Unknown,
148409,Unknown,
148410,Unknown,
148411,Unknown,
148412,Unknown,
148413,Unknown,
148414,Unknown,
148415,Unknown,
148416,Unknown,
148417,Unknown,
148418,Unknown,
148419,Unknown,
148420,Unknown,
148421,Unknown,
148422,Unknown,
148423,Unknown,
148424,Unknown,
148425,Unknown,
148426,Unknown,
148427,Unknown,
148428,Unknown,
148429,Unknown,
148430,Unknown,
148431,Unknown,
148432,Unknown,
148433,Unknown,
148434,Unknown,
148435,Unknown,
148436,Unknown,
148437,Unknown,
148438,Unknown,
148439,Unknown,
148440,Unknown,
148441,Unknown,
148442,Unknown,
148443,Unknown,
148444,Unknown,
148445,Unknown,
148446,Unknown,
148447,Unknown,
148448,Unknown,
148449,Unknown,
148450,Unknown,
148451,Unknown,
148452,Unknown,
148453,Unknown,
148454,Unknown,
148455,Unknown,
148456,Unknown,
148457,Unknown,
148458,Unknown,
148459,Unknown,
148460,Unknown,
148461,Unknown,
148462,Unknown,
148463,Unknown,
148464,Unknown,
148465,Unknown,
148466,Unknown,
148467,Unknown,
148468,Unknown,
148469,Unknown,
148470,Unknown,
148471,Unknown,
148472,Unknown,
148473,Unknown,
148474,Unknown,
148475,Unknown,
148476,Unknown,
148477,Unknown,
148478,Unknown,
148479,Unknown,
148480,Unknown,
148481,Unknown,
148482,Unknown,
148483,Unknown,
148484,Unknown,
148485,Unknown,
148486,Unknown,
148487,Unknown,
148488,Unknown,
148489,Unknown,
148490,Unknown,
17423,ISP,Computer and Information Technology|Internet Service Provider (ISP)|Not Validating RPKI ROV|
148491,Unknown,
148492,Unknown,
17426,ISP,Eyeball|Computer and Information Technology|Internet Service Provider (ISP)|Not Validating RPKI ROV
148493,Unknown,
148494,Unknown,
148495,Unknown,
148496,Unknown,
148497,Unknown,
148498,Unknown,
148499,Unknown,
148500,Unknown,
148501,Unknown,
17436,Other,"Tranco 10k Host|Finance and Insurance|Banks, Credit Card Companies, Mortgage Providers|Not Validating RPKI ROV"
148502,Unknown,
148503,Unknown,
17439,ISP,Carrier|Computer and Information Technology|Internet Service Provider (ISP)|Not Validating RPKI ROV
148504,Unknown,
148505,Unknown,
148506,Unknown,
17443,ISP,Not Validating RPKI ROV|Internet Service Provider (ISP)|Computer and Information Technology|
148507,Unknown,
148508,Unknown,
17446,ISP,Software Development|Internet Service Provider (ISP)|Electronics and Computer Components|Online Music and Video Streaming Services
17447,ISP,Internet Service Provider (ISP)|Computer and Information Technology|
148511,Unknown,
148512,Unknown,
148513,Unknown,
148514,Unknown,
148515,Unknown,
17453,Other,Other|
148517,Unknown,
148518,Unknown,
148519,Unknown,
148520,Unknown,
148521,Unknown,
148522,Unknown,
148523,Unknown,
148524,Unknown,
148525,Unknown,
148526,Unknown,
148527,Unknown,
17465,ISP,Eyeball|Computer and Information Technology|Internet Service Provider (ISP)|Not Validating RPKI ROV
17466,ISP,"Law, Business, and Consulting Services|Service|Software Development|Computer and Information Technology"
148530,Unknown,
148531,Unknown,
148532,Unknown,
148533,Unknown,
148534,Unknown,
148535,Unknown,
148536,Unknown,
148537,Unknown,
148538,Unknown,
148539,Unknown,
148540,Unknown,
148541,Unknown,
148542,Unknown,
148543,Unknown,
148544,Unknown,
148545,Unknown,
17483,ISP,Eyeball|Computer and Information Technology|Internet Service Provider (ISP)|Not Validating RPKI ROV
148547,Unknown,
148548,Unknown,
148549,Unknown,
148550,Unknown,
17488,ISP,Eyeball|Computer and Information Technology|Internet Service Provider (ISP)|Not Validating RPKI ROV
148552,Unknown,
148553,Unknown,
148554,Unknown,
148555,Unknown,
148556,Unknown,
148557,Unknown,
17495,ISP,"Computer and Information Technology|Internet Service Provider (ISP)|Service|Retail Stores, Wholesale, and E-commerce Sites"
148559,Unknown,
148560,Unknown,
148561,Unknown,
148562,Unknown,
148563,Unknown,
148564,Unknown,
148565,Unknown,
148566,Unknown,
148567,Unknown,
148568,Unknown,
148569,Unknown,
148570,Unknown,
148571,Unknown,
148572,Unknown,
148573,Unknown,
148574,Unknown,
148575,Unknown,
148576,Unknown,
214122,Unknown,
148578,Unknown,
148579,Unknown,
148580,Unknown,
148581,Unknown,
148582,Unknown,
148583,Unknown,
148584,Unknown,
148585,Unknown,
148586,Unknown,
148587,Unknown,
148588,Unknown,
148589,Unknown,
148590,Unknown,
148591,Unknown,
148592,Unknown,
148593,Unknown,
148594,Unknown,
148595,Unknown,
148596,Unknown,
148597,Unknown,
148598,Unknown,
148599,Unknown,
148600,Unknown,
148601,Unknown,
148602,Unknown,
148603,Unknown,
17541,Other,"Software Development|Computer and Information Technology|Retail Stores, Wholesale, and E-commerce Sites|"
148605,Unknown,
148606,Unknown,
148607,Unknown,
148608,Unknown,
148609,Unknown,
148610,Unknown,
148611,Unknown,
148612,Unknown,
148613,Unknown,
148614,Unknown,
148615,Unknown,
148616,Unknown,
148617,Unknown,
148618,Unknown,
148619,Unknown,
148620,Unknown,
148621,Unknown,
148622,Unknown,
148623,Unknown,
148624,Unknown,
148625,Unknown,
148626,Unknown,
148627,Unknown,
148628,Unknown,
17566,ISP,"Media, Publishing, and Broadcasting|Internet Service Provider (ISP)|Online Music and Video Streaming Services|Computer and Information Technology"
214174,Unknown,
148631,Unknown,
148632,Unknown,
148633,Unknown,
148634,Unknown,
148635,Unknown,
148636,Unknown,
148637,Unknown,
148638,Unknown,
148639,Unknown,
148640,Unknown,
148641,Unknown,
148642,Unknown,
148643,Unknown,
148644,Unknown,
148645,Unknown,
148646,Unknown,
148647,Unknown,
148648,Unknown,
148649,Unknown,
148650,Unknown,
148651,Unknown,
148652,Unknown,
148653,Unknown,
148654,Unknown,
148655,Unknown,
148656,Unknown,
148657,Unknown,
148658,Unknown,
148659,Unknown,
148660,Unknown,
148661,Unknown,
148662,Unknown,
148663,Unknown,
148664,Unknown,
148665,Unknown,
148666,Unknown,
148667,Unknown,
148668,Unknown,
148669,Unknown,
148670,Unknown,
148671,Unknown,
148672,Unknown,
148673,Unknown,
148674,Unknown,
148675,Unknown,
148676,Unknown,
148677,Unknown,
148678,Unknown,
148679,Unknown,
148680,Unknown,
148681,Unknown,
148682,Unknown,
148683,Unknown,
148684,Unknown,
148685,Unknown,
148686,Unknown,
17624,ISP,"Phone Provider|Software Development|Law, Business, and Consulting Services|Internet Service Provider (ISP)"
17625,ISP,Eyeball|Computer and Information Technology|Internet Service Provider (ISP)|Not Validating RPKI ROV
148689,Unknown,
148690,Unknown,
148691,Unknown,
148692,Unknown,
148693,Unknown,
148694,Unknown,
148695,Unknown,
148696,Unknown,
148697,Unknown,
148698,Unknown,
148699,Unknown,
148700,Unknown,
148701,Unknown,
148702,Unknown,
148703,Unknown,
148704,Unknown,
148705,Unknown,
148706,Unknown,
148707,Unknown,
148708,Unknown,
148709,Unknown,
148710,Unknown,
17648,ISP,"Satellite Internet|Education and Research|Retail Stores, Wholesale, and E-commerce Sites|Internet Service Provider (ISP)"
148712,Unknown,
148713,Unknown,
148714,Unknown,
148715,Unknown,
148716,Unknown,
148717,Unknown,
148718,Unknown,
148719,Unknown,
148720,Unknown,
148721,Unknown,
148722,Unknown,
148723,Unknown,
148724,Unknown,
148725,Unknown,
148726,Unknown,
148727,Unknown,
17665,ISP,Eyeball|Computer and Information Technology|Internet Service Provider (ISP)|Not Validating RPKI ROV
148729,Unknown,
148730,Unknown,
148731,Unknown,
148732,Unknown,
148733,Unknown,
148734,Unknown,
148735,Unknown,
148736,Unknown,
148737,Unknown,
148738,Unknown,
148739,Unknown,
148740,Unknown,
148741,Unknown,
148742,Unknown,
148743,Unknown,
148744,Unknown,
148745,Unknown,
148746,Unknown,
148747,Unknown,
148748,Unknown,
148749,Unknown,
148750,Unknown,
148751,Unknown,
148752,Unknown,
148753,Unknown,
148754,Unknown,
148755,Unknown,
148756,Unknown,
148757,Unknown,
148758,Unknown,
148759,Unknown,
148760,Unknown,
148761,Unknown,
148762,Unknown,
148763,Unknown,
148764,Unknown,
148765,Unknown,
148766,Unknown,
148767,Unknown,
148768,Unknown,
148769,Unknown,
148770,Unknown,
148771,Unknown,
148772,Unknown,
148773,Unknown,
148774,Unknown,
148775,Unknown,
148776,Unknown,
148777,Unknown,
148778,Unknown,
148779,Unknown,
148780,Unknown,
148781,Unknown,
148782,Unknown,
148783,Unknown,
148784,Unknown,
148785,Unknown,
148786,Unknown,
148787,Unknown,
148788,Unknown,
148789,Unknown,
148790,Unknown,
148791,Unknown,
17729,ISP,Computer and Information Technology|Internet Service Provider (ISP)|
148793,Unknown,
148795,Unknown,
148796,Unknown,
148797,Unknown,
148798,Unknown,
148799,Unknown,
148800,Unknown,
148801,Unknown,
148802,Unknown,
214347,Unknown,
148803,Unknown,
148804,Unknown,
148805,Unknown,
148806,Unknown,
148807,Unknown,
148808,Unknown,
148809,Unknown,
17747,ISP,Eyeball|Internet Service Provider (ISP)|Computer and Information Technology|Not Validating RPKI ROV
17748,Enterprise,"Service|Law, Business, and Consulting Services|Media, Publishing, and Broadcasting|"
148812,Unknown,
148813,Unknown,
148814,Unknown,
148815,Unknown,
17753,ISP,"Not Validating RPKI ROV|Law, Business, and Consulting Services|Service|Hosting and Cloud Provider"
17754,ISP,Eyeball|Computer and Information Technology|Internet Service Provider (ISP)|Not Validating RPKI ROV
148818,Unknown,
148819,Unknown,
148820,Unknown,
148821,Unknown,
148822,Unknown,
148823,Unknown,
148824,Unknown,
17762,ISP,Not Validating RPKI ROV|Internet Service Provider (ISP)|Computer and Information Technology|
148826,Unknown,
148827,Unknown,
148828,Unknown,
148829,Unknown,
148830,Unknown,
148831,Unknown,
148832,Unknown,
148833,Unknown,
17771,ISP,Not Validating RPKI ROV|Computer and Information Technology|Internet Service Provider (ISP)|
148835,Unknown,
148836,Unknown,
148837,Unknown,
148838,Unknown,
148839,Unknown,
148840,Unknown,
148841,Unknown,
148842,Unknown,
148843,Unknown,
148844,Unknown,
148845,Unknown,
17783,Other,Other|
148847,Unknown,
148848,Unknown,
17786,Other,"Banks, Credit Card Companies, Mortgage Providers|Computer and Information Technology|Finance and Insurance|"
148850,Unknown,
148851,Unknown,
148852,Unknown,
148853,Unknown,
148854,Unknown,
148855,Unknown,
148856,Unknown,
148857,Unknown,
148858,Unknown,
148859,Unknown,
148860,Unknown,
148861,Unknown,
148862,Unknown,
148863,Unknown,
148864,Unknown,
148865,Unknown,
17803,ISP,Service|Computer and Information Technology|Internet Service Provider (ISP)|
148867,Unknown,
148868,Unknown,
148869,Unknown,
148870,Unknown,
148871,Unknown,
148872,Unknown,
17810,ISP,"Computer and Information Technology|Internet Service Provider (ISP)|Media, Publishing, and Broadcasting|Software Development"
148874,Unknown,
148875,Unknown,
17813,ISP,Eyeball|Computer and Information Technology|Internet Service Provider (ISP)|Other
148877,Unknown,
148878,Unknown,
148879,Unknown,
17817,ISP,"Computer and Information Technology|Internet Service Provider (ISP)|Service|Law, Business, and Consulting Services"
148881,Unknown,
148882,Unknown,
17820,ISP,Internet Service Provider (ISP)|Computer and Information Technology|
148884,Unknown,
148885,Unknown,
148886,Unknown,
148887,Unknown,
17825,ISP,"Not Validating RPKI ROV|Law, Business, and Consulting Services|Internet Service Provider (ISP)|Computer and Information Technology"
148889,Unknown,
148890,Unknown,
148891,Unknown,
148892,Unknown,
148893,Unknown,
148894,Unknown,
148895,Unknown,
214441,Unknown,
148897,Unknown,
148898,Unknown,
148899,Unknown,
148900,Unknown,
148901,Unknown,
148902,Unknown,
148904,Unknown,
148906,Unknown,
148907,Unknown,
148908,Unknown,
148909,Unknown,
148910,Unknown,
148911,Unknown,
148913,Unknown,
148914,Unknown,
148915,Unknown,
148916,Unknown,
148917,Unknown,
148918,Unknown,
148920,Unknown,
148919,Unknown,
148922,Unknown,
148923,Unknown,
148924,Unknown,
148921,Unknown,
148926,Unknown,
148927,Unknown,
148928,Unknown,
148929,Unknown,
148930,Unknown,
148931,Unknown,
148932,Unknown,
148933,Unknown,
148935,Unknown,
148936,Unknown,
148934,Unknown,
148938,Unknown,
148939,Unknown,
148940,Unknown,
148941,Unknown,
148942,Unknown,
148943,Unknown,
148945,Unknown,
214485,Other,Content|
148944,Unknown,
148947,Unknown,
148948,Unknown,
148949,Unknown,
148950,Unknown,
148951,Unknown,
148952,Unknown,
148953,Unknown,
148954,Unknown,
148956,Unknown,
148957,Unknown,
148958,Unknown,
148959,Unknown,
17891,Content/CDN,Hosting and Cloud Provider|Computer and Information Technology|
148955,Unknown,
148961,Unknown,
148960,Unknown,
148963,Unknown,
148964,Unknown,
148965,Unknown,
148966,Unknown,
148962,Unknown,
17903,ISP,Not Validating RPKI ROV|Hosting and Cloud Provider|Software Development|Service
17908,ISP,Computer and Information Technology|Internet Service Provider (ISP)|
17912,ISP,"Service|Software Development|Law, Business, and Consulting Services|Internet Service Provider (ISP)"
17913,ISP,Computer and Information Technology|Internet Service Provider (ISP)|
17917,ISP,Eyeball|Internet Service Provider (ISP)|Computer and Information Technology|Not Validating RPKI ROV
148992,ISP,Software Development|Computer and Information Technology|Internet Service Provider (ISP)|
149005,Other,Service|
214543,Other,Personal ASN|
149013,ISP,Internet Service Provider (ISP)|Software Development|Computer and Information Technology|
149020,ISP,Content|Computer and Information Technology|Internet Service Provider (ISP)|Server Hosting
214571,Unknown,
18002,ISP,Eyeball|Internet Service Provider (ISP)|Computer and Information Technology|Not Validating RPKI ROV
18008,Other,Service|
214655,Unknown,
18061,ISP,"Computer and Information Technology|Law, Business, and Consulting Services|Internet Service Provider (ISP)|Phone Provider"
214676,Other,Personal ASN|
149171,ISP,Internet Service Provider (ISP)|Computer and Information Technology|Software Development|
18101,ISP,Not Validating RPKI ROV|Computer and Information Technology|Internet Service Provider (ISP)|
18105,Other,"Agriculture, Mining, and Refineries (Farming, Greenhouses, Mining, Forestry, and Animal Farming)|"
149180,ISP,Computer and Information Technology|Internet Service Provider (ISP)|
149181,Other,Computer and Information Technology|
149182,ISP,Computer and Information Technology|Internet Service Provider (ISP)|
149183,Unknown,
149184,Other,Computer and Information Technology|
149185,ISP,Finance and Insurance|Insurance Carriers and Agencies|
149186,ISP,Internet Service Provider (ISP)|Computer and Information Technology|
149187,ISP,"Internet Service Provider (ISP)|Media, Publishing, and Broadcasting|Radio and Television Providers|Computer and Information Technology"
149188,ISP,Internet Service Provider (ISP)|Computer and Information Technology|
149189,Unknown,
149190,Enterprise,"Service|Law, Business, and Consulting Services|Computer and Information Technology|"
149191,Other,Computer and Information Technology|
18120,ISP,Software Development|Internet Service Provider (ISP)|Computer and Information Technology|Hosting and Cloud Provider
149192,Unknown,
149193,Unknown,
149194,ISP,Computer and Information Technology|Internet Service Provider (ISP)|Phone Provider|
149195,Other,Computer and Information Technology|
149196,Other,Computer and Information Technology|
149197,Other,Computer and Information Technology|
149198,Other,Computer and Information Technology|
149199,Unknown,
149200,Other,Computer and Information Technology|
149201,Other,Computer and Information Technology|
149203,ISP,Computer and Information Technology|Internet Service Provider (ISP)|
149204,Other,Computer and Information Technology|
149205,Unknown,
149206,Other,Computer and Information Technology|
149207,Unknown,
149208,Other,Computer and Information Technology|
149209,ISP,Internet Service Provider (ISP)|Computer and Information Technology|
149210,Enterprise,"Service|Law, Business, and Consulting Services|"
149211,Unknown,
149212,Other,Computer and Information Technology|
149213,Other,Computer and Information Technology|
149214,Other,Computer and Information Technology|
149215,Other,Computer and Information Technology|
149216,Other,"Computer and Information Technology|Buildings, Repair, Maintenance (Pest Control, Landscaping, Cleaning, Locksmiths, Car Washes, etc)|Service|Software Development"
149217,Unknown,
149218,Other,Computer and Information Technology|
149219,Unknown,
149220,Enterprise,"Service|Law, Business, and Consulting Services|Software Development|Computer and Information Technology"
149221,Unknown,
149222,Unknown,
149223,Unknown,
149224,Other,Computer and Information Technology|
149225,Other,Computer and Information Technology|
149226,Other,Computer and Information Technology|Software Development|
149227,Other,Computer and Information Technology|
149228,Unknown,
149229,ISP,Internet Service Provider (ISP)|Computer and Information Technology|
149230,Unknown,
149231,ISP,Internet Service Provider (ISP)|Computer and Information Technology|
149232,Other,"Personal Care and Lifestyle (Barber Shops, Nail Salons, Diet Centers, Laundry, etc)|Service|Retail Stores, Wholesale, and E-commerce Sites|Travel and Accommodation"
149233,Unknown,
149234,Other,Computer and Information Technology|
149235,Unknown,
149236,ISP,Internet Service Provider (ISP)|Computer and Information Technology|
149237,Other,"Personal Care and Lifestyle (Barber Shops, Nail Salons, Diet Centers, Laundry, etc)|Service|"
18166,ISP,"Electronics and Computer Components|Metal, Glass, Wood, and Paper Manufacturing|Computer and Information Technology|Manufacturing"
18167,ISP,"Service|Computer and Information Technology|Manufacturing|Media, Publishing, and Broadcasting"
149239,Unknown,
149240,ISP,"Internet Service Provider (ISP)|Radio and Television Providers|Computer and Information Technology|Media, Publishing, and Broadcasting"
149241,Other,"Service|Media, Publishing, and Broadcasting|"
149238,Other,Computer and Information Technology|
149244,ISP,Internet Service Provider (ISP)|Hosting and Cloud Provider|Computer and Information Technology|
149245,Unknown,
149242,Other,"Retail Stores, Wholesale, and E-commerce Sites|"
149243,ISP,Internet Service Provider (ISP)|Computer and Information Technology|
149246,Other,Computer and Information Technology|
149249,Other,"Retail Stores, Wholesale, and E-commerce Sites|"
149250,Unknown,
149251,Other,Computer and Information Technology|
149252,ISP,Computer and Information Technology|Internet Service Provider (ISP)|Software Development|
149247,Unknown,
149248,Other,Computer and Information Technology|
149255,Unknown,
149256,Other,Community Groups and Nonprofits|
149257,Other,"Metal, Glass, Wood, and Paper Manufacturing|Manufacturing|"
149253,Unknown,
149254,ISP,Internet Service Provider (ISP)|Computer and Information Technology|
149260,ISP,Internet Service Provider (ISP)|Computer and Information Technology|
149261,Other,Computer and Information Technology|
149262,Other,"Media, Publishing, and Broadcasting|Print Media (Newspapers, Magazines, Books)|"
149258,ISP,Phone Provider|Internet Service Provider (ISP)|Computer and Information Technology|
149259,Other,"Real Estate (Residential and/or Commercial)|Construction and Real Estate|Agriculture, Mining, and Refineries (Farming, Greenhouses, Mining, Forestry, and Animal Farming)|"
149263,Unknown,
149264,ISP,Software Development|Computer and Information Technology|Internet Service Provider (ISP)|
149265,Government,"Search|Government and Regulatory Agencies, Administrations, Departments, and Services|Government and Public Administration|Human Rights and Social Advocacy (Human Rights, Environment and Wildlife Conservation, Other)"
18196,ISP,Eyeball|Computer and Information Technology|Internet Service Provider (ISP)|Validating RPKI ROV
149266,Unknown,
149267,Enterprise,"Service|Law, Business, and Consulting Services|"
149268,Other,Computer and Information Technology|
149272,ISP,Software Development|Computer and Information Technology|Internet Service Provider (ISP)|
149273,ISP,Software Development|Internet Service Provider (ISP)|Computer and Information Technology|
149274,Unknown,
149275,ISP,Software Development|Internet Service Provider (ISP)|Computer and Information Technology|
149276,Unknown,
149277,ISP,Internet Service Provider (ISP)|Computer and Information Technology|
149278,ISP,Computer and Information Technology|Internet Service Provider (ISP)|Software Development|
18207,ISP,Eyeball|Internet Service Provider (ISP)|Computer and Information Technology|Not Validating RPKI ROV
149279,Other,Electronics and Computer Components|Manufacturing|
18209,ISP,Eyeball|Computer and Information Technology|Internet Service Provider (ISP)|Validating RPKI ROV
18211,Other,"Finance and Insurance|Banks, Credit Card Companies, Mortgage Providers|"
18223,Other,"Investment, Portfolio Management, Pensions and Funds|Computer and Information Technology|Finance and Insurance|"
214832,Unknown,
18225,Other,"Software Development|Retail Stores, Wholesale, and E-commerce Sites|Computer and Information Technology|"
18229,ISP,Eyeball|Hosting and Cloud Provider|Internet Service Provider (ISP)|Computer and Information Technology
149422,ISP,Eyeball|Internet Service Provider (ISP)|Computer and Information Technology|
149434,ISP,Computer and Information Technology|Internet Service Provider (ISP)|
149435,ISP,Internet Service Provider (ISP)|Computer and Information Technology|
149447,Other,"Manufacturing|Retail Stores, Wholesale, and E-commerce Sites|"
18404,ISP,"Internet Service Provider (ISP)|Computer and Information Technology|Community Groups and Nonprofits|Human Rights and Social Advocacy (Human Rights, Environment and Wildlife Conservation, Other)"
149477,ISP,Software Development|Internet Service Provider (ISP)|Computer and Information Technology|
149486,ISP,"Media, Publishing, and Broadcasting|Online Informational Content|Internet Service Provider (ISP)|Computer and Information Technology"
149507,Unknown,
149525,Other,Computer and Information Technology|
149526,ISP,"Media, Publishing, and Broadcasting|Computer and Information Technology|Radio and Television Providers|Internet Service Provider (ISP)"
149527,ISP,Computer and Information Technology|Internet Service Provider (ISP)|
149528,Other,"Finance and Insurance|Banks, Credit Card Companies, Mortgage Providers|"
149529,Unknown,
149530,ISP,"Online Informational Content|Computer and Information Technology|Media, Publishing, and Broadcasting|Internet Service Provider (ISP)"
149531,Other,"Service|Personal Care and Lifestyle (Barber Shops, Nail Salons, Diet Centers, Laundry, etc)|"
149532,Other,"Retail Stores, Wholesale, and E-commerce Sites|"
149533,ISP,"Home ISP|Service|Law, Business, and Consulting Services|"
149534,Unknown,
149535,Other,Computer and Information Technology|
149536,Other,Computer and Information Technology|
149537,ISP,Computer and Information Technology|Internet Service Provider (ISP)|
149538,Other,Computer and Information Technology|Software Development|
149539,Other,Computer and Network Security|Computer and Information Technology|
149540,Other,Computer and Information Technology|
149541,Unknown,
149542,Other,"Banks, Credit Card Companies, Mortgage Providers|Finance and Insurance|"
149543,Unknown,
149544,Other,Computer and Information Technology|
149545,Other,Computer and Information Technology|Software Development|
149546,Enterprise,"Content|Food, Beverage, and Tobacco|Manufacturing|Machinery"
149547,Other,Computer and Information Technology|
149548,Other,Computer and Information Technology|
149549,Unknown,
149550,Other,Computer and Information Technology|
149551,Unknown,
149552,Other,Computer and Information Technology|
149553,Other,"Retail Stores, Wholesale, and E-commerce Sites|"
149554,Unknown,
149555,Unknown,
149556,ISP,Hosting and Cloud Provider|Technology Consulting Services|Internet Service Provider (ISP)|Computer and Information Technology
149557,Unknown,
149558,Other,Computer and Information Technology|
149559,Unknown,
149560,Unknown,
149561,Unknown,
149562,Unknown,
149563,Unknown,
149564,Other,Computer and Information Technology|
149565,ISP,"Media, Publishing, and Broadcasting|Computer and Information Technology|Internet Service Provider (ISP)|Radio and Television Providers"
149566,Unknown,
149567,Other,Computer and Information Technology|
149568,Other,Computer and Information Technology|
149569,ISP,Internet Service Provider (ISP)|Computer and Information Technology|
149570,Unknown,
149571,Other,"Banks, Credit Card Companies, Mortgage Providers|Finance and Insurance|Buildings, Repair, Maintenance (Pest Control, Landscaping, Cleaning, Locksmiths, Car Washes, etc)|Service"
149572,ISP,Internet Service Provider (ISP)|Computer and Information Technology|
149573,ISP,Internet Service Provider (ISP)|Computer and Information Technology|
149574,Other,Computer and Information Technology|
149575,Unknown,
149576,Other,Computer and Information Technology|
149577,Other,Computer and Information Technology|
149578,Other,Computer and Information Technology|
149579,ISP,Computer and Information Technology|Internet Service Provider (ISP)|
149580,ISP,Computer and Information Technology|Internet Service Provider (ISP)|Hosting and Cloud Provider|
215117,Unknown,
149581,ISP,Computer and Information Technology|Internet Service Provider (ISP)|
149582,Other,Manufacturing|Electronics and Computer Components|Computer and Information Technology|
149583,Other,Computer and Information Technology|
149584,Other,Computer and Information Technology|
149585,Other,Software Development|Computer and Information Technology|
149586,ISP,Internet Service Provider (ISP)|Computer and Information Technology|
149587,ISP,"Internet Service Provider (ISP)|Media, Publishing, and Broadcasting|Computer and Information Technology|Radio and Television Providers"
149588,Other,"Retail Stores, Wholesale, and E-commerce Sites|"
149589,Unknown,
149591,Unknown,
149592,Unknown,
149593,ISP,"Radio and Television Providers|Computer and Information Technology|Media, Publishing, and Broadcasting|Internet Service Provider (ISP)"
149594,Other,"Food, Beverage, and Tobacco|Manufacturing|"
149595,ISP,Internet Service Provider (ISP)|Computer and Information Technology|
149590,Other,"Retail Stores, Wholesale, and E-commerce Sites|"
149596,Other,Computer and Information Technology|
149597,Other,"Radio and Television Providers|Online Music and Video Streaming Services|Media, Publishing, and Broadcasting|"
149598,Unknown,
149599,Unknown,
149600,ISP,"Human Rights and Social Advocacy (Human Rights, Environment and Wildlife Conservation, Other)|Computer and Information Technology|Internet Service Provider (ISP)|Government and Public Administration"
149601,Unknown,
149602,Unknown,
149603,Other,"Banks, Credit Card Companies, Mortgage Providers|Finance and Insurance|"
149604,ISP,Computer and Information Technology|Internet Service Provider (ISP)|Software Development|
149605,Other,"Personal Care and Lifestyle (Barber Shops, Nail Salons, Diet Centers, Laundry, etc)|Retail Stores, Wholesale, and E-commerce Sites|Service|Travel and Accommodation"
149606,Other,Manufacturing|
149607,Academic/Edu,"Education and Research|Colleges, Universities, and Professional Schools|"
149608,Unknown,
149609,Unknown,
149610,Other,Manufacturing|Electronics and Computer Components|
149611,Unknown,
149612,Other,Software Development|Computer and Information Technology|Finance and Insurance|
149613,ISP,Internet Service Provider (ISP)|Computer and Information Technology|Hosting and Cloud Provider|
149614,Enterprise,"Buildings, Repair, Maintenance (Pest Control, Landscaping, Cleaning, Locksmiths, Car Washes, etc)|Service|Law, Business, and Consulting Services|"
149615,Other,"Metal, Glass, Wood, and Paper Manufacturing|Manufacturing|"
149616,Unknown,
149617,Enterprise,"Law, Business, and Consulting Services|Service|"
149618,Other,"Retail Stores, Wholesale, and E-commerce Sites|Clothing, Fashion, Luggage|"
149619,Other,Computer and Information Technology|
149620,Other,"Personal Care and Lifestyle (Barber Shops, Nail Salons, Diet Centers, Laundry, etc)|Service|"
149621,ISP,"Internet Service Provider (ISP)|Retail Stores, Wholesale, and E-commerce Sites|Computer and Information Technology|"
149622,Other,"Retail Stores, Wholesale, and E-commerce Sites|"
149623,ISP,"Media, Publishing, and Broadcasting|Internet Service Provider (ISP)|Computer and Information Technology|Radio and Television Providers"
149624,Government,"Government and Public Administration|Government and Regulatory Agencies, Administrations, Departments, and Services|"
149655,ISP,"Finance and Insurance|Insurance Carriers and Agencies|Banks, Credit Card Companies, Mortgage Providers|"
215214,Unknown,
149779,Other,Food Services and Drinking Places|Travel and Accommodation|
149781,ISP,Software Development|Computer and Information Technology|Finance and Insurance|Internet Service Provider (ISP)
149794,ISP,"Media, Publishing, and Broadcasting|Online Informational Content|Computer and Information Technology|Eyeball"
149797,Enterprise,"Law, Business, and Consulting Services|Service|Media, Publishing, and Broadcasting|Software Development"
149798,Content/CDN,Hosting and Cloud Provider|Computer and Information Technology|
149799,Other,"Finance and Insurance|Banks, Credit Card Companies, Mortgage Providers|Computer and Information Technology|"
149823,Content/CDN,"Computer and Information Technology|Hosting and Cloud Provider|Law, Business, and Consulting Services|Service"
149838,ISP,Software Development|Computer and Information Technology|Internet Service Provider (ISP)|
149842,Other,"Software Development|Investment, Portfolio Management, Pensions and Funds|Computer and Information Technology|Finance and Insurance"
215381,Other,ToR Services|
149856,ISP,"Retail Stores, Wholesale, and E-commerce Sites|Computer and Information Technology|Internet Service Provider (ISP)|"
149871,Enterprise,"Law, Business, and Consulting Services|Service|"
150007,Other,"Freight, Shipment, and Postal Services|Postal Services and Couriers|"
150008,ISP,Eyeball|Hosting and Cloud Provider|Computer and Information Technology|Software Development
150009,Other,Software Development|Computer and Information Technology|
150010,ISP,Internet Service Provider (ISP)|Computer and Information Technology|
150011,Unknown,
150012,Other,"Travel and Accommodation|Service|Personal Care and Lifestyle (Barber Shops, Nail Salons, Diet Centers, Laundry, etc)|Retail Stores, Wholesale, and E-commerce Sites"
150013,Unknown,
150014,ISP,Internet Service Provider (ISP)|Computer and Information Technology|
150015,Other,Computer and Information Technology|
150016,Unknown,
150017,ISP,Computer and Information Technology|Internet Service Provider (ISP)|
150018,Unknown,
150019,Other,Computer and Information Technology|
150020,ISP,"Internet Service Provider (ISP)|Radio and Television Providers|Computer and Information Technology|Media, Publishing, and Broadcasting"
150021,Unknown,
150022,ISP,Eyeball|Computer and Information Technology|Business Broadband|Home ISP
150023,Other,Computer and Information Technology|
150024,Content/CDN,Computer and Information Technology|Hosting and Cloud Provider|
150025,Other,Buildings (Residential or Commercial)|Construction and Real Estate|
150026,ISP,Software Development|Computer and Information Technology|Internet Service Provider (ISP)|
150027,Other,Computer and Information Technology|
150028,Other,Computer and Information Technology|
150029,Other,"Banks, Credit Card Companies, Mortgage Providers|Finance and Insurance|Museums, Libraries, and Entertainment|"
150030,Other,Computer and Information Technology|
150031,Other,Computer and Information Technology|
150032,Unknown,
150033,ISP,"Radio and Television Providers|Media, Publishing, and Broadcasting|Internet Service Provider (ISP)|Computer and Information Technology"
150034,ISP,Business Broadband|Home ISP|
150035,Other,Computer and Information Technology|
150036,Other,Computer and Information Technology|
150037,Unknown,
150038,Other,Computer and Information Technology|
150039,Other,Computer and Information Technology|
150040,Other,Computer and Information Technology|
150041,Other,"Retail Stores, Wholesale, and E-commerce Sites|"
150042,Unknown,
150043,Other,Computer and Information Technology|
150044,ISP,"Online Informational Content|Software Development|Media, Publishing, and Broadcasting|Computer and Information Technology"
150045,ISP,"Internet Service Provider (ISP)|Radio and Television Providers|Computer and Information Technology|Media, Publishing, and Broadcasting"
150046,Unknown,
150047,ISP,Computer and Information Technology|Internet Service Provider (ISP)|
150048,Other,Computer and Information Technology|
150049,Unknown,
150050,Other,Computer and Information Technology|
150051,Other,Computer and Information Technology|
150052,ISP,Computer and Information Technology|Internet Service Provider (ISP)|
150053,Other,Computer and Information Technology|
150054,Other,Computer and Information Technology|
150055,Enterprise,"Law, Business, and Consulting Services|Service|Computer and Information Technology|Software Development"
150056,Unknown,
150057,Content/CDN,"Software Development|Service|Computer and Information Technology|Media, Publishing, and Broadcasting"
150058,Other,Computer and Information Technology|
150059,Other,"Buildings (Residential or Commercial)|Retail Stores, Wholesale, and E-commerce Sites|Construction and Real Estate|"
150060,ISP,Computer and Information Technology|Internet Service Provider (ISP)|
150061,Other,Computer and Information Technology|
150062,Unknown,
150063,Unknown,
150064,ISP,Software Development|Internet Service Provider (ISP)|Computer and Information Technology|
150065,Other,"Finance and Insurance|Banks, Credit Card Companies, Mortgage Providers|"
150066,Other,"Manufacturing|Food, Beverage, and Tobacco|"
150067,Unknown,
150068,ISP,Internet Service Provider (ISP)|Computer and Information Technology|
150069,Unknown,
150070,Other,Computer and Information Technology|
150071,Content/CDN,Hosting and Cloud Provider|Computer and Network Security|Software Development|Computer and Information Technology
150072,Unknown,
150073,ISP,Home ISP|Eyeball|
150074,Unknown,
150075,ISP,"Service|Media, Publishing, and Broadcasting|Computer and Information Technology|Internet Service Provider (ISP)"
150076,Other,Travel and Accommodation|
150077,ISP,"Internet Service Provider (ISP)|Computer and Information Technology|Retail Stores, Wholesale, and E-commerce Sites|"
150078,Other,"Construction and Real Estate|Buildings (Residential or Commercial)|Retail Stores, Wholesale, and E-commerce Sites|"
150079,Unknown,
150080,ISP,Internet Service Provider (ISP)|Computer and Information Technology|Software Development|
150081,Unknown,
150082,Other,"Electronics and Computer Components|Manufacturing|Metal, Glass, Wood, and Paper Manufacturing|"
150083,Other,Computer and Information Technology|
150084,ISP,Internet Service Provider (ISP)|Computer and Information Technology|Software Development|
150085,Unknown,
150086,ISP,Internet Service Provider (ISP)|Computer and Information Technology|
150087,Other,Computer and Information Technology|
150088,ISP,Software Development|Internet Service Provider (ISP)|Computer and Information Technology|
150089,Other,Service|
150090,Unknown,
150091,Other,Manufacturing|Chemical and Pharmaceutical Manufacturing|
134037,Unknown,
150093,Other,"Retail Stores, Wholesale, and E-commerce Sites|Buildings, Repair, Maintenance (Pest Control, Landscaping, Cleaning, Locksmiths, Car Washes, etc)|Service|"
150094,Other,Manufacturing|
150095,Unknown,
150096,ISP,Internet Service Provider (ISP)|Computer and Information Technology|
150097,Unknown,
150098,ISP,Software Development|Internet Service Provider (ISP)|Computer and Information Technology|
150099,Unknown,
150100,ISP,Internet Service Provider (ISP)|Computer and Information Technology|
150101,Other,Computer and Information Technology|
150102,Enterprise,"Service|Law, Business, and Consulting Services|"
150103,Unknown,
150104,Other,Computer and Information Technology|
150105,Other,"Investment, Portfolio Management, Pensions and Funds|Finance and Insurance|Tranco 10k Host|"
150106,Other,Service|
150109,Enterprise,"Service|Law, Business, and Consulting Services|"
150118,Unknown,
150136,Other,"Media, Publishing, and Broadcasting|"
150140,ISP,"Software Development|Internet Service Provider (ISP)|Computer and Information Technology|Retail Stores, Wholesale, and E-commerce Sites"
150151,ISP,Software Development|Computer and Information Technology|Internet Service Provider (ISP)|Finance and Insurance
150163,ISP,"Software Development|Service|Law, Business, and Consulting Services|Computer and Information Technology"
215752,ISP,Computer and Information Technology|Internet Service Provider (ISP)|
150303,Unknown,
150339,Unknown,
150383,Other,Computer and Information Technology|
150386,Other,Electronics and Computer Components|Manufacturing|Computer and Information Technology|
150398,ISP,Internet Service Provider (ISP)|Computer and Information Technology|
150402,ISP,"Software Development|Computer and Information Technology|Internet Service Provider (ISP)|Retail Stores, Wholesale, and E-commerce Sites"
215991,ISP,Internet Service Provider (ISP)|Computer and Information Technology|
150560,Other,"Finance and Insurance|Investment, Portfolio Management, Pensions and Funds|Computer and Information Technology|"
150561,Unknown,
150562,ISP,Internet Service Provider (ISP)|Computer and Information Technology|
150563,Unknown,
150564,Other,"Food, Beverage, and Tobacco|Manufacturing|Machinery|"
150565,ISP,Software Development|Computer and Information Technology|Internet Service Provider (ISP)|
150566,ISP,Internet Service Provider (ISP)|Computer and Information Technology|
150567,Other,"Media, Publishing, and Broadcasting|Music and Video Industry|Online Informational Content|Radio and Television Providers"
150568,Other,Computer and Information Technology|
150569,Unknown,
150570,Unknown,
150571,Unknown,
150572,Other,Computer and Information Technology|
150573,Other,"Postal Services and Couriers|Freight, Shipment, and Postal Services|"
150574,Enterprise,"Law, Business, and Consulting Services|Service|"
150575,Unknown,
150576,Enterprise,"Law, Business, and Consulting Services|Service|"
150577,Other,Computer and Information Technology|
150578,Other,Computer and Information Technology|
150579,Other,Computer and Information Technology|
150580,Other,Finance and Insurance|
150581,Unknown,
150582,Unknown,
150583,Other,Computer and Information Technology|
150584,Other,Computer and Information Technology|
150585,Other,Construction and Real Estate|Travel and Accommodation|Food Services and Drinking Places|
150586,Unknown,
150587,Unknown,
150588,Other,Computer and Information Technology|
150589,ISP,Internet Service Provider (ISP)|Computer and Information Technology|
150590,Other,"Retail Stores, Wholesale, and E-commerce Sites|"
150591,Unknown,
150592,Other,Service|
150593,Other,Software Development|Computer and Information Technology|
150594,Unknown,
150595,ISP,"Computer and Information Technology|Radio and Television Providers|Media, Publishing, and Broadcasting|Internet Service Provider (ISP)"
150596,Other,Construction and Real Estate|Buildings (Residential or Commercial)|
150597,Other,Electronics and Computer Components|Manufacturing|
150598,Other,"Freight, Shipment, and Postal Services|Postal Services and Couriers|"
150599,Other,Natural Gas Distribution|Utilities (Excluding Internet Service)|
150600,Unknown,
150601,Other,"Retail Stores, Wholesale, and E-commerce Sites|"
150602,Unknown,
150603,Unknown,
150604,Other,Construction and Real Estate|Real Estate (Residential and/or Commercial)|Computer and Information Technology|
150605,Unknown,
150606,Unknown,
150607,Other,Software Development|Computer and Information Technology|
150608,Other,"Buildings, Repair, Maintenance (Pest Control, Landscaping, Cleaning, Locksmiths, Car Washes, etc)|Civil Engineering Construction (Utility Lines, Roads and Bridges)|Service|Construction and Real Estate"
150609,Enterprise,"Law, Business, and Consulting Services|Service|"
150610,ISP,"Computer and Information Technology|Internet Service Provider (ISP)|Service|Media, Publishing, and Broadcasting"
150611,Other,"Media, Publishing, and Broadcasting|"
150612,Unknown,
150613,Unknown,
150614,Unknown,
150615,ISP,Internet Service Provider (ISP)|Computer and Information Technology|
150616,ISP,Computer and Information Technology|Internet Service Provider (ISP)|
150617,Other,Computer and Information Technology|
150618,Other,Service|
150619,Other,Computer and Information Technology|
150620,Other,Computer and Information Technology|Software Development|
150621,Other,Computer and Information Technology|
150622,ISP,"Internet Service Provider (ISP)|Retail Stores, Wholesale, and E-commerce Sites|Computer and Information Technology|Software Development"
150623,Content/CDN,Server Hosting|Computer and Information Technology|Hosting and Cloud Provider|
150624,ISP,Computer and Information Technology|Internet Service Provider (ISP)|
150625,Unknown,
150626,Unknown,
150627,Other,Computer and Information Technology|
150628,Unknown,
150629,Unknown,
150630,Other,"Media, Publishing, and Broadcasting|"
150631,Unknown,
150632,Unknown,
150633,Other,"Travel and Accommodation|Retail Stores, Wholesale, and E-commerce Sites|Service|Personal Care and Lifestyle (Barber Shops, Nail Salons, Diet Centers, Laundry, etc)"
150634,Enterprise,"Service|Law, Business, and Consulting Services|"
150635,Unknown,
150636,Other,Computer and Information Technology|
150637,ISP,Internet Service Provider (ISP)|Computer and Information Technology|
150638,Unknown,
150639,Other,Computer and Information Technology|
150640,Unknown,
150641,ISP,Computer and Information Technology|Internet Service Provider (ISP)|
150642,Other,Computer and Information Technology|
150643,Unknown,
150644,Other,Computer and Information Technology|
150645,Unknown,
150646,Enterprise,"Law, Business, and Consulting Services|Service|"
150647,ISP,Internet Service Provider (ISP)|Computer and Information Technology|
150648,Unknown,
150649,ISP,Internet Service Provider (ISP)|Computer and Information Technology|
150650,Unknown,
150651,Other,Computer and Information Technology|
150652,Other,Computer and Information Technology|
150653,Unknown,
150654,Other,Computer and Information Technology|
150655,Other,"Banks, Credit Card Companies, Mortgage Providers|Finance and Insurance|"
150656,Unknown,
150657,Other,Service|
150658,Other,Computer and Information Technology|
150659,Unknown,
150670,Unknown,
150678,ISP,Computer and Information Technology|Internet Service Provider (ISP)|
216220,Other,Health Care Services|Hospitals and Medical Centers|
150694,Other,Finance and Insurance|
150702,ISP,Computer and Network Security|Computer and Information Technology|Internet Service Provider (ISP)|
150743,ISP,Software Development|Internet Service Provider (ISP)|Computer and Information Technology|
150751,Other,Software Development|Computer and Information Technology|
150752,Other,"Online Informational Content|Media, Publishing, and Broadcasting|Retail Stores, Wholesale, and E-commerce Sites|"
150794,ISP,Internet Service Provider (ISP)|Computer and Information Technology|Software Development|Finance and Insurance
216452,Other,"Personal ASN|Online Informational Content|Media, Publishing, and Broadcasting|"
151082,Unknown,
151083,Unknown,
151084,Unknown,
151085,ISP,Software Development|Technology Consulting Services|Internet Service Provider (ISP)|Computer and Information Technology
151086,Academic/Edu,Education and Research|
151087,Other,Computer and Information Technology|
151088,Unknown,
151089,Other,Computer and Information Technology|
151090,Unknown,
151091,Other,"Retail Stores, Wholesale, and E-commerce Sites|"
151092,ISP,"Law, Business, and Consulting Services|Computer and Information Technology|Media, Publishing, and Broadcasting|Internet Service Provider (ISP)"
151093,Other,Service|
151094,Other,"Retail Stores, Wholesale, and E-commerce Sites|"
151095,Other,"Retail Stores, Wholesale, and E-commerce Sites|"
151096,Other,Computer and Information Technology|
151097,ISP,Internet Service Provider (ISP)|Computer and Information Technology|
151098,Unknown,
151099,Unknown,
151100,ISP,Computer and Information Technology|Internet Service Provider (ISP)|
151101,ISP,Computer and Information Technology|Internet Service Provider (ISP)|
151102,Other,Computer and Information Technology|
151103,Unknown,
151104,Unknown,
151105,Unknown,
151106,Other,Software Development|Computer and Information Technology|
151107,Other,Computer and Information Technology|
151108,Unknown,
151109,Content/CDN,Computer and Information Technology|Hosting and Cloud Provider|
151110,Unknown,
151111,Content/CDN,"Hosting and Cloud Provider|Computer and Information Technology|Retail Stores, Wholesale, and E-commerce Sites|"
151112,Other,Computer and Information Technology|
151113,Other,Computer and Information Technology|Software Development|
151114,Other,Real Estate (Residential and/or Commercial)|Construction and Real Estate|
151115,Unknown,
151116,Unknown,
151117,ISP,"Software Development|Internet Service Provider (ISP)|Computer and Information Technology|Retail Stores, Wholesale, and E-commerce Sites"
151118,ISP,Computer and Information Technology|Internet Service Provider (ISP)|
151119,Other,Computer and Information Technology|
151120,Enterprise,"Software Development|Law, Business, and Consulting Services|Service|Computer and Information Technology"
151121,Other,"Manufacturing|Machinery|Metal, Glass, Wood, and Paper Manufacturing|"
151122,Unknown,
151123,Other,Computer and Information Technology|
151124,Other,Computer and Information Technology|Service|Technology Consulting Services|Software Development
151125,Other,Computer and Information Technology|
151126,Unknown,
151127,Unknown,
151128,Unknown,
151129,Other,"Finance and Insurance|Banks, Credit Card Companies, Mortgage Providers|"
151130,Other,Computer and Information Technology|
151131,Other,Computer and Information Technology|
151132,Other,Computer and Information Technology|Software Development|
151133,Other,Content|
151134,Other,"Metal, Glass, Wood, and Paper Manufacturing|Manufacturing|"
151135,Other,Computer and Information Technology|
151136,Content/CDN,Hosting and Cloud Provider|Computer and Information Technology|
151137,Other,Computer and Information Technology|
151138,Other,"Media, Publishing, and Broadcasting|Music and Video Industry|"
151139,ISP,Computer and Information Technology|Internet Service Provider (ISP)|
151140,Other,Computer and Information Technology|
151141,Other,"Travel and Accommodation|Personal Care and Lifestyle (Barber Shops, Nail Salons, Diet Centers, Laundry, etc)|Service|Retail Stores, Wholesale, and E-commerce Sites"
151142,Unknown,
151143,Other,"Radio and Television Providers|Media, Publishing, and Broadcasting|"
151144,Other,"Media, Publishing, and Broadcasting|Radio and Television Providers|"
151145,Unknown,
151146,Enterprise,"Buildings, Repair, Maintenance (Pest Control, Landscaping, Cleaning, Locksmiths, Car Washes, etc)|Law, Business, and Consulting Services|Service|"
151147,Other,"Postal Services and Couriers|Freight, Shipment, and Postal Services|"
151148,Other,"Personal Care and Lifestyle (Barber Shops, Nail Salons, Diet Centers, Laundry, etc)|Service|"
151149,Enterprise,"Law, Business, and Consulting Services|Service|"
151150,Unknown,
151151,Content/CDN,Content|Computer and Information Technology|Server Hosting|
151152,ISP,Internet Service Provider (ISP)|Computer and Information Technology|
151153,Other,"Retail Stores, Wholesale, and E-commerce Sites|"
151154,Unknown,
151155,ISP,Hosting and Cloud Provider|Computer and Information Technology|Internet Service Provider (ISP)|Software Development
151156,Unknown,
151157,Other,Computer and Information Technology|
151158,ISP,"Computer and Information Technology|Media, Publishing, and Broadcasting|Internet Service Provider (ISP)|Radio and Television Providers"
151159,Other,Computer and Information Technology|
151160,Unknown,
151161,Content/CDN,Computer and Network Security|Service|Hosting and Cloud Provider|Computer and Information Technology
151162,Content/CDN,Computer and Network Security|Software Development|Service|Computer and Information Technology
151163,Content/CDN,Computer and Network Security|Service|Hosting and Cloud Provider|Computer and Information Technology
151164,ISP,Internet Service Provider (ISP)|Computer and Information Technology|
151165,Unknown,
151166,ISP,Computer and Information Technology|Software Development|Internet Service Provider (ISP)|
151167,Enterprise,"Law, Business, and Consulting Services|Service|"
151168,Other,Computer and Information Technology|
151169,ISP,Software Development|Internet Service Provider (ISP)|Computer and Information Technology|
151170,ISP,Computer and Information Technology|Internet Service Provider (ISP)|
151171,Unknown,
151172,Other,"Software Development|Computer and Information Technology|Banks, Credit Card Companies, Mortgage Providers|Finance and Insurance"
151173,Unknown,
151174,Other,Computer and Information Technology|
151175,Unknown,
151176,Unknown,
151177,Unknown,
151178,Unknown,
151179,Other,Manufacturing|
151180,Other,Computer and Information Technology|
151181,Unknown,
151186,Other,Real Estate (Residential and/or Commercial)|Construction and Real Estate|
151199,ISP,"Software Development|Internet Service Provider (ISP)|Law, Business, and Consulting Services|Computer and Information Technology"
151205,Other,"Finance and Insurance|Banks, Credit Card Companies, Mortgage Providers|"
151325,Other,"Electric Power Generation, Transmission, Distribution|Utilities (Excluding Internet Service)|"
151335,Other,Computer and Information Technology|
151344,ISP,Computer and Information Technology|Internet Service Provider (ISP)|
151347,ISP,Travel and Accommodation|Computer and Information Technology|Internet Service Provider (ISP)|
151415,Other,Manufacturing|
151656,Unknown,
151661,Other,"Banks, Credit Card Companies, Mortgage Providers|Finance and Insurance|"
151666,Other,"Retail Stores, Wholesale, and E-commerce Sites|"
151670,Other,"Retail Stores, Wholesale, and E-commerce Sites|Household Appliances and Electronics|"
151671,ISP,"Media, Publishing, and Broadcasting|Software Development|Computer and Information Technology|Internet Service Provider (ISP)"
151676,Other,"Retail Stores, Wholesale, and E-commerce Sites|"
151679,Enterprise,"Law, Business, and Consulting Services|Service|"
151680,Other,"Retail Stores, Wholesale, and E-commerce Sites|"
151681,ISP,"Internet Service Provider (ISP)|Computer and Information Technology|Service|Media, Publishing, and Broadcasting"
151682,Other,"Manufacturing|Retail Stores, Wholesale, and E-commerce Sites|Electronics and Computer Components|"
151683,ISP,Computer and Information Technology|Internet Service Provider (ISP)|
151684,Unknown,
151685,Unknown,
151686,Unknown,
151687,Other,"Retail Stores, Wholesale, and E-commerce Sites|"
151688,Unknown,
151689,Other,"Civil Engineering Construction (Utility Lines, Roads and Bridges)|Construction and Real Estate|Computer and Information Technology|"
151690,Unknown,
151691,ISP,Computer and Information Technology|Internet Service Provider (ISP)|
151692,Other,"Banks, Credit Card Companies, Mortgage Providers|Finance and Insurance|"
151693,Other,Service|
151694,Unknown,
151695,Other,"Civil Engineering Construction (Utility Lines, Roads and Bridges)|Construction and Real Estate|"
151696,Unknown,
151697,Other,Computer and Information Technology|
151698,Other,Computer and Information Technology|
151699,Other,Computer and Information Technology|
151700,Other,Computer and Information Technology|
151701,Unknown,
151702,Government,"Government and Public Administration|Government and Regulatory Agencies, Administrations, Departments, and Services|"
151703,Other,"Online Informational Content|Media, Publishing, and Broadcasting|"
151704,Content/CDN,Content|Server Hosting|
151705,Other,Computer and Information Technology|
151706,Unknown,
151707,Unknown,
151708,ISP,Computer and Information Technology|Internet Service Provider (ISP)|
151709,Unknown,
151710,Other,Manufacturing|Clothing and Textiles|
151711,Other,Computer and Information Technology|
151712,ISP,"Internet Service Provider (ISP)|Radio and Television Providers|Media, Publishing, and Broadcasting|Computer and Information Technology"
151713,ISP,Internet Service Provider (ISP)|Computer and Information Technology|
151714,Unknown,
151715,Unknown,
151716,Other,"Retail Stores, Wholesale, and E-commerce Sites|Utilities (Excluding Internet Service)|Electric Power Generation, Transmission, Distribution|"
151717,Unknown,
151718,Unknown,
151719,Unknown,
151720,Other,Computer and Information Technology|
151721,Unknown,
151722,Other,"Civil Engineering Construction (Utility Lines, Roads and Bridges)|Construction and Real Estate|"
151723,ISP,Computer and Information Technology|Internet Service Provider (ISP)|
151724,Other,"Postal Services and Couriers|Freight, Shipment, and Postal Services|"
151725,ISP,Computer and Information Technology|Software Development|Internet Service Provider (ISP)|
151726,Other,"Media, Publishing, and Broadcasting|Online Informational Content|"
151727,ISP,Computer and Information Technology|Internet Service Provider (ISP)|
151728,Other,Computer and Information Technology|
151729,Enterprise,"Law, Business, and Consulting Services|Service|"
151730,Unknown,
151731,Unknown,
151732,Unknown,
151733,Unknown,
151734,Unknown,
151735,Other,"Retail Stores, Wholesale, and E-commerce Sites|"
151736,Unknown,
151737,Unknown,
151738,Other,"Banks, Credit Card Companies, Mortgage Providers|Finance and Insurance|"
151739,Unknown,
151740,Unknown,
151741,Unknown,
151742,Unknown,
151743,Unknown,
151744,Unknown,
151745,Unknown,
151746,Unknown,
151747,Unknown,
151748,Unknown,
151749,Unknown,
151750,Unknown,
151751,Unknown,
151752,Other,Computer and Information Technology|
151753,Other,Computer and Information Technology|
151754,Enterprise,"Service|Law, Business, and Consulting Services|"
151755,Other,Service|
151756,Unknown,
151757,ISP,Home ISP|Computer and Information Technology|Internet Service Provider (ISP)|
151758,Unknown,
151759,Other,Manufacturing|
151760,Other,"Postal Services and Couriers|Freight, Shipment, and Postal Services|"
151761,ISP,"Internet Service Provider (ISP)|Radio and Television Providers|Media, Publishing, and Broadcasting|Computer and Information Technology"
151762,ISP,Automotive and Transportation|Insurance Carriers and Agencies|Manufacturing|Finance and Insurance
151763,Other,"Manufacturing|Food, Beverage, and Tobacco|"
151764,Unknown,
151765,Unknown,
151766,Unknown,
151767,Other,Computer and Information Technology|
151768,Other,"Retail Stores, Wholesale, and E-commerce Sites|Service|"
151769,Other,Computer and Information Technology|
151770,ISP,"Computer and Information Technology|Internet Service Provider (ISP)|Media, Publishing, and Broadcasting|Radio and Television Providers"
151771,Other,Manufacturing|Chemical and Pharmaceutical Manufacturing|
151772,Other,Computer and Information Technology|
151773,Other,Computer and Information Technology|Computer and Network Security|Technology Consulting Services|Software Development
151774,ISP,Computer and Information Technology|Internet Service Provider (ISP)|
151775,Other,Computer and Information Technology|
151776,Other,Electronics and Computer Components|Manufacturing|
151777,Unknown,
151778,Other,Machinery|Manufacturing|
151784,Other,"Service|Computer and Information Technology|Media, Publishing, and Broadcasting|Software Development"
151787,Other,"Freight, Shipment, and Postal Services|"
151801,ISP,Internet Service Provider (ISP)|Computer and Information Technology|
151815,Unknown,
151821,ISP,Internet Service Provider (ISP)|Computer and Information Technology|Finance and Insurance|Software Development
151845,ISP,Hosting and Cloud Provider|Computer and Information Technology|Internet Service Provider (ISP)|
151966,ISP,Internet Service Provider (ISP)|Computer and Information Technology|
151986,ISP,Computer and Information Technology|Internet Service Provider (ISP)|Hosting and Cloud Provider|
151988,Content/CDN,Hosting and Cloud Provicer|Computer and Information Technology|Software Development|
152096,ISP,Internet Service Provider (ISP)|Computer and Information Technology|Software Development|
152101,Other,"Banks, Credit Card Companies, Mortgage Providers|Finance and Insurance|"
152109,ISP,Software Development|Internet Service Provider (ISP)|Computer and Information Technology|
152129,ISP,Internet Service Provider (ISP)|Computer and Information Technology|
152162,ISP,"Media, Publishing, and Broadcasting|Internet Service Provider (ISP)|Computer and Information Technology|Online Music and Video Streaming Services"
152303,ISP,Internet Service Provider (ISP)|Computer and Information Technology|
152323,ISP,"Radio and Television Providers|Computer and Information Technology|Media, Publishing, and Broadcasting|Internet Service Provider (ISP)"
152341,Unknown,
152454,Unknown,
152468,Unknown,
152483,Unknown,
152484,Unknown,
152485,Other,ToR Services|
152486,Unknown,
152487,Unknown,
152488,Unknown,
152489,Unknown,
152490,Unknown,
152491,Unknown,
152492,Unknown,
152493,Unknown,
152494,Unknown,
152495,Unknown,
152496,Unknown,
152497,Unknown,
152498,Unknown,
152499,Unknown,
152500,Unknown,
152501,Unknown,
152502,Unknown,
152503,Unknown,
152504,Unknown,
152505,Unknown,
152506,Unknown,
152507,Unknown,
152508,Unknown,
152509,Unknown,
152510,Unknown,
152511,Unknown,
152512,Unknown,
152513,Unknown,
152514,Unknown,
152515,Unknown,
152516,Unknown,
152517,Unknown,
152518,Unknown,
152519,Unknown,
152520,Unknown,
152521,Unknown,
152522,Unknown,
152523,Unknown,
152524,Unknown,
152525,Unknown,
152526,Unknown,
152527,Unknown,
152528,Unknown,
152529,Unknown,
152530,Unknown,
152531,Unknown,
152532,Unknown,
152533,Academic/Edu,Academic|Validating RPKI ROV|
152534,Unknown,
152535,Unknown,
152536,Unknown,
152537,Unknown,
152538,Unknown,
152539,Unknown,
152540,Unknown,
152541,Unknown,
152542,Unknown,
152543,Unknown,
152544,Unknown,
152545,Unknown,
152546,Unknown,
152547,Unknown,
152548,Unknown,
152549,Unknown,
152550,Unknown,
152551,Unknown,
152552,Unknown,
152553,Unknown,
152554,Unknown,
152555,Unknown,
152556,Unknown,
152557,Unknown,
152558,Unknown,
152559,Unknown,
152560,Unknown,
152561,Unknown,
152562,Unknown,
152563,Unknown,
152564,Unknown,
152565,Content/CDN,Content|Server Hosting|
152566,Unknown,
152567,Unknown,
152568,Unknown,
152569,Unknown,
152570,Unknown,
152571,Unknown,
152572,Unknown,
152573,Unknown,
152574,Unknown,
152575,Unknown,
152576,Unknown,
152577,Unknown,
152578,Unknown,
152579,Unknown,
152580,Unknown,
152581,Unknown,
152582,Unknown,
152586,Content/CDN,Server Hosting|Validating RPKI ROV|
152594,Other,Anycast|
152651,Unknown,
152686,Unknown,
152696,Unknown,
152702,Unknown,
152710,Unknown,
152715,Unknown,
152720,Unknown,
152721,Unknown,
152731,Unknown,
152881,Unknown,
152895,Unknown,
152897,Unknown,
152924,Unknown,
147641,Unknown,
153040,Unknown,
153045,Unknown,
153051,Unknown,
147658,Unknown,
153161,Unknown,
153181,Unknown,
147682,Unknown,
153203,Unknown,
153204,Unknown,
153205,Unknown,
153206,Unknown,
153207,Unknown,
153208,Unknown,
153209,Unknown,
153210,Unknown,
153211,Unknown,
153212,Unknown,
153213,Unknown,
153214,Unknown,
153215,Unknown,
153216,Unknown,
153217,Unknown,
153218,Unknown,
153219,Unknown,
153220,Unknown,
153221,Unknown,
153222,Unknown,
153223,Unknown,
153224,Unknown,
153225,Unknown,
153226,Unknown,
153227,Unknown,
153228,Unknown,
153229,Unknown,
153230,Unknown,
153231,Unknown,
153232,Unknown,
153233,Unknown,
153234,ISP,Home ISP|
153235,Unknown,
153236,Unknown,
153237,Unknown,
153238,Unknown,
153239,Unknown,
153240,Unknown,
153241,Unknown,
153242,Unknown,
153243,Unknown,
153244,Unknown,
153245,Unknown,
153246,Unknown,
153247,Unknown,
153248,Unknown,
153249,Unknown,
153250,Unknown,
153251,Unknown,
153252,Unknown,
153253,Unknown,
153254,Unknown,
153255,Unknown,
153256,Unknown,
153257,Unknown,
153258,Unknown,
153259,Unknown,
153260,Unknown,
153261,Unknown,
153262,Unknown,
153263,Unknown,
153264,Unknown,
153265,Unknown,
153266,Unknown,
153267,Unknown,
153268,Unknown,
153269,Unknown,
153270,Unknown,
153271,Unknown,
153272,Unknown,
153273,Unknown,
153274,Unknown,
153275,Unknown,
153276,Unknown,
153277,Unknown,
153278,Unknown,
153279,Unknown,
153280,Unknown,
153281,Unknown,
153282,Unknown,
153283,Unknown,
153284,Unknown,
153285,Unknown,
153286,Unknown,
153287,Unknown,
153288,Unknown,
153289,Unknown,
153290,Unknown,
153291,Unknown,
153292,ISP,Business Broadband|Home ISP|
153293,Unknown,
153294,Unknown,
153295,Unknown,
153296,Unknown,
153297,Unknown,
153298,Unknown,
153299,Unknown,
153300,Unknown,
153301,Unknown,
153302,Unknown,
153313,Unknown,
153318,Unknown,
153328,Unknown,
153366,Unknown,
153367,Unknown,
153393,Unknown,
153396,Unknown,
153473,Unknown,
153489,Unknown,
153512,Unknown,
153513,Unknown,
153518,Unknown,
153522,Unknown,
153531,Unknown,
153564,Unknown,
153581,Unknown,
55296,Academic/Edu,"Colleges, Universities, and Professional Schools|Law, Business, and Consulting Services|Service|Education and Research"
153603,Unknown,
153605,Unknown,
153632,Unknown,
55333,Other,"Construction and Real Estate|Civil Engineering Construction (Utility Lines, Roads and Bridges)|"
153637,Unknown,
55341,ISP,Not Validating RPKI ROV|Internet Service Provider (ISP)|Computer and Information Technology|
55351,ISP,"Investment, Portfolio Management, Pensions and Funds|Internet Service Provider (ISP)|Computer and Information Technology|Hosting and Cloud Provider"
55352,ISP,Eyeball|Computer and Information Technology|Internet Service Provider (ISP)|Not Validating RPKI ROV
55353,ISP,Not Validating RPKI ROV|Internet Service Provider (ISP)|Computer and Information Technology|
55360,Enterprise,"Law, Business, and Consulting Services|Finance and Insurance|Service|Computer and Information Technology"
153672,Unknown,
153674,Unknown,
153675,Unknown,
153676,Unknown,
153677,Unknown,
153678,Unknown,
153679,Unknown,
153687,Unknown,
153700,Unknown,
153701,Unknown,
55398,ISP,Computer and Information Technology|Internet Service Provider (ISP)|
153702,Unknown,
153703,Unknown,
153704,Unknown,
153705,Unknown,
153709,Unknown,
55410,ISP,Eyeball|Internet Service Provider (ISP)|Computer and Information Technology|Not Validating RPKI ROV
153714,Unknown,
55412,Enterprise,"Print Media (Newspapers, Magazines, Books)|Media, Publishing, and Broadcasting|Law, Business, and Consulting Services|Service"
153721,Unknown,
153722,Unknown,
153723,Unknown,
153724,Unknown,
55428,ISP,Computer and Information Technology|Internet Service Provider (ISP)|
55429,ISP,Internet Service Provider (ISP)|Computer and Information Technology|Software Development|Hosting and Cloud Provider
141275,Other,Computer and Information Technology|
153733,Unknown,
153734,Unknown,
55433,ISP,Software Development|Internet Service Provider (ISP)|Computer and Information Technology|Service
153738,Unknown,
153744,Unknown,
55441,ISP,Eyeball|Internet Service Provider (ISP)|Computer and Information Technology|Not Validating RPKI ROV
141278,Other,"Postal Services and Couriers|Freight, Shipment, and Postal Services|"
55446,Academic/Edu,Education and Research|Research and Development Organizations|
153751,Unknown,
55448,ISP,Internet Service Provider (ISP)|Software Development|Technology Consulting Services|Computer and Information Technology
153754,Unknown,
153756,Unknown,
153759,Unknown,
153761,Unknown,
55459,ISP,Phone Provider|Software Development|Computer and Information Technology|Internet Service Provider (ISP)
55460,ISP,Internet Service Provider (ISP)|Computer and Information Technology|
55470,ISP,"Content|Software Development|Internet Service Provider (ISP)|Law, Business, and Consulting Services"
55474,Other,"Software Development|Computer and Information Technology|Investment, Portfolio Management, Pensions and Funds|Finance and Insurance"
55479,Academic/Edu,"Not Validating RPKI ROV|Colleges, Universities, and Professional Schools|Education and Research|Research and Development Organizations"
55494,Content/CDN,Not Validating RPKI ROV|Health Care Services|Hosting and Cloud Provider|Computer and Information Technology
141290,Other,Software Development|Computer and Information Technology|Computer and Network Security|
55507,ISP,Not Validating RPKI ROV|Computer and Information Technology|Internet Service Provider (ISP)|
55510,Other,"Investment, Portfolio Management, Pensions and Funds|Finance and Insurance|Validating RPKI ROV|"
55526,Unknown,
55529,ISP,"Hosting and Cloud Provider|Computer and Network Security|Software Development|Law, Business, and Consulting Services"
55535,ISP,Computer and Information Technology|Internet Service Provider (ISP)|
55540,ISP,Computer and Information Technology|Internet Service Provider (ISP)|Hosting and Cloud Provider|
55557,ISP,"Internet Service Provider (ISP)|Computer and Information Technology|Law, Business, and Consulting Services|Service"
55563,Other,Chemical and Pharmaceutical Manufacturing|Manufacturing|
55566,Academic/Edu,"Colleges, Universities, and Professional Schools|Education and Research|Community Groups and Nonprofits|Research and Development Organizations"
141302,ISP,Internet Service Provider (ISP)|Computer and Information Technology|
55570,Academic/Edu,"Service|Law, Business, and Consulting Services|Chemical and Pharmaceutical Manufacturing|Software Development"
55574,Content/CDN,"Software Development|Service|Law, Business, and Consulting Services|Computer and Information Technology"
55577,ISP,"Eyeball|Internet Service Provider (ISP)|Computer and Information Technology|Media, Publishing, and Broadcasting"
55578,ISP,"Insurance Carriers and Agencies|Law, Business, and Consulting Services|Hosting and Cloud Provider|Service"
55637,Other,Computer and Information Technology|
55644,ISP,Not Validating RPKI ROV|Internet Service Provider (ISP)|Computer and Information Technology|
147834,Unknown,
141322,Content/CDN,Computer and Information Technology|Hosting and Cloud Provider|
55705,Other,Tranco 10k Host|Online Music and Video Streaming Services|Software Development|Computer and Information Technology
55709,ISP,Hosting and Cloud Provider|Computer and Information Technology|Internet Service Provider (ISP)|
55711,ISP,Service|Software Development|Computer and Information Technology|Internet Service Provider (ISP)
55712,ISP,Technology Consulting Services|Software Development|Internet Service Provider (ISP)|Computer and Information Technology
55713,ISP,Internet Service Provider (ISP)|Computer and Information Technology|
55717,ISP,"Service|Computer and Information Technology|Internet Service Provider (ISP)|Law, Business, and Consulting Services"
147848,Unknown,
55734,ISP,"Eyeball|Retail Stores, Wholesale, and E-commerce Sites|Computer and Information Technology|Manufacturing"
55740,ISP,Internet Service Provider (ISP)|Computer and Information Technology|
55741,Other,Software Development|Electronics and Computer Components|Real Estate (Residential and/or Commercial)|Tranco 10k Host
55756,ISP,Internet Service Provider (ISP)|Computer and Information Technology|Not Validating RPKI ROV|
55757,Enterprise,Technology Consulting Services|Software Development|Service|Computer and Information Technology
55764,Content/CDN,"Computer and Information Technology|Law, Business, and Consulting Services|Hosting and Cloud Provider|Service"
55779,ISP,"Insurance Carriers and Agencies|Finance and Insurance|Retail Stores, Wholesale, and E-commerce Sites|"
55780,ISP,Manufacturing|Automotive and Transportation|Insurance Carriers and Agencies|Finance and Insurance
55782,ISP,Phone Provider|Software Development|Internet Service Provider (ISP)|Computer and Information Technology
55804,Content/CDN,"Computer and Information Technology|Finance and Insurance|Hosting and Cloud Provider|Investment, Portfolio Management, Pensions and Funds"
55806,ISP,Computer and Information Technology|Internet Service Provider (ISP)|
55814,ISP,Eyeball|Computer and Information Technology|Internet Service Provider (ISP)|Not Validating RPKI ROV
55824,ISP,Carrier|Computer and Information Technology|Internet Service Provider (ISP)|Not Validating RPKI ROV
55831,ISP,Phone Provider|Internet Service Provider (ISP)|Computer and Information Technology|
55832,ISP,Eyeball|Internet Service Provider (ISP)|Computer and Information Technology|Not Validating RPKI ROV
55836,ISP,Carrier|Internet Service Provider (ISP)|Computer and Information Technology|Not Validating RPKI ROV
55839,ISP,Not Validating RPKI ROV|Internet Service Provider (ISP)|Computer and Information Technology|
55847,ISP,Not Validating RPKI ROV|Computer and Information Technology|Internet Service Provider (ISP)|
55862,ISP,Eyeball|Internet Service Provider (ISP)|Computer and Information Technology|Not Validating RPKI ROV
55879,ISP,Eyeball|Computer and Information Technology|Internet Service Provider (ISP)|
55918,Other,"Software Development|Computer and Information Technology|Retail Stores, Wholesale, and E-commerce Sites|"
55947,ISP,Eyeball|Internet Service Provider (ISP)|Computer and Information Technology|Not Validating RPKI ROV
56056,Academic/Edu,"Health Care Services|Colleges, Universities, and Professional Schools|Education and Research|Not Validating RPKI ROV"
56061,Other,"Finance and Insurance|Computer and Information Technology|Software Development|Banks, Credit Card Companies, Mortgage Providers"
56064,Other,"Retail Stores, Wholesale, and E-commerce Sites|"
56077,Other,"Utilities (Excluding Internet Service)|Personal Care and Lifestyle (Barber Shops, Nail Salons, Diet Centers, Laundry, etc)|Media, Publishing, and Broadcasting|Service"
56093,Other,Computer and Information Technology|Software Development|
56097,Other,Computer and Information Technology|
56107,ISP,"Computer and Information Technology|Internet Service Provider (ISP)|Media, Publishing, and Broadcasting|Retail Stores, Wholesale, and E-commerce Sites"
56108,Enterprise,"Music and Video Industry|Print Media (Newspapers, Magazines, Books)|Law, Business, and Consulting Services|Service"
56110,ISP,Computer and Information Technology|Hosting and Cloud Provider|Internet Service Provider (ISP)|
56124,Other,"Retail Stores, Wholesale, and E-commerce Sites|"
56125,ISP,Internet Service Provider (ISP)|Software Development|Hosting and Cloud Provider|Computer and Information Technology
56166,Academic/Edu,"Colleges, Universities, and Professional Schools|Education and Research|Not Validating RPKI ROV|"
56201,ISP,"Electric Power Generation, Transmission, Distribution|Software Development|Utilities (Excluding Internet Service)|Internet Service Provider (ISP)"
56202,Content/CDN,Computer and Information Technology|Hosting and Cloud Provider|
56209,ISP,Eyeball|Internet Service Provider (ISP)|Computer and Information Technology|Not Validating RPKI ROV
56224,ISP,Validating RPKI ROV|Computer and Information Technology|Internet Service Provider (ISP)|
56268,ISP,Eyeball|Internet Service Provider (ISP)|Computer and Information Technology|Not Validating RPKI ROV
56272,ISP,Not Validating RPKI ROV|Internet Service Provider (ISP)|Computer and Information Technology|
56278,ISP,"Hosting and Cloud Provider|Law, Business, and Consulting Services|Media, Publishing, and Broadcasting|Software Development"
56283,Other,"Manufacturing|Retail Stores, Wholesale, and E-commerce Sites|Machinery|Automotive and Transportation"
56285,ISP,"Service|Internet Service Provider (ISP)|Computer and Information Technology|Law, Business, and Consulting Services"
56290,Other,Software Development|Computer and Information Technology|
56315,Other,Other|
23664,Content/CDN,"Computer and Information Technology|Software Development|Phone Provider|Law, Business, and Consulting Services"
23682,ISP,Computer and Information Technology|Internet Service Provider (ISP)|Not Validating RPKI ROV|Eyeball
23726,Academic/Edu,"Human Rights and Social Advocacy (Human Rights, Environment and Wildlife Conservation, Other)|Community Groups and Nonprofits|Education and Research|"
23770,Academic/Edu,Not Validating RPKI ROV|Research and Development Organizations|Education and Research|
23772,ISP,"Media, Publishing, and Broadcasting|Computer and Information Technology|Internet Service Provider (ISP)|Eyeball"
23860,ISP,Eyeball|Internet Service Provider (ISP)|Computer and Information Technology|Not Validating RPKI ROV
23870,ISP,Phone Provider|Internet Service Provider (ISP)|Computer and Information Technology|
23872,ISP,Not Validating RPKI ROV|Internet Service Provider (ISP)|Computer and Information Technology|
23901,Other,"Electronics and Computer Components|Manufacturing|Computer and Information Technology|Retail Stores, Wholesale, and E-commerce Sites"
23903,Content/CDN,"Computer and Network Security|Online Music and Video Streaming Services|Hosting and Cloud Provider|Media, Publishing, and Broadcasting"
23941,Enterprise,"Computer and Information Technology|Law, Business, and Consulting Services|Service|"
23957,ISP,Not Validating RPKI ROV|Internet Service Provider (ISP)|Finance and Insurance|Computer and Information Technology
23976,ISP,"Internet Service Provider (ISP)|Computer and Information Technology|Service|Media, Publishing, and Broadcasting"
23984,Content/CDN,"Military, Defense, National Security, and International Affairs|Government and Public Administration|Hosting and Cloud Provider|Law, Business, and Consulting Services"
23994,ISP,"Hosting and Cloud Provider|Internet Service Provider (ISP)|Law, Business, and Consulting Services|Service"
24003,Other,Other|Not Validating RPKI ROV|
24004,Other,"Retail Stores, Wholesale, and E-commerce Sites|"
24029,ISP,"Government and Public Administration|Internet Service Provider (ISP)|Human Rights and Social Advocacy (Human Rights, Environment and Wildlife Conservation, Other)|Community Groups and Nonprofits"
24041,Other,Manufacturing|Software Development|Computer and Information Technology|Electronics and Computer Components
24044,ISP,Insurance Carriers and Agencies|Community Groups and Nonprofits|Computer and Information Technology|Finance and Insurance
24049,ISP,"Community Groups and Nonprofits|Online Informational Content|Internet Service Provider (ISP)|Media, Publishing, and Broadcasting"
24055,Other,"Not Validating RPKI ROV|Finance and Insurance|Banks, Credit Card Companies, Mortgage Providers|"
24084,ISP,"Validating RPKI ROV|Computer and Information Technology|Media, Publishing, and Broadcasting|Internet Service Provider (ISP)"
24103,Enterprise,"Service|Law, Business, and Consulting Services|"
24109,Content/CDN,"Not Validating RPKI ROV|Service|Law, Business, and Consulting Services|Hosting and Cloud Provider"
24118,ISP,Not Validating RPKI ROV|Computer and Information Technology|Internet Service Provider (ISP)|
24127,Content/CDN,"Museums, Libraries, and Entertainment|Service|Law, Business, and Consulting Services|Computer and Information Technology"
24178,ISP,"Law, Business, and Consulting Services|Electronics and Computer Components|Service|Software Development"
24185,ISP,Computer and Information Technology|Internet Service Provider (ISP)|Service|Software Development
24186,ISP,Eyeball|Internet Service Provider (ISP)|Computer and Information Technology|Not Validating RPKI ROV
24193,Other,"Retail Stores, Wholesale, and E-commerce Sites|"
24216,ISP,Internet Service Provider (ISP)|Computer and Information Technology|
24222,Other,"Retail Stores, Wholesale, and E-commerce Sites|"
24232,ISP,Not Validating RPKI ROV|Internet Service Provider (ISP)|Computer and Information Technology|
24309,ISP,Eyeball|Computer and Information Technology|Internet Service Provider (ISP)|Validating RPKI ROV
24327,Other,"Finance and Insurance|Banks, Credit Card Companies, Mortgage Providers|Not Validating RPKI ROV|"
24332,Other,Other|
24374,Enterprise,"Service|Law, Business, and Consulting Services|Computer and Information Technology|Software Development"
24391,Enterprise,"Not Validating RPKI ROV|Computer and Information Technology|Law, Business, and Consulting Services|Service"
24392,ISP,Not Validating RPKI ROV|Computer and Information Technology|Internet Service Provider (ISP)|
24397,ISP,Computer and Information Technology|Technology Consulting Services|Software Development|Internet Service Provider (ISP)
24448,ISP,"Government and Public Administration|Internet Service Provider (ISP)|Computer and Information Technology|Military, Defense, National Security, and International Affairs"
24457,Other,Other|
24468,ISP,"Media, Publishing, and Broadcasting|Internet Service Provider (ISP)|Service|Law, Business, and Consulting Services"
24470,ISP,Internet Service Provider (ISP)|Computer and Information Technology|
24471,ISP,"Law, Business, and Consulting Services|Software Development|Service|Internet Service Provider (ISP)"
24485,Other,"Agriculture, Mining, and Refineries (Farming, Greenhouses, Mining, Forestry, and Animal Farming)|"
24486,ISP,Computer and Information Technology|Internet Service Provider (ISP)|
24501,Other,Computer and Information Technology|Not Validating RPKI ROV|
24508,ISP,Internet Service Provider (ISP)|Computer and Information Technology|
24515,ISP,Technology Consulting Services|Internet Service Provider (ISP)|Computer and Information Technology|Software Development
24539,ISP,Not Validating RPKI ROV|Computer and Information Technology|Internet Service Provider (ISP)|Software Development
24554,ISP,Eyeball|Internet Service Provider (ISP)|Computer and Information Technology|Not Validating RPKI ROV
24558,ISP,"Not Validating RPKI ROV|Finance and Insurance|Technology Consulting Services|Buildings, Repair, Maintenance (Pest Control, Landscaping, Cleaning, Locksmiths, Car Washes, etc)"
24560,ISP,Eyeball|Computer and Information Technology|Internet Service Provider (ISP)|Not Validating RPKI ROV
24571,ISP,Computer and Information Technology|Hosting and Cloud Provider|Internet Service Provider (ISP)|
24574,Other,Software Development|Computer and Information Technology|
58371,Other,Other|
58405,ISP,Not Validating RPKI ROV|Computer and Information Technology|Internet Service Provider (ISP)|
58419,ISP,Computer and Information Technology|Hosting and Cloud Provider|Software Development|Internet Service Provider (ISP)
58428,ISP,Internet Service Provider (ISP)|Phone Provider|Computer and Information Technology|Software Development
58429,ISP,Internet Service Provider (ISP)|Computer and Information Technology|Phone Provider|Validating RPKI ROV
58432,Other,Computer and Information Technology|
58438,Eyeball,Manufacturing|Electronics and Computer Components|Service|Eyeball
58457,Academic/Edu,"Education and Research|Colleges, Universities, and Professional Schools|Not Validating RPKI ROV|Research and Development Organizations"
58462,ISP,Internet Service Provider (ISP)|Electronics and Computer Components|Software Development|Computer and Information Technology
58522,ISP,Software Development|Internet Service Provider (ISP)|Computer and Information Technology|
58529,ISP,Internet Service Provider (ISP)|Service|Hosting and Cloud Provider|Computer and Information Technology
58537,Other,"Banks, Credit Card Companies, Mortgage Providers|Finance and Insurance|"
58577,ISP,Software Development|Computer and Information Technology|Internet Service Provider (ISP)|Hosting and Cloud Provider
58585,Unknown,
58590,ISP,"Human Rights and Social Advocacy (Human Rights, Environment and Wildlife Conservation, Other)|Government and Public Administration|Other Schools, Instruction, and Exam Preparation (Trade Schools, Art Schools, Driving Instruction, etc.)|Software Development"
58594,ISP,Not Validating RPKI ROV|Internet Service Provider (ISP)|Computer and Information Technology|
58597,ISP,Not Validating RPKI ROV|Computer and Information Technology|Internet Service Provider (ISP)|
58608,ISP,Computer and Information Technology|Internet Service Provider (ISP)|
58640,ISP,Eyeball|Computer and Information Technology|Internet Service Provider (ISP)|Radio and Television Providers
58641,Content/CDN,"Computer and Information Technology|Finance and Insurance|Hosting and Cloud Provider|Investment, Portfolio Management, Pensions and Funds"
58659,ISP,Eyeball|Internet Service Provider (ISP)|Computer and Information Technology|Not Validating RPKI ROV
58664,Other,Not Validating RPKI ROV|Software Development|Service|Computer and Information Technology
58671,Other,Other|
58678,ISP,Eyeball|Internet Service Provider (ISP)|Computer and Information Technology|Not Validating RPKI ROV
58693,ISP,Computer and Information Technology|Internet Service Provider (ISP)|Not Validating RPKI ROV|
58700,ISP,"Internet Service Provider (ISP)|Computer and Information Technology|Retail Stores, Wholesale, and E-commerce Sites|Music and Video Industry"
58702,Other,Other|
58703,Academic/Edu,"Education and Research|Colleges, Universities, and Professional Schools|"
58714,Other,"Media, Publishing, and Broadcasting|Travel and Accommodation|Software Development|Computer and Information Technology"
58725,ISP,Eyeball|Internet Service Provider (ISP)|Computer and Information Technology|Not Validating RPKI ROV
58758,Academic/Edu,Not Validating RPKI ROV|Research and Development Organizations|Education and Research|
58759,Other,Service|
58760,Other,"Retail Stores, Wholesale, and E-commerce Sites|"
58761,Unknown,
58762,ISP,Eyeball|Computer and Information Technology|Internet Service Provider (ISP)|Not Validating RPKI ROV
58763,Content/CDN,Hosting and Cloud Provider|Computer and Information Technology|Validating RPKI ROV|
58764,Content/CDN,Computer and Information Technology|Hosting and Cloud Provider|
58765,ISP,Eyeball|Computer and Information Technology|Internet Service Provider (ISP)|Not Validating RPKI ROV
58766,ISP,Internet Service Provider (ISP)|Computer and Information Technology|
58767,ISP,Internet Service Provider (ISP)|Computer and Information Technology|
58872,ISP,"Software Development|Internet Service Provider (ISP)|Computer and Information Technology|Personal Care and Lifestyle (Barber Shops, Nail Salons, Diet Centers, Laundry, etc)"
58875,ISP,Software Development|Service|Computer and Information Technology|Internet Service Provider (ISP)
58880,ISP,Service|Software Development|Education and Research|Computer and Information Technology
58897,ISP,"Music and Video Industry|Museums, Libraries, and Entertainment|Radio and Television Providers|Media, Publishing, and Broadcasting"
58898,ISP,Eyeball|Internet Service Provider (ISP)|Computer and Information Technology|Not Validating RPKI ROV
58899,Other,Other|
58900,Other,Computer and Information Technology|
58901,Enterprise,"Law, Business, and Consulting Services|Service|"
58902,Other,Software Development|Computer and Information Technology|
58903,ISP,Internet Service Provider (ISP)|Computer and Information Technology|
58904,Other,Computer and Information Technology|
58905,Unknown,
58906,ISP,Eyeball|Computer and Information Technology|Internet Service Provider (ISP)|Not Validating RPKI ROV
58909,ISP,Server Hosting|Software Development|Internet Service Provider (ISP)|Computer and Information Technology
58925,ISP,"Service|Software Development|Law, Business, and Consulting Services|Computer and Information Technology"
58949,Other,"Media, Publishing, and Broadcasting|Radio and Television Providers|Music and Video Industry|"
58954,ISP,"Service|Software Development|Media, Publishing, and Broadcasting|Internet Service Provider (ISP)"
58963,ISP,Eyeball|Internet Service Provider (ISP)|Computer and Information Technology|Not Validating RPKI ROV
58964,Unknown,
58965,ISP,Eyeball|Computer and Information Technology|Internet Service Provider (ISP)|Not Validating RPKI ROV
58966,ISP,Computer and Information Technology|Internet Service Provider (ISP)|
58967,ISP,Internet Service Provider (ISP)|Computer and Information Technology|
58968,Unknown,
58969,ISP,Internet Service Provider (ISP)|Computer and Information Technology|Home ISP|Eyeball
58970,Other,"Personal Care and Lifestyle (Barber Shops, Nail Salons, Diet Centers, Laundry, etc)|Service|"
58971,ISP,Not Validating RPKI ROV|Internet Service Provider (ISP)|Computer and Information Technology|
58972,ISP,Computer and Information Technology|Internet Service Provider (ISP)|Not Validating RPKI ROV|
58976,Other,Software Development|Computer and Information Technology|
58990,Other,"Retail Stores, Wholesale, and E-commerce Sites|"
148509,Unknown,
148510,Unknown,
148516,Unknown,
148528,Unknown,
148529,Unknown,
59161,ISP,Internet Service Provider (ISP)|Computer and Information Technology|
59162,ISP,Not Validating RPKI ROV|Computer and Information Technology|Internet Service Provider (ISP)|
59163,Academic/Edu,"Media, Publishing, and Broadcasting|Online Informational Content|Colleges, Universities, and Professional Schools|Education and Research"
59164,ISP,Computer and Information Technology|Internet Service Provider (ISP)|Not Validating RPKI ROV|
59165,ISP,Eyeball|Internet Service Provider (ISP)|Computer and Information Technology|Not Validating RPKI ROV
59166,Unknown,
59167,Other,"Banks, Credit Card Companies, Mortgage Providers|Service|Finance and Insurance|Not Validating RPKI ROV"
59168,Other,Other|
59169,ISP,"Not Validating RPKI ROV|Retail Stores, Wholesale, and E-commerce Sites|Internet Service Provider (ISP)|Computer and Information Technology"
59170,ISP,Computer and Information Technology|Internet Service Provider (ISP)|
59171,Other,"Retail Stores, Wholesale, and E-commerce Sites|"
59172,Other,"Social Assistance (Temporary Shelters, Emergency Relief, Child Day Care, etc)|Service|"
59173,Enterprise,"Not Validating RPKI ROV|Law, Business, and Consulting Services|Service|"
59174,ISP,Computer and Information Technology|Internet Service Provider (ISP)|
59175,ISP,Computer and Information Technology|Internet Service Provider (ISP)|
59176,ISP,Computer and Information Technology|Internet Service Provider (ISP)|Hosting and Cloud Provider|Software Development
59177,Government,Utilities (Excluding Internet Service)|Government and Public Administration|Computer and Information Technology|Community Groups and Nonprofits
59178,ISP,Computer and Information Technology|Internet Service Provider (ISP)|
59179,ISP,Not Validating RPKI ROV|Internet Service Provider (ISP)|Computer and Information Technology|Hosting and Cloud Provider
59180,Other,"Finance and Insurance|Investment, Portfolio Management, Pensions and Funds|"
59181,Government,"Community Groups and Nonprofits|Human Rights and Social Advocacy (Human Rights, Environment and Wildlife Conservation, Other)|Government and Public Administration|Government and Regulatory Agencies, Administrations, Departments, and Services"
59182,Government,"Human Rights and Social Advocacy (Human Rights, Environment and Wildlife Conservation, Other)|Government and Public Administration|Community Groups and Nonprofits|Government and Regulatory Agencies, Administrations, Departments, and Services"
59183,ISP,"Computer and Information Technology|Internet Service Provider (ISP)|Retail Stores, Wholesale, and E-commerce Sites|Software Development"
59184,ISP,Software Development|Computer and Information Technology|Internet Service Provider (ISP)|
59185,ISP,Eyeball|Internet Service Provider (ISP)|Computer and Information Technology|Not Validating RPKI ROV
59186,Other,Computer and Information Technology|
59187,Other,Computer and Information Technology|
59188,Other,"Tranco 10k Host|Manufacturing|Retail Stores, Wholesale, and E-commerce Sites|Agriculture, Mining, and Refineries (Farming, Greenhouses, Mining, Forestry, and Animal Farming)"
59189,Government,"Not Validating RPKI ROV|Government and Public Administration|Government and Regulatory Agencies, Administrations, Departments, and Services|"
59190,Unknown,
59191,ISP,Computer and Information Technology|Software Development|Internet Service Provider (ISP)|
59192,Unknown,
59193,Academic/Edu,"Education and Research|Colleges, Universities, and Professional Schools|Community Groups and Nonprofits|Human Rights and Social Advocacy (Human Rights, Environment and Wildlife Conservation, Other)"
59194,Other,Other|
59195,Other,"Utilities (Excluding Internet Service)|Electric Power Generation, Transmission, Distribution|Agriculture, Mining, and Refineries (Farming, Greenhouses, Mining, Forestry, and Animal Farming)|"
59196,ISP,Computer and Information Technology|Internet Service Provider (ISP)|
59197,Enterprise,"Service|Law, Business, and Consulting Services|Banks, Credit Card Companies, Mortgage Providers|Finance and Insurance"
59198,Unknown,
59199,Unknown,
59200,ISP,Internet Service Provider (ISP)|Computer and Information Technology|
148546,Unknown,
59261,ISP,Hosting and Cloud Provider|Internet Service Provider (ISP)|Computer and Information Technology|
148551,Unknown,
148558,Unknown,
59319,ISP,Computer and Information Technology|Internet Service Provider (ISP)|
59331,Other,"Personal Care and Lifestyle (Barber Shops, Nail Salons, Diet Centers, Laundry, etc)|Service|"
59335,ISP,Internet Service Provider (ISP)|Computer and Information Technology|Hosting and Cloud Provider|
59336,Other,"Civil Engineering Construction (Utility Lines, Roads and Bridges)|Real Estate (Residential and/or Commercial)|Construction and Real Estate|"
59379,Enterprise,"Law, Business, and Consulting Services|Service|"
148577,Unknown,
148604,Unknown,
148629,Unknown,
148630,Unknown,
148687,Unknown,
148688,Unknown,
148711,Unknown,
148728,Unknown,
148792,Unknown,
148810,Unknown,
148811,Unknown,
148816,Unknown,
148817,Unknown,
148825,Unknown,
148834,Unknown,
148846,Unknown,
148849,Unknown,
148866,Unknown,
148873,Unknown,
148876,Unknown,
148880,Unknown,
148883,Unknown,
148888,Unknown,
148896,Unknown,
148903,Unknown,
148905,Unknown,
148912,Unknown,
148925,Unknown,
148937,Unknown,
148946,Unknown,
142489,Enterprise,"Law, Business, and Consulting Services|Service|"
149202,Other,"Banks, Credit Card Companies, Mortgage Providers|Finance and Insurance|"
149269,Other,Computer and Information Technology|
149270,Other,Service|
149271,Other,Computer and Information Technology|
207990,ISP,VPN Host|Internet Service Provider (ISP)|Computer and Information Technology|Server Hosting
136376,ISP,Internet Service Provider (ISP)|Computer and Information Technology|Not Validating RPKI ROV|
63847,Other,Other|
63935,Other,"Service|Computer and Information Technology|Media, Publishing, and Broadcasting|Software Development"
64067,ISP,Internet Service Provider (ISP)|Computer and Information Technology|
64071,Other,Manufacturing|Clothing and Textiles|
64088,Academic/Edu,Education and Research|Manufacturing|Health Care Services|
