src,dst
cpro.xdmssp.com,cpro.xdmssp.com.7871056d.cdnhwchcg02.com
store.dumacredit.com.e147512d.cdnhwcgqa21.com,hcdnw.ovc.sme.cdnhwccmz121.com
madaph.com,alb-4db3vwj3907wb03m3u.ap-southeast-1.alb.aliyuncs.com
v5-lite-a.douyinvod.com.b36b3436.cdnhwcggk22.com,hcdnv.zjtd02.v6.c.cdnhwc2.com
www.cbr8aus.com,nlb-3svc79r8fxqv73kn0r.ap-southeast-1.nlb.aliyuncsslbintl.com
s3-gz01.didistatic.com,s3-gz01.didistatic.com.8b908a60.cdnhwchcg02.com
erp.wook.id,erp.wook.id.fb9e9c86.cdnhwcajk17.com
cdnrefresh.ctdidcii.cn.2712470d.c.cdnhwc1.com,hcdnw101.sme.cdnhwcaip122.cn
checkout.updf.cn,alb-hlufyz8al2ue5t1v7b.cn-hangzhou.alb.aliyuncs.com
www.agn888.net,nlb-3svc79r8fxqv73kn0r.ap-southeast-1.nlb.aliyuncsslbintl.com
www.i1pgk.com,nlb-wwwzr8hg1c5vya400c.ap-southeast-1.nlb.aliyuncsslbintl.com
member-avatar.lazcdn.com,member-avatar.lazcdn.com.9d2b5122.cdnhwcchh18.com
www.yohomall.hk,www.yohomall.hk.39344876.cdnhwcgqa21.com
lf26-reading.fqnovelstatic.com.51296c5e.c.cdnhwc1.com,hcdnd100.ipv6.c.cdnhwc1.com
www.autelrobotics.cn,www.autelrobotics.cn.0d626f1c.c.cdnhwc1.com
pull-flv-f26-admin.douyinliving.com.cdnhwczba04.com,hcdnl.pulldyin-v6.gslb.c.cdnhwc2.com
connect.huaweicloud.com.0ceb7c90.cdnhwcgqa21.com,hcdnwsa120.sme.cdnhwccmz121.com
riokfb.com.98339693.cdnhwcchh18.com,hcdnw119.ovc.c.cdnhwc7.com
vivianc-us-1316693915.cos.na-ashburn.myqcloud.com,cos.na-ashburn.myqcloud.com
mosnew-hw-drcn.dbankcdn.cn,mosnew-hw-drcn.dbankcdn.80800000.globalsign.c.cdnhwc1.cn
iap.menaapp.net,alb-t3bgahqgg6k5ahn0a5.us-west-1.alb.aliyuncs.com
www.itc.gov.hk,www.gov.hk.f17a14b3.cdnhwcgqa21.com
www.kidswatch-sg.com,360-kids-web-page.oss-ap-southeast-1.aliyuncs.com
upos-tribe-static.bilivideo.com,upos-tribe-static.bilivideo.com.04f6a54d.cdnhwcoem01.com
dualstack-cloudcontrol.sg-light-edge.com,alb-e90r09sm4b9q8p6zs0.ap-southeast-1.alb.aliyuncsslbintl.com
v26-web-prime.douyinvod.com.51296c5e.c.cdnhwc1.com,hcdnv.zjtd02.v6.c.cdnhwc2.com
oss.soliscloud.com,ginlong-it-test.oss-eu-central-1.aliyuncs.com
www.globalcdn777.com,qweosss.oss-us-east-1.aliyuncs.com
cooco.net.cn.1c64a652.cdnhwchcg02.com,hcdnw102.vip.cdnhwcbzj102.com
ggkuai.com,alb-ce1rasw7px11cd3snw.cn-beijing.alb.aliyuncs.com
www.vip99g.com,nlb-3svc79r8fxqv73kn0r.ap-southeast-1.nlb.aliyuncsslbintl.com
cycam.lanzoul.com,0b8ffbb9.lanzoul.com.0b8ffbb9.cdnhwc8.cn
customerapp.jntexpress.id,customerapp.jntexpress.id.051b8344.cdnhwcllh11.com
resolvers-sg.httpdns.aliyuncs.com,resolvers-sg.httpdns.aliyuncs.com.gds.alibabadns.com
apm3437-4-1258344700.cos.ap-nanjing-dev.myqcloud.com,cos.ap-nanjing-dev.myqcloud.com
futurestack.cn.09971a19.cdnhwcggk22.com,hcdnw102.sme.cdnhwcibv122.com
www.rebate99c.com,nlb-3svc79r8fxqv73kn0r.ap-southeast-1.nlb.aliyuncsslbintl.com
www.rts66.com,nlb-3svc79r8fxqv73kn0r.ap-southeast-1.nlb.aliyuncsslbintl.com
www.ironman66.com,nlb-3svc79r8fxqv73kn0r.ap-southeast-1.nlb.aliyuncsslbintl.com
777banana.vip.98339693.cdnhwcchh18.com,hcdnw119.ovc.c.cdnhwc7.com
www.centralparkbangkok.com.7edd584d.cdnhwcchh18.com,hcdnw119.ovc.c.cdnhwc7.com
easywin.ng,easywin.ng.690dbc42.c.cdnhwc7.com
mpage.taobao.com,mpage.taobao.com.danuoyi.alicdn.com
nobunaga-shinsen-landing.sialiagames.com.tw,alb-9ybz4k4yuvkj8pg6di.cn-hongkong.alb.aliyuncs.com
device-eu.iot.dreame.tech,alb-81xw5tfib8hekx9kcm.eu-central-1.alb.aliyuncs.com
www.3bt.bet,www.3bt.bet.98339693.cdnhwcgqa21.com
user.shoeboxrubix.com,weicun-user-malaysia.oss-ap-southeast-3.aliyuncs.com
collect.quickcep.com.8f67d45c.cdnhwcvix16.com,hcdnw.ovc.sme.cdnhwccmz121.com
verify.tecno.com,alb-8eeavpn6lw5tow68b0.cn-hongkong.alb.aliyuncs.com
sc-13cf.cn-beijing.oss-adns.aliyuncs.com,sc-13cf.cn-beijing.oss-adns.aliyuncs.com.gds.alibabadns.com
www.a5yuzlao3dg.iot-as-mqtt.eu-central-1.aliyuncs.com,oxs-de-prod.mqtt.iotgds.aliyuncs.com
hao.vip166.com.3e496610.cdnhwcggk22.com,hcdnw101.sme.cdnhwcaip122.cn
m.zhibo8.com,alb-s325jc5eeoh7do9wr4.cn-hangzhou.alb.aliyuncsslb.com
www.slotmeth.net,nlb-3svc79r8fxqv73kn0r.ap-southeast-1.nlb.aliyuncsslbintl.com
res-health-heytapmobi-com.oss-cn-beijing.aliyuncs.com,sc-3twl.cn-beijing.oss-adns.aliyuncs.com
login-newvip.jet.co.id,login-newvip.jet.co.id.15626df9.cdnhwcllh11.com
www.mee88aus.com,nlb-3svc79r8fxqv73kn0r.ap-southeast-1.nlb.aliyuncsslbintl.com
cup.athenea.com.mx,alb-y3mjxteklzihde411w.cn-hongkong.alb.aliyuncs.com
statics-files.tycsports.com.839fb7ed.cdnhwcedi10.com,hcdnw119.vip.ovc.cdnhwcick110.com
dhtools-di.dahuasecurity.com,alb-4vk64xqi2ta9058v4j.eu-central-1.alb.aliyuncsslbintl.com
www.myspin88a.com,nlb-wwwzr8hg1c5vya400c.ap-southeast-1.nlb.aliyuncsslbintl.com
app-spot-ws.csrqoa.com.a3443e11.cdnhwcgqa21.com,hcdnwsa120.v5.gate.cdnhwcbqs106.com
www.wellcee.com,alb-sek500z679ucqyo5rv.cn-beijing.alb.aliyuncsslb.com
www.jili44.org,nlb-3svc79r8fxqv73kn0r.ap-southeast-1.nlb.aliyuncsslbintl.com
www.pearlc-us-1316693915.cos.na-ashburn.myqcloud.com,cos.na-ashburn.myqcloud.com
maptile-dra.dbankcdn.com,maptile-dra.dbankcdn.com.80800000.c.cdnhwc1.com
boss-h5.jftechsoft.com,boss-h5.jftechsoft.com.b0b1fafb.cdnhwcxcy07.com
777slot15.com,777slot15.com.98339693.cdnhwcgqa21.com
hw-origin.pull.yximgs.com,hw-origin.pull.yximgs.com.c.cdnhwc3.com
www.xa.gov.cn.08f4de41.cdnhwcpsd13.com,hcdnw101.v3.ipv6.cdnhwcprh113.com
www.duoo.live,www.duoo.live.b850594a.cdnhwcchh18.com
www.icauruae.com.0c9dc93b.cdnhwcedi10.com,hcdnw119.vip.ovc.cdnhwcick110.com
ros-upload-redcloud-d4.xhscdn.com.578d2b48.cdnhwcurq03.com,hcdnwsa.xhsnzj.v6.cdnhwcuim119.com
ds-1004.oss-acc-allline.aliyuncs.com.gds.alibabadns.com,eu-central-1-ds-1004.oss-acc.aliyuncs.com
lf-douyin-pc-web-back.douyinstatic.com.51296c5e.c.cdnhwc2.com,hcdnd100.ipv6.c.cdnhwc1.com
o1dplg.seeuuk.com,alb-pny8oukneqzzpc7sk7.ap-southeast-1.alb.aliyuncsslbintl.com
play.milkywayapp.xyz,mw-plus.oss-us-west-1.aliyuncs.com
yn.weather.com.cn,yn.weather.com.cn.c.cdnhwc1.com
device-api.palmplaystore.com,alb-1xoogcays2qdan08f6.eu-central-1.alb.aliyuncsslbintl.com
if2-cdn-tos.bytecdntop.com,ali-ec.oss-cn-hongkong.aliyuncs.com
708e6cc40a2d4900.huaweisafehub.cn,www.bjcyh.com.cn.c.cdnhwc1.com
123payment.dp.alipay.com,alb-m5tfjq749njxfrnuf4.ap-southeast-5.alb.aliyuncs.com
play-hw-src.livestream.shopee.com.br.c.cdnhwc7.com,hcdnl.pullsea.ovc.gslb.c.cdnhwc7.com
liucn.lanzouf.com,0b8ffbb9.lanzouf.com.0b8ffbb9.cdnhwc8.cn
aa.pubg2live.com,nlb-3svc79r8fxqv73kn0r.ap-southeast-1.nlb.aliyuncsslbintl.com
www.ltgamesglobal.net,alb-els3iq8ljfrcehz8in.ap-southeast-1.alb.aliyuncsslbintl.com
www.comel33.org,nlb-3svc79r8fxqv73kn0r.ap-southeast-1.nlb.aliyuncsslbintl.com
www.sufautomatico.gob.cl,www.sufautomatico.gob.cl.1f62d1a8.cdnhwcedi10.com
hw-p2p.pull.yximgs.com.c.cdnhwc3.com,hcdnl.pullksp2p-v6.gslb.c.cdnhwc2.com
lckfb.com.1eeb2723.cdnhwcurq03.com,hcdnwsa101.vip.cdnhwckon103.com
lckfb.com,lckfb.com.1eeb2723.cdnhwcurq03.com
www.behrenswatches.com,www.behrenswatches.com.5df6c3d6.cdnhwcgqa21.com
www.fuckmate.co,nlb-3svc79r8fxqv73kn0r.ap-southeast-1.nlb.aliyuncsslbintl.com
popunify-large-1.cn-shanghai.aliyuncs.com,popunify-large-1.cn-shanghai.aliyuncs.com.vipgds.alibabadns.com
www.twcbet.homes,nlb-3svc79r8fxqv73kn0r.ap-southeast-1.nlb.aliyuncsslbintl.com
www.sfbuy.com,www.sfbuy.com.c.cdnhwc1.com
oc-in.lion.ocid.xyz,alb-qytyecx4cnkebi8wa2.ap-southeast-1.alb.aliyuncs.com
e5log1.fineboost.com,alb-w8b3wgblzu0gcnxwuw.ap-southeast-1.alb.aliyuncs.com
ugp.expro.gov.sa,alb-of0awkwtkhfc7f6w8a.me-central-1.alb.aliyuncs.com
lego.alicdn.com,lego.alicdn.com.danuoyi.tbcache.com
v2-zj-lncm.kwaicdn.com,gifshow.cn-northeast-1-cm.oss-enet-ds.aliyuncs.com
p26-sign.toutiaoimg.com,p26-sign.toutiaoimg.com.51296c5e.c.cdnhwc1.com
fhcp.hkfsd.gov.hk,fhcp.hkfsd.gov.hk.66d00af9.cdnhwcgqa21.com
www.lepas.co.id,www.lepas.co.id.89288fab.cdnhwcedi10.com
jz2.ixinyou.com.ab8e873b.c.cdnhwc1.com,hcdnw101.v3.cdnhwcprh113.com
www.comel33.me,nlb-3svc79r8fxqv73kn0r.ap-southeast-1.nlb.aliyuncsslbintl.com
benefits-pro.rappi.com.pe,benefits-pro.rappi.com.pe.3ccacde2.cdnhwcohm19.com
www.vip2cuci.vip,nlb-3svc79r8fxqv73kn0r.ap-southeast-1.nlb.aliyuncsslbintl.com
www.spingo88.vip,nlb-3svc79r8fxqv73kn0r.ap-southeast-1.nlb.aliyuncsslbintl.com
hwmov6.a.yximgs.com.c.cdnhwc1.com,hcdnv.ks6.gslb.ipv6.c.cdnhwc1.com
static-uec.wondershare.com,file-attachment.oss-us-west-1.aliyuncs.com
sc-2yv6.cn-beijing.oss-adns.aliyuncs.com,sc-2yv6.cn-beijing.oss-adns.aliyuncs.com.gds.alibabadns.com
dashboard.tagihan.gopay.sh,nlb-1cy3r3hlctm85qxchz.ap-southeast-5.nlb.aliyuncs.com
m.pcsoft.com.cn,m.pcsoft.com.cn.8213c51d.c.cdnhwc1.com
retail.blueorigin.cc,alb-eedjtl8b79leecmczf.ap-southeast-1.alb.aliyuncs.com
afs-api.newbeetechnology.com,alb-afaan7g6dzs5d4lzzf.ap-southeast-1.alb.aliyuncs.com
approval-pc.app.mihoyo.com,alb-9yjy0eolje7mshwbkw.cn-shanghai.alb.aliyuncsslb.com
fmonline.app,nlb-orrslyh1bpn37axot3.eu-central-1.nlb.aliyuncs.com
tecno-find.palm.tech,nlb-b6srnqdqzk3me96gm3.eu-central-1.nlb.aliyuncs.com
vc-0303-d01-n04-1306916161-cos.cloudlinks.cn,vc-0303-d01-n04-1306916161.cos.na-siliconvalley.myqcloud.com
connectivitycheck.platform.dbankcloud.com,connectivitycheck.platform.dbankcloud.com.80800000.c.cdnhwc1.com
www.madwinz.net,nlb-3svc79r8fxqv73kn0r.ap-southeast-1.nlb.aliyuncsslbintl.com
trtc-client-log-overseas-1258344699.cos.ap-singapore.myqcloud.com,sgp.file.myqcloud.com
www.skystar96.com,nlb-3svc79r8fxqv73kn0r.ap-southeast-1.nlb.aliyuncsslbintl.com
m.acadsoc.com.cn,m.acadsoc.com.cn.0bcae5e7.c.cdnhwc1.com
vip.qianlima.com,vip.qianlima.com.ff87f01c.c.cdnhwc1.com
cinema-pics-drcn.dbankcdn.globalsign.c.cdnhwc1.cn,hcdnd.cbg2.v6.c.cdnhwc2.cn
p26-open-detail-sign.byteimg.com,p26-open-detail-sign.byteimg.com.51296c5e.c.cdnhwc2.com
pull-tsl-vr-l26.douyincdn.com,pull-tsl-vr-l26.douyincdn.com.51296c5e.c.cdnhwc1.com
img.jdzj.com.413fd900.cdnhwcggk22.com,hcdnw101.sme.cdnhwcaip122.cn
www.447duit.live,nlb-3svc79r8fxqv73kn0r.ap-southeast-1.nlb.aliyuncsslbintl.com
en.weather.com.cn,en.weather.com.cn.c.cdnhwc1.com
beian-temp-1230.oss-cn-hangzhou.aliyuncs.com,sc-1rs6.cn-hangzhou.oss-adns.aliyuncs.com
data-ss.gamehaus.com,alb-apeoh3cz226lp4jae1.us-west-1.alb.aliyuncsslbintl.com
cn1.hcaptcha.com,nlb-jdc6r0x4hf4c4gly82.cn-hongkong.nlb.aliyuncs.com
gtm-cn-signal.biubiu001.com,alb-57nyx1ypbe6ltcg5z1.cn-beijing.alb.aliyuncs.com
static.xbase.cloud,static.xbase.cloud.d1b7f386.cdnhwchcg02.com
api.palmplaystore.com,alb-1xoogcays2qdan08f6.eu-central-1.alb.aliyuncsslbintl.com
static-captcha.aliyuncs.com,static-captcha.aliyuncs.com.w.kunlunaq.com
beta108alternatif1.com,alb-3ho9q9ghi74992p0kg.ap-southeast-1.alb.aliyuncsslbintl.com
www.suka2cuci.site,nlb-3svc79r8fxqv73kn0r.ap-southeast-1.nlb.aliyuncsslbintl.com
www.linuxidc.com,www.linuxidc.com.7c9404c2.cdnhwcpsd13.com
m.zaojv.com,m.zaojv.com.46de8128.cdnhwc8.cn
www.hkgoc.gov.hk,www.gov.hk.f17a14b3.cdnhwcgqa21.com
sc-1tyw.cn-beijing.oss-adns.aliyuncs.com,sc-1tyw.cn-beijing.oss-adns.aliyuncs.com.gds.alibabadns.com
h5.dhankit.tech,alb-mbspv1q4edahictrr2.ap-southeast-1.alb.aliyuncsslbintl.com
www.55lllbet.com.98339693.cdnhwcgqa21.com,hcdnwsa.ovc.baimingdan.cdnhwcbie120.cn
www.sh1-qcloud-raw-1304795801.cos.ap-shanghai.myqcloud.com,sh.file.myqcloud.com
www.starbucks88.art,nlb-3svc79r8fxqv73kn0r.ap-southeast-1.nlb.aliyuncsslbintl.com
account.palm.tech,nlb-gnys5i71opd2o1h1aa.eu-central-1.nlb.aliyuncs.com
cashier.checus.com,cashier.checus.com.42ece000.cdnhwcgqa21.com
www.shijicloud.com,wwwshijicloud-official.oss-cn-hangzhou.aliyuncs.com
www.pscuci.cc,nlb-3svc79r8fxqv73kn0r.ap-southeast-1.nlb.aliyuncsslbintl.com
ddbet66.com,ddbet66.com.98339693.cdnhwcgqa21.com
www.moicity.com,nlb-3svc79r8fxqv73kn0r.ap-southeast-1.nlb.aliyuncsslbintl.com
www.cos-website.ap-hongkong.myqcloud.com,hk.file.myqcloud.com
gju1.alicdn.com,gju1.alicdn.com.danuoyi.tbcache.com
crashsight-logs-1258344700.cos.ap-shanghai.myqcloud.com,sh.file.myqcloud.com
www.cita66.online,nlb-3svc79r8fxqv73kn0r.ap-southeast-1.nlb.aliyuncsslbintl.com
sl.streamhub.tech,alb-w07a4umc98o9rmujdt.us-west-1.alb.aliyuncsslbintl.com
play-hw-las.livetech.shopee.co.id,play-hw-las.livetech.shopee.co.id.c.cdnhwc7.com
www.ap-southeast-1.fc.aliyuncs.com,ap-southeast-1-fc-sg-shicheng.fc.aliyuncs.com
www.mibox8.co,nlb-3svc79r8fxqv73kn0r.ap-southeast-1.nlb.aliyuncsslbintl.com
1hlahoc4rpc-default-sea.rum.aliyuncs.com,proj-xtrace-bf15f34a45871c8dae23756625ba6c19-ap-southeast-1.ap-southeast-1.log.aliyuncs.com
turbo-wms.rappi.com.br.3ccacde2.cdnhwcohm19.com,hcdnw.ovc.fbs.v6.cdnhwcuim119.com
www.biru44.io,nlb-3svc79r8fxqv73kn0r.ap-southeast-1.nlb.aliyuncsslbintl.com
lf26-cdn-tos.bytegeckoext.com,lf26-cdn-tos.bytegeckoext.com.c.cdnhwc1.com
www.jac.com.cn.c.cdnhwc1.com,hcdnw.ipv6.gslb.v6.c.cdnhwc2.com
hola-api.bro-transsion.com,alb-hcqar8bijezsqwnsx9.eu-central-1.alb.aliyuncsslbintl.com
block-algo-online.afafb.com,alb-vz0znhlll208ig5zlc.us-east-1.alb.aliyuncsslbintl.com
imcc.wela.ph.f82ba89f.cdnhwcgqa21.com,hcdnwsa.ovc.sme.cdnhwccmz121.com
www.lagridepro.com,www.lagridepro.com.0cb4c5b7.cdnhwcgqa21.com
asw-sin.miolive.app,alb-tmumeizkpnlpzbtt6w.ap-southeast-1.alb.aliyuncsslbintl.com
www.guardianeinvoice.com.my,alb-te2uxq044xoqc0lypf.ap-southeast-1.alb.aliyuncsslbintl.com
www.coroarbet77.com,www.coroarbet77.com.98339693.cdnhwcgqa21.com
www.ijinshan.com,www.ijinshan.com.c.cdnhwc1.com
license.vod2.myqcloud.com,license.vod2.myqcloud.com.cdn.dnsv1.com
www.mrwin77aus.com,nlb-3svc79r8fxqv73kn0r.ap-southeast-1.nlb.aliyuncsslbintl.com
dnabbs.yingxiong.com,alb-q1g3wgqqbma27zrmrt.cn-beijing.alb.aliyuncsslb.com
hao.vip166.com,hao.vip166.com.3e496610.cdnhwcggk22.com
www.86pgk.com,nlb-3svc79r8fxqv73kn0r.ap-southeast-1.nlb.aliyuncsslbintl.com
www.mohd88.biz,nlb-3svc79r8fxqv73kn0r.ap-southeast-1.nlb.aliyuncsslbintl.com
laz-g-cdn.alicdn.com.gds.alibabadns.com,laz-g-cdn.alicdn.com.9d2b5122.cdnhwcchh18.com
hygieneblackspots.gov.hk.82d0c7cc.cdnhwcgqa21.com,hcdnw.ovc.sme.cdnhwccmz121.com
pull-flv-t26.douyincdn.com.c.cdnhwc3.com,hcdnl.pulldyin-v6.gslb.c.cdnhwc2.com
www.xox96.com,nlb-3svc79r8fxqv73kn0r.ap-southeast-1.nlb.aliyuncsslbintl.com
121bet28.com.98339693.cdnhwcchh18.com,hcdnw119.ovc.c.cdnhwc7.com
www.telegram88.xyz,nlb-3svc79r8fxqv73kn0r.ap-southeast-1.nlb.aliyuncsslbintl.com
ueduca.unitec.edu.co.23380abd.cdnhwcgqa21.com,hcdnwsa.ovc.sme.cdnhwccmz121.com
lzd-u.slatic.net,lzd-u.slatic.net.9d2b5122.cdnhwcchh18.com
apg.oss-cn-shenzhen.aliyuncs.com,sc-3hpk.cn-shenzhen.oss-adns.aliyuncs.com
common-prod-sha-gw.hypergryph.com,alb-lrbf2b0migf2l41ezu.cn-shanghai.alb.aliyuncs.com
vp-0309-d03-pic-1306916161.cos.na-ashburn.myqcloud.com,ash-only.cos.na-ashburn.myqcloud.com
www.kayu33.net,nlb-3svc79r8fxqv73kn0r.ap-southeast-1.nlb.aliyuncsslbintl.com
api.lookr.cloud,nlb-dm540xj5g9ob50hpqt.eu-central-1.nlb.aliyuncsslbintl.com
sc-2r80.cn-shanghai.oss-adns.aliyuncs.com,sc-2r80.cn-shanghai.oss-adns.aliyuncs.com.gds.alibabadns.com
discoveraseer.com,alb-7k5y8hybx23jwwud0w.me-central-1.alb.aliyuncsslbintl.com
www.trueart.com,trueart-html.oss-cn-shanghai.aliyuncs.com
www.aus9.co,nlb-wwwzr8hg1c5vya400c.ap-southeast-1.nlb.aliyuncsslbintl.com
86924c56edc44928813a38f9e3bb2268.z3c.jin10.com,alb-fzk6lynqdcrojsusue.cn-hangzhou.alb.aliyuncsslb.com
tools.tamapsapp.com,alb-3egu6qzc5qtygsa8md.us-west-1.alb.aliyuncsslbintl.com
event.tiemtaphoathoigian.vn,alb-fqbjknuypzvxbkatol.ap-southeast-1.alb.aliyuncs.com
v26-cha.bdxiguavod.com.51296c5e.c.cdnhwc1.com,hcdnv.zjtd01.v6.c.cdnhwc2.com
v26-litea.douyinvod.com.51296c5e.c.cdnhwc1.com,hcdnv.zjtd02.v6.c.cdnhwc2.com
www.peluang88.online,nlb-3svc79r8fxqv73kn0r.ap-southeast-1.nlb.aliyuncsslbintl.com
wechatapppro-1252524126.cdn.xiaoeknow.com.82931295.cdnhwc9.com,hcdnw.xiaoeglobal.bph.c.cdnhwc6.com
www.rjbet77.me,nlb-3svc79r8fxqv73kn0r.ap-southeast-1.nlb.aliyuncsslbintl.com
qiumiwu.com.07dedd14.cdnhwcggk22.com,hcdnw101.sme.cdnhwcaip122.cn
www.mbi99.online,nlb-3svc79r8fxqv73kn0r.ap-southeast-1.nlb.aliyuncsslbintl.com
avatar.tngdigital.com.my,tngd-avatar.oss-ap-southeast-3.aliyuncs.com
www.rtbmax.com,rtbmax-com-new.oss-us-east-1.aliyuncs.com
www.chainbase.com,nlb-lkaxmhygnx6dpo2lqg.ap-southeast-1.nlb.aliyuncs.com
www.singa.id,alb-v4lty2goc1or3xo3q0.ap-southeast-5.alb.aliyuncs.com
tools.victorygamess.com,alb-tbwaudq51dyz36lewk.us-west-1.alb.aliyuncsslbintl.com
www.namba1bet.com,nlb-3svc79r8fxqv73kn0r.ap-southeast-1.nlb.aliyuncsslbintl.com
appimg2.dbankcdn.com,appimg2.dbankcdn.com.80800000.c.cdnhwc1.com
www.365huat.club,nlb-3svc79r8fxqv73kn0r.ap-southeast-1.nlb.aliyuncsslbintl.com
video.aliyuncs.com,video.aliyuncs.com.queniuak.com
p4-live.wsukwai.com.3dce113f.cdnhwchcg02.com,hcdnw.ks.gslb.ipv6.c.cdnhwc1.com
p26-notice.byteimg.com,p26-notice.byteimg.com.51296c5e.c.cdnhwc1.com
ncat.lanzout.com,0b8ffbb9.lanzout.com.0b8ffbb9.cdnhwc8.cn
www.jfapp.net,www.jfapp.net.b0b1fafb.cdnhwcxcy07.com
ds-1037.oss-acc-allline.aliyuncs.com.gds.alibabadns.com,eu-central-1-ds-1037.oss-acc.aliyuncs.com
www.cos-as-nor-01-1322449504.cos.ap-singapore.myqcloud.com,sgp.file.myqcloud.com
www.125win.club,nlb-3svc79r8fxqv73kn0r.ap-southeast-1.nlb.aliyuncsslbintl.com
5hbet7.com,5hbet7.com.d172e9a2.cdnhwcgqa21.com
www.fengsung.com.fc61eb73.c.cdnhwc1.com,hcdnw101.sme.foreign.cdnhwcaoc115.cn
lippi-space-zjk.cn-zhangjiakou-dualstack.oss.aliyuncs.com,lippi-space-zjk.cn-zhangjiakou-dualstack.oss.aliyuncs.com.gds.alibabadns.com
config.sunvsg.com,alb-1erqqgv88fq18guns5.us-west-1.alb.aliyuncsslbintl.com
vip.55qqqbet.com.98339693.cdnhwcgqa21.com,hcdnwsa.ovc.baimingdan.cdnhwcbie120.cn
picloudcms.dahuatech.com.55941cf5.cdnhwcgqa21.com,hcdnd101.vip.cdnhwczxh101.com
aliyun-znsems-prod-elb.ziniao.com,nlb-w61z002ejh4eijojl2.cn-beijing.nlb.aliyuncs.com
vd9.bdstatic.com,vd9.bdstatic.com.a.bdydns.com
www.pixfra.com,www.pixfra.com.0d9fc772.cdnhwcgqa21.com
www.apm3437-4-1258344700.cos.ap-nanjing-dev.myqcloud.com,cos.ap-nanjing-dev.myqcloud.com
account-intl.huaweicloud.com.9bfeac4f.cdnhwcupf06.com,hcdnwsa.hwcloud.globalv6.cdnhwcbqs106.com
prestagomx.com,alb-tppxedk013xmsb81vm.us-west-1.alb.aliyuncsslbintl.com
yoyi.jntexpress.id,yoyi.jntexpress.id.15626df9.cdnhwcllh11.com
yixiu-abtest.alicdn.com,yixiu-abtest.alicdn.com.w.cdngslb.com
track.scooper.news,alb-gfgpzmbiaxmagqfgcg.eu-central-1.alb.aliyuncsslbintl.com
tools.neatmanager.net,alb-lv9iqjsmes4z5zbljv.us-east-1.alb.aliyuncs.com
gateai-sse-hw.gposts.net.a3443e11.cdnhwcohm19.com,hcdnwsa.ovc.fbs.cdnhwcuim119.com
vconew.com.943e270b.cdnhwchcg02.com,hcdnw101.vip.cdnhwcbzj102.com
ns2giga2.kattanam.com,alb-8lczzuioch8cnt6dq4.ap-southeast-1.alb.aliyuncs.com
dfp.arm.starbucks.com.cn,alb-ivf0lo91zpifj0d5lm.cn-shanghai.alb.aliyuncsslb.com
img-vip-ssl.a.88cdn.com.d1b7f386.c.cdnhwc1.com,hcdnw101.vip.ipv6.cdnhwcbzj102.com
oxs-sg-prod.mqtt.iotgds.aliyuncs.com,oxs-sg-prod.mqtt.iotgds.aliyuncs.com.gds.alibabadns.com
www.hikunpeng.com,www.hikunpeng.com.0bda5447.cdnhwc8.cn
global.aliexpress.com.gds.alibabadns.com,eu1111.alicdn.com.edgekey.net
www.splinkos.com,nlb-wwwzr8hg1c5vya400c.ap-southeast-1.nlb.aliyuncsslbintl.com
www.kampungjudi33.cc,nlb-3svc79r8fxqv73kn0r.ap-southeast-1.nlb.aliyuncsslbintl.com
www.365cuci.fun,nlb-3svc79r8fxqv73kn0r.ap-southeast-1.nlb.aliyuncsslbintl.com
v26-microapp-dcar.dcarvod.com,v26-microapp-dcar.dcarvod.com.51296c5e.c.cdnhwc1.com
hr.tp-link.com.cn,alb-eszd1udbas86rmox7v.cn-shenzhen.alb.aliyuncs.com
wwxj.lanzout.com,0b8ffbb9.lanzout.com.0b8ffbb9.cdnhwc8.cn
qiuxiangbiao.com,alb-116ivcq1ecoqdqbtg1.cn-hangzhou.alb.aliyuncs.com
www.121bet.vip,www.121bet.vip.98339693.cdnhwcgqa21.com
news.weather.com.cn,news.weather.com.cn.c.cdnhwc1.com
www.deepln.com,alb-lcs0nqf3ty3y8n7j20.cn-hangzhou.alb.aliyuncsslb.com
zepp-us3-1311088246.cos.na-ashburn.myqcloud.com,cos.na-ashburn.myqcloud.com
xminer.net.eef60fcc.cdnhwczjt20.com,hcdnwsa119.ovcv6.c.cdnhwc7.com
lf26-cdn-tos.bytegecko.com.bytedns3.com,lf26-cdn-tos.bytegecko.com.c.cdnhwc1.com
www.ecl9.com,nlb-3svc79r8fxqv73kn0r.ap-southeast-1.nlb.aliyuncsslbintl.com
liveme.com,alb-lh90rbjtfv6pkxh83i.us-east-1.alb.aliyuncsslbintl.com
taomsg-imvod.alicdn.com,taomsg-imvod.alicdn.com.danuoyi.tbcache.com
static.deepseek.com,static.deepseek.com.436b7a4e.cdnhwcxcy07.com
www.1diaocha.com,alb-s811mflsf741kxx9ri.cn-hangzhou.alb.aliyuncs.com
gdp.bet.98339693.cdnhwcgqa21.com,hcdnwsa.ovc.baimingdan.cdnhwcbie120.cn
lkl-zf-mbp-website.oss-cn-shanghai.aliyuncs.com,sc-1gpm.cn-shanghai.oss-adns.aliyuncs.com
iot-060a6ab6.mqtt.iothub.aliyuncs.com,vpc-sh-prod-c05.mqtt.iotgds.aliyuncs.com
sl-m-ssl.xunlei.com,sl-m-ssl.xunlei.com.d1b7f386.cdnhwchcg02.com
www.yearbook.gov.hk,www.gov.hk.f17a14b3.cdnhwcgqa21.com
p26-im-emoticon-sign.byteimg.com.51296c5e.c.cdnhwc2.com,hcdnw.zjtd01.v6.c.cdnhwc1.com
emas-link-service.aliyuncs.com,emas-link-service.aliyuncs.com.gds.alibabadns.com
www.cocodp.com.d22e2276.cdnhwcgqa21.com,hcdnw.ovc.sme.cdnhwccmz121.com
p26-product-comment-sign.byteimg.com.51296c5e.c.cdnhwc2.com,hcdnw.zjtd01.v6.c.cdnhwc1.com
www.mibox8.info,nlb-3svc79r8fxqv73kn0r.ap-southeast-1.nlb.aliyuncsslbintl.com
www.smart.cn,www.smart.cn.0aeb4a9b.c.cdnhwc1.com
www.22lol.net,nlb-wwwzr8hg1c5vya400c.ap-southeast-1.nlb.aliyuncsslbintl.com
cfhpc.cn,alb-d4s767lzqueml8p728.cn-shanghai.alb.aliyuncsslb.com
www.ilove125win.net,nlb-3svc79r8fxqv73kn0r.ap-southeast-1.nlb.aliyuncsslbintl.com
api.hkqisheng.com,alb-ald16a4xq2xxbc4krn.ap-southeast-1.alb.aliyuncsslbintl.com
tools.twowonder.com,alb-uocq7m3qmezwxajvm5.us-west-1.alb.aliyuncsslbintl.com
superace.com,alb-vyvisesbz88a9iseh7.us-east-1.alb.aliyuncs.com
adystech.net,proc2b7572f.cname.hwcloudsite.cn
ins.shalltry.com,alb-bj3vrdlg29bjadsodw.eu-central-1.alb.aliyuncsslbintl.com
11kfkfpg.com,11kfkfpg.com.98339693.cdnhwcgqa21.com
h5.connect-bajisitan.com,h5.connect-bajisitan.com.243ef88a.cdnhwcohm19.com
app.dewu.com.09672089.cdnhwcupf06.com,c101.hcdnwsa120.v5.v6.cdnhwcbqs106.com
www.sunnyoptical.com,www.sunnyoptical.com.44eb8be1.cdnhwc8.cn
hwcdnoversea.inter.71edge.com.c.cdnhwc1.com,hcdnv.iqiyihw.gslb.c.cdnhwc7.com
api-tones-hk.transsion.com,alb-8eeavpn6lw5tow68b0.cn-hongkong.alb.aliyuncs.com
www.dns33.com,nlb-3svc79r8fxqv73kn0r.ap-southeast-1.nlb.aliyuncsslbintl.com
adworld.xctf.org.cn,adworld.xctf.org.cn.dde4fdd1.cdnhwcqwg14.com
vipzone.c.duba.net,vipzone.c.duba.net.c.cdnhwc1.com
snifter.keeppdfpdfreader.com,alb-lnbraea7ovydzre8gn.us-east-1.alb.aliyuncsslbintl.com
cua-group.cn-hangzhou.log.aliyuncs.com,cua-group.cn-hangzhou-b.log.aliyuncs.com
www.scrplay.live,nlb-3svc79r8fxqv73kn0r.ap-southeast-1.nlb.aliyuncsslbintl.com
bahe-gw.oss-cn-hangzhou.aliyuncs.com,sc-1jpq.cn-hangzhou.oss-adns.aliyuncs.com
img.soulapp.cn.0973ef03.cdnhwcoem01.com,hcdnd101.vip.ipv6.cdnhwczxh101.com
www.methspin.org,nlb-3svc79r8fxqv73kn0r.ap-southeast-1.nlb.aliyuncsslbintl.com
www.metroplaza.com.hk.39344876.cdnhwcgqa21.com,hcdnw119.vip.ovc.cdnhwcick110.com
www.gametalkonline-1258344700.cos.ap-shanghai.myqcloud.com,sh.file.myqcloud.com
138-sanguo2-alicdn.bjxuejing.cn,138-sanguo2-alicdn.bjxuejing.cn.w.kunluncan.com
www.mahkota8.fun,nlb-3svc79r8fxqv73kn0r.ap-southeast-1.nlb.aliyuncsslbintl.com
wwwvideopluscc.oss-cn-shanghai.aliyuncs.com,sc-12uo.cn-shanghai.oss-adns.aliyuncs.com
www.kwin8.co,nlb-wwwzr8hg1c5vya400c.ap-southeast-1.nlb.aliyuncsslbintl.com
now.bdstatic.com,now.bdstatic.com.a.bdydns.com
creative.bidlink.top.9d7f6dea.cdnhwcllh11.com,hcdnwsa119.vip.ovc.cdnhwcead111.com
shop.kayouofficial.com,nlb-lla7m0gae7rqe7y9jj.ap-southeast-1.nlb.aliyuncsslbintl.com
www.blokees.com.cn,www.blokees.com.cn.73cb4c83.cdnhwcvix16.com
genoa-player-api.vodgc.net,genoa-player-api.vodgc.net.839fb7ed.c.cdnhwc7.com
www.tresports.cc,www.tresports.cc.14593b81.cdnhwcgqa21.com
ark-release-1251316161.file.myqcloud.com,ark-release-1251316161.file.myqcloud.com.cdn.dnsv1.com
xls.gongkaohao.cn.0b361f85.cdnhwcggk22.com,hcdnw101.sme.cdnhwcaip122.cn
www.landmarknorth.com.hk,www.landmarknorth.com.hk.39344876.cdnhwcgqa21.com
aircashier.airchina.com.cn,aircashier.airchina.com.cn.742e8263.cdnhwcxcy07.com
www.adgo.top,adgotop.oss-cn-shenzhen.aliyuncs.com
www.baimapan.xyz,2-baima-hk.oss-cn-hongkong.aliyuncs.com
d1--ov-gotcha208.bilivideo.com.ec4cbd52.cdnhwc9.com,hcdnv.ovc.bilihls.cdnhwcuim119.com
java2ai.com,spring-ai-website.oss-cn-hangzhou.aliyuncs.com
nl.forum.dreametech.com,alb-81xw5tfib8hekx9kcm.eu-central-1.alb.aliyuncs.com
popunify-large-dualstack-1.cn-shanghai.aliyuncs.com,popunify-large-dualstack-1.cn-shanghai.aliyuncs.com.vipgds.alibabadns.com
p4-live.a.yximgs.com,p4-live.a.yximgs.com.3dce113f.c.cdnhwc1.com
m.xdowns.com,m.xdowns.com.7c9404c2.cdnhwcpsd13.com
gree.bkrs2.syapp.jp,alb-7f87zzkj0u21xz9k4r.ap-northeast-1.alb.aliyuncsslbintl.com
api.freegamegogo.com,alb-1yu63iimbm47or0dq3.ap-southeast-1.alb.aliyuncsslbintl.com
test-launcher.shalltry.com,alb-fz5c2pk6rg1con1pjf.ap-southeast-1.alb.aliyuncsslbintl.com
push.messagepush.org,nlb-eee8l87pv4jbevb1ov.eu-central-1.nlb.aliyuncsslbintl.com
www.noas.cn.0b8db282.cdnhwcgqa21.com,hcdnwsa120.sme.cdnhwccmz121.com
www.madaloan.com,alb-dcstkdzq2ejmpylth6.ap-southeast-1.alb.aliyuncs.com
fun-payment.blueorigin.cc,alb-eedjtl8b79leecmczf.ap-southeast-1.alb.aliyuncs.com
www.manis33.info,nlb-3svc79r8fxqv73kn0r.ap-southeast-1.nlb.aliyuncsslbintl.com
misc.api.snappea.com,nlb-mdn75dh52xxrdfhmt0.eu-central-1.nlb.aliyuncsslbintl.com
www.jomcuci918.asia,nlb-3svc79r8fxqv73kn0r.ap-southeast-1.nlb.aliyuncsslbintl.com
console.itniotech.cn,console.itniotech.cn.6bdd4522.cdnhwcgqa21.com
img.alicdn.com,img.alicdn.com.gds.alibabadns.com
apus-ingester.ejoy.com,alb-m2nug5ud4kx9txa7sl.cn-heyuan.alb.aliyuncs.com
tel-num-id.heytapmobile.com,alb-qhqwss1cbowqpa17q6.ap-southeast-5.alb.aliyuncsslbintl.com
www.madting7.net,nlb-3svc79r8fxqv73kn0r.ap-southeast-1.nlb.aliyuncsslbintl.com
v26.douyinvod.com.c.cdnhwc1.com,hcdnv.zjtd02.v6.c.cdnhwc2.com
analysis.chujingapp.com,alb-ffx3eg7rn8td2c7qoq.cn-shenzhen.alb.aliyuncs.com
publicip.mc.moontontech.com,nlb-m9x2h630lclcea0f8r.ap-southeast-1.nlb.aliyuncs.com
hiboard-drcn.dbankcdn.com,hiboard-drcn.dbankcdn.com.80800000.c.cdnhwc1.com
tools.healinesnews.com,alb-q4r8htski90psjm5st.us-west-1.alb.aliyuncsslbintl.com
www.intermiami888y.com,nlb-3svc79r8fxqv73kn0r.ap-southeast-1.nlb.aliyuncsslbintl.com
gjrk.hotminidrama.com,alb-1n7d74nd6poa3b4jum.us-east-1.alb.aliyuncsslbintl.com
www.benelli.com,alb-jcoxokvwkxr4nft2k7.us-east-1.alb.aliyuncsslbintl.com
bidder-win.novabeyond.com,alb-mmdh96ol3bgexqet2h.ap-southeast-1.alb.aliyuncs.com
www.xunyou.mobi.c.cdnhwc1.com,hcdnw120.vip.global.cdnhwctnm107.com
0bd04014.hosting-drcn.agconnect.link.0bd04014.c.cdnhwc1.com,hcdnw.top.v6.cdnhwcbzj102.com
www.dd8au.com,nlb-3svc79r8fxqv73kn0r.ap-southeast-1.nlb.aliyuncsslbintl.com
push-rtmp-vr-l26.douyincdn.com,push-rtmp-vr-l26.douyincdn.com.c.cdnhwc3.com
www.rezeki66a.com,nlb-3svc79r8fxqv73kn0r.ap-southeast-1.nlb.aliyuncsslbintl.com
www.99kopitiam.online,nlb-3svc79r8fxqv73kn0r.ap-southeast-1.nlb.aliyuncsslbintl.com
visitorim.quickcep.com.8f67d45c.cdnhwcvix16.com,hcdnw.ovc.sme.cdnhwccmz121.com
www.candlemobile-1300797998.cos.ap-guangzhou.myqcloud.com,gz.file.myqcloud.com
app-spot-ws.csrqoa.com,app-spot-ws.csrqoa.com.a3443e11.cdnhwcgqa21.com
agleam.pdfgoviewpdf.com,alb-x04oueh10ybl89ydct.us-east-1.alb.aliyuncsslbintl.com
hzh.sealos.run,nlb-kan6nhlm16c88adgs4.cn-hangzhou.nlb.aliyuncs.com
electric.transsion.com,alb-8eeavpn6lw5tow68b0.cn-hongkong.alb.aliyuncs.com
www.444group.asia,nlb-3svc79r8fxqv73kn0r.ap-southeast-1.nlb.aliyuncsslbintl.com
h5ssr.starshort.tv,alb-ktf0tj2k78fcim86k2.ap-southeast-1.alb.aliyuncs.com
8c692d13.yctkrs.com.8c692d13.cdnhwcvix16.com,hcdnw.ovc.sme.cdnhwccmz121.com
impaas.alicdn.com,impaas.alicdn.com.w.cdngslb.com
e1f521t1gjt0-d.space.z.ai,alb-1i2q34bllrtyl61zig.cn-hongkong.alb.aliyuncsslbintl.com
www.fachai68.com,nlb-3svc79r8fxqv73kn0r.ap-southeast-1.nlb.aliyuncsslbintl.com
fb-es.mrvcdn.com.9d2b5122.cdnhwcchh18.com,hcdnw.lzd.ovc.cdnhwcick110.com
h5.vcsh.site,alb-sopmrvuo1cjjyi3bei.ap-southeast-1.alb.aliyuncsslbintl.com
wwwp.lanzout.com,0b8ffbb9.lanzout.com.0b8ffbb9.cdnhwc8.cn
v26-music.douyinstatic.com.51296c5e.c.cdnhwc1.com,hcdnv.zjtd02.v6.c.cdnhwc2.com
de.forum.dreametech.com,alb-81xw5tfib8hekx9kcm.eu-central-1.alb.aliyuncs.com
www.shenjumiaosuan.com,alb-edk6mnwfjllbifw090.ap-northeast-1.alb.aliyuncsslbintl.com
unad.oss-accelerate.aliyuncs.com,ds-1044.oss-acc-allline.aliyuncs.com
splus2.dobest.cn,splus2.dobest.cn.c8409c4f.cdnhwcqwg14.com
wwwshijicloud-official.oss-cn-hangzhou.aliyuncs.com,sc-11iu.cn-hangzhou.oss-adns.aliyuncs.com
sh.weather.com.cn.c.cdnhwc1.com,hcdnw101.gslb.c.cdnhwc2.com
www.waze2win.shop,nlb-3svc79r8fxqv73kn0r.ap-southeast-1.nlb.aliyuncsslbintl.com
www.expresskingz.com,nlb-3svc79r8fxqv73kn0r.ap-southeast-1.nlb.aliyuncsslbintl.com
sg-sentry.changzhi.top,alb-axii8ellg8uhan9vci.ap-southeast-1.alb.aliyuncs.com
subol.sa,alb-6wxa58kg5k6lnn1l4f.me-central-1.alb.aliyuncsslbintl.com
www.welcomeklbet3.com,nlb-3svc79r8fxqv73kn0r.ap-southeast-1.nlb.aliyuncsslbintl.com
h5.cvidddam.com,alb-qma3s7yicd56sn2p3p.ap-southeast-1.alb.aliyuncs.com
ipc.ismartlife.me,nlb-7xzs8j54rwppe1ivxq.cn-shanghai.nlb.aliyuncs.com
forum.37games.com,alb-a1q77pno1bfmbeho71.ap-southeast-1.alb.aliyuncsslbintl.com
www.richman888l.com,nlb-3svc79r8fxqv73kn0r.ap-southeast-1.nlb.aliyuncsslbintl.com
www.megaboi.vip,nlb-3svc79r8fxqv73kn0r.ap-southeast-1.nlb.aliyuncsslbintl.com
www.pelita88.net,nlb-3svc79r8fxqv73kn0r.ap-southeast-1.nlb.aliyuncsslbintl.com
www.luckybet777sg.com,nlb-3svc79r8fxqv73kn0r.ap-southeast-1.nlb.aliyuncsslbintl.com
1259667713.vod2.myqcloud.com,1259667713.vod2.myqcloud.com.cdn.dnsv1.com
www.cotticoffee.com,www.cotticoffee.com.0b0f33b5.c.cdnhwc1.com
pc001.update.cmpc.cmcm.com.c.cdnhwc1.com,hcdnd101.vip.cdnhwczxh101.com
www.burket-dnd-glory-live-1317768029.cos.ap-seoul.myqcloud.com,cos.ap-seoul.myqcloud.com
ddfs-public.ddimg.mobi.f769b1c0.cdnhwchcg02.com,hcdnw101.vip.ipv6.cdnhwcbzj102.com
wwc.alicdn.com,wwc.alicdn.com.danuoyi.tbcache.com
appoptimize-drcn.dbankcdn.cn,appoptimize-drcn.dbankcdn.80800000.globalsign.c.cdnhwc1.cn
ai-normal-v3.zudanje.com,ai-normal-v3.zudanje.com.a3443e11.cdnhwcqwg14.com
www.qponmobile.com,alb-vut9zh60rml28mvubu.ap-southeast-5.alb.aliyuncs.com
def-200001.cos.accelerate.myqcloud.com,cos.accelerate.myqcloud.com
filebroker-cdn.lazada.com.ph.9d2b5122.cdnhwcchh18.com,hcdnw.lzd.ovc.cdnhwcick110.com
canva.livepolls.app,1044554783859718.us-west-1.fc.aliyuncs.com
domain-config-1256704386.cos.accelerate.myqcloud.com,cos.accelerate.myqcloud.com
thetradedesk-cn-corp-website.oss-cn-shanghai.aliyuncs.com,sc-1i7n.cn-shanghai.oss-adns.aliyuncs.com
downza.cn.c.cdnhwc1.com,hcdnw101.v3.cdnhwcprh113.com
www.intermiami888z.com,nlb-3svc79r8fxqv73kn0r.ap-southeast-1.nlb.aliyuncsslbintl.com
nextop-test.oss-cn-shenzhen.aliyuncs.com,sc-1n1s.cn-shenzhen.oss-adns.aliyuncs.com
55zz-bet.com,55zz-bet.com.98339693.cdnhwcgqa21.com
www.xwin96.com,nlb-3svc79r8fxqv73kn0r.ap-southeast-1.nlb.aliyuncsslbintl.com
h5.wepartytt.com.243ef88a.cdnhwcohm19.com,hcdnw.ovc.fbs.cdnhwcuim119.com
api26-core-zjg.amemv.com.51296c5e.c.cdnhwc2.com,hcdndyn.zjtd04.v6.c.cdnhwc2.com
www.truking.com,www.truking.com.af47803e.cdnhwcvix16.com
omodajaecoouae.com,omodajaecoouae.com.0c9dc93b.cdnhwcedi10.com
www.zhiyeapp.com,alb-m3gugqt1fckon739fv.cn-hangzhou.alb.aliyuncs.com
www.tropibet11.online,nlb-3svc79r8fxqv73kn0r.ap-southeast-1.nlb.aliyuncsslbintl.com
www.ozy777.com,nlb-3svc79r8fxqv73kn0r.ap-southeast-1.nlb.aliyuncsslbintl.com
www.xkgame.com.e971dc81.cdnhwcqwg14.com,hcdnwsa101.v3.cdnhwczmn114.com
which.cligecintrfins.link,alb-gk4u7p0r99ev1tsvha.us-east-1.alb.aliyuncsslbintl.com
zone.funplus.com,alb-s15hdp1kbz9xuhe3my.us-east-1.alb.aliyuncs.com
www.asia818vip.fun,nlb-3svc79r8fxqv73kn0r.ap-southeast-1.nlb.aliyuncsslbintl.com
pull-hls-q26.douyincdn.com,pull-hls-q26.douyincdn.com.c.cdnhwc3.com
live-spare.alicdn.com,live-spare.alicdn.com.danuoyi.tbcache.com
open.yeepay.com,open.yeepay.com.0d2f0844.c.cdnhwc1.com
www.healthyhk.gov.hk,www.gov.hk.f17a14b3.cdnhwcgqa21.com
h5.aoneroom.com,nlb-phlfd0vpbodkc4fxtu.eu-central-1.nlb.aliyuncsslbintl.com
yn.weather.com.cn.c.cdnhwc1.com,hcdnw101.gslb.c.cdnhwc2.com
www.mykad99.club,nlb-3svc79r8fxqv73kn0r.ap-southeast-1.nlb.aliyuncsslbintl.com
www.judisini.live,nlb-3svc79r8fxqv73kn0r.ap-southeast-1.nlb.aliyuncsslbintl.com
www.qrpay44.vip,nlb-3svc79r8fxqv73kn0r.ap-southeast-1.nlb.aliyuncsslbintl.com
www.vvbrd.com,alb-8ue54trc40gjhc81n5.cn-hangzhou.alb.aliyuncsslb.com
sunrate.com,alb-0s7spyu0sxc1hlzsyq.cn-hongkong.alb.aliyuncs.com
gads2.giikin.com,alb-1t4pohdgl04avvxxui.cn-shenzhen.alb.aliyuncs.com
l.adoraboo.net,alb-1eyo0tlp7qznidceio.us-east-1.alb.aliyuncs.com
www.chinanetcenter.com,www.chinanetcenter.com.wscdns.com
www.adonest.com,adonest-new.oss-us-east-1.aliyuncs.com
v26-cold-src.douyinvod.com.bf569d72.cdnhwcggk22.com,hcdnv.zjtd05.v6.c.cdnhwc1.com
developer.huaweicloud.com,developer.huaweicloud.com.c.cdnhwc1.com
imc.jntexpress.id.051b8344.c.cdnhwc7.com,hcdnwsa119.vip.ovc.cdnhwcead111.com
www.susanmiller.cn.c.cdnhwc1.com,hcdnw101.sme.foreign.cdnhwcaoc115.cn
www.jomcuci918.live,nlb-3svc79r8fxqv73kn0r.ap-southeast-1.nlb.aliyuncsslbintl.com
www.chagee88.com,nlb-3svc79r8fxqv73kn0r.ap-southeast-1.nlb.aliyuncsslbintl.com
www.passport.kachi.chat,alb-fdm83g4qhsohn5ppuk.ap-southeast-1.alb.aliyuncs.com
www.iiso.gov.hk,www.gov.hk.f17a14b3.cdnhwcgqa21.com
altasports.ph,alb-963tcgq5smfw17iv2v.ap-southeast-6.alb.aliyuncsslbintl.com
api.hifamiapp.com,alb-tkrgx2tejrblhs3i23.ap-southeast-1.alb.aliyuncsslbintl.com
www.debitokorp.com,alb-v3jjwj3wb4h747xsi3.ap-southeast-5.alb.aliyuncsslbintl.com
pull-flv-b26.douyincdn.com.cdnhwczba04.com,hcdnl.pulldyin.f26.gslb.c.cdnhwc2.com
www.oshwhub.com.1eeb2723.cdnhwcurq03.com,hcdnwsa101.vip.cdnhwckon103.com
vip.55lllbet.com,vip.55lllbet.com.98339693.cdnhwcgqa21.com
bsupport.huawei.com,bsupport.huawei.com.c631cc1b.c.cdnhwc1.com
www.victor96.com,nlb-3svc79r8fxqv73kn0r.ap-southeast-1.nlb.aliyuncsslbintl.com
www.mbi96.com,nlb-3svc79r8fxqv73kn0r.ap-southeast-1.nlb.aliyuncsslbintl.com
sc-1fgb.cn-shenzhen.oss-adns.aliyuncs.com,sc-1fgb.cn-shenzhen.oss-adns.aliyuncs.com.gds.alibabadns.com
www.melspin.vip,nlb-3svc79r8fxqv73kn0r.ap-southeast-1.nlb.aliyuncsslbintl.com
www.fawtrucks-global.com,www.fawtrucks-global.com.8499c1ed.cdnhwcllh11.com
www.355bet.com.br.8bd6a136.cdnhwcgqa21.com,hcdnw.ovc.sme.cdnhwccmz121.com
mqtt-cluster05.transsion-os.com,nlb-jb20jmggrddvhxdovi.eu-central-1.nlb.aliyuncsslbintl.com
8vtr5h.captcha-open.aliyuncs.com,8vtr5h.captcha-open.aliyuncs.com.gds.alibabadns.com
baijiantest-img.oss-cn-hangzhou.aliyuncs.com,sc-155c.cn-hangzhou.oss-adns.aliyuncs.com
wap.weather.com.cn,wap.weather.com.cn.c.cdnhwc1.com
us-east-prod.mqtt.iotgds.aliyuncs.com,us-east-prod.mqtt.iotgds.aliyuncs.com.gds.alibabadns.com
eflag.yang.org.hk,alb-sie3om88c9pogyl83k.cn-hongkong.alb.aliyuncsslbintl.com
v4.oskwai.com.3dce113f.c.cdnhwc1.com,hcdnv.ks1.ipv6.gslb.c.cdnhwc1.com
partner-ss.love8.ltd,alb-6tyo09k4t37nafq8ar.us-west-1.alb.aliyuncs.com
www.def-200001.cos.accelerate.myqcloud.com,cos.accelerate.myqcloud.com
hw-p2p.pull.yximgs.com,hw-p2p.pull.yximgs.com.c.cdnhwc3.com
www.gov.hk.f17a14b3.cdnhwcgqa21.com,hcdnw.ovc.hkg.v6.cdnhwcuim119.com
mv.bdstatic.com,mv.bdstatic.com.a.bdydns.com
ocpx.mktad.cn,nlb-c1c4g9tawuk82jfhvu.cn-beijing.nlb.aliyuncs.com
www.suka2cc.vip,nlb-3svc79r8fxqv73kn0r.ap-southeast-1.nlb.aliyuncsslbintl.com
shdnaee.vip.98339693.cdnhwcchh18.com,hcdnw119.ovc.c.cdnhwc7.com
m.521g.com.0c226cce.cdnhwcpsd13.com,hcdnw101.v3.cdnhwcprh113.com
www.peluang88.com,nlb-3svc79r8fxqv73kn0r.ap-southeast-1.nlb.aliyuncsslbintl.com
www.mohd88.store,nlb-3svc79r8fxqv73kn0r.ap-southeast-1.nlb.aliyuncsslbintl.com
sc-1ykb.cn-shenzhen.oss-adns.aliyuncs.com,sc-1ykb.cn-shenzhen.oss-adns.aliyuncs.com.gds.alibabadns.com
www.codm-ds-replay-1258598018.cos.na-siliconvalley.myqcloud.com,cos.na-siliconvalley.myqcloud.com
www.misai8.co,nlb-3svc79r8fxqv73kn0r.ap-southeast-1.nlb.aliyuncsslbintl.com
co.fawtrucks-global.com.8499c1ed.cdnhwcllh11.com,hcdnwsa119.vip.ovc.cdnhwcead111.com
www.mrcn88a.live,nlb-3svc79r8fxqv73kn0r.ap-southeast-1.nlb.aliyuncsslbintl.com
www.bcb88ong.com,nlb-3svc79r8fxqv73kn0r.ap-southeast-1.nlb.aliyuncsslbintl.com
p66-ad.adkwai.com.3dce113f.cdnhwchcg02.com,hcdnw.ks.gslb.ipv6.c.cdnhwc1.com
qaperf.nie.easebar.com,nlb-q7x3dkgrek52b4o2od.ap-northeast-1.nlb.aliyuncsslbintl.com
yww-api-1.ip610.com,yww-api-1.ip610.com.c3c88235.cdnhwcggk22.com
app.transacme.com,alb-1xoogcays2qdan08f6.eu-central-1.alb.aliyuncsslbintl.com
www.shidong.cos.ap-beijing.myqcloud.com,bj.file.myqcloud.com
www.lanzoue.com,0b8ffbb9.lanzoue.com.0b8ffbb9.cdnhwc8.cn
oss.xianglink.com,linkcdiscount.oss-cn-hangzhou.aliyuncs.com
tv.xunlei.com.d1b7f386.c.cdnhwc1.com,hcdnw101.vip.ipv6.cdnhwcbzj102.com
rmtp-b.sg-light-edge.com,nlb-jt21h7kx55g1wyas44.ap-southeast-1.nlb.aliyuncs.com
p26-tt-video-sprite-sign.byteimg.com,p26-tt-video-sprite-sign.byteimg.com.51296c5e.c.cdnhwc2.com
o862dahhs.shhad268.cc.98339693.cdnhwcgqa21.com,hcdnwsa.ovc.baimingdan.cdnhwcbie120.cn
www.xiaoyusan.com,alb-cu1lwy3asib7r513rl.cn-shenzhen.alb.aliyuncs.com
mail-unsubscribe-cn.ismartlife.me,nlb-tafmanu46624vfft18.cn-shanghai.nlb.aliyuncs.com
snaptubear.com,nlb-wdy4lwqz4i0f1p38u7.eu-central-1.nlb.aliyuncsslbintl.com
static.udache.com.8b908a60.cdnhwchcg02.com,hcdnw102.vip.v6.cdnhwcbzj102.com
www.d577bet.com,www.d577bet.com.98339693.cdnhwcgqa21.com
www.exeedinternational.com,www.exeedinternational.com.c8a21e9a.cdnhwcedi10.com
wow.uc.cn,wow.uc.cn.danuoyi.alicdn.com
media.studyx.ai,studyx-media.oss-accelerate-overseas.aliyuncs.com
loklok.win,1038902745595253.ap-southeast-1.fc.aliyuncs.com
fastapp-drcn.dbankcdn.cn,fastapp-drcn.dbankcdn.80800000.globalsign.c.cdnhwc1.cn
www.ttyuyin.com,www.ttyuyin.com.08b1e571.cdnhwchcg02.com
upms.startimestv.com,alb-3xznn678yei67c0cgk.eu-central-1.alb.aliyuncs.com
www-gzdjy-org.oss-cn-shenzhen.aliyuncs.com,sc-1vby.cn-shenzhen.oss-adns.aliyuncs.com
d4-pro.a.kwimgs.com,d4-pro.a.kwimgs.com.3dce113f.c.cdnhwc1.com
albcnmaliyun.21cp.com,alb-pghgpqmwpivagnmq53.cn-shanghai.alb.aliyuncs.com
www.444cuci.net,nlb-3svc79r8fxqv73kn0r.ap-southeast-1.nlb.aliyuncsslbintl.com
www.stapwin.com,nlb-3svc79r8fxqv73kn0r.ap-southeast-1.nlb.aliyuncsslbintl.com
jftech-open-platform.jftechws.com,jftech-open-platform.jftechws.com.b0b1fafb.cdnhwcxcy07.com
account.mygostore.com,nlb-qlm7owt5gkli6lavlo.ap-southeast-5.nlb.aliyuncsslbintl.com
ted.tapon.com,alb-j4g6nfvj10pjnjy4zl.us-west-1.alb.aliyuncs.com
api.wenslong.com,alb-u804zv3xwbscn03zlq.ap-southeast-1.alb.aliyuncsslbintl.com
sixfold.easyvideodownloaderplayer.com,alb-enyx6c7rewozjhvhpt.us-east-1.alb.aliyuncsslbintl.com
lf26-faceu-file-sign.bytecdn.com.51296c5e.c.cdnhwc1.com,hcdnd100.ipv6.c.cdnhwc1.com
www.jeslot88.com,nlb-3svc79r8fxqv73kn0r.ap-southeast-1.nlb.aliyuncsslbintl.com
www.1cinta.one,nlb-3svc79r8fxqv73kn0r.ap-southeast-1.nlb.aliyuncsslbintl.com
hzmantu.com,beian-temp-1230.oss-cn-hangzhou.aliyuncs.com
www.abangspin.net,nlb-3svc79r8fxqv73kn0r.ap-southeast-1.nlb.aliyuncsslbintl.com
www.d5hbet.com,www.d5hbet.com.98339693.cdnhwcgqa21.com
www.icuci88.net,nlb-3svc79r8fxqv73kn0r.ap-southeast-1.nlb.aliyuncsslbintl.com
www.shengsuanyun.com,nlb-3ziei9tc3ns3u1p71g.cn-shanghai.nlb.aliyuncsslb.com
777-fama777.net,777-fama777.net.98339693.cdnhwcchh18.com
www.bethh666.com.98339693.cdnhwcchh18.com,hcdnw119.ovc.c.cdnhwc7.com
c5sbet.com.98339693.cdnhwcgqa21.com,hcdnwsa.ovc.baimingdan.cdnhwcbie120.cn
beauty-hw-flv-live.meituan.net,beauty-hw-flv-live.meituan.net.c.cdnhwc3.com
snaptubeeg.com,nlb-wdy4lwqz4i0f1p38u7.eu-central-1.nlb.aliyuncsslbintl.com
tracking.novabeyond.com,alb-0sfuth9miq6fyetlg2.ap-southeast-1.alb.aliyuncs.com
vas-us-eventpic-1306916161-cos.cloudlinks.cn,vas-us-eventpic-1306916161.cos.na-siliconvalley.myqcloud.com
p26-passport.byteacctimg.com,p26-passport.byteacctimg.com.51296c5e.c.cdnhwc1.com
www.cepu.gov.hk,www.gov.hk.f17a14b3.cdnhwcgqa21.com
www.121bet.win.98339693.cdnhwcchh18.com,hcdnw119.ovc.c.cdnhwc7.com
api26-core-lf.amemv.com,api26-core-lf.amemv.com.51296c5e.c.cdnhwc1.com
tms.transacme.com,alb-gag9i3034sxd0jedz1.eu-central-1.alb.aliyuncsslbintl.com
www.ugc.edu.hk,www.gov.hk.f17a14b3.cdnhwcgqa21.com
www.yohomall.hk.39344876.cdnhwcgqa21.com,hcdnw119.vip.ovc.cdnhwcick110.com
www.public.iot-as-mqtt.us-west-1.aliyuncs.com,oxs-wus-prod.mqtt.iotgds.aliyuncs.com
chat.origin.ds.metapoint.club,alb-e4ofjkrm41qfuvg3rk.us-east-1.alb.aliyuncsslbintl.com
www.berjayasama.co,nlb-3svc79r8fxqv73kn0r.ap-southeast-1.nlb.aliyuncsslbintl.com
www.spingo88.club,nlb-3svc79r8fxqv73kn0r.ap-southeast-1.nlb.aliyuncsslbintl.com
cdn-1302064167.file.myqcloud.com,cdn-1302064167.file.myqcloud.com.cdn.dnsv1.com
cloud.hecom.cn.14a4c75c.cdnhwcllh11.com,hcdnwsa120.v5.cdnhwczoy106.cn
newsapp.weather.com.cn,newsapp.weather.com.cn.c.cdnhwc1.com
www.boltraygames.com,alb-els3iq8ljfrcehz8in.ap-southeast-1.alb.aliyuncsslbintl.com
www.i4malaysia.xyz,nlb-3svc79r8fxqv73kn0r.ap-southeast-1.nlb.aliyuncsslbintl.com
coopeai.com,alb-kye2pev06c3s1fj4s1.ap-southeast-1.alb.aliyuncsslbintl.com
kolun-flight.transsion-os.com,nlb-s5ad1nqju8ek7lmvq8.eu-central-1.nlb.aliyuncs.com
www.spade69.online,nlb-3svc79r8fxqv73kn0r.ap-southeast-1.nlb.aliyuncsslbintl.com
ebayi.flo.com.tr,ebayi.flo.com.tr.d240c727.cdnhwcgqa21.com
iot-auth-global.aliyuncs.com.gds.alibabadns.com,iot-auth-global.aliyuncs.com.w.cdngslb.com
automat.ringtonemall.com,alb-4ee8wbn1cn195rqk00.us-east-1.alb.aliyuncsslbintl.com
social-hw.gposts.net.a3443e11.cdnhwcohm19.com,hcdnwsa.ovc.fbs.cdnhwcuim119.com
gmt.lilithgame.com,alb-1nnunb0ddivra7p49g.cn-shanghai.alb.aliyuncsslb.com
oss-acc-allline.aliyuncs.com,oss-acc-allline.aliyuncs.com.gds.alibabadns.com
www.jegotrip.com.cn,alb-xb2hnd683s76uu393p.cn-hongkong.alb.aliyuncs.com
v26-wha.douyinvod.com.51296c5e.c.cdnhwc1.com,hcdnv.zjtd02.v6.c.cdnhwc2.com
www.nasib888a.com,nlb-3svc79r8fxqv73kn0r.ap-southeast-1.nlb.aliyuncsslbintl.com
www.mantap88.live,nlb-3svc79r8fxqv73kn0r.ap-southeast-1.nlb.aliyuncsslbintl.com
www.121bet06.com.98339693.cdnhwcchh18.com,hcdnw119.ovc.c.cdnhwc7.com
p26-heycan-xt-sign.byteimg.com,p26-heycan-xt-sign.byteimg.com.51296c5e.c.cdnhwc2.com
www.cita66.me,nlb-3svc79r8fxqv73kn0r.ap-southeast-1.nlb.aliyuncsslbintl.com
api.proeastst.com,alb-x19krvbi7lpjvzl262.us-west-1.alb.aliyuncs.com
v26-x.douyinvod.com,v26-x.douyinvod.com.c.cdnhwc1.com
www.711cuci.com,nlb-3svc79r8fxqv73kn0r.ap-southeast-1.nlb.aliyuncsslbintl.com
tr.chavoads.com,alb-gmvtccr5zohirrkpyk.ap-southeast-1.alb.aliyuncsslbintl.com
ds-1030.oss-acc-allline.aliyuncs.com.gds.alibabadns.com,eu-central-1-ds-1030.oss-acc.aliyuncs.com
api3.aoneroom.com,nlb-dm540xj5g9ob50hpqt.eu-central-1.nlb.aliyuncsslbintl.com
www.star-short.online,alb-3ia56kieue1zv7fl5q.ap-southeast-1.alb.aliyuncsslbintl.com
vwork-e07.vivo.xyz,alb-cna4jh2nkozwqot82z.ap-southeast-1.alb.aliyuncs.com
metropolisplaza.shkp.com,metropolisplaza.shkp.com.39344876.cdnhwcgqa21.com
www.happy-fita.top,alb-36qjkq8gz2mb2runzw.ap-southeast-1.alb.aliyuncsslbintl.com
cloudauth-device.ap-southeast-1.aliyuncs.com.gds.alibabadns.com,popunify-2.ap-southeast-1.aliyuncs.com
p26-marketing.douyinpic.com.51296c5e.c.cdnhwc2.com,hcdnw.zjtd01.v6.c.cdnhwc1.com
www.1cinta.world,nlb-3svc79r8fxqv73kn0r.ap-southeast-1.nlb.aliyuncsslbintl.com
www.maju24.app,nlb-3svc79r8fxqv73kn0r.ap-southeast-1.nlb.aliyuncsslbintl.com
www.huace.cn.9f4653fa.cdnhwchcg02.com,hcdnw101.vip.cdnhwcbzj102.com
sctweb-ftqq-1256183612.cos-website.ap-beijing.myqcloud.com,bj.file.myqcloud.com
www.hikunpeng.com.0bda5447.cdnhwc8.cn,hcdnwsa.top.global.cdnhwcbqs106.com
www.nasib888.org,nlb-3svc79r8fxqv73kn0r.ap-southeast-1.nlb.aliyuncsslbintl.com
profilesys.bydauto.com.cn.c.cdnhwc1.com,hcdnw101.vip.cdnhwcbzj102.com
hwmov.a.yximgs.com,hwmov.a.yximgs.com.c.cdnhwc1.com
p26-life-trip-c-sign.byteimg.com,p26-life-trip-c-sign.byteimg.com.51296c5e.c.cdnhwc2.com
www.nj-big-customer.cos.ap-nanjing.myqcloud.com,cos.ap-nanjing.myqcloud.com
api.flowsixteen.com,alb-syp55az2yve46zo75t.ap-southeast-1.alb.aliyuncsslbintl.com
api.skipperx.net,alb-jdqcpqppp61ke59k9y.ap-southeast-1.alb.aliyuncsslbintl.com
niimbot-pro.cn-hangzhou.log.aliyuncs.com,niimbot-pro.cn-hangzhou-b.log.aliyuncs.com
v.wook.hk.fb9e9c86.cdnhwczjt20.com,hcdnwsa119.vip.ovc.cdnhwcead111.com
vod-icbu.alicdn.com,vod-icbu.alicdn.com.danuoyi.tbcache.com
www.bcb88e.com,nlb-3svc79r8fxqv73kn0r.ap-southeast-1.nlb.aliyuncsslbintl.com
www.90th.cn.e0b63079.cdnhwcgqa21.com,hcdnw.ovc.sme.v6.cdnhwccmz121.com
chatbot.aliyuncs.com,chatbot.aliyuncs.com.gds.alibabadns.com
www.121bet28.com,www.121bet28.com.98339693.cdnhwcchh18.com
snaptubept-ad.com,nlb-wdy4lwqz4i0f1p38u7.eu-central-1.nlb.aliyuncsslbintl.com
assets-studiohub.kompas.com.0cfba3d5.cdnhwcchh18.com,hcdnw119.ovc.c.cdnhwc7.com
www.kapsarc.org,alb-ond2dt3v357hjmjmyn.me-central-1.alb.aliyuncsslbintl.com
m.guoguo-app.com,m.guoguo-app.com.danuoyi.alicdn.com
www.zgzcw.com,www.zgzcw.com.a26244e7.cdnhwcpsd13.com
www.spinfred.net,nlb-3svc79r8fxqv73kn0r.ap-southeast-1.nlb.aliyuncsslbintl.com
qinghui.oss-cn-hangzhou.aliyuncs.com,sc-3m73.cn-hangzhou.oss-adns.aliyuncs.com
id-activity.burstedgold.com,alb-v6hgyb9f8cwyk61gn6.ap-southeast-1.alb.aliyuncsslbintl.com
kfs678.com.98339693.cdnhwcgqa21.com,hcdnwsa.ovc.baimingdan.cdnhwcbie120.cn
m.motianlun.cn,m.motianlun.cn.d3f7f261.cdnhwcqwg14.com
www.likuso.com,www.likuso.com.1c64a652.cdnhwchcg02.com
www.w2win.site,nlb-3svc79r8fxqv73kn0r.ap-southeast-1.nlb.aliyuncsslbintl.com
www.tiens.com,www.tiens.com.e15aef57.cdnhwc8.cn
www.slumberland.com.hk,alb-32upcp29b8eerudbq7.cn-hongkong.alb.aliyuncs.com
portal.photonpay.com,alb-ieegrvuthumy5qp3nl.cn-hongkong.alb.aliyuncs.com
v26-be-pack.pglstatp-toutiao.com.51296c5e.c.cdnhwc1.com,hcdnv.zjtd02.v6.c.cdnhwc2.com
pull-hls-h26.douyincdn.com,pull-hls-h26.douyincdn.com.cdnhwczba04.com
www.townplace.com.hk.39344876.cdnhwcgqa21.com,hcdnw119.vip.ovc.cdnhwcick110.com
p4-lm.adkwai.com,p4-lm.adkwai.com.3dce113f.cdnhwchcg02.com
635182.ma3you.cn,alb-rp1fzrl0mirmofa49y.cn-hangzhou.alb.aliyuncs.com
yimwk.wallpaperpu.com,alb-3mal73pjrff6m97w0v.us-east-1.alb.aliyuncsslbintl.com
yantai-gov-cn.cname.dbappwaf.cn,www.yantai.gov.cn.08f4de41.cdnhwcpsd13.com
sc-1knz.cn-zhangjiakou.oss-adns.aliyuncs.com,sc-1knz.cn-zhangjiakou.oss-adns.aliyuncs.com.gds.alibabadns.com
www.oss-accelerate-overseas.aliyuncs.com,oss-acc-allline-overseas.aliyuncs.com
www.breastscreen.gov.hk,www.gov.hk.f17a14b3.cdnhwcgqa21.com
www.bandarjudi33.com,nlb-3svc79r8fxqv73kn0r.ap-southeast-1.nlb.aliyuncsslbintl.com
h5.caslong.xyz,alb-wk06dcgbsrunubnlii.ap-southeast-1.alb.aliyuncsslbintl.com
m.shubl.com,alb-l6t4v8kq1i2h43gd5b.cn-hangzhou.alb.aliyuncsslb.com
app-mqtt-gateway-3.eye4cloud.com,nlb-e7hgykwm06l2g60iu8.us-west-1.nlb.aliyuncs.com
1630jt6.captcha-open-southeast.aliyuncs.com,alb-xu6ksqlb3rlrgvwi7f.ap-southeast-1.alb.aliyuncs.com
923783.ma3you.cn,alb-rp1fzrl0mirmofa49y.cn-hangzhou.alb.aliyuncs.com
www.i5malaysia.fun,nlb-3svc79r8fxqv73kn0r.ap-southeast-1.nlb.aliyuncsslbintl.com
vconew.com,vconew.com.943e270b.cdnhwchcg02.com
www.wap.qianlima.com,ff87f01c.qianlima.com.ff87f01c.c.cdnhwc1.com
push-rtmp-l26.douyincdn.com.c.cdnhwc3.com,hcdnl.push.rtmps.gslb.c.cdnhwc2.com
wooymoon.com,touchpointcorp-com.oss-us-east-1.aliyuncs.com
www.pcconnection.online,nlb-b6srnqdqzk3me96gm3.eu-central-1.nlb.aliyuncs.com
imguser.ddimg.mobi.f769b1c0.cdnhwchcg02.com,hcdnw102.vip.v6.cdnhwcbzj102.com
upgrade.shalltry.com,alb-bj3vrdlg29bjadsodw.eu-central-1.alb.aliyuncsslbintl.com
mbos.kdeascloud.com,mbos.kdeascloud.com.068103e7.cdnhwcllh11.com
www.yeyulingfeng.com.c66089ed.cdnhwcgqa21.com,hcdnw.ovc.sme.cdnhwccmz121.com
www.babyshark22b.com,nlb-3svc79r8fxqv73kn0r.ap-southeast-1.nlb.aliyuncsslbintl.com
gestion.osadef.org.ar,gestion.osadef.org.ar.daa133a0.cdnhwcedi10.com
b0.bdstatic.com,b0.bdstatic.com.a.bdydns.com
img.live-feilvbin.com.243ef88a.cdnhwcohm19.com,hcdnw.ovc.fbs.cdnhwcuim119.com
pte.onemt.com,alb-12bby5ygyu46yqsbk3.us-west-1.alb.aliyuncs.com
mqtt-gateway-4.eye4.cn,nlb-mdn75dh50qc4e1q4yo.eu-central-1.nlb.aliyuncs.com
boss22.xmcsrv.net,boss22.xmcsrv.net.b0b1fafb.cdnhwc9.com
www.sundan.com,www.sundan.com.0bef5f14.cdnhwcpsd13.com
play-hw-las.livetech.shopee.ph,play-hw-las.livetech.shopee.ph.c.cdnhwc7.com
s3s.zhhainiao.com.943e270b.cdnhwcoem01.com,hcdnd101.vip.cdnhwczxh101.com
vip.centrdx.com,alb-gp2imwzpmvb3327pts.cn-hongkong.alb.aliyuncsslbintl.com
kfvvs.com,kfvvs.com.98339693.cdnhwcgqa21.com
www.znztool.com,alb-t2yu8sqxkktb8ckjtz.cn-shanghai.alb.aliyuncs.com
console-intl.huaweicloud.com.c.cdnhwc1.com,hcdnwsa.hwcloud.globalv6.cdnhwcbqs106.com
mitienda.rappi.com.br.3ccacde2.cdnhwcohm19.com,hcdnw.ovc.fbs.v6.cdnhwcuim119.com
www.jphitam.com,oss-ap-southeast-5.aliyuncs.com
cdn.roai.shop.9d7f6dea.cdnhwcedi10.com,hcdnw119.vip.ovc.cdnhwcick110.com
www.51aigc.cc,oss-cn-hongkong.aliyuncs.com
www.newsky88a.com,nlb-3svc79r8fxqv73kn0r.ap-southeast-1.nlb.aliyuncsslbintl.com
m.diyifanwen.com,7ltfwuquua5tg4.wscloudcdn.com
feedpush.bdstatic.com,feedpush.bdstatic.com.a.bdydns.com
css.renrendoc.com.1aa261da.c.cdnhwc1.com,hcdnw101.v3.cdnhwcprh113.com
www.gold99sg.com,nlb-3svc79r8fxqv73kn0r.ap-southeast-1.nlb.aliyuncsslbintl.com
www.121bet999.com.98339693.cdnhwcchh18.com,hcdnw119.ovc.c.cdnhwc7.com
console.rongcloud.cn,alb-r6m1uaq6bti9j0q1bf.cn-beijing.alb.aliyuncs.com
channel.bastillepost.com,channel.bastillepost.com.1a29cc55.cdnhwcgqa21.com
www.youpinimg.com,alb-qjx326h0qyx2fxjv31.cn-shenzhen.alb.aliyuncsslb.com
www.ultronsplus-eu-1316693915.cos.eu-frankfurt.myqcloud.com,ger.file.myqcloud.com
www.cos.ap-guangzhou.myqcloud.com,gz.file.myqcloud.com
mix-ads.oss-accelerate.aliyuncs.com,ds-1037.oss-acc-allline.aliyuncs.com
forfeit.slimdevicec.com,alb-q65woso07jk1nua4ey.us-east-1.alb.aliyuncsslbintl.com
www.jjpropertythai.com.c495ada5.cdnhwcgqa21.com,hcdnw.ovc.sme.cdnhwccmz121.com
accounts-zh.emqx.com.0a4bc10d.cdnhwcpsd13.com,hcdnw101.v3.cdnhwcprh113.com
business.uniagency.net,business.uniagency.net.9d7f6dea.cdnhwcupf06.com
www.loktv.com,alb-akpr4bk11l9w34dfm7.ap-southeast-1.alb.aliyuncsslbintl.com
www.glossary.doj.gov.hk,www.gov.hk.f17a14b3.cdnhwcgqa21.com
picasso.alicdn.com,picasso.alicdn.com.w.cdngslb.com
theme2x-prd-dra-1311269001.cos.ap-singapore.myqcloud.com,sgp.file.myqcloud.com
api-docs.deepseek.com,api-docs.deepseek.com.436b7a4e.cdnhwcxcy07.com
www.harbournorth.com.hk.39344876.cdnhwcgqa21.com,hcdnw119.vip.ovc.cdnhwcick110.com
nd-static.bdstatic.com,nd-static.bdstatic.com.a.bdydns.com
apm3437-3-1258344700.cos.ap-nanjing-dev.myqcloud.com,cos.ap-nanjing-dev.myqcloud.com
www.mibox8.online,nlb-3svc79r8fxqv73kn0r.ap-southeast-1.nlb.aliyuncsslbintl.com
opentiny.design,opentiny.design.0b9a1ca1.cdnhwchcg02.com
www.ol-tools.com,www.ol-tools.com.38c71a1d.cdnhwcgqa21.com
enter.powerbanksf.com,fe-c-my-prod-1305117004.cos-website.ap-singapore.myqcloud.com
ucmp-static.sf-express.com,ucmp-static.sf-express.com.07fc0ba0.c.cdnhwc1.com
www.hengheng111.com,nlb-3svc79r8fxqv73kn0r.ap-southeast-1.nlb.aliyuncsslbintl.com
public.iot-as-mqtt.ap-southeast-1.aliyuncs.com,oxs-sg-prod.mqtt.iotgds.aliyuncs.com
www.com.cn.global.orig3rd.cdnhwc4.com,thirdsrc.global.c.cdnhwc6.com
web.akdropshipping.com.f4fb8415.cdnhwcgqa21.com,hcdnwsa.ovc.sme.cdnhwccmz121.com
cu010.www.duba.net.943e270b.cdnhwcoem01.com,hcdnd101.vip.cdnhwczxh101.com
www.multichoicetalentfactory.com,www.multichoicetalentfactory.com.442a92f3.cdnhwcgqa21.com
iwcpg.vip.98339693.cdnhwcgqa21.com,hcdnwsa.ovc.baimingdan.cdnhwcbie120.cn
www.easywin77.org,nlb-3svc79r8fxqv73kn0r.ap-southeast-1.nlb.aliyuncsslbintl.com
www.forestnovel.com,alb-p85iwur6xbjipt1le2.ap-southeast-1.alb.aliyuncsslbintl.com
www.vcity44.com,nlb-wwwzr8hg1c5vya400c.ap-southeast-1.nlb.aliyuncsslbintl.com
www.talicai.com,alb-87yyeuwrmkicx7irr6.cn-beijing.alb.aliyuncs.com
apiprodtj.sjzmaofang.com.1ba31267.cdnhwcpsd13.com,hcdnw123.vip.foreign.cdnhwcibv122.com
www.bonus96.com,nlb-3svc79r8fxqv73kn0r.ap-southeast-1.nlb.aliyuncsslbintl.com
www.kinggroup88.org,nlb-3svc79r8fxqv73kn0r.ap-southeast-1.nlb.aliyuncsslbintl.com
channel.bastillepost.com.1a29cc55.cdnhwcgqa21.com,hcdnw.ovc.sme.cdnhwccmz121.com
0b8ffbb9.lanzouf.com.0b8ffbb9.cdnhwc8.cn,hcdnw101.sme.cdnhwcibv122.com
knewmobi.oltracer.com,alb-wl5w8qujmpbaq2dyxo.ap-southeast-1.alb.aliyuncs.com
mcd-portal-prod-cos1-1300270282.cos.ap-shanghai.myqcloud.com,sh.file.myqcloud.com
p11222-nginx-slb.qookkagames.com,alb-edttkskkhsoyy7aht7.cn-hongkong.alb.aliyuncsslbintl.com
www.ong24.vip,nlb-3svc79r8fxqv73kn0r.ap-southeast-1.nlb.aliyuncsslbintl.com
vivianc-eu-1316693915.cos.eu-frankfurt.myqcloud.com,ger.file.myqcloud.com
www.liba.com,alb-gzmc6gvto084plh9zr.cn-shanghai.alb.aliyuncs.com
www.maxpower-group.com,www.maxpower-group.com.10ce3154.cdnhwcpsd13.com
www.sking666.org,nlb-wwwzr8hg1c5vya400c.ap-southeast-1.nlb.aliyuncsslbintl.com
www.brandhk.gov.hk,www.brandhk.gov.hk.82d0c7cc.cdnhwcgqa21.com
update.dbankcdn.com,update.dbankcdn.com.c.cdnhwc1.com
www.wildpokies8.com,nlb-3svc79r8fxqv73kn0r.ap-southeast-1.nlb.aliyuncsslbintl.com
cloud.livereport8.com,alb-33wzk5nioz1h1j3utc.cn-shenzhen.alb.aliyuncs.com
restaurantweek.diningcity.hk,1264566185309132.cn-hangzhou.fc.aliyuncs.com
wwsj.lanzout.com,0b8ffbb9.lanzout.com.0b8ffbb9.cdnhwc8.cn
www.wzg.com,alb-3vwdtjs9fitqemaz5h.cn-hongkong.alb.aliyuncs.com
v4-ad.adukwai.com,v4-ad.adukwai.com.3dce113f.cdnhwcoem01.com
smarthome-drcn.dbankcdn.80800000.globalsign.c.cdnhwc1.cn,hcdnd.cbg2.c.cdnhwc2.com
www.dadu44.vip,nlb-3svc79r8fxqv73kn0r.ap-southeast-1.nlb.aliyuncsslbintl.com
www.goldbet9.org,nlb-3svc79r8fxqv73kn0r.ap-southeast-1.nlb.aliyuncsslbintl.com
nadmd.shixizhi.huawei.sg,098858cb.shixizhi.huawei.sg.098858cb.c.cdnhwc7.com
mqtt-cluster07.transsion-os.com,nlb-juswrm7gst1i2vhejz.eu-central-1.nlb.aliyuncsslbintl.com
console.shengsuanyun.com,nlb-3ziei9tc3ns3u1p71g.cn-shanghai.nlb.aliyuncsslb.com
piteous.cybracinbli.cc,alb-vdresq6yfyidokx7my.us-east-1.alb.aliyuncsslbintl.com
sa.yinhe.top,alb-dtntdx5f8vuq57qdq3.ap-southeast-1.alb.aliyuncs.com
ceair.oss-cn-shanghai.aliyuncs.com,sc-39uw.cn-shanghai.oss-adns.aliyuncs.com
www.trtc-sdk-log-1258344699.cos.ap-guangzhou.myqcloud.com,gz.file.myqcloud.com
www.vg-poker.com,alb-uxxu0csvmkhzz3lrd8.ap-southeast-1.alb.aliyuncsslbintl.com
xsswc-os.timeappmarketing.com,alb-3vv3ky0zeyy9hg24b0.us-east-1.alb.aliyuncs.com
www.sf-express.com.c.cdnhwc1.com,hcdnw120.vip.global.cdnhwctnm107.com
m.fengsung.com.fc61eb73.c.cdnhwc1.com,hcdnw101.sme.foreignv6.cdnhwcaoc115.cn
www.miow44.com,nlb-wwwzr8hg1c5vya400c.ap-southeast-1.nlb.aliyuncsslbintl.com
blog.nowcoder.net,alb-u1stot2oz9h0uyhj0h.internal.cn-hangzhou.alb.aliyuncs.com
dad777.vip,dad777.vip.98339693.cdnhwcgqa21.com
next.moeub.cn,next.moeub.cn.0d803d4f.cdnhwcggk22.com
vn-static-file.slatic.net.9d2b5122.cdnhwcchh18.com,hcdnw.lzd.ovc.cdnhwcick110.com
www.speedau.xyz,nlb-3svc79r8fxqv73kn0r.ap-southeast-1.nlb.aliyuncsslbintl.com
sc-2ass.cn-zhangjiakou.oss-adns.aliyuncs.com,sc-2ass.cn-zhangjiakou.oss-adns.aliyuncs.com.gds.alibabadns.com
takla.oss-accelerate.aliyuncs.com,ds-1015.oss-acc-allline.aliyuncs.com
www.shell777a.com,nlb-3svc79r8fxqv73kn0r.ap-southeast-1.nlb.aliyuncsslbintl.com
www.pantas44.com,nlb-3svc79r8fxqv73kn0r.ap-southeast-1.nlb.aliyuncsslbintl.com
p4-live.wskwai.com,p4-live.wskwai.com.3dce113f.cdnhwchcg02.com
0b8ffbb9.lanzout.com.0b8ffbb9.cdnhwc8.cn,hcdnw101.sme.cdnhwcibv122.com
dianshiyexiao.com,alb-g11ati3vu5c75p0u8n.cn-shenzhen.alb.aliyuncs.com
www.999cc.store,nlb-3svc79r8fxqv73kn0r.ap-southeast-1.nlb.aliyuncsslbintl.com
sc-3pla.cn-shenzhen.oss-adns.aliyuncs.com,sc-3pla.cn-shenzhen.oss-adns.aliyuncs.com.gds.alibabadns.com
www.bersatu88.io,nlb-3svc79r8fxqv73kn0r.ap-southeast-1.nlb.aliyuncsslbintl.com
mecha-jp-ping.seasungamescdn.com,nlb-rw2l809tz3yx14awmt.ap-northeast-1.nlb.aliyuncs.com
www.jk8.world,nlb-3svc79r8fxqv73kn0r.ap-southeast-1.nlb.aliyuncsslbintl.com
www.mrcoin88.org,nlb-3svc79r8fxqv73kn0r.ap-southeast-1.nlb.aliyuncsslbintl.com
www.22pubet.com,www.22pubet.com.98339693.cdnhwcgqa21.com
1883419591869092.cn-shenzhen.fc.aliyuncs.com,cn-shenzhen-fc-sz-futian-ag-67-01.fc.aliyuncs.com
dreame-sg.iot.dreame.tech,dreame-sg.oss-ap-southeast-1.aliyuncs.com
sdk-event.beizi.biz,alb-hawpssigpziix9veg1.cn-beijing.alb.aliyuncsslb.com
www.bersatu88.com,nlb-3svc79r8fxqv73kn0r.ap-southeast-1.nlb.aliyuncsslbintl.com
www.vivianc-us-1316693915.cos.na-ashburn.myqcloud.com,cos.na-ashburn.myqcloud.com
live-source-play-hw.xhscdn.com.c.cdnhwc3.com,hcdnl.pullxaohs.globalv6.gslb.c.cdnhwc6.com
sv-devi-pvt-05.tange365.com,sv-devi-pvt-05.oss-us-west-1.aliyuncs.com
m4.kwaicdn.com,m4.kwaicdn.com.3dce113f.c.cdnhwc1.com
s.werndfij.top,nlb-7fnbo635iqols5pltf.us-east-1.nlb.aliyuncs.com
www.mkzhan.com,www.mkzhan.com.5536181f.cdnhwcxcy07.com
www.bethh999.com.98339693.cdnhwcchh18.com,hcdnw119.ovc.c.cdnhwc7.com
turbo-wms.rappi.com.co,turbo-wms.rappi.com.co.3ccacde2.cdnhwcohm19.com
ds-overseas-1037.oss-acc-allline.aliyuncs.com,ds-overseas-1037.oss-acc-allline.aliyuncs.com.gds.alibabadns.com
v26-awememusicugc.douyinmusicpromotion.com.51296c5e.c.cdnhwc1.com,hcdnv.zjtd02.v6.c.cdnhwc2.com
www.taichimaster777.com,taichimaster.oss-us-west-1.aliyuncs.com
api-mas-proxy.weplayapp.com,alb-gxdzgv1frn6w494mos.ap-southeast-3.alb.aliyuncsslbintl.com
g20.alicdn.com,g20.alicdn.com.danuoyi.alicdn.com
www.mk99a.store,nlb-3svc79r8fxqv73kn0r.ap-southeast-1.nlb.aliyuncsslbintl.com
www.wintru.win,nlb-wwwzr8hg1c5vya400c.ap-southeast-1.nlb.aliyuncsslbintl.com
www.goparksaisha.hk.39344876.cdnhwcedi10.com,hcdnw119.vip.ovc.cdnhwcick110.com
ws.love8.ltd,alb-4x003mrc105630xvl9.us-west-1.alb.aliyuncsslbintl.com
lf26-miniapp-base-cdn-tos.bytegecko.com.51296c5e.c.cdnhwc2.com,hcdnd100.ipv6.c.cdnhwc1.com
www.wing96.net,nlb-3svc79r8fxqv73kn0r.ap-southeast-1.nlb.aliyuncsslbintl.com
login.pizzahut.com.cn,alb-t81258659tk5z9pw92.cn-shanghai.alb.aliyuncs.com
wenzi.zhibo8.cc,alb-m12ys19yl0znaic9t0.cn-hangzhou.alb.aliyuncsslb.com
www.newbeetechnology.com,alb-afaan7g6dzs5d4lzzf.ap-southeast-1.alb.aliyuncs.com
vc-0303-d01-n02-1306916161-cos.cloudlinks.cn,vc-0303-d01-n02-1306916161.cos.na-siliconvalley.myqcloud.com
conf-eu-1316693915.cos.eu-frankfurt.myqcloud.com,ger.file.myqcloud.com
55lllbet.com.98339693.cdnhwcgqa21.com,hcdnwsa.ovc.baimingdan.cdnhwcbie120.cn
filebroker-cdn.lazada.co.th.9d2b5122.cdnhwcchh18.com,hcdnw.lzd.ovc.cdnhwcick110.com
merak.alicdn.com,merak.alicdn.com.w.cdngslb.com
benefits-pro.rappi.com.ar,benefits-pro.rappi.com.ar.3ccacde2.cdnhwcohm19.com
1888kf.com,1888kf.com.98339693.cdnhwcgqa21.com
api.vtf1000.com,alb-9cvn7n4uy2szyl0sjo.us-east-1.alb.aliyuncsslbintl.com
www.mratm88.org,nlb-3svc79r8fxqv73kn0r.ap-southeast-1.nlb.aliyuncsslbintl.com
editlibres.easymediashare.com.ddf24129.cdnhwcgqa21.com,hcdnw.ovc.sme.cdnhwccmz121.com
1995708.ma3you.cn,alb-rp1fzrl0mirmofa49y.cn-hangzhou.alb.aliyuncs.com
3890324.ma3you.cn,alb-rp1fzrl0mirmofa49y.cn-hangzhou.alb.aliyuncs.com
0b8ffbb9.lanzouo.com.0b8ffbb9.cdnhwc8.cn,hcdnw101.sme.cdnhwcibv122.com
assets-studiohub.kompas.com,assets-studiohub.kompas.com.0cfba3d5.cdnhwcchh18.com
vipzone.c.duba.net.c.cdnhwc1.com,hcdnw102.vip.cdnhwcbzj102.com
vip.22pubet.com,vip.22pubet.com.98339693.cdnhwcgqa21.com
www.aa7au.com,nlb-3svc79r8fxqv73kn0r.ap-southeast-1.nlb.aliyuncsslbintl.com
h5.funpera.xyz,two-flb-wallet.oss-ap-southeast-6.aliyuncs.com
www.aiwin77.vip,nlb-3svc79r8fxqv73kn0r.ap-southeast-1.nlb.aliyuncsslbintl.com
device.saf.aliyuncs.com,device.saf.aliyuncs.com.w.kunlunsl.com
www.royal711.org,nlb-3svc79r8fxqv73kn0r.ap-southeast-1.nlb.aliyuncsslbintl.com
okk5.org.98339693.cdnhwcgqa21.com,hcdnwsa.ovc.baimingdan.cdnhwcbie120.cn
yidian.weather.com.cn.c.cdnhwc1.com,hcdnw101.gslb.c.cdnhwc2.com
m.qmxxs.com,alb-gf5tecxnypumqchg7i.cn-hangzhou.alb.aliyuncsslb.com
www.berjayasama.shop,nlb-3svc79r8fxqv73kn0r.ap-southeast-1.nlb.aliyuncsslbintl.com
mqtt.growatt.com,nlb-nbtf7vlspietfgd3ro.eu-central-1.nlb.aliyuncs.com
tcloudbaseapp.com,tcloudbaseapp-1256746843.cos-website.ap-shanghai.myqcloud.com
accounts-zh.emqx.com,accounts-zh.emqx.com.0a4bc10d.cdnhwcpsd13.com
www.jiumentongbu.com,alb-3fkakhwdyxm3rk8v3v.cn-shanghai.alb.aliyuncsslb.com
cpro.xdmssp.com.7871056d.cdnhwchcg02.com,hcdnw102.vip.cdnhwcbzj102.com
msa.fontdo.com,alb-aw0nyiitsl1zihjdu1.cn-shenzhen.alb.aliyuncs.com
tx-sgp-pull.snackvideo.in,tx-sgp-pull.snackvideo.in.liveplay.myqcloud.com
tracker.didistatic.com.8b908a60.cdnhwchcg02.com,hcdnw102.vip.v6.cdnhwcbzj102.com
www.won29.net,nlb-3svc79r8fxqv73kn0r.ap-southeast-1.nlb.aliyuncsslbintl.com
www.lambor68.co,nlb-3svc79r8fxqv73kn0r.ap-southeast-1.nlb.aliyuncsslbintl.com
restaurants-ops.rappi.com.3ccacde2.cdnhwcohm19.com,hcdnw.ovc.fbs.v6.cdnhwcuim119.com
checkout-prod-ack-prod-cnhz-01-commerce.k8s.commerce.blzdev.cn,alb-keph5zurcnton4opyd.cn-hangzhou.alb.aliyuncs.com
yww-api-1.ip610.com.c3c88235.cdnhwcggk22.com,hcdnd120.dft.global.c.cdnhwc6.com
api.wxcjgg.cn,alb-31fqacjtm2ued6c83l.cn-shanghai.alb.aliyuncs.com
www.r24myj.com,nlb-3svc79r8fxqv73kn0r.ap-southeast-1.nlb.aliyuncsslbintl.com
vwj-sg.vivo.xyz,alb-cna4jh2nkozwqot82z.ap-southeast-1.alb.aliyuncs.com
flat.pdfplusreadpdf.com,alb-4usu4mhbwjmnu6ztmf.us-east-1.alb.aliyuncsslbintl.com
www.cariklbet3.com,nlb-3svc79r8fxqv73kn0r.ap-southeast-1.nlb.aliyuncsslbintl.com
www.haohanpower.tech,alb-7z9462hgqdwptwvzt8.cn-hangzhou.alb.aliyuncsslb.com
www.w2win.xyz,nlb-3svc79r8fxqv73kn0r.ap-southeast-1.nlb.aliyuncsslbintl.com
www.premium77mmk.com,nlb-3svc79r8fxqv73kn0r.ap-southeast-1.nlb.aliyuncsslbintl.com
sgmw.com.cn,sgmw.com.cn.05ec1a00.cdnhwchcg02.com
www.nowcoder.net,alb-u5g44t3vna625tmfqi.cn-hangzhou.alb.aliyuncs.com
s3-hnapuhdd-cdn.didistatic.com,s3-hnapuhdd-cdn.didistatic.com.8b908a60.cdnhwchcg02.com
obs.3688baihuo.com.1ba31267.cdnhwc9.com,hcdnd.ovc.sme.cdnhwccmz121.com
v.dvr163.com,webcms.oss-cn-guangzhou.aliyuncs.com
www.uptownplaza.com.hk,www.uptownplaza.com.hk.39344876.cdnhwcgqa21.com
appdl-1-drcn.dbankcdn.com,appdl-1-drcn.dbankcdn.com.c.cdnhwc1.com
sc-1i7n.cn-shanghai.oss-adns.aliyuncs.com,sc-1i7n.cn-shanghai.oss-adns.aliyuncs.com.gds.alibabadns.com
www.maxpower-group.com.10ce3154.cdnhwcpsd13.com,hcdnw120.dft.global.cdnhwckfz116.com
cacheapp.aiyuke.com.46459013.c.cdnhwc1.com,hcdnw120.dft.global.cdnhwckfz116.com
777novo.vip.98339693.cdnhwcgqa21.com,hcdnwsa.ovc.baimingdan.cdnhwcbie120.cn
emas-link-service.aliyuncs.com.gds.alibabadns.com,nlb-hwpaqmgl0jafaljdqa.cn-zhangjiakou.nlb.aliyuncs.com
nyuuheadspa.mase.cloud,alb-o3oxa56cqv7mq0will.us-west-1.alb.aliyuncsslbintl.com
live-hlsplay-drcn.dbankcdn.cn,live-hlsplay-drcn.dbankcdn.cn.c.cdnhwc3.com
czc777.vip.98339693.cdnhwcgqa21.com,hcdnwsa.ovc.baimingdan.cdnhwcbie120.cn
in9gwarca6-default-us.rum.aliyuncs.com,proj-xtrace-df659d40cb8187bbf099cad197ce6d73-us-west-1.us-west-1.log.aliyuncs.com
www.dnstrip.com,nlb-w57plyjk8675g7deja.ap-southeast-1.nlb.aliyuncs.com
www.vivianc-eu-1316693915.cos.eu-frankfurt.myqcloud.com,ger.file.myqcloud.com
isdp-dg.huawei.com.ae8628be.cdnhwcgqa21.com,hcdnwsa120.sme.cdnhwccmz121.com
banjixiaoguanjia.com,alb-aokptz936unq8c77r3.cn-qingdao.alb.aliyuncs.com
www.yinlun.cn,www.yinlun.cn.aa5c0791.cdnhwcggk22.com
api-ti.sunlogin.oray.com,alb-j2ux8s6taqu87m7tt5.cn-hangzhou.alb.aliyuncs.com
www.papuacasino.com,nlb-3svc79r8fxqv73kn0r.ap-southeast-1.nlb.aliyuncsslbintl.com
www.sanguogame.com.cn,www.sanguogame.com.cn.7c9404c2.cdnhwcpsd13.com
www.100cuci.com,nlb-3svc79r8fxqv73kn0r.ap-southeast-1.nlb.aliyuncsslbintl.com
www.btcuci.net,nlb-3svc79r8fxqv73kn0r.ap-southeast-1.nlb.aliyuncsslbintl.com
lf26-dy-cdn-tos.bytegecko.com.bytedns3.com,lf26-dy-cdn-tos.bytegecko.com.c.cdnhwc1.com
sdkvsge.menaapp.net,alb-9670r7iux9kb3vymwo.eu-central-1.alb.aliyuncs.com
fli.alicdn.com,image-assets.oss-cn-beijing.aliyuncs.com
www.fengkuangtiyu.cn.a26244e7.cdnhwcpsd13.com,hcdnw102.vip.cdnhwcbzj102.com
www.bootcss.com,d48437e9.bootcss.com.d48437e9.cdnhwcvix16.com
iosproduct.oss-cn-beijing.aliyuncs.com,sc-3l74.cn-beijing.oss-adns.aliyuncs.com
zhipuaishengchan.datasink.sensorsdata.cn,alb-b5qowvhxcn9koqyu7t.cn-beijing.alb.aliyuncs.com
us-account.dreame.tech,alb-u8sbyh3o8z52l3vpfe.us-west-1.alb.aliyuncs.com
ehub.hk.cn.9fe1c5d0.cdnhwcpsd13.com,hcdnw120.dft.global.cdnhwckfz116.com
middle-inference-gateway.afafb.com,alb-o72ootmx0s9pduv4jd.us-east-1.alb.aliyuncsslbintl.com
jieshen.lanzouw.com,0b8ffbb9.lanzouw.com.0b8ffbb9.cdnhwc8.cn
m.xingyeai.com,alb-l2pj7uqdaxi2svhbor.cn-shanghai.alb.aliyuncsslb.com
p4-pro.a.yximgs.com,p4-pro.a.yximgs.com.3dce113f.c.cdnhwc1.com
www.ezspin3.com,nlb-3svc79r8fxqv73kn0r.ap-southeast-1.nlb.aliyuncsslbintl.com
v26-x.douyinvod.com.c.cdnhwc1.com,hcdnv.zjtd02.v6.c.cdnhwc2.com
ai-pilot.cn-shanghai.log.aliyuncs.com,ai-pilot.cn-shanghai-b.log.aliyuncs.com
www.elklantern.com,elklantern.oss-us-east-1.aliyuncs.com
www.2vm.net.cn,www.2vm.net.cn.0aee9a42.cdnhwcggk22.com
www.angin888.net,nlb-3svc79r8fxqv73kn0r.ap-southeast-1.nlb.aliyuncsslbintl.com
static-market.kbzpay.com,static-market.kbzpay.com.86a72f94.c.cdnhwc7.com
mwb-fed.cn-shanghai.log.aliyuncs.com,mwb-fed.cn-shanghai-b.log.aliyuncs.com
v26-vdl.doubao.com,v26-vdl.doubao.com.51296c5e.c.cdnhwc1.com
www.mcd76.net,nlb-3svc79r8fxqv73kn0r.ap-southeast-1.nlb.aliyuncsslbintl.com
121bet26.com,121bet26.com.98339693.cdnhwcchh18.com
www.august77.site,nlb-3svc79r8fxqv73kn0r.ap-southeast-1.nlb.aliyuncsslbintl.com
www.anistudio.ai,alb-6pem481qhfl51o9ao0.us-west-1.alb.aliyuncsslbintl.com
www.bytecopper.com,alb-obbsuz3p135j87z414.us-east-1.alb.aliyuncs.com
lf3-fe.ecombdstatic.com.w.kunluncan.com,lf3-fe.ecombdstatic.com.queniuso.com
qpon.heytap.com,alb-rgzl2m0wytvlkico7s.ap-southeast-5.alb.aliyuncs.com
landing.linkme.fan,landing-linkyou.oss-ap-southeast-1.aliyuncs.com
cdfsunrise-pc-web.oss-cn-shanghai.aliyuncs.com,sc-1lxn.cn-shanghai.oss-adns.aliyuncs.com
xxie.oss-cn-hangzhou.aliyuncs.com,sc-2ci0.cn-hangzhou.oss-adns.aliyuncs.com
mdj-gov-cn.cname.dbappwaf.cn,www.mdj.gov.cn.08f4de41.cdnhwcpsd13.com
www.mct88.com,nlb-3svc79r8fxqv73kn0r.ap-southeast-1.nlb.aliyuncsslbintl.com
www.ulferts.com.hk,alb-32upcp29b8eerudbq7.cn-hongkong.alb.aliyuncs.com
m.qiumiwu.com.07dedd14.cdnhwcggk22.com,hcdnw101.sme.cdnhwcaip122.cn
portal.530520.com.tw,alb-oqk1dc7gynnor6aldm.cn-hongkong.alb.aliyuncs.com
pull-flv-q26-admin.douyincdn.com.c.cdnhwc3.com,hcdnl.pulldyin.f26-v6.gslb.c.cdnhwc2.com
www.affc.com.hk.gslb.shkp.com,www.affc.com.hk.39344876.cdnhwcchh18.com
sc-1jpq.cn-hangzhou.oss-adns.aliyuncs.com,sc-1jpq.cn-hangzhou.oss-adns.aliyuncs.com.gds.alibabadns.com
abplatform.yumchina.com,alb-ty05rfd8lal8s4igk6.cn-shanghai.alb.aliyuncs.com
amsweb-cdn-gz-1258344696.file.myqcloud.com,amsweb-cdn-gz-1258344696.file.myqcloud.com.cdn.dnsv1.com
browserr-dra.dbankcdn.com.80800000.c.cdnhwc1.com,hcdnw.top.ovc.cdnhwcick110.com
digitalvolvo.com.d3a2f1d0.cdnhwcupf06.com,hcdnwsa120.v5.cdnhwczoy106.cn
model.weezerlite.com,alb-4f04cmpibla39fili4.us-east-1.alb.aliyuncs.com
www.ilovejili.net,nlb-3svc79r8fxqv73kn0r.ap-southeast-1.nlb.aliyuncsslbintl.com
alibj.app.processor.smartcamera.api.mijia.tech,bkt-bj-bkt-ali-cloud-storage-smart-camera-monitor-01-bj-alicn.oss-enet.aliyuncs.com
ds-1023.oss-acc-allline.aliyuncs.com.gds.alibabadns.com,eu-central-1-ds-1023.oss-acc.aliyuncs.com
1212pg.com.98339693.cdnhwcgqa21.com,hcdnwsa.ovc.baimingdan.cdnhwcbie120.cn
api4sg.aoneroom.com,nlb-7qdfwj3so6yvst51ih.ap-southeast-1.nlb.aliyuncsslbintl.com
ws010.tiptop.bet,nlb-52rg04ai9k0vabrfkq.ap-southeast-6.nlb.aliyuncsslbintl.com
h5.livo.chat,alb-3r8s43rxd6kyq152h8.ap-southeast-1.alb.aliyuncsslbintl.com
static-file.lazada.com.my,my-static-file.slatic.net.9d2b5122.cdnhwcchh18.com
www.afb88my1.com,nlb-wwwzr8hg1c5vya400c.ap-southeast-1.nlb.aliyuncsslbintl.com
im.jishiyuchat.com,alb-0nvtxv11c7qw89tt0j.us-west-1.alb.aliyuncs.com
www.zatech.com,alb-67lhgwhpvhrmkwfejv.cn-hongkong.alb.aliyuncsslbintl.com
www.yn.gov.cn.6d0cbfa5.cdnhwcpsd13.com,hcdnw101.v3.ipv6.cdnhwcprh113.com
www.astron.ai,nlb-m7nnybp3gey5kkhk3y.ap-southeast-1.nlb.aliyuncsslbintl.com
tools.loloahwal.com,alb-4sqvxha06moj8puatm.us-west-1.alb.aliyuncsslbintl.com
foodtalks.cn,alb-gunn3urlhlwikqnybm.cn-shanghai.alb.aliyuncs.com
hallmark.easygoosutilitytol.com,alb-03f1trfwr12q6zgm8w.us-east-1.alb.aliyuncsslbintl.com
beauty-hw-flv.meituan.net,beauty-hw-flv.meituan.net.c.cdnhwc3.com
www.ap8my.com,nlb-3svc79r8fxqv73kn0r.ap-southeast-1.nlb.aliyuncsslbintl.com
r.cc.cmbimg.com,r.cc.cmbimg.com.efe4a2e2.c.cdnhwc1.com
www.abuquant.com,abu-web.oss-cn-beijing.aliyuncs.com
www.bitstack.com,alb-8mr2cxpukjo9nkmen3.cn-hongkong.alb.aliyuncs.com
v26-hsv2-cold.douyinvod.com.51296c5e.c.cdnhwc1.com,hcdnv.zjtd04.v6.c.cdnhwc1.com
projecta-common-1258344701.file.myqcloud.com,projecta-common-1258344701.file.myqcloud.com.cdn.dnsv1.com
bi-datacenter-client.oss-cn-beijing.aliyuncs.com,sc-13cf.cn-beijing.oss-adns.aliyuncs.com
www.tencent-cloud-sa-1302739716.cos.sa-saopaulo.myqcloud.com,cos.sa-saopaulo.myqcloud.com
o.alicdn.com,o.alicdn.com.w.cdngslb.com
www.truspin.bet,nlb-wwwzr8hg1c5vya400c.ap-southeast-1.nlb.aliyuncsslbintl.com
www.madaliloan.com,alb-88wl7jlxf9hrztkkzw.ap-southeast-1.alb.aliyuncs.com
lzd-kangaroo.alicdn.com,lzd-kangaroo.alicdn.com.danuoyi.tbcache.com
creative.abidark.top.9d7f6dea.cdnhwcllh11.com,hcdnwsa119.vip.ovc.cdnhwcead111.com
www.ultronsv-us-1316693915.cos.na-ashburn.myqcloud.com,cos.na-ashburn.myqcloud.com
www.wlstock.com,www.wlstock.com.05998b63.cdnhwcpsd13.com
chinacopd.com,alb-d4s767lzqueml8p728.cn-shanghai.alb.aliyuncsslb.com
plt-gw-us.xiaoyi.com,alb-8r2ssi5flgme50139n.us-west-1.alb.aliyuncsslbintl.com
www.121bet888.com,www.121bet888.com.98339693.cdnhwcchh18.com
www.mycuci3.com,nlb-3svc79r8fxqv73kn0r.ap-southeast-1.nlb.aliyuncsslbintl.com
www.klbet6.com,nlb-3svc79r8fxqv73kn0r.ap-southeast-1.nlb.aliyuncsslbintl.com
m.watch-devs.com,alb-5h9ax4auval9punnhd.ap-southeast-1.alb.aliyuncs.com
eassos.lanzoue.com,0b8ffbb9.lanzoue.com.0b8ffbb9.cdnhwc8.cn
www.ezspin4.com,nlb-3svc79r8fxqv73kn0r.ap-southeast-1.nlb.aliyuncsslbintl.com
www.devb.gov.hk,www.gov.hk.f17a14b3.cdnhwcgqa21.com
login.diningcity.hk,1264566185309132.cn-hangzhou.fc.aliyuncs.com
gric-z-api.geely.com,alb-fr5t07n5ajklyjjxp1.cn-hangzhou.alb.aliyuncsslb.com
foxitsoftware-cn.oss-cn-shanghai.aliyuncs.com,sc-12xx.cn-shanghai.oss-adns.aliyuncs.com
access1.solarmanpv.com,nlb-xztrnzjcqsv7z351mw.eu-central-1.nlb.aliyuncsslbintl.com
e5hbet.com,e5hbet.com.98339693.cdnhwcgqa21.com
global-iuni.checktrustworthiness.com,alb-2sz6kf1lz4uwlvn9ji.eu-central-1.alb.aliyuncs.com
4012774.nx.apifox.cn,nlb-ijaqz5p51xwuikh3uc.cn-hongkong.nlb.aliyuncsslbintl.com
app-api.aicartmax.com,alb-ho1ktx84ayubw9ovwl.us-west-1.alb.aliyuncsslbintl.com
www.spinsx.net,nlb-3svc79r8fxqv73kn0r.ap-southeast-1.nlb.aliyuncsslbintl.com
www.emp.hk,alb-32upcp29b8eerudbq7.cn-hongkong.alb.aliyuncs.com
www.shell777.blog,nlb-3svc79r8fxqv73kn0r.ap-southeast-1.nlb.aliyuncsslbintl.com
dsm-watermark-service-center.oss-cn-zhangjiakou.aliyuncs.com,dsm-watermark-service-center.oss-cn-zhangjiakou.aliyuncs.com.gds.alibabadns.com
bluecity-blued-chatfiles-1252271228.bldimg.cn,bluecity-blued-chatfiles-1252271228.cos.ap-beijing.myqcloud.com
web.orionstars.vip,h5oss-website.oss-us-west-1.aliyuncs.com
ceair-resource.oss-cn-shanghai.aliyuncs.com,sc-3fj4.cn-shanghai.oss-adns.aliyuncs.com
www.jqkslot.world,nlb-3svc79r8fxqv73kn0r.ap-southeast-1.nlb.aliyuncsslbintl.com
www.mintchain.io.a22f9038.cdnhwcgqa21.com,hcdnw119.vip.ovc.cdnhwcick110.com
ap-southeast-1.api-iot.aliyuncs.com.gds.alibabadns.com,api-iot.ap-southeast-1.aliyuncs.com
p66-plat.wsbkwai.com.3dce113f.cdnhwchcg02.com,hcdnw.ks.gslb.ipv6.c.cdnhwc1.com
profilesys.bydauto.com.cn,profilesys.bydauto.com.cn.c.cdnhwc1.com
wap.qianlima.com.ff87f01c.c.cdnhwc1.com,hcdnw101.v3.cdnhwcprh113.com
www.100cuci.site,nlb-3svc79r8fxqv73kn0r.ap-southeast-1.nlb.aliyuncsslbintl.com
fif777.vip,fif777.vip.98339693.cdnhwcchh18.com
penguin-sdk.morefun-hk.com,alb-d5xg3ku65grkr53iaj.cn-hongkong.alb.aliyuncsslbintl.com
newsaggreg.shalltry.com,alb-bj3vrdlg29bjadsodw.eu-central-1.alb.aliyuncsslbintl.com
www.renrendoc.com.1aa261da.c.cdnhwc1.com,hcdnw101.v3.cdnhwcprh113.com
www.bantuan88b.com,nlb-3svc79r8fxqv73kn0r.ap-southeast-1.nlb.aliyuncsslbintl.com
ad-track.pinxiaobao.cn,alb-b5qn7fe8hs8pf7lrfu.cn-shenzhen.alb.aliyuncsslb.com
www.cos.na-siliconvalley.myqcloud.com,cos.na-siliconvalley.myqcloud.com
restaurantweek.sg,1264566185309132.ap-southeast-1.fc.aliyuncs.com
www.bj-qcloud-raw-1304795801.cos.ap-beijing.myqcloud.com,bj.file.myqcloud.com
www.coovee.com,www.coovee.com.1c64a652.cdnhwchcg02.com
hwork.haier.net.0b3aa17e.cdnhwcupf06.com,hcdnwsa120.v5.cdnhwczoy106.cn
www.rempit33.site,nlb-wwwzr8hg1c5vya400c.ap-southeast-1.nlb.aliyuncsslbintl.com
www.999cuci.org,nlb-3svc79r8fxqv73kn0r.ap-southeast-1.nlb.aliyuncsslbintl.com
moloco.rtb.crushblocks.com,alb-g7vadkqdydweect7qt.eu-central-1.alb.aliyuncsslbintl.com
www.i6malaysia.fun,nlb-3svc79r8fxqv73kn0r.ap-southeast-1.nlb.aliyuncsslbintl.com
www.westmonth.com,alb-qoqjdoqccni2icx2ir.cn-shenzhen.alb.aliyuncs.com
www.pcvideo.com.cn,nlb-8ldxkk0c2fjy65b6pq.cn-shenzhen.nlb.aliyuncsslb.com
ws005.tiptop.bet,nlb-dynxzzzb4gqhszw7uy.ap-southeast-6.nlb.aliyuncsslbintl.com
swl.fnnas.com,alb-78bjiv52429oh8qptp.cn-shenzhen.alb.aliyuncs.com
shinnydoc.oss-cn-shanghai.aliyuncs.com,sc-1krk.cn-shanghai.oss-adns.aliyuncs.com
s1.youme.im.0b95a39a.cdnhwcvix16.com,hcdnw120.dft.global.cdnhwckfz116.com
777slot3.com,777slot3.com.98339693.cdnhwcgqa21.com
www.livo.chat,alb-3r8s43rxd6kyq152h8.ap-southeast-1.alb.aliyuncsslbintl.com
www.mega98au.com,nlb-3svc79r8fxqv73kn0r.ap-southeast-1.nlb.aliyuncsslbintl.com
tips-p01-dre.dbankcdn.globalsign.c.cdnhwc1.cn,hcdnd.top.global.cdnhwclxu105.com
www.sem2.gob.cl.0cc5eb26.c.cdnhwc7.com,hcdnw119.ovc.c.cdnhwc7.com
qt.datacaciques.com,alb-b8p52vkh8f9jwvmztz.ap-southeast-1.alb.aliyuncs.com
h5.blokees.com.73cb4c83.cdnhwcchh18.com,hcdnw119.ovc.c.cdnhwc7.com
www.yuanqidesk.com.0ba44e8c.c.cdnhwc1.com,hcdnw102.vip.cdnhwcbzj102.com
vas-us-eventpic-1306916161.cos.na-siliconvalley.myqcloud.com,sili-only.cos.na-siliconvalley.myqcloud.com
8c341d72.cdn2.haiyiapi.com.8c341d72.cdnhwcpsd13.com,hcdnw102.vip.cdnhwcbzj102.com
coroarbet77.com.98339693.cdnhwcgqa21.com,hcdnwsa.ovc.baimingdan.cdnhwcbie120.cn
h5-id1.decentpay.net,alb-a0ee1oamfon4pwdow0.ap-southeast-1.alb.aliyuncs.com
armani-gateway.bzcname.com,alb-4qebycainjupywpt8p.cn-shanghai.alb.aliyuncs.com
retcode-sg-lazada.arms.aliyuncs.com,ap-southeast-1.log.aliyuncs.com
report-user-online-event.cn-wulanchabu.log.aliyuncs.com,report-user-online-event.cn-wulanchabu-b.log.aliyuncs.com
h5.connect-bajisitan.com.243ef88a.cdnhwcohm19.com,hcdnw.ovc.fbs.cdnhwcuim119.com
www.ap8myz.com,nlb-3svc79r8fxqv73kn0r.ap-southeast-1.nlb.aliyuncsslbintl.com
tracker.bestads.com,alb-nprtvb6sdxxapfu8mc.ap-southeast-1.alb.aliyuncsslbintl.com
recbiz.ssports.com,alb-h1lfgl3u2uqc9hi4e7.cn-beijing.alb.aliyuncs.com
www.bjcyh.com.cn.c.cdnhwc1.com,hcdnw102.vip.v6.cdnhwcbzj102.com
www.s4spin.net,nlb-wwwzr8hg1c5vya400c.ap-southeast-1.nlb.aliyuncsslbintl.com
777slot3.com.98339693.cdnhwcgqa21.com,hcdnwsa.ovc.baimingdan.cdnhwcbie120.cn
www.mbi777.club,nlb-3svc79r8fxqv73kn0r.ap-southeast-1.nlb.aliyuncsslbintl.com
www.2s55mm.com.98339693.cdnhwcgqa21.com,hcdnwsa.ovc.baimingdan.cdnhwcbie120.cn
www.wangmari88.club,nlb-3svc79r8fxqv73kn0r.ap-southeast-1.nlb.aliyuncsslbintl.com
fr.forum.dreametech.com,alb-81xw5tfib8hekx9kcm.eu-central-1.alb.aliyuncs.com
www.happy99win.cc,nlb-3svc79r8fxqv73kn0r.ap-southeast-1.nlb.aliyuncsslbintl.com
wallet-admin-drcn.dbankcdn.globalsign.c.cdnhwc1.cn,hcdnw.cbgipv6.gslb.c.cdnhwc2.com
sc-16e5.cn-hangzhou.oss-adns.aliyuncs.com,sc-16e5.cn-hangzhou.oss-adns.aliyuncs.com.gds.alibabadns.com
www.amz520.com.9d790379.cdnhwcpsd13.com,hcdnw102.sme.cdnhwcibv122.com
pull-flv-f26.douyincdn.com,pull-flv-f26.douyincdn.com.c.cdnhwc3.com
us-open-data.narwaltech.com,alb-rkjyv1g8r1itk293uw.us-west-1.alb.aliyuncs.com
cdn-oss-iccup-prod-public.chattech.com,iccup-prod-public.oss-accelerate.aliyuncs.com
mjianli.51job.com,alb-boktpxutg7bo1u512o.cn-shanghai.alb.aliyuncsslb.com
wwt.lanzouo.com,0b8ffbb9.lanzouo.com.0b8ffbb9.cdnhwc8.cn
alb-oversea-szprod.lingxigames.com,alb-edy30mcrxvw82jmx2b.cn-shenzhen.alb.aliyuncs.com
w2a.dramaexpo.com,alb-wd0mnu3sq2zb0qv7y7.ap-southeast-1.alb.aliyuncs.com
img.drz.lazcdn.com.9d2b5122.cdnhwcchh18.com,hcdnw.lzd.ovc.cdnhwcick110.com
apm3545-2-1258344700.cos.ap-nanjing-dev.myqcloud.com,cos.ap-nanjing-dev.myqcloud.com
lab-js-abtest.lazada.com,lab-js-abtest.lazada.com.9d2b5122.cdnhwcchh18.com
d1--ov-gotcha208.bilivideo.com,d1--ov-gotcha208.bilivideo.com.ec4cbd52.cdnhwc9.com
v26-cha.toutiaovod.com,v26-cha.toutiaovod.com.51296c5e.c.cdnhwc1.com
h5.kamikya.com,alb-49luiqhtnn8w87ucx3.ap-southeast-5.alb.aliyuncs.com
www.gcup2.com,nlb-3svc79r8fxqv73kn0r.ap-southeast-1.nlb.aliyuncsslbintl.com
www.zhangzhongyun.com,alb-hf0d3v7mc6dy1lbup1.cn-beijing.alb.aliyuncs.com
ad-server.xinghejoy.com,alb-4msmgf4bk0gvhb251v.cn-shenzhen.alb.aliyuncsslb.com
www.omodajaecoouae.com.0c9dc93b.cdnhwcedi10.com,hcdnw119.vip.ovc.cdnhwcick110.com
global.hoymiles.com,global.hoymiles.com.c.cdnhwc1.com
gestion.osadef.org.ar.daa133a0.cdnhwcedi10.com,hcdnw119.vip.ovc.cdnhwcick110.com
tr.forum.dreametech.com,alb-0t1q9sd6zgxz9fsmgk.ap-southeast-1.alb.aliyuncs.com
www.msccruises.com.cn,alb-21a8u1yjj8ku780v6r.cn-shanghai.alb.aliyuncsslb.com
www.apkzu.com,www.apkzu.com.7c9404c2.cdnhwcpsd13.com
vipcustomer.jet.co.id,vipcustomer.jet.co.id.15626df9.cdnhwcedi10.com
logapi.bodyevey.com,nlb-bd96zh76dt2zd43a4l.ap-southeast-1.nlb.aliyuncsslbintl.com
www.mahkota8b.com,nlb-3svc79r8fxqv73kn0r.ap-southeast-1.nlb.aliyuncsslbintl.com
storyonapp.com,alb-6dko6u7si4hs24c6zm.ap-southeast-1.alb.aliyuncs.com
www.cad.gov.hk,www.gov.hk.f17a14b3.cdnhwcgqa21.com
open-fk.imoulife.com,alb-na5fwg8k5zi4svn8vt.eu-central-1.alb.aliyuncsslbintl.com
mcintyre.asmrmusiapp.com,alb-5qe9om2lluoat810e5.us-east-1.alb.aliyuncs.com
www.vcity88vip.com,nlb-wwwzr8hg1c5vya400c.ap-southeast-1.nlb.aliyuncsslbintl.com
global.derucci.com.13809320.cdnhwcedi10.com,hcdnw120.vip.global.cdnhwctnm107.com
ra.bshg.com.cn,alb-w2td78pyrmvvr0l1lj.cn-zhangjiakou.alb.aliyuncs.com
inf.ldmnq.com,alb-i54zcmfax693ngbxz3.cn-shanghai.alb.aliyuncs.com
www.boleh888a.com,nlb-3svc79r8fxqv73kn0r.ap-southeast-1.nlb.aliyuncsslbintl.com
ossde.jingxun.xyz,de-jingxun-xyz.oss-eu-central-1.aliyuncs.com
ff87f01c.qianlima.com.ff87f01c.c.cdnhwc1.com,hcdnw101.sme.cdnhwcaip122.cn
junwfk.com,junwfk.com.5ce69b27.cdnhwcgqa21.com
hunan.weather.com.cn,hunan.weather.com.cn.c.cdnhwc1.com
exam.nowcoder.com,alb-btfrlo1jfu41wr200y.cn-hangzhou.alb.aliyuncs.com
pull-tsl-l26.douyincdn.com,pull-tsl-l26.douyincdn.com.d9235b9f.c.cdnhwc1.com
www.447duit.cloud,nlb-3svc79r8fxqv73kn0r.ap-southeast-1.nlb.aliyuncsslbintl.com
xfile2.a.88cdn.com.d1b7f386.cdnhwchcg02.com,hcdnw101.vip.ipv6.cdnhwcbzj102.com
v2-zj-shxcm.kwaicdn.com,gifshow.cn-northwest-1-cm.oss-enet-ds.aliyuncs.com
www.cloudmoon-1305370474.cos.ap-singapore.myqcloud.com,sgp.file.myqcloud.com
turbo-wms.rappi.com.mx.3ccacde2.cdnhwcohm19.com,hcdnw.ovc.fbs.v6.cdnhwcuim119.com
www.madani99.net,nlb-3svc79r8fxqv73kn0r.ap-southeast-1.nlb.aliyuncsslbintl.com
pxto.com.cn,1709146435620065.cn-hangzhou.fc.aliyuncs.com
vamolending.com,buenavista-financing-web.oss-ap-southeast-6.aliyuncs.com
pull-flv-q26.douyincdn.com.c.cdnhwc3.com,hcdnl.pulldyin.f26-v6.gslb.c.cdnhwc2.com
www.redspin88.net,nlb-wwwzr8hg1c5vya400c.ap-southeast-1.nlb.aliyuncsslbintl.com
stat.visionular.cn,alb-c33z51sa3hzfxisc45.cn-zhangjiakou.alb.aliyuncs.com
www.td.co.th.0aeb1760.c.cdnhwc7.com,hcdnw.ovc.sme.cdnhwccmz121.com
es-static.xiaojukeji.com,es-static.xiaojukeji.com.8b908a60.cdnhwchcg02.com
es-static.xiaojukeji.com.8b908a60.cdnhwchcg02.com,hcdnw102.vip.v6.cdnhwcbzj102.com
p26-artist-file-sign.byteimg.com.51296c5e.c.cdnhwc2.com,hcdnw.zjtd01.v6.c.cdnhwc1.com
www.rjbet77myr.co,nlb-3svc79r8fxqv73kn0r.ap-southeast-1.nlb.aliyuncsslbintl.com
sc-1gpm.cn-shanghai.oss-adns.aliyuncs.com,sc-1gpm.cn-shanghai.oss-adns.aliyuncs.com.gds.alibabadns.com
ali-init.crushblocks.com,alb-o72ootmx0s9pduv4jd.us-east-1.alb.aliyuncsslbintl.com
www.twcmmk.shop,nlb-3svc79r8fxqv73kn0r.ap-southeast-1.nlb.aliyuncsslbintl.com
mdaily.hangzhou.com.cn,hbjt-newspaper-mb.oss-cn-hangzhou.aliyuncs.com
www.cits.net,www.cits.net.081cbfe5.c.cdnhwc7.com
www.366qct.com,alb-ldy75wr7q8n0h1zito.cn-hangzhou.alb.aliyuncs.com
www.bethh777.com,www.bethh777.com.98339693.cdnhwcchh18.com
act-vip-ssl.xunlei.com,act-vip-ssl.xunlei.com.d1b7f386.cdnhwchcg02.com
www.dior88h.com,nlb-3svc79r8fxqv73kn0r.ap-southeast-1.nlb.aliyuncsslbintl.com
5hbet.la,5hbet.la.d172e9a2.cdnhwcgqa21.com
ts209sv.ghmtpf.cn,ts209sv.ghmtpf.cn.24b2b495.cdnhwcaoc115.cn
www.siti88.world,nlb-3svc79r8fxqv73kn0r.ap-southeast-1.nlb.aliyuncsslbintl.com
omega01-new-proxima.ntes53.netease.com,alb-vcvzvcmjz04knqktm0.eu-central-1.alb.aliyuncsslbintl.com
app.mt.sg.iot.dreame.tech,nlb-1bsdhuic5fe8heewie.ap-southeast-1.nlb.aliyuncs.com
p4-live.a.yximgs.com.3dce113f.c.cdnhwc1.com,hcdnw.ks.gslb.ipv6.c.cdnhwc1.com
bidalgo-1331356190.cos-website.ap-singapore.myqcloud.com,sgp.file.myqcloud.com
lf3-cm.ecombdstatic.com.bytedns1.com,lf3-cm.ecombdstatic.com.cdn.dnsv1.com
jp.solaxpower.com,alb-ccvoo7yrf5sris8h52.eu-central-1.alb.aliyuncs.com
pull-flv-h26-admin.douyincdn.com,pull-flv-h26-admin.douyincdn.com.cdnhwczba04.com
www.jsscs.gov.hk,www.gov.hk.f17a14b3.cdnhwcgqa21.com
www.file.myqcloud.com,www.file.myqcloud.com.cdn.dnsv1.com
3bt.bet,3bt.bet.98339693.cdnhwcgqa21.com
vdokh.matichon.co.th,vdokh.matichon.co.th.c.cdnhwc7.com
anonymousinfo-us-1316693915.cos.na-ashburn.myqcloud.com,ash-only.cos.na-ashburn.myqcloud.com
alivc-aio.cn-hangzhou.log.aliyuncs.com,alivc-aio.cn-hangzhou-c.log.aliyuncs.com
www.nicepicoofficial.com,alb-upez8gp345tuby9wtm.ap-southeast-1.alb.aliyuncs.com
hwmov6.a.yximgs.com,hwmov6.a.yximgs.com.c.cdnhwc1.com
www.icauruae.com,www.icauruae.com.0c9dc93b.cdnhwcedi10.com
pv.skywork.ai,alb-a5jrt0faw4mx9lq0vz.us-east-1.alb.aliyuncsslbintl.com
browserr-dra.dbankcdn.cn.80800000.c.cdnhwc1.com,hcdnw.top.ovc.cdnhwcick110.com
p4-ad.adukwai.com,p4-ad.adukwai.com.3dce113f.cdnhwchcg02.com
www.homesquare.com.hk,www.homesquare.com.hk.39344876.cdnhwcgqa21.com
sc-1pxc.cn-hangzhou.oss-adns.aliyuncs.com,sc-1pxc.cn-hangzhou.oss-adns.aliyuncs.com.gds.alibabadns.com
www.bunny96.com,nlb-3svc79r8fxqv73kn0r.ap-southeast-1.nlb.aliyuncsslbintl.com
www.richmama8.com,nlb-wwwzr8hg1c5vya400c.ap-southeast-1.nlb.aliyuncsslbintl.com
www.999cuci.club,nlb-3svc79r8fxqv73kn0r.ap-southeast-1.nlb.aliyuncsslbintl.com
www.55m55m.com.98339693.cdnhwcgqa21.com,hcdnwsa.ovc.baimingdan.cdnhwcbie120.cn
www.payment-cashier.com,www.payment-cashier.com.8bbc6def.cdnhwcchh18.com
www.55ff1a.com,www.55ff1a.com.98339693.cdnhwcgqa21.com
id01.gocas.id,alb-6j6e30i9hf9j0nk7b5.ap-southeast-5.alb.aliyuncs.com
live-play-hw.xhscdn.com.c.cdnhwc3.com,hcdnl.pullxaohs.gslb.c.cdnhwc2.com
11kfkfpg.com.98339693.cdnhwcgqa21.com,hcdnwsa.ovc.baimingdan.cdnhwcbie120.cn
www.mratm88.net,nlb-3svc79r8fxqv73kn0r.ap-southeast-1.nlb.aliyuncsslbintl.com
www.cervicalscreening.gov.hk,www.gov.hk.f17a14b3.cdnhwcgqa21.com
g6.globalwits.cn.d6b7ddff.cdnhwcgqa21.com,hcdnwsa.ovc.sme.cdnhwccmz121.com
m.17500.cn.c.cdnhwc1.com,hcdnw101.sme.foreign.cdnhwcaoc115.cn
img-ovs.alicdn.com,img-ovs.alicdn.com.w.cdngslb.com
www.pussy777.io,nlb-3svc79r8fxqv73kn0r.ap-southeast-1.nlb.aliyuncsslbintl.com
eeebet22.com,eeebet22.com.98339693.cdnhwcgqa21.com
sg-pic-1384773501.cos.ap-singapore.myqcloud.com,sgp.file.myqcloud.com
www.bijiaqi.com,alb-w364cucouitsj3gmoc.cn-hangzhou.alb.aliyuncsslb.com
donna.ogyca.com,alb-ryazje3liag701cj7f.us-east-1.alb.aliyuncsslbintl.com
ws-gateway.leisuapi.com,alb-7yg7g8sc9bz0lskfss.cn-hangzhou.alb.aliyuncs.com
www.whisperingwillowland.com,5244120403931821.eu-central-1.fc.aliyuncs.com
xls.gongkaohao.cn,xls.gongkaohao.cn.0b361f85.cdnhwcggk22.com
www.16dibs8.captcha-open-southeast.aliyuncs.com,alb-xu6ksqlb3rlrgvwi7f.ap-southeast-1.alb.aliyuncs.com
aiot-camera-ger2-10-1300889962.cos.eu-frankfurt.myqcloud.com,frank-only.cos.eu-frankfurt.myqcloud.com
manager.fforder.com,alb-di2x5q74tw06h6bnrb.cn-hongkong.alb.aliyuncsslbintl.com
sinosupply.com,alb-oum29woz3f4pmrnxv7.na-south-1.alb.aliyuncsslbintl.com
www.puma777.me,nlb-3svc79r8fxqv73kn0r.ap-southeast-1.nlb.aliyuncsslbintl.com
paysdk.ldmnq.com,alb-3ibjs73zrikn414k64.ap-southeast-1.alb.aliyuncs.com
adsimg.kompas.com,adsimg.kompas.com.0d0007d9.cdnhwc8.cn
sao.hsu.edu.hk,alb-2uj5f47bzu6ckcfe57.cn-hongkong.alb.aliyuncsslbintl.com
raccoon.gojekapi.com,nlb-5d6ij26q2y7syyxad5.ap-southeast-5.nlb.aliyuncsslbintl.com
standard-im-api.transsion-message.com,alb-4vv3v39qfk0npre5cd.eu-central-1.alb.aliyuncs.com
gift-hxypu-cdn.didistatic.com.8b908a60.cdnhwchcg02.com,hcdnw102.vip.v6.cdnhwcbzj102.com
www.9kelab1.com,nlb-3svc79r8fxqv73kn0r.ap-southeast-1.nlb.aliyuncsslbintl.com
p26-dreamina-sign.byteimg.com,p26-dreamina-sign.byteimg.com.51296c5e.c.cdnhwc2.com
www.100judi.vip,nlb-3svc79r8fxqv73kn0r.ap-southeast-1.nlb.aliyuncsslbintl.com
d4-plat.wsukwai.com,d4-plat.wsukwai.com.3dce113f.cdnhwcoem01.com
lf3-static.bytednsdoc.com.51296c5e.c.cdnhwc2.com,hcdnd100.ipv6.c.cdnhwc1.com
bluestacks.cn,bluestacks-cn.oss-cn-beijing.aliyuncs.com
www.kanglin-1384773501.cos.ap-nanjing.myqcloud.com,cos.ap-nanjing.myqcloud.com
wwp.lanzout.com,0b8ffbb9.lanzout.com.0b8ffbb9.cdnhwc8.cn
sso.funplus.com.cn,alb-70q62gupdfhdx2hhe9.cn-beijing.alb.aliyuncs.com
warship-web-index.oss-cn-hangzhou.aliyuncs.com,sc-2174.cn-hangzhou.oss-adns.aliyuncs.com
sc-2ph4.cn-beijing.oss-adns.aliyuncs.com,sc-2ph4.cn-beijing.oss-adns.aliyuncs.com.gds.alibabadns.com
tiktok.giikin.com,alb-1t4pohdgl04avvxxui.cn-shenzhen.alb.aliyuncs.com
cn-shanghai.api-iot.aliyuncs.com.gds.alibabadns.com,cn-shanghai.api-iot.aliyuncs.com.w.cdngslb.com
www.astar77au.com,nlb-3svc79r8fxqv73kn0r.ap-southeast-1.nlb.aliyuncsslbintl.com
lang.alicdn.com.gds.alibabadns.com,lang.alicdn.com.edgekey.net
www.cos-eu-nor-01-1322449504.cos.eu-frankfurt.myqcloud.com,ger.file.myqcloud.com
track.emusprint.com,alb-dtyr42mgy6u7cl74aa.ap-southeast-1.alb.aliyuncs.com
www.crownpgk.com,nlb-wwwzr8hg1c5vya400c.ap-southeast-1.nlb.aliyuncsslbintl.com
conf-us-1316693915.cos.na-ashburn.myqcloud.com,cos.na-ashburn.myqcloud.com
www.fndk.top,www.fndk.top.eef60fcc.cdnhwczjt20.com
www.baihemob.com,bahe-gw.oss-cn-hangzhou.aliyuncs.com
www.234bet.org.98339693.cdnhwcgqa21.com,hcdnwsa.ovc.baimingdan.cdnhwcbie120.cn
lf26-effect-aweme.byteeffecttos.com,lf26-effect-aweme.byteeffecttos.com.51296c5e.c.cdnhwc2.com
hexie.kdcloud.com.279119a1.cdnhwcllh11.com,hcdnwsa119.vip.ovc.cdnhwcead111.com
en.jftech.com,en.jftech.com.b0b1fafb.cdnhwcxcy07.com
mestizo.snackshortreels.com,alb-0f9l5r9mtv1b69u431.us-east-1.alb.aliyuncsslbintl.com
share.dummyland.cc,alb-k92xsrzffhbpw8zbhh.ap-southeast-7.alb.aliyuncs.com
1934418048403472.cn-hangzhou.fc.aliyuncs.com,cn-hangzhou-fc-hz-yunqi.fc.aliyuncs.com
sg.ott.io.mi.com,nlb-55ppblwho36jsjln9q.ap-southeast-1.nlb.aliyuncsslbintl.com
e577bet.com,e577bet.com.98339693.cdnhwcgqa21.com
www.myrspin.dev,nlb-wwwzr8hg1c5vya400c.ap-southeast-1.nlb.aliyuncsslbintl.com
thirdorder.giikin.com,thirdorder.giikin.com.6c27105d.c.cdnhwc1.com
s3plus.meituan.net.a33471a8.cdnhwcxcy07.com,hcdnw3.meituan.global.v6.cdnhwctnm107.com
vod.vodgc.net,vod.vodgc.net.839fb7ed.c.cdnhwc7.com
www.kaboom77.com,nlb-3svc79r8fxqv73kn0r.ap-southeast-1.nlb.aliyuncsslbintl.com
www.book118.com,www.book118.com.06d667fa.c.cdnhwc1.com
feedback-api.yepreader.com,alb-2s2d3pqqjy14arkiz4.eu-central-1.alb.aliyuncsslbintl.com
www.wuhunews.cn.b2b9b237.cdnhwcurq03.com,hcdnwsa101.vip.ipv6.cdnhwckon103.com
pull-flv-t26-admin.douyincdn.com.c.cdnhwc3.com,hcdnl.pulldyin-v6.gslb.c.cdnhwc2.com
tx.hls.nimo.tv,21670.liveplay.myqcloud.com
www.711cuci.org,nlb-3svc79r8fxqv73kn0r.ap-southeast-1.nlb.aliyuncsslbintl.com
pullsgp.yyzb456.top,pullsgp.yyzb456.top.c.cdnhwc3.com
mmbizwxadpobcos-bak-v11-1258344707.cos-dualstack.ap-shanghai.myqcloud.com,cos-dualstack.ap-shanghai.myqcloud.com
www.bestau77.com,nlb-3svc79r8fxqv73kn0r.ap-southeast-1.nlb.aliyuncsslbintl.com
opentiny.design.0b9a1ca1.cdnhwchcg02.com,hcdnw101.vip.cdnhwcbzj102.com
grade.visiontechmed.com,grade-files.oss-cn-shenzhen.aliyuncs.com
snaptubes.blog,nlb-wdy4lwqz4i0f1p38u7.eu-central-1.nlb.aliyuncsslbintl.com
mqtt.transsion-os.com,nlb-u290yk0z4suclztb1r.eu-central-1.nlb.aliyuncsslbintl.com
www.juequling.com,alb-etfv41vmm655cfn3k6.cn-shanghai.alb.aliyuncs.com
www.borneo777a.com,nlb-3svc79r8fxqv73kn0r.ap-southeast-1.nlb.aliyuncsslbintl.com
golive-asia.thaiticketmajor.com,golive-asia.thaiticketmajor.com.6cf9afd2.c.cdnhwc7.com
us-east-1.api-iot.aliyuncs.com,us-east-1.api-iot.aliyuncs.com.gds.alibabadns.com
p4-ec.ecukwai.com.3dce113f.cdnhwchcg02.com,hcdnw.ks.gslb.ipv6.c.cdnhwc1.com
www.razersynapse.com,www-razersynapse-com.oss-cn-hangzhou.aliyuncs.com
ds-1030.oss-acc-allline.aliyuncs.com,ds-1030.oss-acc-allline.aliyuncs.com.gds.alibabadns.com
api-watch.tiancaixing.com,nlb-f8h1masbjml77xzfjc.cn-beijing.nlb.aliyuncs.com
ubiabox-us.oss-accelerate.aliyuncs.com,ds-1048.oss-acc-allline.aliyuncs.com
www.444cuci.online,nlb-3svc79r8fxqv73kn0r.ap-southeast-1.nlb.aliyuncsslbintl.com
bethh999.com,bethh999.com.98339693.cdnhwcchh18.com
vip.coroarbet77.com.98339693.cdnhwcgqa21.com,hcdnwsa.ovc.baimingdan.cdnhwcbie120.cn
tbm-auth.alicdn.usd.alibabadns.com,tbm-auth.alicdn.com.danuoyi.tbcache.com
fe-static-1251524319.cos.ap-shanghai.myqcloud.com,sh.file.myqcloud.com
api-normal-v3.ldd678.com,api-normal-v3.ldd678.com.a3443e11.cdnhwcupf06.com
cyberhiking.cn,cyberhiking.oss-cn-hangzhou.aliyuncs.com
www.zulubetx.net,nlb-3svc79r8fxqv73kn0r.ap-southeast-1.nlb.aliyuncsslbintl.com
goodnovelshort.com,alb-qxb9rla0tulnb5cxst.ap-southeast-1.alb.aliyuncs.com
ws007.tiptop.bet,nlb-ikoxj0jaahmae7c2ai.ap-southeast-6.nlb.aliyuncsslbintl.com
www.wme.cn.096d353c.c.cdnhwc7.com,hcdnw119.ovc.c.cdnhwc7.com
hiboard-dra.dbankcdn.com.80800000.globalsign.c.cdnhwc1.cn,hcdnd.top.ovc.cdnhwczks109.com
configpatch7.xunyou.com,configpatch7.xunyou.com.aebd82c2.cdnhwclxw05.com
www.asia818vip.xyz,nlb-3svc79r8fxqv73kn0r.ap-southeast-1.nlb.aliyuncsslbintl.com
rutty.vacleana.com,alb-mczx6dwpk6s2ym1nhw.us-east-1.alb.aliyuncsslbintl.com
www.mingyuanyun.com.08ce93c9.cdnhwcxcy07.com,hcdnw120.vip.global.cdnhwctnm107.com
pay.scholarscope.online,alb-lmgfj1cvumdd999enp.cn-shanghai.alb.aliyuncsslb.com
www.pavillion88.org,nlb-3svc79r8fxqv73kn0r.ap-southeast-1.nlb.aliyuncsslbintl.com
www.deepiano.com,nlb-7alm5vh553fe2491f5.cn-beijing.nlb.aliyuncsslb.com
apioci.fwfallowads.com,alb-3qiuedhd2agm7u5dpa.ap-southeast-1.alb.aliyuncsslbintl.com
3386631.ma3you.cn,alb-rp1fzrl0mirmofa49y.cn-hangzhou.alb.aliyuncs.com
www.12cuci.life,nlb-3svc79r8fxqv73kn0r.ap-southeast-1.nlb.aliyuncsslbintl.com
fdfs.xibocdn.com,fdfs.xibocdn.com.1d0ddae6.cdnhwchcg02.com
k8s.bee.com,alb-5mxs0xbepv4dv2e826.cn-hongkong.alb.aliyuncsslbintl.com
www.4funvideo.com,alb-d2bi0320rsnpptxem6.ap-southeast-1.alb.aliyuncs.com
www.palmplaystore.com,alb-1xoogcays2qdan08f6.eu-central-1.alb.aliyuncsslbintl.com
sdk-1251008858.file.myqcloud.com,sdk-1251008858.file.myqcloud.com.cdn.dnsv1.com
cbu01.alicdn.com,cbu01.alicdn.com.danuoyi.tbcache.com
acsdk-x20na.gameyw.easebar.com,alb-mttfpmje5tstfov26z.ap-northeast-1.alb.aliyuncsslbintl.com
www.arsenal888k.com,nlb-3svc79r8fxqv73kn0r.ap-southeast-1.nlb.aliyuncsslbintl.com
www.queen13.net,nlb-wwwzr8hg1c5vya400c.ap-southeast-1.nlb.aliyuncsslbintl.com
www.spinz.vip,nlb-3svc79r8fxqv73kn0r.ap-southeast-1.nlb.aliyuncsslbintl.com
userlink.alicdn.com,userlink.alicdn.com.danuoyi.tbcache.com
www.tng66.co,nlb-3svc79r8fxqv73kn0r.ap-southeast-1.nlb.aliyuncsslbintl.com
www.tapnow.top,alb-ika264zhejw3arkqkf.cn-shanghai.alb.aliyuncsslb.com
vip.55ff1a.com.98339693.cdnhwcgqa21.com,hcdnwsa.ovc.baimingdan.cdnhwcbie120.cn
www.jftechsoft.com,www.jftechsoft.com.b0b1fafb.cdnhwcxcy07.com
www.libii.cn.0635d777.cdnhwcpsd13.com,hcdnw101.v3.cdnhwcprh113.com
doroob.sa,alb-6wxa58kg5k6lnn1l4f.me-central-1.alb.aliyuncsslbintl.com
www.fawtrucks-global.com.8499c1ed.cdnhwcllh11.com,hcdnwsa119.vip.ovc.cdnhwcead111.com
support.tuya.com,nlb-ei69hblkwi7x7q0wp9.cn-shanghai.nlb.aliyuncs.com
store.xiaohongshu.com.057f7a7d.cdnhwcoem01.com,hcdnv.top.v6.global.cdnhwclxu105.com
api.thejeu.com,nlb-mdn75dh52xxrdfhmt0.eu-central-1.nlb.aliyuncsslbintl.com
www.keniu.com,www.keniu.com.943e270b.cdnhwchcg02.com
s3.bidalgo.io,bidalgo-1331356190.cos-website.ap-singapore.myqcloud.com
www.ana4488.shop,nlb-3svc79r8fxqv73kn0r.ap-southeast-1.nlb.aliyuncsslbintl.com
www.play33.online,nlb-3svc79r8fxqv73kn0r.ap-southeast-1.nlb.aliyuncsslbintl.com
www.shardbet.co,nlb-3svc79r8fxqv73kn0r.ap-southeast-1.nlb.aliyuncsslbintl.com
v2-zj-jscm.kwaicdn.com,gifshow.cn-east-2-cm.oss-enet-ds.aliyuncs.com
vip.kf365pg.com,vip.kf365pg.com.98339693.cdnhwcchh18.com
cdn.betano-realfesta.org.b7468c1b.cdnhwcgqa21.com,hcdnw.ovc.sme.cdnhwccmz121.com
bluecity-blued-burnchatfiles-1252271228.cos.ap-beijing.myqcloud.com,bj.file.myqcloud.com
unity.hwprize.com,alb-q4ias860fboa7mp0q2.ap-southeast-1.alb.aliyuncsslbintl.com
sc-1pro.cn-shanghai.oss-adns.aliyuncs.com,sc-1pro.cn-shanghai.oss-adns.aliyuncs.com.gds.alibabadns.com
tools.meaningtake.com,alb-sbfvnn759xkqegopi3.us-west-1.alb.aliyuncsslbintl.com
www.a55aeauzdn1.iot-as-mqtt.eu-central-1.aliyuncs.com,oxs-de-prod.mqtt.iotgds.aliyuncs.com
www.cita66.xyz,nlb-3svc79r8fxqv73kn0r.ap-southeast-1.nlb.aliyuncsslbintl.com
ds-1037.oss-acc-allline.aliyuncs.com,ds-1037.oss-acc-allline.aliyuncs.com.gds.alibabadns.com
apm3399-4-1258344700.cos.ap-nanjing-dev.myqcloud.com,cos.ap-nanjing-dev.myqcloud.com
d66-plat-solar.wsukwai.com.3dce113f.cdnhwcoem01.com,hcdnv.ks6.gslb.ipv6.c.cdnhwc1.com
www.hygieneblackspots.gov.hk,hygieneblackspots.gov.hk.82d0c7cc.cdnhwcgqa21.com
www.dn99e.com,nlb-3svc79r8fxqv73kn0r.ap-southeast-1.nlb.aliyuncsslbintl.com
ph-test-11.slatic.net.9d2b5122.cdnhwcchh18.com,hcdnw.lzd.ovc.cdnhwcick110.com
www.merah44.org,nlb-3svc79r8fxqv73kn0r.ap-southeast-1.nlb.aliyuncsslbintl.com
files.alicdn.com,files.alicdn.com.danuoyi.tbcache.com
cloud.zilliz.com.cn,alb-c6nip7e1db3s448j3p.cn-hangzhou.alb.aliyuncs.com
passport.midtrans.com,nlb-4rb27zpltfqzmizde9.ap-southeast-5.nlb.aliyuncsslbintl.com
api.mmtoapp.com,alb-0dlz96rn6q7xvcqxu7.ap-southeast-1.alb.aliyuncsslbintl.com
hitherto.storiftgames.com,alb-6i1islp8n0m2in17ra.us-east-1.alb.aliyuncsslbintl.com
www.waze2win.store,nlb-3svc79r8fxqv73kn0r.ap-southeast-1.nlb.aliyuncsslbintl.com
funimg-q.pddpic.com,funimg-q.pddpic.com.05a8451e.c.cdnhwc1.com
www.5sbet.net.98339693.cdnhwcchh18.com,hcdnw119.ovc.c.cdnhwc7.com
app-fx-ws.wzchjq.com.a3443e11.cdnhwcupf06.com,hcdnwsa.ovc.fbs.cdnhwcuim119.com
vp-0304-d03-pic-1306916161.cos.eu-frankfurt.myqcloud.com,frank-only.cos.eu-frankfurt.myqcloud.com
www.neteasegamer.com,alb-688np8eqp98nxeoa85.ap-northeast-1.alb.aliyuncsslbintl.com
api-normal-v3.ldd678.com.a3443e11.cdnhwcupf06.com,hcdnwsa120.v5.gate.cdnhwcbqs106.com
appimg-dre.dbankcdn.com,appimg-dre.dbankcdn.com.80800000.globalsign.c.cdnhwc1.cn
flipflop.mixtubepro.com,alb-6l2w2512dx0ksfucvl.us-east-1.alb.aliyuncsslbintl.com
brls2i1xetv.bethh9.com,brls2i1xetv.bethh9.com.98339693.cdnhwcgqa21.com
cysj.lanzoue.com,0b8ffbb9.lanzoue.com.0b8ffbb9.cdnhwc8.cn
ht-global-1312929133.cos.accelerate.myqcloud.com,cos.accelerate.myqcloud.com
cloud.hiksemi.cn,hikstor.oss-cn-hangzhou.aliyuncs.com
cba.ncube.com.ng.50af80c0.cdnhwcgqa21.com,hcdnw.ovc.sme.cdnhwccmz121.com
pkg.biligame.com.04f6a54d.c.cdnhwc1.com,hcdnd.biligame.gslbv6.c.cdnhwc2.com
replay-alpha1-cq-2-1259129723.cos.ap-chongqing.myqcloud.com,cq.file.myqcloud.com
m.buildmost.com,m.buildmost.com.c.cdnhwc1.com
www.mrcoin88.com,nlb-3svc79r8fxqv73kn0r.ap-southeast-1.nlb.aliyuncsslbintl.com
www.lanabet77.store,nlb-3svc79r8fxqv73kn0r.ap-southeast-1.nlb.aliyuncsslbintl.com
vip.55365pg.com.98339693.cdnhwcgqa21.com,hcdnwsa.ovc.baimingdan.cdnhwcbie120.cn
hwres-1256929896.cos.na-siliconvalley.myqcloud.com,cos.na-siliconvalley.myqcloud.com
server.smten.com,nlb-wxa2n9thyzjb7noiyv.cn-hongkong.nlb.aliyuncs.com
api6.aoneroom.com,nlb-qucsgp5d18hke4tl7u.eu-central-1.nlb.aliyuncsslbintl.com
www.diyifanwen.com,dd4ckju7caicg9.wscloudcdn.com
palm.tech,oss-transid-render.oss-eu-central-1.aliyuncs.com
o8hhteb.bethh8.com,o8hhteb.bethh8.com.98339693.cdnhwcgqa21.com
www.eagleyun.cn,alb-marbwfk0jtpps4snfn.cn-hangzhou.alb.aliyuncs.com
www.yiku188.com,alb-wtbw8jn9hkv2os9biq.cn-hongkong.alb.aliyuncs.com
www.zajourney.com.5a801d24.c.cdnhwc1.com,hcdnw101.vip.cdnhwcbzj102.com
columbia-hk-www.bzcname.com,alb-xkknt8rfpheo1el4nr.ap-southeast-1.alb.aliyuncsslbintl.com
hangzhoutanlink-poc.datasink.sensorsdata.cn,alb-b5qowvhxcn9koqyu7t.cn-beijing.alb.aliyuncs.com
www.bp99c.com,nlb-3svc79r8fxqv73kn0r.ap-southeast-1.nlb.aliyuncsslbintl.com
data.love8.ltd,alb-6tyo09k4t37nafq8ar.us-west-1.alb.aliyuncs.com
mdn.alicdn.com,mdn.alicdn.com.w.cdngslb.com
openi.cn.6c16746c.cdnhwcggk22.com,hcdnw101.sme.cdnhwcaip122.cn
www.psg888f.com,nlb-3svc79r8fxqv73kn0r.ap-southeast-1.nlb.aliyuncsslbintl.com
www.freecuci365.co,nlb-3svc79r8fxqv73kn0r.ap-southeast-1.nlb.aliyuncsslbintl.com
pasarwungu-beijing.oss-cn-beijing.aliyuncs.com,sc-12p9.cn-beijing.oss-adns.aliyuncs.com
sketch.deiaobortuo.cc,alb-vs2ui3xwywecii3248.us-east-1.alb.aliyuncsslbintl.com
ocs.ruijie.com.cn,alb-yf2840py756efzjeiw.cn-shenzhen.alb.aliyuncsslb.com
fmf777.win.98339693.cdnhwcchh18.com,hcdnw119.ovc.c.cdnhwc7.com
www.okki.com,alb-33m04ou53pjg65mhqs.cn-hangzhou.alb.aliyuncsslb.com
vc-0433-d01-n02.cloudlinks.cn,vc-0433-d01-n02.oss-na-south-1.aliyuncs.com
api.gravity-engine.com,alb-2n1y1c05gn93wm81jm.cn-hangzhou.alb.aliyuncsslb.com
www.btcuci.cc,nlb-3svc79r8fxqv73kn0r.ap-southeast-1.nlb.aliyuncsslbintl.com
www.bandarjudi33.org,nlb-3svc79r8fxqv73kn0r.ap-southeast-1.nlb.aliyuncsslbintl.com
p1.meituan.net.a33471a8.cdnhwcxcy07.com,hcdnw3.meituan.global.v6.cdnhwctnm107.com
www.121bet28.com.98339693.cdnhwcchh18.com,hcdnw119.ovc.c.cdnhwc7.com
lf26-pitaya.bytetos.com,lf26-pitaya.bytetos.com.51296c5e.c.cdnhwc2.com
www.rollau.xyz,nlb-3svc79r8fxqv73kn0r.ap-southeast-1.nlb.aliyuncsslbintl.com
game-1255653016.file.myqcloud.com,game-1255653016.file.myqcloud.com.cdn.dnsv1.com
env-csrb3ium1hkit7qial00-cn-beijing.alicloudapi.com,nlb-qniqqjcjbaio26ax8b.cn-beijing.nlb.aliyuncsslb.com
registry.hsu.edu.hk,alb-2uj5f47bzu6ckcfe57.cn-hongkong.alb.aliyuncsslbintl.com
pro-img-obs.789bingo.com.2e48fbc3.cdnhwcchh18.com,hcdnw119.ovc.c.cdnhwc7.com
csgo.moeub.cn,csgo.moeub.cn.0b6719f7.c.cdnhwc1.com
fast-api.hisavana.com,alb-9kmj7pmu58w65bfnoh.eu-central-1.alb.aliyuncsslbintl.com
hagres-drcn.dbankcdn.com,hagres-drcn.dbankcdn.com.80800000.c.cdnhwc1.com
feedback.transsion-os.com,nlb-b6srnqdqzk3me96gm3.eu-central-1.nlb.aliyuncs.com
fetal.dfproviewpdf.com,alb-80f7u4csktzzvplltp.us-east-1.alb.aliyuncsslbintl.com
www.ymm56.com,alb-q0qha90bpiyatd5qyj.cn-hangzhou.alb.aliyuncs.com
v26-liteseries.douyinvod.com,v26-liteseries.douyinvod.com.51296c5e.c.cdnhwc1.com
play-hw-las.livetech.shopee.ph.c.cdnhwc7.com,hcdnl.pullsea.ovc.gslb.c.cdnhwc7.com
ultronsplus-us-1316693915.cos.na-ashburn.myqcloud.com,ash-only.cos.na-ashburn.myqcloud.com
search-render-dra.dbankcdn.com.c.cdnhwc1.com,hcdnw.top.global.cdnhwctnm107.com
oxs-eus-prod.mqtt.iotgds.aliyuncs.com,us-east-prod.mqtt.iotgds.aliyuncs.com
www.diceau.com,nlb-3svc79r8fxqv73kn0r.ap-southeast-1.nlb.aliyuncsslbintl.com
vss.aliyuncs.com,vss-access.aliyuncs.com
www.ofm.co.th.08f2cbaf.c.cdnhwc7.com,hcdnw119.ovc.c.cdnhwc7.com
www.mosbuild.com,www-regional-production-mosbuild-com.oss-eu-central-1.aliyuncs.com
www.oren33.com,nlb-3svc79r8fxqv73kn0r.ap-southeast-1.nlb.aliyuncsslbintl.com
api.snaptube.app,nlb-mdn75dh52xxrdfhmt0.eu-central-1.nlb.aliyuncsslbintl.com
www.twcbet.net,nlb-3svc79r8fxqv73kn0r.ap-southeast-1.nlb.aliyuncsslbintl.com
live.douyin.com.51296c5e.c.cdnhwc2.com,hcdndyn.zjtd04.v6.c.cdnhwc2.com
valentino-prod.bzcname.com,alb-nmggm83wc0eno0o94r.cn-shanghai.alb.aliyuncs.com
3181056.ma3you.cn,alb-rp1fzrl0mirmofa49y.cn-hangzhou.alb.aliyuncs.com
h5.unionlao.com,alb-vs7gea22ekkkmrm6et.ap-southeast-1.alb.aliyuncs.com
www.mkzhan.com.5536181f.cdnhwcxcy07.com,hcdnw102.vip.v6.cdnhwcbzj102.com
api26-normal-lq.amemv.com.c.cdnhwc1.com,hcdndyn.zjtd04.v6.c.cdnhwc2.com
fnnas.com,alb-78bjiv52429oh8qptp.cn-shenzhen.alb.aliyuncs.com
d1--cn-gotcha204.bilivideo.com,txy-fmp4hls.bilivideo.com.livecdn.liveplay.myqcloud.com
oxs-de-prod.id2.iotgds.aliyuncs.com,oxs-de-prod.id2.iotgds.aliyuncs.com.gds.alibabadns.com
boschqrmp.bshg.com.cn,alb-w2td78pyrmvvr0l1lj.cn-zhangjiakou.alb.aliyuncs.com
g-search2.alicdn.com,g-search2.alicdn.com.danuoyi.tbcache.com
wwarl.lanzoul.com,0b8ffbb9.lanzoul.com.0b8ffbb9.cdnhwc8.cn
www.bila2cuci.shop,nlb-3svc79r8fxqv73kn0r.ap-southeast-1.nlb.aliyuncsslbintl.com
www.drivethelife.com,alb-lx77ee3slq9r96kxhh.us-east-1.alb.aliyuncsslbintl.com
sockeye.storagejunk.net,alb-n0ugpgcvc2b8p3bab7.us-east-1.alb.aliyuncsslbintl.com
www.ptn777c.com,nlb-3svc79r8fxqv73kn0r.ap-southeast-1.nlb.aliyuncsslbintl.com
www.clotgaming66.com,nlb-wwwzr8hg1c5vya400c.ap-southeast-1.nlb.aliyuncsslbintl.com
api26-normal-m-hj.amemv.com,api26-normal-m-hj.amemv.com.51296c5e.c.cdnhwc2.com
lf26-infras.bytetos.com.51296c5e.c.cdnhwc1.com,hcdnd100.ipv6.c.cdnhwc1.com
jogovvs.com,jogovvs.com.98339693.cdnhwcchh18.com
ds-2009.oss-acc-allline.aliyuncs.com,ds-2009.oss-acc-allline.aliyuncs.com.gds.alibabadns.com
www.77judi.net,nlb-3svc79r8fxqv73kn0r.ap-southeast-1.nlb.aliyuncsslbintl.com
www.yuwinone.com,nlb-3svc79r8fxqv73kn0r.ap-southeast-1.nlb.aliyuncsslbintl.com
benefits-pro.rappi.com.ar.3ccacde2.cdnhwcohm19.com,hcdnw.ovc.fbs.v6.cdnhwcuim119.com
www.m2cuci.store,nlb-3svc79r8fxqv73kn0r.ap-southeast-1.nlb.aliyuncsslbintl.com
mosnew-hw-drcn.dbankcdn.80800000.globalsign.c.cdnhwc1.cn,hcdnv.cbg.c.cdnhwc1.com
www.replay-alpha1-tj-2-1259129723.cos.ap-beijing.myqcloud.com,bj.file.myqcloud.com
pull-flv-l26.douyincdn.com,pull-flv-l26.douyincdn.com.c.cdnhwc3.com
www.easywin.ng.d507c6c8.cdnhwcgqa21.com,hcdnw.ovc.sme.cdnhwccmz121.com
hangup.palmplaystore.com,alb-1xoogcays2qdan08f6.eu-central-1.alb.aliyuncsslbintl.com
benefits-pro.rappi.com.co,benefits-pro.rappi.com.co.3ccacde2.cdnhwcohm19.com
oneconsole.alicdn.com,oneconsole.alicdn.com.w.cdngslb.com
www.ppn88.co,nlb-3svc79r8fxqv73kn0r.ap-southeast-1.nlb.aliyuncsslbintl.com
win2.bethh7.com.98339693.cdnhwcgqa21.com,hcdnwsa.ovc.baimingdan.cdnhwcbie120.cn
middle.creditorapidopr.com,alb-shqy18cg3g28rf2687.us-east-1.alb.aliyuncs.com
www.aussiebt.com,nlb-3svc79r8fxqv73kn0r.ap-southeast-1.nlb.aliyuncsslbintl.com
vip.winhaa.com.98339693.cdnhwcgqa21.com,hcdnwsa.ovc.baimingdan.cdnhwcbie120.cn
www.geely.com.68742812.cdnhwcchh18.com,hcdnw119.ovc.c.cdnhwc7.com
chat-us.im30app.com,nlb-ai474evdht9b77jd7c.us-west-1.nlb.aliyuncsslbintl.com
sc-1ymn.cn-hangzhou.oss-adns.aliyuncs.com,sc-1ymn.cn-hangzhou.oss-adns.aliyuncs.com.gds.alibabadns.com
pull-flv-q26-admin.douyincdn.com,pull-flv-q26-admin.douyincdn.com.c.cdnhwc3.com
www.pharaohslots.top,alb-lt3k3be36yprcjwqzd.us-east-1.alb.aliyuncsslbintl.com
esappdownload.com,shixh5ads.oss-us-west-1.aliyuncs.com
jianli.51job.com,alb-boktpxutg7bo1u512o.cn-shanghai.alb.aliyuncsslb.com
www.crashsight-logs-1319323203.cos.accelerate.myqcloud.com,cos.accelerate.myqcloud.com
pull-hls-spe-l26.douyinliving.com,pull-hls-spe-l26.douyinliving.com.cdnhwczba04.com
gift-pypu-cdn.didistatic.com.8b908a60.cdnhwchcg02.com,hcdnw102.vip.v6.cdnhwcbzj102.com
naiyi.lanzoul.com,0b8ffbb9.lanzoul.com.0b8ffbb9.cdnhwc8.cn
ds-1005.oss-acc-allline.aliyuncs.com,ds-1005.oss-acc-allline.aliyuncs.com.gds.alibabadns.com
req-report.qiumibao.com,alb-rayhu46tc8nen3x3my.cn-hangzhou.alb.aliyuncsslb.com
sf26-sign.douyinstatic.com.51296c5e.c.cdnhwc1.com,hcdnd100.ipv6.c.cdnhwc1.com
amos.alicdn.com,amos.alicdn.com.gds.alibabadns.com
agent.ichamet.com,nlb-48ll4vvd8tyghb0w0n.ap-southeast-1.nlb.aliyuncsslbintl.com
v26.bdxiguavod.com,v26.bdxiguavod.com.c.cdnhwc1.com
v26-mcc-adp3-u1.onewsvod.com.51296c5e.c.cdnhwc1.com,hcdnv.zjtd02.v6.c.cdnhwc2.com
imgservices-1252317822.image.myqcloud.com,imgservices-1252317822.image.myqcloud.com.cdn.dnsv1.com
www.jdrbet.org,nlb-3svc79r8fxqv73kn0r.ap-southeast-1.nlb.aliyuncsslbintl.com
a6b.co,alb-g13sv4bwjxw0yx7j84.ap-southeast-1.alb.aliyuncs.com
www.glbet9.com,nlb-3svc79r8fxqv73kn0r.ap-southeast-1.nlb.aliyuncsslbintl.com
www.pdn99.com,nlb-3svc79r8fxqv73kn0r.ap-southeast-1.nlb.aliyuncsslbintl.com
ep2x3kiawg-default-us.rum.aliyuncs.com,proj-xtrace-fcb2b69c5a83493deb2af6b1437f2ba-us-west-1.us-west-1.log.aliyuncs.com
sc-2vbg.cn-beijing.oss-adns.aliyuncs.com,sc-2vbg.cn-beijing.oss-adns.aliyuncs.com.gds.alibabadns.com
07dedd14.788v.com.07dedd14.cdnhwcggk22.com,hcdnw101.sme.cdnhwcaip122.cn
g.search2.alicdn.com,g.search2.alicdn.com.danuoyi.alicdn.com
apppromotion-drcn.dbankcdn.cn,apppromotion-drcn.dbankcdn.80800000.globalsign.c.cdnhwc1.cn
mpaas.cn-hongkong.aliyuncs.com,mpaas.cn-hongkong.aliyuncs.com.gds.alibabadns.com
mxgi.sg.rongcfg.com,nlb-ouvqs7wpon3u3z0s1e.ap-southeast-1.nlb.aliyuncs.com
m.easy.win,m.easy.win.690dbc42.c.cdnhwc7.com
play-hw-las.livetech.shopee.co.id.c.cdnhwc7.com,hcdnl.pullsea.ovc.gslb.c.cdnhwc7.com
vip.55m55m.com,vip.55m55m.com.98339693.cdnhwcgqa21.com
mobile-api.skchatbot.com,alb-36hvf3x6q84oagfgum.us-east-1.alb.aliyuncsslbintl.com
www.vxuebao.com.dcc0f642.cdnhwczth23.com,hcdnv101.v3.cdnhwcoph123.com
www.qagw-cn-beijing.oss.aliyuncs.com,qagw-cn-beijing.oss.aliyuncs.com.usd.alibabadns.com
www.100cucimyr.com,nlb-3svc79r8fxqv73kn0r.ap-southeast-1.nlb.aliyuncsslbintl.com
global.solaxcloud.com,nlb-l35uzup7nbrh36cdxe.eu-central-1.nlb.aliyuncs.com
www.v12betmy.net,nlb-3svc79r8fxqv73kn0r.ap-southeast-1.nlb.aliyuncsslbintl.com
img.hifamiapp.com.243ef88a.cdnhwcohm19.com,hcdnw.ovc.fbs.cdnhwcuim119.com
gotradeindo.tr8.tech,nlb-hjvbl1u1by4yy6b4c2.ap-southeast-5.nlb.aliyuncsslbintl.com
www.starmaker-fk-1256122840.cos.eu-frankfurt.myqcloud.com,ger.file.myqcloud.com
xqa.wallpaperpu.com,alb-g7kd4gzpzvzg031297.us-east-1.alb.aliyuncsslbintl.com
qdreaderpic-1252317822.file.myqcloud.com,qdreaderpic-1252317822.file.myqcloud.com.cdn.dnsv1.com
www.dmw.gov.hk,www.gov.hk.f17a14b3.cdnhwcgqa21.com
sc.weather.com.cn,sc.weather.com.cn.c.cdnhwc1.com
pgw.dp.alipay.com,alb-3lj8tpc2bq0tg8qeu7.ap-southeast-5.alb.aliyuncs.com
popunify.cn-hangzhou.aliyuncs.com,popunify.cn-hangzhou.aliyuncs.com.vipgds.alibabadns.com
hudong.alicdn.com,hudong.alicdn.com.danuoyi.tbcache.com
www.g-report.jp,alb-ifmcg0wxmf6e08s4ud.ap-northeast-1.alb.aliyuncsslbintl.com
www.fsphk.com.39344876.cdnhwcgqa21.com,hcdnw119.vip.ovc.cdnhwcick110.com
is.alicdn.com,wildcard.alicdn.com.edgekey.net
wuying.aliyuncs.com,wuying.aliyuncs.com.queniuak.com
crazysports.com.a26244e7.cdnhwcpsd13.com,hcdnw102.vip.cdnhwcbzj102.com
9d7f6dea.flowcty.top.9d7f6dea.cdnhwcedi10.com,hcdnw119.vip.ovc.cdnhwcick110.com
w4-pro.kskwai.com.3dce113f.c.cdnhwc1.com,hcdnw.ks.gslb.ipv6.c.cdnhwc1.com
www.lfuerts.cn,icp-config-yunao.oss-cn-hangzhou.aliyuncs.com
trasabah.slurrywomena.com,alb-7qmz0o058bcgohqjun.ap-southeast-1.alb.aliyuncsslbintl.com
963419963031298049.zga.globalconnetct.com,alb-m4u0tauidk5zp2sv4t.eu-central-1.alb.aliyuncs.com
www.ultron-eu-1316693915.cos.eu-frankfurt.myqcloud.com,ger.file.myqcloud.com
www.foodfantasy.jp,alb-ujy45p15k945e2zq61.ap-southeast-1.alb.aliyuncs.com
involve.dramarushbingeshort.com,alb-1o46dl9ml6qowpp9bn.us-east-1.alb.aliyuncsslbintl.com
icons.bootcss.com,d48437e9.bootcss.com.d48437e9.cdnhwcvix16.com
xnet.da.mgtv.com,alb-5e8tpvhg8qyx6s7mis.cn-beijing.alb.aliyuncsslb.com
4705614.nx.apifox.cn,nlb-ijaqz5p51xwuikh3uc.cn-hongkong.nlb.aliyuncsslbintl.com
v66-ad.ndcjl.com.v1.kwaiselfcdn.com,v66-ad.ndcjl.com.3dce113f.cdnhwcoem01.com
www.dfsk.com,www.dfsk.com.949c2dcd.cdnhwcedi10.com
qwikplus.channels.com.sa,alb-deunk415pxa3v8cmpn.me-central-1.alb.aliyuncsslbintl.com
www.jc99.site,nlb-wwwzr8hg1c5vya400c.ap-southeast-1.nlb.aliyuncsslbintl.com
api.fmonline.app,nlb-dm540xj5g9ob50hpqt.eu-central-1.nlb.aliyuncsslbintl.com
www.izapya.com,www.izapya.com.05b5ded7.cdnhwcchh18.com
asia200-pusat.com,alb-gpqb55ul2rwgc9ukgp.ap-southeast-1.alb.aliyuncsslbintl.com
cda.lilisi.com,alb-wqnyoet2vri56kvz2j.cn-shanghai.alb.aliyuncs.com
xq.xqzad.top.1925e351.cdnhwcchh18.com,hcdnw119.ovc.c.cdnhwc7.com
pearlepro-eu-1316693915.cos.eu-frankfurt.myqcloud.com,ger.file.myqcloud.com
www.shenpowang.com.08635845.cdnhwcggk22.com,hcdnw101.sme.foreign.cdnhwcaoc115.cn
tease.tapque.com,tease.tapque.com.0501522f.cdnhwczth23.com
www.hyxicloud.com,nlb-3gz0s56u17492cwu3n.eu-central-1.nlb.aliyuncsslbintl.com
www.blueorigin.sg,alb-eedjtl8b79leecmczf.ap-southeast-1.alb.aliyuncs.com
www.pearls-us-1316693915.cos.na-ashburn.myqcloud.com,cos.na-ashburn.myqcloud.com
p4-plat.wsukwai.com.3dce113f.cdnhwchcg02.com,hcdnw.ks.gslb.ipv6.c.cdnhwc1.com
55xx1a.com.98339693.cdnhwcgqa21.com,hcdnwsa.ovc.baimingdan.cdnhwcbie120.cn
ts204kt.dzwwwc.cn,ts204kt.dzwwwc.cn.081418cc.cdnhwcaoc115.cn
51tft.om.c.hycdn.xyz,1.ddalicdn.xyz
us-tiangong-data.oss-accelerate.aliyuncs.com,ds-1015.oss-acc-allline.aliyuncs.com
static.guancha.cn,static.guancha.cn.909eb0ff.cdnhwcpsd13.com
rmtp-b.rong-edge.com,nlb-teu7bw3228n1ez45m0.cn-shanghai.nlb.aliyuncs.com
www.metax-tech.com,nlb-nrmdes3wv1uhkbrgjh.cn-shanghai.nlb.aliyuncsslb.com
p4.a.yximgs.com,p4.a.yximgs.com.3dce113f.c.cdnhwc1.com
www.regal33.net,nlb-wwwzr8hg1c5vya400c.ap-southeast-1.nlb.aliyuncsslbintl.com
config.i.duba.net.0ba44e8c.c.cdnhwc1.com,hcdnd101.vip.cdnhwczxh101.com
api-tycoon-101.behefun.com,alb-fyz9t0tbs6dsilbf51.us-west-1.alb.aliyuncsslbintl.com
www.pierimprovement.gov.hk,www.gov.hk.f17a14b3.cdnhwcgqa21.com
rpc.shentu.org,alb-3ks0vj29c2cgn17083.eu-west-1.alb.aliyuncs.com
bethh888.com,bethh888.com.98339693.cdnhwcchh18.com
video-hw-dre.dbankcdn.com.80800000.cdnhwcztu09.com,hcdnv.top.ovc.cdnhwczks109.com
lf26-mango-cdn-tos.bytegecko.com,lf26-mango-cdn-tos.bytegecko.com.51296c5e.c.cdnhwc2.com
www.wwwtc.hk,www.wwwtc.hk.39344876.cdnhwcgqa21.com
admin.sem2.gob.cl,admin.sem2.gob.cl.0cc5eb26.c.cdnhwc7.com
allow.lexiconfresh.com,alb-dd6nanx5cwsudk7ths.us-east-1.alb.aliyuncsslbintl.com
www.chagee88.club,nlb-3svc79r8fxqv73kn0r.ap-southeast-1.nlb.aliyuncsslbintl.com
titanate.flowcleanlite.com,alb-o4snqo4mw73hkldxbv.us-east-1.alb.aliyuncsslbintl.com
cdnapiif.121bet.vip.98339693.cdnhwcgqa21.com,hcdnwsa.ovc.baimingdan.cdnhwcbie120.cn
www.super222.co,nlb-3svc79r8fxqv73kn0r.ap-southeast-1.nlb.aliyuncsslbintl.com
xyzcdn.net,alb-c4dhr1vr8co5856ksm.cn-hangzhou.alb.aliyuncs.com
tmge.alicdn.com,tmge.alicdn.com.danuoyi.tbcache.com
owandy-eu.ios-connect.com,alb-1fwvgd8qgrnqzpot20.eu-central-1.alb.aliyuncs.com
w.web725.com,nlb-nbk9kusoxj9xrtkv31.ap-southeast-1.nlb.aliyuncsslbintl.com
z.ai,alb-20yq6l9a68bmyj3l02.ap-southeast-1.alb.aliyuncsslbintl.com
lf26-effect-aweme.byteeffecttos.com.51296c5e.c.cdnhwc2.com,hcdnd100.ipv6.c.cdnhwc1.com
npm-compare.oss-accelerate-overseas.aliyuncs.com,ds-overseas-2066.oss-acc-allline.aliyuncs.com
www.sph.com.cn,www.sph.com.cn.80800000.cdnhwchcg02.com
p26-item.ecombdimg.com.51296c5e.c.cdnhwc1.com,hcdnw.zjtd01.v6.c.cdnhwc1.com
www.paopaoche.net.7c9404c2.cdnhwcpsd13.com,hcdnw101.v3.cdnhwcprh113.com
fast.streamile.com,fast-steam.oss-ap-southeast-1.aliyuncs.com
hc.osadef.org.ar.daa133a0.cdnhwcedi10.com,hcdnw119.vip.ovc.cdnhwcick110.com
classinfo.didistatic.com,classinfo.didistatic.com.8b908a60.cdnhwcoem01.com
cdnapiif.6gbet16.com,cdnapiif.6gbet16.com.98339693.cdnhwcgqa21.com
www.wlstock.com.05998b63.cdnhwcpsd13.com,hcdnw101.v3.cdnhwcprh113.com
bb-client-new.log-global.aliyuncs.com,bb-client-new.log-global.aliyuncs.com.w.kunlunea.com
www.mbi123.com,nlb-3svc79r8fxqv73kn0r.ap-southeast-1.nlb.aliyuncsslbintl.com
www.ongcuci.com,nlb-3svc79r8fxqv73kn0r.ap-southeast-1.nlb.aliyuncsslbintl.com
www.bigbossjudi.club,nlb-3svc79r8fxqv73kn0r.ap-southeast-1.nlb.aliyuncsslbintl.com
cam-tunnel-isc-eu02.ajcloud.net,nlb-6xdns3iolwnerzalq3.eu-central-1.nlb.aliyuncs.com
pay3-inter555.3mplay3.net,alb-0sadyejnd6b1dzxfsb.ap-southeast-1.alb.aliyuncs.com
xitongtiandi.net.8213c51d.cdnhwcpsd13.com,hcdnw101.v3.cdnhwcprh113.com
www.pakarjudi8.xyz,nlb-3svc79r8fxqv73kn0r.ap-southeast-1.nlb.aliyuncsslbintl.com
messages.hifamiapp.com.243ef88a.cdnhwcohm19.com,hcdnw.ovc.fbs.cdnhwcuim119.com
www.peluang88.email,nlb-3svc79r8fxqv73kn0r.ap-southeast-1.nlb.aliyuncsslbintl.com
www.auwin7.com,nlb-3svc79r8fxqv73kn0r.ap-southeast-1.nlb.aliyuncsslbintl.com
ai-content-management-ee1.aibotplatform.com.ef1e254d.cdnhwcgqa21.com,hcdnd.ovc.sme.cdnhwccmz121.com
www.spinking.co,nlb-3svc79r8fxqv73kn0r.ap-southeast-1.nlb.aliyuncsslbintl.com
m.fpwap.com.7c9404c2.cdnhwcpsd13.com,hcdnw101.v3.cdnhwcprh113.com
sentry.gryphline.com,alb-nzht4978tt25q4r6v2.ap-southeast-1.alb.aliyuncsslbintl.com
waf.deepeat.ai,alb-fhabs6a79e9zq450y8.us-east-1.alb.aliyuncsslbintl.com
www.mae44.com,nlb-3svc79r8fxqv73kn0r.ap-southeast-1.nlb.aliyuncsslbintl.com
www.mrbayar.com,nlb-3svc79r8fxqv73kn0r.ap-southeast-1.nlb.aliyuncsslbintl.com
wwvb.lanzout.com,0b8ffbb9.lanzout.com.0b8ffbb9.cdnhwc8.cn
lf-dy-sourcecdn-tos-qos-expr.bytegecko.com.bytedns3.com,lf-dy-sourcecdn-tos-qos-expr.bytegecko.com.51296c5e.c.cdnhwc2.com
www.flomoapp.com,alb-neyqwj965wc5aojfmd.cn-shanghai.alb.aliyuncs.com
www.park-central.com.hk.39344876.cdnhwcgqa21.com,hcdnw119.vip.ovc.cdnhwcick110.com
la.dramavein.com,alb-cqedt4vygbkdhreyvj.us-east-1.alb.aliyuncsslbintl.com
www.yndaily.com,www.yndaily.com.6d0cbfa5.cdnhwcpsd13.com
www.apm3545-2-1258344700.cos.ap-nanjing-dev.myqcloud.com,cos.ap-nanjing-dev.myqcloud.com
lf26-static.bytednsdoc.com,lf26-static.bytednsdoc.com.51296c5e.c.cdnhwc1.com
list.z.qingting.fm,06efe7c3.z.qingting.fm.06efe7c3.c.cdnhwc1.com
www.loklok.com,alb-1w555s7wv1atway4by.ap-southeast-1.alb.aliyuncsslbintl.com
www.siti88.xyz,nlb-3svc79r8fxqv73kn0r.ap-southeast-1.nlb.aliyuncsslbintl.com
v5-luna.douyinvod.com.847550.volcmcdn3.com,v5-luna.douyinvod.com.b36b3436.cdnhwcggk22.com
pull-flv-q26.douyincdn.com,pull-flv-q26.douyincdn.com.c.cdnhwc3.com
task.epwk.com,task.epwk.com.c.cdnhwc1.com
www.betworld168.vip,nlb-3svc79r8fxqv73kn0r.ap-southeast-1.nlb.aliyuncsslbintl.com
members-res.connect-bajisitan.com,members-res.connect-bajisitan.com.243ef88a.cdnhwcohm19.com
lupe.rappi.com,lupe.rappi.com.3ccacde2.cdnhwcohm19.com
www.k4club.vip,nlb-3svc79r8fxqv73kn0r.ap-southeast-1.nlb.aliyuncsslbintl.com
www.labupay.net,alb-fod2s94cayl3zm8tae.ap-southeast-1.alb.aliyuncsslbintl.com
gz-cos-sam-yewu-online-01-1302115363.cos.ap-guangzhou.myqcloud.com,gz.file.myqcloud.com
sc-1v84.cn-hangzhou.oss-adns.aliyuncs.com,sc-1v84.cn-hangzhou.oss-adns.aliyuncs.com.gds.alibabadns.com
tbcdn.bdstatic.com,tbcdn.bdstatic.com.a.bdydns.com
v2-zj-hncm.kwaicdn.com,gifshow.cn-central-1-cm.oss-enet-ds.aliyuncs.com
easy-data.wisersone.com,easy-data.wisersone.com.c2d0c633.cdnhwcxcy07.com
cloudauth.aliyuncs.com.gds.alibabadns.com,popunify-2.ap-southeast-1.aliyuncs.com
filebroker-cdn.lazada.co.id.9d2b5122.cdnhwcchh18.com,hcdnw.lzd.ovc.cdnhwcick110.com
www.grs.gov.hk,www.gov.hk.f17a14b3.cdnhwcgqa21.com
www.zibo.gov.cn.08f4de41.cdnhwcpsd13.com,hcdnw102.vip.v6.cdnhwcbzj102.com
tbexpand.alicdn.com,tbexpand.alicdn.com.danuoyi.tbcache.com
www.alpha66.online,nlb-3svc79r8fxqv73kn0r.ap-southeast-1.nlb.aliyuncsslbintl.com
app.lingotask.com,alb-6x46gaigctzoecmury.cn-hongkong.alb.aliyuncsslbintl.com
www.ash-only.cos.na-ashburn.myqcloud.com,cos.na-ashburn.myqcloud.com
imou-fk-tx-online-paas-private-picture-1304481834.cos.eu-frankfurt.myqcloud.com,ger.file.myqcloud.com
api.offline-player.com,nlb-mdn75dh52xxrdfhmt0.eu-central-1.nlb.aliyuncsslbintl.com
lf3-cm.ecombdstatic.com.bytedns1.com,lf3-cm.ecombdstatic.com.volcgslb.com
cos.accelerate.myqcloud.com,cos.accelerate.myqcloud.wechatos.net
234bet.casino.d172e9a2.cdnhwcgqa21.com,hcdnwsa.ovc.sme.cdnhwccmz121.com
www.blokees.com.cn.73cb4c83.cdnhwcvix16.com,hcdnw120.dft.global.cdnhwckfz116.com
logate-300.mobalog.youngjoygame.com,nlb-64gke8ebs73ukve2zp.ap-southeast-1.nlb.aliyuncsslbintl.com
www.121bet26.com,www.121bet26.com.98339693.cdnhwcchh18.com
cloud-test.tineco.com,alb-65l6uo3c9bj8f4sh8w.cn-hangzhou.alb.aliyuncs.com
e5hbet.com.98339693.cdnhwcgqa21.com,hcdnwsa.ovc.baimingdan.cdnhwcbie120.cn
server-api.growatt.com,alb-rs88p8tdahjes2q3o4.eu-central-1.alb.aliyuncsslbintl.com
ds-overseas-1005.oss-acc-allline.aliyuncs.com.gds.alibabadns.com,ds-1005.oss-acc-allline.aliyuncs.com
vp-0303-d03-pic-1306916161.cos.na-siliconvalley.myqcloud.com,sili-only.cos.na-siliconvalley.myqcloud.com
www.mycuci6.com,nlb-3svc79r8fxqv73kn0r.ap-southeast-1.nlb.aliyuncsslbintl.com
www.redticket.com.ve,www.redticket.com.ve.c1202fcb.cdnhwcgqa21.com
wwwq.lanzouc.com,0b8ffbb9.lanzouc.com.0b8ffbb9.cdnhwcggk22.com
www.plnspin.com,nlb-3svc79r8fxqv73kn0r.ap-southeast-1.nlb.aliyuncsslbintl.com
www.hkctc.gov.hk,www.gov.hk.f17a14b3.cdnhwcgqa21.com
dcdn-app-huawei.dewu.com,app.dewu.com.09672089.cdnhwcupf06.com
p26.toutiaoimg.com,p26.toutiaoimg.com.c.cdnhwc1.com
3ff3500c61604744.huaweisafehub.cn,bjcyh.com.cn.c.cdnhwc1.com
www.sunlordinc.com,953tg55321i1d4.wscloudcdn.com
www.jftech.com,www.jftech.com.b0b1fafb.cdnhwcedi10.com
www.121bet04.com,www.121bet04.com.98339693.cdnhwcchh18.com
www.gdslot888c.com,nlb-3svc79r8fxqv73kn0r.ap-southeast-1.nlb.aliyuncsslbintl.com
sv-devi-pvt-04.tange365.com,sv-devi-pvt-04.oss-us-west-1.aliyuncs.com
www.shopsofitel.cn,alb-pbxetfmcfrg437hb37.cn-shanghai.alb.aliyuncsslb.com
cloud.hecom.cn.wswebpic.com,cloud.hecom.cn.14a4c75c.cdnhwcllh11.com
p66-plat.wskwai.com.v1.kwaiselfcdn.com,p66-plat.wskwai.com.3dce113f.cdnhwchcg02.com
p26-tt.byteimg.com.c.cdnhwc1.com,hcdnw.zjtd01.v6.c.cdnhwc1.com
www.funpg.net,alb-x9dej7imcs20s13mma.ap-southeast-1.alb.aliyuncs.com
access3.solarmanpv.com,nlb-xztrnzjcqsv7z351mw.eu-central-1.nlb.aliyuncsslbintl.com
www.kaoyanmiji.com,www.kaoyanmiji.com.1c64a652.cdnhwchcg02.com
m.taopiaopiao.com,m.taopiaopiao.com.danuoyi.alicdn.com
sss.simface.com,1884829294555383.us-east-1.fc.aliyuncs.com
www.vip88e.com,nlb-3svc79r8fxqv73kn0r.ap-southeast-1.nlb.aliyuncsslbintl.com
cn.alicdn.com,cn.alicdn.com.danuoyi.tbcache.com
www.cita66.club,nlb-3svc79r8fxqv73kn0r.ap-southeast-1.nlb.aliyuncsslbintl.com
www.itjuzi.com,alb-ccvq2pdo9e85cjskk3.cn-beijing.alb.aliyuncs.com
momentcon-1255653016.file.myqcloud.com,momentcon-1255653016.file.myqcloud.com.cdn.dnsv1.com
manhattan.didistatic.com,manhattan.didistatic.com.8b908a60.cdnhwchcg02.com
webpay.cloudoceanstar.com,alb-d5xg3ku65grkr53iaj.cn-hongkong.alb.aliyuncsslbintl.com
pk.solaxpower.com,alb-ccvoo7yrf5sris8h52.eu-central-1.alb.aliyuncs.com
interview.nowcoder.com,alb-78h3u3lie7itrtyp9a.cn-hangzhou.alb.aliyuncs.com
sg-g-live-api.allsaints.tv,alb-tmumeizkpnlpzbtt6w.ap-southeast-1.alb.aliyuncsslbintl.com
www.a1upjilizvt.iot-as-mqtt.cn-shanghai.aliyuncs.com,vpc-sh-prod.mqtt.iotgds.aliyuncs.com
feedback-api.aliyuncs.com,feedback-api.aliyuncs.com.gds.alibabadns.com
escape.storagemastercompany.com,alb-a4mymjt1jzett3wezh.us-east-1.alb.aliyuncsslbintl.com
analytics.meituan.net,analytics.meituan.net.1afe4cee.cdnhwcxcy07.com
www.nasib888.com,nlb-3svc79r8fxqv73kn0r.ap-southeast-1.nlb.aliyuncsslbintl.com
www.exeedcars.com.ed09c68c.cdnhwchcg02.com,hcdnw101.vip.cdnhwcbzj102.com
www.hukeo.com.98339693.cdnhwcgqa21.com,hcdnwsa.ovc.baimingdan.cdnhwcbie120.cn
098858cb.sg.shixizhi.huawei.com.098858cb.cdnhwc9.com,hcdnw.top.global.cdnhwctnm107.com
cdn.roaitech.ai.9d7f6dea.cdnhwcedi10.com,hcdnw119.vip.ovc.cdnhwcick110.com
cdn-appupdate.itvguide.cn,cdn-appupdate.itvguide.cn.9753bcda.cdnhwcztu09.com
career.huawei.com,career.huawei.com.c.cdnhwc1.com
v26-lite-x.toutiaovod.com,v26-lite-x.toutiaovod.com.51296c5e.c.cdnhwc1.com
api.nebulalive.com,nlb-1wmeof2cyh1bm7593e.eu-central-1.nlb.aliyuncs.com
api26-core-hj.amemv.com,api26-core-hj.amemv.com.51296c5e.c.cdnhwc2.com
admin.palmmerchant.com,alb-6euon50aixdxqwz9z4.eu-central-1.alb.aliyuncs.com
www.spadeclub88my.club,nlb-3svc79r8fxqv73kn0r.ap-southeast-1.nlb.aliyuncsslbintl.com
poland.docswiftallreader.com,alb-nm41k7riidv0euv21o.us-east-1.alb.aliyuncsslbintl.com
www.tamanjudi33.xyz,nlb-3svc79r8fxqv73kn0r.ap-southeast-1.nlb.aliyuncsslbintl.com
vc-0409-d01-n03.cloudlinks.cn,vc-0409-d01-n03.oss-us-east-1.aliyuncs.com
pro.lceda.cn,pro.lceda.cn.1eeb2723.cdnhwcurq03.com
www.toto88.biz,nlb-3svc79r8fxqv73kn0r.ap-southeast-1.nlb.aliyuncsslbintl.com
h5hk.wahlap.net.a8de27ce.cdnhwcchh18.com,hcdnw120.dft.global.cdnhwckfz116.com
weixin-1322136175.cos-website.ap-guangzhou.myqcloud.com,gz.file.myqcloud.com
www.townplace.com.hk,www.townplace.com.hk.39344876.cdnhwcgqa21.com
www.12cuci.net,nlb-3svc79r8fxqv73kn0r.ap-southeast-1.nlb.aliyuncsslbintl.com
www.mawan1868.com,www.mawan1868.com.39344876.cdnhwcedi10.com
www.bersatu88.club,nlb-3svc79r8fxqv73kn0r.ap-southeast-1.nlb.aliyuncsslbintl.com
crmc.wela.ph.f82ba89f.cdnhwcgqa21.com,hcdnwsa.ovc.sme.cdnhwccmz121.com
console.sunlogin.oray.com,alb-gphptwu5o6nc9niffx.cn-hangzhou.alb.aliyuncsslb.com
res-rucdn.apexnews-global.com,res-rucdn.apexnews-global.com.4c27b968.cdnhwcsjs09.cn
m.xinli001.com,alb-qtlhau26otx8pypaem.cn-hangzhou.alb.aliyuncs.com
www.amz520.com,www.amz520.com.9d790379.cdnhwcpsd13.com
cdn-1.royalqqid.com.14127f7a.cdnhwcgqa21.com,hcdnd119.vip.ovc.cdnhwczks109.com
console.pointsme.it,console.pointsme.it.7fb73989.cdnhwcedi10.com
c.smsksa.co,alb-s16qoybtdrmhkk0tfh.me-central-1.alb.aliyuncsslbintl.com
2931265.ma3you.cn,alb-rp1fzrl0mirmofa49y.cn-hangzhou.alb.aliyuncs.com
2398.35go.net,2398.35go.net.c.cdnhwc1.com
www.myr88a.com,nlb-3svc79r8fxqv73kn0r.ap-southeast-1.nlb.aliyuncsslbintl.com
bearmatch.top,nlb-3g6zph6ucwt7gu0jub.ap-southeast-1.nlb.aliyuncsslbintl.com
isdp-eu.huawei.com,isdp-eu.huawei.com.ae8628be.cdnhwcgqa21.com
areaall-resources-akamai.aliexpress.com.gds.alibabadns.com,eu1111.alicdn.com.edgekey.net
tms.inteluck.com,alb-c3op6k4x41gvfy9ta1.ap-southeast-1.alb.aliyuncs.com
mars.gamegamb.com,alb-4j98hxk9eed565gd2z.eu-central-1.alb.aliyuncsslbintl.com
pannss.bdstatic.com,pannss.bdstatic.com.a.bdydns.com
rest.shentu.org,alb-t98u6pmdtsccc4u9s1.eu-west-1.alb.aliyuncs.com
www.jobolylizz.com,5244120403931821.eu-central-1.fc.aliyuncs.com
www.s777.ws,nlb-3svc79r8fxqv73kn0r.ap-southeast-1.nlb.aliyuncsslbintl.com
www.gopay0831.com,alb-arw6ak7p9499xlyufk.ap-southeast-1.alb.aliyuncsslbintl.com
ma3you.cn,alb-rp1fzrl0mirmofa49y.cn-hangzhou.alb.aliyuncs.com
tzcb.lanzoul.com,0b8ffbb9.lanzoul.com.0b8ffbb9.cdnhwc8.cn
af.shalltry.com,alb-1xoogcays2qdan08f6.eu-central-1.alb.aliyuncsslbintl.com
www.xiaomapan.com,2-xiaoma-hk.oss-cn-hongkong.aliyuncs.com
turbo-wms.rappi.com.br,turbo-wms.rappi.com.br.3ccacde2.cdnhwcohm19.com
www.openi.cn,www.openi.cn.6c16746c.cdnhwcggk22.com
www.easyscholar.cc,www.easyscholar.cc.9437d5a1.cdnhwcggk22.com
www.mpokies.com,nlb-3svc79r8fxqv73kn0r.ap-southeast-1.nlb.aliyuncsslbintl.com
pss.alicdn.com,pss.alicdn.com.gds.alibabadns.com
fulitool.lanzoue.com,0b8ffbb9.lanzoue.com.0b8ffbb9.cdnhwc8.cn
1545620576709050.cn-hongkong.fc.aliyuncs.com,cn-hongkong-fc-hk-mongkok.fc.aliyuncs.com
yoyi.jntexpress.id.15626df9.cdnhwcllh11.com,hcdnwsa119.vip.ovc.cdnhwcead111.com
acs4public.m.taobao.com,msgacs.cn-zhangjiakou.aliyuncs.com
pro-gz-tms.oss-cn-shenzhen.aliyuncs.com,pro-gz-tms.oss-cn-shenzhen.aliyuncs.com.gds.alibabadns.com
121bet05.com,121bet05.com.98339693.cdnhwcchh18.com
www.fortune8.vip,nlb-3svc79r8fxqv73kn0r.ap-southeast-1.nlb.aliyuncsslbintl.com
replay-alpha1-nj-4-1259129723.cos.ap-nanjing.myqcloud.com,cos.ap-nanjing.myqcloud.com
www.s99my.com,nlb-wwwzr8hg1c5vya400c.ap-southeast-1.nlb.aliyuncsslbintl.com
1560743185939246.us-west-1.fc.aliyuncs.com,us-west-1-fc-sv-alcatraz-fg-67-01.fc.aliyuncs.com
www.siti88.info,nlb-3svc79r8fxqv73kn0r.ap-southeast-1.nlb.aliyuncsslbintl.com
eagle-1258139023.cos.ap-singapore.myqcloud.com,sgp.file.myqcloud.com
www.winpgk.com,nlb-3svc79r8fxqv73kn0r.ap-southeast-1.nlb.aliyuncsslbintl.com
preprodselfservice.dstvafrica.com,preprodselfservice.dstvafrica.com.442a92f3.cdnhwcgqa21.com
apm.papegames.com,alb-neel7nzcut4cr1tf44.cn-hangzhou.alb.aliyuncs.com
enter.charge.powermatetech.com.au,fe-c-au-prod-1305117004.cos-website.ap-singapore.myqcloud.com
www.gmp99.life,nlb-3svc79r8fxqv73kn0r.ap-southeast-1.nlb.aliyuncsslbintl.com
vphoneosapp.com,alb-fuclnaui3a1nm0bd2j.cn-hongkong.alb.aliyuncs.com
toko.neoparty.id,toko.neoparty.id.b92d6a15.cdnhwcchh18.com
ds-2011.oss-acc-allline.aliyuncs.com.gds.alibabadns.com,eu-central-1-ds-2011.oss-acc.aliyuncs.com
comet.papegames.com,alb-4864cal9eoetuhxklj.cn-hangzhou.alb.aliyuncs.com
shingeki-bo.enish.com,alb-syzgljkh8l72z9j3bl.ap-northeast-1.alb.aliyuncsslbintl.com
device.transsion-os.com,alb-awbltnaz7rzwf0adsa.eu-central-1.alb.aliyuncs.com
upos-tf-all-hw.bilivideo.com.04f6a54d.c.cdnhwc1.com,biliml.hcdnv.c.cdnhwc2.com
yifan56.cn,yf56-website.oss-cn-hongkong.aliyuncs.com
hwres.ldmnq.com,hwres.ldmnq.com.08bf343f.c.cdnhwc7.com
www.cqvip.com,alb-o6nri4asla5pfsvd1e.cn-hangzhou.alb.aliyuncs.com
www.ais.gov.hk,www.gov.hk.f17a14b3.cdnhwcgqa21.com
cdn-smart-bandwidth.oss-enet.aliyuncs.com,cdn-smart-bandwidth.line-isp-province.oss-enet.aliyuncs.com.gds.alibabadns.com
g5.globalwits.cn.d6b7ddff.cdnhwc8.cn,hcdnwsa.ovc.sme.cdnhwccmz121.com
jogovvb.com.98339693.cdnhwcchh18.com,hcdnw119.ovc.c.cdnhwc7.com
y.alicdn.com,y.alicdn.com.w.cdngslb.com
cms-growth.rappi.com,cms-growth.rappi.com.3ccacde2.cdnhwcohm19.com
www.onya88.com,nlb-3svc79r8fxqv73kn0r.ap-southeast-1.nlb.aliyuncsslbintl.com
pull-flv-f26-admin.douyinliving.com,pull-flv-f26-admin.douyinliving.com.cdnhwczba04.com
www.main24z.com,nlb-3svc79r8fxqv73kn0r.ap-southeast-1.nlb.aliyuncsslbintl.com
www.greening.gov.hk,www.gov.hk.f17a14b3.cdnhwcgqa21.com
www.etrafficticket.gov.hk,www.etrafficticket.gov.hk.f9372d49.cdnhwcgqa21.com
acts.ltgamesglobal.com,alb-kzhrclq7yvviia036j.ap-southeast-1.alb.aliyuncs.com
cortical.imibicyandmil.net,alb-i5adcr4sa9eni3hnjt.us-east-1.alb.aliyuncsslbintl.com
www.a2lhhivhehs.iot-as-mqtt.ap-southeast-1.aliyuncs.com,oxs-sg-prod.mqtt.iotgds.aliyuncs.com
www.365xiazai.com.07e6949d.cdnhwcpsd13.com,hcdnw101.v3.cdnhwcprh113.com
ota-checker.transsion-os.com,nlb-b6srnqdqzk3me96gm3.eu-central-1.nlb.aliyuncs.com
www.jtjms-br.com,alb-krrt29hj81uad1i0es.cn-shanghai.alb.aliyuncs.com
social-hw.gposts.net,social-hw.gposts.net.a3443e11.cdnhwcohm19.com
ds-2009.oss-acc-allline.aliyuncs.com.gds.alibabadns.com,eu-central-1-ds-2009.oss-acc.aliyuncs.com
webcert.cnmstl.net,webcert.cnmstl.net.0581966e.cdnhwcpsd13.com
adsimg.kompas.com.0d0007d9.cdnhwc8.cn,hcdnw119.ovc.c.cdnhwc7.com
exit.streamoptim.com,alb-w07a4umc98o9rmujdt.us-west-1.alb.aliyuncsslbintl.com
www.jili777png.com,nlb-3svc79r8fxqv73kn0r.ap-southeast-1.nlb.aliyuncsslbintl.com
lgame-alpha-1300955520.file.myqcloud.com,lgame-alpha-1300955520.file.myqcloud.com.cdn.dnsv1.com
rc10-fc05.oray.com,nlb-it0wri58lbpqrzrcnh.cn-hangzhou.nlb.aliyuncs.com
www.auraasia.cc,nlb-3svc79r8fxqv73kn0r.ap-southeast-1.nlb.aliyuncsslbintl.com
starmaker-fk-1256122840.cos.eu-frankfurt.myqcloud.com,ger.file.myqcloud.com
newvip-cdn.zhhainiao.com,newvip-cdn.zhhainiao.com.c.cdnhwc1.com
www.ubetclub.com,nlb-3svc79r8fxqv73kn0r.ap-southeast-1.nlb.aliyuncsslbintl.com
ds-overseas-1023.oss-acc-allline.aliyuncs.com.gds.alibabadns.com,ds-1023.oss-acc-allline.aliyuncs.com
m.jctrans.com.47495ef4.cdnhwcvix16.com,hcdnw120.dft.global.cdnhwckfz116.com
m.qiumiwu.com,m.qiumiwu.com.07dedd14.cdnhwcggk22.com
dinamicx-publish.oss-cn-zhangjiakou.aliyuncs.com,sc-1yl4.cn-zhangjiakou.oss-adns.aliyuncs.com
tools.basiccca.com,alb-daitn7msq2ksjlq4iz.us-west-1.alb.aliyuncsslbintl.com
www.wuling.com,www.wuling.com.05ec1a00.cdnhwchcg02.com
kinunichiban.arknights.jp,nlb-kowt09jur76bdjbzk5.ap-northeast-1.nlb.aliyuncsslbintl.com
agriculture.chcnav.com,agriculture.chcnav.com.9f4653fa.cdnhwcxcy07.com
lab-js-abtest.lazada.com.9d2b5122.cdnhwcchh18.com,hcdnw.lzd.ovc.cdnhwcick110.com
www.3dtank.com,www.3dtank.com.2d1590d5.cdnhwcggk22.com
livevideo-hw-dre.dbankcdn.com,livevideo-hw-dre.dbankcdn.com.80800000.cdnhwcztu09.com
pay2-gamingonnet-ns2.3mplay2.net,alb-8lczzuioch8cnt6dq4.ap-southeast-1.alb.aliyuncs.com
ns2giga4.kattanam.com,alb-8lczzuioch8cnt6dq4.ap-southeast-1.alb.aliyuncs.com
bjyx-mall-a.oss-cn-shenzhen.aliyuncs.com,sc-1ykb.cn-shenzhen.oss-adns.aliyuncs.com
nc.racetigertiming.com,alb-w11gtm5eatlia9u9g1.cn-shenzhen.alb.aliyuncsslb.com
cam-stor-usw2-1348507162.cos.na-siliconvalley.myqcloud.com,cos.na-siliconvalley.myqcloud.com
audio.z.ai,alb-20yq6l9a68bmyj3l02.ap-southeast-1.alb.aliyuncsslbintl.com
ucmp-static.sf-express.com.07fc0ba0.c.cdnhwc1.com,hcdnw101.vip.cdnhwcbzj102.com
www.m2cuci.net,nlb-3svc79r8fxqv73kn0r.ap-southeast-1.nlb.aliyuncsslbintl.com
sadmd.shixizhi.huawei.sg,098858cb.shixizhi.huawei.sg.098858cb.c.cdnhwc7.com
www.crown99.info,nlb-3svc79r8fxqv73kn0r.ap-southeast-1.nlb.aliyuncsslbintl.com
dsu-b.shalltry.com,nlb-3bi5pdkjrmg4dtq0ey.eu-central-1.nlb.aliyuncs.com
mitienda.rappi.com.br,mitienda.rappi.com.br.3ccacde2.cdnhwcohm19.com
www.dolphin48.xyz,nlb-3svc79r8fxqv73kn0r.ap-southeast-1.nlb.aliyuncsslbintl.com
adaggreg-ali.shalltry.com,alb-bj3vrdlg29bjadsodw.eu-central-1.alb.aliyuncsslbintl.com
www.7artisans.com.fecb3165.cdnhwcpsd13.com,hcdnw101.v3.cdnhwcprh113.com
www.spinking.net,nlb-3svc79r8fxqv73kn0r.ap-southeast-1.nlb.aliyuncsslbintl.com
members-res.wepartytt.com.243ef88a.cdnhwcgqa21.com,hcdnw119.vip.ovc.cdnhwcick110.com
www.omodajaecoo.ph.0dd8893a.cdnhwcedi10.com,hcdnw119.vip.ovc.cdnhwcick110.com
www.harta33.info,nlb-3svc79r8fxqv73kn0r.ap-southeast-1.nlb.aliyuncsslbintl.com
www.bosskumy.pro,nlb-3svc79r8fxqv73kn0r.ap-southeast-1.nlb.aliyuncsslbintl.com
h5.sakuradk2.com,alb-2c46e92hhdc05xlt9y.cn-hongkong.alb.aliyuncs.com
123.321see.com,123.321see.com.3e496610.cdnhwcggk22.com
www.kkcuci.com,nlb-wwwzr8hg1c5vya400c.ap-southeast-1.nlb.aliyuncsslbintl.com
imgunlock-drcn.dbankcdn.80800000.globalsign.c.cdnhwc1.cn,hcdnw.gslb.c.cdnhwc2.com
eu-central-prod.mqtt.iotgds.aliyuncs.com,eu-central-prod.mqtt.iotgds.aliyuncs.com.gds.alibabadns.com
www.seri33.info,nlb-3svc79r8fxqv73kn0r.ap-southeast-1.nlb.aliyuncsslbintl.com
www.meta888f.com,nlb-3svc79r8fxqv73kn0r.ap-southeast-1.nlb.aliyuncsslbintl.com
binaries.izapya.com,binaries.izapya.com.c.cdnhwc1.com
trace.loopit.me,alb-81amgfamqlkpeb0jtg.us-east-1.alb.aliyuncsslbintl.com
mefwmd.shixizhi.huawei.sg,098858cb.shixizhi.huawei.sg.098858cb.c.cdnhwc7.com
gametalktest-1258344700.cos.ap-shanghai.myqcloud.com,sh.file.myqcloud.com
m.xingzuobaike.com,m.xingzuobaike.com.08635845.cdnhwcggk22.com
retcode.alicdn.com,retcode.alicdn.com.danuoyi.tbcache.com
www.iot-as-mqtt.us-east-1.aliyuncs.com,oxs-eus-prod.mqtt.iotgds.aliyuncs.com
chata.quickcep.com.8f67d45c.cdnhwcajk17.com,hcdnwsa122.vip.foreign.global.cdnhwcajk17.com
p4-ad.adukwai.com.3dce113f.cdnhwchcg02.com,hcdnw.ks.gslb.ipv6.c.cdnhwc1.com
www.1cinta.biz,nlb-3svc79r8fxqv73kn0r.ap-southeast-1.nlb.aliyuncsslbintl.com
iftech-android-log.cn-hangzhou.log.aliyuncs.com,iftech-android-log.cn-hangzhou-c.log.aliyuncs.com
dsu-h5-mb.shallspark.com,nlb-atfpurcvmdhmgqtfjx.eu-central-1.nlb.aliyuncsslbintl.com
common.hosting-drcn.agconnect.link,0bd04014.hosting-drcn.agconnect.link.0bd04014.c.cdnhwc1.com
isdp-eu.huawei.com.ae8628be.cdnhwcgqa21.com,hcdnwsa120.sme.cdnhwccmz121.com
intl-sdklog-cos.whyrtc.com,trtc-client-log-overseas-1258344699.cos.ap-singapore.myqcloud.com
appdl-dra.dbankcdn.com.c.cdnhwc1.com,appdl.glb.c.cdnhwc1.com
app-fx-ws.csrqoa.com.a3443e11.cdnhwcgqa21.com,hcdnwsa120.v5.gate.cdnhwcbqs106.com
bpr.eye4cloud.com,alb-jfaei4jaref6wni9s6.us-west-1.alb.aliyuncs.com
ds.shalltry.com,nlb-gf5s8u7aagawrhtvjh.eu-central-1.nlb.aliyuncs.com
www.maju369.store,nlb-3svc79r8fxqv73kn0r.ap-southeast-1.nlb.aliyuncsslbintl.com
guide.bytecopper.com,alb-obbsuz3p135j87z414.us-east-1.alb.aliyuncs.com
seko.sensetime.com,alb-vyb1a841qg8gqzhlu7.cn-shenzhen.alb.aliyuncsslb.com
www.lanzoul.com,0b8ffbb9.lanzoul.com.0b8ffbb9.cdnhwc8.cn
ultronsv-us-1316693915.cos.na-ashburn.myqcloud.com,ash-only.cos.na-ashburn.myqcloud.com
www.668duit.vip,nlb-3svc79r8fxqv73kn0r.ap-southeast-1.nlb.aliyuncsslbintl.com
www.hktop88.com,nlb-3svc79r8fxqv73kn0r.ap-southeast-1.nlb.aliyuncsslbintl.com
www.mae44.xyz,nlb-3svc79r8fxqv73kn0r.ap-southeast-1.nlb.aliyuncsslbintl.com
sjy.cn-hangzhou.log.aliyuncs.com,sjy.cn-hangzhou-c.log.aliyuncs.com
apm3437-7-1258344700.cos.ap-nanjing-dev.myqcloud.com,cos.ap-nanjing-dev.myqcloud.com
www.syukur668.net,nlb-3svc79r8fxqv73kn0r.ap-southeast-1.nlb.aliyuncsslbintl.com
apus-ingester-global.qookkagames.com,alb-qztq8di1ee066jede7.cn-hongkong.alb.aliyuncs.com
maplehaze-adx.oss-cn-beijing.aliyuncs.com,sc-1vnd.cn-beijing.oss-adns.aliyuncs.com
www.21-sun.com,www.21-sun.com.f3beb019.cdnhwcggk22.com
maptiles.vn.gsm-api.net,maptiles.vn.gsm-api.net.b0e27dd4.cdnhwcedi10.com
origin.snaptube.media,nlb-wdy4lwqz4i0f1p38u7.eu-central-1.nlb.aliyuncsslbintl.com
v26-web-prime.douyinvod.com,v26-web-prime.douyinvod.com.51296c5e.c.cdnhwc1.com
v2-zj-scct.kwaicdn.com,gifshow.cn-southwest-1-ct.oss-enet-ds.aliyuncs.com
ali-virginia-prod-01-alb.talkie-ai.com,alb-ikac97gt6ugf71674c.us-east-1.alb.aliyuncs.com
hr-system.pony.ai,alb-jks5ds29hsxa7t09q8.cn-shenzhen.alb.aliyuncs.com
video4-1.pddpic.com,video4-1.pddpic.com.05a8451e.c.cdnhwc2.com
www.88cuci.vip,nlb-3svc79r8fxqv73kn0r.ap-southeast-1.nlb.aliyuncsslbintl.com
slouch.bingesnaps.com,alb-ned5jamy7ir26xggir.us-east-1.alb.aliyuncsslbintl.com
jmsfile.jntexpress.id.15626df9.cdnhwcgqa21.com,hcdnd119.vip.ovc.cdnhwczks109.com
mwb.cn-shanghai.log.aliyuncs.com,mwb.cn-shanghai-b.log.aliyuncs.com
www.centv.cn.bac3d2a0.cdnhwcggk22.com,hcdnv101.v3.cdnhwcoph123.com
cqc777.vip,cqc777.vip.98339693.cdnhwcgqa21.com
www.slotkaki33a.com,nlb-3svc79r8fxqv73kn0r.ap-southeast-1.nlb.aliyuncsslbintl.com
isd.wecast.hk,isd.wecast.hk.82d0c7cc.cdnhwcgqa21.com
www.panda95.asia,nlb-3svc79r8fxqv73kn0r.ap-southeast-1.nlb.aliyuncsslbintl.com
kcpay.midoubuy.com,alb-12bby5ygyu46yqsbk3.us-west-1.alb.aliyuncs.com
jmsgw.jntexpress.id,jmsgw.jntexpress.id.051b8344.c.cdnhwc7.com
front-assets.quickcep.com,front-assets.quickcep.com.8f67d45c.cdnhwcvix16.com
sigma-performance-g112na.proxima.nie.easebar.com,alb-o79oi3ndy0ydtrjrox.ap-northeast-1.alb.aliyuncsslbintl.com
image.cartx.cloud,cartx-transdatas.oss-cn-shenzhen.aliyuncs.com
formal.captcha-open.aliyuncs.com,formal.captcha-open.aliyuncs.com.gds.alibabadns.com
pvp.ahagamecenter.com,alb-ioqbtqr2559q2ocy94.eu-central-1.alb.aliyuncsslbintl.com
ts207mi.fnylln.cn,ts207mi.fnylln.cn.24b2b495.cdnhwcaoc115.cn
www.log-server-1311258067.cos.eu-frankfurt.myqcloud.com,ger.file.myqcloud.com
ire-dsc.sparkle0.com,nlb-2pmvk3l0h2t1l7k50z.eu-central-1.nlb.aliyuncs.com
firstoolkit-com.oss-cn-hangzhou.aliyuncs.com,sc-2mo8.cn-hangzhou.oss-adns.aliyuncs.com
xhr.transsion.com,alb-eepc7k4cg4xkp7qa2t.eu-central-1.alb.aliyuncs.com
imgnew.ddimg.mobi,imgnew.ddimg.mobi.f769b1c0.cdnhwchcg02.com
wwbgt.lanzout.com,0b8ffbb9.lanzout.com.0b8ffbb9.cdnhwc8.cn
gatewaysg.hwprize.com,alb-q4ias860fboa7mp0q2.ap-southeast-1.alb.aliyuncsslbintl.com
s.thsi.cn.933a31bc.c.cdnhwc1.com,hcdnw120.vip.global.ipv6.cdnhwctnm107.com
sc-1vqu.cn-shenzhen.oss-adns.aliyuncs.com,sc-1vqu.cn-shenzhen.oss-adns.aliyuncs.com.gds.alibabadns.com
p26-dy-hamlet-ugc-sign.byteimg.com.51296c5e.c.cdnhwc2.com,hcdnw.zjtd01.v6.c.cdnhwc1.com
www.sinosupply.com,alb-oum29woz3f4pmrnxv7.na-south-1.alb.aliyuncsslbintl.com
quote-live.skytigris.cn,nlb-8ogifliwelvvlv4zdz.cn-hongkong.nlb.aliyuncs.com
ksztone.com,alb-yab2wacz2233f79vy6.cn-hongkong.alb.aliyuncs.com
upos-sz-mirror08h.bilivideo.com,upos-sz-mirror08h.bilivideo.com.04f6a54d.c.cdnhwc1.com
ky.live,nlb-6t0pow95qo29m15bnc.cn-hangzhou.nlb.aliyuncs.com
www.mrbayar.vip,nlb-3svc79r8fxqv73kn0r.ap-southeast-1.nlb.aliyuncsslbintl.com
www.121bet27.com.98339693.cdnhwcchh18.com,hcdnw119.ovc.c.cdnhwc7.com
www.panas777vip.co,nlb-3svc79r8fxqv73kn0r.ap-southeast-1.nlb.aliyuncsslbintl.com
alive-interact.alicdn.com,alive-interact.alicdn.com.danuoyi.alicdn.com
www.ssv96.org,nlb-3svc79r8fxqv73kn0r.ap-southeast-1.nlb.aliyuncsslbintl.com
m.huangli123.net.08635845.cdnhwcggk22.com,hcdnw101.sme.foreign.cdnhwcaoc115.cn
se.solaxpower.com,alb-ccvoo7yrf5sris8h52.eu-central-1.alb.aliyuncs.com
10000.mt.us.iot.dreame.tech,nlb-l6vpmslufd31ap46rg.us-west-1.nlb.aliyuncs.com
v26-m.wkbrowser.com.51296c5e.c.cdnhwc1.com,hcdnv.zjtd01.v6.c.cdnhwc2.com
www.xdowns.com,www.xdowns.com.7c9404c2.cdnhwcpsd13.com
soft.antutu.com.c.cdnhwc1.com,hcdnw102.vip.cdnhwcbzj102.com
trancare.transsion-os.com,nlb-j6772ye8wzu6xx0pik.eu-central-1.nlb.aliyuncs.com
www.hdb.com,alb-k09z5v5ryz898kyibu.cn-hangzhou.alb.aliyuncs.com
user-h5.delivago-store.tech,alb-wk06dcgbsrunubnlii.ap-southeast-1.alb.aliyuncsslbintl.com
ccsp-egmas-static.sf-express.com.07fc0ba0.cdnhwcoem01.com,hcdnd101.vip.cdnhwczxh101.com
www.vcity99.com,nlb-wwwzr8hg1c5vya400c.ap-southeast-1.nlb.aliyuncsslbintl.com
www.peluang88.me,nlb-3svc79r8fxqv73kn0r.ap-southeast-1.nlb.aliyuncsslbintl.com
v26-reading-video.fqnovelvod.com,v26-reading-video.fqnovelvod.com.51296c5e.c.cdnhwc1.com
tb-video.bdstatic.com,tb-video.bdstatic.com.a.bdydns.com
ns2giga11.kattanam.com,alb-8lczzuioch8cnt6dq4.ap-southeast-1.alb.aliyuncs.com
www.conf-us-1316693915.cos.na-ashburn.myqcloud.com,cos.na-ashburn.myqcloud.com
appdl-1-drcn.dbankcdn.com.c.cdnhwc1.com,hcdnd.appdlv6.global.cdnhwclxu105.com
www.711cuci.club,nlb-3svc79r8fxqv73kn0r.ap-southeast-1.nlb.aliyuncsslbintl.com
www.abroad-browser-cms-1257013100.cos.ap-singapore.myqcloud.com,sgp.file.myqcloud.com
htm.sf-express.com.07fc0ba0.cdnhwcxcy07.com,hcdnw120.vip.global.cdnhwctnm107.com
www.super996.com,nlb-3svc79r8fxqv73kn0r.ap-southeast-1.nlb.aliyuncsslbintl.com
www.zepp-us3-1311088246.cos.na-ashburn.myqcloud.com,cos.na-ashburn.myqcloud.com
erp.wook.id.fb9e9c86.cdnhwcajk17.com,hcdnwsa119.ovc.c.cdnhwc7.com
sa-brazil-1-console.huaweicloud.com,sa-brazil-1-console.huaweicloud.com.0aa5f13b.cdnhwc8.cn
www.aipark.com,landing-aipark-com-1325768085.cos-website.ap-beijing.myqcloud.com
www.signaturehomes.com.hk,www.signaturehomes.com.hk.39344876.cdnhwcgqa21.com
www.changzhi.top,alb-i54zcmfax693ngbxz3.cn-shanghai.alb.aliyuncs.com
vms-web2.com,apiweb3.oss-cn-hongkong.aliyuncs.com
www.sie.gov.hk,www.gov.hk.f17a14b3.cdnhwcgqa21.com
www.cos.ap-bangkok.myqcloud.com,cos.ap-bangkok.myqcloud.com
notice.transsion-os.com,alb-dxzt357supvlwilrx7.eu-central-1.alb.aliyuncs.com
www.vconew.com.943e270b.cdnhwchcg02.com,hcdnw101.vip.cdnhwcbzj102.com
ascrm.carlcare.com,alb-l79kzu0e7i4v559vvp.cn-hongkong.alb.aliyuncs.com
v26-luna.douyinvod.com.51296c5e.c.cdnhwc1.com,hcdnv.zjtd02.v6.c.cdnhwc2.com
vss-access.aliyuncs.com,vss-access.aliyuncs.com.gds.alibabadns.com
bounty.privatedownloader.com,alb-0pmuf55scjruzgqfjs.us-east-1.alb.aliyuncsslbintl.com
www.opal96.com,nlb-3svc79r8fxqv73kn0r.ap-southeast-1.nlb.aliyuncsslbintl.com
weelife-diag-prod-log-idc2.log-global.aliyuncs.com,weelife-diag-prod-log-idc2.log-global.aliyuncs.com.w.kunlunle.com
www.1hgzra4.captcha-open-southeast.aliyuncs.com,alb-xu6ksqlb3rlrgvwi7f.ap-southeast-1.alb.aliyuncs.com
xj-psd-1258344703.cos.ap-guangzhou.myqcloud.com,gz.file.myqcloud.com
www.kgame99.com,nlb-3svc79r8fxqv73kn0r.ap-southeast-1.nlb.aliyuncsslbintl.com
pc-1322136175.cos-website.ap-guangzhou.myqcloud.com,gz.file.myqcloud.com
pss.bdstatic.com,pss.bdstatic.com.a.bdydns.com
lf26-effect-302.byteeffecttos.com.51296c5e.c.cdnhwc2.com,hcdnd100.ipv6.c.cdnhwc1.com
app-share-sg.ismartlife.me,nlb-qr95o3ymbilik1wl9k.ap-southeast-1.nlb.aliyuncsslbintl.com
www.win96.asia,nlb-wwwzr8hg1c5vya400c.ap-southeast-1.nlb.aliyuncsslbintl.com
tb.alicdn.com,tb.alicdn.com.danuoyi.tbcache.com
www.kina777.com,nlb-wwwzr8hg1c5vya400c.ap-southeast-1.nlb.aliyuncsslbintl.com
pcconnection.online,nlb-b6srnqdqzk3me96gm3.eu-central-1.nlb.aliyuncs.com
cdn-1.royalqqid.com,cdn-1.royalqqid.com.14127f7a.cdnhwcgqa21.com
www.xkgame.com,www.xkgame.com.e971dc81.cdnhwcqwg14.com
www.seabirdgames.com,warship-web-index.oss-cn-hangzhou.aliyuncs.com
a2pssl-drcn.dbankcdn.cn.c.cdnhwc1.com,hcdnw.cbgipv6.gslb.c.cdnhwc2.com
post-cn-45909tjwd0w.mqtt.aliyuncs.com,szpost01.mqtt.aliyuncs.com
www.121bet06.com,www.121bet06.com.98339693.cdnhwcchh18.com
rc10-fc01.oray.com,nlb-lfi6v5yjg0swg4f7dv.cn-hangzhou.nlb.aliyuncs.com
www.mari888.my,nlb-3svc79r8fxqv73kn0r.ap-southeast-1.nlb.aliyuncsslbintl.com
typescript.bootcss.com,d48437e9.bootcss.com.d48437e9.cdnhwcvix16.com
wqfuckvv.hzh.sealos.run,nlb-kan6nhlm16c88adgs4.cn-hangzhou.nlb.aliyuncs.com
cash.archaeswoo.com,alb-jis7sxjkld0nyntuf8.ap-southeast-1.alb.aliyuncsslbintl.com
www.sgspin168.org,nlb-3svc79r8fxqv73kn0r.ap-southeast-1.nlb.aliyuncsslbintl.com
www.dapatcuci.co,nlb-3svc79r8fxqv73kn0r.ap-southeast-1.nlb.aliyuncsslbintl.com
lceda.cn.1eeb2723.cdnhwcurq03.com,hcdnwsa101.vip.cdnhwckon103.com
static-1067.weathercn.com,static-1067.weathercn.com.5691eeba.cdnhwchcg02.com
www.liandaomobi.com,liandao-cmp-web.oss-cn-hangzhou.aliyuncs.com
upos-tribe-static.bilivideo.com.04f6a54d.cdnhwcoem01.com,hcdnd.biligame.gslb.c.cdnhwc2.cn
mall-api.kilimall.com.04f7004c.cdnhwcedi10.com,hcdnw119.vip.ovc.cdnhwcick110.com
jmacs.cn-zhangjiakou.aliyuncs.com,jmacs.cn-zhangjiakou.aliyuncs.com.gds.alibabadns.com
www.loklok.top,alb-1w555s7wv1atway4by.ap-southeast-1.alb.aliyuncsslbintl.com
appdl-1-dra.dbankcdn.com.c.cdnhwc1.com,appdl.glb.c.cdnhwc1.com
www.duit447.store,nlb-3svc79r8fxqv73kn0r.ap-southeast-1.nlb.aliyuncsslbintl.com
www.newjadeshoppingarcade.hk.39344876.cdnhwcgqa21.com,hcdnw.ovc.sme.cdnhwccmz121.com
www.hari2lucky1.net,nlb-3svc79r8fxqv73kn0r.ap-southeast-1.nlb.aliyuncsslbintl.com
origin.snaptube.support,nlb-wdy4lwqz4i0f1p38u7.eu-central-1.nlb.aliyuncsslbintl.com
tupqk2.bangcdn.net,alb-6u1iolpndxmo90o1kr.eu-central-1.alb.aliyuncs.com
www.mintchain.io,www.mintchain.io.a22f9038.cdnhwcgqa21.com
yyb-community-1258344701.file.myqcloud.com,yyb-community-1258344701.file.myqcloud.com.cdn.dnsv1.com
soyrappi.com.uy,soyrappi.com.uy.3ccacde2.cdnhwcohm19.com
www.pdfagile.com.943e270b.c.cdnhwc7.com,hcdnw119.vip.ovc.cdnhwcick110.com
www.kedai888z.com,nlb-3svc79r8fxqv73kn0r.ap-southeast-1.nlb.aliyuncsslbintl.com
1906893916666345.cn-shanghai.fc.aliyuncs.com,cn-shanghai-fc-sh-waitan-ag-45-01.fc.aliyuncs.com
g.search3.alicdn.com,g.search3.alicdn.com.danuoyi.alicdn.com
www.sports.cn,www.sports.cn.0a62e15b.cdnhwcggk22.com
v26-litea.douyinvod.com,v26-litea.douyinvod.com.51296c5e.c.cdnhwc1.com
api.weveryw.com,nlb-48ll4vvd8tyghb0w0n.ap-southeast-1.nlb.aliyuncsslbintl.com
k8s-log-c04904bdbf9d54b87bb7e696c59308587.cn-hangzhou.log.aliyuncs.com,k8s-log-c04904bdbf9d54b87bb7e696c59308587.cn-hangzhou-b.log.aliyuncs.com
liveca.alicdn.com,liveca.alicdn.com.w.cdngslb.com
prod.permissionguard.com,alb-tez4iwmwzbjwozktlc.us-east-1.alb.aliyuncsslbintl.com
www.betgm11.com,nlb-3svc79r8fxqv73kn0r.ap-southeast-1.nlb.aliyuncsslbintl.com
www.loveballs.club,service-2yzaj8uk-1256929896.ap-guangzhou.apigateway.myqcloud.com
www.tjyun.com.c.cdnhwc1.com,hcdnw101.vip.ipv6.cdnhwcbzj102.com
mpaas.cn-hangzhou.aliyuncs.com,popunify.cn-hangzhou.aliyuncs.com
ds-1018.oss-acc-allline.aliyuncs.com,ds-1018.oss-acc-allline.aliyuncs.com.gds.alibabadns.com
mall.huopan.com,alb-idiy5zfp2l6xd7v9vy.cn-hongkong.alb.aliyuncsslbintl.com
act.blood-strike.com,alb-13kja20ng7jgp6hgjv.us-east-1.alb.aliyuncsslbintl.com
feedfront.quickcep.com.8f67d45c.cdnhwcgqa21.com,hcdnw.ovc.sme.cdnhwccmz121.com
5494372.nx.apifox.cn,nlb-ijaqz5p51xwuikh3uc.cn-hongkong.nlb.aliyuncsslbintl.com
yinshuabaojia.com,probb6592d7.cname.hwcloudsite.cn
wee.bethh666.com,wee.bethh666.com.98339693.cdnhwcgqa21.com
marissa.kiselindonesia.com,alb-lb27vb8hg3ore5ucxi.ap-southeast-5.alb.aliyuncsslbintl.com
img.wondershare.com,wondershareid-com.oss-us-west-1.aliyuncs.com
alb-bdplq37kwmvtkivl6j.ap-northeast-1.alb.aliyunlb.easebar.com,alb-bdplq37kwmvtkivl6j.ap-northeast-1.alb.aliyuncsslbintl.com
m.yunnan.cn.6d0cbfa5.cdnhwcpsd13.com,hcdnw101.v3.ipv6.cdnhwcprh113.com
tiktoktrack.goodsones.com,alb-bblnwxckhs7gt5r0k3.ap-southeast-1.alb.aliyuncsslbintl.com
formal.captcha-open.aliyuncs.com.gds.alibabadns.com,alb-2z7gr690q668tvecix.cn-shanghai.alb.aliyuncsslb.com
www.live.kachi.chat,alb-fdm83g4qhsohn5ppuk.ap-southeast-1.alb.aliyuncs.com
h5.koffinexa.xyz,alb-wk06dcgbsrunubnlii.ap-southeast-1.alb.aliyuncsslbintl.com
n.mexicash.com,alb-gw8uuutbeswd5zgrsr.us-west-1.alb.aliyuncsslbintl.com
static-01.daraz.pk,static-01.daraz.pk.9d2b5122.cdnhwcchh18.com
djmusicres.easymediashare.com.ddf24129.cdnhwcgqa21.com,hcdnw.ovc.sme.cdnhwccmz121.com
ipi.shuzilm.cn,alb-okl3hprcvm9wb002wc.cn-beijing.alb.aliyuncs.com
aulavirtual.fundacionwwbcolombia.org,aulavirtual.fundacionwwbcolombia.org.23380abd.cdnhwczjt20.com
osupdate-api.palmplaystore.com,alb-1xoogcays2qdan08f6.eu-central-1.alb.aliyuncsslbintl.com
easybike-image.oss-cn-hangzhou.aliyuncs.com,sc-1pxc.cn-hangzhou.oss-adns.aliyuncs.com
p26-flow-imagex-sign.byteimg.com.51296c5e.c.cdnhwc2.com,hcdnw.zjtd01.v6.c.cdnhwc1.com
www.itib.gov.hk,www.gov.hk.f17a14b3.cdnhwcgqa21.com
popluz.com.br.8bd6a136.cdnhwcgqa21.com,hcdnw.ovc.sme.cdnhwccmz121.com
www.bbpokies.com,nlb-3svc79r8fxqv73kn0r.ap-southeast-1.nlb.aliyuncsslbintl.com
ykimg.alicdn.com,ykimg.alicdn.com.danuoyi.tbcache.com
www.syabas99.asia,nlb-3svc79r8fxqv73kn0r.ap-southeast-1.nlb.aliyuncsslbintl.com
galitv.alicdn.com,galitv.alicdn.com.danuoyi.alicdn.com
etuq.janzhoutec.com,alb-wyb2hh9lkm0sr8h97a.us-east-1.alb.aliyuncs.com
image-1300342626.cos.ap-singapore.myqcloud.com,sgp.file.myqcloud.com
ld-space.com,alb-jb6sn35is8rk9th51h.ap-southeast-1.alb.aliyuncs.com
download.pchome.net,download.pchome.net.7c9404c2.cdnhwcpsd13.com
www.redticket.com.ve.c1202fcb.cdnhwcgqa21.com,hcdnw.ovc.sme.cdnhwccmz121.com
www.thedylink.com,nlb-wdy4lwqz4i0f1p38u7.eu-central-1.nlb.aliyuncsslbintl.com
www.666cuci.pro,nlb-3svc79r8fxqv73kn0r.ap-southeast-1.nlb.aliyuncsslbintl.com
la-north-2-console.huaweicloud.com.0aa5f13b.cdnhwc8.cn,hcdnwsa.top.v6.global.cdnhwcbqs106.com
play-hw-las.livetech.shopee.vn.c.cdnhwc7.com,hcdnl.pullsea.ovc.gslb.c.cdnhwc7.com
www.wxkb-user-data-1258344707.cos.ap-shanghai.myqcloud.com,sh.file.myqcloud.com
intelcupid.com,intelcupid-net.oss-cn-beijing.aliyuncs.com
www.cita66.info,nlb-3svc79r8fxqv73kn0r.ap-southeast-1.nlb.aliyuncsslbintl.com
www.fly99.xyz,nlb-3svc79r8fxqv73kn0r.ap-southeast-1.nlb.aliyuncsslbintl.com
3dtank.com,3dtank.com.2d1590d5.cdnhwcggk22.com
www.afb77au.com,nlb-wwwzr8hg1c5vya400c.ap-southeast-1.nlb.aliyuncsslbintl.com
www.wef.gov.hk,www.gov.hk.f17a14b3.cdnhwcgqa21.com
media-static-cdn.vn.gsm-api.net.b0e27dd4.cdnhwcchh18.com,hcdnw119.ovc.c.cdnhwc7.com
www.shootingtanktargetgames.xyz,web-shootingtanktargetgames.oss-cn-hongkong.aliyuncs.com
www.mytown33.xyz,nlb-3svc79r8fxqv73kn0r.ap-southeast-1.nlb.aliyuncsslbintl.com
explore.goparksaisha.hk.39344876.cdnhwcedi10.com,hcdnw119.vip.ovc.cdnhwcick110.com
client-api-v2.oray.com,alb-jtwcmjnuw4pw80at1y.cn-hangzhou.alb.aliyuncs.com
mdike.alicdn.com,mdike.alicdn.com.danuoyi.tbcache.com
xinglian-dev-1254213275.cos.accelerate.myqcloud.com,cos.accelerate.myqcloud.com
www.v9.delivery,nlb-wwwzr8hg1c5vya400c.ap-southeast-1.nlb.aliyuncsslbintl.com
www.3699.cc,www.3699.cc.04d101dd.cdnhwcggk22.com
www.linke.ai,alb-q30h4ca2k21hu79vop.us-east-1.alb.aliyuncs.com
api.updf.com,alb-vyvisesbz88a9iseh7.us-east-1.alb.aliyuncs.com
234bet.casino,234bet.casino.d172e9a2.cdnhwcgqa21.com
xa-gov-cn.cname.dbappwaf.cn,www.xa.gov.cn.08f4de41.cdnhwcpsd13.com
www.hari2menang.org,nlb-3svc79r8fxqv73kn0r.ap-southeast-1.nlb.aliyuncsslbintl.com
event-api-cs.stardust-tv.com,alb-8vmuoismonbf9djzc4.us-west-1.alb.aliyuncs.com
open.thunderurl.com,open.thunderurl.com.d1b7f386.c.cdnhwc1.com
www.baicmx.com,www.baicmx.com.0d0a2a06.cdnhwcchh18.com
img.ddimg.mobi.f769b1c0.cdnhwchcg02.com,hcdnw101.vip.ipv6.cdnhwcbzj102.com
unify.wuying.aliyun.com.gds.alibabadns.com,alb-wj9oqqr2ogwnllig3d.cn-zhangjiakou.alb.aliyuncs.com
www.fortune88.pro,nlb-wwwzr8hg1c5vya400c.ap-southeast-1.nlb.aliyuncsslbintl.com
www.richpapua88.com,nlb-3svc79r8fxqv73kn0r.ap-southeast-1.nlb.aliyuncsslbintl.com
www.change4health.gov.hk,www.gov.hk.f17a14b3.cdnhwcgqa21.com
www.fengkuangtiyu.cn,www.fengkuangtiyu.cn.a26244e7.cdnhwcpsd13.com
guonika.com,guonika.com.0b361f85.cdnhwcggk22.com
settings.ttwebview.com.bytedns1.com,settings.ttwebview.com.51296c5e.c.cdnhwc2.com
www.a6star1.com,nlb-3svc79r8fxqv73kn0r.ap-southeast-1.nlb.aliyuncsslbintl.com
www.hwres-1256929896.cos.na-siliconvalley.myqcloud.com,cos.na-siliconvalley.myqcloud.com
w4.paykwai.com.3dce113f.cdnhwchcg02.com,hcdnw.ks.gslb.ipv6.c.cdnhwc1.com
slsrole-intl.alicdn.com,slsrole-intl.alicdn.com.w.cdngslb.com
sc-3m73.cn-hangzhou.oss-adns.aliyuncs.com,sc-3m73.cn-hangzhou.oss-adns.aliyuncs.com.gds.alibabadns.com
saas-trade-prod-1251981983.cos.ap-beijing.myqcloud.com,bj.file.myqcloud.com
www.chifulandmark.com.39344876.cdnhwcgqa21.com,hcdnw119.vip.ovc.cdnhwcick110.com
fss-cdn.vmall.com,fss-cdn.vmall.com.80800000.c.cdnhwc1.com
new-shadow-server.secu100.net,alb-rjq06yn2a1any8132k.eu-central-1.alb.aliyuncsslbintl.com
liz.vividshort.com,alb-d3f9hl5nph1i4eefx4.us-east-1.alb.aliyuncsslbintl.com
h5.wpk66.net,h5.wpk66.net.516f36ed.cdnhwcaoc115.cn
www.neopartyworld.com,www.neopartyworld.com.b92d6a15.cdnhwcedi10.com
webcast26-normal-m-yz.amemv.com,webcast26-normal-m-yz.amemv.com.51296c5e.c.cdnhwc2.com
www.bearbrick888h.com,nlb-3svc79r8fxqv73kn0r.ap-southeast-1.nlb.aliyuncsslbintl.com
www.suka2cuci.online,nlb-3svc79r8fxqv73kn0r.ap-southeast-1.nlb.aliyuncsslbintl.com
v2-zj-hbun.kwaicdn.com,gifshow.cn-north-3-cu.oss-enet-ds.aliyuncs.com
aito.auto.03f6c7d3.c.cdnhwc1.com,hcdnw.top.cdnhwcbzj102.com
repo.huaweicloud.com,repo.huaweicloud.com.c.cdnhwc1.com
www.711cuci.xyz,nlb-3svc79r8fxqv73kn0r.ap-southeast-1.nlb.aliyuncsslbintl.com
timer-feature-api.pa1mstore.com,alb-n9zyl68rhm5rziofkq.eu-central-1.alb.aliyuncsslbintl.com
fe-c-au-prod-1305117004.cos-website.ap-singapore.myqcloud.com,sgp.file.myqcloud.com
img.lazcdn.com,img.lazcdn.com.9d2b5122.cdnhwcchh18.com
dkrk.dramavein.com,alb-cqedt4vygbkdhreyvj.us-east-1.alb.aliyuncsslbintl.com
djmusicres.easymediashare.com,djmusicres.easymediashare.com.ddf24129.cdnhwcgqa21.com
cn-pic-1384773501.cos.ap-nanjing.myqcloud.com,cos.ap-nanjing.myqcloud.com
prod.shortdramasreels.com,alb-j7j0bytenyf9vc7gus.us-east-1.alb.aliyuncsslbintl.com
pc001.update.cmpc.cmcm.com,pc001.update.cmpc.cmcm.com.c.cdnhwc1.com
static.deepseek.com.436b7a4e.cdnhwcxcy07.com,hcdnw120.vip.global.cdnhwctnm107.com
aimakersummit.com,yingjie-1255500893.cos-website.ap-shanghai.myqcloud.com
www.harbourviewplace.com.39344876.cdnhwcgqa21.com,hcdnw119.vip.ovc.cdnhwcick110.com
dkeojd.janzhoutec.com,alb-wyb2hh9lkm0sr8h97a.us-east-1.alb.aliyuncs.com
gdmc-za.intl-gwm.com,gdmc-za.intl-gwm.com.2c4b8f56.cdnhwcgqa21.com
www.pakarjudi8.biz,nlb-3svc79r8fxqv73kn0r.ap-southeast-1.nlb.aliyuncsslbintl.com
mqtt-cluster11.transsion-os.com,nlb-b35ixvywgparmtsvit.eu-central-1.nlb.aliyuncsslbintl.com
www.hyundai.com.cn.0d0a2a06.cdnhwcpsd13.com,hcdnw101.v3.cdnhwcprh113.com
replay-alpha1-cq-1-1259129723.cos.ap-chongqing.myqcloud.com,cq.file.myqcloud.com
www.boleh888z.com,nlb-3svc79r8fxqv73kn0r.ap-southeast-1.nlb.aliyuncsslbintl.com
wnwxg.dramaexpo.com,alb-577ucrru1uo9w22456.us-east-1.alb.aliyuncs.com
biz.ofm.co.th,biz.ofm.co.th.08f2cbaf.cdnhwcedi10.com
analytics.meituan.net.1afe4cee.cdnhwcxcy07.com,hcdnw3.meituan.global.v6.cdnhwctnm107.com
xiaobot-help.oss-cn-shanghai.aliyuncs.com,sc-1xfe.cn-shanghai.oss-adns.aliyuncs.com
m.xda.cn,m.xda.cn.7c9404c2.cdnhwcpsd13.com
mateline-file.teleows.com.c.cdnhwc1.com,hcdnd.top.global.cdnhwclxu105.com
www.ddw99.com,nlb-3svc79r8fxqv73kn0r.ap-southeast-1.nlb.aliyuncsslbintl.com
www.samamenang.club,nlb-3svc79r8fxqv73kn0r.ap-southeast-1.nlb.aliyuncsslbintl.com
www.tianjinwe.com.c.cdnhwc1.com,hcdnw101.vip.ipv6.cdnhwcbzj102.com
bethh888.com.98339693.cdnhwcchh18.com,hcdnw119.ovc.c.cdnhwc7.com
gssdk2.heishenhua.com,nlb-9q0ibhztcgjnqn40eg.ap-southeast-1.nlb.aliyuncs.com
api-search.skywork.ai,alb-a5jrt0faw4mx9lq0vz.us-east-1.alb.aliyuncsslbintl.com
win1.bethh7.com,win1.bethh7.com.98339693.cdnhwcgqa21.com
fssc-outside.vivo.xyz,alb-ackpgo3euc24a2qgzm.cn-shenzhen.alb.aliyuncsslb.com
www.transsion.com,alb-8eeavpn6lw5tow68b0.cn-hongkong.alb.aliyuncs.com
www.121bet999.com,www.121bet999.com.98339693.cdnhwcchh18.com
pull-flv-spe-l26.douyinliving.com,pull-flv-spe-l26.douyinliving.com.cdnhwczba04.com
appdownload.alicdn.com,appdownload.alicdn.com.danuoyi.tbcache.com
cargo.rappi.com.co.3ccacde2.cdnhwcohm19.com,hcdnw.ovc.fbs.v6.cdnhwcuim119.com
ft-cn-alb.hetangsmart.com,alb-5c5um98o3m3u20rk9v.cn-shenzhen.alb.aliyuncsslb.com
ds-overseas-2066.oss-acc-allline.aliyuncs.com,ds-overseas-2066.oss-acc-allline.aliyuncs.com.gds.alibabadns.com
email.mailsturbo.com,alb-w07a4umc98o9rmujdt.us-west-1.alb.aliyuncsslbintl.com
www.xingyihudong.cn,wwwroot-1317918019.cos-website.ap-beijing.myqcloud.com
dh-beian.oss-cn-shanghai.aliyuncs.com,sc-2zf2.cn-shanghai.oss-adns.aliyuncs.com
tracker.dsp.os.medproad.com,alb-9kk9o0ztxmksvv9xqv.ap-southeast-1.alb.aliyuncsslbintl.com
www.moretickets.com,www.moretickets.com.039ce1c7.cdnhwcajk17.com
file1.renrendoc.com,file1.renrendoc.com.1aa261da.cdnhwcggk22.com
xiaoyuan.iguopin.com,alb-lpca5yphjlu94swjxm.cn-beijing.alb.aliyuncs.com
ubiabox-us-se1-1312441409.cos.accelerate.myqcloud.com,cos.accelerate.myqcloud.com
p26-tt-sports-sign.byteimg.com.51296c5e.c.cdnhwc2.com,hcdnw.zjtd01.v6.c.cdnhwc1.com
applog.riftskygames.com,alb-qonkk7kaqvj2eeq6xc.ap-southeast-1.alb.aliyuncs.com
feedfront.vidhash.net,feedfront.vidhash.net.dae55295.cdnhwcvix16.com
ns2giga5.kattanam.com,alb-8lczzuioch8cnt6dq4.ap-southeast-1.alb.aliyuncs.com
v4-lm.adukwai.com.3dce113f.cdnhwcoem01.com,hcdnv.ks6.gslb.ipv6.c.cdnhwc1.com
www.bcb88asia.com,nlb-3svc79r8fxqv73kn0r.ap-southeast-1.nlb.aliyuncsslbintl.com
www.king-long.com.eb464d5f.cdnhwcchh18.com,hcdnw119.ovc.c.cdnhwc7.com
www.pandaremit.com,nlb-xxp1f4bnelnla0lpak.eu-central-1.nlb.aliyuncsslbintl.com
api.ahagamecenter.com,alb-ioqbtqr2559q2ocy94.eu-central-1.alb.aliyuncsslbintl.com
legendre.cleanfieeorderfile.com,alb-xdhwt5zhqghozi4qk4.us-east-1.alb.aliyuncsslbintl.com
1920452240627495.cn-shenzhen.fc.aliyuncs.com,cn-shenzhen-fc-sz-futian-ag-45-01.fc.aliyuncs.com
www.bsb007.com,nlb-3svc79r8fxqv73kn0r.ap-southeast-1.nlb.aliyuncsslbintl.com
www.kuatcuci1.net,nlb-3svc79r8fxqv73kn0r.ap-southeast-1.nlb.aliyuncsslbintl.com
www.kachi.chat,alb-fdm83g4qhsohn5ppuk.ap-southeast-1.alb.aliyuncs.com
www.cashsweep4.com,nlb-3svc79r8fxqv73kn0r.ap-southeast-1.nlb.aliyuncsslbintl.com
admin.adapundi.com,alb-25a3v9cfxm9rdsq3q9.ap-southeast-5.alb.aliyuncsslbintl.com
dashscope.aliyuncs.com,gtm-cn-rt54j1mlg03.dashscope.aliyuncs.com
hilly.quicklauncherapp.com,alb-1hqi4d1ms5jcetscmg.us-east-1.alb.aliyuncsslbintl.com
sg-test-11.slatic.net,sg-test-11.slatic.net.9d2b5122.cdnhwcchh18.com
1389923071063862.cn-shanghai.fc.aliyuncs.com,cn-shanghai-fc-sh-waitan.fc.aliyuncs.com
playbleachsr.com,alb-mxe33rs1popik4ok2e.eu-central-1.alb.aliyuncsslbintl.com
www.125win.net,nlb-3svc79r8fxqv73kn0r.ap-southeast-1.nlb.aliyuncsslbintl.com
www.funpgk.com,nlb-3svc79r8fxqv73kn0r.ap-southeast-1.nlb.aliyuncsslbintl.com
www.shihuocdn.cn,shihuo-ops.oss-cn-hangzhou.aliyuncs.com
1790949.ma3you.cn,alb-rp1fzrl0mirmofa49y.cn-hangzhou.alb.aliyuncs.com
api.milockscreen.com,alb-lykyrcz9zuvabw4bhm.ap-southeast-1.alb.aliyuncsslbintl.com
gdmc.gwmmotors.com.br,gdmc.gwmmotors.com.br.8f1815f2.c.cdnhwc7.com
www.vss.bet,www.vss.bet.98339693.cdnhwcgqa21.com
ssr.moefantasy.co.jp,warshipgirls-ssr-1253958497.cos-website.ap-tokyo.myqcloud.com
www.web-1300342626.cos.ap-singapore.myqcloud.com,sgp.file.myqcloud.com
womb.superaicleaner.com,alb-hum6d7t883tdehdth6.us-east-1.alb.aliyuncsslbintl.com
store.dumacredit.com,store.dumacredit.com.e147512d.cdnhwcgqa21.com
1709146435620065.cn-hangzhou.fc.aliyuncs.com,cn-hangzhou-fc-hz-yunqi-ag-23-01.fc.aliyuncs.com
ubiabox-us-se1-1312441409.cos.na-ashburn.myqcloud.com,cos.na-ashburn.myqcloud.com
e5log2.fineboost.com,alb-w8b3wgblzu0gcnxwuw.ap-southeast-1.alb.aliyuncs.com
samgor.idimsum.com,alb-mylwyvxgu3kntr090k.cn-hongkong.alb.aliyuncs.com
www.lambor68.org,nlb-3svc79r8fxqv73kn0r.ap-southeast-1.nlb.aliyuncsslbintl.com
www.777-vinha777.net.d172e9a2.cdnhwcgqa21.com,hcdnw.ovc.sme.cdnhwccmz121.com
p26-novelsale-sign.yueduwuxianpic.com,p26-novelsale-sign.yueduwuxianpic.com.51296c5e.c.cdnhwc2.com
tools.deaiaatrad.com,alb-4x003mrvql3gwcwnyc.us-west-1.alb.aliyuncsslbintl.com
transfer.sumpanel.com,alb-s811mflsf741kxx9ri.cn-hangzhou.alb.aliyuncs.com
ques.transsion-os.com,nlb-b6srnqdqzk3me96gm3.eu-central-1.nlb.aliyuncs.com
www.9kissbn9.com,nlb-3svc79r8fxqv73kn0r.ap-southeast-1.nlb.aliyuncsslbintl.com
www.reze88.vip,nlb-3svc79r8fxqv73kn0r.ap-southeast-1.nlb.aliyuncsslbintl.com
pearle-us-1316693915.cos.na-ashburn.myqcloud.com,cos.na-ashburn.myqcloud.com
cba.net.cn,alb-gxjhu0zzk85l2k16av.internal.cn-beijing.alb.aliyuncs.com
sc-12uo.cn-shanghai.oss-adns.aliyuncs.com,sc-12uo.cn-shanghai.oss-adns.aliyuncs.com.gds.alibabadns.com
www.88cuci.com,nlb-3svc79r8fxqv73kn0r.ap-southeast-1.nlb.aliyuncsslbintl.com
easywin.co.zm.d507c6c8.cdnhwcchh18.com,hcdnw119.ovc.c.cdnhwc7.com
webcert.cnmstl.net.0581966e.cdnhwcpsd13.com,hcdnw101.v3.cdnhwcprh113.com
d577bet.com,d577bet.com.98339693.cdnhwcgqa21.com
wwrz.lanzout.com,0b8ffbb9.lanzout.com.0b8ffbb9.cdnhwc8.cn
analyse.en.igpsport.com,alb-7cna6px93pvhpegr8i.us-west-1.alb.aliyuncs.com
apph5.unionlao.com,alb-vs7gea22ekkkmrm6et.ap-southeast-1.alb.aliyuncs.com
kiwijoy.net,qqplaysrc1.oss-cn-shenzhen.aliyuncs.com
moloco.rtb.hurelax.com,alb-g7vadkqdydweect7qt.eu-central-1.alb.aliyuncsslbintl.com
lf26-cdn-tos.bytegeckoext.com.c.cdnhwc1.com,hcdnd100.ipv6.c.cdnhwc1.com
www.hfc.org.hk,www.gov.hk.f17a14b3.cdnhwcgqa21.com
www.55qqqbet.com.98339693.cdnhwcgqa21.com,hcdnwsa.ovc.baimingdan.cdnhwcbie120.cn
dmla.lanzouo.com,0b8ffbb9.lanzouo.com.0b8ffbb9.cdnhwc8.cn
tplogin.cn,alb-eszd1udbas86rmox7v.cn-shenzhen.alb.aliyuncs.com
boltray.com,alb-els3iq8ljfrcehz8in.ap-southeast-1.alb.aliyuncsslbintl.com
pcsoft.com.cn.8213c51d.cdnhwchcg02.com,hcdnw101.vip.cdnhwcbzj102.com
p26-novelsale-sign.yueduwuxianpic.com.51296c5e.c.cdnhwc2.com,hcdnw.zjtd01.v6.c.cdnhwc1.com
pms-zeus-xcdn.bdstatic.com,pms-zeus-xcdn.bdstatic.com.a.bdydns.com
commonresource-1252524126.cdn.xiaoeknow.com,commonresource-1252524126.cdn.xiaoeknow.com.82931295.cdnhwc9.com
www.crazysports.com,www.crazysports.com.a26244e7.cdnhwcpsd13.com
v26-chf.douyinvod.com.51296c5e.c.cdnhwc1.com,hcdnv.zjtd01.v6.c.cdnhwc2.com
www.11cncbet.com,www.11cncbet.com.98339693.cdnhwcgqa21.com
htm.sf-express.com,htm.sf-express.com.07fc0ba0.cdnhwcxcy07.com
bytesus.com,alb-9tl79iaquevxbt91ek.cn-beijing.alb.aliyuncsslb.com
www.hb88aus.net,nlb-3svc79r8fxqv73kn0r.ap-southeast-1.nlb.aliyuncsslbintl.com
ssohk.acadsoc.com.cn,ssohk.acadsoc.com.cn.0bcae5e7.c.cdnhwc1.com
v26-vllq-adp3-u1.onewsvod.com.51296c5e.c.cdnhwc1.com,hcdnv.zjtd02.v6.c.cdnhwc2.com
www.gz.gov.cn.08f4de41.cdnhwcpsd13.com,hcdnw102.vip.v6.cdnhwcbzj102.com
p.weather.com.cn.c.cdnhwc1.com,hcdnw101.gslb.c.cdnhwc2.com
www.reze88.cc,nlb-3svc79r8fxqv73kn0r.ap-southeast-1.nlb.aliyuncsslbintl.com
account.siliconflow.cn,alb-wxsz91yl8z8mspp5st.cn-shanghai.alb.aliyuncs.com
www.won99a.com,nlb-3svc79r8fxqv73kn0r.ap-southeast-1.nlb.aliyuncsslbintl.com
share-h5.xbloom.com,oss-us-east-1.aliyuncs.com
alb-prod-cname.booyah.cc,alb-qb4vqd9nyiuhl3e6oi.ap-southeast-1.alb.aliyuncs.com
www.santai44.org,nlb-wwwzr8hg1c5vya400c.ap-southeast-1.nlb.aliyuncsslbintl.com
cnf.fnnas.com,alb-rq98lnj0sr21jg9261.cn-shenzhen.alb.aliyuncs.com
www.xhsci-10008268.cos.ap-shanghai.myqcloud.com,sh.file.myqcloud.com
www.suka2cc.com,nlb-3svc79r8fxqv73kn0r.ap-southeast-1.nlb.aliyuncsslbintl.com
ossgw.alicdn.com,ossgw.alicdn.com.danuoyi.alicdn.com
17622.ma3you.cn,alb-rp1fzrl0mirmofa49y.cn-hangzhou.alb.aliyuncs.com
platform.minimaxi.com,nlb-4xws9ermpfwu2lm8w3.ap-southeast-1.nlb.aliyuncs.com
aop-pic-drcn.dbankcdn.com,aop-pic-drcn.dbankcdn.com.80800000.c.cdnhwc1.com
members-res.connect-bajisitan.com.243ef88a.cdnhwcohm19.com,hcdnw.ovc.fbs.cdnhwcuim119.com
tools.goeprasapp.com,alb-3fdndhxvcnjbkymzmz.us-west-1.alb.aliyuncsslbintl.com
www.duba.net.943e270b.cdnhwchcg02.com,hcdnw102.vip.cdnhwcbzj102.com
browserr-dra.dbankcdn.cn,browserr-dra.dbankcdn.cn.80800000.c.cdnhwc1.com
www.readformore.com,www.readformore.com.39344876.cdnhwcgqa21.com
searchstars.lanzoue.com,0b8ffbb9.lanzoue.com.0b8ffbb9.cdnhwc8.cn
www.cos.eu-frankfurt.myqcloud.com,ger.file.myqcloud.com
apiprodtj.sjzmaofang.com,apiprodtj.sjzmaofang.com.1ba31267.cdnhwcpsd13.com
www.mixue888z.com,nlb-3svc79r8fxqv73kn0r.ap-southeast-1.nlb.aliyuncsslbintl.com
v26-reading-ad.qznovelvod.com.51296c5e.c.cdnhwc1.com,hcdnv.zjtd02.v6.c.cdnhwc2.com
globalhomeappapi.solarmanpv.com,alb-ch4soe8fxz06jbioxv.eu-central-1.alb.aliyuncsslbintl.com
geospatial.chcnav.com,geospatial.chcnav.com.9f4653fa.cdnhwcxcy07.com
5sbet.net,5sbet.net.98339693.cdnhwcchh18.com
6gbet16.com.98339693.cdnhwcchh18.com,hcdnw119.ovc.c.cdnhwc7.com
www.5sbet8.com.d172e9a2.cdnhwcgqa21.com,hcdnw.ovc.sme.cdnhwccmz121.com
www.luckin33.asia,nlb-3svc79r8fxqv73kn0r.ap-southeast-1.nlb.aliyuncsslbintl.com
studyx-media.oss-accelerate-overseas.aliyuncs.com,ds-overseas-1023.oss-acc-allline.aliyuncs.com
cdnapiif.121bet.vip,cdnapiif.121bet.vip.98339693.cdnhwcgqa21.com
img2.mb.cmbimg.com.0c039a25.cdnhwc9.com,hcdnw120.global.gslb.v6.c.cdnhwc2.com
mkt.kfc.com.cn,alb-cvvbnllv5pwt77l959.cn-shanghai.alb.aliyuncs.com
member-avatar.lazcdn.com.9d2b5122.cdnhwcchh18.com,hcdnw.lzd.ovc.cdnhwcick110.com
www.twcbest3.com,nlb-3svc79r8fxqv73kn0r.ap-southeast-1.nlb.aliyuncsslbintl.com
168.lqpay1.com,alb-arw6ak7p9499xlyufk.ap-southeast-1.alb.aliyuncsslbintl.com
pull-hls-b26.douyincdn.com.cdnhwczba04.com,hcdnl.pulldyin.hls.gslb.c.cdnhwc2.com
www.kissy918.website,nlb-3svc79r8fxqv73kn0r.ap-southeast-1.nlb.aliyuncsslbintl.com
www.mancity1894l.com,nlb-3svc79r8fxqv73kn0r.ap-southeast-1.nlb.aliyuncsslbintl.com
hw2.a.kwimgs.com.3dce113f.c.cdnhwc1.com,hcdnw.ks.gslb.ipv6.c.cdnhwc1.com
rtc.aliyuncs.com,popunify-enormous-public.aliyuncs.com
login-vip.jet.co.id.15626df9.cdnhwcllh11.com,hcdnwsa119.vip.ovc.cdnhwcead111.com
zibo-gov-cn.cname.dbappwaf.cn,www.zibo.gov.cn.08f4de41.cdnhwcpsd13.com
www.pokies4bet.com,nlb-3svc79r8fxqv73kn0r.ap-southeast-1.nlb.aliyuncsslbintl.com
www.uefa888f.com,nlb-3svc79r8fxqv73kn0r.ap-southeast-1.nlb.aliyuncsslbintl.com
gcp-img.slatic.net.9d2b5122.cdnhwcchh18.com,hcdnw.lzd.ovc.cdnhwcick110.com
v4-ad.adukwai.com.3dce113f.cdnhwcoem01.com,hcdnv.ks6.gslb.ipv6.c.cdnhwc1.com
vc-0433-d01-n01.cloudlinks.cn,vc-0433-d01-n01.oss-na-south-1.aliyuncs.com
www.fjdaily.com,www.fjdaily.com.c.cdnhwc1.com
www.baicglobal.com,www.baicglobal.com.0d0a2a06.cdnhwcpsd13.com
www.twcbet.online,nlb-3svc79r8fxqv73kn0r.ap-southeast-1.nlb.aliyuncsslbintl.com
www.freegamegogo.com,alb-1yu63iimbm47or0dq3.ap-southeast-1.alb.aliyuncsslbintl.com
www.ngernhaijai.com,www.ngernhaijai.com.5b117278.cdnhwcchh18.com
www.crown69.co,nlb-3svc79r8fxqv73kn0r.ap-southeast-1.nlb.aliyuncsslbintl.com
sc-2qbf.cn-shanghai.oss-adns.aliyuncs.com,sc-2qbf.cn-shanghai.oss-adns.aliyuncs.com.gds.alibabadns.com
www.weather.com.cn,www.weather.com.cn.c.cdnhwc1.com
www.yhysnak.com,www.yhysnak.com.98339693.cdnhwcgqa21.com
www.bigbossjudi.one,nlb-3svc79r8fxqv73kn0r.ap-southeast-1.nlb.aliyuncsslbintl.com
www.widgetoftheme.com,www-widgetoftheme-com.oss-cn-shenzhen.aliyuncs.com
fast.dewu.com.09672089.cdnhwcupf06.com,hcdnwsa120.v5.cdnhwczoy106.cn
pbpay.didistatic.com.8b908a60.cdnhwchcg02.com,hcdnw102.vip.v6.cdnhwcbzj102.com
wwat.lanzoul.com,0b8ffbb9.lanzoul.com.0b8ffbb9.cdnhwc8.cn
www.legend9.net,nlb-3svc79r8fxqv73kn0r.ap-southeast-1.nlb.aliyuncsslbintl.com
1144388981857298.ap-southeast-1.fc.aliyuncs.com,ap-southeast-1-fc-sg-shicheng-fg-23-01.fc.aliyuncs.com
www.6pgvip.cn.98339693.cdnhwcgqa21.com,hcdnwsa.ovc.baimingdan.cdnhwcbie120.cn
app.csrqoa.com,app.csrqoa.com.a3443e11.cdnhwcupf06.com
www.ckb888.com,nlb-3svc79r8fxqv73kn0r.ap-southeast-1.nlb.aliyuncsslbintl.com
upqp.bishengusdt.com,alb-gnimez2j95539770iz.cn-hongkong.alb.aliyuncs.com
h5.dlight-app.com,nlb-xq3sf2gajqn3wtvens.eu-central-1.nlb.aliyuncsslbintl.com
d4-ks.a.kwimgs.com,d4-ks.a.kwimgs.com.3dce113f.c.cdnhwc1.com
youpinimg.com,alb-qjx326h0qyx2fxjv31.cn-shenzhen.alb.aliyuncsslb.com
www.novelah.net,alb-m0uzpihk4w0er8yhz1.ap-southeast-1.alb.aliyuncs.com
wwwroot-1317918019.cos-website.ap-beijing.myqcloud.com,bj.file.myqcloud.com
www.bersatu88.net,nlb-3svc79r8fxqv73kn0r.ap-southeast-1.nlb.aliyuncsslbintl.com
www.ttb1.info,nlb-3svc79r8fxqv73kn0r.ap-southeast-1.nlb.aliyuncsslbintl.com
22pubet.com,22pubet.com.98339693.cdnhwcgqa21.com
club.b2s.co.th.08f2cbaf.c.cdnhwc7.com,hcdnw119.vip.ovc.cdnhwcick110.com
777slot77.com.98339693.cdnhwcgqa21.com,hcdnwsa.ovc.baimingdan.cdnhwcbie120.cn
www.huodongjia.com,1185996536297790.cn-beijing.fc.aliyuncs.com
dahuhotpot-web-1304429973.cos-website.ap-chongqing.myqcloud.com,cq.file.myqcloud.com
smart-activity.cookhere.com,smart-activity-sg-v2.oss-ap-southeast-1.aliyuncs.com
orgid.macroverse.huaweicloud.com.250a07be.cdnhwcgqa21.com,hcdnwsa.top.global.cdnhwcbqs106.com
henkel.winsafe.cn,alb-tlea3zolm3esx5qjm5.cn-shanghai.alb.aliyuncs.com
care.dolynkcloud.com,alb-2d6gi799ukkddxa8uv.eu-central-1.alb.aliyuncsslbintl.com
www.royalaceau.com,nlb-3svc79r8fxqv73kn0r.ap-southeast-1.nlb.aliyuncsslbintl.com
snaptube.io,nlb-wdy4lwqz4i0f1p38u7.eu-central-1.nlb.aliyuncsslbintl.com
www.skyengine.net.cn.c.cdnhwc1.com,hcdnw101.vip.ipv6.cdnhwcbzj102.com
portal.cascas.tech,alb-mbspv1q4edahictrr2.ap-southeast-1.alb.aliyuncsslbintl.com
v26-awememusicpgc.amemv.com,v26-awememusicpgc.amemv.com.51296c5e.c.cdnhwc1.com
gifshow.cn-north-3-cm.oss-enet-ds.aliyuncs.com,gifshow.line-isp-province.cn-north-3-cm.oss-enet-ds.aliyuncs.com.gds.alibabadns.com
sucaiwang.zhishangsoft.com.ed1defda.cdnhwcpsd13.com,hcdnw101.v3.cdnhwcprh113.com
www.yoxuba.com,www-yoxuba-com.oss-cn-guangzhou.aliyuncs.com
123.321see.com.3e496610.cdnhwcggk22.com,hcdnw101.sme.cdnhwcaip122.cn
event-log-api-data-lake-prod-cn.hypergryph.com,alb-3x15ud7z73qk6nq60g.cn-shanghai.alb.aliyuncsslb.com
configpatch7.xunyou.com.aebd82c2.cdnhwclxw05.com,hcdnd120.vip.global.cdnhwclxu105.com
qr_order-c1og21.th.biot-apps.com,alb-qbd2a8gb2ifhviorf0.ap-southeast-7.alb.aliyuncsslbintl.com
www.gate-dhgames.com,dh-beian.oss-cn-shanghai.aliyuncs.com
huawei-video-ads-cms.grab.com,huawei-video-ads-cms.grab.com.9c9aa849.cdnhwcgqa21.com
vgms.fanyu.com,alb-rbo80zctiuvcqjkfrh.cn-hangzhou.alb.aliyuncs.com
ext.lceda.cn,ext.lceda.cn.1eeb2723.cdnhwcurq03.com
www.misai8.store,nlb-3svc79r8fxqv73kn0r.ap-southeast-1.nlb.aliyuncsslbintl.com
www.mulia668.live,nlb-3svc79r8fxqv73kn0r.ap-southeast-1.nlb.aliyuncsslbintl.com
www.dn99c.com,nlb-3svc79r8fxqv73kn0r.ap-southeast-1.nlb.aliyuncsslbintl.com
www.lqglobal78.com,qweoss.oss-us-east-1.aliyuncs.com
720.ihomecloud.com.cn.5ad1cefc.cdnhwczjt20.com,hcdnwsa119.ovc.c.cdnhwc7.com
game1.ksdnyh23.club.8480d42f.cdnhwcchh18.com,hcdnw119.ovc.v6.c.cdnhwc7.com
www.spinking44.com,nlb-3svc79r8fxqv73kn0r.ap-southeast-1.nlb.aliyuncsslbintl.com
www.samamenang.world,nlb-3svc79r8fxqv73kn0r.ap-southeast-1.nlb.aliyuncsslbintl.com
www.dstvafrica.com,www.dstvafrica.com.442a92f3.cdnhwcgqa21.com
pt-starfile.didistatic.com.8b908a60.cdnhwchcg02.com,hcdnw102.vip.v6.cdnhwcbzj102.com
www.cos.ap-singapore.myqcloud.com,sgp.file.myqcloud.com
public.iot-as-mqtt.cn-shanghai.aliyuncs.com,vpc-sh-prod.mqtt.iotgds.aliyuncs.com
ad.app.elinkthings.com,elinkthings-ad.oss-cn-shenzhen.aliyuncs.com
studyofnet-1312450223.cos.ap-guangzhou.myqcloud.com,gz.file.myqcloud.com
www.lambor68.site,nlb-3svc79r8fxqv73kn0r.ap-southeast-1.nlb.aliyuncsslbintl.com
sns-v4.xhscdn.com,sns-v4.xhscdn.com.057f7a7d.cdnhwclxw05.com
pdf-lenovo-vip-cdn.vconew.com.943e270b.cdnhwchcg02.com,hcdnw101.vip.cdnhwcbzj102.com
gtms03.alicdn.com,gtms03.alicdn.com.danuoyi.alicdn.com
www.nowcoder.com,alb-u5g44t3vna625tmfqi.cn-hangzhou.alb.aliyuncs.com
777slot4.com.98339693.cdnhwcgqa21.com,hcdnwsa.ovc.baimingdan.cdnhwcbie120.cn
www.bizecart.com,alb-l79kzu0e7i4v559vvp.cn-hongkong.alb.aliyuncs.com
wwbvj.lanzout.com,0b8ffbb9.lanzout.com.0b8ffbb9.cdnhwc8.cn
www.fun666.click,nlb-wwwzr8hg1c5vya400c.ap-southeast-1.nlb.aliyuncsslbintl.com
mall-i4.xhscdn.com,mall-i4.xhscdn.com.057f7a7d.cdnhwcxcy07.com
iam.xcmg.com,iam.xcmg.com.7fcc619a.cdnhwcllh11.com
m.wzg6.com,alb-3vwdtjs9fitqemaz5h.cn-hongkong.alb.aliyuncs.com
lf26-creation-trends-sign.douyinstatic.com.51296c5e.c.cdnhwc2.com,hcdnd100.ipv6.c.cdnhwc1.com
aff.painfulforgot.com,alb-98v773x6bm7nigyydj.ap-southeast-1.alb.aliyuncsslbintl.com
h5.wpk11.net.516f36ed.cdnhwcvix16.com,hcdnw.ovc.sme.cdnhwccmz121.com
www.biru44.live,nlb-3svc79r8fxqv73kn0r.ap-southeast-1.nlb.aliyuncsslbintl.com
booking.hkairportstaffparking.com,alb-7o038wbjgyc1ryx9rp.cn-hongkong.alb.aliyuncsslbintl.com
home.solarmanpv.com,alb-ch4soe8fxz06jbioxv.eu-central-1.alb.aliyuncsslbintl.com
www.cuci100.com,nlb-3svc79r8fxqv73kn0r.ap-southeast-1.nlb.aliyuncsslbintl.com
track.touchpointcorp.com,alb-nbxnq2d1eql0q2k62b.us-east-1.alb.aliyuncs.com
msg.transacme.com,alb-bj3vrdlg29bjadsodw.eu-central-1.alb.aliyuncsslbintl.com
eruption.duststorgecleaner.com,alb-gy9ehudb5x5dxuv0ae.us-east-1.alb.aliyuncsslbintl.com
chi.hsu.edu.hk,alb-2uj5f47bzu6ckcfe57.cn-hongkong.alb.aliyuncsslbintl.com
fangzhibao.com,alb-2eunf5v03hgmfdnd5f.cn-hangzhou.alb.aliyuncsslb.com
www.bosyun.net,alb-q42qut0af1jppwue5k.eu-central-1.alb.aliyuncs.com
api.adsentri.com,alb-vsss9c581vctjly1dp.us-east-1.alb.aliyuncsslbintl.com
aa.cos.ap-seoul.myqcloud.com,cos.ap-seoul.myqcloud.com
www.zqgame.com.08a51e63.cdnhwc9.com,hcdnw120.dft.global.cdnhwckfz116.com
skyreels.ai,alb-kom6d14bgrnefwqxa0.cn-hongkong.alb.aliyuncsslbintl.com
www.fliggy.com,www.fliggy.com.danuoyi.alicdn.com
1fw35mn5y7h-sdk.rum.aliyuncs.com,all.rum.aliyuncs.com.w.cdngslb.com
matrixpackage-file-3132-huawei.babybus.com.a684b31e.cdnhwclxw05.com,hcdnd120.vip.global.ipv6.cdnhwclxu105.com
yximgs-webrtc.liveplay.myqcloud.com,yximgs-webrtc.liveplay.myqcloud.com.sched.webrtc.tdnsv5.com
www.a66.day,nlb-3svc79r8fxqv73kn0r.ap-southeast-1.nlb.aliyuncsslbintl.com
browseraps-drcn.dbankcdn.80800000.globalsign.c.cdnhwc1.cn,hcdnd.cbg2.c.cdnhwc2.com
yy1jogo.com,yy1jogo.com.98339693.cdnhwcgqa21.com
234bet1.bet,234bet1.bet.d172e9a2.cdnhwcgqa21.com
www.pantas33f.com,nlb-3svc79r8fxqv73kn0r.ap-southeast-1.nlb.aliyuncsslbintl.com
www.51pptmoban.com.6d1189fc.cdnhwcggk22.com,hcdnw101.sme.cdnhwcaip122.cn
www.dh.gov.hk,www.gov.hk.f17a14b3.cdnhwcgqa21.com
www.ace4win.com,nlb-3svc79r8fxqv73kn0r.ap-southeast-1.nlb.aliyuncsslbintl.com
bootcdn.cn,bootcdn.cn.d48437e9.cdnhwcvix16.com
m.fpwap.com,m.fpwap.com.7c9404c2.cdnhwcpsd13.com
jx.weather.com.cn,jx.weather.com.cn.c.cdnhwc1.com
tupqk3.bangcdn.net,alb-6u1iolpndxmo90o1kr.eu-central-1.alb.aliyuncs.com
www.janjibayar88.net,nlb-wwwzr8hg1c5vya400c.ap-southeast-1.nlb.aliyuncsslbintl.com
sapi.aoneroom.com,nlb-qucsgp5d18hke4tl7u.eu-central-1.nlb.aliyuncsslbintl.com
m.nowcoder.com,alb-u5g44t3vna625tmfqi.cn-hangzhou.alb.aliyuncs.com
jobs.51job.com,alb-boktpxutg7bo1u512o.cn-shanghai.alb.aliyuncsslb.com
sns-na-i4.xhscdn.com.057f7a7d.cdnhwcxcy07.com,hcdnw.top.v6.global.cdnhwctnm107.com
www.candy96.com,nlb-3svc79r8fxqv73kn0r.ap-southeast-1.nlb.aliyuncsslbintl.com
device-h3.up2.app,alb-madi33as8xxwk49i3l.us-west-1.alb.aliyuncsslbintl.com
hukeo.com,hukeo.com.98339693.cdnhwcgqa21.com
mitienda.rappi.com.pe,mitienda.rappi.com.pe.3ccacde2.cdnhwcohm19.com
www.miloais88wallet.com,nlb-wwwzr8hg1c5vya400c.ap-southeast-1.nlb.aliyuncsslbintl.com
origin.snaptube.com,nlb-wdy4lwqz4i0f1p38u7.eu-central-1.nlb.aliyuncsslbintl.com
www.gangbet88.live,nlb-3svc79r8fxqv73kn0r.ap-southeast-1.nlb.aliyuncsslbintl.com
399w.com.br.8bd6a136.cdnhwcgqa21.com,hcdnw.ovc.sme.cdnhwccmz121.com
chill.ramusiapp.com,alb-5xhvp2gt26ih7s338j.us-east-1.alb.aliyuncs.com
cwc777.vip,cwc777.vip.98339693.cdnhwcgqa21.com
aulavirtual.fundacionwwbcolombia.org.23380abd.cdnhwczjt20.com,hcdnwsa119.ovc.c.cdnhwc7.com
www.joywertb.com,joywertb-com.oss-us-east-1.aliyuncs.com
www.ekplus8.site,nlb-3svc79r8fxqv73kn0r.ap-southeast-1.nlb.aliyuncsslbintl.com
www.speedau.net,nlb-3svc79r8fxqv73kn0r.ap-southeast-1.nlb.aliyuncsslbintl.com
pay.labupay.net,alb-fod2s94cayl3zm8tae.ap-southeast-1.alb.aliyuncsslbintl.com
mybaits-flex.oss-cn-beijing.aliyuncs.com,sc-2yv6.cn-beijing.oss-adns.aliyuncs.com
www.666cuci.org,nlb-3svc79r8fxqv73kn0r.ap-southeast-1.nlb.aliyuncsslbintl.com
www.52pcfree.com,www.52pcfree.com.943e270b.cdnhwchcg02.com
webcast26-core-c-hl.amemv.com.51296c5e.c.cdnhwc2.com,hcdndyn.zjtd04.v6.c.cdnhwc2.com
-eu-1316693915.cos.eu-frankfurt.myqcloud.com,ger.file.myqcloud.com
apipro-normal-v3.ldd678.com.a3443e11.cdnhwcupf06.com,hcdnwsa120.v5.gate.cdnhwcbqs106.com
www.777slot0.com,www.777slot0.com.98339693.cdnhwcgqa21.com
collect.quickcep.com,collect.quickcep.com.8f67d45c.cdnhwcvix16.com
1283981.ma3you.cn,alb-rp1fzrl0mirmofa49y.cn-hangzhou.alb.aliyuncs.com
home.wook.cn.fb9e9c86.cdnhwcvix16.com,hcdnw120.dft.global.cdnhwckfz116.com
www.mrwin5.com,nlb-3svc79r8fxqv73kn0r.ap-southeast-1.nlb.aliyuncsslbintl.com
vodae.alicdn.com,vodae.alicdn.com.gds.alibabadns.com
tamasa.kiselindonesia.com,alb-lb27vb8hg3ore5ucxi.ap-southeast-5.alb.aliyuncsslbintl.com
ds-overseas-2066.oss-acc-allline.aliyuncs.com.gds.alibabadns.com,ds-2066.oss-acc-allline.aliyuncs.com
czc777.vip,czc777.vip.98339693.cdnhwcgqa21.com
es.sinotrukinternational.com,es.sinotrukinternational.com.88.cdnhwcqir15.com.cdn.chinamobile.com
api26-core-hj.amemv.com.51296c5e.c.cdnhwc2.com,hcdndyn.zjtd04.v6.c.cdnhwc2.com
v26-music.douyinstatic.com,v26-music.douyinstatic.com.51296c5e.c.cdnhwc1.com
www.qiumiwu.com.07dedd14.cdnhwcggk22.com,hcdnw101.sme.cdnhwcaip122.cn
www.magnum888b.com,nlb-3svc79r8fxqv73kn0r.ap-southeast-1.nlb.aliyuncsslbintl.com
www.misai8.biz,nlb-3svc79r8fxqv73kn0r.ap-southeast-1.nlb.aliyuncsslbintl.com
p10527-plat-alb.qookkagames.com,alb-s9unsntmpd78q03ism.cn-hongkong.alb.aliyuncs.com
upos-sz-mirror08h.bilivideo.com.04f6a54d.c.cdnhwc1.com,hcdnv.biliv6.gslb.c.cdnhwc2.com
www.zwilling.com.hk.fecb3165.cdnhwcchh18.com,hcdnw119.ovc.c.cdnhwc7.com
lf26-music-east.douyinstatic.com.51296c5e.c.cdnhwc2.com,hcdnd100.ipv6.c.cdnhwc1.com
teleport-proxy.apps.mab.co.id,nlb-3oc9oaocvdkc2zvn8u.ap-southeast-5.nlb.aliyuncsslbintl.com
cater.laidan.it.7fb73989.cdnhwcedi10.com,hcdnwsa119.ouzhou.cdnhwcead111.com
www.cooco.net.cn.1c64a652.cdnhwchcg02.com,hcdnw102.vip.cdnhwcbzj102.com
eu-account.mova-tech.com,alb-6b7fn1vqkoga2339t5.eu-central-1.alb.aliyuncsslbintl.com
www.iworldlearning.com,www.iworldlearning.com.06ce5d05.cdnhwcedi10.com
m.kanman.com,m.kanman.com.5536181f.c.cdnhwc1.com
www.s777.cx,nlb-3svc79r8fxqv73kn0r.ap-southeast-1.nlb.aliyuncsslbintl.com
bullhide.cedaer.com,alb-cniheo9k30tt2fdrnu.us-east-1.alb.aliyuncsslbintl.com
v26-hbrowser.onewsvod.com,v26-hbrowser.onewsvod.com.51296c5e.c.cdnhwc1.com
www.tjyun.com,www.tjyun.com.c.cdnhwc1.com
webcast26-normal-m-yz.amemv.com.51296c5e.c.cdnhwc2.com,hcdndyn.zjtd05.v6.c.cdnhwc2.com
i.guancha.cn,i.guancha.cn.909eb0ff.cdnhwcggk22.com
ut-static.udache.com,ut-static.udache.com.8b908a60.cdnhwchcg02.com
doc.solaxcloud.com,alb-00488cmrnq5vcsdq0g.cn-hangzhou.alb.aliyuncs.com
www.super96aus.com,nlb-3svc79r8fxqv73kn0r.ap-southeast-1.nlb.aliyuncsslbintl.com
voipfinderliveplay.wxqcloud.qq.com,voipfinderliveplay.livecdn.liveplay.myqcloud.com
m.521g.com,m.521g.com.0c226cce.cdnhwcpsd13.com
www.gohk.gov.hk,www.gov.hk.f17a14b3.cdnhwcgqa21.com
lf-dy-sourcecdn-tos.bytegecko.com.bytedns3.com,lf-dy-sourcecdn-tos.bytegecko.com.51296c5e.c.cdnhwc2.com
pull-hls-vr-l26.douyincdn.com,pull-hls-vr-l26.douyincdn.com.c.cdnhwc3.com
asw-sin.allsaints.tv,alb-tmumeizkpnlpzbtt6w.ap-southeast-1.alb.aliyuncsslbintl.com
hiboard-drcn.dbankcdn.com.80800000.c.cdnhwc1.com,hcdnd.cbg2.v6.c.cdnhwc2.cn
connectivitycheck.platform.dbankcloud.com.80800000.c.cdnhwc1.com,hcdnd.csfw.v6.c.cdnhwc6.com
www.uap66.com,nlb-3svc79r8fxqv73kn0r.ap-southeast-1.nlb.aliyuncsslbintl.com
data-p.gryphline.com,alb-kjykp3zre906hyn3tt.ap-southeast-1.alb.aliyuncsslbintl.com
www.go-newsletters.blog,alb-7hynrm6zmych3ciqby.ap-southeast-5.alb.aliyuncsslbintl.com
adx.halomobi.com,alb-gm3nequ5sxik50ubk3.cn-beijing.alb.aliyuncs.com
tools.colorfulhappyapp.com,alb-7a2bioeg715rl3n6ak.us-west-1.alb.aliyuncsslbintl.com
alb-mzw68p85gh0p33f77g.ap-northeast-1.alb.aliyunlb.easebar.com,alb-mzw68p85gh0p33f77g.ap-northeast-1.alb.aliyuncsslbintl.com
devstation.connect.huaweicloud.com,devstation.connect.huaweicloud.com.d0850485.cdnhwchcg02.com
www.wonpgk.com,nlb-3svc79r8fxqv73kn0r.ap-southeast-1.nlb.aliyuncsslbintl.com
www.cuntcunt.org,nlb-3svc79r8fxqv73kn0r.ap-southeast-1.nlb.aliyuncsslbintl.com
laz-dorangesource.alicdn.com,laz-dorangesource.alicdn.com.gds.alibabadns.com
www.hikalarm-txsh-1256683041.cos.ap-shanghai.myqcloud.com,sh.file.myqcloud.com
55ff1a.com,55ff1a.com.98339693.cdnhwcgqa21.com
mobile.caocaokeji.cn,alb-qsds4jec4wz6wnxf39.cn-hangzhou.alb.aliyuncs.com
scm.hsu.edu.hk,alb-2uj5f47bzu6ckcfe57.cn-hongkong.alb.aliyuncsslbintl.com
www.rm100k.vip,nlb-3svc79r8fxqv73kn0r.ap-southeast-1.nlb.aliyuncsslbintl.com
m.aibrm.com,weixin-1322136175.cos-website.ap-guangzhou.myqcloud.com
www.6rooms.com,nlb-dvptov27io662hsft7.cn-beijing.nlb.aliyuncsslb.com
sg.ot.io.mi.com,nlb-7fa8vvvtlfsfxyvwph.ap-southeast-1.nlb.aliyuncsslbintl.com
www.wme.cn,www.wme.cn.096d353c.c.cdnhwc7.com
syanldhd.com,syanldhd.com.98339693.cdnhwcchh18.com
live-play-drcn.dbankcdn.com.c.cdnhwc3.com,hcdnl.pullhwvideov6.gslb.c.cdnhwc2.com
pull-hls-t26.douyincdn.com.c.cdnhwc3.com,hcdnl.pulldyin.iptv-v6.gslb.c.cdnhwc2.com
www.jiaonizuocai.com,alb-66wn6vvja8kwmqn3qi.cn-beijing.alb.aliyuncs.com
www.omodajaecoo.com,www.omodajaecoo.com.71a52435.cdnhwcedi10.com
live.huawei.com.087498ca.cdnhwcupf06.com,hcdnwsa120.v5.cdnhwczoy106.cn
gw-us.xiaoyi.com,alb-8r2ssi5flgme50139n.us-west-1.alb.aliyuncsslbintl.com
jftech.com.b0b1fafb.cdnhwcedi10.com,hcdnw120.vip.global.ipv6.cdnhwctnm107.com
www.szairport.com.0789d407.c.cdnhwc1.com,hcdnw101.sme.foreignv6.cdnhwcaoc115.cn
qq.weather.com.cn,qq.weather.com.cn.c.cdnhwc1.com
www.legend.com.kh,alb-qkrf5g98em9wjdg791.ap-southeast-1.alb.aliyuncsslbintl.com
www.d577bet.com.98339693.cdnhwcgqa21.com,hcdnwsa.ovc.baimingdan.cdnhwcbie120.cn
pull-rtmp-q26.douyincdn.com,pull-rtmp-q26.douyincdn.com.c.cdnhwc3.com
www.revoo-ev.com.pk,alb-2inbkyvjmvquo73a9v.eu-central-1.alb.aliyuncs.com
6pgvip.cn,6pgvip.cn.98339693.cdnhwcgqa21.com
joywertb.com,joywertb-com.oss-us-east-1.aliyuncs.com
m.foodmax.me,alb-6jdvldycqy4qxarrqc.ap-southeast-1.alb.aliyuncsslbintl.com
www.theaperture.com.hk,alb-3ymtbeqppb5dvdzacb.cn-hongkong.alb.aliyuncs.com
ph-live-01.slatic.net,ph-live-01.slatic.net.9d2b5122.cdnhwcchh18.com
neuroxyz.oss-cn-shanghai.aliyuncs.com,sc-2ksw.cn-shanghai.oss-adns.aliyuncs.com
www.zuimeitianqi.com,www.zuimeitianqi.com.146f6e09.c.cdnhwc1.com
cor-games.com.0a1de425.cdnhwc8.cn,hcdnw101.sme.foreign.cdnhwcaoc115.cn
fp.hwwt8.com,alb-ot53a2l4pcn49c3ip3.cn-shanghai.alb.aliyuncs.com
vdept.bdstatic.com,vdept.bdstatic.com.a.bdydns.com
web-image.useinsider.com.3a12281d.cdnhwcohm19.com,hcdnw119.ovc.v6.new.insider.cdnhwcuim119.com
lang.alicdn.com,lang.alicdn.com.gds.alibabadns.com
www.mawan1868.com.39344876.cdnhwcedi10.com,hcdnw119.vip.ovc.cdnhwcick110.com
pt.solaxpower.com,alb-ccvoo7yrf5sris8h52.eu-central-1.alb.aliyuncs.com
tyx133iodymlf74c.ysdp.top,webusstatic.yo-star.com.b94d36ec.cdnhwcohm19.com
www.eplay88.vip,nlb-wwwzr8hg1c5vya400c.ap-southeast-1.nlb.aliyuncsslbintl.com
www.naturerescue.org.39344876.cdnhwcedi10.com,hcdnw119.vip.ovc.cdnhwcick110.com
app.takuad.com,alb-61zhdboz4tu6f0s8ig.cn-shenzhen.alb.aliyuncsslb.com
g6.globalwits.cn,g6.globalwits.cn.d6b7ddff.cdnhwcgqa21.com
ws-adv01.sunlogin.oray.com,nlb-iorslcnwx3zsphhu80.cn-hangzhou.nlb.aliyuncs.com
sc-1rs6.cn-hangzhou.oss-adns.aliyuncs.com,sc-1rs6.cn-hangzhou.oss-adns.aliyuncs.com.gds.alibabadns.com
www.cinaviaggio.com,www.cinaviaggio.com.081cbfe5.c.cdnhwc7.com
www.bintang44.com,nlb-3svc79r8fxqv73kn0r.ap-southeast-1.nlb.aliyuncsslbintl.com
cu004.www.duba.net,cu004.www.duba.net.c.cdnhwc1.com
www.shdnaee.vip,www.shdnaee.vip.98339693.cdnhwcchh18.com
www.regalau777.com,nlb-3svc79r8fxqv73kn0r.ap-southeast-1.nlb.aliyuncsslbintl.com
rechargekr.shhws.cn,alb-jlvq8fhhzbpn6ilzmt.cn-hongkong.alb.aliyuncs.com
www.pakarcuci8.org,nlb-3svc79r8fxqv73kn0r.ap-southeast-1.nlb.aliyuncsslbintl.com
www.speedkina.com,nlb-3svc79r8fxqv73kn0r.ap-southeast-1.nlb.aliyuncsslbintl.com
webstore.kilimall.ke,webstore.kilimall.ke.04f7004c.cdnhwcchh18.com
sc-assets-trade.cn-beijing.log.aliyuncs.com,sc-assets-trade.cn-beijing-b.log.aliyuncs.com
api-phl.weplayapp.com,alb-d5sxz6h2g4la1vj5xk.ap-southeast-6.alb.aliyuncsslbintl.com
xt.ciff-gz.com,zbase.oss-cn-beijing.aliyuncs.com
www.bigbossjudi.app,nlb-3svc79r8fxqv73kn0r.ap-southeast-1.nlb.aliyuncsslbintl.com
www.22pubet.com.98339693.cdnhwcgqa21.com,hcdnwsa.ovc.baimingdan.cdnhwcbie120.cn
api.palmst0re.com,alb-1xoogcays2qdan08f6.eu-central-1.alb.aliyuncsslbintl.com
os6jnjsad.dasjnj6s.cc.98339693.cdnhwcgqa21.com,hcdnwsa.ovc.baimingdan.cdnhwcbie120.cn
imcc.wela.ph,imcc.wela.ph.f82ba89f.cdnhwcgqa21.com
shagbark.fintrackcoin.com,alb-c5fqoiyd6gfulwen89.us-east-1.alb.aliyuncsslbintl.com
www.jilicity88.com,nlb-3svc79r8fxqv73kn0r.ap-southeast-1.nlb.aliyuncsslbintl.com
168.gopay0831.com,alb-arw6ak7p9499xlyufk.ap-southeast-1.alb.aliyuncsslbintl.com
fra-paas.transsion.com,alb-f7kcielneyh8q06x71.eu-central-1.alb.aliyuncs.com
gog.listentomusivibe.com,alb-y4u87018r24pjqo82q.us-east-1.alb.aliyuncs.com
dreampaintapp.com,alb-r99zasdyzva800lbnq.cn-hongkong.alb.aliyuncsslbintl.com
www.lkb8.asia,nlb-3svc79r8fxqv73kn0r.ap-southeast-1.nlb.aliyuncsslbintl.com
siaga.halal.go.id,alb-xnlf13zaj6g1wf899n.ap-southeast-5.alb.aliyuncsslbintl.com
6gbet19.com,6gbet19.com.d172e9a2.cdnhwcgqa21.com
www.i3malaysia.fun,nlb-3svc79r8fxqv73kn0r.ap-southeast-1.nlb.aliyuncsslbintl.com
www.berjayasama.net,nlb-3svc79r8fxqv73kn0r.ap-southeast-1.nlb.aliyuncsslbintl.com
verify.fraxvapes.com,trax-h5.oss-ap-southeast-1.aliyuncs.com
replay-alpha1-tj-1-1259129723.cos.ap-beijing.myqcloud.com,bj.file.myqcloud.com
upos-sz-mirrorhwb.bilivideo.com,upos-sz-mirrorhwb.bilivideo.com.c.cdnhwc1.com
whuh-com.cname.dbappwaf.cn,www.whuh.com.08f4de41.cdnhwcpsd13.com
www.maju44.com,nlb-3svc79r8fxqv73kn0r.ap-southeast-1.nlb.aliyuncsslbintl.com
booking.thaiticketmajor.com,booking.thaiticketmajor.com.6cf9afd2.c.cdnhwc7.com
qagw-cn-beijing.oss.aliyuncs.com,qagw-cn-beijing.oss.aliyuncs.com.usd.alibabadns.com
download.deepseek.com,download.deepseek.com.436b7a4e.cdnhwcxcy07.com
www.duitnow668.pro,nlb-3svc79r8fxqv73kn0r.ap-southeast-1.nlb.aliyuncsslbintl.com
cam-snap-usw2-1348507162.cos.na-siliconvalley.myqcloud.com,cos.na-siliconvalley.myqcloud.com
player.vodgc.net,player.vodgc.net.839fb7ed.cdnhwcchh18.com
7fff.com.br,7fff.com.br.8bd6a136.cdnhwcgqa21.com
www.coronavirus.gov.hk,www.gov.hk.f17a14b3.cdnhwcgqa21.com
funshinegames.com,alb-7um0h1jeednf0v2326.us-east-1.alb.aliyuncsslbintl.com
helpcenter.kilimall.com.04f7004c.cdnhwcchh18.com,hcdnw119.ovc.c.cdnhwc7.com
a.madaliph.com,alb-88wl7jlxf9hrztkkzw.ap-southeast-1.alb.aliyuncs.com
gf.jlcfa.com,alb-ajk967dvek5crwb4k9.cn-shenzhen.alb.aliyuncs.com
filebroker-cdn.lazada.com.my.9d2b5122.cdnhwcchh18.com,hcdnw.lzd.ovc.cdnhwcick110.com
www.cekap33.net,nlb-3svc79r8fxqv73kn0r.ap-southeast-1.nlb.aliyuncsslbintl.com
www.laju7.com,nlb-3svc79r8fxqv73kn0r.ap-southeast-1.nlb.aliyuncsslbintl.com
picstocky.com,alb-2s2d3pqqjy14arkiz4.eu-central-1.alb.aliyuncsslbintl.com
union.ihere.net,alb-202hzk4qpf54i1oxfv.cn-beijing.alb.aliyuncsslb.com
icp-config-yunao.oss-cn-hangzhou.aliyuncs.com,sc-2ozp.cn-hangzhou.oss-adns.aliyuncs.com
merchant.shoplnkit.com,shoplnkit-cn-merchant.oss-accelerate-overseas.aliyuncs.com
p26-orange.byteorge.com.51296c5e.c.cdnhwc1.com,hcdnw.zjtd01.v6.c.cdnhwc1.com
sgzl.jaadee.com,alb-tle8gc3sisrf2paj4h.cn-hangzhou.alb.aliyuncsslb.com
cdn.betano-realfesta.org,cdn.betano-realfesta.org.b7468c1b.cdnhwcgqa21.com
gsmp.giikin.com,alb-1t4pohdgl04avvxxui.cn-shenzhen.alb.aliyuncs.com
www.ttslot888a.com,nlb-3svc79r8fxqv73kn0r.ap-southeast-1.nlb.aliyuncsslbintl.com
lf26-cm.ecombdstatic.com,lf26-cm.ecombdstatic.com.51296c5e.c.cdnhwc1.com
m.tv360.mytel.com.mm,alb-0bg0kgjmwof5988gix.ap-southeast-1.alb.aliyuncsslbintl.com
www.majuwin.net,nlb-3svc79r8fxqv73kn0r.ap-southeast-1.nlb.aliyuncsslbintl.com
weread-1258476243.file.myqcloud.com,weread-1258476243.file.myqcloud.com.cdn.dnsv1.com
geospatial.chcnav.com.9f4653fa.cdnhwcxcy07.com,hcdnw120.vip.global.cdnhwctnm107.com
img.ddimg.mobi,img.ddimg.mobi.f769b1c0.cdnhwchcg02.com
passport.ihuaben.com,alb-d4zdrxa30ww6gmadkc.cn-beijing.alb.aliyuncsslb.com
vc-0303-d01-n05-1306916161.cos.na-siliconvalley.myqcloud.com,sili-only.cos.na-siliconvalley.myqcloud.com
ack-1.royalqqid.com.14127f7a.cdnhwcgqa21.com,hcdnwsa119.starback.c.cdnhwc7.com
www.z3c.jin10.com,alb-fzk6lynqdcrojsusue.cn-hangzhou.alb.aliyuncsslb.com
www.kinabets.com,nlb-3svc79r8fxqv73kn0r.ap-southeast-1.nlb.aliyuncsslbintl.com
www.kfang.com,alb-ap148z4irjrgf1no64.cn-shenzhen.alb.aliyuncs.com
appstore.ais-myliving.com,appstore.ais-myliving.com.1617cfe4.cdnhwcgqa21.com
vpaas-res-1251981983.cos.accelerate.myqcloud.com,cos.accelerate.myqcloud.com
www.rrioo.com,rrioo-cdn.oss-cn-hangzhou.aliyuncs.com
crm.carlcare.com,alb-f7kcielneyh8q06x71.eu-central-1.alb.aliyuncs.com
bassi.risedrama.com,alb-0q7bbaiqlclueeqxgi.us-east-1.alb.aliyuncsslbintl.com
www.skywork.ai,alb-7pam9cpty8u0gao4oc.us-east-1.alb.aliyuncsslbintl.com
searchbox.shalltry.com,alb-bj3vrdlg29bjadsodw.eu-central-1.alb.aliyuncsslbintl.com
tqw-gtm-dsalb-dcdn.cname.2345.com,alb-k0a0tcmiztziylznp6.cn-shanghai.alb.aliyuncs.com
video-hw-drcn.dbankcdn.cn,video-hw-drcn.dbankcdn.globalsign.c.cdnhwc1.cn
www.iot-as-mqtt.us-west-1.aliyuncs.com,oxs-wus-prod.mqtt.iotgds.aliyuncs.com
pay.tiemtaphoathoigian.vn,alb-fqbjknuypzvxbkatol.ap-southeast-1.alb.aliyuncs.com
princetzz.erythinshimmor.com,alb-gvzx4xvg8qltqrp176.ap-southeast-1.alb.aliyuncsslbintl.com
cdn-audio.qimao.com.0b90294c.cdnhwcoem01.com,hcdnv120.vip.global.ipv6.cdnhwclxu105.com
www.xiangha.com,alb-66wn6vvja8kwmqn3qi.cn-beijing.alb.aliyuncs.com
mos-vod-drcn.dbankcdn.cn,mos-vod-drcn.dbankcdn.globalsign.c.cdnhwc1.cn
cxy.lovemojiwotalks.com,alb-45p54s8vvpypdeewix.us-east-1.alb.aliyuncsslbintl.com
pingjia.alicdn.com,pingjia.alicdn.com.danuoyi.tbcache.com
www.bull99c.com,nlb-3svc79r8fxqv73kn0r.ap-southeast-1.nlb.aliyuncsslbintl.com
sami.bytedance.com.51296c5e.c.cdnhwc2.com,hcdndyn.zjtd05.v4.c.cdnhwc2.com
iot17.com,nlb-mt51g694mgvonilbyx.cn-shanghai.nlb.aliyuncs.com
m.tuixiu.com,alb-b9jddj8d1enj6pgh8c.eu-central-1.alb.aliyuncsslbintl.com
wwf.lanzout.com,0b8ffbb9.lanzout.com.0b8ffbb9.cdnhwc8.cn
as-group.cn-hangzhou.log.aliyuncs.com,as-group.cn-hangzhou-b.log.aliyuncs.com
1185996536297790.cn-beijing.fc.aliyuncs.com,cn-beijing-fc-bj-zijincheng.fc.aliyuncs.com
yidian.weather.com.cn,yidian.weather.com.cn.c.cdnhwc1.com
tio-cn.fantanggame.com,alb-5dn00a17uoik88njrd.cn-hangzhou.alb.aliyuncsslb.com
www.siti88.net,nlb-3svc79r8fxqv73kn0r.ap-southeast-1.nlb.aliyuncsslbintl.com
doc.shinnytech.com,shinnydoc.oss-cn-shanghai.aliyuncs.com
api26-normal-hl.toutiaoapi.com,api26-normal-hl.toutiaoapi.com.51296c5e.c.cdnhwc1.com
www.12cuci.shop,nlb-3svc79r8fxqv73kn0r.ap-southeast-1.nlb.aliyuncsslbintl.com
eventlog.hypergryph.com,alb-3x15ud7z73qk6nq60g.cn-shanghai.alb.aliyuncsslb.com
www.iot17.com,nlb-mt51g694mgvonilbyx.cn-shanghai.nlb.aliyuncs.com
feiniaobt.lanzouw.com,0b8ffbb9.lanzouw.com.0b8ffbb9.cdnhwc8.cn
www.laju8.com,nlb-3svc79r8fxqv73kn0r.ap-southeast-1.nlb.aliyuncsslbintl.com
pull-tsl-t26.douyincdn.com.d9235b9f.c.cdnhwc1.com,hcdnv101.gslb.v6.c.cdnhwc2.com
www.libii.cn,www.libii.cn.0635d777.cdnhwcpsd13.com
s.bdstatic.com,s.bdstatic.com.a.bdydns.com
www.jom2play.com,nlb-3svc79r8fxqv73kn0r.ap-southeast-1.nlb.aliyuncsslbintl.com
0b8ffbb9.lanzouw.com.0b8ffbb9.cdnhwc8.cn,hcdnw101.sme.cdnhwcibv122.com
app.gradient.network,nlb-me1c7jx34f31skfumm.ap-southeast-1.nlb.aliyuncsslbintl.com
cs02-pps-drcn.dbankcdn.cn,cs02-pps-drcn.dbankcdn.globalsign.c.cdnhwc1.cn
oxs-de-prod.mqtt.iotgds.aliyuncs.com,eu-central-prod.mqtt.iotgds.aliyuncs.com
m.steamdt.com,m-steamdt-com.oss-cn-shanghai.aliyuncs.com
www.aiforce.run.51296c5e.c.cdnhwc2.com,hcdndyn.zjtd05.v6.c.cdnhwc2.com
common-prod-sin-gw.gryphline.com,alb-8rfqiw9hnlx0ce3zif.ap-southeast-1.alb.aliyuncs.com
ccgateway.cmbimg.com.0c039a25.cdnhwc9.com,hcdnw120.global.gslb.v6.c.cdnhwc2.com
