asn,degree,betweenness,eigenvector,pagerank,rank_degree,rank_betweenness,rank_eigenvector,rank_pagerank
38255,0.04694045738616853,0.09286808273898818,1.6139949425848741e-06,0.015713973066045966,23,3,70380,1
4134,0.003971796808827232,0.007620616215547329,0.009279466398138748,0.00048187130169428775,474,42,1695,205
4837,0.0021862051599020214,0.0024541615739121217,0.004393541111992749,0.00026385539078557714,892,166,4242,390
24429,0.004830254332348969,0.0006409037689180726,0.022799807153656256,0.00019813948821099768,412,631,283,521
9425,0.0004692901128585491,0.0007910299700490292,3.0112965412148488e-09,0.00017297857198369338,5534,519,82265,575
38272,0.00045784401254492593,0.0007795875541311368,3.011286043882055e-09,0.0001691339130535737,5689,524,82266,592
139317,0.0018313760501797037,0.0008724222681338465,0.0007351933797975468,0.00015890185091916697,1142,472,10813,627
132203,0.0036398598997321612,0.0001396649754615901,0.02064165453859523,0.00013845545503829646,507,1910,323,714
9808,0.0007325504200718815,0.0009891820084679346,0.00012194312873708224,0.00013748738942152787,2842,419,23592,722
4808,0.0008699036238353592,0.0004680392265112184,1.841508259338659e-05,0.0001354939848648887,2522,842,51331,729
45102,0.0033880456928324517,0.0001897653843685267,0.018040247563383578,0.00013513177878179378,550,1689,427,730
4847,0.0008126731222672435,0.0008462254492918401,2.8769460656080272e-05,0.00013011077658569127,2629,486,46929,748
23910,0.0005265206144266648,0.0003230372159336731,2.3024913709307317e-05,0.00012312086514251205,4824,1387,49394,784
56048,0.0006409816175628963,0.0006053641497470923,5.096131101356196e-06,0.00011321845069829932,3320,665,63774,858
4809,0.0012476249341849231,0.0009518423384252234,0.005521381731206298,9.624107381438367e-05,1896,434,2426,1017
146788,0.0004006135109768102,0.0002584420893489716,2.5682477683481894e-05,9.611593799096346e-05,6426,1498,48147,1018
24400,0.0005951972163084037,0.00014495122729371682,2.8507042599427697e-06,9.478541892427315e-05,3751,1879,67639,1035
4538,0.0007668887210127509,0.00206360268396066,0.002638336785357758,8.454747453877056e-05,2750,193,6303,1148
4812,0.0006066433166220268,0.0002493071636420052,3.555022786630168e-05,8.331882682968842e-05,3615,1517,43627,1167
10111,0.0016825767461026027,0.00045414126013194813,0.006696180674882063,8.002666483849674e-05,1274,874,2016,1216
56040,0.0004349518119176796,0.00046669179458596027,2.200022195207236e-06,7.859801115706871e-05,5986,845,68948,1245
140083,0.00020602980564521665,0.0001945859325816975,1.7343566173965183e-05,7.132461037286225e-05,9286,1664,51754,1391
17621,0.0005036284137994186,0.00012406582470716077,1.3533898450660807e-05,6.923346989598514e-05,5130,2011,53382,1441
55967,0.001934390953002312,5.897474247795069e-06,0.014239896888701113,6.617239089964332e-05,1055,9715,811,1505
140345,0.00020602980564521665,0.0005164119880196104,2.7666258407947396e-05,6.481624612243017e-05,9287,767,47418,1552
138169,0.00018313760501797037,0.0001716934699250272,1.734344509361355e-05,6.357805721715492e-05,9841,1761,51755,1584
140365,0.0001716915047043472,0.0004935271561838255,3.236829066446633e-08,6.163435208139899e-05,10130,795,81004,1637
23650,0.00020602980564521665,0.00014463763173614048,1.7473314464062744e-05,5.793254563732621e-05,9289,1880,51698,1772
131285,0.00018313760501797037,0.00048208967269106875,2.769843342314161e-05,5.4322398954882286e-05,9842,813,47412,1890
134238,0.00014879930407710092,0.00013735477594002175,1.7343263476257552e-05,5.19096939228083e-05,10836,1922,51757,2010
213605,0.0010415951285397064,5.804886105475182e-05,0.004147512382110262,4.604704244782e-05,2252,2873,4587,2334
9929,0.0003433830094086944,0.00018855299117972953,0.0004638635567865149,4.603650145571687e-05,7144,1697,12956,2336
134768,0.00012590710344985464,0.00011446231328335147,1.7343142400134568e-05,4.408071116229759e-05,11596,2075,51759,2474
7721,0.0008355653228944898,7.587578743184406e-06,0.00040684024711054497,4.158614663477636e-05,2587,9291,13390,2650
140647,0.00013735320376347777,0.00011446231328335147,2.7665678928226136e-05,4.1500442324366356e-05,11200,2076,47419,2660
153725,0.0011446100313623148,1.4679107644177524e-05,0.008839671449513508,3.953108350560685e-05,2088,5981,1749,2769
37963,0.0002174759059588398,2.160502093383112e-05,8.817478869291285e-06,3.785698353298792e-05,9047,5219,58516,2898
45090,0.0002174759059588398,1.2432298199120467e-05,8.842449553560752e-06,3.670598438780518e-05,9048,6499,58471,2988
55990,0.00020602980564521665,1.5397161476755326e-05,8.751294270381327e-06,3.58626872287743e-05,9300,5864,58630,3070
140330,0.00012590710344985464,9.161144915530429e-05,2.768252510350717e-05,3.428574081079069e-05,11598,2296,47416,3196
209650,0.0010301490282260833,2.676336035483296e-06,0.00723552077156952,3.383393281188162e-05,2273,11211,1933,3225
133865,0.0006409816175628963,0.00020275974856985479,0.00410932978950983,3.0679958338646425e-05,3337,1638,4645,3521
146762,0.0007439965203855046,1.5497599192119906e-05,0.00479434941147773,3.051329730412497e-05,2828,5852,3685,3543
133111,0.00016024540439072408,2.83064026146121e-05,5.440219059292012e-06,2.7706043432743725e-05,10500,4257,63139,3844
56046,0.00014879930407710092,2.4840163351053725e-05,4.131101168384483e-07,2.7311563597239174e-05,10850,4511,75440,3890
7497,0.0004120596112904333,5.9017243866144917e-05,0.0020262711375395575,2.657799258775118e-05,6293,2843,7405,3975
23724,0.00020602980564521665,4.781319377108349e-05,4.246713701206101e-05,2.6259400880445732e-05,9310,3164,41192,4033
59019,0.00013735320376347777,2.3036057266041262e-05,4.507496872770882e-07,2.6128847300339802e-05,11212,4794,75180,4050
38365,0.00013735320376347777,2.1764934020644712e-05,8.656117136439234e-06,2.6003840767246e-05,11214,5207,58734,4063
24138,0.00012590710344985464,2.314664344936666e-05,1.0193274524588851e-07,2.519712183450395e-05,11611,4757,79209,4192
23911,0.00016024540439072408,0.04212101581905456,0.0003000639392083643,2.403814021503917e-05,10509,5,14801,4435
4842,0.0003433830094086944,0.0003789680771364112,0.002039244979440591,2.2563117455991043e-05,7158,1081,7376,4789
137718,0.00012590710344985464,6.2259008128349e-08,4.634716327505161e-07,2.2520106290192215e-05,11618,22858,75113,4795
56041,0.00010301490282260833,3.435462543097765e-05,3.05716634598194e-07,2.249197146494221e-05,12587,3906,76485,4806
142111,0.0004921823134857953,1.3343019976659634e-06,0.003588381521831645,2.177795665146727e-05,5290,12992,5298,5008
4811,0.00016024540439072408,7.191928091243684e-06,1.7849059595921993e-05,2.143975584515191e-05,10518,9382,51557,5101
10212,0.00011446100313623148,6.787723142041838e-07,4.6465244141186446e-07,2.1085767542176615e-05,12082,15013,75080,5233
153185,0.00013735320376347777,1.0525328938484234e-05,5.7322179271931736e-05,1.986086187012143e-05,11239,8797,35652,5741
58466,0.00012590710344985464,2.6347786848583326e-05,1.741045805477903e-05,1.9627479546286253e-05,11635,4402,51718,5861
212793,0.0005723050156811574,1.931679161375466e-07,0.004452595283889268,1.9481787824101314e-05,4199,18927,4169,5930
139080,6.867660188173888e-05,3.434028967731852e-05,2.4420535253375984e-07,1.8515145899150337e-05,15237,3925,77118,6441
199310,0.00038916741066318705,5.752167539819268e-06,0.000846751505884074,1.813714693948696e-05,6624,9760,10361,6627
24406,0.00012590710344985464,3.017099905785353e-06,7.02549272604747e-05,1.8069556858960974e-05,11642,10963,30779,6659
24490,0.00018313760501797037,7.964928245683294e-06,6.327760275165097e-05,1.7818097171363513e-05,9881,9208,33468,6784
17428,0.00010301490282260833,3.2259983712959036e-05,4.255611163255258e-05,1.7778990734210862e-05,12615,4044,41153,6799
140056,8.012270219536204e-05,1.1446231328335146e-05,1.9420432664106823e-07,1.766026342288908e-05,14140,7904,77791,6869
24348,6.867660188173888e-05,2.318143582416739e-05,4.987101465567118e-06,1.7543522210880564e-05,15240,4745,63912,6925
58461,9.156880250898518e-05,2.3030537906385366e-05,1.7536379548049036e-05,1.7501677853270545e-05,13292,4796,51678,6947
38283,0.00011446100313623148,1.6617449324397978e-05,1.805450133676592e-05,1.702483834477321e-05,12094,5713,51480,7179
24444,8.012270219536204e-05,2.289720305609867e-05,2.9148787292889983e-07,1.6989634522350667e-05,14148,4938,76593,7205
209300,0.00011446100313623148,0.025065647129205854,0.0003541580886288227,1.6907871818542227e-05,12096,14,14011,7252
134578,0.000309044708467825,2.0233628312325343e-05,0.0019738857034571973,1.678459285003465e-05,7593,5352,7521,7314
17622,9.156880250898518e-05,2.6994076373246817e-05,9.170045225882516e-06,1.665943219726999e-05,13300,4352,58060,7371
55966,8.012270219536204e-05,7.00265572751306e-08,1.796604933108842e-07,1.6272181451917523e-05,14157,22488,77996,7560
55996,0.00018313760501797037,0.000582513072463621,0.0008676364329953065,1.6263266195831264e-05,9894,695,10278,7563
142667,3.433830094086944e-05,0.0,3.022188569002468e-09,1.52827536065582e-05,22494,38635,82259,8072
59078,8.012270219536204e-05,2.440741686982216e-07,1.679320463584422e-07,1.526146903799654e-05,14176,18171,78083,8085
204211,0.00033193690909507126,0.00023318683201702957,0.0018093898590124942,1.5191196729570437e-05,7330,1556,7914,8124
216299,0.00036627521003594073,2.759261510093538e-06,0.0018359791540718097,1.5181958456155495e-05,6941,11152,7841,8130
131486,6.867660188173888e-05,1.1780478483657905e-05,2.4310695505598705e-07,1.5131523901355298e-05,15265,6816,77131,8164
139799,0.0004463979122313028,5.922068312029018e-09,0.0043143436696284,1.5097382987380928e-05,5964,31441,4366,8180
142665,3.433830094086944e-05,0.0,3.022188588765233e-09,1.503716017065661e-05,22495,38637,82257,8217
142668,3.433830094086944e-05,0.0,3.022178054720536e-09,1.5007643241067946e-05,22496,38638,82260,8232
142663,3.433830094086944e-05,0.0,3.0221885887653027e-09,1.5006060472475394e-05,22497,38639,82249,8235
142661,3.433830094086944e-05,0.0,3.0221885887653027e-09,1.5002542761716391e-05,22498,38640,82250,8237
142659,3.433830094086944e-05,0.0,3.0221885887653027e-09,1.5002305075526429e-05,22499,38641,82251,8238
142658,3.433830094086944e-05,0.0,3.0221885887653027e-09,1.5002305075526429e-05,22500,38642,82252,8239
142660,3.433830094086944e-05,0.0,3.0221885887653027e-09,1.5002305075526429e-05,22501,38643,82253,8240
142662,3.433830094086944e-05,0.0,3.0221885887653027e-09,1.5002193397076058e-05,22502,38644,82254,8242
142657,3.433830094086944e-05,0.0,3.0221885887653027e-09,1.5001972314860485e-05,22503,38645,82255,8243
142656,3.433830094086944e-05,0.0,3.0221885887653308e-09,1.5001552111996473e-05,22504,38646,82248,8244
142664,3.433830094086944e-05,0.0,3.0221885887653023e-09,1.5000509678778834e-05,22505,38647,82256,8245
142655,3.433830094086944e-05,0.0,3.022188588780317e-09,1.4995673316933927e-05,22506,38648,82247,8246
142666,3.433830094086944e-05,0.0,3.0221885887286313e-09,1.4990360178536126e-05,22507,38649,82258,8249
142654,3.433830094086944e-05,0.0,3.0221885968290505e-09,1.49853123757166e-05,22508,38650,82246,8251
142653,3.433830094086944e-05,0.0,3.022192896986459e-09,1.4915588836010083e-05,22509,38651,82245,8288
9814,8.012270219536204e-05,1.219775825643641e-06,3.071885550463931e-07,1.4890732298441287e-05,14180,13238,76475,8301
150289,0.000309044708467825,1.7332723080655452e-06,0.0009537721010508883,1.4867582894526526e-05,7613,12226,10009,8313
142652,3.433830094086944e-05,0.0,3.0244982370639485e-09,1.4768755902491825e-05,22513,38652,82241,8376
151673,0.00033193690909507126,1.5252662439035173e-05,0.0017260997413222588,1.4722843657094718e-05,7339,5890,8120,8394
200936,0.000309044708467825,1.8652469230363547e-06,0.0009576714337420439,1.4471912612219921e-05,7616,12068,9998,8525
142651,3.433830094086944e-05,0.0,4.257579466014007e-09,1.4044238442130018e-05,22516,38657,82121,8762
137753,0.000309044708467825,1.8075314269500572e-07,0.0023791195272255335,1.4025794124288259e-05,7621,19143,6672,8778
139138,9.156880250898518e-05,0.0001576434595569156,0.0001538083886593353,1.39993019250788e-05,13340,1817,20016,8800
23848,8.012270219536204e-05,7.398706784530385e-06,8.336764550554991e-06,1.3961703101000255e-05,14198,9334,59087,8829
24409,9.156880250898518e-05,3.843923015265031e-05,6.249490924973059e-05,1.3611146782141262e-05,13352,3614,34504,9038
136958,8.012270219536204e-05,1.6405750172708288e-05,8.261393119726057e-06,1.3456566235094492e-05,14213,5736,59150,9141
56006,6.867660188173888e-05,5.541152229934303e-08,1.4665710861444276e-07,1.3179437080100468e-05,15301,23228,78389,9321
211575,0.0002632603072133324,1.8316929446344865e-06,0.0007671039000709794,1.3136656100163742e-05,8288,12097,10704,9346
137735,6.867660188173888e-05,4.41261260936534e-06,8.58350525532321e-06,1.3052844414507187e-05,15305,10258,58850,9393
210352,0.0002403681065860861,1.2143073976286323e-06,0.00015102814617458694,1.2989448477097951e-05,8672,13249,20141,9437
9809,6.867660188173888e-05,6.290651517585462e-08,1.3659483211298193e-07,1.2939301748492291e-05,15308,22832,78545,9464
63631,0.00027470640752695554,6.161023219154876e-08,0.0021441571850171655,1.28630000863131e-05,8135,22888,7160,9534
134774,8.012270219536204e-05,3.5594347895114204e-05,2.76808398670775e-05,1.2784996921124658e-05,14235,3757,47417,9577
38345,0.0002403681065860861,1.2154874656727218e-06,0.0017125774525820537,1.2726742762643356e-05,8677,13246,8163,9605
138371,4.578440125449259e-05,1.716934699250272e-05,4.975964305977279e-06,1.2725406661737705e-05,18733,5652,63937,9607
17623,6.867660188173888e-05,2.2289844063027456e-05,9.080477275703393e-06,1.270255710671495e-05,15316,5162,58148,9632
141425,6.867660188173888e-05,1.6063330124140133e-06,4.981058667531572e-07,1.2535393128175209e-05,15324,12424,74914,9735
137801,6.867660188173888e-05,2.87030888857703e-08,2.0014111262110337e-07,1.2465349267853016e-05,15327,25712,77709,9779
142650,3.433830094086944e-05,2.0654331940503795e-06,6.648051826495682e-07,1.2323861778456618e-05,22537,11836,74129,9859
211729,0.00029759860815420185,1.3219046704430651e-06,0.0017901204547265245,1.2300979888353529e-05,7823,13031,7961,9878
24239,5.723050156811574e-05,0.023502846147776927,0.0001961206714202779,1.223512434535356e-05,16773,16,17222,9921
205369,0.00027470640752695554,6.310687562859434e-07,0.0009932057198883586,1.201401554272866e-05,8154,15262,9903,10072
24151,0.00011446100313623148,6.0062234705254755e-06,0.00012369182885216894,1.199839965399812e-05,12173,9686,23327,10082
58536,8.012270219536204e-05,2.686442630501745e-05,0.000133439694825319,1.190419109204617e-05,14264,4362,21917,10155
38019,5.723050156811574e-05,1.7695626702374774e-07,2.2984573179534298e-07,1.1860502885260959e-05,16785,19206,77378,10197
56012,5.723050156811574e-05,5.864939817434294e-06,8.300516683716948e-06,1.1845971371952042e-05,16786,9723,59120,10213
205794,0.000309044708467825,2.048631235332385e-07,0.0018630421127310004,1.1816278884580688e-05,7664,18734,7774,10232
45079,6.867660188173888e-05,3.5927784966788796e-06,9.040670749130412e-06,1.174222714327479e-05,15364,10611,58225,10284
59073,5.723050156811574e-05,7.998424631645143e-08,1.6463839158910743e-07,1.1668819988194447e-05,16794,22035,78100,10354
142669,2.2892200627246296e-05,0.0,3.01653262707431e-09,1.1532918346519117e-05,30957,38671,82264,10475
139148,5.723050156811574e-05,1.4095484589468228e-07,1.4078666997879556e-07,1.150794202297865e-05,16798,20010,78483,10493
137758,5.723050156811574e-05,1.4095484589468228e-07,1.4078666997879556e-07,1.150794202297865e-05,16799,20011,78484,10494
23771,4.578440125449259e-05,1.1472630016385584e-05,8.487183305945413e-06,1.1446147540593002e-05,18767,7402,58949,10537
58850,5.723050156811574e-05,9.183250275707048e-08,1.8496944796072142e-07,1.131914499190967e-05,16812,21576,77948,10641
23841,3.433830094086944e-05,1.1446231328335146e-05,4.836070326587461e-08,1.126172527451882e-05,22562,7922,80442,10690
63641,5.723050156811574e-05,1.4287948949191734e-07,3.782253977928751e-07,1.117790919114362e-05,16821,19948,75617,10768
199392,0.000309044708467825,2.3514639689179725e-08,0.0020555781375934676,1.1143574675716995e-05,7680,26509,7350,10790
58593,6.867660188173888e-05,4.520386826001692e-06,3.87844150279034e-05,1.0972968456525614e-05,15427,10220,42194,10923
17429,4.578440125449259e-05,1.964870810184937e-07,1.212712955782629e-07,1.092983723382642e-05,18785,18860,78768,10957
45110,6.867660188173888e-05,9.472652948342519e-05,2.939438812643037e-05,1.0920083887404488e-05,15432,2260,46647,10963
199932,0.0002632603072133324,4.105665137107122e-05,0.001531168165117535,1.0691787190829924e-05,8359,3495,8567,11163
209294,0.00022892200627246296,4.741059337071325e-07,0.0010533950154557952,1.044413563957702e-05,8945,16083,9760,11382
146834,0.0002403681065860861,1.2395329253798674e-08,0.0019524938229315398,1.0419785979448356e-05,8747,28936,7568,11407
153057,6.867660188173888e-05,4.63573112542951e-06,5.722298707618439e-05,1.0408894814379381e-05,15469,10158,35684,11419
207303,0.00022892200627246296,3.420808653309893e-06,0.0007623263922572999,1.0385960744589053e-05,8950,10697,10717,11453
9394,4.578440125449259e-05,2.2460453921884403e-05,1.7570408189145122e-05,1.0381019849139508e-05,18816,5144,51660,11460
23844,4.578440125449259e-05,1.3495596129284634e-07,8.985959090215254e-08,1.0380302042653659e-05,18817,20147,79482,11462
9812,4.578440125449259e-05,8.219686910275355e-08,1.1458156265496673e-07,1.0356203234400631e-05,18820,21927,78918,11483
55992,8.012270219536204e-05,9.473370349335635e-06,0.0001093943106417964,1.0318450295421429e-05,14358,8953,25834,11515
202782,0.00027470640752695554,4.768710988263728e-07,0.0017603429423867585,1.0212717851575462e-05,8197,16071,8039,11613
140633,0.00022892200627246296,6.610823145325947e-11,0.001904943294054528,1.0179509190816307e-05,8962,38293,7665,11644
37969,4.578440125449259e-05,2.586357466032598e-06,8.326446877568463e-06,1.0069180180704857e-05,18830,11282,59101,11740
133512,4.578440125449259e-05,3.6839651287736323e-07,5.271997039664755e-08,1.0052073288062549e-05,18834,16888,80251,11760
17962,4.578440125449259e-05,1.6347677434104984e-06,9.357814374897001e-07,9.968664400176174e-06,18846,12376,73068,11877
134773,5.723050156811574e-05,2.238979874467337e-05,2.766522880689722e-05,9.912300721833729e-06,16890,5154,47420,11934
214955,0.0001716915047043472,2.6555459474855207e-06,0.00018060734982659464,9.84788440790249e-06,10270,11231,18381,12002
59045,0.00018313760501797037,0.00027247555718043406,0.0015475372194966215,9.823031569894472e-06,9977,1466,8529,12036
139216,0.00018313760501797037,1.3208548764180524e-06,0.0007071461535827409,9.768384616255806e-06,9982,13034,10965,12093
24357,3.433830094086944e-05,1.1446231328335146e-05,4.9759295579187915e-06,9.665861426487098e-06,22665,7953,63939,12224
24364,3.433830094086944e-05,1.1446231328335146e-05,4.9759295579187915e-06,9.665861426487098e-06,22666,7954,63940,12225
205008,0.00019458370533159352,3.9714443664931266e-07,0.0007374439908975021,9.626370471169205e-06,9722,16636,10801,12269
212164,0.0002632603072133324,4.75147738810915e-09,0.0016206983395239865,9.576347688238117e-06,8389,32124,8370,12321
140726,5.723050156811574e-05,7.00272971588214e-06,9.079106216678676e-06,9.482989780339462e-06,16934,9430,58150,12433
135426,0.0002174759059588398,6.701280836648442e-09,0.001846741426404205,9.444494153659411e-06,9225,31030,7818,12480
63646,4.578440125449259e-05,6.224305688187763e-08,1.2533559031533668e-07,9.389822513061954e-06,18891,22860,78701,12552
9308,4.578440125449259e-05,3.513779035948291e-08,3.929071386392426e-07,9.382890395329356e-06,18892,24829,75559,12561
59074,4.578440125449259e-05,4.3344146985561975e-06,8.309158869391019e-06,9.355230776873544e-06,18897,10291,59113,12585
38381,4.578440125449259e-05,3.73309456764443e-08,1.7964858094577834e-07,9.3490356834694e-06,18899,24614,77997,12592
38375,4.578440125449259e-05,3.73309456764443e-08,1.7964858094577834e-07,9.3490356834694e-06,18900,24615,77998,12593
135432,4.578440125449259e-05,3.73309456764443e-08,1.7964858094577834e-07,9.3490356834694e-06,18901,24616,77999,12594
56013,4.578440125449259e-05,3.73309456764443e-08,1.7964858094577834e-07,9.3490356834694e-06,18902,24617,78000,12595
137746,4.578440125449259e-05,3.73309456764443e-08,1.7964858094577834e-07,9.3490356834694e-06,18903,24618,78001,12596
131578,4.578440125449259e-05,1.4132958449291624e-05,5.030501118647471e-06,9.33205965801064e-06,18909,6086,63837,12620
153726,8.012270219536204e-05,1.1599007247190465e-05,4.8898587259454734e-05,9.27368784356124e-06,14439,7039,38902,12689
37965,4.578440125449259e-05,5.1587048022546256e-08,1.1313560005660351e-07,9.186906909670102e-06,18930,23463,78937,12790
24489,8.012270219536204e-05,7.173009015850672e-06,8.798208832491704e-06,9.132043304285888e-06,14446,9388,58534,12868
200959,0.00022892200627246296,2.8735697350361487e-08,0.0015651259827830011,8.996738204519729e-06,9015,25705,8485,13047
138950,4.578440125449259e-05,1.2177593653908147e-05,1.7359797908131437e-05,8.913114322010145e-06,18974,6593,51741,13155
24547,3.433830094086944e-05,1.1446231328335146e-05,2.4377545421916295e-07,8.877625042310828e-06,22724,7988,77124,13207
58540,3.433830094086944e-05,1.1479722474709835e-05,1.7357982376683737e-05,8.817659331244682e-06,22732,7346,51748,13291
24363,3.433830094086944e-05,5.723115664167573e-06,4.975946931978396e-06,8.803804465306976e-06,22734,9777,63938,13317
18118,3.433830094086944e-05,1.1513197146507525e-07,5.396787381640687e-08,8.797617427369132e-06,22736,20732,80208,13330
210426,0.0002403681065860861,6.00011832377608e-10,0.0015381593443690483,8.793685083742162e-06,8811,36569,8556,13342
132479,5.723050156811574e-05,3.477957663293232e-06,5.722022250273586e-05,8.708521057104214e-06,17035,10670,35685,13476
142641,0.00011446100313623148,1.1676298747356356e-05,0.0004836371140498127,8.66098961137289e-06,12286,6935,12841,13533
56044,3.433830094086944e-05,1.1446231328335146e-05,3.4425530741117357e-07,8.589089166413884e-06,22758,8007,76009,13651
63835,2.2892200627246296e-05,0.0005050272676214178,1.7342597581471605e-05,8.521145018609666e-06,31060,779,51771,13761
63701,3.433830094086944e-05,1.02897615992925e-06,8.259988995781605e-06,8.472614172655593e-06,22780,13695,59151,13833
63531,3.433830094086944e-05,0.0,2.2900619412101594e-07,8.381525424253346e-06,22790,38802,77384,13966
42962,5.723050156811574e-05,2.2900853526093723e-05,0.00013511808961209914,8.361355282384272e-06,17099,4915,21663,13996
58834,3.433830094086944e-05,0.0,1.5117640088082652e-07,8.353145863040121e-06,22794,38807,78347,14017
214933,0.00013735320376347777,5.223960204235615e-07,0.00020569247352772392,8.35039804688231e-06,11414,15784,16829,14020
216056,0.00012590710344985464,6.568188509190683e-07,0.00014877054675944932,8.245468235598354e-06,11848,15110,20289,14202
208754,0.0002174759059588398,0.0,0.0016644876848568553,8.237197076382144e-06,9283,38813,8270,14219
202335,0.00013735320376347777,2.7090771121301565e-07,0.00010084041809252416,8.223064728653448e-06,11424,17816,26789,14249
215750,0.00012590710344985464,6.875760420093542e-07,0.00034771082027384715,8.215013390876183e-06,11850,14988,14076,14263
139721,4.578440125449259e-05,1.0672336321090181e-05,1.734323963631039e-05,8.18971195911579e-06,19139,8778,51758,14325
56282,3.433830094086944e-05,4.194512870352276e-08,1.5016130349792577e-08,8.176795071742851e-06,22820,24172,81617,14349
132525,2.2892200627246296e-05,1.1446231328335146e-05,2.2761991591375308e-07,8.144026945268105e-06,31118,8048,77406,14393
9818,3.433830094086944e-05,1.6716993042688328e-08,9.755508888790028e-08,8.139917585116348e-06,22822,27977,79277,14401
18239,3.433830094086944e-05,1.6716993042688328e-08,9.755508888790028e-08,8.139917585116348e-06,22823,27978,79278,14402
58811,3.433830094086944e-05,1.6716993042688328e-08,9.755508888790028e-08,8.139917585116348e-06,22824,27979,79279,14403
55468,3.433830094086944e-05,1.6716993042688328e-08,9.755508888790028e-08,8.139917585116348e-06,22825,27980,79280,14404
59029,3.433830094086944e-05,1.6716993042688328e-08,9.755508888790028e-08,8.139917585116348e-06,22826,27981,79281,14405
45071,3.433830094086944e-05,1.6716993042688328e-08,9.755508888790028e-08,8.139917585116348e-06,22827,27982,79282,14406
24430,3.433830094086944e-05,1.6716993042688328e-08,9.755508888790028e-08,8.139917585116348e-06,22828,27983,79283,14407
58866,3.433830094086944e-05,1.6716993042688328e-08,9.755508888790028e-08,8.139917585116348e-06,22829,27984,79284,14408
17781,3.433830094086944e-05,1.6716993042688328e-08,9.755508888790028e-08,8.139917585116348e-06,22830,27985,79285,14409
59012,3.433830094086944e-05,1.6716993042688328e-08,9.755508888790028e-08,8.139917585116348e-06,22831,27986,79286,14410
38358,3.433830094086944e-05,1.6716993042688328e-08,9.755508888790028e-08,8.139917585116348e-06,22832,27987,79287,14411
45075,3.433830094086944e-05,1.6716993042688328e-08,9.755508888790028e-08,8.139917585116348e-06,22833,27988,79288,14412
135629,3.433830094086944e-05,9.644145077738136e-09,2.7531179727730234e-07,8.077536918523862e-06,22840,29798,76766,14516
24424,4.578440125449259e-05,4.551701561828462e-06,4.226069513508961e-05,7.929310957638499e-06,19219,10201,41369,14792
39753,0.00012590710344985464,1.100066928063763e-06,0.0002361219989313404,7.904916933912151e-06,11866,13526,16038,14853
24369,3.433830094086944e-05,0.0,4.985130066100866e-06,7.904728720356663e-06,22882,38850,63928,14854
24361,3.433830094086944e-05,0.0,4.985130066100866e-06,7.904728720356663e-06,22883,38851,63929,14855
63648,8.012270219536204e-05,0.0,0.00035773896937927696,7.869821112886867e-06,14560,38852,13971,14910
137702,3.433830094086944e-05,7.29443046076905e-09,1.7506252808897383e-05,7.857329056159744e-06,22897,30746,51690,14938
153911,2.2892200627246296e-05,1.1446231328335146e-05,5.10815906057869e-08,7.82168899553988e-06,31186,8075,80330,14991
215007,0.0001716915047043472,1.8953510635012872e-07,0.0005645167077495358,7.81143723186868e-06,10412,18993,12167,15004
44421,0.00012590710344985464,7.083467698589534e-07,0.0006376396930757079,7.775755287745283e-06,11870,14885,11469,15076
24150,3.433830094086944e-05,1.5948602292609085e-07,8.269683159536684e-06,7.760879655653156e-06,22927,19556,59142,15106
55960,3.433830094086944e-05,4.306838709249178e-08,3.156696417818713e-07,7.75089930374992e-06,22931,24072,76402,15130
56019,3.433830094086944e-05,5.663968824844979e-09,8.892796478332885e-08,7.737716949361238e-06,22935,31560,79503,15154
58563,4.578440125449259e-05,1.1477457209763277e-05,2.504150911214838e-05,7.652679510083088e-06,19315,7358,48380,15328
131562,2.2892200627246296e-05,0.0,4.835655171614534e-08,7.643682408598165e-06,31210,38869,80443,15346
38057,3.433830094086944e-05,4.26501026559106e-08,9.130059001675194e-06,7.576611799068588e-06,22989,24099,58101,15480
214439,0.00011446100313623148,1.5728860281456447e-07,4.105934464645775e-05,7.572172797352559e-06,12343,19601,41565,15485
146461,1.1446100313623148e-05,0.0,3.010876704908847e-09,7.565309324190623e-06,53770,38880,82267,15495
144964,1.1446100313623148e-05,0.0,3.010876704908847e-09,7.565309324190623e-06,53771,38881,82268,15496
144006,1.1446100313623148e-05,0.0,3.010876704908847e-09,7.565309324190623e-06,53772,38882,82269,15497
142888,1.1446100313623148e-05,0.0,3.010876704908847e-09,7.565309324190623e-06,53773,38883,82270,15498
144745,1.1446100313623148e-05,0.0,3.010876704908847e-09,7.565309324190623e-06,53774,38884,82271,15499
142841,1.1446100313623148e-05,0.0,3.010876704908847e-09,7.565309324190623e-06,53775,38885,82272,15500
142782,1.1446100313623148e-05,0.0,3.010876704908847e-09,7.565309324190623e-06,53776,38886,82273,15501
144714,1.1446100313623148e-05,0.0,3.010876704908847e-09,7.565309324190623e-06,53777,38887,82274,15502
146368,1.1446100313623148e-05,0.0,3.010876704908847e-09,7.565309324190623e-06,53778,38888,82275,15503
145055,1.1446100313623148e-05,0.0,3.010876704908847e-09,7.565309324190623e-06,53779,38889,82276,15504
143601,1.1446100313623148e-05,0.0,3.010876704908847e-09,7.565309324190623e-06,53780,38890,82277,15505
144652,1.1446100313623148e-05,0.0,3.010876704908847e-09,7.565309324190623e-06,53781,38891,82278,15506
143130,1.1446100313623148e-05,0.0,3.010876704908847e-09,7.565309324190623e-06,53782,38892,82279,15507
142896,1.1446100313623148e-05,0.0,3.010876704908847e-09,7.565309324190623e-06,53783,38893,82280,15508
143653,1.1446100313623148e-05,0.0,3.010876704908847e-09,7.565309324190623e-06,53784,38894,82281,15509
143640,1.1446100313623148e-05,0.0,3.010876704908847e-09,7.565309324190623e-06,53785,38895,82282,15510
142903,1.1446100313623148e-05,0.0,3.010876704908847e-09,7.565309324190623e-06,53786,38896,82283,15511
146429,1.1446100313623148e-05,0.0,3.010876704908847e-09,7.565309324190623e-06,53787,38897,82284,15512
143269,1.1446100313623148e-05,0.0,3.010876704908847e-09,7.565309324190623e-06,53788,38898,82285,15513
145126,1.1446100313623148e-05,0.0,3.010876704908847e-09,7.565309324190623e-06,53789,38899,82286,15514
144179,1.1446100313623148e-05,0.0,3.010876704908847e-09,7.565309324190623e-06,53790,38900,82287,15515
144473,1.1446100313623148e-05,0.0,3.010876704908847e-09,7.565309324190623e-06,53791,38901,82288,15516
146277,1.1446100313623148e-05,0.0,3.010876704908847e-09,7.565309324190623e-06,53792,38902,82289,15517
142825,1.1446100313623148e-05,0.0,3.010876704908847e-09,7.565309324190623e-06,53793,38903,82290,15518
146231,1.1446100313623148e-05,0.0,3.010876704908847e-09,7.565309324190623e-06,53794,38904,82291,15519
143648,1.1446100313623148e-05,0.0,3.010876704908847e-09,7.565309324190623e-06,53795,38905,82292,15520
144744,1.1446100313623148e-05,0.0,3.010876704908847e-09,7.565309324190623e-06,53796,38906,82293,15521
145409,1.1446100313623148e-05,0.0,3.010876704908847e-09,7.565309324190623e-06,53797,38907,82294,15522
145980,1.1446100313623148e-05,0.0,3.010876704908847e-09,7.565309324190623e-06,53798,38908,82295,15523
144701,1.1446100313623148e-05,0.0,3.010876704908847e-09,7.565309324190623e-06,53799,38909,82296,15524
142693,1.1446100313623148e-05,0.0,3.010876704908847e-09,7.565309324190623e-06,53800,38910,82297,15525
144697,1.1446100313623148e-05,0.0,3.010876704908847e-09,7.565309324190623e-06,53801,38911,82298,15526
145178,1.1446100313623148e-05,0.0,3.010876704908847e-09,7.565309324190623e-06,53802,38912,82299,15527
145308,1.1446100313623148e-05,0.0,3.010876704908847e-09,7.565309324190623e-06,53803,38913,82300,15528
146035,1.1446100313623148e-05,0.0,3.010876704908847e-09,7.565309324190623e-06,53804,38914,82301,15529
144127,1.1446100313623148e-05,0.0,3.010876704908847e-09,7.565309324190623e-06,53805,38915,82302,15530
145720,1.1446100313623148e-05,0.0,3.010876704908847e-09,7.565309324190623e-06,53806,38916,82303,15531
143084,1.1446100313623148e-05,0.0,3.010876704908847e-09,7.565309324190623e-06,53807,38917,82304,15532
143048,1.1446100313623148e-05,0.0,3.010876704908847e-09,7.565309324190623e-06,53808,38918,82305,15533
146391,1.1446100313623148e-05,0.0,3.010876704908847e-09,7.565309324190623e-06,53809,38919,82306,15534
146685,1.1446100313623148e-05,0.0,3.010876704908847e-09,7.565309324190623e-06,53810,38920,82307,15535
145092,1.1446100313623148e-05,0.0,3.010876704908847e-09,7.565309324190623e-06,53811,38921,82308,15536
145615,1.1446100313623148e-05,0.0,3.010876704908847e-09,7.565309324190623e-06,53812,38922,82309,15537
144247,1.1446100313623148e-05,0.0,3.010876704908847e-09,7.565309324190623e-06,53813,38923,82310,15538
145666,1.1446100313623148e-05,0.0,3.010876704908847e-09,7.565309324190623e-06,53814,38924,82311,15539
143091,1.1446100313623148e-05,0.0,3.010876704908847e-09,7.565309324190623e-06,53815,38925,82312,15540
143668,1.1446100313623148e-05,0.0,3.010876704908847e-09,7.565309324190623e-06,53816,38926,82313,15541
142882,1.1446100313623148e-05,0.0,3.010876704908847e-09,7.565309324190623e-06,53817,38927,82314,15542
146492,1.1446100313623148e-05,0.0,3.010876704908847e-09,7.565309324190623e-06,53818,38928,82315,15543
145626,1.1446100313623148e-05,0.0,3.010876704908847e-09,7.565309324190623e-06,53819,38929,82316,15544
146088,1.1446100313623148e-05,0.0,3.010876704908847e-09,7.565309324190623e-06,53820,38930,82317,15545
145513,1.1446100313623148e-05,0.0,3.010876704908847e-09,7.565309324190623e-06,53821,38931,82318,15546
142787,1.1446100313623148e-05,0.0,3.010876704908847e-09,7.565309324190623e-06,53822,38932,82319,15547
144851,1.1446100313623148e-05,0.0,3.010876704908847e-09,7.565309324190623e-06,53823,38933,82320,15548
145149,1.1446100313623148e-05,0.0,3.010876704908847e-09,7.565309324190623e-06,53824,38934,82321,15549
143367,1.1446100313623148e-05,0.0,3.010876704908847e-09,7.565309324190623e-06,53825,38935,82322,15550
146449,1.1446100313623148e-05,0.0,3.010876704908847e-09,7.565309324190623e-06,53826,38936,82323,15551
144665,1.1446100313623148e-05,0.0,3.010876704908847e-09,7.565309324190623e-06,53827,38937,82324,15552
146703,1.1446100313623148e-05,0.0,3.010876704908847e-09,7.565309324190623e-06,53828,38938,82325,15553
145713,1.1446100313623148e-05,0.0,3.010876704908847e-09,7.565309324190623e-06,53829,38939,82326,15554
143573,1.1446100313623148e-05,0.0,3.010876704908847e-09,7.565309324190623e-06,53830,38940,82327,15555
144766,1.1446100313623148e-05,0.0,3.010876704908847e-09,7.565309324190623e-06,53831,38941,82328,15556
144194,1.1446100313623148e-05,0.0,3.010876704908847e-09,7.565309324190623e-06,53832,38942,82329,15557
144477,1.1446100313623148e-05,0.0,3.010876704908847e-09,7.565309324190623e-06,53833,38943,82330,15558
146268,1.1446100313623148e-05,0.0,3.010876704908847e-09,7.565309324190623e-06,53834,38944,82331,15559
144617,1.1446100313623148e-05,0.0,3.010876704908847e-09,7.565309324190623e-06,53835,38945,82332,15560
143108,1.1446100313623148e-05,0.0,3.010876704908847e-09,7.565309324190623e-06,53836,38946,82333,15561
143260,1.1446100313623148e-05,0.0,3.010876704908847e-09,7.565309324190623e-06,53837,38947,82334,15562
143688,1.1446100313623148e-05,0.0,3.010876704908847e-09,7.565309324190623e-06,53838,38948,82335,15563
146312,1.1446100313623148e-05,0.0,3.010876704908847e-09,7.565309324190623e-06,53839,38949,82336,15564
143160,1.1446100313623148e-05,0.0,3.010876704908847e-09,7.565309324190623e-06,53840,38950,82337,15565
144166,1.1446100313623148e-05,0.0,3.010876704908847e-09,7.565309324190623e-06,53841,38951,82338,15566
143942,1.1446100313623148e-05,0.0,3.010876704908847e-09,7.565309324190623e-06,53842,38952,82339,15567
145855,1.1446100313623148e-05,0.0,3.010876704908847e-09,7.565309324190623e-06,53843,38953,82340,15568
145017,1.1446100313623148e-05,0.0,3.010876704908847e-09,7.565309324190623e-06,53844,38954,82341,15569
145564,1.1446100313623148e-05,0.0,3.010876704908847e-09,7.565309324190623e-06,53845,38955,82342,15570
146203,1.1446100313623148e-05,0.0,3.010876704908847e-09,7.565309324190623e-06,53846,38956,82343,15571
146071,1.1446100313623148e-05,0.0,3.010876704908847e-09,7.565309324190623e-06,53847,38957,82344,15572
144124,1.1446100313623148e-05,0.0,3.010876704908847e-09,7.565309324190623e-06,53848,38958,82345,15573
142934,1.1446100313623148e-05,0.0,3.010876704908847e-09,7.565309324190623e-06,53849,38959,82346,15574
145036,1.1446100313623148e-05,0.0,3.010876704908847e-09,7.565309324190623e-06,53850,38960,82347,15575
143506,1.1446100313623148e-05,0.0,3.010876704908847e-09,7.565309324190623e-06,53851,38961,82348,15576
143205,1.1446100313623148e-05,0.0,3.010876704908847e-09,7.565309324190623e-06,53852,38962,82349,15577
144988,1.1446100313623148e-05,0.0,3.010876704908847e-09,7.565309324190623e-06,53853,38963,82350,15578
145849,1.1446100313623148e-05,0.0,3.010876704908847e-09,7.565309324190623e-06,53854,38964,82351,15579
144848,1.1446100313623148e-05,0.0,3.010876704908847e-09,7.565309324190623e-06,53855,38965,82352,15580
146575,1.1446100313623148e-05,0.0,3.010876704908847e-09,7.565309324190623e-06,53856,38966,82353,15581
143608,1.1446100313623148e-05,0.0,3.010876704908847e-09,7.565309324190623e-06,53857,38967,82354,15582
143990,1.1446100313623148e-05,0.0,3.010876704908847e-09,7.565309324190623e-06,53858,38968,82355,15583
142944,1.1446100313623148e-05,0.0,3.010876704908847e-09,7.565309324190623e-06,53859,38969,82356,15584
142740,1.1446100313623148e-05,0.0,3.010876704908847e-09,7.565309324190623e-06,53860,38970,82357,15585
146279,1.1446100313623148e-05,0.0,3.010876704908847e-09,7.565309324190623e-06,53861,38971,82358,15586
143751,1.1446100313623148e-05,0.0,3.010876704908847e-09,7.565309324190623e-06,53862,38972,82359,15587
144674,1.1446100313623148e-05,0.0,3.010876704908847e-09,7.565309324190623e-06,53863,38973,82360,15588
142798,1.1446100313623148e-05,0.0,3.010876704908847e-09,7.565309324190623e-06,53864,38974,82361,15589
144086,1.1446100313623148e-05,0.0,3.010876704908847e-09,7.565309324190623e-06,53865,38975,82362,15590
145558,1.1446100313623148e-05,0.0,3.010876704908847e-09,7.565309324190623e-06,53866,38976,82363,15591
142997,1.1446100313623148e-05,0.0,3.010876704908847e-09,7.565309324190623e-06,53867,38977,82364,15592
144982,1.1446100313623148e-05,0.0,3.010876704908847e-09,7.565309324190623e-06,53868,38978,82365,15593
143024,1.1446100313623148e-05,0.0,3.010876704908847e-09,7.565309324190623e-06,53869,38979,82366,15594
146499,1.1446100313623148e-05,0.0,3.010876704908847e-09,7.565309324190623e-06,53870,38980,82367,15595
146049,1.1446100313623148e-05,0.0,3.010876704908847e-09,7.565309324190623e-06,53871,38981,82368,15596
144537,1.1446100313623148e-05,0.0,3.010876704908847e-09,7.565309324190623e-06,53872,38982,82369,15597
143324,1.1446100313623148e-05,0.0,3.010876704908847e-09,7.565309324190623e-06,53873,38983,82370,15598
144357,1.1446100313623148e-05,0.0,3.010876704908847e-09,7.565309324190623e-06,53874,38984,82371,15599
146603,1.1446100313623148e-05,0.0,3.010876704908847e-09,7.565309324190623e-06,53875,38985,82372,15600
145166,1.1446100313623148e-05,0.0,3.010876704908847e-09,7.565309324190623e-06,53876,38986,82373,15601
144553,1.1446100313623148e-05,0.0,3.010876704908847e-09,7.565309324190623e-06,53877,38987,82374,15602
145994,1.1446100313623148e-05,0.0,3.010876704908847e-09,7.565309324190623e-06,53878,38988,82375,15603
145657,1.1446100313623148e-05,0.0,3.010876704908847e-09,7.565309324190623e-06,53879,38989,82376,15604
146651,1.1446100313623148e-05,0.0,3.010876704908847e-09,7.565309324190623e-06,53880,38990,82377,15605
146132,1.1446100313623148e-05,0.0,3.010876704908847e-09,7.565309324190623e-06,53881,38991,82378,15606
144033,1.1446100313623148e-05,0.0,3.010876704908847e-09,7.565309324190623e-06,53882,38992,82379,15607
144959,1.1446100313623148e-05,0.0,3.010876704908847e-09,7.565309324190623e-06,53883,38993,82380,15608
143122,1.1446100313623148e-05,0.0,3.010876704908847e-09,7.565309324190623e-06,53884,38994,82381,15609
143151,1.1446100313623148e-05,0.0,3.010876704908847e-09,7.565309324190623e-06,53885,38995,82382,15610
146024,1.1446100313623148e-05,0.0,3.010876704908847e-09,7.565309324190623e-06,53886,38996,82383,15611
144809,1.1446100313623148e-05,0.0,3.010876704908847e-09,7.565309324190623e-06,53887,38997,82384,15612
144332,1.1446100313623148e-05,0.0,3.010876704908847e-09,7.565309324190623e-06,53888,38998,82385,15613
144737,1.1446100313623148e-05,0.0,3.010876704908847e-09,7.565309324190623e-06,53889,38999,82386,15614
145565,1.1446100313623148e-05,0.0,3.010876704908847e-09,7.565309324190623e-06,53890,39000,82387,15615
143659,1.1446100313623148e-05,0.0,3.010876704908847e-09,7.565309324190623e-06,53891,39001,82388,15616
145776,1.1446100313623148e-05,0.0,3.010876704908847e-09,7.565309324190623e-06,53892,39002,82389,15617
144344,1.1446100313623148e-05,0.0,3.010876704908847e-09,7.565309324190623e-06,53893,39003,82390,15618
143336,1.1446100313623148e-05,0.0,3.010876704908847e-09,7.565309324190623e-06,53894,39004,82391,15619
143936,1.1446100313623148e-05,0.0,3.010876704908847e-09,7.565309324190623e-06,53895,39005,82392,15620
145974,1.1446100313623148e-05,0.0,3.010876704908847e-09,7.565309324190623e-06,53896,39006,82393,15621
144116,1.1446100313623148e-05,0.0,3.010876704908847e-09,7.565309324190623e-06,53897,39007,82394,15622
143798,1.1446100313623148e-05,0.0,3.010876704908847e-09,7.565309324190623e-06,53898,39008,82395,15623
143477,1.1446100313623148e-05,0.0,3.010876704908847e-09,7.565309324190623e-06,53899,39009,82396,15624
145705,1.1446100313623148e-05,0.0,3.010876704908847e-09,7.565309324190623e-06,53900,39010,82397,15625
143239,1.1446100313623148e-05,0.0,3.010876704908847e-09,7.565309324190623e-06,53901,39011,82398,15626
143985,1.1446100313623148e-05,0.0,3.010876704908847e-09,7.565309324190623e-06,53902,39012,82399,15627
144572,1.1446100313623148e-05,0.0,3.010876704908847e-09,7.565309324190623e-06,53903,39013,82400,15628
146064,1.1446100313623148e-05,0.0,3.010876704908847e-09,7.565309324190623e-06,53904,39014,82401,15629
143110,1.1446100313623148e-05,0.0,3.010876704908847e-09,7.565309324190623e-06,53905,39015,82402,15630
145347,1.1446100313623148e-05,0.0,3.010876704908847e-09,7.565309324190623e-06,53906,39016,82403,15631
144798,1.1446100313623148e-05,0.0,3.010876704908847e-09,7.565309324190623e-06,53907,39017,82404,15632
143843,1.1446100313623148e-05,0.0,3.010876704908847e-09,7.565309324190623e-06,53908,39018,82405,15633
145496,1.1446100313623148e-05,0.0,3.010876704908847e-09,7.565309324190623e-06,53909,39019,82406,15634
144283,1.1446100313623148e-05,0.0,3.010876704908847e-09,7.565309324190623e-06,53910,39020,82407,15635
144002,1.1446100313623148e-05,0.0,3.010876704908847e-09,7.565309324190623e-06,53911,39021,82408,15636
145013,1.1446100313623148e-05,0.0,3.010876704908847e-09,7.565309324190623e-06,53912,39022,82409,15637
144990,1.1446100313623148e-05,0.0,3.010876704908847e-09,7.565309324190623e-06,53913,39023,82410,15638
143051,1.1446100313623148e-05,0.0,3.010876704908847e-09,7.565309324190623e-06,53914,39024,82411,15639
144107,1.1446100313623148e-05,0.0,3.010876704908847e-09,7.565309324190623e-06,53915,39025,82412,15640
143643,1.1446100313623148e-05,0.0,3.010876704908847e-09,7.565309324190623e-06,53916,39026,82413,15641
146259,1.1446100313623148e-05,0.0,3.010876704908847e-09,7.565309324190623e-06,53917,39027,82414,15642
143887,1.1446100313623148e-05,0.0,3.010876704908847e-09,7.565309324190623e-06,53918,39028,82415,15643
145122,1.1446100313623148e-05,0.0,3.010876704908847e-09,7.565309324190623e-06,53919,39029,82416,15644
142739,1.1446100313623148e-05,0.0,3.010876704908847e-09,7.565309324190623e-06,53920,39030,82417,15645
144986,1.1446100313623148e-05,0.0,3.010876704908847e-09,7.565309324190623e-06,53921,39031,82418,15646
142751,1.1446100313623148e-05,0.0,3.010876704908847e-09,7.565309324190623e-06,53922,39032,82419,15647
143623,1.1446100313623148e-05,0.0,3.010876704908847e-09,7.565309324190623e-06,53923,39033,82420,15648
145717,1.1446100313623148e-05,0.0,3.010876704908847e-09,7.565309324190623e-06,53924,39034,82421,15649
146664,1.1446100313623148e-05,0.0,3.010876704908847e-09,7.565309324190623e-06,53925,39035,82422,15650
145906,1.1446100313623148e-05,0.0,3.010876704908847e-09,7.565309324190623e-06,53926,39036,82423,15651
146658,1.1446100313623148e-05,0.0,3.010876704908847e-09,7.565309324190623e-06,53927,39037,82424,15652
144898,1.1446100313623148e-05,0.0,3.010876704908847e-09,7.565309324190623e-06,53928,39038,82425,15653
146356,1.1446100313623148e-05,0.0,3.010876704908847e-09,7.565309324190623e-06,53929,39039,82426,15654
145472,1.1446100313623148e-05,0.0,3.010876704908847e-09,7.565309324190623e-06,53930,39040,82427,15655
146443,1.1446100313623148e-05,0.0,3.010876704908847e-09,7.565309324190623e-06,53931,39041,82428,15656
143847,1.1446100313623148e-05,0.0,3.010876704908847e-09,7.565309324190623e-06,53932,39042,82429,15657
145739,1.1446100313623148e-05,0.0,3.010876704908847e-09,7.565309324190623e-06,53933,39043,82430,15658
142904,1.1446100313623148e-05,0.0,3.010876704908847e-09,7.565309324190623e-06,53934,39044,82431,15659
143897,1.1446100313623148e-05,0.0,3.010876704908847e-09,7.565309324190623e-06,53935,39045,82432,15660
146504,1.1446100313623148e-05,0.0,3.010876704908847e-09,7.565309324190623e-06,53936,39046,82433,15661
142711,1.1446100313623148e-05,0.0,3.010876704908847e-09,7.565309324190623e-06,53937,39047,82434,15662
142931,1.1446100313623148e-05,0.0,3.010876704908847e-09,7.565309324190623e-06,53938,39048,82435,15663
145061,1.1446100313623148e-05,0.0,3.010876704908847e-09,7.565309324190623e-06,53939,39049,82436,15664
143026,1.1446100313623148e-05,0.0,3.010876704908847e-09,7.565309324190623e-06,53940,39050,82437,15665
143263,1.1446100313623148e-05,0.0,3.010876704908847e-09,7.565309324190623e-06,53941,39051,82438,15666
146592,1.1446100313623148e-05,0.0,3.010876704908847e-09,7.565309324190623e-06,53942,39052,82439,15667
146221,1.1446100313623148e-05,0.0,3.010876704908847e-09,7.565309324190623e-06,53943,39053,82440,15668
145009,1.1446100313623148e-05,0.0,3.010876704908847e-09,7.565309324190623e-06,53944,39054,82441,15669
144715,1.1446100313623148e-05,0.0,3.010876704908847e-09,7.565309324190623e-06,53945,39055,82442,15670
144049,1.1446100313623148e-05,0.0,3.010876704908847e-09,7.565309324190623e-06,53946,39056,82443,15671
144397,1.1446100313623148e-05,0.0,3.010876704908847e-09,7.565309324190623e-06,53947,39057,82444,15672
142958,1.1446100313623148e-05,0.0,3.010876704908847e-09,7.565309324190623e-06,53948,39058,82445,15673
144391,1.1446100313623148e-05,0.0,3.010876704908847e-09,7.565309324190623e-06,53949,39059,82446,15674
143943,1.1446100313623148e-05,0.0,3.010876704908847e-09,7.565309324190623e-06,53950,39060,82447,15675
144114,1.1446100313623148e-05,0.0,3.010876704908847e-09,7.565309324190623e-06,53951,39061,82448,15676
143792,1.1446100313623148e-05,0.0,3.010876704908847e-09,7.565309324190623e-06,53952,39062,82449,15677
144865,1.1446100313623148e-05,0.0,3.010876704908847e-09,7.565309324190623e-06,53953,39063,82450,15678
142715,1.1446100313623148e-05,0.0,3.010876704908847e-09,7.565309324190623e-06,53954,39064,82451,15679
144785,1.1446100313623148e-05,0.0,3.010876704908847e-09,7.565309324190623e-06,53955,39065,82452,15680
145216,1.1446100313623148e-05,0.0,3.010876704908847e-09,7.565309324190623e-06,53956,39066,82453,15681
143819,1.1446100313623148e-05,0.0,3.010876704908847e-09,7.565309324190623e-06,53957,39067,82454,15682
143932,1.1446100313623148e-05,0.0,3.010876704908847e-09,7.565309324190623e-06,53958,39068,82455,15683
143225,1.1446100313623148e-05,0.0,3.010876704908847e-09,7.565309324190623e-06,53959,39069,82456,15684
143390,1.1446100313623148e-05,0.0,3.010876704908847e-09,7.565309324190623e-06,53960,39070,82457,15685
146175,1.1446100313623148e-05,0.0,3.010876704908847e-09,7.565309324190623e-06,53961,39071,82458,15686
145159,1.1446100313623148e-05,0.0,3.010876704908847e-09,7.565309324190623e-06,53962,39072,82459,15687
145106,1.1446100313623148e-05,0.0,3.010876704908847e-09,7.565309324190623e-06,53963,39073,82460,15688
144366,1.1446100313623148e-05,0.0,3.010876704908847e-09,7.565309324190623e-06,53964,39074,82461,15689
145775,1.1446100313623148e-05,0.0,3.010876704908847e-09,7.565309324190623e-06,53965,39075,82462,15690
143333,1.1446100313623148e-05,0.0,3.010876704908847e-09,7.565309324190623e-06,53966,39076,82463,15691
146662,1.1446100313623148e-05,0.0,3.010876704908847e-09,7.565309324190623e-06,53967,39077,82464,15692
144960,1.1446100313623148e-05,0.0,3.010876704908847e-09,7.565309324190623e-06,53968,39078,82465,15693
143006,1.1446100313623148e-05,0.0,3.010876704908847e-09,7.565309324190623e-06,53969,39079,82466,15694
146301,1.1446100313623148e-05,0.0,3.010876704908847e-09,7.565309324190623e-06,53970,39080,82467,15695
146023,1.1446100313623148e-05,0.0,3.010876704908847e-09,7.565309324190623e-06,53971,39081,82468,15696
143063,1.1446100313623148e-05,0.0,3.010876704908847e-09,7.565309324190623e-06,53972,39082,82469,15697
145405,1.1446100313623148e-05,0.0,3.010876704908847e-09,7.565309324190623e-06,53973,39083,82470,15698
145130,1.1446100313623148e-05,0.0,3.010876704908847e-09,7.565309324190623e-06,53974,39084,82471,15699
145667,1.1446100313623148e-05,0.0,3.010876704908847e-09,7.565309324190623e-06,53975,39085,82472,15700
143580,1.1446100313623148e-05,0.0,3.010876704908847e-09,7.565309324190623e-06,53976,39086,82473,15701
142765,1.1446100313623148e-05,0.0,3.010876704908847e-09,7.565309324190623e-06,53977,39087,82474,15702
144390,1.1446100313623148e-05,0.0,3.010876704908847e-09,7.565309324190623e-06,53978,39088,82475,15703
142948,1.1446100313623148e-05,0.0,3.010876704908847e-09,7.565309324190623e-06,53979,39089,82476,15704
143447,1.1446100313623148e-05,0.0,3.010876704908847e-09,7.565309324190623e-06,53980,39090,82477,15705
144857,1.1446100313623148e-05,0.0,3.010876704908847e-09,7.565309324190623e-06,53981,39091,82478,15706
144507,1.1446100313623148e-05,0.0,3.010876704908847e-09,7.565309324190623e-06,53982,39092,82479,15707
145921,1.1446100313623148e-05,0.0,3.010876704908847e-09,7.565309324190623e-06,53983,39093,82480,15708
144442,1.1446100313623148e-05,0.0,3.010876704908847e-09,7.565309324190623e-06,53984,39094,82481,15709
144705,1.1446100313623148e-05,0.0,3.010876704908847e-09,7.565309324190623e-06,53985,39095,82482,15710
143497,1.1446100313623148e-05,0.0,3.010876704908847e-09,7.565309324190623e-06,53986,39096,82483,15711
145248,1.1446100313623148e-05,0.0,3.010876704908847e-09,7.565309324190623e-06,53987,39097,82484,15712
144930,1.1446100313623148e-05,0.0,3.010876704908847e-09,7.565309324190623e-06,53988,39098,82485,15713
144328,1.1446100313623148e-05,0.0,3.010876704908847e-09,7.565309324190623e-06,53989,39099,82486,15714
143776,1.1446100313623148e-05,0.0,3.010876704908847e-09,7.565309324190623e-06,53990,39100,82487,15715
143437,1.1446100313623148e-05,0.0,3.010876704908847e-09,7.565309324190623e-06,53991,39101,82488,15716
144501,1.1446100313623148e-05,0.0,3.010876704908847e-09,7.565309324190623e-06,53992,39102,82489,15717
144337,1.1446100313623148e-05,0.0,3.010876704908847e-09,7.565309324190623e-06,53993,39103,82490,15718
143285,1.1446100313623148e-05,0.0,3.010876704908847e-09,7.565309324190623e-06,53994,39104,82491,15719
143123,1.1446100313623148e-05,0.0,3.010876704908847e-09,7.565309324190623e-06,53995,39105,82492,15720
142683,1.1446100313623148e-05,0.0,3.010876704908847e-09,7.565309324190623e-06,53996,39106,82493,15721
146332,1.1446100313623148e-05,0.0,3.010876704908847e-09,7.565309324190623e-06,53997,39107,82494,15722
144942,1.1446100313623148e-05,0.0,3.010876704908847e-09,7.565309324190623e-06,53998,39108,82495,15723
146559,1.1446100313623148e-05,0.0,3.010876704908847e-09,7.565309324190623e-06,53999,39109,82496,15724
143536,1.1446100313623148e-05,0.0,3.010876704908847e-09,7.565309324190623e-06,54000,39110,82497,15725
145790,1.1446100313623148e-05,0.0,3.010876704908847e-09,7.565309324190623e-06,54001,39111,82498,15726
146415,1.1446100313623148e-05,0.0,3.010876704908847e-09,7.565309324190623e-06,54002,39112,82499,15727
143139,1.1446100313623148e-05,0.0,3.010876704908847e-09,7.565309324190623e-06,54003,39113,82500,15728
143845,1.1446100313623148e-05,0.0,3.010876704908847e-09,7.565309324190623e-06,54004,39114,82501,15729
146365,1.1446100313623148e-05,0.0,3.010876704908847e-09,7.565309324190623e-06,54005,39115,82502,15730
146707,1.1446100313623148e-05,0.0,3.010876704908847e-09,7.565309324190623e-06,54006,39116,82503,15731
145819,1.1446100313623148e-05,0.0,3.010876704908847e-09,7.565309324190623e-06,54007,39117,82504,15732
145678,1.1446100313623148e-05,0.0,3.010876704908847e-09,7.565309324190623e-06,54008,39118,82505,15733
143538,1.1446100313623148e-05,0.0,3.010876704908847e-09,7.565309324190623e-06,54009,39119,82506,15734
143875,1.1446100313623148e-05,0.0,3.010876704908847e-09,7.565309324190623e-06,54010,39120,82507,15735
145370,1.1446100313623148e-05,0.0,3.010876704908847e-09,7.565309324190623e-06,54011,39121,82508,15736
145142,1.1446100313623148e-05,0.0,3.010876704908847e-09,7.565309324190623e-06,54012,39122,82509,15737
143493,1.1446100313623148e-05,0.0,3.010876704908847e-09,7.565309324190623e-06,54013,39123,82510,15738
145316,1.1446100313623148e-05,0.0,3.010876704908847e-09,7.565309324190623e-06,54014,39124,82511,15739
144604,1.1446100313623148e-05,0.0,3.010876704908847e-09,7.565309324190623e-06,54015,39125,82512,15740
143504,1.1446100313623148e-05,0.0,3.010876704908847e-09,7.565309324190623e-06,54016,39126,82513,15741
145268,1.1446100313623148e-05,0.0,3.010876704908847e-09,7.565309324190623e-06,54017,39127,82514,15742
146336,1.1446100313623148e-05,0.0,3.010876704908847e-09,7.565309324190623e-06,54018,39128,82515,15743
145907,1.1446100313623148e-05,0.0,3.010876704908847e-09,7.565309324190623e-06,54019,39129,82516,15744
146644,1.1446100313623148e-05,0.0,3.010876704908847e-09,7.565309324190623e-06,54020,39130,82517,15745
143349,1.1446100313623148e-05,0.0,3.010876704908847e-09,7.565309324190623e-06,54021,39131,82518,15746
143047,1.1446100313623148e-05,0.0,3.010876704908847e-09,7.565309324190623e-06,54022,39132,82519,15747
145258,1.1446100313623148e-05,0.0,3.010876704908847e-09,7.565309324190623e-06,54023,39133,82520,15748
146634,1.1446100313623148e-05,0.0,3.010876704908847e-09,7.565309324190623e-06,54024,39134,82521,15749
143062,1.1446100313623148e-05,0.0,3.010876704908847e-09,7.565309324190623e-06,54025,39135,82522,15750
145375,1.1446100313623148e-05,0.0,3.010876704908847e-09,7.565309324190623e-06,54026,39136,82523,15751
144729,1.1446100313623148e-05,0.0,3.010876704908847e-09,7.565309324190623e-06,54027,39137,82524,15752
144850,1.1446100313623148e-05,0.0,3.010876704908847e-09,7.565309324190623e-06,54028,39138,82525,15753
144176,1.1446100313623148e-05,0.0,3.010876704908847e-09,7.565309324190623e-06,54029,39139,82526,15754
145677,1.1446100313623148e-05,0.0,3.010876704908847e-09,7.565309324190623e-06,54030,39140,82527,15755
143010,1.1446100313623148e-05,0.0,3.010876704908847e-09,7.565309324190623e-06,54031,39141,82528,15756
144539,1.1446100313623148e-05,0.0,3.010876704908847e-09,7.565309324190623e-06,54032,39142,82529,15757
146092,1.1446100313623148e-05,0.0,3.010876704908847e-09,7.565309324190623e-06,54033,39143,82530,15758
145453,1.1446100313623148e-05,0.0,3.010876704908847e-09,7.565309324190623e-06,54034,39144,82531,15759
146001,1.1446100313623148e-05,0.0,3.010876704908847e-09,7.565309324190623e-06,54035,39145,82532,15760
144298,1.1446100313623148e-05,0.0,3.010876704908847e-09,7.565309324190623e-06,54036,39146,82533,15761
143081,1.1446100313623148e-05,0.0,3.010876704908847e-09,7.565309324190623e-06,54037,39147,82534,15762
145478,1.1446100313623148e-05,0.0,3.010876704908847e-09,7.565309324190623e-06,54038,39148,82535,15763
145671,1.1446100313623148e-05,0.0,3.010876704908847e-09,7.565309324190623e-06,54039,39149,82536,15764
144927,1.1446100313623148e-05,0.0,3.010876704908847e-09,7.565309324190623e-06,54040,39150,82537,15765
144240,1.1446100313623148e-05,0.0,3.010876704908847e-09,7.565309324190623e-06,54041,39151,82538,15766
142729,1.1446100313623148e-05,0.0,3.010876704908847e-09,7.565309324190623e-06,54042,39152,82539,15767
143637,1.1446100313623148e-05,0.0,3.010876704908847e-09,7.565309324190623e-06,54043,39153,82540,15768
144455,1.1446100313623148e-05,0.0,3.010876704908847e-09,7.565309324190623e-06,54044,39154,82541,15769
144878,1.1446100313623148e-05,0.0,3.010876704908847e-09,7.565309324190623e-06,54045,39155,82542,15770
144263,1.1446100313623148e-05,0.0,3.010876704908847e-09,7.565309324190623e-06,54046,39156,82543,15771
145767,1.1446100313623148e-05,0.0,3.010876704908847e-09,7.565309324190623e-06,54047,39157,82544,15772
144740,1.1446100313623148e-05,0.0,3.010876704908847e-09,7.565309324190623e-06,54048,39158,82545,15773
145815,1.1446100313623148e-05,0.0,3.010876704908847e-09,7.565309324190623e-06,54049,39159,82546,15774
144721,1.1446100313623148e-05,0.0,3.010876704908847e-09,7.565309324190623e-06,54050,39160,82547,15775
145532,1.1446100313623148e-05,0.0,3.010876704908847e-09,7.565309324190623e-06,54051,39161,82548,15776
146524,1.1446100313623148e-05,0.0,3.010876704908847e-09,7.565309324190623e-06,54052,39162,82549,15777
142894,1.1446100313623148e-05,0.0,3.010876704908847e-09,7.565309324190623e-06,54053,39163,82550,15778
145781,1.1446100313623148e-05,0.0,3.010876704908847e-09,7.565309324190623e-06,54054,39164,82551,15779
143658,1.1446100313623148e-05,0.0,3.010876704908847e-09,7.565309324190623e-06,54055,39165,82552,15780
145813,1.1446100313623148e-05,0.0,3.010876704908847e-09,7.565309324190623e-06,54056,39166,82553,15781
145519,1.1446100313623148e-05,0.0,3.010876704908847e-09,7.565309324190623e-06,54057,39167,82554,15782
145321,1.1446100313623148e-05,0.0,3.010876704908847e-09,7.565309324190623e-06,54058,39168,82555,15783
145493,1.1446100313623148e-05,0.0,3.010876704908847e-09,7.565309324190623e-06,54059,39169,82556,15784
145651,1.1446100313623148e-05,0.0,3.010876704908847e-09,7.565309324190623e-06,54060,39170,82557,15785
146580,1.1446100313623148e-05,0.0,3.010876704908847e-09,7.565309324190623e-06,54061,39171,82558,15786
146700,1.1446100313623148e-05,0.0,3.010876704908847e-09,7.565309324190623e-06,54062,39172,82559,15787
144998,1.1446100313623148e-05,0.0,3.010876704908847e-09,7.565309324190623e-06,54063,39173,82560,15788
144885,1.1446100313623148e-05,0.0,3.010876704908847e-09,7.565309324190623e-06,54064,39174,82561,15789
145078,1.1446100313623148e-05,0.0,3.010876704908847e-09,7.565309324190623e-06,54065,39175,82562,15790
143908,1.1446100313623148e-05,0.0,3.010876704908847e-09,7.565309324190623e-06,54066,39176,82563,15791
146091,1.1446100313623148e-05,0.0,3.010876704908847e-09,7.565309324190623e-06,54067,39177,82564,15792
142763,1.1446100313623148e-05,0.0,3.010876704908847e-09,7.565309324190623e-06,54068,39178,82565,15793
146113,1.1446100313623148e-05,0.0,3.010876704908847e-09,7.565309324190623e-06,54069,39179,82566,15794
144062,1.1446100313623148e-05,0.0,3.010876704908847e-09,7.565309324190623e-06,54070,39180,82567,15795
145975,1.1446100313623148e-05,0.0,3.010876704908847e-09,7.565309324190623e-06,54071,39181,82568,15796
144784,1.1446100313623148e-05,0.0,3.010876704908847e-09,7.565309324190623e-06,54072,39182,82569,15797
144904,1.1446100313623148e-05,0.0,3.010876704908847e-09,7.565309324190623e-06,54073,39183,82570,15798
143679,1.1446100313623148e-05,0.0,3.010876704908847e-09,7.565309324190623e-06,54074,39184,82571,15799
143913,1.1446100313623148e-05,0.0,3.010876704908847e-09,7.565309324190623e-06,54075,39185,82572,15800
142836,1.1446100313623148e-05,0.0,3.010876704908847e-09,7.565309324190623e-06,54076,39186,82573,15801
143644,1.1446100313623148e-05,0.0,3.010876704908847e-09,7.565309324190623e-06,54077,39187,82574,15802
145751,1.1446100313623148e-05,0.0,3.010876704908847e-09,7.565309324190623e-06,54078,39188,82575,15803
146348,1.1446100313623148e-05,0.0,3.010876704908847e-09,7.565309324190623e-06,54079,39189,82576,15804
145372,1.1446100313623148e-05,0.0,3.010876704908847e-09,7.565309324190623e-06,54080,39190,82577,15805
146178,1.1446100313623148e-05,0.0,3.010876704908847e-09,7.565309324190623e-06,54081,39191,82578,15806
145632,1.1446100313623148e-05,0.0,3.010876704908847e-09,7.565309324190623e-06,54082,39192,82579,15807
144692,1.1446100313623148e-05,0.0,3.010876704908847e-09,7.565309324190623e-06,54083,39193,82580,15808
145265,1.1446100313623148e-05,0.0,3.010876704908847e-09,7.565309324190623e-06,54084,39194,82581,15809
145105,1.1446100313623148e-05,0.0,3.010876704908847e-09,7.565309324190623e-06,54085,39195,82582,15810
145434,1.1446100313623148e-05,0.0,3.010876704908847e-09,7.565309324190623e-06,54086,39196,82583,15811
144128,1.1446100313623148e-05,0.0,3.010876704908847e-09,7.565309324190623e-06,54087,39197,82584,15812
145034,1.1446100313623148e-05,0.0,3.010876704908847e-09,7.565309324190623e-06,54088,39198,82585,15813
146265,1.1446100313623148e-05,0.0,3.010876704908847e-09,7.565309324190623e-06,54089,39199,82586,15814
146682,1.1446100313623148e-05,0.0,3.010876704908847e-09,7.565309324190623e-06,54090,39200,82587,15815
144677,1.1446100313623148e-05,0.0,3.010876704908847e-09,7.565309324190623e-06,54091,39201,82588,15816
146498,1.1446100313623148e-05,0.0,3.010876704908847e-09,7.565309324190623e-06,54092,39202,82589,15817
143909,1.1446100313623148e-05,0.0,3.010876704908847e-09,7.565309324190623e-06,54093,39203,82590,15818
145417,1.1446100313623148e-05,0.0,3.010876704908847e-09,7.565309324190623e-06,54094,39204,82591,15819
145760,1.1446100313623148e-05,0.0,3.010876704908847e-09,7.565309324190623e-06,54095,39205,82592,15820
146093,1.1446100313623148e-05,0.0,3.010876704908847e-09,7.565309324190623e-06,54096,39206,82593,15821
144811,1.1446100313623148e-05,0.0,3.010876704908847e-09,7.565309324190623e-06,54097,39207,82594,15822
146669,1.1446100313623148e-05,0.0,3.010876704908847e-09,7.565309324190623e-06,54098,39208,82595,15823
145521,1.1446100313623148e-05,0.0,3.010876704908847e-09,7.565309324190623e-06,54099,39209,82596,15824
146120,1.1446100313623148e-05,0.0,3.010876704908847e-09,7.565309324190623e-06,54100,39210,82597,15825
145842,1.1446100313623148e-05,0.0,3.010876704908847e-09,7.565309324190623e-06,54101,39211,82598,15826
144167,1.1446100313623148e-05,0.0,3.010876704908847e-09,7.565309324190623e-06,54102,39212,82599,15827
143001,1.1446100313623148e-05,0.0,3.010876704908847e-09,7.565309324190623e-06,54103,39213,82600,15828
144458,1.1446100313623148e-05,0.0,3.010876704908847e-09,7.565309324190623e-06,54104,39214,82601,15829
142728,1.1446100313623148e-05,0.0,3.010876704908847e-09,7.565309324190623e-06,54105,39215,82602,15830
144570,1.1446100313623148e-05,0.0,3.010876704908847e-09,7.565309324190623e-06,54106,39216,82603,15831
143661,1.1446100313623148e-05,0.0,3.010876704908847e-09,7.565309324190623e-06,54107,39217,82604,15832
143463,1.1446100313623148e-05,0.0,3.010876704908847e-09,7.565309324190623e-06,54108,39218,82605,15833
146680,1.1446100313623148e-05,0.0,3.010876704908847e-09,7.565309324190623e-06,54109,39219,82606,15834
143039,1.1446100313623148e-05,0.0,3.010876704908847e-09,7.565309324190623e-06,54110,39220,82607,15835
145355,1.1446100313623148e-05,0.0,3.010876704908847e-09,7.565309324190623e-06,54111,39221,82608,15836
145282,1.1446100313623148e-05,0.0,3.010876704908847e-09,7.565309324190623e-06,54112,39222,82609,15837
142950,1.1446100313623148e-05,0.0,3.010876704908847e-09,7.565309324190623e-06,54113,39223,82610,15838
146012,1.1446100313623148e-05,0.0,3.010876704908847e-09,7.565309324190623e-06,54114,39224,82611,15839
145132,1.1446100313623148e-05,0.0,3.010876704908847e-09,7.565309324190623e-06,54115,39225,82612,15840
145128,1.1446100313623148e-05,0.0,3.010876704908847e-09,7.565309324190623e-06,54116,39226,82613,15841
144144,1.1446100313623148e-05,0.0,3.010876704908847e-09,7.565309324190623e-06,54117,39227,82614,15842
143167,1.1446100313623148e-05,0.0,3.010876704908847e-09,7.565309324190623e-06,54118,39228,82615,15843
146627,1.1446100313623148e-05,0.0,3.010876704908847e-09,7.565309324190623e-06,54119,39229,82616,15844
144595,1.1446100313623148e-05,0.0,3.010876704908847e-09,7.565309324190623e-06,54120,39230,82617,15845
144782,1.1446100313623148e-05,0.0,3.010876704908847e-09,7.565309324190623e-06,54121,39231,82618,15846
144734,1.1446100313623148e-05,0.0,3.010876704908847e-09,7.565309324190623e-06,54122,39232,82619,15847
145104,1.1446100313623148e-05,0.0,3.010876704908847e-09,7.565309324190623e-06,54123,39233,82620,15848
143191,1.1446100313623148e-05,0.0,3.010876704908847e-09,7.565309324190623e-06,54124,39234,82621,15849
144228,1.1446100313623148e-05,0.0,3.010876704908847e-09,7.565309324190623e-06,54125,39235,82622,15850
142684,1.1446100313623148e-05,0.0,3.010876704908847e-09,7.565309324190623e-06,54126,39236,82623,15851
144548,1.1446100313623148e-05,0.0,3.010876704908847e-09,7.565309324190623e-06,54127,39237,82624,15852
146484,1.1446100313623148e-05,0.0,3.010876704908847e-09,7.565309324190623e-06,54128,39238,82625,15853
146189,1.1446100313623148e-05,0.0,3.010876704908847e-09,7.565309324190623e-06,54129,39239,82626,15854
145659,1.1446100313623148e-05,0.0,3.010876704908847e-09,7.565309324190623e-06,54130,39240,82627,15855
146152,1.1446100313623148e-05,0.0,3.010876704908847e-09,7.565309324190623e-06,54131,39241,82628,15856
142877,1.1446100313623148e-05,0.0,3.010876704908847e-09,7.565309324190623e-06,54132,39242,82629,15857
145636,1.1446100313623148e-05,0.0,3.010876704908847e-09,7.565309324190623e-06,54133,39243,82630,15858
146635,1.1446100313623148e-05,0.0,3.010876704908847e-09,7.565309324190623e-06,54134,39244,82631,15859
144118,1.1446100313623148e-05,0.0,3.010876704908847e-09,7.565309324190623e-06,54135,39245,82632,15860
145763,1.1446100313623148e-05,0.0,3.010876704908847e-09,7.565309324190623e-06,54136,39246,82633,15861
145591,1.1446100313623148e-05,0.0,3.010876704908847e-09,7.565309324190623e-06,54137,39247,82634,15862
146139,1.1446100313623148e-05,0.0,3.010876704908847e-09,7.565309324190623e-06,54138,39248,82635,15863
144896,1.1446100313623148e-05,0.0,3.010876704908847e-09,7.565309324190623e-06,54139,39249,82636,15864
142676,1.1446100313623148e-05,0.0,3.010876704908847e-09,7.565309324190623e-06,54140,39250,82637,15865
142959,1.1446100313623148e-05,0.0,3.010876704908847e-09,7.565309324190623e-06,54141,39251,82638,15866
145577,1.1446100313623148e-05,0.0,3.010876704908847e-09,7.565309324190623e-06,54142,39252,82639,15867
144196,1.1446100313623148e-05,0.0,3.010876704908847e-09,7.565309324190623e-06,54143,39253,82640,15868
143826,1.1446100313623148e-05,0.0,3.010876704908847e-09,7.565309324190623e-06,54144,39254,82641,15869
144841,1.1446100313623148e-05,0.0,3.010876704908847e-09,7.565309324190623e-06,54145,39255,82642,15870
145020,1.1446100313623148e-05,0.0,3.010876704908847e-09,7.565309324190623e-06,54146,39256,82643,15871
144323,1.1446100313623148e-05,0.0,3.010876704908847e-09,7.565309324190623e-06,54147,39257,82644,15872
142731,1.1446100313623148e-05,0.0,3.010876704908847e-09,7.565309324190623e-06,54148,39258,82645,15873
143525,1.1446100313623148e-05,0.0,3.010876704908847e-09,7.565309324190623e-06,54149,39259,82646,15874
145991,1.1446100313623148e-05,0.0,3.010876704908847e-09,7.565309324190623e-06,54150,39260,82647,15875
145468,1.1446100313623148e-05,0.0,3.010876704908847e-09,7.565309324190623e-06,54151,39261,82648,15876
145459,1.1446100313623148e-05,0.0,3.010876704908847e-09,7.565309324190623e-06,54152,39262,82649,15877
145201,1.1446100313623148e-05,0.0,3.010876704908847e-09,7.565309324190623e-06,54153,39263,82650,15878
143552,1.1446100313623148e-05,0.0,3.010876704908847e-09,7.565309324190623e-06,54154,39264,82651,15879
145724,1.1446100313623148e-05,0.0,3.010876704908847e-09,7.565309324190623e-06,54155,39265,82652,15880
142756,1.1446100313623148e-05,0.0,3.010876704908847e-09,7.565309324190623e-06,54156,39266,82653,15881
142833,1.1446100313623148e-05,0.0,3.010876704908847e-09,7.565309324190623e-06,54157,39267,82654,15882
144345,1.1446100313623148e-05,0.0,3.010876704908847e-09,7.565309324190623e-06,54158,39268,82655,15883
144889,1.1446100313623148e-05,0.0,3.010876704908847e-09,7.565309324190623e-06,54159,39269,82656,15884
145798,1.1446100313623148e-05,0.0,3.010876704908847e-09,7.565309324190623e-06,54160,39270,82657,15885
144149,1.1446100313623148e-05,0.0,3.010876704908847e-09,7.565309324190623e-06,54161,39271,82658,15886
143755,1.1446100313623148e-05,0.0,3.010876704908847e-09,7.565309324190623e-06,54162,39272,82659,15887
145353,1.1446100313623148e-05,0.0,3.010876704908847e-09,7.565309324190623e-06,54163,39273,82660,15888
143329,1.1446100313623148e-05,0.0,3.010876704908847e-09,7.565309324190623e-06,54164,39274,82661,15889
143899,1.1446100313623148e-05,0.0,3.010876704908847e-09,7.565309324190623e-06,54165,39275,82662,15890
143060,1.1446100313623148e-05,0.0,3.010876704908847e-09,7.565309324190623e-06,54166,39276,82663,15891
145619,1.1446100313623148e-05,0.0,3.010876704908847e-09,7.565309324190623e-06,54167,39277,82664,15892
144485,1.1446100313623148e-05,0.0,3.010876704908847e-09,7.565309324190623e-06,54168,39278,82665,15893
143842,1.1446100313623148e-05,0.0,3.010876704908847e-09,7.565309324190623e-06,54169,39279,82666,15894
144193,1.1446100313623148e-05,0.0,3.010876704908847e-09,7.565309324190623e-06,54170,39280,82667,15895
144508,1.1446100313623148e-05,0.0,3.010876704908847e-09,7.565309324190623e-06,54171,39281,82668,15896
143114,1.1446100313623148e-05,0.0,3.010876704908847e-09,7.565309324190623e-06,54172,39282,82669,15897
146142,1.1446100313623148e-05,0.0,3.010876704908847e-09,7.565309324190623e-06,54173,39283,82670,15898
144411,1.1446100313623148e-05,0.0,3.010876704908847e-09,7.565309324190623e-06,54174,39284,82671,15899
144864,1.1446100313623148e-05,0.0,3.010876704908847e-09,7.565309324190623e-06,54175,39285,82672,15900
144076,1.1446100313623148e-05,0.0,3.010876704908847e-09,7.565309324190623e-06,54176,39286,82673,15901
146022,1.1446100313623148e-05,0.0,3.010876704908847e-09,7.565309324190623e-06,54177,39287,82674,15902
145008,1.1446100313623148e-05,0.0,3.010876704908847e-09,7.565309324190623e-06,54178,39288,82675,15903
146406,1.1446100313623148e-05,0.0,3.010876704908847e-09,7.565309324190623e-06,54179,39289,82676,15904
144967,1.1446100313623148e-05,0.0,3.010876704908847e-09,7.565309324190623e-06,54180,39290,82677,15905
145729,1.1446100313623148e-05,0.0,3.010876704908847e-09,7.565309324190623e-06,54181,39291,82678,15906
143250,1.1446100313623148e-05,0.0,3.010876704908847e-09,7.565309324190623e-06,54182,39292,82679,15907
145303,1.1446100313623148e-05,0.0,3.010876704908847e-09,7.565309324190623e-06,54183,39293,82680,15908
145365,1.1446100313623148e-05,0.0,3.010876704908847e-09,7.565309324190623e-06,54184,39294,82681,15909
145935,1.1446100313623148e-05,0.0,3.010876704908847e-09,7.565309324190623e-06,54185,39295,82682,15910
146493,1.1446100313623148e-05,0.0,3.010876704908847e-09,7.565309324190623e-06,54186,39296,82683,15911
143926,1.1446100313623148e-05,0.0,3.010876704908847e-09,7.565309324190623e-06,54187,39297,82684,15912
145916,1.1446100313623148e-05,0.0,3.010876704908847e-09,7.565309324190623e-06,54188,39298,82685,15913
145151,1.1446100313623148e-05,0.0,3.010876704908847e-09,7.565309324190623e-06,54189,39299,82686,15914
144032,1.1446100313623148e-05,0.0,3.010876704908847e-09,7.565309324190623e-06,54190,39300,82687,15915
143851,1.1446100313623148e-05,0.0,3.010876704908847e-09,7.565309324190623e-06,54191,39301,82688,15916
143038,1.1446100313623148e-05,0.0,3.010876704908847e-09,7.565309324190623e-06,54192,39302,82689,15917
146450,1.1446100313623148e-05,0.0,3.010876704908847e-09,7.565309324190623e-06,54193,39303,82690,15918
143556,1.1446100313623148e-05,0.0,3.010876704908847e-09,7.565309324190623e-06,54194,39304,82691,15919
146739,1.1446100313623148e-05,0.0,3.010876704908847e-09,7.565309324190623e-06,54195,39305,82692,15920
144025,1.1446100313623148e-05,0.0,3.010876704908847e-09,7.565309324190623e-06,54196,39306,82693,15921
145466,1.1446100313623148e-05,0.0,3.010876704908847e-09,7.565309324190623e-06,54197,39307,82694,15922
144330,1.1446100313623148e-05,0.0,3.010876704908847e-09,7.565309324190623e-06,54198,39308,82695,15923
146618,1.1446100313623148e-05,0.0,3.010876704908847e-09,7.565309324190623e-06,54199,39309,82696,15924
142829,1.1446100313623148e-05,0.0,3.010876704908847e-09,7.565309324190623e-06,54200,39310,82697,15925
142772,1.1446100313623148e-05,0.0,3.010876704908847e-09,7.565309324190623e-06,54201,39311,82698,15926
144895,1.1446100313623148e-05,0.0,3.010876704908847e-09,7.565309324190623e-06,54202,39312,82699,15927
146423,1.1446100313623148e-05,0.0,3.010876704908847e-09,7.565309324190623e-06,54203,39313,82700,15928
145976,1.1446100313623148e-05,0.0,3.010876704908847e-09,7.565309324190623e-06,54204,39314,82701,15929
145415,1.1446100313623148e-05,0.0,3.010876704908847e-09,7.565309324190623e-06,54205,39315,82702,15930
144089,1.1446100313623148e-05,0.0,3.010876704908847e-09,7.565309324190623e-06,54206,39316,82703,15931
145952,1.1446100313623148e-05,0.0,3.010876704908847e-09,7.565309324190623e-06,54207,39317,82704,15932
144657,1.1446100313623148e-05,0.0,3.010876704908847e-09,7.565309324190623e-06,54208,39318,82705,15933
143680,1.1446100313623148e-05,0.0,3.010876704908847e-09,7.565309324190623e-06,54209,39319,82706,15934
143232,1.1446100313623148e-05,0.0,3.010876704908847e-09,7.565309324190623e-06,54210,39320,82707,15935
145630,1.1446100313623148e-05,0.0,3.010876704908847e-09,7.565309324190623e-06,54211,39321,82708,15936
144017,1.1446100313623148e-05,0.0,3.010876704908847e-09,7.565309324190623e-06,54212,39322,82709,15937
144506,1.1446100313623148e-05,0.0,3.010876704908847e-09,7.565309324190623e-06,54213,39323,82710,15938
145200,1.1446100313623148e-05,0.0,3.010876704908847e-09,7.565309324190623e-06,54214,39324,82711,15939
145032,1.1446100313623148e-05,0.0,3.010876704908847e-09,7.565309324190623e-06,54215,39325,82712,15940
144671,1.1446100313623148e-05,0.0,3.010876704908847e-09,7.565309324190623e-06,54216,39326,82713,15941
144759,1.1446100313623148e-05,0.0,3.010876704908847e-09,7.565309324190623e-06,54217,39327,82714,15942
144577,1.1446100313623148e-05,0.0,3.010876704908847e-09,7.565309324190623e-06,54218,39328,82715,15943
144198,1.1446100313623148e-05,0.0,3.010876704908847e-09,7.565309324190623e-06,54219,39329,82716,15944
144544,1.1446100313623148e-05,0.0,3.010876704908847e-09,7.565309324190623e-06,54220,39330,82717,15945
142780,1.1446100313623148e-05,0.0,3.010876704908847e-09,7.565309324190623e-06,54221,39331,82718,15946
143961,1.1446100313623148e-05,0.0,3.010876704908847e-09,7.565309324190623e-06,54222,39332,82719,15947
145357,1.1446100313623148e-05,0.0,3.010876704908847e-09,7.565309324190623e-06,54223,39333,82720,15948
144602,1.1446100313623148e-05,0.0,3.010876704908847e-09,7.565309324190623e-06,54224,39334,82721,15949
143575,1.1446100313623148e-05,0.0,3.010876704908847e-09,7.565309324190623e-06,54225,39335,82722,15950
143393,1.1446100313623148e-05,0.0,3.010876704908847e-09,7.565309324190623e-06,54226,39336,82723,15951
144711,1.1446100313623148e-05,0.0,3.010876704908847e-09,7.565309324190623e-06,54227,39337,82724,15952
146202,1.1446100313623148e-05,0.0,3.010876704908847e-09,7.565309324190623e-06,54228,39338,82725,15953
145304,1.1446100313623148e-05,0.0,3.010876704908847e-09,7.565309324190623e-06,54229,39339,82726,15954
144767,1.1446100313623148e-05,0.0,3.010876704908847e-09,7.565309324190623e-06,54230,39340,82727,15955
146066,1.1446100313623148e-05,0.0,3.010876704908847e-09,7.565309324190623e-06,54231,39341,82728,15956
146148,1.1446100313623148e-05,0.0,3.010876704908847e-09,7.565309324190623e-06,54232,39342,82729,15957
145209,1.1446100313623148e-05,0.0,3.010876704908847e-09,7.565309324190623e-06,54233,39343,82730,15958
145430,1.1446100313623148e-05,0.0,3.010876704908847e-09,7.565309324190623e-06,54234,39344,82731,15959
146269,1.1446100313623148e-05,0.0,3.010876704908847e-09,7.565309324190623e-06,54235,39345,82732,15960
146289,1.1446100313623148e-05,0.0,3.010876704908847e-09,7.565309324190623e-06,54236,39346,82733,15961
146533,1.1446100313623148e-05,0.0,3.010876704908847e-09,7.565309324190623e-06,54237,39347,82734,15962
144152,1.1446100313623148e-05,0.0,3.010876704908847e-09,7.565309324190623e-06,54238,39348,82735,15963
145381,1.1446100313623148e-05,0.0,3.010876704908847e-09,7.565309324190623e-06,54239,39349,82736,15964
145223,1.1446100313623148e-05,0.0,3.010876704908847e-09,7.565309324190623e-06,54240,39350,82737,15965
144775,1.1446100313623148e-05,0.0,3.010876704908847e-09,7.565309324190623e-06,54241,39351,82738,15966
143059,1.1446100313623148e-05,0.0,3.010876704908847e-09,7.565309324190623e-06,54242,39352,82739,15967
143443,1.1446100313623148e-05,0.0,3.010876704908847e-09,7.565309324190623e-06,54243,39353,82740,15968
143736,1.1446100313623148e-05,0.0,3.010876704908847e-09,7.565309324190623e-06,54244,39354,82741,15969
142937,1.1446100313623148e-05,0.0,3.010876704908847e-09,7.565309324190623e-06,54245,39355,82742,15970
144045,1.1446100313623148e-05,0.0,3.010876704908847e-09,7.565309324190623e-06,54246,39356,82743,15971
144684,1.1446100313623148e-05,0.0,3.010876704908847e-09,7.565309324190623e-06,54247,39357,82744,15972
145817,1.1446100313623148e-05,0.0,3.010876704908847e-09,7.565309324190623e-06,54248,39358,82745,15973
143774,1.1446100313623148e-05,0.0,3.010876704908847e-09,7.565309324190623e-06,54249,39359,82746,15974
145722,1.1446100313623148e-05,0.0,3.010876704908847e-09,7.565309324190623e-06,54250,39360,82747,15975
143033,1.1446100313623148e-05,0.0,3.010876704908847e-09,7.565309324190623e-06,54251,39361,82748,15976
143835,1.1446100313623148e-05,0.0,3.010876704908847e-09,7.565309324190623e-06,54252,39362,82749,15977
145049,1.1446100313623148e-05,0.0,3.010876704908847e-09,7.565309324190623e-06,54253,39363,82750,15978
143813,1.1446100313623148e-05,0.0,3.010876704908847e-09,7.565309324190623e-06,54254,39364,82751,15979
143249,1.1446100313623148e-05,0.0,3.010876704908847e-09,7.565309324190623e-06,54255,39365,82752,15980
146608,1.1446100313623148e-05,0.0,3.010876704908847e-09,7.565309324190623e-06,54256,39366,82753,15981
143342,1.1446100313623148e-05,0.0,3.010876704908847e-09,7.565309324190623e-06,54257,39367,82754,15982
143053,1.1446100313623148e-05,0.0,3.010876704908847e-09,7.565309324190623e-06,54258,39368,82755,15983
144631,1.1446100313623148e-05,0.0,3.010876704908847e-09,7.565309324190623e-06,54259,39369,82756,15984
142788,1.1446100313623148e-05,0.0,3.010876704908847e-09,7.565309324190623e-06,54260,39370,82757,15985
146379,1.1446100313623148e-05,0.0,3.010876704908847e-09,7.565309324190623e-06,54261,39371,82758,15986
145089,1.1446100313623148e-05,0.0,3.010876704908847e-09,7.565309324190623e-06,54262,39372,82759,15987
143072,1.1446100313623148e-05,0.0,3.010876704908847e-09,7.565309324190623e-06,54263,39373,82760,15988
145578,1.1446100313623148e-05,0.0,3.010876704908847e-09,7.565309324190623e-06,54264,39374,82761,15989
144229,1.1446100313623148e-05,0.0,3.010876704908847e-09,7.565309324190623e-06,54265,39375,82762,15990
144592,1.1446100313623148e-05,0.0,3.010876704908847e-09,7.565309324190623e-06,54266,39376,82763,15991
146713,1.1446100313623148e-05,0.0,3.010876704908847e-09,7.565309324190623e-06,54267,39377,82764,15992
145525,1.1446100313623148e-05,0.0,3.010876704908847e-09,7.565309324190623e-06,54268,39378,82765,15993
146230,1.1446100313623148e-05,0.0,3.010876704908847e-09,7.565309324190623e-06,54269,39379,82766,15994
143571,1.1446100313623148e-05,0.0,3.010876704908847e-09,7.565309324190623e-06,54270,39380,82767,15995
144210,1.1446100313623148e-05,0.0,3.010876704908847e-09,7.565309324190623e-06,54271,39381,82768,15996
146262,1.1446100313623148e-05,0.0,3.010876704908847e-09,7.565309324190623e-06,54272,39382,82769,15997
146571,1.1446100313623148e-05,0.0,3.010876704908847e-09,7.565309324190623e-06,54273,39383,82770,15998
146305,1.1446100313623148e-05,0.0,3.010876704908847e-09,7.565309324190623e-06,54274,39384,82771,15999
143743,1.1446100313623148e-05,0.0,3.010876704908847e-09,7.565309324190623e-06,54275,39385,82772,16000
146119,1.1446100313623148e-05,0.0,3.010876704908847e-09,7.565309324190623e-06,54276,39386,82773,16001
145188,1.1446100313623148e-05,0.0,3.010876704908847e-09,7.565309324190623e-06,54277,39387,82774,16002
143877,1.1446100313623148e-05,0.0,3.010876704908847e-09,7.565309324190623e-06,54278,39388,82775,16003
143713,1.1446100313623148e-05,0.0,3.010876704908847e-09,7.565309324190623e-06,54279,39389,82776,16004
145524,1.1446100313623148e-05,0.0,3.010876704908847e-09,7.565309324190623e-06,54280,39390,82777,16005
146298,1.1446100313623148e-05,0.0,3.010876704908847e-09,7.565309324190623e-06,54281,39391,82778,16006
146288,1.1446100313623148e-05,0.0,3.010876704908847e-09,7.565309324190623e-06,54282,39392,82779,16007
143277,1.1446100313623148e-05,0.0,3.010876704908847e-09,7.565309324190623e-06,54283,39393,82780,16008
144742,1.1446100313623148e-05,0.0,3.010876704908847e-09,7.565309324190623e-06,54284,39394,82781,16009
145706,1.1446100313623148e-05,0.0,3.010876704908847e-09,7.565309324190623e-06,54285,39395,82782,16010
146102,1.1446100313623148e-05,0.0,3.010876704908847e-09,7.565309324190623e-06,54286,39396,82783,16011
145795,1.1446100313623148e-05,0.0,3.010876704908847e-09,7.565309324190623e-06,54287,39397,82784,16012
144675,1.1446100313623148e-05,0.0,3.010876704908847e-09,7.565309324190623e-06,54288,39398,82785,16013
144814,1.1446100313623148e-05,0.0,3.010876704908847e-09,7.565309324190623e-06,54289,39399,82786,16014
145435,1.1446100313623148e-05,0.0,3.010876704908847e-09,7.565309324190623e-06,54290,39400,82787,16015
144155,1.1446100313623148e-05,0.0,3.010876704908847e-09,7.565309324190623e-06,54291,39401,82788,16016
143629,1.1446100313623148e-05,0.0,3.010876704908847e-09,7.565309324190623e-06,54292,39402,82789,16017
144908,1.1446100313623148e-05,0.0,3.010876704908847e-09,7.565309324190623e-06,54293,39403,82790,16018
146323,1.1446100313623148e-05,0.0,3.010876704908847e-09,7.565309324190623e-06,54294,39404,82791,16019
143145,1.1446100313623148e-05,0.0,3.010876704908847e-09,7.565309324190623e-06,54295,39405,82792,16020
143301,1.1446100313623148e-05,0.0,3.010876704908847e-09,7.565309324190623e-06,54296,39406,82793,16021
142980,1.1446100313623148e-05,0.0,3.010876704908847e-09,7.565309324190623e-06,54297,39407,82794,16022
142720,1.1446100313623148e-05,0.0,3.010876704908847e-09,7.565309324190623e-06,54298,39408,82795,16023
146512,1.1446100313623148e-05,0.0,3.010876704908847e-09,7.565309324190623e-06,54299,39409,82796,16024
145563,1.1446100313623148e-05,0.0,3.010876704908847e-09,7.565309324190623e-06,54300,39410,82797,16025
145301,1.1446100313623148e-05,0.0,3.010876704908847e-09,7.565309324190623e-06,54301,39411,82798,16026
145177,1.1446100313623148e-05,0.0,3.010876704908847e-09,7.565309324190623e-06,54302,39412,82799,16027
143735,1.1446100313623148e-05,0.0,3.010876704908847e-09,7.565309324190623e-06,54303,39413,82800,16028
145026,1.1446100313623148e-05,0.0,3.010876704908847e-09,7.565309324190623e-06,54304,39414,82801,16029
143321,1.1446100313623148e-05,0.0,3.010876704908847e-09,7.565309324190623e-06,54305,39415,82802,16030
142753,1.1446100313623148e-05,0.0,3.010876704908847e-09,7.565309324190623e-06,54306,39416,82803,16031
145467,1.1446100313623148e-05,0.0,3.010876704908847e-09,7.565309324190623e-06,54307,39417,82804,16032
146026,1.1446100313623148e-05,0.0,3.010876704908847e-09,7.565309324190623e-06,54308,39418,82805,16033
145124,1.1446100313623148e-05,0.0,3.010876704908847e-09,7.565309324190623e-06,54309,39419,82806,16034
145172,1.1446100313623148e-05,0.0,3.010876704908847e-09,7.565309324190623e-06,54310,39420,82807,16035
144626,1.1446100313623148e-05,0.0,3.010876704908847e-09,7.565309324190623e-06,54311,39421,82808,16036
144093,1.1446100313623148e-05,0.0,3.010876704908847e-09,7.565309324190623e-06,54312,39422,82809,16037
146000,1.1446100313623148e-05,0.0,3.010876704908847e-09,7.565309324190623e-06,54313,39423,82810,16038
144981,1.1446100313623148e-05,0.0,3.010876704908847e-09,7.565309324190623e-06,54314,39424,82811,16039
146165,1.1446100313623148e-05,0.0,3.010876704908847e-09,7.565309324190623e-06,54315,39425,82812,16040
146027,1.1446100313623148e-05,0.0,3.010876704908847e-09,7.565309324190623e-06,54316,39426,82813,16041
146728,1.1446100313623148e-05,0.0,3.010876704908847e-09,7.565309324190623e-06,54317,39427,82814,16042
145474,1.1446100313623148e-05,0.0,3.010876704908847e-09,7.565309324190623e-06,54318,39428,82815,16043
145652,1.1446100313623148e-05,0.0,3.010876704908847e-09,7.565309324190623e-06,54319,39429,82816,16044
144795,1.1446100313623148e-05,0.0,3.010876704908847e-09,7.565309324190623e-06,54320,39430,82817,16045
145544,1.1446100313623148e-05,0.0,3.010876704908847e-09,7.565309324190623e-06,54321,39431,82818,16046
145967,1.1446100313623148e-05,0.0,3.010876704908847e-09,7.565309324190623e-06,54322,39432,82819,16047
145160,1.1446100313623148e-05,0.0,3.010876704908847e-09,7.565309324190623e-06,54323,39433,82820,16048
144752,1.1446100313623148e-05,0.0,3.010876704908847e-09,7.565309324190623e-06,54324,39434,82821,16049
144000,1.1446100313623148e-05,0.0,3.010876704908847e-09,7.565309324190623e-06,54325,39435,82822,16050
145004,1.1446100313623148e-05,0.0,3.010876704908847e-09,7.565309324190623e-06,54326,39436,82823,16051
143717,1.1446100313623148e-05,0.0,3.010876704908847e-09,7.565309324190623e-06,54327,39437,82824,16052
146548,1.1446100313623148e-05,0.0,3.010876704908847e-09,7.565309324190623e-06,54328,39438,82825,16053
143372,1.1446100313623148e-05,0.0,3.010876704908847e-09,7.565309324190623e-06,54329,39439,82826,16054
145436,1.1446100313623148e-05,0.0,3.010876704908847e-09,7.565309324190623e-06,54330,39440,82827,16055
145182,1.1446100313623148e-05,0.0,3.010876704908847e-09,7.565309324190623e-06,54331,39441,82828,16056
143007,1.1446100313623148e-05,0.0,3.010876704908847e-09,7.565309324190623e-06,54332,39442,82829,16057
145476,1.1446100313623148e-05,0.0,3.010876704908847e-09,7.565309324190623e-06,54333,39443,82830,16058
144834,1.1446100313623148e-05,0.0,3.010876704908847e-09,7.565309324190623e-06,54334,39444,82831,16059
143711,1.1446100313623148e-05,0.0,3.010876704908847e-09,7.565309324190623e-06,54335,39445,82832,16060
143075,1.1446100313623148e-05,0.0,3.010876704908847e-09,7.565309324190623e-06,54336,39446,82833,16061
144016,1.1446100313623148e-05,0.0,3.010876704908847e-09,7.565309324190623e-06,54337,39447,82834,16062
144956,1.1446100313623148e-05,0.0,3.010876704908847e-09,7.565309324190623e-06,54338,39448,82835,16063
145418,1.1446100313623148e-05,0.0,3.010876704908847e-09,7.565309324190623e-06,54339,39449,82836,16064
146683,1.1446100313623148e-05,0.0,3.010876704908847e-09,7.565309324190623e-06,54340,39450,82837,16065
144022,1.1446100313623148e-05,0.0,3.010876704908847e-09,7.565309324190623e-06,54341,39451,82838,16066
143002,1.1446100313623148e-05,0.0,3.010876704908847e-09,7.565309324190623e-06,54342,39452,82839,16067
143829,1.1446100313623148e-05,0.0,3.010876704908847e-09,7.565309324190623e-06,54343,39453,82840,16068
145423,1.1446100313623148e-05,0.0,3.010876704908847e-09,7.565309324190623e-06,54344,39454,82841,16069
145152,1.1446100313623148e-05,0.0,3.010876704908847e-09,7.565309324190623e-06,54345,39455,82842,16070
146293,1.1446100313623148e-05,0.0,3.010876704908847e-09,7.565309324190623e-06,54346,39456,82843,16071
142799,1.1446100313623148e-05,0.0,3.010876704908847e-09,7.565309324190623e-06,54347,39457,82844,16072
146411,1.1446100313623148e-05,0.0,3.010876704908847e-09,7.565309324190623e-06,54348,39458,82845,16073
143620,1.1446100313623148e-05,0.0,3.010876704908847e-09,7.565309324190623e-06,54349,39459,82846,16074
144861,1.1446100313623148e-05,0.0,3.010876704908847e-09,7.565309324190623e-06,54350,39460,82847,16075
145880,1.1446100313623148e-05,0.0,3.010876704908847e-09,7.565309324190623e-06,54351,39461,82848,16076
142885,1.1446100313623148e-05,0.0,3.010876704908847e-09,7.565309324190623e-06,54352,39462,82849,16077
146483,1.1446100313623148e-05,0.0,3.010876704908847e-09,7.565309324190623e-06,54353,39463,82850,16078
144738,1.1446100313623148e-05,0.0,3.010876704908847e-09,7.565309324190623e-06,54354,39464,82851,16079
144966,1.1446100313623148e-05,0.0,3.010876704908847e-09,7.565309324190623e-06,54355,39465,82852,16080
145548,1.1446100313623148e-05,0.0,3.010876704908847e-09,7.565309324190623e-06,54356,39466,82853,16081
146737,1.1446100313623148e-05,0.0,3.010876704908847e-09,7.565309324190623e-06,54357,39467,82854,16082
143982,1.1446100313623148e-05,0.0,3.010876704908847e-09,7.565309324190623e-06,54358,39468,82855,16083
143222,1.1446100313623148e-05,0.0,3.010876704908847e-09,7.565309324190623e-06,54359,39469,82856,16084
142675,1.1446100313623148e-05,0.0,3.010876704908847e-09,7.565309324190623e-06,54360,39470,82857,16085
145346,1.1446100313623148e-05,0.0,3.010876704908847e-09,7.565309324190623e-06,54361,39471,82858,16086
144616,1.1446100313623148e-05,0.0,3.010876704908847e-09,7.565309324190623e-06,54362,39472,82859,16087
145162,1.1446100313623148e-05,0.0,3.010876704908847e-09,7.565309324190623e-06,54363,39473,82860,16088
145937,1.1446100313623148e-05,0.0,3.010876704908847e-09,7.565309324190623e-06,54364,39474,82861,16089
146478,1.1446100313623148e-05,0.0,3.010876704908847e-09,7.565309324190623e-06,54365,39475,82862,16090
145191,1.1446100313623148e-05,0.0,3.010876704908847e-09,7.565309324190623e-06,54366,39476,82863,16091
145780,1.1446100313623148e-05,0.0,3.010876704908847e-09,7.565309324190623e-06,54367,39477,82864,16092
142881,1.1446100313623148e-05,0.0,3.010876704908847e-09,7.565309324190623e-06,54368,39478,82865,16093
146090,1.1446100313623148e-05,0.0,3.010876704908847e-09,7.565309324190623e-06,54369,39479,82866,16094
145186,1.1446100313623148e-05,0.0,3.010876704908847e-09,7.565309324190623e-06,54370,39480,82867,16095
144237,1.1446100313623148e-05,0.0,3.010876704908847e-09,7.565309324190623e-06,54371,39481,82868,16096
144980,1.1446100313623148e-05,0.0,3.010876704908847e-09,7.565309324190623e-06,54372,39482,82869,16097
146418,1.1446100313623148e-05,0.0,3.010876704908847e-09,7.565309324190623e-06,54373,39483,82870,16098
143509,1.1446100313623148e-05,0.0,3.010876704908847e-09,7.565309324190623e-06,54374,39484,82871,16099
144341,1.1446100313623148e-05,0.0,3.010876704908847e-09,7.565309324190623e-06,54375,39485,82872,16100
144719,1.1446100313623148e-05,0.0,3.010876704908847e-09,7.565309324190623e-06,54376,39486,82873,16101
142847,1.1446100313623148e-05,0.0,3.010876704908847e-09,7.565309324190623e-06,54377,39487,82874,16102
143406,1.1446100313623148e-05,0.0,3.010876704908847e-09,7.565309324190623e-06,54378,39488,82875,16103
143474,1.1446100313623148e-05,0.0,3.010876704908847e-09,7.565309324190623e-06,54379,39489,82876,16104
144052,1.1446100313623148e-05,0.0,3.010876704908847e-09,7.565309324190623e-06,54380,39490,82877,16105
145181,1.1446100313623148e-05,0.0,3.010876704908847e-09,7.565309324190623e-06,54381,39491,82878,16106
145214,1.1446100313623148e-05,0.0,3.010876704908847e-09,7.565309324190623e-06,54382,39492,82879,16107
145424,1.1446100313623148e-05,0.0,3.010876704908847e-09,7.565309324190623e-06,54383,39493,82880,16108
143876,1.1446100313623148e-05,0.0,3.010876704908847e-09,7.565309324190623e-06,54384,39494,82881,16109
145772,1.1446100313623148e-05,0.0,3.010876704908847e-09,7.565309324190623e-06,54385,39495,82882,16110
144426,1.1446100313623148e-05,0.0,3.010876704908847e-09,7.565309324190623e-06,54386,39496,82883,16111
142671,1.1446100313623148e-05,0.0,3.010876704908847e-09,7.565309324190623e-06,54387,39497,82884,16112
144305,1.1446100313623148e-05,0.0,3.010876704908847e-09,7.565309324190623e-06,54388,39498,82885,16113
146054,1.1446100313623148e-05,0.0,3.010876704908847e-09,7.565309324190623e-06,54389,39499,82886,16114
143836,1.1446100313623148e-05,0.0,3.010876704908847e-09,7.565309324190623e-06,54390,39500,82887,16115
145608,1.1446100313623148e-05,0.0,3.010876704908847e-09,7.565309324190623e-06,54391,39501,82888,16116
143715,1.1446100313623148e-05,0.0,3.010876704908847e-09,7.565309324190623e-06,54392,39502,82889,16117
142911,1.1446100313623148e-05,0.0,3.010876704908847e-09,7.565309324190623e-06,54393,39503,82890,16118
145716,1.1446100313623148e-05,0.0,3.010876704908847e-09,7.565309324190623e-06,54394,39504,82891,16119
145685,1.1446100313623148e-05,0.0,3.010876704908847e-09,7.565309324190623e-06,54395,39505,82892,16120
144989,1.1446100313623148e-05,0.0,3.010876704908847e-09,7.565309324190623e-06,54396,39506,82893,16121
146238,1.1446100313623148e-05,0.0,3.010876704908847e-09,7.565309324190623e-06,54397,39507,82894,16122
143020,1.1446100313623148e-05,0.0,3.010876704908847e-09,7.565309324190623e-06,54398,39508,82895,16123
143311,1.1446100313623148e-05,0.0,3.010876704908847e-09,7.565309324190623e-06,54399,39509,82896,16124
145769,1.1446100313623148e-05,0.0,3.010876704908847e-09,7.565309324190623e-06,54400,39510,82897,16125
143949,1.1446100313623148e-05,0.0,3.010876704908847e-09,7.565309324190623e-06,54401,39511,82898,16126
144209,1.1446100313623148e-05,0.0,3.010876704908847e-09,7.565309324190623e-06,54402,39512,82899,16127
146153,1.1446100313623148e-05,0.0,3.010876704908847e-09,7.565309324190623e-06,54403,39513,82900,16128
146329,1.1446100313623148e-05,0.0,3.010876704908847e-09,7.565309324190623e-06,54404,39514,82901,16129
144204,1.1446100313623148e-05,0.0,3.010876704908847e-09,7.565309324190623e-06,54405,39515,82902,16130
145341,1.1446100313623148e-05,0.0,3.010876704908847e-09,7.565309324190623e-06,54406,39516,82903,16131
145141,1.1446100313623148e-05,0.0,3.010876704908847e-09,7.565309324190623e-06,54407,39517,82904,16132
145670,1.1446100313623148e-05,0.0,3.010876704908847e-09,7.565309324190623e-06,54408,39518,82905,16133
145367,1.1446100313623148e-05,0.0,3.010876704908847e-09,7.565309324190623e-06,54409,39519,82906,16134
144796,1.1446100313623148e-05,0.0,3.010876704908847e-09,7.565309324190623e-06,54410,39520,82907,16135
146581,1.1446100313623148e-05,0.0,3.010876704908847e-09,7.565309324190623e-06,54411,39521,82908,16136
144235,1.1446100313623148e-05,0.0,3.010876704908847e-09,7.565309324190623e-06,54412,39522,82909,16137
146273,1.1446100313623148e-05,0.0,3.010876704908847e-09,7.565309324190623e-06,54413,39523,82910,16138
144135,1.1446100313623148e-05,0.0,3.010876704908847e-09,7.565309324190623e-06,54414,39524,82911,16139
146118,1.1446100313623148e-05,0.0,3.010876704908847e-09,7.565309324190623e-06,54415,39525,82912,16140
145213,1.1446100313623148e-05,0.0,3.010876704908847e-09,7.565309324190623e-06,54416,39526,82913,16141
145891,1.1446100313623148e-05,0.0,3.010876704908847e-09,7.565309324190623e-06,54417,39527,82914,16142
145747,1.1446100313623148e-05,0.0,3.010876704908847e-09,7.565309324190623e-06,54418,39528,82915,16143
143149,1.1446100313623148e-05,0.0,3.010876704908847e-09,7.565309324190623e-06,54419,39529,82916,16144
146653,1.1446100313623148e-05,0.0,3.010876704908847e-09,7.565309324190623e-06,54420,39530,82917,16145
142860,1.1446100313623148e-05,0.0,3.010876704908847e-09,7.565309324190623e-06,54421,39531,82918,16146
146095,1.1446100313623148e-05,0.0,3.010876704908847e-09,7.565309324190623e-06,54422,39532,82919,16147
146616,1.1446100313623148e-05,0.0,3.010876704908847e-09,7.565309324190623e-06,54423,39533,82920,16148
145600,1.1446100313623148e-05,0.0,3.010876704908847e-09,7.565309324190623e-06,54424,39534,82921,16149
145943,1.1446100313623148e-05,0.0,3.010876704908847e-09,7.565309324190623e-06,54425,39535,82922,16150
146335,1.1446100313623148e-05,0.0,3.010876704908847e-09,7.565309324190623e-06,54426,39536,82923,16151
144294,1.1446100313623148e-05,0.0,3.010876704908847e-09,7.565309324190623e-06,54427,39537,82924,16152
146742,1.1446100313623148e-05,0.0,3.010876704908847e-09,7.565309324190623e-06,54428,39538,82925,16153
144607,1.1446100313623148e-05,0.0,3.010876704908847e-09,7.565309324190623e-06,54429,39539,82926,16154
144476,1.1446100313623148e-05,0.0,3.010876704908847e-09,7.565309324190623e-06,54430,39540,82927,16155
146464,1.1446100313623148e-05,0.0,3.010876704908847e-09,7.565309324190623e-06,54431,39541,82928,16156
145956,1.1446100313623148e-05,0.0,3.010876704908847e-09,7.565309324190623e-06,54432,39542,82929,16157
143276,1.1446100313623148e-05,0.0,3.010876704908847e-09,7.565309324190623e-06,54433,39543,82930,16158
143065,1.1446100313623148e-05,0.0,3.010876704908847e-09,7.565309324190623e-06,54434,39544,82931,16159
146462,1.1446100313623148e-05,0.0,3.010876704908847e-09,7.565309324190623e-06,54435,39545,82932,16160
144374,1.1446100313623148e-05,0.0,3.010876704908847e-09,7.565309324190623e-06,54436,39546,82933,16161
142702,1.1446100313623148e-05,0.0,3.010876704908847e-09,7.565309324190623e-06,54437,39547,82934,16162
144010,1.1446100313623148e-05,0.0,3.010876704908847e-09,7.565309324190623e-06,54438,39548,82935,16163
145179,1.1446100313623148e-05,0.0,3.010876704908847e-09,7.565309324190623e-06,54439,39549,82936,16164
146681,1.1446100313623148e-05,0.0,3.010876704908847e-09,7.565309324190623e-06,54440,39550,82937,16165
142866,1.1446100313623148e-05,0.0,3.010876704908847e-09,7.565309324190623e-06,54441,39551,82938,16166
145846,1.1446100313623148e-05,0.0,3.010876704908847e-09,7.565309324190623e-06,54442,39552,82939,16167
145076,1.1446100313623148e-05,0.0,3.010876704908847e-09,7.565309324190623e-06,54443,39553,82940,16168
142759,1.1446100313623148e-05,0.0,3.010876704908847e-09,7.565309324190623e-06,54444,39554,82941,16169
144441,1.1446100313623148e-05,0.0,3.010876704908847e-09,7.565309324190623e-06,54445,39555,82942,16170
146044,1.1446100313623148e-05,0.0,3.010876704908847e-09,7.565309324190623e-06,54446,39556,82943,16171
144432,1.1446100313623148e-05,0.0,3.010876704908847e-09,7.565309324190623e-06,54447,39557,82944,16172
146249,1.1446100313623148e-05,0.0,3.010876704908847e-09,7.565309324190623e-06,54448,39558,82945,16173
142714,1.1446100313623148e-05,0.0,3.010876704908847e-09,7.565309324190623e-06,54449,39559,82946,16174
146052,1.1446100313623148e-05,0.0,3.010876704908847e-09,7.565309324190623e-06,54450,39560,82947,16175
144448,1.1446100313623148e-05,0.0,3.010876704908847e-09,7.565309324190623e-06,54451,39561,82948,16176
146196,1.1446100313623148e-05,0.0,3.010876704908847e-09,7.565309324190623e-06,54452,39562,82949,16177
143808,1.1446100313623148e-05,0.0,3.010876704908847e-09,7.565309324190623e-06,54453,39563,82950,16178
143952,1.1446100313623148e-05,0.0,3.010876704908847e-09,7.565309324190623e-06,54454,39564,82951,16179
143025,1.1446100313623148e-05,0.0,3.010876704908847e-09,7.565309324190623e-06,54455,39565,82952,16180
143692,1.1446100313623148e-05,0.0,3.010876704908847e-09,7.565309324190623e-06,54456,39566,82953,16181
144336,1.1446100313623148e-05,0.0,3.010876704908847e-09,7.565309324190623e-06,54457,39567,82954,16182
145109,1.1446100313623148e-05,0.0,3.010876704908847e-09,7.565309324190623e-06,54458,39568,82955,16183
144451,1.1446100313623148e-05,0.0,3.010876704908847e-09,7.565309324190623e-06,54459,39569,82956,16184
146083,1.1446100313623148e-05,0.0,3.010876704908847e-09,7.565309324190623e-06,54460,39570,82957,16185
142974,1.1446100313623148e-05,0.0,3.010876704908847e-09,7.565309324190623e-06,54461,39571,82958,16186
146719,1.1446100313623148e-05,0.0,3.010876704908847e-09,7.565309324190623e-06,54462,39572,82959,16187
145183,1.1446100313623148e-05,0.0,3.010876704908847e-09,7.565309324190623e-06,54463,39573,82960,16188
144524,1.1446100313623148e-05,0.0,3.010876704908847e-09,7.565309324190623e-06,54464,39574,82961,16189
142783,1.1446100313623148e-05,0.0,3.010876704908847e-09,7.565309324190623e-06,54465,39575,82962,16190
143180,1.1446100313623148e-05,0.0,3.010876704908847e-09,7.565309324190623e-06,54466,39576,82963,16191
143028,1.1446100313623148e-05,0.0,3.010876704908847e-09,7.565309324190623e-06,54467,39577,82964,16192
145190,1.1446100313623148e-05,0.0,3.010876704908847e-09,7.565309324190623e-06,54468,39578,82965,16193
143610,1.1446100313623148e-05,0.0,3.010876704908847e-09,7.565309324190623e-06,54469,39579,82966,16194
143411,1.1446100313623148e-05,0.0,3.010876704908847e-09,7.565309324190623e-06,54470,39580,82967,16195
144308,1.1446100313623148e-05,0.0,3.010876704908847e-09,7.565309324190623e-06,54471,39581,82968,16196
143300,1.1446100313623148e-05,0.0,3.010876704908847e-09,7.565309324190623e-06,54472,39582,82969,16197
146228,1.1446100313623148e-05,0.0,3.010876704908847e-09,7.565309324190623e-06,54473,39583,82970,16198
144384,1.1446100313623148e-05,0.0,3.010876704908847e-09,7.565309324190623e-06,54474,39584,82971,16199
145588,1.1446100313623148e-05,0.0,3.010876704908847e-09,7.565309324190623e-06,54475,39585,82972,16200
143577,1.1446100313623148e-05,0.0,3.010876704908847e-09,7.565309324190623e-06,54476,39586,82973,16201
144659,1.1446100313623148e-05,0.0,3.010876704908847e-09,7.565309324190623e-06,54477,39587,82974,16202
145157,1.1446100313623148e-05,0.0,3.010876704908847e-09,7.565309324190623e-06,54478,39588,82975,16203
146154,1.1446100313623148e-05,0.0,3.010876704908847e-09,7.565309324190623e-06,54479,39589,82976,16204
145038,1.1446100313623148e-05,0.0,3.010876704908847e-09,7.565309324190623e-06,54480,39590,82977,16205
143433,1.1446100313623148e-05,0.0,3.010876704908847e-09,7.565309324190623e-06,54481,39591,82978,16206
144313,1.1446100313623148e-05,0.0,3.010876704908847e-09,7.565309324190623e-06,54482,39592,82979,16207
145807,1.1446100313623148e-05,0.0,3.010876704908847e-09,7.565309324190623e-06,54483,39593,82980,16208
143502,1.1446100313623148e-05,0.0,3.010876704908847e-09,7.565309324190623e-06,54484,39594,82981,16209
144950,1.1446100313623148e-05,0.0,3.010876704908847e-09,7.565309324190623e-06,54485,39595,82982,16210
144234,1.1446100313623148e-05,0.0,3.010876704908847e-09,7.565309324190623e-06,54486,39596,82983,16211
146676,1.1446100313623148e-05,0.0,3.010876704908847e-09,7.565309324190623e-06,54487,39597,82984,16212
144142,1.1446100313623148e-05,0.0,3.010876704908847e-09,7.565309324190623e-06,54488,39598,82985,16213
145847,1.1446100313623148e-05,0.0,3.010876704908847e-09,7.565309324190623e-06,54489,39599,82986,16214
144829,1.1446100313623148e-05,0.0,3.010876704908847e-09,7.565309324190623e-06,54490,39600,82987,16215
144519,1.1446100313623148e-05,0.0,3.010876704908847e-09,7.565309324190623e-06,54491,39601,82988,16216
143978,1.1446100313623148e-05,0.0,3.010876704908847e-09,7.565309324190623e-06,54492,39602,82989,16217
143304,1.1446100313623148e-05,0.0,3.010876704908847e-09,7.565309324190623e-06,54493,39603,82990,16218
144015,1.1446100313623148e-05,0.0,3.010876704908847e-09,7.565309324190623e-06,54494,39604,82991,16219
146509,1.1446100313623148e-05,0.0,3.010876704908847e-09,7.565309324190623e-06,54495,39605,82992,16220
145383,1.1446100313623148e-05,0.0,3.010876704908847e-09,7.565309324190623e-06,54496,39606,82993,16221
142817,1.1446100313623148e-05,0.0,3.010876704908847e-09,7.565309324190623e-06,54497,39607,82994,16222
144098,1.1446100313623148e-05,0.0,3.010876704908847e-09,7.565309324190623e-06,54498,39608,82995,16223
142723,1.1446100313623148e-05,0.0,3.010876704908847e-09,7.565309324190623e-06,54499,39609,82996,16224
146018,1.1446100313623148e-05,0.0,3.010876704908847e-09,7.565309324190623e-06,54500,39610,82997,16225
145028,1.1446100313623148e-05,0.0,3.010876704908847e-09,7.565309324190623e-06,54501,39611,82998,16226
143137,1.1446100313623148e-05,0.0,3.010876704908847e-09,7.565309324190623e-06,54502,39612,82999,16227
145244,1.1446100313623148e-05,0.0,3.010876704908847e-09,7.565309324190623e-06,54503,39613,83000,16228
143069,1.1446100313623148e-05,0.0,3.010876704908847e-09,7.565309324190623e-06,54504,39614,83001,16229
145425,1.1446100313623148e-05,0.0,3.010876704908847e-09,7.565309324190623e-06,54505,39615,83002,16230
145950,1.1446100313623148e-05,0.0,3.010876704908847e-09,7.565309324190623e-06,54506,39616,83003,16231
143734,1.1446100313623148e-05,0.0,3.010876704908847e-09,7.565309324190623e-06,54507,39617,83004,16232
144445,1.1446100313623148e-05,0.0,3.010876704908847e-09,7.565309324190623e-06,54508,39618,83005,16233
144081,1.1446100313623148e-05,0.0,3.010876704908847e-09,7.565309324190623e-06,54509,39619,83006,16234
144555,1.1446100313623148e-05,0.0,3.010876704908847e-09,7.565309324190623e-06,54510,39620,83007,16235
145023,1.1446100313623148e-05,0.0,3.010876704908847e-09,7.565309324190623e-06,54511,39621,83008,16236
142856,1.1446100313623148e-05,0.0,3.010876704908847e-09,7.565309324190623e-06,54512,39622,83009,16237
145112,1.1446100313623148e-05,0.0,3.010876704908847e-09,7.565309324190623e-06,54513,39623,83010,16238
145212,1.1446100313623148e-05,0.0,3.010876704908847e-09,7.565309324190623e-06,54514,39624,83011,16239
145810,1.1446100313623148e-05,0.0,3.010876704908847e-09,7.565309324190623e-06,54515,39625,83012,16240
143011,1.1446100313623148e-05,0.0,3.010876704908847e-09,7.565309324190623e-06,54516,39626,83013,16241
143188,1.1446100313623148e-05,0.0,3.010876704908847e-09,7.565309324190623e-06,54517,39627,83014,16242
144835,1.1446100313623148e-05,0.0,3.010876704908847e-09,7.565309324190623e-06,54518,39628,83015,16243
146679,1.1446100313623148e-05,0.0,3.010876704908847e-09,7.565309324190623e-06,54519,39629,83016,16244
144132,1.1446100313623148e-05,0.0,3.010876704908847e-09,7.565309324190623e-06,54520,39630,83017,16245
146554,1.1446100313623148e-05,0.0,3.010876704908847e-09,7.565309324190623e-06,54521,39631,83018,16246
145022,1.1446100313623148e-05,0.0,3.010876704908847e-09,7.565309324190623e-06,54522,39632,83019,16247
144825,1.1446100313623148e-05,0.0,3.010876704908847e-09,7.565309324190623e-06,54523,39633,83020,16248
146257,1.1446100313623148e-05,0.0,3.010876704908847e-09,7.565309324190623e-06,54524,39634,83021,16249
145349,1.1446100313623148e-05,0.0,3.010876704908847e-09,7.565309324190623e-06,54525,39635,83022,16250
145611,1.1446100313623148e-05,0.0,3.010876704908847e-09,7.565309324190623e-06,54526,39636,83023,16251
145902,1.1446100313623148e-05,0.0,3.010876704908847e-09,7.565309324190623e-06,54527,39637,83024,16252
146371,1.1446100313623148e-05,0.0,3.010876704908847e-09,7.565309324190623e-06,54528,39638,83025,16253
146327,1.1446100313623148e-05,0.0,3.010876704908847e-09,7.565309324190623e-06,54529,39639,83026,16254
145382,1.1446100313623148e-05,0.0,3.010876704908847e-09,7.565309324190623e-06,54530,39640,83027,16255
143131,1.1446100313623148e-05,0.0,3.010876704908847e-09,7.565309324190623e-06,54531,39641,83028,16256
143197,1.1446100313623148e-05,0.0,3.010876704908847e-09,7.565309324190623e-06,54532,39642,83029,16257
144836,1.1446100313623148e-05,0.0,3.010876704908847e-09,7.565309324190623e-06,54533,39643,83030,16258
145628,1.1446100313623148e-05,0.0,3.010876704908847e-09,7.565309324190623e-06,54534,39644,83031,16259
143837,1.1446100313623148e-05,0.0,3.010876704908847e-09,7.565309324190623e-06,54535,39645,83032,16260
146622,1.1446100313623148e-05,0.0,3.010876704908847e-09,7.565309324190623e-06,54536,39646,83033,16261
145725,1.1446100313623148e-05,0.0,3.010876704908847e-09,7.565309324190623e-06,54537,39647,83034,16262
146659,1.1446100313623148e-05,0.0,3.010876704908847e-09,7.565309324190623e-06,54538,39648,83035,16263
143440,1.1446100313623148e-05,0.0,3.010876704908847e-09,7.565309324190623e-06,54539,39649,83036,16264
144891,1.1446100313623148e-05,0.0,3.010876704908847e-09,7.565309324190623e-06,54540,39650,83037,16265
145262,1.1446100313623148e-05,0.0,3.010876704908847e-09,7.565309324190623e-06,54541,39651,83038,16266
146167,1.1446100313623148e-05,0.0,3.010876704908847e-09,7.565309324190623e-06,54542,39652,83039,16267
144160,1.1446100313623148e-05,0.0,3.010876704908847e-09,7.565309324190623e-06,54543,39653,83040,16268
144138,1.1446100313623148e-05,0.0,3.010876704908847e-09,7.565309324190623e-06,54544,39654,83041,16269
143850,1.1446100313623148e-05,0.0,3.010876704908847e-09,7.565309324190623e-06,54545,39655,83042,16270
145322,1.1446100313623148e-05,0.0,3.010876704908847e-09,7.565309324190623e-06,54546,39656,83043,16271
143271,1.1446100313623148e-05,0.0,3.010876704908847e-09,7.565309324190623e-06,54547,39657,83044,16272
145633,1.1446100313623148e-05,0.0,3.010876704908847e-09,7.565309324190623e-06,54548,39658,83045,16273
145068,1.1446100313623148e-05,0.0,3.010876704908847e-09,7.565309324190623e-06,54549,39659,83046,16274
143387,1.1446100313623148e-05,0.0,3.010876704908847e-09,7.565309324190623e-06,54550,39660,83047,16275
143612,1.1446100313623148e-05,0.0,3.010876704908847e-09,7.565309324190623e-06,54551,39661,83048,16276
144104,1.1446100313623148e-05,0.0,3.010876704908847e-09,7.565309324190623e-06,54552,39662,83049,16277
145704,1.1446100313623148e-05,0.0,3.010876704908847e-09,7.565309324190623e-06,54553,39663,83050,16278
142874,1.1446100313623148e-05,0.0,3.010876704908847e-09,7.565309324190623e-06,54554,39664,83051,16279
142786,1.1446100313623148e-05,0.0,3.010876704908847e-09,7.565309324190623e-06,54555,39665,83052,16280
143380,1.1446100313623148e-05,0.0,3.010876704908847e-09,7.565309324190623e-06,54556,39666,83053,16281
143971,1.1446100313623148e-05,0.0,3.010876704908847e-09,7.565309324190623e-06,54557,39667,83054,16282
143914,1.1446100313623148e-05,0.0,3.010876704908847e-09,7.565309324190623e-06,54558,39668,83055,16283
143615,1.1446100313623148e-05,0.0,3.010876704908847e-09,7.565309324190623e-06,54559,39669,83056,16284
145761,1.1446100313623148e-05,0.0,3.010876704908847e-09,7.565309324190623e-06,54560,39670,83057,16285
146133,1.1446100313623148e-05,0.0,3.010876704908847e-09,7.565309324190623e-06,54561,39671,83058,16286
144379,1.1446100313623148e-05,0.0,3.010876704908847e-09,7.565309324190623e-06,54562,39672,83059,16287
144071,1.1446100313623148e-05,0.0,3.010876704908847e-09,7.565309324190623e-06,54563,39673,83060,16288
146106,1.1446100313623148e-05,0.0,3.010876704908847e-09,7.565309324190623e-06,54564,39674,83061,16289
143639,1.1446100313623148e-05,0.0,3.010876704908847e-09,7.565309324190623e-06,54565,39675,83062,16290
145806,1.1446100313623148e-05,0.0,3.010876704908847e-09,7.565309324190623e-06,54566,39676,83063,16291
146584,1.1446100313623148e-05,0.0,3.010876704908847e-09,7.565309324190623e-06,54567,39677,83064,16292
142750,1.1446100313623148e-05,0.0,3.010876704908847e-09,7.565309324190623e-06,54568,39678,83065,16293
146072,1.1446100313623148e-05,0.0,3.010876704908847e-09,7.565309324190623e-06,54569,39679,83066,16294
143330,1.1446100313623148e-05,0.0,3.010876704908847e-09,7.565309324190623e-06,54570,39680,83067,16295
146204,1.1446100313623148e-05,0.0,3.010876704908847e-09,7.565309324190623e-06,54571,39681,83068,16296
146180,1.1446100313623148e-05,0.0,3.010876704908847e-09,7.565309324190623e-06,54572,39682,83069,16297
143032,1.1446100313623148e-05,0.0,3.010876704908847e-09,7.565309324190623e-06,54573,39683,83070,16298
145648,1.1446100313623148e-05,0.0,3.010876704908847e-09,7.565309324190623e-06,54574,39684,83071,16299
146187,1.1446100313623148e-05,0.0,3.010876704908847e-09,7.565309324190623e-06,54575,39685,83072,16300
146458,1.1446100313623148e-05,0.0,3.010876704908847e-09,7.565309324190623e-06,54576,39686,83073,16301
142814,1.1446100313623148e-05,0.0,3.010876704908847e-09,7.565309324190623e-06,54577,39687,83074,16302
143633,1.1446100313623148e-05,0.0,3.010876704908847e-09,7.565309324190623e-06,54578,39688,83075,16303
144090,1.1446100313623148e-05,0.0,3.010876704908847e-09,7.565309324190623e-06,54579,39689,83076,16304
145832,1.1446100313623148e-05,0.0,3.010876704908847e-09,7.565309324190623e-06,54580,39690,83077,16305
143853,1.1446100313623148e-05,0.0,3.010876704908847e-09,7.565309324190623e-06,54581,39691,83078,16306
143994,1.1446100313623148e-05,0.0,3.010876704908847e-09,7.565309324190623e-06,54582,39692,83079,16307
146197,1.1446100313623148e-05,0.0,3.010876704908847e-09,7.565309324190623e-06,54583,39693,83080,16308
144320,1.1446100313623148e-05,0.0,3.010876704908847e-09,7.565309324190623e-06,54584,39694,83081,16309
145360,1.1446100313623148e-05,0.0,3.010876704908847e-09,7.565309324190623e-06,54585,39695,83082,16310
142687,1.1446100313623148e-05,0.0,3.010876704908847e-09,7.565309324190623e-06,54586,39696,83083,16311
143662,1.1446100313623148e-05,0.0,3.010876704908847e-09,7.565309324190623e-06,54587,39697,83084,16312
144112,1.1446100313623148e-05,0.0,3.010876704908847e-09,7.565309324190623e-06,54588,39698,83085,16313
145259,1.1446100313623148e-05,0.0,3.010876704908847e-09,7.565309324190623e-06,54589,39699,83086,16314
144514,1.1446100313623148e-05,0.0,3.010876704908847e-09,7.565309324190623e-06,54590,39700,83087,16315
143112,1.1446100313623148e-05,0.0,3.010876704908847e-09,7.565309324190623e-06,54591,39701,83088,16316
145590,1.1446100313623148e-05,0.0,3.010876704908847e-09,7.565309324190623e-06,54592,39702,83089,16317
144542,1.1446100313623148e-05,0.0,3.010876704908847e-09,7.565309324190623e-06,54593,39703,83090,16318
146059,1.1446100313623148e-05,0.0,3.010876704908847e-09,7.565309324190623e-06,54594,39704,83091,16319
145839,1.1446100313623148e-05,0.0,3.010876704908847e-09,7.565309324190623e-06,54595,39705,83092,16320
144804,1.1446100313623148e-05,0.0,3.010876704908847e-09,7.565309324190623e-06,54596,39706,83093,16321
146209,1.1446100313623148e-05,0.0,3.010876704908847e-09,7.565309324190623e-06,54597,39707,83094,16322
146433,1.1446100313623148e-05,0.0,3.010876704908847e-09,7.565309324190623e-06,54598,39708,83095,16323
142730,1.1446100313623148e-05,0.0,3.010876704908847e-09,7.565309324190623e-06,54599,39709,83096,16324
143882,1.1446100313623148e-05,0.0,3.010876704908847e-09,7.565309324190623e-06,54600,39710,83097,16325
143863,1.1446100313623148e-05,0.0,3.010876704908847e-09,7.565309324190623e-06,54601,39711,83098,16326
145616,1.1446100313623148e-05,0.0,3.010876704908847e-09,7.565309324190623e-06,54602,39712,83099,16327
146271,1.1446100313623148e-05,0.0,3.010876704908847e-09,7.565309324190623e-06,54603,39713,83100,16328
144059,1.1446100313623148e-05,0.0,3.010876704908847e-09,7.565309324190623e-06,54604,39714,83101,16329
142827,1.1446100313623148e-05,0.0,3.010876704908847e-09,7.565309324190623e-06,54605,39715,83102,16330
143603,1.1446100313623148e-05,0.0,3.010876704908847e-09,7.565309324190623e-06,54606,39716,83103,16331
145010,1.1446100313623148e-05,0.0,3.010876704908847e-09,7.565309324190623e-06,54607,39717,83104,16332
143765,1.1446100313623148e-05,0.0,3.010876704908847e-09,7.565309324190623e-06,54608,39718,83105,16333
145081,1.1446100313623148e-05,0.0,3.010876704908847e-09,7.565309324190623e-06,54609,39719,83106,16334
143374,1.1446100313623148e-05,0.0,3.010876704908847e-09,7.565309324190623e-06,54610,39720,83107,16335
143067,1.1446100313623148e-05,0.0,3.010876704908847e-09,7.565309324190623e-06,54611,39721,83108,16336
145137,1.1446100313623148e-05,0.0,3.010876704908847e-09,7.565309324190623e-06,54612,39722,83109,16337
142789,1.1446100313623148e-05,0.0,3.010876704908847e-09,7.565309324190623e-06,54613,39723,83110,16338
143956,1.1446100313623148e-05,0.0,3.010876704908847e-09,7.565309324190623e-06,54614,39724,83111,16339
144221,1.1446100313623148e-05,0.0,3.010876704908847e-09,7.565309324190623e-06,54615,39725,83112,16340
143709,1.1446100313623148e-05,0.0,3.010876704908847e-09,7.565309324190623e-06,54616,39726,83113,16341
145461,1.1446100313623148e-05,0.0,3.010876704908847e-09,7.565309324190623e-06,54617,39727,83114,16342
142709,1.1446100313623148e-05,0.0,3.010876704908847e-09,7.565309324190623e-06,54618,39728,83115,16343
146342,1.1446100313623148e-05,0.0,3.010876704908847e-09,7.565309324190623e-06,54619,39729,83116,16344
143606,1.1446100313623148e-05,0.0,3.010876704908847e-09,7.565309324190623e-06,54620,39730,83117,16345
145242,1.1446100313623148e-05,0.0,3.010876704908847e-09,7.565309324190623e-06,54621,39731,83118,16346
145488,1.1446100313623148e-05,0.0,3.010876704908847e-09,7.565309324190623e-06,54622,39732,83119,16347
144761,1.1446100313623148e-05,0.0,3.010876704908847e-09,7.565309324190623e-06,54623,39733,83120,16348
145378,1.1446100313623148e-05,0.0,3.010876704908847e-09,7.565309324190623e-06,54624,39734,83121,16349
145505,1.1446100313623148e-05,0.0,3.010876704908847e-09,7.565309324190623e-06,54625,39735,83122,16350
146459,1.1446100313623148e-05,0.0,3.010876704908847e-09,7.565309324190623e-06,54626,39736,83123,16351
144549,1.1446100313623148e-05,0.0,3.010876704908847e-09,7.565309324190623e-06,54627,39737,83124,16352
143134,1.1446100313623148e-05,0.0,3.010876704908847e-09,7.565309324190623e-06,54628,39738,83125,16353
145051,1.1446100313623148e-05,0.0,3.010876704908847e-09,7.565309324190623e-06,54629,39739,83126,16354
142890,1.1446100313623148e-05,0.0,3.010876704908847e-09,7.565309324190623e-06,54630,39740,83127,16355
144611,1.1446100313623148e-05,0.0,3.010876704908847e-09,7.565309324190623e-06,54631,39741,83128,16356
145794,1.1446100313623148e-05,0.0,3.010876704908847e-09,7.565309324190623e-06,54632,39742,83129,16357
143545,1.1446100313623148e-05,0.0,3.010876704908847e-09,7.565309324190623e-06,54633,39743,83130,16358
146690,1.1446100313623148e-05,0.0,3.010876704908847e-09,7.565309324190623e-06,54634,39744,83131,16359
144467,1.1446100313623148e-05,0.0,3.010876704908847e-09,7.565309324190623e-06,54635,39745,83132,16360
142945,1.1446100313623148e-05,0.0,3.010876704908847e-09,7.565309324190623e-06,54636,39746,83133,16361
143790,1.1446100313623148e-05,0.0,3.010876704908847e-09,7.565309324190623e-06,54637,39747,83134,16362
146384,1.1446100313623148e-05,0.0,3.010876704908847e-09,7.565309324190623e-06,54638,39748,83135,16363
144996,1.1446100313623148e-05,0.0,3.010876704908847e-09,7.565309324190623e-06,54639,39749,83136,16364
146686,1.1446100313623148e-05,0.0,3.010876704908847e-09,7.565309324190623e-06,54640,39750,83137,16365
146602,1.1446100313623148e-05,0.0,3.010876704908847e-09,7.565309324190623e-06,54641,39751,83138,16366
144838,1.1446100313623148e-05,0.0,3.010876704908847e-09,7.565309324190623e-06,54642,39752,83139,16367
143169,1.1446100313623148e-05,0.0,3.010876704908847e-09,7.565309324190623e-06,54643,39753,83140,16368
143810,1.1446100313623148e-05,0.0,3.010876704908847e-09,7.565309324190623e-06,54644,39754,83141,16369
145624,1.1446100313623148e-05,0.0,3.010876704908847e-09,7.565309324190623e-06,54645,39755,83142,16370
144297,1.1446100313623148e-05,0.0,3.010876704908847e-09,7.565309324190623e-06,54646,39756,83143,16371
143937,1.1446100313623148e-05,0.0,3.010876704908847e-09,7.565309324190623e-06,54647,39757,83144,16372
144568,1.1446100313623148e-05,0.0,3.010876704908847e-09,7.565309324190623e-06,54648,39758,83145,16373
143820,1.1446100313623148e-05,0.0,3.010876704908847e-09,7.565309324190623e-06,54649,39759,83146,16374
144418,1.1446100313623148e-05,0.0,3.010876704908847e-09,7.565309324190623e-06,54650,39760,83147,16375
145175,1.1446100313623148e-05,0.0,3.010876704908847e-09,7.565309324190623e-06,54651,39761,83148,16376
145329,1.1446100313623148e-05,0.0,3.010876704908847e-09,7.565309324190623e-06,54652,39762,83149,16377
145550,1.1446100313623148e-05,0.0,3.010876704908847e-09,7.565309324190623e-06,54653,39763,83150,16378
145165,1.1446100313623148e-05,0.0,3.010876704908847e-09,7.565309324190623e-06,54654,39764,83151,16379
144258,1.1446100313623148e-05,0.0,3.010876704908847e-09,7.565309324190623e-06,54655,39765,83152,16380
146112,1.1446100313623148e-05,0.0,3.010876704908847e-09,7.565309324190623e-06,54656,39766,83153,16381
146171,1.1446100313623148e-05,0.0,3.010876704908847e-09,7.565309324190623e-06,54657,39767,83154,16382
142719,1.1446100313623148e-05,0.0,3.010876704908847e-09,7.565309324190623e-06,54658,39768,83155,16383
144173,1.1446100313623148e-05,0.0,3.010876704908847e-09,7.565309324190623e-06,54659,39769,83156,16384
144972,1.1446100313623148e-05,0.0,3.010876704908847e-09,7.565309324190623e-06,54660,39770,83157,16385
146033,1.1446100313623148e-05,0.0,3.010876704908847e-09,7.565309324190623e-06,54661,39771,83158,16386
143955,1.1446100313623148e-05,0.0,3.010876704908847e-09,7.565309324190623e-06,54662,39772,83159,16387
142853,1.1446100313623148e-05,0.0,3.010876704908847e-09,7.565309324190623e-06,54663,39773,83160,16388
146716,1.1446100313623148e-05,0.0,3.010876704908847e-09,7.565309324190623e-06,54664,39774,83161,16389
146016,1.1446100313623148e-05,0.0,3.010876704908847e-09,7.565309324190623e-06,54665,39775,83162,16390
145742,1.1446100313623148e-05,0.0,3.010876704908847e-09,7.565309324190623e-06,54666,39776,83163,16391
142861,1.1446100313623148e-05,0.0,3.010876704908847e-09,7.565309324190623e-06,54667,39777,83164,16392
145556,1.1446100313623148e-05,0.0,3.010876704908847e-09,7.565309324190623e-06,54668,39778,83165,16393
144702,1.1446100313623148e-05,0.0,3.010876704908847e-09,7.565309324190623e-06,54669,39779,83166,16394
143549,1.1446100313623148e-05,0.0,3.010876704908847e-09,7.565309324190623e-06,54670,39780,83167,16395
145088,1.1446100313623148e-05,0.0,3.010876704908847e-09,7.565309324190623e-06,54671,39781,83168,16396
146587,1.1446100313623148e-05,0.0,3.010876704908847e-09,7.565309324190623e-06,54672,39782,83169,16397
146395,1.1446100313623148e-05,0.0,3.010876704908847e-09,7.565309324190623e-06,54673,39783,83170,16398
143785,1.1446100313623148e-05,0.0,3.010876704908847e-09,7.565309324190623e-06,54674,39784,83171,16399
142910,1.1446100313623148e-05,0.0,3.010876704908847e-09,7.565309324190623e-06,54675,39785,83172,16400
144163,1.1446100313623148e-05,0.0,3.010876704908847e-09,7.565309324190623e-06,54676,39786,83173,16401
144642,1.1446100313623148e-05,0.0,3.010876704908847e-09,7.565309324190623e-06,54677,39787,83174,16402
142695,1.1446100313623148e-05,0.0,3.010876704908847e-09,7.565309324190623e-06,54678,39788,83175,16403
145770,1.1446100313623148e-05,0.0,3.010876704908847e-09,7.565309324190623e-06,54679,39789,83176,16404
142939,1.1446100313623148e-05,0.0,3.010876704908847e-09,7.565309324190623e-06,54680,39790,83177,16405
145307,1.1446100313623148e-05,0.0,3.010876704908847e-09,7.565309324190623e-06,54681,39791,83178,16406
144456,1.1446100313623148e-05,0.0,3.010876704908847e-09,7.565309324190623e-06,54682,39792,83179,16407
145719,1.1446100313623148e-05,0.0,3.010876704908847e-09,7.565309324190623e-06,54683,39793,83180,16408
144329,1.1446100313623148e-05,0.0,3.010876704908847e-09,7.565309324190623e-06,54684,39794,83181,16409
145971,1.1446100313623148e-05,0.0,3.010876704908847e-09,7.565309324190623e-06,54685,39795,83182,16410
144360,1.1446100313623148e-05,0.0,3.010876704908847e-09,7.565309324190623e-06,54686,39796,83183,16411
143257,1.1446100313623148e-05,0.0,3.010876704908847e-09,7.565309324190623e-06,54687,39797,83184,16412
146063,1.1446100313623148e-05,0.0,3.010876704908847e-09,7.565309324190623e-06,54688,39798,83185,16413
143150,1.1446100313623148e-05,0.0,3.010876704908847e-09,7.565309324190623e-06,54689,39799,83186,16414
145470,1.1446100313623148e-05,0.0,3.010876704908847e-09,7.565309324190623e-06,54690,39800,83187,16415
145996,1.1446100313623148e-05,0.0,3.010876704908847e-09,7.565309324190623e-06,54691,39801,83188,16416
146412,1.1446100313623148e-05,0.0,3.010876704908847e-09,7.565309324190623e-06,54692,39802,83189,16417
144695,1.1446100313623148e-05,0.0,3.010876704908847e-09,7.565309324190623e-06,54693,39803,83190,16418
143699,1.1446100313623148e-05,0.0,3.010876704908847e-09,7.565309324190623e-06,54694,39804,83191,16419
144899,1.1446100313623148e-05,0.0,3.010876704908847e-09,7.565309324190623e-06,54695,39805,83192,16420
143337,1.1446100313623148e-05,0.0,3.010876704908847e-09,7.565309324190623e-06,54696,39806,83193,16421
143407,1.1446100313623148e-05,0.0,3.010876704908847e-09,7.565309324190623e-06,54697,39807,83194,16422
142742,1.1446100313623148e-05,0.0,3.010876704908847e-09,7.565309324190623e-06,54698,39808,83195,16423
146476,1.1446100313623148e-05,0.0,3.010876704908847e-09,7.565309324190623e-06,54699,39809,83196,16424
144875,1.1446100313623148e-05,0.0,3.010876704908847e-09,7.565309324190623e-06,54700,39810,83197,16425
144036,1.1446100313623148e-05,0.0,3.010876704908847e-09,7.565309324190623e-06,54701,39811,83198,16426
145896,1.1446100313623148e-05,0.0,3.010876704908847e-09,7.565309324190623e-06,54702,39812,83199,16427
142832,1.1446100313623148e-05,0.0,3.010876704908847e-09,7.565309324190623e-06,54703,39813,83200,16428
143825,1.1446100313623148e-05,0.0,3.010876704908847e-09,7.565309324190623e-06,54704,39814,83201,16429
146308,1.1446100313623148e-05,0.0,3.010876704908847e-09,7.565309324190623e-06,54705,39815,83202,16430
144465,1.1446100313623148e-05,0.0,3.010876704908847e-09,7.565309324190623e-06,54706,39816,83203,16431
144395,1.1446100313623148e-05,0.0,3.010876704908847e-09,7.565309324190623e-06,54707,39817,83204,16432
143446,1.1446100313623148e-05,0.0,3.010876704908847e-09,7.565309324190623e-06,54708,39818,83205,16433
145000,1.1446100313623148e-05,0.0,3.010876704908847e-09,7.565309324190623e-06,54709,39819,83206,16434
144515,1.1446100313623148e-05,0.0,3.010876704908847e-09,7.565309324190623e-06,54710,39820,83207,16435
143874,1.1446100313623148e-05,0.0,3.010876704908847e-09,7.565309324190623e-06,54711,39821,83208,16436
146416,1.1446100313623148e-05,0.0,3.010876704908847e-09,7.565309324190623e-06,54712,39822,83209,16437
146315,1.1446100313623148e-05,0.0,3.010876704908847e-09,7.565309324190623e-06,54713,39823,83210,16438
143465,1.1446100313623148e-05,0.0,3.010876704908847e-09,7.565309324190623e-06,54714,39824,83211,16439
143291,1.1446100313623148e-05,0.0,3.010876704908847e-09,7.565309324190623e-06,54715,39825,83212,16440
142863,1.1446100313623148e-05,0.0,3.010876704908847e-09,7.565309324190623e-06,54716,39826,83213,16441
145030,1.1446100313623148e-05,0.0,3.010876704908847e-09,7.565309324190623e-06,54717,39827,83214,16442
145077,1.1446100313623148e-05,0.0,3.010876704908847e-09,7.565309324190623e-06,54718,39828,83215,16443
144183,1.1446100313623148e-05,0.0,3.010876704908847e-09,7.565309324190623e-06,54719,39829,83216,16444
144111,1.1446100313623148e-05,0.0,3.010876704908847e-09,7.565309324190623e-06,54720,39830,83217,16445
143458,1.1446100313623148e-05,0.0,3.010876704908847e-09,7.565309324190623e-06,54721,39831,83218,16446
145155,1.1446100313623148e-05,0.0,3.010876704908847e-09,7.565309324190623e-06,54722,39832,83219,16447
144973,1.1446100313623148e-05,0.0,3.010876704908847e-09,7.565309324190623e-06,54723,39833,83220,16448
144669,1.1446100313623148e-05,0.0,3.010876704908847e-09,7.565309324190623e-06,54724,39834,83221,16449
144202,1.1446100313623148e-05,0.0,3.010876704908847e-09,7.565309324190623e-06,54725,39835,83222,16450
142928,1.1446100313623148e-05,0.0,3.010876704908847e-09,7.565309324190623e-06,54726,39836,83223,16451
142848,1.1446100313623148e-05,0.0,3.010876704908847e-09,7.565309324190623e-06,54727,39837,83224,16452
142988,1.1446100313623148e-05,0.0,3.010876704908847e-09,7.565309324190623e-06,54728,39838,83225,16453
145380,1.1446100313623148e-05,0.0,3.010876704908847e-09,7.565309324190623e-06,54729,39839,83226,16454
145746,1.1446100313623148e-05,0.0,3.010876704908847e-09,7.565309324190623e-06,54730,39840,83227,16455
146400,1.1446100313623148e-05,0.0,3.010876704908847e-09,7.565309324190623e-06,54731,39841,83228,16456
146138,1.1446100313623148e-05,0.0,3.010876704908847e-09,7.565309324190623e-06,54732,39842,83229,16457
146086,1.1446100313623148e-05,0.0,3.010876704908847e-09,7.565309324190623e-06,54733,39843,83230,16458
143113,1.1446100313623148e-05,0.0,3.010876704908847e-09,7.565309324190623e-06,54734,39844,83231,16459
144054,1.1446100313623148e-05,0.0,3.010876704908847e-09,7.565309324190623e-06,54735,39845,83232,16460
145168,1.1446100313623148e-05,0.0,3.010876704908847e-09,7.565309324190623e-06,54736,39846,83233,16461
146069,1.1446100313623148e-05,0.0,3.010876704908847e-09,7.565309324190623e-06,54737,39847,83234,16462
144285,1.1446100313623148e-05,0.0,3.010876704908847e-09,7.565309324190623e-06,54738,39848,83235,16463
143266,1.1446100313623148e-05,0.0,3.010876704908847e-09,7.565309324190623e-06,54739,39849,83236,16464
143817,1.1446100313623148e-05,0.0,3.010876704908847e-09,7.565309324190623e-06,54740,39850,83237,16465
144492,1.1446100313623148e-05,0.0,3.010876704908847e-09,7.565309324190623e-06,54741,39851,83238,16466
143221,1.1446100313623148e-05,0.0,3.010876704908847e-09,7.565309324190623e-06,54742,39852,83239,16467
144844,1.1446100313623148e-05,0.0,3.010876704908847e-09,7.565309324190623e-06,54743,39853,83240,16468
143900,1.1446100313623148e-05,0.0,3.010876704908847e-09,7.565309324190623e-06,54744,39854,83241,16469
144274,1.1446100313623148e-05,0.0,3.010876704908847e-09,7.565309324190623e-06,54745,39855,83242,16470
146472,1.1446100313623148e-05,0.0,3.010876704908847e-09,7.565309324190623e-06,54746,39856,83243,16471
143867,1.1446100313623148e-05,0.0,3.010876704908847e-09,7.565309324190623e-06,54747,39857,83244,16472
144747,1.1446100313623148e-05,0.0,3.010876704908847e-09,7.565309324190623e-06,54748,39858,83245,16473
143886,1.1446100313623148e-05,0.0,3.010876704908847e-09,7.565309324190623e-06,54749,39859,83246,16474
145930,1.1446100313623148e-05,0.0,3.010876704908847e-09,7.565309324190623e-06,54750,39860,83247,16475
142842,1.1446100313623148e-05,0.0,3.010876704908847e-09,7.565309324190623e-06,54751,39861,83248,16476
143454,1.1446100313623148e-05,0.0,3.010876704908847e-09,7.565309324190623e-06,54752,39862,83249,16477
143702,1.1446100313623148e-05,0.0,3.010876704908847e-09,7.565309324190623e-06,54753,39863,83250,16478
144724,1.1446100313623148e-05,0.0,3.010876704908847e-09,7.565309324190623e-06,54754,39864,83251,16479
145379,1.1446100313623148e-05,0.0,3.010876704908847e-09,7.565309324190623e-06,54755,39865,83252,16480
143021,1.1446100313623148e-05,0.0,3.010876704908847e-09,7.565309324190623e-06,54756,39866,83253,16481
143314,1.1446100313623148e-05,0.0,3.010876704908847e-09,7.565309324190623e-06,54757,39867,83254,16482
143475,1.1446100313623148e-05,0.0,3.010876704908847e-09,7.565309324190623e-06,54758,39868,83255,16483
146274,1.1446100313623148e-05,0.0,3.010876704908847e-09,7.565309324190623e-06,54759,39869,83256,16484
145097,1.1446100313623148e-05,0.0,3.010876704908847e-09,7.565309324190623e-06,54760,39870,83257,16485
145250,1.1446100313623148e-05,0.0,3.010876704908847e-09,7.565309324190623e-06,54761,39871,83258,16486
145598,1.1446100313623148e-05,0.0,3.010876704908847e-09,7.565309324190623e-06,54762,39872,83259,16487
146419,1.1446100313623148e-05,0.0,3.010876704908847e-09,7.565309324190623e-06,54763,39873,83260,16488
145709,1.1446100313623148e-05,0.0,3.010876704908847e-09,7.565309324190623e-06,54764,39874,83261,16489
145492,1.1446100313623148e-05,0.0,3.010876704908847e-09,7.565309324190623e-06,54765,39875,83262,16490
143910,1.1446100313623148e-05,0.0,3.010876704908847e-09,7.565309324190623e-06,54766,39876,83263,16491
144047,1.1446100313623148e-05,0.0,3.010876704908847e-09,7.565309324190623e-06,54767,39877,83264,16492
145927,1.1446100313623148e-05,0.0,3.010876704908847e-09,7.565309324190623e-06,54768,39878,83265,16493
145332,1.1446100313623148e-05,0.0,3.010876704908847e-09,7.565309324190623e-06,54769,39879,83266,16494
144624,1.1446100313623148e-05,0.0,3.010876704908847e-09,7.565309324190623e-06,54770,39880,83267,16495
145016,1.1446100313623148e-05,0.0,3.010876704908847e-09,7.565309324190623e-06,54771,39881,83268,16496
142790,1.1446100313623148e-05,0.0,3.010876704908847e-09,7.565309324190623e-06,54772,39882,83269,16497
143184,1.1446100313623148e-05,0.0,3.010876704908847e-09,7.565309324190623e-06,54773,39883,83270,16498
145594,1.1446100313623148e-05,0.0,3.010876704908847e-09,7.565309324190623e-06,54774,39884,83271,16499
144434,1.1446100313623148e-05,0.0,3.010876704908847e-09,7.565309324190623e-06,54775,39885,83272,16500
143521,1.1446100313623148e-05,0.0,3.010876704908847e-09,7.565309324190623e-06,54776,39886,83273,16501
145395,1.1446100313623148e-05,0.0,3.010876704908847e-09,7.565309324190623e-06,54777,39887,83274,16502
146281,1.1446100313623148e-05,0.0,3.010876704908847e-09,7.565309324190623e-06,54778,39888,83275,16503
146588,1.1446100313623148e-05,0.0,3.010876704908847e-09,7.565309324190623e-06,54779,39889,83276,16504
145579,1.1446100313623148e-05,0.0,3.010876704908847e-09,7.565309324190623e-06,54780,39890,83277,16505
146070,1.1446100313623148e-05,0.0,3.010876704908847e-09,7.565309324190623e-06,54781,39891,83278,16506
146124,1.1446100313623148e-05,0.0,3.010876704908847e-09,7.565309324190623e-06,54782,39892,83279,16507
143507,1.1446100313623148e-05,0.0,3.010876704908847e-09,7.565309324190623e-06,54783,39893,83280,16508
143705,1.1446100313623148e-05,0.0,3.010876704908847e-09,7.565309324190623e-06,54784,39894,83281,16509
145773,1.1446100313623148e-05,0.0,3.010876704908847e-09,7.565309324190623e-06,54785,39895,83282,16510
145609,1.1446100313623148e-05,0.0,3.010876704908847e-09,7.565309324190623e-06,54786,39896,83283,16511
143015,1.1446100313623148e-05,0.0,3.010876704908847e-09,7.565309324190623e-06,54787,39897,83284,16512
146166,1.1446100313623148e-05,0.0,3.010876704908847e-09,7.565309324190623e-06,54788,39898,83285,16513
145373,1.1446100313623148e-05,0.0,3.010876704908847e-09,7.565309324190623e-06,54789,39899,83286,16514
144612,1.1446100313623148e-05,0.0,3.010876704908847e-09,7.565309324190623e-06,54790,39900,83287,16515
145118,1.1446100313623148e-05,0.0,3.010876704908847e-09,7.565309324190623e-06,54791,39901,83288,16516
145327,1.1446100313623148e-05,0.0,3.010876704908847e-09,7.565309324190623e-06,54792,39902,83289,16517
143655,1.1446100313623148e-05,0.0,3.010876704908847e-09,7.565309324190623e-06,54793,39903,83290,16518
143753,1.1446100313623148e-05,0.0,3.010876704908847e-09,7.565309324190623e-06,54794,39904,83291,16519
144869,1.1446100313623148e-05,0.0,3.010876704908847e-09,7.565309324190623e-06,54795,39905,83292,16520
144565,1.1446100313623148e-05,0.0,3.010876704908847e-09,7.565309324190623e-06,54796,39906,83293,16521
146480,1.1446100313623148e-05,0.0,3.010876704908847e-09,7.565309324190623e-06,54797,39907,83294,16522
142721,1.1446100313623148e-05,0.0,3.010876704908847e-09,7.565309324190623e-06,54798,39908,83295,16523
146519,1.1446100313623148e-05,0.0,3.010876704908847e-09,7.565309324190623e-06,54799,39909,83296,16524
145852,1.1446100313623148e-05,0.0,3.010876704908847e-09,7.565309324190623e-06,54800,39910,83297,16525
144786,1.1446100313623148e-05,0.0,3.010876704908847e-09,7.565309324190623e-06,54801,39911,83298,16526
145117,1.1446100313623148e-05,0.0,3.010876704908847e-09,7.565309324190623e-06,54802,39912,83299,16527
146510,1.1446100313623148e-05,0.0,3.010876704908847e-09,7.565309324190623e-06,54803,39913,83300,16528
143931,1.1446100313623148e-05,0.0,3.010876704908847e-09,7.565309324190623e-06,54804,39914,83301,16529
145631,1.1446100313623148e-05,0.0,3.010876704908847e-09,7.565309324190623e-06,54805,39915,83302,16530
143933,1.1446100313623148e-05,0.0,3.010876704908847e-09,7.565309324190623e-06,54806,39916,83303,16531
142724,1.1446100313623148e-05,0.0,3.010876704908847e-09,7.565309324190623e-06,54807,39917,83304,16532
145093,1.1446100313623148e-05,0.0,3.010876704908847e-09,7.565309324190623e-06,54808,39918,83305,16533
145686,1.1446100313623148e-05,0.0,3.010876704908847e-09,7.565309324190623e-06,54809,39919,83306,16534
144828,1.1446100313623148e-05,0.0,3.010876704908847e-09,7.565309324190623e-06,54810,39920,83307,16535
143423,1.1446100313623148e-05,0.0,3.010876704908847e-09,7.565309324190623e-06,54811,39921,83308,16536
144362,1.1446100313623148e-05,0.0,3.010876704908847e-09,7.565309324190623e-06,54812,39922,83309,16537
143275,1.1446100313623148e-05,0.0,3.010876704908847e-09,7.565309324190623e-06,54813,39923,83310,16538
146183,1.1446100313623148e-05,0.0,3.010876704908847e-09,7.565309324190623e-06,54814,39924,83311,16539
143057,1.1446100313623148e-05,0.0,3.010876704908847e-09,7.565309324190623e-06,54815,39925,83312,16540
143706,1.1446100313623148e-05,0.0,3.010876704908847e-09,7.565309324190623e-06,54816,39926,83313,16541
145646,1.1446100313623148e-05,0.0,3.010876704908847e-09,7.565309324190623e-06,54817,39927,83314,16542
146467,1.1446100313623148e-05,0.0,3.010876704908847e-09,7.565309324190623e-06,54818,39928,83315,16543
145094,1.1446100313623148e-05,0.0,3.010876704908847e-09,7.565309324190623e-06,54819,39929,83316,16544
143848,1.1446100313623148e-05,0.0,3.010876704908847e-09,7.565309324190623e-06,54820,39930,83317,16545
143246,1.1446100313623148e-05,0.0,3.010876704908847e-09,7.565309324190623e-06,54821,39931,83318,16546
143596,1.1446100313623148e-05,0.0,3.010876704908847e-09,7.565309324190623e-06,54822,39932,83319,16547
146068,1.1446100313623148e-05,0.0,3.010876704908847e-09,7.565309324190623e-06,54823,39933,83320,16548
143240,1.1446100313623148e-05,0.0,3.010876704908847e-09,7.565309324190623e-06,54824,39934,83321,16549
144340,1.1446100313623148e-05,0.0,3.010876704908847e-09,7.565309324190623e-06,54825,39935,83322,16550
144365,1.1446100313623148e-05,0.0,3.010876704908847e-09,7.565309324190623e-06,54826,39936,83323,16551
143918,1.1446100313623148e-05,0.0,3.010876704908847e-09,7.565309324190623e-06,54827,39937,83324,16552
146585,1.1446100313623148e-05,0.0,3.010876704908847e-09,7.565309324190623e-06,54828,39938,83325,16553
143657,1.1446100313623148e-05,0.0,3.010876704908847e-09,7.565309324190623e-06,54829,39939,83326,16554
143121,1.1446100313623148e-05,0.0,3.010876704908847e-09,7.565309324190623e-06,54830,39940,83327,16555
143431,1.1446100313623148e-05,0.0,3.010876704908847e-09,7.565309324190623e-06,54831,39941,83328,16556
143583,1.1446100313623148e-05,0.0,3.010876704908847e-09,7.565309324190623e-06,54832,39942,83329,16557
143338,1.1446100313623148e-05,0.0,3.010876704908847e-09,7.565309324190623e-06,54833,39943,83330,16558
145338,1.1446100313623148e-05,0.0,3.010876704908847e-09,7.565309324190623e-06,54834,39944,83331,16559
143400,1.1446100313623148e-05,0.0,3.010876704908847e-09,7.565309324190623e-06,54835,39945,83332,16560
144797,1.1446100313623148e-05,0.0,3.010876704908847e-09,7.565309324190623e-06,54836,39946,83333,16561
146645,1.1446100313623148e-05,0.0,3.010876704908847e-09,7.565309324190623e-06,54837,39947,83334,16562
146539,1.1446100313623148e-05,0.0,3.010876704908847e-09,7.565309324190623e-06,54838,39948,83335,16563
145797,1.1446100313623148e-05,0.0,3.010876704908847e-09,7.565309324190623e-06,54839,39949,83336,16564
146141,1.1446100313623148e-05,0.0,3.010876704908847e-09,7.565309324190623e-06,54840,39950,83337,16565
146656,1.1446100313623148e-05,0.0,3.010876704908847e-09,7.565309324190623e-06,54841,39951,83338,16566
144672,1.1446100313623148e-05,0.0,3.010876704908847e-09,7.565309324190623e-06,54842,39952,83339,16567
143361,1.1446100313623148e-05,0.0,3.010876704908847e-09,7.565309324190623e-06,54843,39953,83340,16568
144730,1.1446100313623148e-05,0.0,3.010876704908847e-09,7.565309324190623e-06,54844,39954,83341,16569
144105,1.1446100313623148e-05,0.0,3.010876704908847e-09,7.565309324190623e-06,54845,39955,83342,16570
143673,1.1446100313623148e-05,0.0,3.010876704908847e-09,7.565309324190623e-06,54846,39956,83343,16571
142797,1.1446100313623148e-05,0.0,3.010876704908847e-09,7.565309324190623e-06,54847,39957,83344,16572
144727,1.1446100313623148e-05,0.0,3.010876704908847e-09,7.565309324190623e-06,54848,39958,83345,16573
144088,1.1446100313623148e-05,0.0,3.010876704908847e-09,7.565309324190623e-06,54849,39959,83346,16574
144866,1.1446100313623148e-05,0.0,3.010876704908847e-09,7.565309324190623e-06,54850,39960,83347,16575
142872,1.1446100313623148e-05,0.0,3.010876704908847e-09,7.565309324190623e-06,54851,39961,83348,16576
143335,1.1446100313623148e-05,0.0,3.010876704908847e-09,7.565309324190623e-06,54852,39962,83349,16577
146381,1.1446100313623148e-05,0.0,3.010876704908847e-09,7.565309324190623e-06,54853,39963,83350,16578
146220,1.1446100313623148e-05,0.0,3.010876704908847e-09,7.565309324190623e-06,54854,39964,83351,16579
146227,1.1446100313623148e-05,0.0,3.010876704908847e-09,7.565309324190623e-06,54855,39965,83352,16580
144267,1.1446100313623148e-05,0.0,3.010876704908847e-09,7.565309324190623e-06,54856,39966,83353,16581
146243,1.1446100313623148e-05,0.0,3.010876704908847e-09,7.565309324190623e-06,54857,39967,83354,16582
145196,1.1446100313623148e-05,0.0,3.010876704908847e-09,7.565309324190623e-06,54858,39968,83355,16583
142840,1.1446100313623148e-05,0.0,3.010876704908847e-09,7.565309324190623e-06,54859,39969,83356,16584
146624,1.1446100313623148e-05,0.0,3.010876704908847e-09,7.565309324190623e-06,54860,39970,83357,16585
145315,1.1446100313623148e-05,0.0,3.010876704908847e-09,7.565309324190623e-06,54861,39971,83358,16586
146614,1.1446100313623148e-05,0.0,3.010876704908847e-09,7.565309324190623e-06,54862,39972,83359,16587
146060,1.1446100313623148e-05,0.0,3.010876704908847e-09,7.565309324190623e-06,54863,39973,83360,16588
143093,1.1446100313623148e-05,0.0,3.010876704908847e-09,7.565309324190623e-06,54864,39974,83361,16589
145027,1.1446100313623148e-05,0.0,3.010876704908847e-09,7.565309324190623e-06,54865,39975,83362,16590
146232,1.1446100313623148e-05,0.0,3.010876704908847e-09,7.565309324190623e-06,54866,39976,83363,16591
142905,1.1446100313623148e-05,0.0,3.010876704908847e-09,7.565309324190623e-06,54867,39977,83364,16592
143686,1.1446100313623148e-05,0.0,3.010876704908847e-09,7.565309324190623e-06,54868,39978,83365,16593
146386,1.1446100313623148e-05,0.0,3.010876704908847e-09,7.565309324190623e-06,54869,39979,83366,16594
142865,1.1446100313623148e-05,0.0,3.010876704908847e-09,7.565309324190623e-06,54870,39980,83367,16595
146428,1.1446100313623148e-05,0.0,3.010876704908847e-09,7.565309324190623e-06,54871,39981,83368,16596
143255,1.1446100313623148e-05,0.0,3.010876704908847e-09,7.565309324190623e-06,54872,39982,83369,16597
143890,1.1446100313623148e-05,0.0,3.010876704908847e-09,7.565309324190623e-06,54873,39983,83370,16598
143860,1.1446100313623148e-05,0.0,3.010876704908847e-09,7.565309324190623e-06,54874,39984,83371,16599
142908,1.1446100313623148e-05,0.0,3.010876704908847e-09,7.565309324190623e-06,54875,39985,83372,16600
145697,1.1446100313623148e-05,0.0,3.010876704908847e-09,7.565309324190623e-06,54876,39986,83373,16601
143666,1.1446100313623148e-05,0.0,3.010876704908847e-09,7.565309324190623e-06,54877,39987,83374,16602
144645,1.1446100313623148e-05,0.0,3.010876704908847e-09,7.565309324190623e-06,54878,39988,83375,16603
143328,1.1446100313623148e-05,0.0,3.010876704908847e-09,7.565309324190623e-06,54879,39989,83376,16604
144517,1.1446100313623148e-05,0.0,3.010876704908847e-09,7.565309324190623e-06,54880,39990,83377,16605
143369,1.1446100313623148e-05,0.0,3.010876704908847e-09,7.565309324190623e-06,54881,39991,83378,16606
146535,1.1446100313623148e-05,0.0,3.010876704908847e-09,7.565309324190623e-06,54882,39992,83379,16607
145400,1.1446100313623148e-05,0.0,3.010876704908847e-09,7.565309324190623e-06,54883,39993,83380,16608
144153,1.1446100313623148e-05,0.0,3.010876704908847e-09,7.565309324190623e-06,54884,39994,83381,16609
144192,1.1446100313623148e-05,0.0,3.010876704908847e-09,7.565309324190623e-06,54885,39995,83382,16610
142946,1.1446100313623148e-05,0.0,3.010876704908847e-09,7.565309324190623e-06,54886,39996,83383,16611
145293,1.1446100313623148e-05,0.0,3.010876704908847e-09,7.565309324190623e-06,54887,39997,83384,16612
146374,1.1446100313623148e-05,0.0,3.010876704908847e-09,7.565309324190623e-06,54888,39998,83385,16613
142906,1.1446100313623148e-05,0.0,3.010876704908847e-09,7.565309324190623e-06,54889,39999,83386,16614
145127,1.1446100313623148e-05,0.0,3.010876704908847e-09,7.565309324190623e-06,54890,40000,83387,16615
145986,1.1446100313623148e-05,0.0,3.010876704908847e-09,7.565309324190623e-06,54891,40001,83388,16616
146708,1.1446100313623148e-05,0.0,3.010876704908847e-09,7.565309324190623e-06,54892,40002,83389,16617
143103,1.1446100313623148e-05,0.0,3.010876704908847e-09,7.565309324190623e-06,54893,40003,83390,16618
143018,1.1446100313623148e-05,0.0,3.010876704908847e-09,7.565309324190623e-06,54894,40004,83391,16619
144286,1.1446100313623148e-05,0.0,3.010876704908847e-09,7.565309324190623e-06,54895,40005,83392,16620
143129,1.1446100313623148e-05,0.0,3.010876704908847e-09,7.565309324190623e-06,54896,40006,83393,16621
145227,1.1446100313623148e-05,0.0,3.010876704908847e-09,7.565309324190623e-06,54897,40007,83394,16622
145732,1.1446100313623148e-05,0.0,3.010876704908847e-09,7.565309324190623e-06,54898,40008,83395,16623
144255,1.1446100313623148e-05,0.0,3.010876704908847e-09,7.565309324190623e-06,54899,40009,83396,16624
145280,1.1446100313623148e-05,0.0,3.010876704908847e-09,7.565309324190623e-06,54900,40010,83397,16625
144826,1.1446100313623148e-05,0.0,3.010876704908847e-09,7.565309324190623e-06,54901,40011,83398,16626
143322,1.1446100313623148e-05,0.0,3.010876704908847e-09,7.565309324190623e-06,54902,40012,83399,16627
144718,1.1446100313623148e-05,0.0,3.010876704908847e-09,7.565309324190623e-06,54903,40013,83400,16628
145103,1.1446100313623148e-05,0.0,3.010876704908847e-09,7.565309324190623e-06,54904,40014,83401,16629
145095,1.1446100313623148e-05,0.0,3.010876704908847e-09,7.565309324190623e-06,54905,40015,83402,16630
143946,1.1446100313623148e-05,0.0,3.010876704908847e-09,7.565309324190623e-06,54906,40016,83403,16631
143016,1.1446100313623148e-05,0.0,3.010876704908847e-09,7.565309324190623e-06,54907,40017,83404,16632
143510,1.1446100313623148e-05,0.0,3.010876704908847e-09,7.565309324190623e-06,54908,40018,83405,16633
145944,1.1446100313623148e-05,0.0,3.010876704908847e-09,7.565309324190623e-06,54909,40019,83406,16634
144377,1.1446100313623148e-05,0.0,3.010876704908847e-09,7.565309324190623e-06,54910,40020,83407,16635
143499,1.1446100313623148e-05,0.0,3.010876704908847e-09,7.565309324190623e-06,54911,40021,83408,16636
146567,1.1446100313623148e-05,0.0,3.010876704908847e-09,7.565309324190623e-06,54912,40022,83409,16637
143161,1.1446100313623148e-05,0.0,3.010876704908847e-09,7.565309324190623e-06,54913,40023,83410,16638
145052,1.1446100313623148e-05,0.0,3.010876704908847e-09,7.565309324190623e-06,54914,40024,83411,16639
145731,1.1446100313623148e-05,0.0,3.010876704908847e-09,7.565309324190623e-06,54915,40025,83412,16640
144683,1.1446100313623148e-05,0.0,3.010876704908847e-09,7.565309324190623e-06,54916,40026,83413,16641
145048,1.1446100313623148e-05,0.0,3.010876704908847e-09,7.565309324190623e-06,54917,40027,83414,16642
143833,1.1446100313623148e-05,0.0,3.010876704908847e-09,7.565309324190623e-06,54918,40028,83415,16643
142793,1.1446100313623148e-05,0.0,3.010876704908847e-09,7.565309324190623e-06,54919,40029,83416,16644
145979,1.1446100313623148e-05,0.0,3.010876704908847e-09,7.565309324190623e-06,54920,40030,83417,16645
144971,1.1446100313623148e-05,0.0,3.010876704908847e-09,7.565309324190623e-06,54921,40031,83418,16646
144287,1.1446100313623148e-05,0.0,3.010876704908847e-09,7.565309324190623e-06,54922,40032,83419,16647
144827,1.1446100313623148e-05,0.0,3.010876704908847e-09,7.565309324190623e-06,54923,40033,83420,16648
144518,1.1446100313623148e-05,0.0,3.010876704908847e-09,7.565309324190623e-06,54924,40034,83421,16649
145443,1.1446100313623148e-05,0.0,3.010876704908847e-09,7.565309324190623e-06,54925,40035,83422,16650
146382,1.1446100313623148e-05,0.0,3.010876704908847e-09,7.565309324190623e-06,54926,40036,83423,16651
145581,1.1446100313623148e-05,0.0,3.010876704908847e-09,7.565309324190623e-06,54927,40037,83424,16652
143979,1.1446100313623148e-05,0.0,3.010876704908847e-09,7.565309324190623e-06,54928,40038,83425,16653
144831,1.1446100313623148e-05,0.0,3.010876704908847e-09,7.565309324190623e-06,54929,40039,83426,16654
145328,1.1446100313623148e-05,0.0,3.010876704908847e-09,7.565309324190623e-06,54930,40040,83427,16655
146375,1.1446100313623148e-05,0.0,3.010876704908847e-09,7.565309324190623e-06,54931,40041,83428,16656
144976,1.1446100313623148e-05,0.0,3.010876704908847e-09,7.565309324190623e-06,54932,40042,83429,16657
144463,1.1446100313623148e-05,0.0,3.010876704908847e-09,7.565309324190623e-06,54933,40043,83430,16658
145041,1.1446100313623148e-05,0.0,3.010876704908847e-09,7.565309324190623e-06,54934,40044,83431,16659
143974,1.1446100313623148e-05,0.0,3.010876704908847e-09,7.565309324190623e-06,54935,40045,83432,16660
144245,1.1446100313623148e-05,0.0,3.010876704908847e-09,7.565309324190623e-06,54936,40046,83433,16661
146195,1.1446100313623148e-05,0.0,3.010876704908847e-09,7.565309324190623e-06,54937,40047,83434,16662
144522,1.1446100313623148e-05,0.0,3.010876704908847e-09,7.565309324190623e-06,54938,40048,83435,16663
146168,1.1446100313623148e-05,0.0,3.010876704908847e-09,7.565309324190623e-06,54939,40049,83436,16664
143286,1.1446100313623148e-05,0.0,3.010876704908847e-09,7.565309324190623e-06,54940,40050,83437,16665
143430,1.1446100313623148e-05,0.0,3.010876704908847e-09,7.565309324190623e-06,54941,40051,83438,16666
146538,1.1446100313623148e-05,0.0,3.010876704908847e-09,7.565309324190623e-06,54942,40052,83439,16667
143769,1.1446100313623148e-05,0.0,3.010876704908847e-09,7.565309324190623e-06,54943,40053,83440,16668
145486,1.1446100313623148e-05,0.0,3.010876704908847e-09,7.565309324190623e-06,54944,40054,83441,16669
142902,1.1446100313623148e-05,0.0,3.010876704908847e-09,7.565309324190623e-06,54945,40055,83442,16670
143365,1.1446100313623148e-05,0.0,3.010876704908847e-09,7.565309324190623e-06,54946,40056,83443,16671
146174,1.1446100313623148e-05,0.0,3.010876704908847e-09,7.565309324190623e-06,54947,40057,83444,16672
144905,1.1446100313623148e-05,0.0,3.010876704908847e-09,7.565309324190623e-06,54948,40058,83445,16673
145438,1.1446100313623148e-05,0.0,3.010876704908847e-09,7.565309324190623e-06,54949,40059,83446,16674
146399,1.1446100313623148e-05,0.0,3.010876704908847e-09,7.565309324190623e-06,54950,40060,83447,16675
143235,1.1446100313623148e-05,0.0,3.010876704908847e-09,7.565309324190623e-06,54951,40061,83448,16676
143793,1.1446100313623148e-05,0.0,3.010876704908847e-09,7.565309324190623e-06,54952,40062,83449,16677
144304,1.1446100313623148e-05,0.0,3.010876704908847e-09,7.565309324190623e-06,54953,40063,83450,16678
145019,1.1446100313623148e-05,0.0,3.010876704908847e-09,7.565309324190623e-06,54954,40064,83451,16679
143938,1.1446100313623148e-05,0.0,3.010876704908847e-09,7.565309324190623e-06,54955,40065,83452,16680
144092,1.1446100313623148e-05,0.0,3.010876704908847e-09,7.565309324190623e-06,54956,40066,83453,16681
145586,1.1446100313623148e-05,0.0,3.010876704908847e-09,7.565309324190623e-06,54957,40067,83454,16682
143966,1.1446100313623148e-05,0.0,3.010876704908847e-09,7.565309324190623e-06,54958,40068,83455,16683
143027,1.1446100313623148e-05,0.0,3.010876704908847e-09,7.565309324190623e-06,54959,40069,83456,16684
143878,1.1446100313623148e-05,0.0,3.010876704908847e-09,7.565309324190623e-06,54960,40070,83457,16685
144881,1.1446100313623148e-05,0.0,3.010876704908847e-09,7.565309324190623e-06,54961,40071,83458,16686
145561,1.1446100313623148e-05,0.0,3.010876704908847e-09,7.565309324190623e-06,54962,40072,83459,16687
144635,1.1446100313623148e-05,0.0,3.010876704908847e-09,7.565309324190623e-06,54963,40073,83460,16688
144944,1.1446100313623148e-05,0.0,3.010876704908847e-09,7.565309324190623e-06,54964,40074,83461,16689
143548,1.1446100313623148e-05,0.0,3.010876704908847e-09,7.565309324190623e-06,54965,40075,83462,16690
142991,1.1446100313623148e-05,0.0,3.010876704908847e-09,7.565309324190623e-06,54966,40076,83463,16691
146109,1.1446100313623148e-05,0.0,3.010876704908847e-09,7.565309324190623e-06,54967,40077,83464,16692
145744,1.1446100313623148e-05,0.0,3.010876704908847e-09,7.565309324190623e-06,54968,40078,83465,16693
145848,1.1446100313623148e-05,0.0,3.010876704908847e-09,7.565309324190623e-06,54969,40079,83466,16694
145422,1.1446100313623148e-05,0.0,3.010876704908847e-09,7.565309324190623e-06,54970,40080,83467,16695
145869,1.1446100313623148e-05,0.0,3.010876704908847e-09,7.565309324190623e-06,54971,40081,83468,16696
144169,1.1446100313623148e-05,0.0,3.010876704908847e-09,7.565309324190623e-06,54972,40082,83469,16697
146267,1.1446100313623148e-05,0.0,3.010876704908847e-09,7.565309324190623e-06,54973,40083,83470,16698
144815,1.1446100313623148e-05,0.0,3.010876704908847e-09,7.565309324190623e-06,54974,40084,83471,16699
146105,1.1446100313623148e-05,0.0,3.010876704908847e-09,7.565309324190623e-06,54975,40085,83472,16700
146378,1.1446100313623148e-05,0.0,3.010876704908847e-09,7.565309324190623e-06,54976,40086,83473,16701
145299,1.1446100313623148e-05,0.0,3.010876704908847e-09,7.565309324190623e-06,54977,40087,83474,16702
143350,1.1446100313623148e-05,0.0,3.010876704908847e-09,7.565309324190623e-06,54978,40088,83475,16703
143591,1.1446100313623148e-05,0.0,3.010876704908847e-09,7.565309324190623e-06,54979,40089,83476,16704
146034,1.1446100313623148e-05,0.0,3.010876704908847e-09,7.565309324190623e-06,54980,40090,83477,16705
144935,1.1446100313623148e-05,0.0,3.010876704908847e-09,7.565309324190623e-06,54981,40091,83478,16706
144342,1.1446100313623148e-05,0.0,3.010876704908847e-09,7.565309324190623e-06,54982,40092,83479,16707
142688,1.1446100313623148e-05,0.0,3.010876704908847e-09,7.565309324190623e-06,54983,40093,83480,16708
145312,1.1446100313623148e-05,0.0,3.010876704908847e-09,7.565309324190623e-06,54984,40094,83481,16709
145799,1.1446100313623148e-05,0.0,3.010876704908847e-09,7.565309324190623e-06,54985,40095,83482,16710
146409,1.1446100313623148e-05,0.0,3.010876704908847e-09,7.565309324190623e-06,54986,40096,83483,16711
143034,1.1446100313623148e-05,0.0,3.010876704908847e-09,7.565309324190623e-06,54987,40097,83484,16712
144213,1.1446100313623148e-05,0.0,3.010876704908847e-09,7.565309324190623e-06,54988,40098,83485,16713
145463,1.1446100313623148e-05,0.0,3.010876704908847e-09,7.565309324190623e-06,54989,40099,83486,16714
145119,1.1446100313623148e-05,0.0,3.010876704908847e-09,7.565309324190623e-06,54990,40100,83487,16715
146452,1.1446100313623148e-05,0.0,3.010876704908847e-09,7.565309324190623e-06,54991,40101,83488,16716
143480,1.1446100313623148e-05,0.0,3.010876704908847e-09,7.565309324190623e-06,54992,40102,83489,16717
146290,1.1446100313623148e-05,0.0,3.010876704908847e-09,7.565309324190623e-06,54993,40103,83490,16718
145814,1.1446100313623148e-05,0.0,3.010876704908847e-09,7.565309324190623e-06,54994,40104,83491,16719
143377,1.1446100313623148e-05,0.0,3.010876704908847e-09,7.565309324190623e-06,54995,40105,83492,16720
145069,1.1446100313623148e-05,0.0,3.010876704908847e-09,7.565309324190623e-06,54996,40106,83493,16721
144597,1.1446100313623148e-05,0.0,3.010876704908847e-09,7.565309324190623e-06,54997,40107,83494,16722
146222,1.1446100313623148e-05,0.0,3.010876704908847e-09,7.565309324190623e-06,54998,40108,83495,16723
146358,1.1446100313623148e-05,0.0,3.010876704908847e-09,7.565309324190623e-06,54999,40109,83496,16724
144335,1.1446100313623148e-05,0.0,3.010876704908847e-09,7.565309324190623e-06,55000,40110,83497,16725
145905,1.1446100313623148e-05,0.0,3.010876704908847e-09,7.565309324190623e-06,55001,40111,83498,16726
144300,1.1446100313623148e-05,0.0,3.010876704908847e-09,7.565309324190623e-06,55002,40112,83499,16727
145527,1.1446100313623148e-05,0.0,3.010876704908847e-09,7.565309324190623e-06,55003,40113,83500,16728
146530,1.1446100313623148e-05,0.0,3.010876704908847e-09,7.565309324190623e-06,55004,40114,83501,16729
143283,1.1446100313623148e-05,0.0,3.010876704908847e-09,7.565309324190623e-06,55005,40115,83502,16730
143607,1.1446100313623148e-05,0.0,3.010876704908847e-09,7.565309324190623e-06,55006,40116,83503,16731
142922,1.1446100313623148e-05,0.0,3.010876704908847e-09,7.565309324190623e-06,55007,40117,83504,16732
146065,1.1446100313623148e-05,0.0,3.010876704908847e-09,7.565309324190623e-06,55008,40118,83505,16733
146130,1.1446100313623148e-05,0.0,3.010876704908847e-09,7.565309324190623e-06,55009,40119,83506,16734
144552,1.1446100313623148e-05,0.0,3.010876704908847e-09,7.565309324190623e-06,55010,40120,83507,16735
142821,1.1446100313623148e-05,0.0,3.010876704908847e-09,7.565309324190623e-06,55011,40121,83508,16736
143993,1.1446100313623148e-05,0.0,3.010876704908847e-09,7.565309324190623e-06,55012,40122,83509,16737
145202,1.1446100313623148e-05,0.0,3.010876704908847e-09,7.565309324190623e-06,55013,40123,83510,16738
143599,1.1446100313623148e-05,0.0,3.010876704908847e-09,7.565309324190623e-06,55014,40124,83511,16739
145900,1.1446100313623148e-05,0.0,3.010876704908847e-09,7.565309324190623e-06,55015,40125,83512,16740
146505,1.1446100313623148e-05,0.0,3.010876704908847e-09,7.565309324190623e-06,55016,40126,83513,16741
145811,1.1446100313623148e-05,0.0,3.010876704908847e-09,7.565309324190623e-06,55017,40127,83514,16742
143809,1.1446100313623148e-05,0.0,3.010876704908847e-09,7.565309324190623e-06,55018,40128,83515,16743
144044,1.1446100313623148e-05,0.0,3.010876704908847e-09,7.565309324190623e-06,55019,40129,83516,16744
143894,1.1446100313623148e-05,0.0,3.010876704908847e-09,7.565309324190623e-06,55020,40130,83517,16745
143204,1.1446100313623148e-05,0.0,3.010876704908847e-09,7.565309324190623e-06,55021,40131,83518,16746
144739,1.1446100313623148e-05,0.0,3.010876704908847e-09,7.565309324190623e-06,55022,40132,83519,16747
145344,1.1446100313623148e-05,0.0,3.010876704908847e-09,7.565309324190623e-06,55023,40133,83520,16748
142915,1.1446100313623148e-05,0.0,3.010876704908847e-09,7.565309324190623e-06,55024,40134,83521,16749
145410,1.1446100313623148e-05,0.0,3.010876704908847e-09,7.565309324190623e-06,55025,40135,83522,16750
145314,1.1446100313623148e-05,0.0,3.010876704908847e-09,7.565309324190623e-06,55026,40136,83523,16751
144272,1.1446100313623148e-05,0.0,3.010876704908847e-09,7.565309324190623e-06,55027,40137,83524,16752
143439,1.1446100313623148e-05,0.0,3.010876704908847e-09,7.565309324190623e-06,55028,40138,83525,16753
146179,1.1446100313623148e-05,0.0,3.010876704908847e-09,7.565309324190623e-06,55029,40139,83526,16754
143092,1.1446100313623148e-05,0.0,3.010876704908847e-09,7.565309324190623e-06,55030,40140,83527,16755
145044,1.1446100313623148e-05,0.0,3.010876704908847e-09,7.565309324190623e-06,55031,40141,83528,16756
143986,1.1446100313623148e-05,0.0,3.010876704908847e-09,7.565309324190623e-06,55032,40142,83529,16757
145377,1.1446100313623148e-05,0.0,3.010876704908847e-09,7.565309324190623e-06,55033,40143,83530,16758
142689,1.1446100313623148e-05,0.0,3.010876704908847e-09,7.565309324190623e-06,55034,40144,83531,16759
142757,1.1446100313623148e-05,0.0,3.010876704908847e-09,7.565309324190623e-06,55035,40145,83532,16760
145502,1.1446100313623148e-05,0.0,3.010876704908847e-09,7.565309324190623e-06,55036,40146,83533,16761
143691,1.1446100313623148e-05,0.0,3.010876704908847e-09,7.565309324190623e-06,55037,40147,83534,16762
146286,1.1446100313623148e-05,0.0,3.010876704908847e-09,7.565309324190623e-06,55038,40148,83535,16763
143631,1.1446100313623148e-05,0.0,3.010876704908847e-09,7.565309324190623e-06,55039,40149,83536,16764
144557,1.1446100313623148e-05,0.0,3.010876704908847e-09,7.565309324190623e-06,55040,40150,83537,16765
146128,1.1446100313623148e-05,0.0,3.010876704908847e-09,7.565309324190623e-06,55041,40151,83538,16766
145566,1.1446100313623148e-05,0.0,3.010876704908847e-09,7.565309324190623e-06,55042,40152,83539,16767
144609,1.1446100313623148e-05,0.0,3.010876704908847e-09,7.565309324190623e-06,55043,40153,83540,16768
144043,1.1446100313623148e-05,0.0,3.010876704908847e-09,7.565309324190623e-06,55044,40154,83541,16769
144413,1.1446100313623148e-05,0.0,3.010876704908847e-09,7.565309324190623e-06,55045,40155,83542,16770
145695,1.1446100313623148e-05,0.0,3.010876704908847e-09,7.565309324190623e-06,55046,40156,83543,16771
145455,1.1446100313623148e-05,0.0,3.010876704908847e-09,7.565309324190623e-06,55047,40157,83544,16772
145575,1.1446100313623148e-05,0.0,3.010876704908847e-09,7.565309324190623e-06,55048,40158,83545,16773
146654,1.1446100313623148e-05,0.0,3.010876704908847e-09,7.565309324190623e-06,55049,40159,83546,16774
145437,1.1446100313623148e-05,0.0,3.010876704908847e-09,7.565309324190623e-06,55050,40160,83547,16775
142839,1.1446100313623148e-05,0.0,3.010876704908847e-09,7.565309324190623e-06,55051,40161,83548,16776
143714,1.1446100313623148e-05,0.0,3.010876704908847e-09,7.565309324190623e-06,55052,40162,83549,16777
143224,1.1446100313623148e-05,0.0,3.010876704908847e-09,7.565309324190623e-06,55053,40163,83550,16778
142809,1.1446100313623148e-05,0.0,3.010876704908847e-09,7.565309324190623e-06,55054,40164,83551,16779
146640,1.1446100313623148e-05,0.0,3.010876704908847e-09,7.565309324190623e-06,55055,40165,83552,16780
144170,1.1446100313623148e-05,0.0,3.010876704908847e-09,7.565309324190623e-06,55056,40166,83553,16781
145411,1.1446100313623148e-05,0.0,3.010876704908847e-09,7.565309324190623e-06,55057,40167,83554,16782
144503,1.1446100313623148e-05,0.0,3.010876704908847e-09,7.565309324190623e-06,55058,40168,83555,16783
146597,1.1446100313623148e-05,0.0,3.010876704908847e-09,7.565309324190623e-06,55059,40169,83556,16784
145737,1.1446100313623148e-05,0.0,3.010876704908847e-09,7.565309324190623e-06,55060,40170,83557,16785
146241,1.1446100313623148e-05,0.0,3.010876704908847e-09,7.565309324190623e-06,55061,40171,83558,16786
143799,1.1446100313623148e-05,0.0,3.010876704908847e-09,7.565309324190623e-06,55062,40172,83559,16787
146146,1.1446100313623148e-05,0.0,3.010876704908847e-09,7.565309324190623e-06,55063,40173,83560,16788
143963,1.1446100313623148e-05,0.0,3.010876704908847e-09,7.565309324190623e-06,55064,40174,83561,16789
144816,1.1446100313623148e-05,0.0,3.010876704908847e-09,7.565309324190623e-06,55065,40175,83562,16790
144241,1.1446100313623148e-05,0.0,3.010876704908847e-09,7.565309324190623e-06,55066,40176,83563,16791
146606,1.1446100313623148e-05,0.0,3.010876704908847e-09,7.565309324190623e-06,55067,40177,83564,16792
143481,1.1446100313623148e-05,0.0,3.010876704908847e-09,7.565309324190623e-06,55068,40178,83565,16793
146383,1.1446100313623148e-05,0.0,3.010876704908847e-09,7.565309324190623e-06,55069,40179,83566,16794
146218,1.1446100313623148e-05,0.0,3.010876704908847e-09,7.565309324190623e-06,55070,40180,83567,16795
146583,1.1446100313623148e-05,0.0,3.010876704908847e-09,7.565309324190623e-06,55071,40181,83568,16796
143036,1.1446100313623148e-05,0.0,3.010876704908847e-09,7.565309324190623e-06,55072,40182,83569,16797
144647,1.1446100313623148e-05,0.0,3.010876704908847e-09,7.565309324190623e-06,55073,40183,83570,16798
143724,1.1446100313623148e-05,0.0,3.010876704908847e-09,7.565309324190623e-06,55074,40184,83571,16799
146025,1.1446100313623148e-05,0.0,3.010876704908847e-09,7.565309324190623e-06,55075,40185,83572,16800
146367,1.1446100313623148e-05,0.0,3.010876704908847e-09,7.565309324190623e-06,55076,40186,83573,16801
143515,1.1446100313623148e-05,0.0,3.010876704908847e-09,7.565309324190623e-06,55077,40187,83574,16802
144698,1.1446100313623148e-05,0.0,3.010876704908847e-09,7.565309324190623e-06,55078,40188,83575,16803
146014,1.1446100313623148e-05,0.0,3.010876704908847e-09,7.565309324190623e-06,55079,40189,83576,16804
142870,1.1446100313623148e-05,0.0,3.010876704908847e-09,7.565309324190623e-06,55080,40190,83577,16805
145192,1.1446100313623148e-05,0.0,3.010876704908847e-09,7.565309324190623e-06,55081,40191,83578,16806
145416,1.1446100313623148e-05,0.0,3.010876704908847e-09,7.565309324190623e-06,55082,40192,83579,16807
145883,1.1446100313623148e-05,0.0,3.010876704908847e-09,7.565309324190623e-06,55083,40193,83580,16808
142755,1.1446100313623148e-05,0.0,3.010876704908847e-09,7.565309324190623e-06,55084,40194,83581,16809
143972,1.1446100313623148e-05,0.0,3.010876704908847e-09,7.565309324190623e-06,55085,40195,83582,16810
143888,1.1446100313623148e-05,0.0,3.010876704908847e-09,7.565309324190623e-06,55086,40196,83583,16811
143672,1.1446100313623148e-05,0.0,3.010876704908847e-09,7.565309324190623e-06,55087,40197,83584,16812
145954,1.1446100313623148e-05,0.0,3.010876704908847e-09,7.565309324190623e-06,55088,40198,83585,16813
144408,1.1446100313623148e-05,0.0,3.010876704908847e-09,7.565309324190623e-06,55089,40199,83586,16814
143822,1.1446100313623148e-05,0.0,3.010876704908847e-09,7.565309324190623e-06,55090,40200,83587,16815
143975,1.1446100313623148e-05,0.0,3.010876704908847e-09,7.565309324190623e-06,55091,40201,83588,16816
144750,1.1446100313623148e-05,0.0,3.010876704908847e-09,7.565309324190623e-06,55092,40202,83589,16817
144776,1.1446100313623148e-05,0.0,3.010876704908847e-09,7.565309324190623e-06,55093,40203,83590,16818
144879,1.1446100313623148e-05,0.0,3.010876704908847e-09,7.565309324190623e-06,55094,40204,83591,16819
142935,1.1446100313623148e-05,0.0,3.010876704908847e-09,7.565309324190623e-06,55095,40205,83592,16820
145283,1.1446100313623148e-05,0.0,3.010876704908847e-09,7.565309324190623e-06,55096,40206,83593,16821
145755,1.1446100313623148e-05,0.0,3.010876704908847e-09,7.565309324190623e-06,55097,40207,83594,16822
144182,1.1446100313623148e-05,0.0,3.010876704908847e-09,7.565309324190623e-06,55098,40208,83595,16823
143290,1.1446100313623148e-05,0.0,3.010876704908847e-09,7.565309324190623e-06,55099,40209,83596,16824
144801,1.1446100313623148e-05,0.0,3.010876704908847e-09,7.565309324190623e-06,55100,40210,83597,16825
145923,1.1446100313623148e-05,0.0,3.010876704908847e-09,7.565309324190623e-06,55101,40211,83598,16826
145830,1.1446100313623148e-05,0.0,3.010876704908847e-09,7.565309324190623e-06,55102,40212,83599,16827
145791,1.1446100313623148e-05,0.0,3.010876704908847e-09,7.565309324190623e-06,55103,40213,83600,16828
142808,1.1446100313623148e-05,0.0,3.010876704908847e-09,7.565309324190623e-06,55104,40214,83601,16829
144756,1.1446100313623148e-05,0.0,3.010876704908847e-09,7.565309324190623e-06,55105,40215,83602,16830
143294,1.1446100313623148e-05,0.0,3.010876704908847e-09,7.565309324190623e-06,55106,40216,83603,16831
144830,1.1446100313623148e-05,0.0,3.010876704908847e-09,7.565309324190623e-06,55107,40217,83604,16832
144937,1.1446100313623148e-05,0.0,3.010876704908847e-09,7.565309324190623e-06,55108,40218,83605,16833
143697,1.1446100313623148e-05,0.0,3.010876704908847e-09,7.565309324190623e-06,55109,40219,83606,16834
145876,1.1446100313623148e-05,0.0,3.010876704908847e-09,7.565309324190623e-06,55110,40220,83607,16835
144321,1.1446100313623148e-05,0.0,3.010876704908847e-09,7.565309324190623e-06,55111,40221,83608,16836
145153,1.1446100313623148e-05,0.0,3.010876704908847e-09,7.565309324190623e-06,55112,40222,83609,16837
142792,1.1446100313623148e-05,0.0,3.010876704908847e-09,7.565309324190623e-06,55113,40223,83610,16838
145639,1.1446100313623148e-05,0.0,3.010876704908847e-09,7.565309324190623e-06,55114,40224,83611,16839
143927,1.1446100313623148e-05,0.0,3.010876704908847e-09,7.565309324190623e-06,55115,40225,83612,16840
143017,1.1446100313623148e-05,0.0,3.010876704908847e-09,7.565309324190623e-06,55116,40226,83613,16841
143976,1.1446100313623148e-05,0.0,3.010876704908847e-09,7.565309324190623e-06,55117,40227,83614,16842
144696,1.1446100313623148e-05,0.0,3.010876704908847e-09,7.565309324190623e-06,55118,40228,83615,16843
143757,1.1446100313623148e-05,0.0,3.010876704908847e-09,7.565309324190623e-06,55119,40229,83616,16844
144275,1.1446100313623148e-05,0.0,3.010876704908847e-09,7.565309324190623e-06,55120,40230,83617,16845
144469,1.1446100313623148e-05,0.0,3.010876704908847e-09,7.565309324190623e-06,55121,40231,83618,16846
144664,1.1446100313623148e-05,0.0,3.010876704908847e-09,7.565309324190623e-06,55122,40232,83619,16847
144449,1.1446100313623148e-05,0.0,3.010876704908847e-09,7.565309324190623e-06,55123,40233,83620,16848
145369,1.1446100313623148e-05,0.0,3.010876704908847e-09,7.565309324190623e-06,55124,40234,83621,16849
144793,1.1446100313623148e-05,0.0,3.010876704908847e-09,7.565309324190623e-06,55125,40235,83622,16850
144646,1.1446100313623148e-05,0.0,3.010876704908847e-09,7.565309324190623e-06,55126,40236,83623,16851
146145,1.1446100313623148e-05,0.0,3.010876704908847e-09,7.565309324190623e-06,55127,40237,83624,16852
142774,1.1446100313623148e-05,0.0,3.010876704908847e-09,7.565309324190623e-06,55128,40238,83625,16853
143651,1.1446100313623148e-05,0.0,3.010876704908847e-09,7.565309324190623e-06,55129,40239,83626,16854
145711,1.1446100313623148e-05,0.0,3.010876704908847e-09,7.565309324190623e-06,55130,40240,83627,16855
142778,1.1446100313623148e-05,0.0,3.010876704908847e-09,7.565309324190623e-06,55131,40241,83628,16856
144605,1.1446100313623148e-05,0.0,3.010876704908847e-09,7.565309324190623e-06,55132,40242,83629,16857
143701,1.1446100313623148e-05,0.0,3.010876704908847e-09,7.565309324190623e-06,55133,40243,83630,16858
144668,1.1446100313623148e-05,0.0,3.010876704908847e-09,7.565309324190623e-06,55134,40244,83631,16859
145397,1.1446100313623148e-05,0.0,3.010876704908847e-09,7.565309324190623e-06,55135,40245,83632,16860
143578,1.1446100313623148e-05,0.0,3.010876704908847e-09,7.565309324190623e-06,55136,40246,83633,16861
146057,1.1446100313623148e-05,0.0,3.010876704908847e-09,7.565309324190623e-06,55137,40247,83634,16862
145125,1.1446100313623148e-05,0.0,3.010876704908847e-09,7.565309324190623e-06,55138,40248,83635,16863
145707,1.1446100313623148e-05,0.0,3.010876704908847e-09,7.565309324190623e-06,55139,40249,83636,16864
146201,1.1446100313623148e-05,0.0,3.010876704908847e-09,7.565309324190623e-06,55140,40250,83637,16865
143992,1.1446100313623148e-05,0.0,3.010876704908847e-09,7.565309324190623e-06,55141,40251,83638,16866
146237,1.1446100313623148e-05,0.0,3.010876704908847e-09,7.565309324190623e-06,55142,40252,83639,16867
142983,1.1446100313623148e-05,0.0,3.010876704908847e-09,7.565309324190623e-06,55143,40253,83640,16868
142769,1.1446100313623148e-05,0.0,3.010876704908847e-09,7.565309324190623e-06,55144,40254,83641,16869
142773,1.1446100313623148e-05,0.0,3.010876704908847e-09,7.565309324190623e-06,55145,40255,83642,16870
143815,1.1446100313623148e-05,0.0,3.010876704908847e-09,7.565309324190623e-06,55146,40256,83643,16871
146345,1.1446100313623148e-05,0.0,3.010876704908847e-09,7.565309324190623e-06,55147,40257,83644,16872
146537,1.1446100313623148e-05,0.0,3.010876704908847e-09,7.565309324190623e-06,55148,40258,83645,16873
145840,1.1446100313623148e-05,0.0,3.010876704908847e-09,7.565309324190623e-06,55149,40259,83646,16874
144126,1.1446100313623148e-05,0.0,3.010876704908847e-09,7.565309324190623e-06,55150,40260,83647,16875
145146,1.1446100313623148e-05,0.0,3.010876704908847e-09,7.565309324190623e-06,55151,40261,83648,16876
142854,1.1446100313623148e-05,0.0,3.010876704908847e-09,7.565309324190623e-06,55152,40262,83649,16877
144334,1.1446100313623148e-05,0.0,3.010876704908847e-09,7.565309324190623e-06,55153,40263,83650,16878
145150,1.1446100313623148e-05,0.0,3.010876704908847e-09,7.565309324190623e-06,55154,40264,83651,16879
143308,1.1446100313623148e-05,0.0,3.010876704908847e-09,7.565309324190623e-06,55155,40265,83652,16880
143138,1.1446100313623148e-05,0.0,3.010876704908847e-09,7.565309324190623e-06,55156,40266,83653,16881
143267,1.1446100313623148e-05,0.0,3.010876704908847e-09,7.565309324190623e-06,55157,40267,83654,16882
143013,1.1446100313623148e-05,0.0,3.010876704908847e-09,7.565309324190623e-06,55158,40268,83655,16883
145808,1.1446100313623148e-05,0.0,3.010876704908847e-09,7.565309324190623e-06,55159,40269,83656,16884
145853,1.1446100313623148e-05,0.0,3.010876704908847e-09,7.565309324190623e-06,55160,40270,83657,16885
144610,1.1446100313623148e-05,0.0,3.010876704908847e-09,7.565309324190623e-06,55161,40271,83658,16886
142727,1.1446100313623148e-05,0.0,3.010876704908847e-09,7.565309324190623e-06,55162,40272,83659,16887
145874,1.1446100313623148e-05,0.0,3.010876704908847e-09,7.565309324190623e-06,55163,40273,83660,16888
146107,1.1446100313623148e-05,0.0,3.010876704908847e-09,7.565309324190623e-06,55164,40274,83661,16889
144487,1.1446100313623148e-05,0.0,3.010876704908847e-09,7.565309324190623e-06,55165,40275,83662,16890
143355,1.1446100313623148e-05,0.0,3.010876704908847e-09,7.565309324190623e-06,55166,40276,83663,16891
143969,1.1446100313623148e-05,0.0,3.010876704908847e-09,7.565309324190623e-06,55167,40277,83664,16892
146531,1.1446100313623148e-05,0.0,3.010876704908847e-09,7.565309324190623e-06,55168,40278,83665,16893
143489,1.1446100313623148e-05,0.0,3.010876704908847e-09,7.565309324190623e-06,55169,40279,83666,16894
145363,1.1446100313623148e-05,0.0,3.010876704908847e-09,7.565309324190623e-06,55170,40280,83667,16895
143253,1.1446100313623148e-05,0.0,3.010876704908847e-09,7.565309324190623e-06,55171,40281,83668,16896
145189,1.1446100313623148e-05,0.0,3.010876704908847e-09,7.565309324190623e-06,55172,40282,83669,16897
146521,1.1446100313623148e-05,0.0,3.010876704908847e-09,7.565309324190623e-06,55173,40283,83670,16898
144641,1.1446100313623148e-05,0.0,3.010876704908847e-09,7.565309324190623e-06,55174,40284,83671,16899
143107,1.1446100313623148e-05,0.0,3.010876704908847e-09,7.565309324190623e-06,55175,40285,83672,16900
143193,1.1446100313623148e-05,0.0,3.010876704908847e-09,7.565309324190623e-06,55176,40286,83673,16901
145856,1.1446100313623148e-05,0.0,3.010876704908847e-09,7.565309324190623e-06,55177,40287,83674,16902
143617,1.1446100313623148e-05,0.0,3.010876704908847e-09,7.565309324190623e-06,55178,40288,83675,16903
143360,1.1446100313623148e-05,0.0,3.010876704908847e-09,7.565309324190623e-06,55179,40289,83676,16904
143531,1.1446100313623148e-05,0.0,3.010876704908847e-09,7.565309324190623e-06,55180,40290,83677,16905
146496,1.1446100313623148e-05,0.0,3.010876704908847e-09,7.565309324190623e-06,55181,40291,83678,16906
144363,1.1446100313623148e-05,0.0,3.010876704908847e-09,7.565309324190623e-06,55182,40292,83679,16907
144431,1.1446100313623148e-05,0.0,3.010876704908847e-09,7.565309324190623e-06,55183,40293,83680,16908
143158,1.1446100313623148e-05,0.0,3.010876704908847e-09,7.565309324190623e-06,55184,40294,83681,16909
143012,1.1446100313623148e-05,0.0,3.010876704908847e-09,7.565309324190623e-06,55185,40295,83682,16910
144103,1.1446100313623148e-05,0.0,3.010876704908847e-09,7.565309324190623e-06,55186,40296,83683,16911
143410,1.1446100313623148e-05,0.0,3.010876704908847e-09,7.565309324190623e-06,55187,40297,83684,16912
143238,1.1446100313623148e-05,0.0,3.010876704908847e-09,7.565309324190623e-06,55188,40298,83685,16913
146414,1.1446100313623148e-05,0.0,3.010876704908847e-09,7.565309324190623e-06,55189,40299,83686,16914
143243,1.1446100313623148e-05,0.0,3.010876704908847e-09,7.565309324190623e-06,55190,40300,83687,16915
142718,1.1446100313623148e-05,0.0,3.010876704908847e-09,7.565309324190623e-06,55191,40301,83688,16916
144134,1.1446100313623148e-05,0.0,3.010876704908847e-09,7.565309324190623e-06,55192,40302,83689,16917
143111,1.1446100313623148e-05,0.0,3.010876704908847e-09,7.565309324190623e-06,55193,40303,83690,16918
143605,1.1446100313623148e-05,0.0,3.010876704908847e-09,7.565309324190623e-06,55194,40304,83691,16919
143471,1.1446100313623148e-05,0.0,3.010876704908847e-09,7.565309324190623e-06,55195,40305,83692,16920
145617,1.1446100313623148e-05,0.0,3.010876704908847e-09,7.565309324190623e-06,55196,40306,83693,16921
146194,1.1446100313623148e-05,0.0,3.010876704908847e-09,7.565309324190623e-06,55197,40307,83694,16922
145757,1.1446100313623148e-05,0.0,3.010876704908847e-09,7.565309324190623e-06,55198,40308,83695,16923
143486,1.1446100313623148e-05,0.0,3.010876704908847e-09,7.565309324190623e-06,55199,40309,83696,16924
146324,1.1446100313623148e-05,0.0,3.010876704908847e-09,7.565309324190623e-06,55200,40310,83697,16925
144769,1.1446100313623148e-05,0.0,3.010876704908847e-09,7.565309324190623e-06,55201,40311,83698,16926
145195,1.1446100313623148e-05,0.0,3.010876704908847e-09,7.565309324190623e-06,55202,40312,83699,16927
145844,1.1446100313623148e-05,0.0,3.010876704908847e-09,7.565309324190623e-06,55203,40313,83700,16928
145426,1.1446100313623148e-05,0.0,3.010876704908847e-09,7.565309324190623e-06,55204,40314,83701,16929
145922,1.1446100313623148e-05,0.0,3.010876704908847e-09,7.565309324190623e-06,55205,40315,83702,16930
144915,1.1446100313623148e-05,0.0,3.010876704908847e-09,7.565309324190623e-06,55206,40316,83703,16931
144217,1.1446100313623148e-05,0.0,3.010876704908847e-09,7.565309324190623e-06,55207,40317,83704,16932
144486,1.1446100313623148e-05,0.0,3.010876704908847e-09,7.565309324190623e-06,55208,40318,83705,16933
143487,1.1446100313623148e-05,0.0,3.010876704908847e-09,7.565309324190623e-06,55209,40319,83706,16934
146502,1.1446100313623148e-05,0.0,3.010876704908847e-09,7.565309324190623e-06,55210,40320,83707,16935
143119,1.1446100313623148e-05,0.0,3.010876704908847e-09,7.565309324190623e-06,55211,40321,83708,16936
145033,1.1446100313623148e-05,0.0,3.010876704908847e-09,7.565309324190623e-06,55212,40322,83709,16937
144159,1.1446100313623148e-05,0.0,3.010876704908847e-09,7.565309324190623e-06,55213,40323,83710,16938
144543,1.1446100313623148e-05,0.0,3.010876704908847e-09,7.565309324190623e-06,55214,40324,83711,16939
144260,1.1446100313623148e-05,0.0,3.010876704908847e-09,7.565309324190623e-06,55215,40325,83712,16940
143732,1.1446100313623148e-05,0.0,3.010876704908847e-09,7.565309324190623e-06,55216,40326,83713,16941
144312,1.1446100313623148e-05,0.0,3.010876704908847e-09,7.565309324190623e-06,55217,40327,83714,16942
146376,1.1446100313623148e-05,0.0,3.010876704908847e-09,7.565309324190623e-06,55218,40328,83715,16943
145121,1.1446100313623148e-05,0.0,3.010876704908847e-09,7.565309324190623e-06,55219,40329,83716,16944
144303,1.1446100313623148e-05,0.0,3.010876704908847e-09,7.565309324190623e-06,55220,40330,83717,16945
143595,1.1446100313623148e-05,0.0,3.010876704908847e-09,7.565309324190623e-06,55221,40331,83718,16946
143097,1.1446100313623148e-05,0.0,3.010876704908847e-09,7.565309324190623e-06,55222,40332,83719,16947
146158,1.1446100313623148e-05,0.0,3.010876704908847e-09,7.565309324190623e-06,55223,40333,83720,16948
145264,1.1446100313623148e-05,0.0,3.010876704908847e-09,7.565309324190623e-06,55224,40334,83721,16949
144282,1.1446100313623148e-05,0.0,3.010876704908847e-09,7.565309324190623e-06,55225,40335,83722,16950
143216,1.1446100313623148e-05,0.0,3.010876704908847e-09,7.565309324190623e-06,55226,40336,83723,16951
144812,1.1446100313623148e-05,0.0,3.010876704908847e-09,7.565309324190623e-06,55227,40337,83724,16952
142758,1.1446100313623148e-05,0.0,3.010876704908847e-09,7.565309324190623e-06,55228,40338,83725,16953
145733,1.1446100313623148e-05,0.0,3.010876704908847e-09,7.565309324190623e-06,55229,40339,83726,16954
146319,1.1446100313623148e-05,0.0,3.010876704908847e-09,7.565309324190623e-06,55230,40340,83727,16955
142815,1.1446100313623148e-05,0.0,3.010876704908847e-09,7.565309324190623e-06,55231,40341,83728,16956
145243,1.1446100313623148e-05,0.0,3.010876704908847e-09,7.565309324190623e-06,55232,40342,83729,16957
143519,1.1446100313623148e-05,0.0,3.010876704908847e-09,7.565309324190623e-06,55233,40343,83730,16958
146677,1.1446100313623148e-05,0.0,3.010876704908847e-09,7.565309324190623e-06,55234,40344,83731,16959
144622,1.1446100313623148e-05,0.0,3.010876704908847e-09,7.565309324190623e-06,55235,40345,83732,16960
145585,1.1446100313623148e-05,0.0,3.010876704908847e-09,7.565309324190623e-06,55236,40346,83733,16961
143479,1.1446100313623148e-05,0.0,3.010876704908847e-09,7.565309324190623e-06,55237,40347,83734,16962
145099,1.1446100313623148e-05,0.0,3.010876704908847e-09,7.565309324190623e-06,55238,40348,83735,16963
145060,1.1446100313623148e-05,0.0,3.010876704908847e-09,7.565309324190623e-06,55239,40349,83736,16964
144700,1.1446100313623148e-05,0.0,3.010876704908847e-09,7.565309324190623e-06,55240,40350,83737,16965
144419,1.1446100313623148e-05,0.0,3.010876704908847e-09,7.565309324190623e-06,55241,40351,83738,16966
144627,1.1446100313623148e-05,0.0,3.010876704908847e-09,7.565309324190623e-06,55242,40352,83739,16967
145139,1.1446100313623148e-05,0.0,3.010876704908847e-09,7.565309324190623e-06,55243,40353,83740,16968
145297,1.1446100313623148e-05,0.0,3.010876704908847e-09,7.565309324190623e-06,55244,40354,83741,16969
143226,1.1446100313623148e-05,0.0,3.010876704908847e-09,7.565309324190623e-06,55245,40355,83742,16970
146545,1.1446100313623148e-05,0.0,3.010876704908847e-09,7.565309324190623e-06,55246,40356,83743,16971
146135,1.1446100313623148e-05,0.0,3.010876704908847e-09,7.565309324190623e-06,55247,40357,83744,16972
142776,1.1446100313623148e-05,0.0,3.010876704908847e-09,7.565309324190623e-06,55248,40358,83745,16973
143675,1.1446100313623148e-05,0.0,3.010876704908847e-09,7.565309324190623e-06,55249,40359,83746,16974
144279,1.1446100313623148e-05,0.0,3.010876704908847e-09,7.565309324190623e-06,55250,40360,83747,16975
145123,1.1446100313623148e-05,0.0,3.010876704908847e-09,7.565309324190623e-06,55251,40361,83748,16976
145442,1.1446100313623148e-05,0.0,3.010876704908847e-09,7.565309324190623e-06,55252,40362,83749,16977
144679,1.1446100313623148e-05,0.0,3.010876704908847e-09,7.565309324190623e-06,55253,40363,83750,16978
143318,1.1446100313623148e-05,0.0,3.010876704908847e-09,7.565309324190623e-06,55254,40364,83751,16979
144773,1.1446100313623148e-05,0.0,3.010876704908847e-09,7.565309324190623e-06,55255,40365,83752,16980
146300,1.1446100313623148e-05,0.0,3.010876704908847e-09,7.565309324190623e-06,55256,40366,83753,16981
142964,1.1446100313623148e-05,0.0,3.010876704908847e-09,7.565309324190623e-06,55257,40367,83754,16982
142717,1.1446100313623148e-05,0.0,3.010876704908847e-09,7.565309324190623e-06,55258,40368,83755,16983
144354,1.1446100313623148e-05,0.0,3.010876704908847e-09,7.565309324190623e-06,55259,40369,83756,16984
142927,1.1446100313623148e-05,0.0,3.010876704908847e-09,7.565309324190623e-06,55260,40370,83757,16985
144346,1.1446100313623148e-05,0.0,3.010876704908847e-09,7.565309324190623e-06,55261,40371,83758,16986
145987,1.1446100313623148e-05,0.0,3.010876704908847e-09,7.565309324190623e-06,55262,40372,83759,16987
146159,1.1446100313623148e-05,0.0,3.010876704908847e-09,7.565309324190623e-06,55263,40373,83760,16988
146632,1.1446100313623148e-05,0.0,3.010876704908847e-09,7.565309324190623e-06,55264,40374,83761,16989
143663,1.1446100313623148e-05,0.0,3.010876704908847e-09,7.565309324190623e-06,55265,40375,83762,16990
145302,1.1446100313623148e-05,0.0,3.010876704908847e-09,7.565309324190623e-06,55266,40376,83763,16991
144427,1.1446100313623148e-05,0.0,3.010876704908847e-09,7.565309324190623e-06,55267,40377,83764,16992
144227,1.1446100313623148e-05,0.0,3.010876704908847e-09,7.565309324190623e-06,55268,40378,83765,16993
143854,1.1446100313623148e-05,0.0,3.010876704908847e-09,7.565309324190623e-06,55269,40379,83766,16994
145219,1.1446100313623148e-05,0.0,3.010876704908847e-09,7.565309324190623e-06,55270,40380,83767,16995
143003,1.1446100313623148e-05,0.0,3.010876704908847e-09,7.565309324190623e-06,55271,40381,83768,16996
143542,1.1446100313623148e-05,0.0,3.010876704908847e-09,7.565309324190623e-06,55272,40382,83769,16997
145385,1.1446100313623148e-05,0.0,3.010876704908847e-09,7.565309324190623e-06,55273,40383,83770,16998
144918,1.1446100313623148e-05,0.0,3.010876704908847e-09,7.565309324190623e-06,55274,40384,83771,16999
145485,1.1446100313623148e-05,0.0,3.010876704908847e-09,7.565309324190623e-06,55275,40385,83772,17000
143488,1.1446100313623148e-05,0.0,3.010876704908847e-09,7.565309324190623e-06,55276,40386,83773,17001
145696,1.1446100313623148e-05,0.0,3.010876704908847e-09,7.565309324190623e-06,55277,40387,83774,17002
144443,1.1446100313623148e-05,0.0,3.010876704908847e-09,7.565309324190623e-06,55278,40388,83775,17003
145889,1.1446100313623148e-05,0.0,3.010876704908847e-09,7.565309324190623e-06,55279,40389,83776,17004
144189,1.1446100313623148e-05,0.0,3.010876704908847e-09,7.565309324190623e-06,55280,40390,83777,17005
143693,1.1446100313623148e-05,0.0,3.010876704908847e-09,7.565309324190623e-06,55281,40391,83778,17006
145715,1.1446100313623148e-05,0.0,3.010876704908847e-09,7.565309324190623e-06,55282,40392,83779,17007
143172,1.1446100313623148e-05,0.0,3.010876704908847e-09,7.565309324190623e-06,55283,40393,83780,17008
144987,1.1446100313623148e-05,0.0,3.010876704908847e-09,7.565309324190623e-06,55284,40394,83781,17009
145174,1.1446100313623148e-05,0.0,3.010876704908847e-09,7.565309324190623e-06,55285,40395,83782,17010
143747,1.1446100313623148e-05,0.0,3.010876704908847e-09,7.565309324190623e-06,55286,40396,83783,17011
144257,1.1446100313623148e-05,0.0,3.010876704908847e-09,7.565309324190623e-06,55287,40397,83784,17012
146121,1.1446100313623148e-05,0.0,3.010876704908847e-09,7.565309324190623e-06,55288,40398,83785,17013
143386,1.1446100313623148e-05,0.0,3.010876704908847e-09,7.565309324190623e-06,55289,40399,83786,17014
144995,1.1446100313623148e-05,0.0,3.010876704908847e-09,7.565309324190623e-06,55290,40400,83787,17015
144496,1.1446100313623148e-05,0.0,3.010876704908847e-09,7.565309324190623e-06,55291,40401,83788,17016
143650,1.1446100313623148e-05,0.0,3.010876704908847e-09,7.565309324190623e-06,55292,40402,83789,17017
144847,1.1446100313623148e-05,0.0,3.010876704908847e-09,7.565309324190623e-06,55293,40403,83790,17018
145778,1.1446100313623148e-05,0.0,3.010876704908847e-09,7.565309324190623e-06,55294,40404,83791,17019
146432,1.1446100313623148e-05,0.0,3.010876704908847e-09,7.565309324190623e-06,55295,40405,83792,17020
146328,1.1446100313623148e-05,0.0,3.010876704908847e-09,7.565309324190623e-06,55296,40406,83793,17021
143880,1.1446100313623148e-05,0.0,3.010876704908847e-09,7.565309324190623e-06,55297,40407,83794,17022
143996,1.1446100313623148e-05,0.0,3.010876704908847e-09,7.565309324190623e-06,55298,40408,83795,17023
145789,1.1446100313623148e-05,0.0,3.010876704908847e-09,7.565309324190623e-06,55299,40409,83796,17024
142777,1.1446100313623148e-05,0.0,3.010876704908847e-09,7.565309324190623e-06,55300,40410,83797,17025
142957,1.1446100313623148e-05,0.0,3.010876704908847e-09,7.565309324190623e-06,55301,40411,83798,17026
143649,1.1446100313623148e-05,0.0,3.010876704908847e-09,7.565309324190623e-06,55302,40412,83799,17027
144822,1.1446100313623148e-05,0.0,3.010876704908847e-09,7.565309324190623e-06,55303,40413,83800,17028
145414,1.1446100313623148e-05,0.0,3.010876704908847e-09,7.565309324190623e-06,55304,40414,83801,17029
146692,1.1446100313623148e-05,0.0,3.010876704908847e-09,7.565309324190623e-06,55305,40415,83802,17030
144892,1.1446100313623148e-05,0.0,3.010876704908847e-09,7.565309324190623e-06,55306,40416,83803,17031
143598,1.1446100313623148e-05,0.0,3.010876704908847e-09,7.565309324190623e-06,55307,40417,83804,17032
144526,1.1446100313623148e-05,0.0,3.010876704908847e-09,7.565309324190623e-06,55308,40418,83805,17033
144457,1.1446100313623148e-05,0.0,3.010876704908847e-09,7.565309324190623e-06,55309,40419,83806,17034
145368,1.1446100313623148e-05,0.0,3.010876704908847e-09,7.565309324190623e-06,55310,40420,83807,17035
145401,1.1446100313623148e-05,0.0,3.010876704908847e-09,7.565309324190623e-06,55311,40421,83808,17036
145518,1.1446100313623148e-05,0.0,3.010876704908847e-09,7.565309324190623e-06,55312,40422,83809,17037
143940,1.1446100313623148e-05,0.0,3.010876704908847e-09,7.565309324190623e-06,55313,40423,83810,17038
146547,1.1446100313623148e-05,0.0,3.010876704908847e-09,7.565309324190623e-06,55314,40424,83811,17039
145901,1.1446100313623148e-05,0.0,3.010876704908847e-09,7.565309324190623e-06,55315,40425,83812,17040
143959,1.1446100313623148e-05,0.0,3.010876704908847e-09,7.565309324190623e-06,55316,40426,83813,17041
146696,1.1446100313623148e-05,0.0,3.010876704908847e-09,7.565309324190623e-06,55317,40427,83814,17042
145239,1.1446100313623148e-05,0.0,3.010876704908847e-09,7.565309324190623e-06,55318,40428,83815,17043
145710,1.1446100313623148e-05,0.0,3.010876704908847e-09,7.565309324190623e-06,55319,40429,83816,17044
142956,1.1446100313623148e-05,0.0,3.010876704908847e-09,7.565309324190623e-06,55320,40430,83817,17045
146610,1.1446100313623148e-05,0.0,3.010876704908847e-09,7.565309324190623e-06,55321,40431,83818,17046
145261,1.1446100313623148e-05,0.0,3.010876704908847e-09,7.565309324190623e-06,55322,40432,83819,17047
144792,1.1446100313623148e-05,0.0,3.010876704908847e-09,7.565309324190623e-06,55323,40433,83820,17048
143346,1.1446100313623148e-05,0.0,3.010876704908847e-09,7.565309324190623e-06,55324,40434,83821,17049
144347,1.1446100313623148e-05,0.0,3.010876704908847e-09,7.565309324190623e-06,55325,40435,83822,17050
143609,1.1446100313623148e-05,0.0,3.010876704908847e-09,7.565309324190623e-06,55326,40436,83823,17051
143750,1.1446100313623148e-05,0.0,3.010876704908847e-09,7.565309324190623e-06,55327,40437,83824,17052
145829,1.1446100313623148e-05,0.0,3.010876704908847e-09,7.565309324190623e-06,55328,40438,83825,17053
142930,1.1446100313623148e-05,0.0,3.010876704908847e-09,7.565309324190623e-06,55329,40439,83826,17054
143429,1.1446100313623148e-05,0.0,3.010876704908847e-09,7.565309324190623e-06,55330,40440,83827,17055
142986,1.1446100313623148e-05,0.0,3.010876704908847e-09,7.565309324190623e-06,55331,40441,83828,17056
143656,1.1446100313623148e-05,0.0,3.010876704908847e-09,7.565309324190623e-06,55332,40442,83829,17057
144309,1.1446100313623148e-05,0.0,3.010876704908847e-09,7.565309324190623e-06,55333,40443,83830,17058
143185,1.1446100313623148e-05,0.0,3.010876704908847e-09,7.565309324190623e-06,55334,40444,83831,17059
146270,1.1446100313623148e-05,0.0,3.010876704908847e-09,7.565309324190623e-06,55335,40445,83832,17060
142732,1.1446100313623148e-05,0.0,3.010876704908847e-09,7.565309324190623e-06,55336,40446,83833,17061
144019,1.1446100313623148e-05,0.0,3.010876704908847e-09,7.565309324190623e-06,55337,40447,83834,17062
145871,1.1446100313623148e-05,0.0,3.010876704908847e-09,7.565309324190623e-06,55338,40448,83835,17063
144180,1.1446100313623148e-05,0.0,3.010876704908847e-09,7.565309324190623e-06,55339,40449,83836,17064
143805,1.1446100313623148e-05,0.0,3.010876704908847e-09,7.565309324190623e-06,55340,40450,83837,17065
145059,1.1446100313623148e-05,0.0,3.010876704908847e-09,7.565309324190623e-06,55341,40451,83838,17066
142837,1.1446100313623148e-05,0.0,3.010876704908847e-09,7.565309324190623e-06,55342,40452,83839,17067
143895,1.1446100313623148e-05,0.0,3.010876704908847e-09,7.565309324190623e-06,55343,40453,83840,17068
143070,1.1446100313623148e-05,0.0,3.010876704908847e-09,7.565309324190623e-06,55344,40454,83841,17069
144031,1.1446100313623148e-05,0.0,3.010876704908847e-09,7.565309324190623e-06,55345,40455,83842,17070
146355,1.1446100313623148e-05,0.0,3.010876704908847e-09,7.565309324190623e-06,55346,40456,83843,17071
145063,1.1446100313623148e-05,0.0,3.010876704908847e-09,7.565309324190623e-06,55347,40457,83844,17072
143683,1.1446100313623148e-05,0.0,3.010876704908847e-09,7.565309324190623e-06,55348,40458,83845,17073
145393,1.1446100313623148e-05,0.0,3.010876704908847e-09,7.565309324190623e-06,55349,40459,83846,17074
145046,1.1446100313623148e-05,0.0,3.010876704908847e-09,7.565309324190623e-06,55350,40460,83847,17075
143124,1.1446100313623148e-05,0.0,3.010876704908847e-09,7.565309324190623e-06,55351,40461,83848,17076
146672,1.1446100313623148e-05,0.0,3.010876704908847e-09,7.565309324190623e-06,55352,40462,83849,17077
146717,1.1446100313623148e-05,0.0,3.010876704908847e-09,7.565309324190623e-06,55353,40463,83850,17078
142697,1.1446100313623148e-05,0.0,3.010876704908847e-09,7.565309324190623e-06,55354,40464,83851,17079
145309,1.1446100313623148e-05,0.0,3.010876704908847e-09,7.565309324190623e-06,55355,40465,83852,17080
143707,1.1446100313623148e-05,0.0,3.010876704908847e-09,7.565309324190623e-06,55356,40466,83853,17081
146424,1.1446100313623148e-05,0.0,3.010876704908847e-09,7.565309324190623e-06,55357,40467,83854,17082
145294,1.1446100313623148e-05,0.0,3.010876704908847e-09,7.565309324190623e-06,55358,40468,83855,17083
143096,1.1446100313623148e-05,0.0,3.010876704908847e-09,7.565309324190623e-06,55359,40469,83856,17084
145439,1.1446100313623148e-05,0.0,3.010876704908847e-09,7.565309324190623e-06,55360,40470,83857,17085
145211,1.1446100313623148e-05,0.0,3.010876704908847e-09,7.565309324190623e-06,55361,40471,83858,17086
142775,1.1446100313623148e-05,0.0,3.010876704908847e-09,7.565309324190623e-06,55362,40472,83859,17087
143920,1.1446100313623148e-05,0.0,3.010876704908847e-09,7.565309324190623e-06,55363,40473,83860,17088
143652,1.1446100313623148e-05,0.0,3.010876704908847e-09,7.565309324190623e-06,55364,40474,83861,17089
143162,1.1446100313623148e-05,0.0,3.010876704908847e-09,7.565309324190623e-06,55365,40475,83862,17090
144933,1.1446100313623148e-05,0.0,3.010876704908847e-09,7.565309324190623e-06,55366,40476,83863,17091
145284,1.1446100313623148e-05,0.0,3.010876704908847e-09,7.565309324190623e-06,55367,40477,83864,17092
144113,1.1446100313623148e-05,0.0,3.010876704908847e-09,7.565309324190623e-06,55368,40478,83865,17093
145949,1.1446100313623148e-05,0.0,3.010876704908847e-09,7.565309324190623e-06,55369,40479,83866,17094
143647,1.1446100313623148e-05,0.0,3.010876704908847e-09,7.565309324190623e-06,55370,40480,83867,17095
146615,1.1446100313623148e-05,0.0,3.010876704908847e-09,7.565309324190623e-06,55371,40481,83868,17096
146045,1.1446100313623148e-05,0.0,3.010876704908847e-09,7.565309324190623e-06,55372,40482,83869,17097
144536,1.1446100313623148e-05,0.0,3.010876704908847e-09,7.565309324190623e-06,55373,40483,83870,17098
143104,1.1446100313623148e-05,0.0,3.010876704908847e-09,7.565309324190623e-06,55374,40484,83871,17099
146439,1.1446100313623148e-05,0.0,3.010876704908847e-09,7.565309324190623e-06,55375,40485,83872,17100
144197,1.1446100313623148e-05,0.0,3.010876704908847e-09,7.565309324190623e-06,55376,40486,83873,17101
146711,1.1446100313623148e-05,0.0,3.010876704908847e-09,7.565309324190623e-06,55377,40487,83874,17102
146392,1.1446100313623148e-05,0.0,3.010876704908847e-09,7.565309324190623e-06,55378,40488,83875,17103
142823,1.1446100313623148e-05,0.0,3.010876704908847e-09,7.565309324190623e-06,55379,40489,83876,17104
145215,1.1446100313623148e-05,0.0,3.010876704908847e-09,7.565309324190623e-06,55380,40490,83877,17105
144157,1.1446100313623148e-05,0.0,3.010876704908847e-09,7.565309324190623e-06,55381,40491,83878,17106
144975,1.1446100313623148e-05,0.0,3.010876704908847e-09,7.565309324190623e-06,55382,40492,83879,17107
143258,1.1446100313623148e-05,0.0,3.010876704908847e-09,7.565309324190623e-06,55383,40493,83880,17108
143265,1.1446100313623148e-05,0.0,3.010876704908847e-09,7.565309324190623e-06,55384,40494,83881,17109
145024,1.1446100313623148e-05,0.0,3.010876704908847e-09,7.565309324190623e-06,55385,40495,83882,17110
145362,1.1446100313623148e-05,0.0,3.010876704908847e-09,7.565309324190623e-06,55386,40496,83883,17111
145860,1.1446100313623148e-05,0.0,3.010876704908847e-09,7.565309324190623e-06,55387,40497,83884,17112
146562,1.1446100313623148e-05,0.0,3.010876704908847e-09,7.565309324190623e-06,55388,40498,83885,17113
144789,1.1446100313623148e-05,0.0,3.010876704908847e-09,7.565309324190623e-06,55389,40499,83886,17114
145356,1.1446100313623148e-05,0.0,3.010876704908847e-09,7.565309324190623e-06,55390,40500,83887,17115
144414,1.1446100313623148e-05,0.0,3.010876704908847e-09,7.565309324190623e-06,55391,40501,83888,17116
144225,1.1446100313623148e-05,0.0,3.010876704908847e-09,7.565309324190623e-06,55392,40502,83889,17117
143749,1.1446100313623148e-05,0.0,3.010876704908847e-09,7.565309324190623e-06,55393,40503,83890,17118
144513,1.1446100313623148e-05,0.0,3.010876704908847e-09,7.565309324190623e-06,55394,40504,83891,17119
145861,1.1446100313623148e-05,0.0,3.010876704908847e-09,7.565309324190623e-06,55395,40505,83892,17120
144871,1.1446100313623148e-05,0.0,3.010876704908847e-09,7.565309324190623e-06,55396,40506,83893,17121
144220,1.1446100313623148e-05,0.0,3.010876704908847e-09,7.565309324190623e-06,55397,40507,83894,17122
144381,1.1446100313623148e-05,0.0,3.010876704908847e-09,7.565309324190623e-06,55398,40508,83895,17123
143448,1.1446100313623148e-05,0.0,3.010876704908847e-09,7.565309324190623e-06,55399,40509,83896,17124
143348,1.1446100313623148e-05,0.0,3.010876704908847e-09,7.565309324190623e-06,55400,40510,83897,17125
146666,1.1446100313623148e-05,0.0,3.010876704908847e-09,7.565309324190623e-06,55401,40511,83898,17126
146576,1.1446100313623148e-05,0.0,3.010876704908847e-09,7.565309324190623e-06,55402,40512,83899,17127
146110,1.1446100313623148e-05,0.0,3.010876704908847e-09,7.565309324190623e-06,55403,40513,83900,17128
142900,1.1446100313623148e-05,0.0,3.010876704908847e-09,7.565309324190623e-06,55404,40514,83901,17129
145866,1.1446100313623148e-05,0.0,3.010876704908847e-09,7.565309324190623e-06,55405,40515,83902,17130
144685,1.1446100313623148e-05,0.0,3.010876704908847e-09,7.565309324190623e-06,55406,40516,83903,17131
145389,1.1446100313623148e-05,0.0,3.010876704908847e-09,7.565309324190623e-06,55407,40517,83904,17132
146078,1.1446100313623148e-05,0.0,3.010876704908847e-09,7.565309324190623e-06,55408,40518,83905,17133
143029,1.1446100313623148e-05,0.0,3.010876704908847e-09,7.565309324190623e-06,55409,40519,83906,17134
143861,1.1446100313623148e-05,0.0,3.010876704908847e-09,7.565309324190623e-06,55410,40520,83907,17135
143408,1.1446100313623148e-05,0.0,3.010876704908847e-09,7.565309324190623e-06,55411,40521,83908,17136
145547,1.1446100313623148e-05,0.0,3.010876704908847e-09,7.565309324190623e-06,55412,40522,83909,17137
145140,1.1446100313623148e-05,0.0,3.010876704908847e-09,7.565309324190623e-06,55413,40523,83910,17138
143965,1.1446100313623148e-05,0.0,3.010876704908847e-09,7.565309324190623e-06,55414,40524,83911,17139
142899,1.1446100313623148e-05,0.0,3.010876704908847e-09,7.565309324190623e-06,55415,40525,83912,17140
145843,1.1446100313623148e-05,0.0,3.010876704908847e-09,7.565309324190623e-06,55416,40526,83913,17141
143353,1.1446100313623148e-05,0.0,3.010876704908847e-09,7.565309324190623e-06,55417,40527,83914,17142
144493,1.1446100313623148e-05,0.0,3.010876704908847e-09,7.565309324190623e-06,55418,40528,83915,17143
144523,1.1446100313623148e-05,0.0,3.010876704908847e-09,7.565309324190623e-06,55419,40529,83916,17144
143399,1.1446100313623148e-05,0.0,3.010876704908847e-09,7.565309324190623e-06,55420,40530,83917,17145
143782,1.1446100313623148e-05,0.0,3.010876704908847e-09,7.565309324190623e-06,55421,40531,83918,17146
146316,1.1446100313623148e-05,0.0,3.010876704908847e-09,7.565309324190623e-06,55422,40532,83919,17147
143241,1.1446100313623148e-05,0.0,3.010876704908847e-09,7.565309324190623e-06,55423,40533,83920,17148
146501,1.1446100313623148e-05,0.0,3.010876704908847e-09,7.565309324190623e-06,55424,40534,83921,17149
146489,1.1446100313623148e-05,0.0,3.010876704908847e-09,7.565309324190623e-06,55425,40535,83922,17150
146518,1.1446100313623148e-05,0.0,3.010876704908847e-09,7.565309324190623e-06,55426,40536,83923,17151
144640,1.1446100313623148e-05,0.0,3.010876704908847e-09,7.565309324190623e-06,55427,40537,83924,17152
146735,1.1446100313623148e-05,0.0,3.010876704908847e-09,7.565309324190623e-06,55428,40538,83925,17153
145330,1.1446100313623148e-05,0.0,3.010876704908847e-09,7.565309324190623e-06,55429,40539,83926,17154
143883,1.1446100313623148e-05,0.0,3.010876704908847e-09,7.565309324190623e-06,55430,40540,83927,17155
146454,1.1446100313623148e-05,0.0,3.010876704908847e-09,7.565309324190623e-06,55431,40541,83928,17156
142969,1.1446100313623148e-05,0.0,3.010876704908847e-09,7.565309324190623e-06,55432,40542,83929,17157
144024,1.1446100313623148e-05,0.0,3.010876704908847e-09,7.565309324190623e-06,55433,40543,83930,17158
146528,1.1446100313623148e-05,0.0,3.010876704908847e-09,7.565309324190623e-06,55434,40544,83931,17159
145601,1.1446100313623148e-05,0.0,3.010876704908847e-09,7.565309324190623e-06,55435,40545,83932,17160
145482,1.1446100313623148e-05,0.0,3.010876704908847e-09,7.565309324190623e-06,55436,40546,83933,17161
144053,1.1446100313623148e-05,0.0,3.010876704908847e-09,7.565309324190623e-06,55437,40547,83934,17162
142828,1.1446100313623148e-05,0.0,3.010876704908847e-09,7.565309324190623e-06,55438,40548,83935,17163
144191,1.1446100313623148e-05,0.0,3.010876704908847e-09,7.565309324190623e-06,55439,40549,83936,17164
144599,1.1446100313623148e-05,0.0,3.010876704908847e-09,7.565309324190623e-06,55440,40550,83937,17165
142995,1.1446100313623148e-05,0.0,3.010876704908847e-09,7.565309324190623e-06,55441,40551,83938,17166
145158,1.1446100313623148e-05,0.0,3.010876704908847e-09,7.565309324190623e-06,55442,40552,83939,17167
145062,1.1446100313623148e-05,0.0,3.010876704908847e-09,7.565309324190623e-06,55443,40553,83940,17168
146590,1.1446100313623148e-05,0.0,3.010876704908847e-09,7.565309324190623e-06,55444,40554,83941,17169
146096,1.1446100313623148e-05,0.0,3.010876704908847e-09,7.565309324190623e-06,55445,40555,83942,17170
143126,1.1446100313623148e-05,0.0,3.010876704908847e-09,7.565309324190623e-06,55446,40556,83943,17171
143288,1.1446100313623148e-05,0.0,3.010876704908847e-09,7.565309324190623e-06,55447,40557,83944,17172
146264,1.1446100313623148e-05,0.0,3.010876704908847e-09,7.565309324190623e-06,55448,40558,83945,17173
145998,1.1446100313623148e-05,0.0,3.010876704908847e-09,7.565309324190623e-06,55449,40559,83946,17174
143340,1.1446100313623148e-05,0.0,3.010876704908847e-09,7.565309324190623e-06,55450,40560,83947,17175
144634,1.1446100313623148e-05,0.0,3.010876704908847e-09,7.565309324190623e-06,55451,40561,83948,17176
146111,1.1446100313623148e-05,0.0,3.010876704908847e-09,7.565309324190623e-06,55452,40562,83949,17177
143234,1.1446100313623148e-05,0.0,3.010876704908847e-09,7.565309324190623e-06,55453,40563,83950,17178
144244,1.1446100313623148e-05,0.0,3.010876704908847e-09,7.565309324190623e-06,55454,40564,83951,17179
144868,1.1446100313623148e-05,0.0,3.010876704908847e-09,7.565309324190623e-06,55455,40565,83952,17180
143948,1.1446100313623148e-05,0.0,3.010876704908847e-09,7.565309324190623e-06,55456,40566,83953,17181
144251,1.1446100313623148e-05,0.0,3.010876704908847e-09,7.565309324190623e-06,55457,40567,83954,17182
144461,1.1446100313623148e-05,0.0,3.010876704908847e-09,7.565309324190623e-06,55458,40568,83955,17183
145253,1.1446100313623148e-05,0.0,3.010876704908847e-09,7.565309324190623e-06,55459,40569,83956,17184
144168,1.1446100313623148e-05,0.0,3.010876704908847e-09,7.565309324190623e-06,55460,40570,83957,17185
144376,1.1446100313623148e-05,0.0,3.010876704908847e-09,7.565309324190623e-06,55461,40571,83958,17186
145234,1.1446100313623148e-05,0.0,3.010876704908847e-09,7.565309324190623e-06,55462,40572,83959,17187
146369,1.1446100313623148e-05,0.0,3.010876704908847e-09,7.565309324190623e-06,55463,40573,83960,17188
146465,1.1446100313623148e-05,0.0,3.010876704908847e-09,7.565309324190623e-06,55464,40574,83961,17189
143438,1.1446100313623148e-05,0.0,3.010876704908847e-09,7.565309324190623e-06,55465,40575,83962,17190
146122,1.1446100313623148e-05,0.0,3.010876704908847e-09,7.565309324190623e-06,55466,40576,83963,17191
146363,1.1446100313623148e-05,0.0,3.010876704908847e-09,7.565309324190623e-06,55467,40577,83964,17192
145771,1.1446100313623148e-05,0.0,3.010876704908847e-09,7.565309324190623e-06,55468,40578,83965,17193
146552,1.1446100313623148e-05,0.0,3.010876704908847e-09,7.565309324190623e-06,55469,40579,83966,17194
144992,1.1446100313623148e-05,0.0,3.010876704908847e-09,7.565309324190623e-06,55470,40580,83967,17195
146442,1.1446100313623148e-05,0.0,3.010876704908847e-09,7.565309324190623e-06,55471,40581,83968,17196
143729,1.1446100313623148e-05,0.0,3.010876704908847e-09,7.565309324190623e-06,55472,40582,83969,17197
144551,1.1446100313623148e-05,0.0,3.010876704908847e-09,7.565309324190623e-06,55473,40583,83970,17198
144943,1.1446100313623148e-05,0.0,3.010876704908847e-09,7.565309324190623e-06,55474,40584,83971,17199
143594,1.1446100313623148e-05,0.0,3.010876704908847e-09,7.565309324190623e-06,55475,40585,83972,17200
145390,1.1446100313623148e-05,0.0,3.010876704908847e-09,7.565309324190623e-06,55476,40586,83973,17201
143368,1.1446100313623148e-05,0.0,3.010876704908847e-09,7.565309324190623e-06,55477,40587,83974,17202
142811,1.1446100313623148e-05,0.0,3.010876704908847e-09,7.565309324190623e-06,55478,40588,83975,17203
144873,1.1446100313623148e-05,0.0,3.010876704908847e-09,7.565309324190623e-06,55479,40589,83976,17204
144888,1.1446100313623148e-05,0.0,3.010876704908847e-09,7.565309324190623e-06,55480,40590,83977,17205
145592,1.1446100313623148e-05,0.0,3.010876704908847e-09,7.565309324190623e-06,55481,40591,83978,17206
144534,1.1446100313623148e-05,0.0,3.010876704908847e-09,7.565309324190623e-06,55482,40592,83979,17207
146263,1.1446100313623148e-05,0.0,3.010876704908847e-09,7.565309324190623e-06,55483,40593,83980,17208
145326,1.1446100313623148e-05,0.0,3.010876704908847e-09,7.565309324190623e-06,55484,40594,83981,17209
144660,1.1446100313623148e-05,0.0,3.010876704908847e-09,7.565309324190623e-06,55485,40595,83982,17210
144578,1.1446100313623148e-05,0.0,3.010876704908847e-09,7.565309324190623e-06,55486,40596,83983,17211
145597,1.1446100313623148e-05,0.0,3.010876704908847e-09,7.565309324190623e-06,55487,40597,83984,17212
144072,1.1446100313623148e-05,0.0,3.010876704908847e-09,7.565309324190623e-06,55488,40598,83985,17213
143397,1.1446100313623148e-05,0.0,3.010876704908847e-09,7.565309324190623e-06,55489,40599,83986,17214
143718,1.1446100313623148e-05,0.0,3.010876704908847e-09,7.565309324190623e-06,55490,40600,83987,17215
145275,1.1446100313623148e-05,0.0,3.010876704908847e-09,7.565309324190623e-06,55491,40601,83988,17216
143189,1.1446100313623148e-05,0.0,3.010876704908847e-09,7.565309324190623e-06,55492,40602,83989,17217
145714,1.1446100313623148e-05,0.0,3.010876704908847e-09,7.565309324190623e-06,55493,40603,83990,17218
145523,1.1446100313623148e-05,0.0,3.010876704908847e-09,7.565309324190623e-06,55494,40604,83991,17219
143526,1.1446100313623148e-05,0.0,3.010876704908847e-09,7.565309324190623e-06,55495,40605,83992,17220
144531,1.1446100313623148e-05,0.0,3.010876704908847e-09,7.565309324190623e-06,55496,40606,83993,17221
145658,1.1446100313623148e-05,0.0,3.010876704908847e-09,7.565309324190623e-06,55497,40607,83994,17222
144475,1.1446100313623148e-05,0.0,3.010876704908847e-09,7.565309324190623e-06,55498,40608,83995,17223
142869,1.1446100313623148e-05,0.0,3.010876704908847e-09,7.565309324190623e-06,55499,40609,83996,17224
144327,1.1446100313623148e-05,0.0,3.010876704908847e-09,7.565309324190623e-06,55500,40610,83997,17225
143801,1.1446100313623148e-05,0.0,3.010876704908847e-09,7.565309324190623e-06,55501,40611,83998,17226
146380,1.1446100313623148e-05,0.0,3.010876704908847e-09,7.565309324190623e-06,55502,40612,83999,17227
142938,1.1446100313623148e-05,0.0,3.010876704908847e-09,7.565309324190623e-06,55503,40613,84000,17228
143022,1.1446100313623148e-05,0.0,3.010876704908847e-09,7.565309324190623e-06,55504,40614,84001,17229
145734,1.1446100313623148e-05,0.0,3.010876704908847e-09,7.565309324190623e-06,55505,40615,84002,17230
146081,1.1446100313623148e-05,0.0,3.010876704908847e-09,7.565309324190623e-06,55506,40616,84003,17231
146008,1.1446100313623148e-05,0.0,3.010876704908847e-09,7.565309324190623e-06,55507,40617,84004,17232
146628,1.1446100313623148e-05,0.0,3.010876704908847e-09,7.565309324190623e-06,55508,40618,84005,17233
143764,1.1446100313623148e-05,0.0,3.010876704908847e-09,7.565309324190623e-06,55509,40619,84006,17234
143417,1.1446100313623148e-05,0.0,3.010876704908847e-09,7.565309324190623e-06,55510,40620,84007,17235
145085,1.1446100313623148e-05,0.0,3.010876704908847e-09,7.565309324190623e-06,55511,40621,84008,17236
144694,1.1446100313623148e-05,0.0,3.010876704908847e-09,7.565309324190623e-06,55512,40622,84009,17237
144799,1.1446100313623148e-05,0.0,3.010876704908847e-09,7.565309324190623e-06,55513,40623,84010,17238
144087,1.1446100313623148e-05,0.0,3.010876704908847e-09,7.565309324190623e-06,55514,40624,84011,17239
146047,1.1446100313623148e-05,0.0,3.010876704908847e-09,7.565309324190623e-06,55515,40625,84012,17240
146652,1.1446100313623148e-05,0.0,3.010876704908847e-09,7.565309324190623e-06,55516,40626,84013,17241
145698,1.1446100313623148e-05,0.0,3.010876704908847e-09,7.565309324190623e-06,55517,40627,84014,17242
144410,1.1446100313623148e-05,0.0,3.010876704908847e-09,7.565309324190623e-06,55518,40628,84015,17243
143541,1.1446100313623148e-05,0.0,3.010876704908847e-09,7.565309324190623e-06,55519,40629,84016,17244
146188,1.1446100313623148e-05,0.0,3.010876704908847e-09,7.565309324190623e-06,55520,40630,84017,17245
142876,1.1446100313623148e-05,0.0,3.010876704908847e-09,7.565309324190623e-06,55521,40631,84018,17246
143210,1.1446100313623148e-05,0.0,3.010876704908847e-09,7.565309324190623e-06,55522,40632,84019,17247
143547,1.1446100313623148e-05,0.0,3.010876704908847e-09,7.565309324190623e-06,55523,40633,84020,17248
146473,1.1446100313623148e-05,0.0,3.010876704908847e-09,7.565309324190623e-06,55524,40634,84021,17249
143849,1.1446100313623148e-05,0.0,3.010876704908847e-09,7.565309324190623e-06,55525,40635,84022,17250
146529,1.1446100313623148e-05,0.0,3.010876704908847e-09,7.565309324190623e-06,55526,40636,84023,17251
142889,1.1446100313623148e-05,0.0,3.010876704908847e-09,7.565309324190623e-06,55527,40637,84024,17252
143444,1.1446100313623148e-05,0.0,3.010876704908847e-09,7.565309324190623e-06,55528,40638,84025,17253
143823,1.1446100313623148e-05,0.0,3.010876704908847e-09,7.565309324190623e-06,55529,40639,84026,17254
144077,1.1446100313623148e-05,0.0,3.010876704908847e-09,7.565309324190623e-06,55530,40640,84027,17255
146186,1.1446100313623148e-05,0.0,3.010876704908847e-09,7.565309324190623e-06,55531,40641,84028,17256
144854,1.1446100313623148e-05,0.0,3.010876704908847e-09,7.565309324190623e-06,55532,40642,84029,17257
145277,1.1446100313623148e-05,0.0,3.010876704908847e-09,7.565309324190623e-06,55533,40643,84030,17258
143453,1.1446100313623148e-05,0.0,3.010876704908847e-09,7.565309324190623e-06,55534,40644,84031,17259
144051,1.1446100313623148e-05,0.0,3.010876704908847e-09,7.565309324190623e-06,55535,40645,84032,17260
144803,1.1446100313623148e-05,0.0,3.010876704908847e-09,7.565309324190623e-06,55536,40646,84033,17261
145169,1.1446100313623148e-05,0.0,3.010876704908847e-09,7.565309324190623e-06,55537,40647,84034,17262
146665,1.1446100313623148e-05,0.0,3.010876704908847e-09,7.565309324190623e-06,55538,40648,84035,17263
143196,1.1446100313623148e-05,0.0,3.010876704908847e-09,7.565309324190623e-06,55539,40649,84036,17264
146671,1.1446100313623148e-05,0.0,3.010876704908847e-09,7.565309324190623e-06,55540,40650,84037,17265
143529,1.1446100313623148e-05,0.0,3.010876704908847e-09,7.565309324190623e-06,55541,40651,84038,17266
143720,1.1446100313623148e-05,0.0,3.010876704908847e-09,7.565309324190623e-06,55542,40652,84039,17267
144590,1.1446100313623148e-05,0.0,3.010876704908847e-09,7.565309324190623e-06,55543,40653,84040,17268
143564,1.1446100313623148e-05,0.0,3.010876704908847e-09,7.565309324190623e-06,55544,40654,84041,17269
146208,1.1446100313623148e-05,0.0,3.010876704908847e-09,7.565309324190623e-06,55545,40655,84042,17270
143074,1.1446100313623148e-05,0.0,3.010876704908847e-09,7.565309324190623e-06,55546,40656,84043,17271
144977,1.1446100313623148e-05,0.0,3.010876704908847e-09,7.565309324190623e-06,55547,40657,84044,17272
145641,1.1446100313623148e-05,0.0,3.010876704908847e-09,7.565309324190623e-06,55548,40658,84045,17273
146422,1.1446100313623148e-05,0.0,3.010876704908847e-09,7.565309324190623e-06,55549,40659,84046,17274
142844,1.1446100313623148e-05,0.0,3.010876704908847e-09,7.565309324190623e-06,55550,40660,84047,17275
145167,1.1446100313623148e-05,0.0,3.010876704908847e-09,7.565309324190623e-06,55551,40661,84048,17276
144511,1.1446100313623148e-05,0.0,3.010876704908847e-09,7.565309324190623e-06,55552,40662,84049,17277
144771,1.1446100313623148e-05,0.0,3.010876704908847e-09,7.565309324190623e-06,55553,40663,84050,17278
144754,1.1446100313623148e-05,0.0,3.010876704908847e-09,7.565309324190623e-06,55554,40664,84051,17279
143852,1.1446100313623148e-05,0.0,3.010876704908847e-09,7.565309324190623e-06,55555,40665,84052,17280
146163,1.1446100313623148e-05,0.0,3.010876704908847e-09,7.565309324190623e-06,55556,40666,84053,17281
144199,1.1446100313623148e-05,0.0,3.010876704908847e-09,7.565309324190623e-06,55557,40667,84054,17282
143456,1.1446100313623148e-05,0.0,3.010876704908847e-09,7.565309324190623e-06,55558,40668,84055,17283
145489,1.1446100313623148e-05,0.0,3.010876704908847e-09,7.565309324190623e-06,55559,40669,84056,17284
143905,1.1446100313623148e-05,0.0,3.010876704908847e-09,7.565309324190623e-06,55560,40670,84057,17285
146526,1.1446100313623148e-05,0.0,3.010876704908847e-09,7.565309324190623e-06,55561,40671,84058,17286
143777,1.1446100313623148e-05,0.0,3.010876704908847e-09,7.565309324190623e-06,55562,40672,84059,17287
144673,1.1446100313623148e-05,0.0,3.010876704908847e-09,7.565309324190623e-06,55563,40673,84060,17288
144361,1.1446100313623148e-05,0.0,3.010876704908847e-09,7.565309324190623e-06,55564,40674,84061,17289
142686,1.1446100313623148e-05,0.0,3.010876704908847e-09,7.565309324190623e-06,55565,40675,84062,17290
143154,1.1446100313623148e-05,0.0,3.010876704908847e-09,7.565309324190623e-06,55566,40676,84063,17291
143202,1.1446100313623148e-05,0.0,3.010876704908847e-09,7.565309324190623e-06,55567,40677,84064,17292
146607,1.1446100313623148e-05,0.0,3.010876704908847e-09,7.565309324190623e-06,55568,40678,84065,17293
145965,1.1446100313623148e-05,0.0,3.010876704908847e-09,7.565309324190623e-06,55569,40679,84066,17294
143164,1.1446100313623148e-05,0.0,3.010876704908847e-09,7.565309324190623e-06,55570,40680,84067,17295
142923,1.1446100313623148e-05,0.0,3.010876704908847e-09,7.565309324190623e-06,55571,40681,84068,17296
142932,1.1446100313623148e-05,0.0,3.010876704908847e-09,7.565309324190623e-06,55572,40682,84069,17297
146577,1.1446100313623148e-05,0.0,3.010876704908847e-09,7.565309324190623e-06,55573,40683,84070,17298
145999,1.1446100313623148e-05,0.0,3.010876704908847e-09,7.565309324190623e-06,55574,40684,84071,17299
143772,1.1446100313623148e-05,0.0,3.010876704908847e-09,7.565309324190623e-06,55575,40685,84072,17300
143981,1.1446100313623148e-05,0.0,3.010876704908847e-09,7.565309324190623e-06,55576,40686,84073,17301
144102,1.1446100313623148e-05,0.0,3.010876704908847e-09,7.565309324190623e-06,55577,40687,84074,17302
146586,1.1446100313623148e-05,0.0,3.010876704908847e-09,7.565309324190623e-06,55578,40688,84075,17303
143834,1.1446100313623148e-05,0.0,3.010876704908847e-09,7.565309324190623e-06,55579,40689,84076,17304
145972,1.1446100313623148e-05,0.0,3.010876704908847e-09,7.565309324190623e-06,55580,40690,84077,17305
143379,1.1446100313623148e-05,0.0,3.010876704908847e-09,7.565309324190623e-06,55581,40691,84078,17306
145257,1.1446100313623148e-05,0.0,3.010876704908847e-09,7.565309324190623e-06,55582,40692,84079,17307
145263,1.1446100313623148e-05,0.0,3.010876704908847e-09,7.565309324190623e-06,55583,40693,84080,17308
144207,1.1446100313623148e-05,0.0,3.010876704908847e-09,7.565309324190623e-06,55584,40694,84081,17309
144882,1.1446100313623148e-05,0.0,3.010876704908847e-09,7.565309324190623e-06,55585,40695,84082,17310
146038,1.1446100313623148e-05,0.0,3.010876704908847e-09,7.565309324190623e-06,55586,40696,84083,17311
144472,1.1446100313623148e-05,0.0,3.010876704908847e-09,7.565309324190623e-06,55587,40697,84084,17312
144876,1.1446100313623148e-05,0.0,3.010876704908847e-09,7.565309324190623e-06,55588,40698,84085,17313
143923,1.1446100313623148e-05,0.0,3.010876704908847e-09,7.565309324190623e-06,55589,40699,84086,17314
146589,1.1446100313623148e-05,0.0,3.010876704908847e-09,7.565309324190623e-06,55590,40700,84087,17315
142682,1.1446100313623148e-05,0.0,3.010876704908847e-09,7.565309324190623e-06,55591,40701,84088,17316
145643,1.1446100313623148e-05,0.0,3.010876704908847e-09,7.565309324190623e-06,55592,40702,84089,17317
143315,1.1446100313623148e-05,0.0,3.010876704908847e-09,7.565309324190623e-06,55593,40703,84090,17318
145712,1.1446100313623148e-05,0.0,3.010876704908847e-09,7.565309324190623e-06,55594,40704,84091,17319
143588,1.1446100313623148e-05,0.0,3.010876704908847e-09,7.565309324190623e-06,55595,40705,84092,17320
145571,1.1446100313623148e-05,0.0,3.010876704908847e-09,7.565309324190623e-06,55596,40706,84093,17321
143884,1.1446100313623148e-05,0.0,3.010876704908847e-09,7.565309324190623e-06,55597,40707,84094,17322
146396,1.1446100313623148e-05,0.0,3.010876704908847e-09,7.565309324190623e-06,55598,40708,84095,17323
143838,1.1446100313623148e-05,0.0,3.010876704908847e-09,7.565309324190623e-06,55599,40709,84096,17324
143604,1.1446100313623148e-05,0.0,3.010876704908847e-09,7.565309324190623e-06,55600,40710,84097,17325
143670,1.1446100313623148e-05,0.0,3.010876704908847e-09,7.565309324190623e-06,55601,40711,84098,17326
143378,1.1446100313623148e-05,0.0,3.010876704908847e-09,7.565309324190623e-06,55602,40712,84099,17327
146623,1.1446100313623148e-05,0.0,3.010876704908847e-09,7.565309324190623e-06,55603,40713,84100,17328
142859,1.1446100313623148e-05,0.0,3.010876704908847e-09,7.565309324190623e-06,55604,40714,84101,17329
145207,1.1446100313623148e-05,0.0,3.010876704908847e-09,7.565309324190623e-06,55605,40715,84102,17330
144687,1.1446100313623148e-05,0.0,3.010876704908847e-09,7.565309324190623e-06,55606,40716,84103,17331
144172,1.1446100313623148e-05,0.0,3.010876704908847e-09,7.565309324190623e-06,55607,40717,84104,17332
144723,1.1446100313623148e-05,0.0,3.010876704908847e-09,7.565309324190623e-06,55608,40718,84105,17333
145252,1.1446100313623148e-05,0.0,3.010876704908847e-09,7.565309324190623e-06,55609,40719,84106,17334
145858,1.1446100313623148e-05,0.0,3.010876704908847e-09,7.565309324190623e-06,55610,40720,84107,17335
143046,1.1446100313623148e-05,0.0,3.010876704908847e-09,7.565309324190623e-06,55611,40721,84108,17336
143621,1.1446100313623148e-05,0.0,3.010876704908847e-09,7.565309324190623e-06,55612,40722,84109,17337
145562,1.1446100313623148e-05,0.0,3.010876704908847e-09,7.565309324190623e-06,55613,40723,84110,17338
146176,1.1446100313623148e-05,0.0,3.010876704908847e-09,7.565309324190623e-06,55614,40724,84111,17339
143035,1.1446100313623148e-05,0.0,3.010876704908847e-09,7.565309324190623e-06,55615,40725,84112,17340
146011,1.1446100313623148e-05,0.0,3.010876704908847e-09,7.565309324190623e-06,55616,40726,84113,17341
146226,1.1446100313623148e-05,0.0,3.010876704908847e-09,7.565309324190623e-06,55617,40727,84114,17342
144035,1.1446100313623148e-05,0.0,3.010876704908847e-09,7.565309324190623e-06,55618,40728,84115,17343
146082,1.1446100313623148e-05,0.0,3.010876704908847e-09,7.565309324190623e-06,55619,40729,84116,17344
144979,1.1446100313623148e-05,0.0,3.010876704908847e-09,7.565309324190623e-06,55620,40730,84117,17345
146224,1.1446100313623148e-05,0.0,3.010876704908847e-09,7.565309324190623e-06,55621,40731,84118,17346
144339,1.1446100313623148e-05,0.0,3.010876704908847e-09,7.565309324190623e-06,55622,40732,84119,17347
143710,1.1446100313623148e-05,0.0,3.010876704908847e-09,7.565309324190623e-06,55623,40733,84120,17348
144921,1.1446100313623148e-05,0.0,3.010876704908847e-09,7.565309324190623e-06,55624,40734,84121,17349
144188,1.1446100313623148e-05,0.0,3.010876704908847e-09,7.565309324190623e-06,55625,40735,84122,17350
145992,1.1446100313623148e-05,0.0,3.010876704908847e-09,7.565309324190623e-06,55626,40736,84123,17351
145173,1.1446100313623148e-05,0.0,3.010876704908847e-09,7.565309324190623e-06,55627,40737,84124,17352
145882,1.1446100313623148e-05,0.0,3.010876704908847e-09,7.565309324190623e-06,55628,40738,84125,17353
142921,1.1446100313623148e-05,0.0,3.010876704908847e-09,7.565309324190623e-06,55629,40739,84126,17354
146410,1.1446100313623148e-05,0.0,3.010876704908847e-09,7.565309324190623e-06,55630,40740,84127,17355
144454,1.1446100313623148e-05,0.0,3.010876704908847e-09,7.565309324190623e-06,55631,40741,84128,17356
146425,1.1446100313623148e-05,0.0,3.010876704908847e-09,7.565309324190623e-06,55632,40742,84129,17357
142887,1.1446100313623148e-05,0.0,3.010876704908847e-09,7.565309324190623e-06,55633,40743,84130,17358
144394,1.1446100313623148e-05,0.0,3.010876704908847e-09,7.565309324190623e-06,55634,40744,84131,17359
145969,1.1446100313623148e-05,0.0,3.010876704908847e-09,7.565309324190623e-06,55635,40745,84132,17360
145506,1.1446100313623148e-05,0.0,3.010876704908847e-09,7.565309324190623e-06,55636,40746,84133,17361
145298,1.1446100313623148e-05,0.0,3.010876704908847e-09,7.565309324190623e-06,55637,40747,84134,17362
145899,1.1446100313623148e-05,0.0,3.010876704908847e-09,7.565309324190623e-06,55638,40748,84135,17363
142970,1.1446100313623148e-05,0.0,3.010876704908847e-09,7.565309324190623e-06,55639,40749,84136,17364
145537,1.1446100313623148e-05,0.0,3.010876704908847e-09,7.565309324190623e-06,55640,40750,84137,17365
142738,1.1446100313623148e-05,0.0,3.010876704908847e-09,7.565309324190623e-06,55641,40751,84138,17366
145057,1.1446100313623148e-05,0.0,3.010876704908847e-09,7.565309324190623e-06,55642,40752,84139,17367
142990,1.1446100313623148e-05,0.0,3.010876704908847e-09,7.565309324190623e-06,55643,40753,84140,17368
143889,1.1446100313623148e-05,0.0,3.010876704908847e-09,7.565309324190623e-06,55644,40754,84141,17369
143795,1.1446100313623148e-05,0.0,3.010876704908847e-09,7.565309324190623e-06,55645,40755,84142,17370
145623,1.1446100313623148e-05,0.0,3.010876704908847e-09,7.565309324190623e-06,55646,40756,84143,17371
143590,1.1446100313623148e-05,0.0,3.010876704908847e-09,7.565309324190623e-06,55647,40757,84144,17372
145335,1.1446100313623148e-05,0.0,3.010876704908847e-09,7.565309324190623e-06,55648,40758,84145,17373
143442,1.1446100313623148e-05,0.0,3.010876704908847e-09,7.565309324190623e-06,55649,40759,84146,17374
144763,1.1446100313623148e-05,0.0,3.010876704908847e-09,7.565309324190623e-06,55650,40760,84147,17375
145699,1.1446100313623148e-05,0.0,3.010876704908847e-09,7.565309324190623e-06,55651,40761,84148,17376
143198,1.1446100313623148e-05,0.0,3.010876704908847e-09,7.565309324190623e-06,55652,40762,84149,17377
146731,1.1446100313623148e-05,0.0,3.010876704908847e-09,7.565309324190623e-06,55653,40763,84150,17378
146029,1.1446100313623148e-05,0.0,3.010876704908847e-09,7.565309324190623e-06,55654,40764,84151,17379
146117,1.1446100313623148e-05,0.0,3.010876704908847e-09,7.565309324190623e-06,55655,40765,84152,17380
145171,1.1446100313623148e-05,0.0,3.010876704908847e-09,7.565309324190623e-06,55656,40766,84153,17381
143392,1.1446100313623148e-05,0.0,3.010876704908847e-09,7.565309324190623e-06,55657,40767,84154,17382
144331,1.1446100313623148e-05,0.0,3.010876704908847e-09,7.565309324190623e-06,55658,40768,84155,17383
143279,1.1446100313623148e-05,0.0,3.010876704908847e-09,7.565309324190623e-06,55659,40769,84156,17384
146313,1.1446100313623148e-05,0.0,3.010876704908847e-09,7.565309324190623e-06,55660,40770,84157,17385
143855,1.1446100313623148e-05,0.0,3.010876704908847e-09,7.565309324190623e-06,55661,40771,84158,17386
144688,1.1446100313623148e-05,0.0,3.010876704908847e-09,7.565309324190623e-06,55662,40772,84159,17387
144770,1.1446100313623148e-05,0.0,3.010876704908847e-09,7.565309324190623e-06,55663,40773,84160,17388
146648,1.1446100313623148e-05,0.0,3.010876704908847e-09,7.565309324190623e-06,55664,40774,84161,17389
143873,1.1446100313623148e-05,0.0,3.010876704908847e-09,7.565309324190623e-06,55665,40775,84162,17390
143190,1.1446100313623148e-05,0.0,3.010876704908847e-09,7.565309324190623e-06,55666,40776,84163,17391
145668,1.1446100313623148e-05,0.0,3.010876704908847e-09,7.565309324190623e-06,55667,40777,84164,17392
145887,1.1446100313623148e-05,0.0,3.010876704908847e-09,7.565309324190623e-06,55668,40778,84165,17393
145702,1.1446100313623148e-05,0.0,3.010876704908847e-09,7.565309324190623e-06,55669,40779,84166,17394
146216,1.1446100313623148e-05,0.0,3.010876704908847e-09,7.565309324190623e-06,55670,40780,84167,17395
145674,1.1446100313623148e-05,0.0,3.010876704908847e-09,7.565309324190623e-06,55671,40781,84168,17396
143452,1.1446100313623148e-05,0.0,3.010876704908847e-09,7.565309324190623e-06,55672,40782,84169,17397
144872,1.1446100313623148e-05,0.0,3.010876704908847e-09,7.565309324190623e-06,55673,40783,84170,17398
142690,1.1446100313623148e-05,0.0,3.010876704908847e-09,7.565309324190623e-06,55674,40784,84171,17399
146497,1.1446100313623148e-05,0.0,3.010876704908847e-09,7.565309324190623e-06,55675,40785,84172,17400
146061,1.1446100313623148e-05,0.0,3.010876704908847e-09,7.565309324190623e-06,55676,40786,84173,17401
144902,1.1446100313623148e-05,0.0,3.010876704908847e-09,7.565309324190623e-06,55677,40787,84174,17402
143892,1.1446100313623148e-05,0.0,3.010876704908847e-09,7.565309324190623e-06,55678,40788,84175,17403
145859,1.1446100313623148e-05,0.0,3.010876704908847e-09,7.565309324190623e-06,55679,40789,84176,17404
145406,1.1446100313623148e-05,0.0,3.010876704908847e-09,7.565309324190623e-06,55680,40790,84177,17405
144396,1.1446100313623148e-05,0.0,3.010876704908847e-09,7.565309324190623e-06,55681,40791,84178,17406
145890,1.1446100313623148e-05,0.0,3.010876704908847e-09,7.565309324190623e-06,55682,40792,84179,17407
145096,1.1446100313623148e-05,0.0,3.010876704908847e-09,7.565309324190623e-06,55683,40793,84180,17408
142951,1.1446100313623148e-05,0.0,3.010876704908847e-09,7.565309324190623e-06,55684,40794,84181,17409
144214,1.1446100313623148e-05,0.0,3.010876704908847e-09,7.565309324190623e-06,55685,40795,84182,17410
142680,1.1446100313623148e-05,0.0,3.010876704908847e-09,7.565309324190623e-06,55686,40796,84183,17411
143503,1.1446100313623148e-05,0.0,3.010876704908847e-09,7.565309324190623e-06,55687,40797,84184,17412
145305,1.1446100313623148e-05,0.0,3.010876704908847e-09,7.565309324190623e-06,55688,40798,84185,17413
145728,1.1446100313623148e-05,0.0,3.010876704908847e-09,7.565309324190623e-06,55689,40799,84186,17414
143967,1.1446100313623148e-05,0.0,3.010876704908847e-09,7.565309324190623e-06,55690,40800,84187,17415
146444,1.1446100313623148e-05,0.0,3.010876704908847e-09,7.565309324190623e-06,55691,40801,84188,17416
142746,1.1446100313623148e-05,0.0,3.010876704908847e-09,7.565309324190623e-06,55692,40802,84189,17417
144261,1.1446100313623148e-05,0.0,3.010876704908847e-09,7.565309324190623e-06,55693,40803,84190,17418
146223,1.1446100313623148e-05,0.0,3.010876704908847e-09,7.565309324190623e-06,55694,40804,84191,17419
146233,1.1446100313623148e-05,0.0,3.010876704908847e-09,7.565309324190623e-06,55695,40805,84192,17420
144470,1.1446100313623148e-05,0.0,3.010876704908847e-09,7.565309324190623e-06,55696,40806,84193,17421
146426,1.1446100313623148e-05,0.0,3.010876704908847e-09,7.565309324190623e-06,55697,40807,84194,17422
143085,1.1446100313623148e-05,0.0,3.010876704908847e-09,7.565309324190623e-06,55698,40808,84195,17423
142692,1.1446100313623148e-05,0.0,3.010876704908847e-09,7.565309324190623e-06,55699,40809,84196,17424
144110,1.1446100313623148e-05,0.0,3.010876704908847e-09,7.565309324190623e-06,55700,40810,84197,17425
144123,1.1446100313623148e-05,0.0,3.010876704908847e-09,7.565309324190623e-06,55701,40811,84198,17426
144686,1.1446100313623148e-05,0.0,3.010876704908847e-09,7.565309324190623e-06,55702,40812,84199,17427
144625,1.1446100313623148e-05,0.0,3.010876704908847e-09,7.565309324190623e-06,55703,40813,84200,17428
144008,1.1446100313623148e-05,0.0,3.010876704908847e-09,7.565309324190623e-06,55704,40814,84201,17429
143505,1.1446100313623148e-05,0.0,3.010876704908847e-09,7.565309324190623e-06,55705,40815,84202,17430
143587,1.1446100313623148e-05,0.0,3.010876704908847e-09,7.565309324190623e-06,55706,40816,84203,17431
144682,1.1446100313623148e-05,0.0,3.010876704908847e-09,7.565309324190623e-06,55707,40817,84204,17432
144951,1.1446100313623148e-05,0.0,3.010876704908847e-09,7.565309324190623e-06,55708,40818,84205,17433
145120,1.1446100313623148e-05,0.0,3.010876704908847e-09,7.565309324190623e-06,55709,40819,84206,17434
146574,1.1446100313623148e-05,0.0,3.010876704908847e-09,7.565309324190623e-06,55710,40820,84207,17435
145371,1.1446100313623148e-05,0.0,3.010876704908847e-09,7.565309324190623e-06,55711,40821,84208,17436
144779,1.1446100313623148e-05,0.0,3.010876704908847e-09,7.565309324190623e-06,55712,40822,84209,17437
143775,1.1446100313623148e-05,0.0,3.010876704908847e-09,7.565309324190623e-06,55713,40823,84210,17438
143373,1.1446100313623148e-05,0.0,3.010876704908847e-09,7.565309324190623e-06,55714,40824,84211,17439
143259,1.1446100313623148e-05,0.0,3.010876704908847e-09,7.565309324190623e-06,55715,40825,84212,17440
146736,1.1446100313623148e-05,0.0,3.010876704908847e-09,7.565309324190623e-06,55716,40826,84213,17441
142760,1.1446100313623148e-05,0.0,3.010876704908847e-09,7.565309324190623e-06,55717,40827,84214,17442
145792,1.1446100313623148e-05,0.0,3.010876704908847e-09,7.565309324190623e-06,55718,40828,84215,17443
145730,1.1446100313623148e-05,0.0,3.010876704908847e-09,7.565309324190623e-06,55719,40829,84216,17444
146275,1.1446100313623148e-05,0.0,3.010876704908847e-09,7.565309324190623e-06,55720,40830,84217,17445
145031,1.1446100313623148e-05,0.0,3.010876704908847e-09,7.565309324190623e-06,55721,40831,84218,17446
145700,1.1446100313623148e-05,0.0,3.010876704908847e-09,7.565309324190623e-06,55722,40832,84219,17447
145570,1.1446100313623148e-05,0.0,3.010876704908847e-09,7.565309324190623e-06,55723,40833,84220,17448
144913,1.1446100313623148e-05,0.0,3.010876704908847e-09,7.565309324190623e-06,55724,40834,84221,17449
145693,1.1446100313623148e-05,0.0,3.010876704908847e-09,7.565309324190623e-06,55725,40835,84222,17450
146506,1.1446100313623148e-05,0.0,3.010876704908847e-09,7.565309324190623e-06,55726,40836,84223,17451
146354,1.1446100313623148e-05,0.0,3.010876704908847e-09,7.565309324190623e-06,55727,40837,84224,17452
143723,1.1446100313623148e-05,0.0,3.010876704908847e-09,7.565309324190623e-06,55728,40838,84225,17453
143786,1.1446100313623148e-05,0.0,3.010876704908847e-09,7.565309324190623e-06,55729,40839,84226,17454
145963,1.1446100313623148e-05,0.0,3.010876704908847e-09,7.565309324190623e-06,55730,40840,84227,17455
144661,1.1446100313623148e-05,0.0,3.010876704908847e-09,7.565309324190623e-06,55731,40841,84228,17456
146599,1.1446100313623148e-05,0.0,3.010876704908847e-09,7.565309324190623e-06,55732,40842,84229,17457
144819,1.1446100313623148e-05,0.0,3.010876704908847e-09,7.565309324190623e-06,55733,40843,84230,17458
146600,1.1446100313623148e-05,0.0,3.010876704908847e-09,7.565309324190623e-06,55734,40844,84231,17459
142968,1.1446100313623148e-05,0.0,3.010876704908847e-09,7.565309324190623e-06,55735,40845,84232,17460
145602,1.1446100313623148e-05,0.0,3.010876704908847e-09,7.565309324190623e-06,55736,40846,84233,17461
144004,1.1446100313623148e-05,0.0,3.010876704908847e-09,7.565309324190623e-06,55737,40847,84234,17462
142725,1.1446100313623148e-05,0.0,3.010876704908847e-09,7.565309324190623e-06,55738,40848,84235,17463
143954,1.1446100313623148e-05,0.0,3.010876704908847e-09,7.565309324190623e-06,55739,40849,84236,17464
144709,1.1446100313623148e-05,0.0,3.010876704908847e-09,7.565309324190623e-06,55740,40850,84237,17465
144712,1.1446100313623148e-05,0.0,3.010876704908847e-09,7.565309324190623e-06,55741,40851,84238,17466
146490,1.1446100313623148e-05,0.0,3.010876704908847e-09,7.565309324190623e-06,55742,40852,84239,17467
143685,1.1446100313623148e-05,0.0,3.010876704908847e-09,7.565309324190623e-06,55743,40853,84240,17468
146347,1.1446100313623148e-05,0.0,3.010876704908847e-09,7.565309324190623e-06,55744,40854,84241,17469
146278,1.1446100313623148e-05,0.0,3.010876704908847e-09,7.565309324190623e-06,55745,40855,84242,17470
143419,1.1446100313623148e-05,0.0,3.010876704908847e-09,7.565309324190623e-06,55746,40856,84243,17471
144402,1.1446100313623148e-05,0.0,3.010876704908847e-09,7.565309324190623e-06,55747,40857,84244,17472
145386,1.1446100313623148e-05,0.0,3.010876704908847e-09,7.565309324190623e-06,55748,40858,84245,17473
144484,1.1446100313623148e-05,0.0,3.010876704908847e-09,7.565309324190623e-06,55749,40859,84246,17474
146339,1.1446100313623148e-05,0.0,3.010876704908847e-09,7.565309324190623e-06,55750,40860,84247,17475
144249,1.1446100313623148e-05,0.0,3.010876704908847e-09,7.565309324190623e-06,55751,40861,84248,17476
146479,1.1446100313623148e-05,0.0,3.010876704908847e-09,7.565309324190623e-06,55752,40862,84249,17477
144717,1.1446100313623148e-05,0.0,3.010876704908847e-09,7.565309324190623e-06,55753,40863,84250,17478
144954,1.1446100313623148e-05,0.0,3.010876704908847e-09,7.565309324190623e-06,55754,40864,84251,17479
142916,1.1446100313623148e-05,0.0,3.010876704908847e-09,7.565309324190623e-06,55755,40865,84252,17480
143425,1.1446100313623148e-05,0.0,3.010876704908847e-09,7.565309324190623e-06,55756,40866,84253,17481
143516,1.1446100313623148e-05,0.0,3.010876704908847e-09,7.565309324190623e-06,55757,40867,84254,17482
146103,1.1446100313623148e-05,0.0,3.010876704908847e-09,7.565309324190623e-06,55758,40868,84255,17483
145909,1.1446100313623148e-05,0.0,3.010876704908847e-09,7.565309324190623e-06,55759,40869,84256,17484
144961,1.1446100313623148e-05,0.0,3.010876704908847e-09,7.565309324190623e-06,55760,40870,84257,17485
143550,1.1446100313623148e-05,0.0,3.010876704908847e-09,7.565309324190623e-06,55761,40871,84258,17486
144084,1.1446100313623148e-05,0.0,3.010876704908847e-09,7.565309324190623e-06,55762,40872,84259,17487
145074,1.1446100313623148e-05,0.0,3.010876704908847e-09,7.565309324190623e-06,55763,40873,84260,17488
143492,1.1446100313623148e-05,0.0,3.010876704908847e-09,7.565309324190623e-06,55764,40874,84261,17489
144037,1.1446100313623148e-05,0.0,3.010876704908847e-09,7.565309324190623e-06,55765,40875,84262,17490
144208,1.1446100313623148e-05,0.0,3.010876704908847e-09,7.565309324190623e-06,55766,40876,84263,17491
146387,1.1446100313623148e-05,0.0,3.010876704908847e-09,7.565309324190623e-06,55767,40877,84264,17492
146007,1.1446100313623148e-05,0.0,3.010876704908847e-09,7.565309324190623e-06,55768,40878,84265,17493
145857,1.1446100313623148e-05,0.0,3.010876704908847e-09,7.565309324190623e-06,55769,40879,84266,17494
145736,1.1446100313623148e-05,0.0,3.010876704908847e-09,7.565309324190623e-06,55770,40880,84267,17495
146513,1.1446100313623148e-05,0.0,3.010876704908847e-09,7.565309324190623e-06,55771,40881,84268,17496
146164,1.1446100313623148e-05,0.0,3.010876704908847e-09,7.565309324190623e-06,55772,40882,84269,17497
142975,1.1446100313623148e-05,0.0,3.010876704908847e-09,7.565309324190623e-06,55773,40883,84270,17498
143307,1.1446100313623148e-05,0.0,3.010876704908847e-09,7.565309324190623e-06,55774,40884,84271,17499
146073,1.1446100313623148e-05,0.0,3.010876704908847e-09,7.565309324190623e-06,55775,40885,84272,17500
144931,1.1446100313623148e-05,0.0,3.010876704908847e-09,7.565309324190623e-06,55776,40886,84273,17501
146456,1.1446100313623148e-05,0.0,3.010876704908847e-09,7.565309324190623e-06,55777,40887,84274,17502
146401,1.1446100313623148e-05,0.0,3.010876704908847e-09,7.565309324190623e-06,55778,40888,84275,17503
144481,1.1446100313623148e-05,0.0,3.010876704908847e-09,7.565309324190623e-06,55779,40889,84276,17504
143681,1.1446100313623148e-05,0.0,3.010876704908847e-09,7.565309324190623e-06,55780,40890,84277,17505
146242,1.1446100313623148e-05,0.0,3.010876704908847e-09,7.565309324190623e-06,55781,40891,84278,17506
144494,1.1446100313623148e-05,0.0,3.010876704908847e-09,7.565309324190623e-06,55782,40892,84279,17507
144223,1.1446100313623148e-05,0.0,3.010876704908847e-09,7.565309324190623e-06,55783,40893,84280,17508
143645,1.1446100313623148e-05,0.0,3.010876704908847e-09,7.565309324190623e-06,55784,40894,84281,17509
145955,1.1446100313623148e-05,0.0,3.010876704908847e-09,7.565309324190623e-06,55785,40895,84282,17510
146631,1.1446100313623148e-05,0.0,3.010876704908847e-09,7.565309324190623e-06,55786,40896,84283,17511
143127,1.1446100313623148e-05,0.0,3.010876704908847e-09,7.565309324190623e-06,55787,40897,84284,17512
144540,1.1446100313623148e-05,0.0,3.010876704908847e-09,7.565309324190623e-06,55788,40898,84285,17513
144277,1.1446100313623148e-05,0.0,3.010876704908847e-09,7.565309324190623e-06,55789,40899,84286,17514
145021,1.1446100313623148e-05,0.0,3.010876704908847e-09,7.565309324190623e-06,55790,40900,84287,17515
144807,1.1446100313623148e-05,0.0,3.010876704908847e-09,7.565309324190623e-06,55791,40901,84288,17516
143862,1.1446100313623148e-05,0.0,3.010876704908847e-09,7.565309324190623e-06,55792,40902,84289,17517
146720,1.1446100313623148e-05,0.0,3.010876704908847e-09,7.565309324190623e-06,55793,40903,84290,17518
145508,1.1446100313623148e-05,0.0,3.010876704908847e-09,7.565309324190623e-06,55794,40904,84291,17519
144774,1.1446100313623148e-05,0.0,3.010876704908847e-09,7.565309324190623e-06,55795,40905,84292,17520
145913,1.1446100313623148e-05,0.0,3.010876704908847e-09,7.565309324190623e-06,55796,40906,84293,17521
144736,1.1446100313623148e-05,0.0,3.010876704908847e-09,7.565309324190623e-06,55797,40907,84294,17522
146408,1.1446100313623148e-05,0.0,3.010876704908847e-09,7.565309324190623e-06,55798,40908,84295,17523
143690,1.1446100313623148e-05,0.0,3.010876704908847e-09,7.565309324190623e-06,55799,40909,84296,17524
145220,1.1446100313623148e-05,0.0,3.010876704908847e-09,7.565309324190623e-06,55800,40910,84297,17525
145011,1.1446100313623148e-05,0.0,3.010876704908847e-09,7.565309324190623e-06,55801,40911,84298,17526
146435,1.1446100313623148e-05,0.0,3.010876704908847e-09,7.565309324190623e-06,55802,40912,84299,17527
144833,1.1446100313623148e-05,0.0,3.010876704908847e-09,7.565309324190623e-06,55803,40913,84300,17528
145985,1.1446100313623148e-05,0.0,3.010876704908847e-09,7.565309324190623e-06,55804,40914,84301,17529
143178,1.1446100313623148e-05,0.0,3.010876704908847e-09,7.565309324190623e-06,55805,40915,84302,17530
146015,1.1446100313623148e-05,0.0,3.010876704908847e-09,7.565309324190623e-06,55806,40916,84303,17531
146198,1.1446100313623148e-05,0.0,3.010876704908847e-09,7.565309324190623e-06,55807,40917,84304,17532
142855,1.1446100313623148e-05,0.0,3.010876704908847e-09,7.565309324190623e-06,55808,40918,84305,17533
143347,1.1446100313623148e-05,0.0,3.010876704908847e-09,7.565309324190623e-06,55809,40919,84306,17534
144994,1.1446100313623148e-05,0.0,3.010876704908847e-09,7.565309324190623e-06,55810,40920,84307,17535
143562,1.1446100313623148e-05,0.0,3.010876704908847e-09,7.565309324190623e-06,55811,40921,84308,17536
143490,1.1446100313623148e-05,0.0,3.010876704908847e-09,7.565309324190623e-06,55812,40922,84309,17537
146210,1.1446100313623148e-05,0.0,3.010876704908847e-09,7.565309324190623e-06,55813,40923,84310,17538
143768,1.1446100313623148e-05,0.0,3.010876704908847e-09,7.565309324190623e-06,55814,40924,84311,17539
143500,1.1446100313623148e-05,0.0,3.010876704908847e-09,7.565309324190623e-06,55815,40925,84312,17540
144920,1.1446100313623148e-05,0.0,3.010876704908847e-09,7.565309324190623e-06,55816,40926,84313,17541
144351,1.1446100313623148e-05,0.0,3.010876704908847e-09,7.565309324190623e-06,55817,40927,84314,17542
143495,1.1446100313623148e-05,0.0,3.010876704908847e-09,7.565309324190623e-06,55818,40928,84315,17543
143270,1.1446100313623148e-05,0.0,3.010876704908847e-09,7.565309324190623e-06,55819,40929,84316,17544
142978,1.1446100313623148e-05,0.0,3.010876704908847e-09,7.565309324190623e-06,55820,40930,84317,17545
145206,1.1446100313623148e-05,0.0,3.010876704908847e-09,7.565309324190623e-06,55821,40931,84318,17546
143728,1.1446100313623148e-05,0.0,3.010876704908847e-09,7.565309324190623e-06,55822,40932,84319,17547
145920,1.1446100313623148e-05,0.0,3.010876704908847e-09,7.565309324190623e-06,55823,40933,84320,17548
146440,1.1446100313623148e-05,0.0,3.010876704908847e-09,7.565309324190623e-06,55824,40934,84321,17549
144056,1.1446100313623148e-05,0.0,3.010876704908847e-09,7.565309324190623e-06,55825,40935,84322,17550
146055,1.1446100313623148e-05,0.0,3.010876704908847e-09,7.565309324190623e-06,55826,40936,84323,17551
144840,1.1446100313623148e-05,0.0,3.010876704908847e-09,7.565309324190623e-06,55827,40937,84324,17552
143484,1.1446100313623148e-05,0.0,3.010876704908847e-09,7.565309324190623e-06,55828,40938,84325,17553
142673,1.1446100313623148e-05,0.0,3.010876704908847e-09,7.565309324190623e-06,55829,40939,84326,17554
145203,1.1446100313623148e-05,0.0,3.010876704908847e-09,7.565309324190623e-06,55830,40940,84327,17555
143831,1.1446100313623148e-05,0.0,3.010876704908847e-09,7.565309324190623e-06,55831,40941,84328,17556
146097,1.1446100313623148e-05,0.0,3.010876704908847e-09,7.565309324190623e-06,55832,40942,84329,17557
143840,1.1446100313623148e-05,0.0,3.010876704908847e-09,7.565309324190623e-06,55833,40943,84330,17558
146525,1.1446100313623148e-05,0.0,3.010876704908847e-09,7.565309324190623e-06,55834,40944,84331,17559
143988,1.1446100313623148e-05,0.0,3.010876704908847e-09,7.565309324190623e-06,55835,40945,84332,17560
145111,1.1446100313623148e-05,0.0,3.010876704908847e-09,7.565309324190623e-06,55836,40946,84333,17561
143344,1.1446100313623148e-05,0.0,3.010876704908847e-09,7.565309324190623e-06,55837,40947,84334,17562
145809,1.1446100313623148e-05,0.0,3.010876704908847e-09,7.565309324190623e-06,55838,40948,84335,17563
143044,1.1446100313623148e-05,0.0,3.010876704908847e-09,7.565309324190623e-06,55839,40949,84336,17564
144338,1.1446100313623148e-05,0.0,3.010876704908847e-09,7.565309324190623e-06,55840,40950,84337,17565
146353,1.1446100313623148e-05,0.0,3.010876704908847e-09,7.565309324190623e-06,55841,40951,84338,17566
144262,1.1446100313623148e-05,0.0,3.010876704908847e-09,7.565309324190623e-06,55842,40952,84339,17567
144579,1.1446100313623148e-05,0.0,3.010876704908847e-09,7.565309324190623e-06,55843,40953,84340,17568
145993,1.1446100313623148e-05,0.0,3.010876704908847e-09,7.565309324190623e-06,55844,40954,84341,17569
144075,1.1446100313623148e-05,0.0,3.010876704908847e-09,7.565309324190623e-06,55845,40955,84342,17570
145689,1.1446100313623148e-05,0.0,3.010876704908847e-09,7.565309324190623e-06,55846,40956,84343,17571
145480,1.1446100313623148e-05,0.0,3.010876704908847e-09,7.565309324190623e-06,55847,40957,84344,17572
145452,1.1446100313623148e-05,0.0,3.010876704908847e-09,7.565309324190623e-06,55848,40958,84345,17573
146626,1.1446100313623148e-05,0.0,3.010876704908847e-09,7.565309324190623e-06,55849,40959,84346,17574
146077,1.1446100313623148e-05,0.0,3.010876704908847e-09,7.565309324190623e-06,55850,40960,84347,17575
142891,1.1446100313623148e-05,0.0,3.010876704908847e-09,7.565309324190623e-06,55851,40961,84348,17576
146732,1.1446100313623148e-05,0.0,3.010876704908847e-09,7.565309324190623e-06,55852,40962,84349,17577
145683,1.1446100313623148e-05,0.0,3.010876704908847e-09,7.565309324190623e-06,55853,40963,84350,17578
142852,1.1446100313623148e-05,0.0,3.010876704908847e-09,7.565309324190623e-06,55854,40964,84351,17579
144400,1.1446100313623148e-05,0.0,3.010876704908847e-09,7.565309324190623e-06,55855,40965,84352,17580
144061,1.1446100313623148e-05,0.0,3.010876704908847e-09,7.565309324190623e-06,55856,40966,84353,17581
143592,1.1446100313623148e-05,0.0,3.010876704908847e-09,7.565309324190623e-06,55857,40967,84354,17582
144350,1.1446100313623148e-05,0.0,3.010876704908847e-09,7.565309324190623e-06,55858,40968,84355,17583
142886,1.1446100313623148e-05,0.0,3.010876704908847e-09,7.565309324190623e-06,55859,40969,84356,17584
145464,1.1446100313623148e-05,0.0,3.010876704908847e-09,7.565309324190623e-06,55860,40970,84357,17585
146394,1.1446100313623148e-05,0.0,3.010876704908847e-09,7.565309324190623e-06,55861,40971,84358,17586
145194,1.1446100313623148e-05,0.0,3.010876704908847e-09,7.565309324190623e-06,55862,40972,84359,17587
144269,1.1446100313623148e-05,0.0,3.010876704908847e-09,7.565309324190623e-06,55863,40973,84360,17588
144428,1.1446100313623148e-05,0.0,3.010876704908847e-09,7.565309324190623e-06,55864,40974,84361,17589
144316,1.1446100313623148e-05,0.0,3.010876704908847e-09,7.565309324190623e-06,55865,40975,84362,17590
145064,1.1446100313623148e-05,0.0,3.010876704908847e-09,7.565309324190623e-06,55866,40976,84363,17591
142743,1.1446100313623148e-05,0.0,3.010876704908847e-09,7.565309324190623e-06,55867,40977,84364,17592
145583,1.1446100313623148e-05,0.0,3.010876704908847e-09,7.565309324190623e-06,55868,40978,84365,17593
143376,1.1446100313623148e-05,0.0,3.010876704908847e-09,7.565309324190623e-06,55869,40979,84366,17594
146053,1.1446100313623148e-05,0.0,3.010876704908847e-09,7.565309324190623e-06,55870,40980,84367,17595
146304,1.1446100313623148e-05,0.0,3.010876704908847e-09,7.565309324190623e-06,55871,40981,84368,17596
145942,1.1446100313623148e-05,0.0,3.010876704908847e-09,7.565309324190623e-06,55872,40982,84369,17597
143455,1.1446100313623148e-05,0.0,3.010876704908847e-09,7.565309324190623e-06,55873,40983,84370,17598
143636,1.1446100313623148e-05,0.0,3.010876704908847e-09,7.565309324190623e-06,55874,40984,84371,17599
144886,1.1446100313623148e-05,0.0,3.010876704908847e-09,7.565309324190623e-06,55875,40985,84372,17600
146404,1.1446100313623148e-05,0.0,3.010876704908847e-09,7.565309324190623e-06,55876,40986,84373,17601
145205,1.1446100313623148e-05,0.0,3.010876704908847e-09,7.565309324190623e-06,55877,40987,84374,17602
144027,1.1446100313623148e-05,0.0,3.010876704908847e-09,7.565309324190623e-06,55878,40988,84375,17603
146344,1.1446100313623148e-05,0.0,3.010876704908847e-09,7.565309324190623e-06,55879,40989,84376,17604
145786,1.1446100313623148e-05,0.0,3.010876704908847e-09,7.565309324190623e-06,55880,40990,84377,17605
144608,1.1446100313623148e-05,0.0,3.010876704908847e-09,7.565309324190623e-06,55881,40991,84378,17606
143730,1.1446100313623148e-05,0.0,3.010876704908847e-09,7.565309324190623e-06,55882,40992,84379,17607
145238,1.1446100313623148e-05,0.0,3.010876704908847e-09,7.565309324190623e-06,55883,40993,84380,17608
146151,1.1446100313623148e-05,0.0,3.010876704908847e-09,7.565309324190623e-06,55884,40994,84381,17609
146613,1.1446100313623148e-05,0.0,3.010876704908847e-09,7.565309324190623e-06,55885,40995,84382,17610
143152,1.1446100313623148e-05,0.0,3.010876704908847e-09,7.565309324190623e-06,55886,40996,84383,17611
144021,1.1446100313623148e-05,0.0,3.010876704908847e-09,7.565309324190623e-06,55887,40997,84384,17612
145445,1.1446100313623148e-05,0.0,3.010876704908847e-09,7.565309324190623e-06,55888,40998,84385,17613
145820,1.1446100313623148e-05,0.0,3.010876704908847e-09,7.565309324190623e-06,55889,40999,84386,17614
145503,1.1446100313623148e-05,0.0,3.010876704908847e-09,7.565309324190623e-06,55890,41000,84387,17615
145796,1.1446100313623148e-05,0.0,3.010876704908847e-09,7.565309324190623e-06,55891,41001,84388,17616
146260,1.1446100313623148e-05,0.0,3.010876704908847e-09,7.565309324190623e-06,55892,41002,84389,17617
145224,1.1446100313623148e-05,0.0,3.010876704908847e-09,7.565309324190623e-06,55893,41003,84390,17618
142762,1.1446100313623148e-05,0.0,3.010876704908847e-09,7.565309324190623e-06,55894,41004,84391,17619
144439,1.1446100313623148e-05,0.0,3.010876704908847e-09,7.565309324190623e-06,55895,41005,84392,17620
146366,1.1446100313623148e-05,0.0,3.010876704908847e-09,7.565309324190623e-06,55896,41006,84393,17621
144527,1.1446100313623148e-05,0.0,3.010876704908847e-09,7.565309324190623e-06,55897,41007,84394,17622
142967,1.1446100313623148e-05,0.0,3.010876704908847e-09,7.565309324190623e-06,55898,41008,84395,17623
145958,1.1446100313623148e-05,0.0,3.010876704908847e-09,7.565309324190623e-06,55899,41009,84396,17624
144066,1.1446100313623148e-05,0.0,3.010876704908847e-09,7.565309324190623e-06,55900,41010,84397,17625
146745,1.1446100313623148e-05,0.0,3.010876704908847e-09,7.565309324190623e-06,55901,41011,84398,17626
143174,1.1446100313623148e-05,0.0,3.010876704908847e-09,7.565309324190623e-06,55902,41012,84399,17627
143213,1.1446100313623148e-05,0.0,3.010876704908847e-09,7.565309324190623e-06,55903,41013,84400,17628
143088,1.1446100313623148e-05,0.0,3.010876704908847e-09,7.565309324190623e-06,55904,41014,84401,17629
146362,1.1446100313623148e-05,0.0,3.010876704908847e-09,7.565309324190623e-06,55905,41015,84402,17630
145692,1.1446100313623148e-05,0.0,3.010876704908847e-09,7.565309324190623e-06,55906,41016,84403,17631
145545,1.1446100313623148e-05,0.0,3.010876704908847e-09,7.565309324190623e-06,55907,41017,84404,17632
145517,1.1446100313623148e-05,0.0,3.010876704908847e-09,7.565309324190623e-06,55908,41018,84405,17633
143568,1.1446100313623148e-05,0.0,3.010876704908847e-09,7.565309324190623e-06,55909,41019,84406,17634
145276,1.1446100313623148e-05,0.0,3.010876704908847e-09,7.565309324190623e-06,55910,41020,84407,17635
146360,1.1446100313623148e-05,0.0,3.010876704908847e-09,7.565309324190623e-06,55911,41021,84408,17636
145084,1.1446100313623148e-05,0.0,3.010876704908847e-09,7.565309324190623e-06,55912,41022,84409,17637
145990,1.1446100313623148e-05,0.0,3.010876704908847e-09,7.565309324190623e-06,55913,41023,84410,17638
144598,1.1446100313623148e-05,0.0,3.010876704908847e-09,7.565309324190623e-06,55914,41024,84411,17639
143217,1.1446100313623148e-05,0.0,3.010876704908847e-09,7.565309324190623e-06,55915,41025,84412,17640
146215,1.1446100313623148e-05,0.0,3.010876704908847e-09,7.565309324190623e-06,55916,41026,84413,17641
143278,1.1446100313623148e-05,0.0,3.010876704908847e-09,7.565309324190623e-06,55917,41027,84414,17642
144655,1.1446100313623148e-05,0.0,3.010876704908847e-09,7.565309324190623e-06,55918,41028,84415,17643
144529,1.1446100313623148e-05,0.0,3.010876704908847e-09,7.565309324190623e-06,55919,41029,84416,17644
145988,1.1446100313623148e-05,0.0,3.010876704908847e-09,7.565309324190623e-06,55920,41030,84417,17645
143201,1.1446100313623148e-05,0.0,3.010876704908847e-09,7.565309324190623e-06,55921,41031,84418,17646
144560,1.1446100313623148e-05,0.0,3.010876704908847e-09,7.565309324190623e-06,55922,41032,84419,17647
145983,1.1446100313623148e-05,0.0,3.010876704908847e-09,7.565309324190623e-06,55923,41033,84420,17648
146337,1.1446100313623148e-05,0.0,3.010876704908847e-09,7.565309324190623e-06,55924,41034,84421,17649
142998,1.1446100313623148e-05,0.0,3.010876704908847e-09,7.565309324190623e-06,55925,41035,84422,17650
142822,1.1446100313623148e-05,0.0,3.010876704908847e-09,7.565309324190623e-06,55926,41036,84423,17651
142879,1.1446100313623148e-05,0.0,3.010876704908847e-09,7.565309324190623e-06,55927,41037,84424,17652
145012,1.1446100313623148e-05,0.0,3.010876704908847e-09,7.565309324190623e-06,55928,41038,84425,17653
146517,1.1446100313623148e-05,0.0,3.010876704908847e-09,7.565309324190623e-06,55929,41039,84426,17654
146037,1.1446100313623148e-05,0.0,3.010876704908847e-09,7.565309324190623e-06,55930,41040,84427,17655
145654,1.1446100313623148e-05,0.0,3.010876704908847e-09,7.565309324190623e-06,55931,41041,84428,17656
144415,1.1446100313623148e-05,0.0,3.010876704908847e-09,7.565309324190623e-06,55932,41042,84429,17657
146715,1.1446100313623148e-05,0.0,3.010876704908847e-09,7.565309324190623e-06,55933,41043,84430,17658
145528,1.1446100313623148e-05,0.0,3.010876704908847e-09,7.565309324190623e-06,55934,41044,84431,17659
144301,1.1446100313623148e-05,0.0,3.010876704908847e-09,7.565309324190623e-06,55935,41045,84432,17660
143273,1.1446100313623148e-05,0.0,3.010876704908847e-09,7.565309324190623e-06,55936,41046,84433,17661
142716,1.1446100313623148e-05,0.0,3.010876704908847e-09,7.565309324190623e-06,55937,41047,84434,17662
144409,1.1446100313623148e-05,0.0,3.010876704908847e-09,7.565309324190623e-06,55938,41048,84435,17663
144575,1.1446100313623148e-05,0.0,3.010876704908847e-09,7.565309324190623e-06,55939,41049,84436,17664
143345,1.1446100313623148e-05,0.0,3.010876704908847e-09,7.565309324190623e-06,55940,41050,84437,17665
143984,1.1446100313623148e-05,0.0,3.010876704908847e-09,7.565309324190623e-06,55941,41051,84438,17666
145837,1.1446100313623148e-05,0.0,3.010876704908847e-09,7.565309324190623e-06,55942,41052,84439,17667
146155,1.1446100313623148e-05,0.0,3.010876704908847e-09,7.565309324190623e-06,55943,41053,84440,17668
144069,1.1446100313623148e-05,0.0,3.010876704908847e-09,7.565309324190623e-06,55944,41054,84441,17669
146463,1.1446100313623148e-05,0.0,3.010876704908847e-09,7.565309324190623e-06,55945,41055,84442,17670
146729,1.1446100313623148e-05,0.0,3.010876704908847e-09,7.565309324190623e-06,55946,41056,84443,17671
144122,1.1446100313623148e-05,0.0,3.010876704908847e-09,7.565309324190623e-06,55947,41057,84444,17672
143306,1.1446100313623148e-05,0.0,3.010876704908847e-09,7.565309324190623e-06,55948,41058,84445,17673
142953,1.1446100313623148e-05,0.0,3.010876704908847e-09,7.565309324190623e-06,55949,41059,84446,17674
146556,1.1446100313623148e-05,0.0,3.010876704908847e-09,7.565309324190623e-06,55950,41060,84447,17675
144533,1.1446100313623148e-05,0.0,3.010876704908847e-09,7.565309324190623e-06,55951,41061,84448,17676
143141,1.1446100313623148e-05,0.0,3.010876704908847e-09,7.565309324190623e-06,55952,41062,84449,17677
143748,1.1446100313623148e-05,0.0,3.010876704908847e-09,7.565309324190623e-06,55953,41063,84450,17678
143698,1.1446100313623148e-05,0.0,3.010876704908847e-09,7.565309324190623e-06,55954,41064,84451,17679
143171,1.1446100313623148e-05,0.0,3.010876704908847e-09,7.565309324190623e-06,55955,41065,84452,17680
144040,1.1446100313623148e-05,0.0,3.010876704908847e-09,7.565309324190623e-06,55956,41066,84453,17681
145134,1.1446100313623148e-05,0.0,3.010876704908847e-09,7.565309324190623e-06,55957,41067,84454,17682
145926,1.1446100313623148e-05,0.0,3.010876704908847e-09,7.565309324190623e-06,55958,41068,84455,17683
144048,1.1446100313623148e-05,0.0,3.010876704908847e-09,7.565309324190623e-06,55959,41069,84456,17684
145606,1.1446100313623148e-05,0.0,3.010876704908847e-09,7.565309324190623e-06,55960,41070,84457,17685
145015,1.1446100313623148e-05,0.0,3.010876704908847e-09,7.565309324190623e-06,55961,41071,84458,17686
144343,1.1446100313623148e-05,0.0,3.010876704908847e-09,7.565309324190623e-06,55962,41072,84459,17687
146147,1.1446100313623148e-05,0.0,3.010876704908847e-09,7.565309324190623e-06,55963,41073,84460,17688
144667,1.1446100313623148e-05,0.0,3.010876704908847e-09,7.565309324190623e-06,55964,41074,84461,17689
145053,1.1446100313623148e-05,0.0,3.010876704908847e-09,7.565309324190623e-06,55965,41075,84462,17690
146549,1.1446100313623148e-05,0.0,3.010876704908847e-09,7.565309324190623e-06,55966,41076,84463,17691
145359,1.1446100313623148e-05,0.0,3.010876704908847e-09,7.565309324190623e-06,55967,41077,84464,17692
145879,1.1446100313623148e-05,0.0,3.010876704908847e-09,7.565309324190623e-06,55968,41078,84465,17693
143611,1.1446100313623148e-05,0.0,3.010876704908847e-09,7.565309324190623e-06,55969,41079,84466,17694
145560,1.1446100313623148e-05,0.0,3.010876704908847e-09,7.565309324190623e-06,55970,41080,84467,17695
146067,1.1446100313623148e-05,0.0,3.010876704908847e-09,7.565309324190623e-06,55971,41081,84468,17696
143626,1.1446100313623148e-05,0.0,3.010876704908847e-09,7.565309324190623e-06,55972,41082,84469,17697
144678,1.1446100313623148e-05,0.0,3.010876704908847e-09,7.565309324190623e-06,55973,41083,84470,17698
145391,1.1446100313623148e-05,0.0,3.010876704908847e-09,7.565309324190623e-06,55974,41084,84471,17699
144315,1.1446100313623148e-05,0.0,3.010876704908847e-09,7.565309324190623e-06,55975,41085,84472,17700
144212,1.1446100313623148e-05,0.0,3.010876704908847e-09,7.565309324190623e-06,55976,41086,84473,17701
143133,1.1446100313623148e-05,0.0,3.010876704908847e-09,7.565309324190623e-06,55977,41087,84474,17702
145515,1.1446100313623148e-05,0.0,3.010876704908847e-09,7.565309324190623e-06,55978,41088,84475,17703
144030,1.1446100313623148e-05,0.0,3.010876704908847e-09,7.565309324190623e-06,55979,41089,84476,17704
146655,1.1446100313623148e-05,0.0,3.010876704908847e-09,7.565309324190623e-06,55980,41090,84477,17705
145352,1.1446100313623148e-05,0.0,3.010876704908847e-09,7.565309324190623e-06,55981,41091,84478,17706
144137,1.1446100313623148e-05,0.0,3.010876704908847e-09,7.565309324190623e-06,55982,41092,84479,17707
145164,1.1446100313623148e-05,0.0,3.010876704908847e-09,7.565309324190623e-06,55983,41093,84480,17708
145035,1.1446100313623148e-05,0.0,3.010876704908847e-09,7.565309324190623e-06,55984,41094,84481,17709
143231,1.1446100313623148e-05,0.0,3.010876704908847e-09,7.565309324190623e-06,55985,41095,84482,17710
142962,1.1446100313623148e-05,0.0,3.010876704908847e-09,7.565309324190623e-06,55986,41096,84483,17711
144143,1.1446100313623148e-05,0.0,3.010876704908847e-09,7.565309324190623e-06,55987,41097,84484,17712
144310,1.1446100313623148e-05,0.0,3.010876704908847e-09,7.565309324190623e-06,55988,41098,84485,17713
143997,1.1446100313623148e-05,0.0,3.010876704908847e-09,7.565309324190623e-06,55989,41099,84486,17714
146650,1.1446100313623148e-05,0.0,3.010876704908847e-09,7.565309324190623e-06,55990,41100,84487,17715
146292,1.1446100313623148e-05,0.0,3.010876704908847e-09,7.565309324190623e-06,55991,41101,84488,17716
145475,1.1446100313623148e-05,0.0,3.010876704908847e-09,7.565309324190623e-06,55992,41102,84489,17717
144068,1.1446100313623148e-05,0.0,3.010876704908847e-09,7.565309324190623e-06,55993,41103,84490,17718
144091,1.1446100313623148e-05,0.0,3.010876704908847e-09,7.565309324190623e-06,55994,41104,84491,17719
143144,1.1446100313623148e-05,0.0,3.010876704908847e-09,7.565309324190623e-06,55995,41105,84492,17720
146674,1.1446100313623148e-05,0.0,3.010876704908847e-09,7.565309324190623e-06,55996,41106,84493,17721
145494,1.1446100313623148e-05,0.0,3.010876704908847e-09,7.565309324190623e-06,55997,41107,84494,17722
144356,1.1446100313623148e-05,0.0,3.010876704908847e-09,7.565309324190623e-06,55998,41108,84495,17723
143228,1.1446100313623148e-05,0.0,3.010876704908847e-09,7.565309324190623e-06,55999,41109,84496,17724
144382,1.1446100313623148e-05,0.0,3.010876704908847e-09,7.565309324190623e-06,56000,41110,84497,17725
144273,1.1446100313623148e-05,0.0,3.010876704908847e-09,7.565309324190623e-06,56001,41111,84498,17726
144150,1.1446100313623148e-05,0.0,3.010876704908847e-09,7.565309324190623e-06,56002,41112,84499,17727
143995,1.1446100313623148e-05,0.0,3.010876704908847e-09,7.565309324190623e-06,56003,41113,84500,17728
143087,1.1446100313623148e-05,0.0,3.010876704908847e-09,7.565309324190623e-06,56004,41114,84501,17729
144491,1.1446100313623148e-05,0.0,3.010876704908847e-09,7.565309324190623e-06,56005,41115,84502,17730
146296,1.1446100313623148e-05,0.0,3.010876704908847e-09,7.565309324190623e-06,56006,41116,84503,17731
143177,1.1446100313623148e-05,0.0,3.010876704908847e-09,7.565309324190623e-06,56007,41117,84504,17732
145978,1.1446100313623148e-05,0.0,3.010876704908847e-09,7.565309324190623e-06,56008,41118,84505,17733
145538,1.1446100313623148e-05,0.0,3.010876704908847e-09,7.565309324190623e-06,56009,41119,84506,17734
146310,1.1446100313623148e-05,0.0,3.010876704908847e-09,7.565309324190623e-06,56010,41120,84507,17735
143206,1.1446100313623148e-05,0.0,3.010876704908847e-09,7.565309324190623e-06,56011,41121,84508,17736
146317,1.1446100313623148e-05,0.0,3.010876704908847e-09,7.565309324190623e-06,56012,41122,84509,17737
144521,1.1446100313623148e-05,0.0,3.010876704908847e-09,7.565309324190623e-06,56013,41123,84510,17738
146043,1.1446100313623148e-05,0.0,3.010876704908847e-09,7.565309324190623e-06,56014,41124,84511,17739
142838,1.1446100313623148e-05,0.0,3.010876704908847e-09,7.565309324190623e-06,56015,41125,84512,17740
144058,1.1446100313623148e-05,0.0,3.010876704908847e-09,7.565309324190623e-06,56016,41126,84513,17741
145483,1.1446100313623148e-05,0.0,3.010876704908847e-09,7.565309324190623e-06,56017,41127,84514,17742
143042,1.1446100313623148e-05,0.0,3.010876704908847e-09,7.565309324190623e-06,56018,41128,84515,17743
143159,1.1446100313623148e-05,0.0,3.010876704908847e-09,7.565309324190623e-06,56019,41129,84516,17744
144370,1.1446100313623148e-05,0.0,3.010876704908847e-09,7.565309324190623e-06,56020,41130,84517,17745
146447,1.1446100313623148e-05,0.0,3.010876704908847e-09,7.565309324190623e-06,56021,41131,84518,17746
146213,1.1446100313623148e-05,0.0,3.010876704908847e-09,7.565309324190623e-06,56022,41132,84519,17747
145066,1.1446100313623148e-05,0.0,3.010876704908847e-09,7.565309324190623e-06,56023,41133,84520,17748
146527,1.1446100313623148e-05,0.0,3.010876704908847e-09,7.565309324190623e-06,56024,41134,84521,17749
143064,1.1446100313623148e-05,0.0,3.010876704908847e-09,7.565309324190623e-06,56025,41135,84522,17750
143358,1.1446100313623148e-05,0.0,3.010876704908847e-09,7.565309324190623e-06,56026,41136,84523,17751
143098,1.1446100313623148e-05,0.0,3.010876704908847e-09,7.565309324190623e-06,56027,41137,84524,17752
142913,1.1446100313623148e-05,0.0,3.010876704908847e-09,7.565309324190623e-06,56028,41138,84525,17753
143641,1.1446100313623148e-05,0.0,3.010876704908847e-09,7.565309324190623e-06,56029,41139,84526,17754
143434,1.1446100313623148e-05,0.0,3.010876704908847e-09,7.565309324190623e-06,56030,41140,84527,17755
146338,1.1446100313623148e-05,0.0,3.010876704908847e-09,7.565309324190623e-06,56031,41141,84528,17756
146687,1.1446100313623148e-05,0.0,3.010876704908847e-09,7.565309324190623e-06,56032,41142,84529,17757
145613,1.1446100313623148e-05,0.0,3.010876704908847e-09,7.565309324190623e-06,56033,41143,84530,17758
146733,1.1446100313623148e-05,0.0,3.010876704908847e-09,7.565309324190623e-06,56034,41144,84531,17759
143983,1.1446100313623148e-05,0.0,3.010876704908847e-09,7.565309324190623e-06,56035,41145,84532,17760
143115,1.1446100313623148e-05,0.0,3.010876704908847e-09,7.565309324190623e-06,56036,41146,84533,17761
144158,1.1446100313623148e-05,0.0,3.010876704908847e-09,7.565309324190623e-06,56037,41147,84534,17762
144837,1.1446100313623148e-05,0.0,3.010876704908847e-09,7.565309324190623e-06,56038,41148,84535,17763
143962,1.1446100313623148e-05,0.0,3.010876704908847e-09,7.565309324190623e-06,56039,41149,84536,17764
145934,1.1446100313623148e-05,0.0,3.010876704908847e-09,7.565309324190623e-06,56040,41150,84537,17765
146441,1.1446100313623148e-05,0.0,3.010876704908847e-09,7.565309324190623e-06,56041,41151,84538,17766
146307,1.1446100313623148e-05,0.0,3.010876704908847e-09,7.565309324190623e-06,56042,41152,84539,17767
146578,1.1446100313623148e-05,0.0,3.010876704908847e-09,7.565309324190623e-06,56043,41153,84540,17768
143375,1.1446100313623148e-05,0.0,3.010876704908847e-09,7.565309324190623e-06,56044,41154,84541,17769
145898,1.1446100313623148e-05,0.0,3.010876704908847e-09,7.565309324190623e-06,56045,41155,84542,17770
143316,1.1446100313623148e-05,0.0,3.010876704908847e-09,7.565309324190623e-06,56046,41156,84543,17771
145605,1.1446100313623148e-05,0.0,3.010876704908847e-09,7.565309324190623e-06,56047,41157,84544,17772
144746,1.1446100313623148e-05,0.0,3.010876704908847e-09,7.565309324190623e-06,56048,41158,84545,17773
143237,1.1446100313623148e-05,0.0,3.010876704908847e-09,7.565309324190623e-06,56049,41159,84546,17774
143602,1.1446100313623148e-05,0.0,3.010876704908847e-09,7.565309324190623e-06,56050,41160,84547,17775
145334,1.1446100313623148e-05,0.0,3.010876704908847e-09,7.565309324190623e-06,56051,41161,84548,17776
143708,1.1446100313623148e-05,0.0,3.010876704908847e-09,7.565309324190623e-06,56052,41162,84549,17777
144424,1.1446100313623148e-05,0.0,3.010876704908847e-09,7.565309324190623e-06,56053,41163,84550,17778
145267,1.1446100313623148e-05,0.0,3.010876704908847e-09,7.565309324190623e-06,56054,41164,84551,17779
143212,1.1446100313623148e-05,0.0,3.010876704908847e-09,7.565309324190623e-06,56055,41165,84552,17780
145536,1.1446100313623148e-05,0.0,3.010876704908847e-09,7.565309324190623e-06,56056,41166,84553,17781
145465,1.1446100313623148e-05,0.0,3.010876704908847e-09,7.565309324190623e-06,56057,41167,84554,17782
145148,1.1446100313623148e-05,0.0,3.010876704908847e-09,7.565309324190623e-06,56058,41168,84555,17783
145989,1.1446100313623148e-05,0.0,3.010876704908847e-09,7.565309324190623e-06,56059,41169,84556,17784
144324,1.1446100313623148e-05,0.0,3.010876704908847e-09,7.565309324190623e-06,56060,41170,84557,17785
144425,1.1446100313623148e-05,0.0,3.010876704908847e-09,7.565309324190623e-06,56061,41171,84558,17786
145240,1.1446100313623148e-05,0.0,3.010876704908847e-09,7.565309324190623e-06,56062,41172,84559,17787
146638,1.1446100313623148e-05,0.0,3.010876704908847e-09,7.565309324190623e-06,56063,41173,84560,17788
145764,1.1446100313623148e-05,0.0,3.010876704908847e-09,7.565309324190623e-06,56064,41174,84561,17789
143332,1.1446100313623148e-05,0.0,3.010876704908847e-09,7.565309324190623e-06,56065,41175,84562,17790
143227,1.1446100313623148e-05,0.0,3.010876704908847e-09,7.565309324190623e-06,56066,41176,84563,17791
143268,1.1446100313623148e-05,0.0,3.010876704908847e-09,7.565309324190623e-06,56067,41177,84564,17792
143625,1.1446100313623148e-05,0.0,3.010876704908847e-09,7.565309324190623e-06,56068,41178,84565,17793
142947,1.1446100313623148e-05,0.0,3.010876704908847e-09,7.565309324190623e-06,56069,41179,84566,17794
143203,1.1446100313623148e-05,0.0,3.010876704908847e-09,7.565309324190623e-06,56070,41180,84567,17795
145444,1.1446100313623148e-05,0.0,3.010876704908847e-09,7.565309324190623e-06,56071,41181,84568,17796
145285,1.1446100313623148e-05,0.0,3.010876704908847e-09,7.565309324190623e-06,56072,41182,84569,17797
146254,1.1446100313623148e-05,0.0,3.010876704908847e-09,7.565309324190623e-06,56073,41183,84570,17798
145660,1.1446100313623148e-05,0.0,3.010876704908847e-09,7.565309324190623e-06,56074,41184,84571,17799
143413,1.1446100313623148e-05,0.0,3.010876704908847e-09,7.565309324190623e-06,56075,41185,84572,17800
142804,1.1446100313623148e-05,0.0,3.010876704908847e-09,7.565309324190623e-06,56076,41186,84573,17801
144057,1.1446100313623148e-05,0.0,3.010876704908847e-09,7.565309324190623e-06,56077,41187,84574,17802
144566,1.1446100313623148e-05,0.0,3.010876704908847e-09,7.565309324190623e-06,56078,41188,84575,17803
143740,1.1446100313623148e-05,0.0,3.010876704908847e-09,7.565309324190623e-06,56079,41189,84576,17804
145260,1.1446100313623148e-05,0.0,3.010876704908847e-09,7.565309324190623e-06,56080,41190,84577,17805
145766,1.1446100313623148e-05,0.0,3.010876704908847e-09,7.565309324190623e-06,56081,41191,84578,17806
144957,1.1446100313623148e-05,0.0,3.010876704908847e-09,7.565309324190623e-06,56082,41192,84579,17807
144934,1.1446100313623148e-05,0.0,3.010876704908847e-09,7.565309324190623e-06,56083,41193,84580,17808
142824,1.1446100313623148e-05,0.0,3.010876704908847e-09,7.565309324190623e-06,56084,41194,84581,17809
145662,1.1446100313623148e-05,0.0,3.010876704908847e-09,7.565309324190623e-06,56085,41195,84582,17810
145402,1.1446100313623148e-05,0.0,3.010876704908847e-09,7.565309324190623e-06,56086,41196,84583,17811
143794,1.1446100313623148e-05,0.0,3.010876704908847e-09,7.565309324190623e-06,56087,41197,84584,17812
144768,1.1446100313623148e-05,0.0,3.010876704908847e-09,7.565309324190623e-06,56088,41198,84585,17813
145621,1.1446100313623148e-05,0.0,3.010876704908847e-09,7.565309324190623e-06,56089,41199,84586,17814
144946,1.1446100313623148e-05,0.0,3.010876704908847e-09,7.565309324190623e-06,56090,41200,84587,17815
142681,1.1446100313623148e-05,0.0,3.010876704908847e-09,7.565309324190623e-06,56091,41201,84588,17816
144281,1.1446100313623148e-05,0.0,3.010876704908847e-09,7.565309324190623e-06,56092,41202,84589,17817
143789,1.1446100313623148e-05,0.0,3.010876704908847e-09,7.565309324190623e-06,56093,41203,84590,17818
145828,1.1446100313623148e-05,0.0,3.010876704908847e-09,7.565309324190623e-06,56094,41204,84591,17819
145756,1.1446100313623148e-05,0.0,3.010876704908847e-09,7.565309324190623e-06,56095,41205,84592,17820
144206,1.1446100313623148e-05,0.0,3.010876704908847e-09,7.565309324190623e-06,56096,41206,84593,17821
145966,1.1446100313623148e-05,0.0,3.010876704908847e-09,7.565309324190623e-06,56097,41207,84594,17822
144386,1.1446100313623148e-05,0.0,3.010876704908847e-09,7.565309324190623e-06,56098,41208,84595,17823
145785,1.1446100313623148e-05,0.0,3.010876704908847e-09,7.565309324190623e-06,56099,41209,84596,17824
145610,1.1446100313623148e-05,0.0,3.010876704908847e-09,7.565309324190623e-06,56100,41210,84597,17825
143501,1.1446100313623148e-05,0.0,3.010876704908847e-09,7.565309324190623e-06,56101,41211,84598,17826
143546,1.1446100313623148e-05,0.0,3.010876704908847e-09,7.565309324190623e-06,56102,41212,84599,17827
143052,1.1446100313623148e-05,0.0,3.010876704908847e-09,7.565309324190623e-06,56103,41213,84600,17828
143741,1.1446100313623148e-05,0.0,3.010876704908847e-09,7.565309324190623e-06,56104,41214,84601,17829
146646,1.1446100313623148e-05,0.0,3.010876704908847e-09,7.565309324190623e-06,56105,41215,84602,17830
146694,1.1446100313623148e-05,0.0,3.010876704908847e-09,7.565309324190623e-06,56106,41216,84603,17831
143806,1.1446100313623148e-05,0.0,3.010876704908847e-09,7.565309324190623e-06,56107,41217,84604,17832
144778,1.1446100313623148e-05,0.0,3.010876704908847e-09,7.565309324190623e-06,56108,41218,84605,17833
144007,1.1446100313623148e-05,0.0,3.010876704908847e-09,7.565309324190623e-06,56109,41219,84606,17834
142791,1.1446100313623148e-05,0.0,3.010876704908847e-09,7.565309324190623e-06,56110,41220,84607,17835
145960,1.1446100313623148e-05,0.0,3.010876704908847e-09,7.565309324190623e-06,56111,41221,84608,17836
144109,1.1446100313623148e-05,0.0,3.010876704908847e-09,7.565309324190623e-06,56112,41222,84609,17837
145025,1.1446100313623148e-05,0.0,3.010876704908847e-09,7.565309324190623e-06,56113,41223,84610,17838
146299,1.1446100313623148e-05,0.0,3.010876704908847e-09,7.565309324190623e-06,56114,41224,84611,17839
143287,1.1446100313623148e-05,0.0,3.010876704908847e-09,7.565309324190623e-06,56115,41225,84612,17840
144858,1.1446100313623148e-05,0.0,3.010876704908847e-09,7.565309324190623e-06,56116,41226,84613,17841
144184,1.1446100313623148e-05,0.0,3.010876704908847e-09,7.565309324190623e-06,56117,41227,84614,17842
143284,1.1446100313623148e-05,0.0,3.010876704908847e-09,7.565309324190623e-06,56118,41228,84615,17843
145251,1.1446100313623148e-05,0.0,3.010876704908847e-09,7.565309324190623e-06,56119,41229,84616,17844
143811,1.1446100313623148e-05,0.0,3.010876704908847e-09,7.565309324190623e-06,56120,41230,84617,17845
143533,1.1446100313623148e-05,0.0,3.010876704908847e-09,7.565309324190623e-06,56121,41231,84618,17846
145687,1.1446100313623148e-05,0.0,3.010876704908847e-09,7.565309324190623e-06,56122,41232,84619,17847
142966,1.1446100313623148e-05,0.0,3.010876704908847e-09,7.565309324190623e-06,56123,41233,84620,17848
145629,1.1446100313623148e-05,0.0,3.010876704908847e-09,7.565309324190623e-06,56124,41234,84621,17849
146594,1.1446100313623148e-05,0.0,3.010876704908847e-09,7.565309324190623e-06,56125,41235,84622,17850
143576,1.1446100313623148e-05,0.0,3.010876704908847e-09,7.565309324190623e-06,56126,41236,84623,17851
145599,1.1446100313623148e-05,0.0,3.010876704908847e-09,7.565309324190623e-06,56127,41237,84624,17852
144926,1.1446100313623148e-05,0.0,3.010876704908847e-09,7.565309324190623e-06,56128,41238,84625,17853
144136,1.1446100313623148e-05,0.0,3.010876704908847e-09,7.565309324190623e-06,56129,41239,84626,17854
143394,1.1446100313623148e-05,0.0,3.010876704908847e-09,7.565309324190623e-06,56130,41240,84627,17855
145740,1.1446100313623148e-05,0.0,3.010876704908847e-09,7.565309324190623e-06,56131,41241,84628,17856
142907,1.1446100313623148e-05,0.0,3.010876704908847e-09,7.565309324190623e-06,56132,41242,84629,17857
144437,1.1446100313623148e-05,0.0,3.010876704908847e-09,7.565309324190623e-06,56133,41243,84630,17858
142816,1.1446100313623148e-05,0.0,3.010876704908847e-09,7.565309324190623e-06,56134,41244,84631,17859
145762,1.1446100313623148e-05,0.0,3.010876704908847e-09,7.565309324190623e-06,56135,41245,84632,17860
144952,1.1446100313623148e-05,0.0,3.010876704908847e-09,7.565309324190623e-06,56136,41246,84633,17861
145306,1.1446100313623148e-05,0.0,3.010876704908847e-09,7.565309324190623e-06,56137,41247,84634,17862
144541,1.1446100313623148e-05,0.0,3.010876704908847e-09,7.565309324190623e-06,56138,41248,84635,17863
142933,1.1446100313623148e-05,0.0,3.010876704908847e-09,7.565309324190623e-06,56139,41249,84636,17864
144129,1.1446100313623148e-05,0.0,3.010876704908847e-09,7.565309324190623e-06,56140,41250,84637,17865
143803,1.1446100313623148e-05,0.0,3.010876704908847e-09,7.565309324190623e-06,56141,41251,84638,17866
143830,1.1446100313623148e-05,0.0,3.010876704908847e-09,7.565309324190623e-06,56142,41252,84639,17867
144630,1.1446100313623148e-05,0.0,3.010876704908847e-09,7.565309324190623e-06,56143,41253,84640,17868
144690,1.1446100313623148e-05,0.0,3.010876704908847e-09,7.565309324190623e-06,56144,41254,84641,17869
144120,1.1446100313623148e-05,0.0,3.010876704908847e-09,7.565309324190623e-06,56145,41255,84642,17870
145924,1.1446100313623148e-05,0.0,3.010876704908847e-09,7.565309324190623e-06,56146,41256,84643,17871
146333,1.1446100313623148e-05,0.0,3.010876704908847e-09,7.565309324190623e-06,56147,41257,84644,17872
144680,1.1446100313623148e-05,0.0,3.010876704908847e-09,7.565309324190623e-06,56148,41258,84645,17873
146544,1.1446100313623148e-05,0.0,3.010876704908847e-09,7.565309324190623e-06,56149,41259,84646,17874
145888,1.1446100313623148e-05,0.0,3.010876704908847e-09,7.565309324190623e-06,56150,41260,84647,17875
146253,1.1446100313623148e-05,0.0,3.010876704908847e-09,7.565309324190623e-06,56151,41261,84648,17876
144429,1.1446100313623148e-05,0.0,3.010876704908847e-09,7.565309324190623e-06,56152,41262,84649,17877
144466,1.1446100313623148e-05,0.0,3.010876704908847e-09,7.565309324190623e-06,56153,41263,84650,17878
143251,1.1446100313623148e-05,0.0,3.010876704908847e-09,7.565309324190623e-06,56154,41264,84651,17879
146080,1.1446100313623148e-05,0.0,3.010876704908847e-09,7.565309324190623e-06,56155,41265,84652,17880
143634,1.1446100313623148e-05,0.0,3.010876704908847e-09,7.565309324190623e-06,56156,41266,84653,17881
144099,1.1446100313623148e-05,0.0,3.010876704908847e-09,7.565309324190623e-06,56157,41267,84654,17882
146235,1.1446100313623148e-05,0.0,3.010876704908847e-09,7.565309324190623e-06,56158,41268,84655,17883
146280,1.1446100313623148e-05,0.0,3.010876704908847e-09,7.565309324190623e-06,56159,41269,84656,17884
146032,1.1446100313623148e-05,0.0,3.010876704908847e-09,7.565309324190623e-06,56160,41270,84657,17885
143462,1.1446100313623148e-05,0.0,3.010876704908847e-09,7.565309324190623e-06,56161,41271,84658,17886
143313,1.1446100313623148e-05,0.0,3.010876704908847e-09,7.565309324190623e-06,56162,41272,84659,17887
145197,1.1446100313623148e-05,0.0,3.010876704908847e-09,7.565309324190623e-06,56163,41273,84660,17888
144663,1.1446100313623148e-05,0.0,3.010876704908847e-09,7.565309324190623e-06,56164,41274,84661,17889
146009,1.1446100313623148e-05,0.0,3.010876704908847e-09,7.565309324190623e-06,56165,41275,84662,17890
144706,1.1446100313623148e-05,0.0,3.010876704908847e-09,7.565309324190623e-06,56166,41276,84663,17891
143579,1.1446100313623148e-05,0.0,3.010876704908847e-09,7.565309324190623e-06,56167,41277,84664,17892
146725,1.1446100313623148e-05,0.0,3.010876704908847e-09,7.565309324190623e-06,56168,41278,84665,17893
145703,1.1446100313623148e-05,0.0,3.010876704908847e-09,7.565309324190623e-06,56169,41279,84666,17894
145977,1.1446100313623148e-05,0.0,3.010876704908847e-09,7.565309324190623e-06,56170,41280,84667,17895
146721,1.1446100313623148e-05,0.0,3.010876704908847e-09,7.565309324190623e-06,56171,41281,84668,17896
143173,1.1446100313623148e-05,0.0,3.010876704908847e-09,7.565309324190623e-06,56172,41282,84669,17897
146714,1.1446100313623148e-05,0.0,3.010876704908847e-09,7.565309324190623e-06,56173,41283,84670,17898
144083,1.1446100313623148e-05,0.0,3.010876704908847e-09,7.565309324190623e-06,56174,41284,84671,17899
143868,1.1446100313623148e-05,0.0,3.010876704908847e-09,7.565309324190623e-06,56175,41285,84672,17900
145448,1.1446100313623148e-05,0.0,3.010876704908847e-09,7.565309324190623e-06,56176,41286,84673,17901
146075,1.1446100313623148e-05,0.0,3.010876704908847e-09,7.565309324190623e-06,56177,41287,84674,17902
145230,1.1446100313623148e-05,0.0,3.010876704908847e-09,7.565309324190623e-06,56178,41288,84675,17903
145885,1.1446100313623148e-05,0.0,3.010876704908847e-09,7.565309324190623e-06,56179,41289,84676,17904
143120,1.1446100313623148e-05,0.0,3.010876704908847e-09,7.565309324190623e-06,56180,41290,84677,17905
144115,1.1446100313623148e-05,0.0,3.010876704908847e-09,7.565309324190623e-06,56181,41291,84678,17906
146099,1.1446100313623148e-05,0.0,3.010876704908847e-09,7.565309324190623e-06,56182,41292,84679,17907
143987,1.1446100313623148e-05,0.0,3.010876704908847e-09,7.565309324190623e-06,56183,41293,84680,17908
142864,1.1446100313623148e-05,0.0,3.010876704908847e-09,7.565309324190623e-06,56184,41294,84681,17909
146028,1.1446100313623148e-05,0.0,3.010876704908847e-09,7.565309324190623e-06,56185,41295,84682,17910
145645,1.1446100313623148e-05,0.0,3.010876704908847e-09,7.565309324190623e-06,56186,41296,84683,17911
144906,1.1446100313623148e-05,0.0,3.010876704908847e-09,7.565309324190623e-06,56187,41297,84684,17912
145818,1.1446100313623148e-05,0.0,3.010876704908847e-09,7.565309324190623e-06,56188,41298,84685,17913
144372,1.1446100313623148e-05,0.0,3.010876704908847e-09,7.565309324190623e-06,56189,41299,84686,17914
143426,1.1446100313623148e-05,0.0,3.010876704908847e-09,7.565309324190623e-06,56190,41300,84687,17915
145429,1.1446100313623148e-05,0.0,3.010876704908847e-09,7.565309324190623e-06,56191,41301,84688,17916
143143,1.1446100313623148e-05,0.0,3.010876704908847e-09,7.565309324190623e-06,56192,41302,84689,17917
143814,1.1446100313623148e-05,0.0,3.010876704908847e-09,7.565309324190623e-06,56193,41303,84690,17918
144349,1.1446100313623148e-05,0.0,3.010876704908847e-09,7.565309324190623e-06,56194,41304,84691,17919
146211,1.1446100313623148e-05,0.0,3.010876704908847e-09,7.565309324190623e-06,56195,41305,84692,17920
143891,1.1446100313623148e-05,0.0,3.010876704908847e-09,7.565309324190623e-06,56196,41306,84693,17921
144638,1.1446100313623148e-05,0.0,3.010876704908847e-09,7.565309324190623e-06,56197,41307,84694,17922
144028,1.1446100313623148e-05,0.0,3.010876704908847e-09,7.565309324190623e-06,56198,41308,84695,17923
143939,1.1446100313623148e-05,0.0,3.010876704908847e-09,7.565309324190623e-06,56199,41309,84696,17924
144181,1.1446100313623148e-05,0.0,3.010876704908847e-09,7.565309324190623e-06,56200,41310,84697,17925
146144,1.1446100313623148e-05,0.0,3.010876704908847e-09,7.565309324190623e-06,56201,41311,84698,17926
146193,1.1446100313623148e-05,0.0,3.010876704908847e-09,7.565309324190623e-06,56202,41312,84699,17927
145427,1.1446100313623148e-05,0.0,3.010876704908847e-09,7.565309324190623e-06,56203,41313,84700,17928
144216,1.1446100313623148e-05,0.0,3.010876704908847e-09,7.565309324190623e-06,56204,41314,84701,17929
145433,1.1446100313623148e-05,0.0,3.010876704908847e-09,7.565309324190623e-06,56205,41315,84702,17930
146143,1.1446100313623148e-05,0.0,3.010876704908847e-09,7.565309324190623e-06,56206,41316,84703,17931
143427,1.1446100313623148e-05,0.0,3.010876704908847e-09,7.565309324190623e-06,56207,41317,84704,17932
143864,1.1446100313623148e-05,0.0,3.010876704908847e-09,7.565309324190623e-06,56208,41318,84705,17933
144013,1.1446100313623148e-05,0.0,3.010876704908847e-09,7.565309324190623e-06,56209,41319,84706,17934
143363,1.1446100313623148e-05,0.0,3.010876704908847e-09,7.565309324190623e-06,56210,41320,84707,17935
145005,1.1446100313623148e-05,0.0,3.010876704908847e-09,7.565309324190623e-06,56211,41321,84708,17936
144404,1.1446100313623148e-05,0.0,3.010876704908847e-09,7.565309324190623e-06,56212,41322,84709,17937
143077,1.1446100313623148e-05,0.0,3.010876704908847e-09,7.565309324190623e-06,56213,41323,84710,17938
143319,1.1446100313623148e-05,0.0,3.010876704908847e-09,7.565309324190623e-06,56214,41324,84711,17939
144741,1.1446100313623148e-05,0.0,3.010876704908847e-09,7.565309324190623e-06,56215,41325,84712,17940
143274,1.1446100313623148e-05,0.0,3.010876704908847e-09,7.565309324190623e-06,56216,41326,84713,17941
145805,1.1446100313623148e-05,0.0,3.010876704908847e-09,7.565309324190623e-06,56217,41327,84714,17942
146629,1.1446100313623148e-05,0.0,3.010876704908847e-09,7.565309324190623e-06,56218,41328,84715,17943
145801,1.1446100313623148e-05,0.0,3.010876704908847e-09,7.565309324190623e-06,56219,41329,84716,17944
144171,1.1446100313623148e-05,0.0,3.010876704908847e-09,7.565309324190623e-06,56220,41330,84717,17945
143102,1.1446100313623148e-05,0.0,3.010876704908847e-09,7.565309324190623e-06,56221,41331,84718,17946
143784,1.1446100313623148e-05,0.0,3.010876704908847e-09,7.565309324190623e-06,56222,41332,84719,17947
144293,1.1446100313623148e-05,0.0,3.010876704908847e-09,7.565309324190623e-06,56223,41333,84720,17948
143050,1.1446100313623148e-05,0.0,3.010876704908847e-09,7.565309324190623e-06,56224,41334,84721,17949
146437,1.1446100313623148e-05,0.0,3.010876704908847e-09,7.565309324190623e-06,56225,41335,84722,17950
142678,1.1446100313623148e-05,0.0,3.010876704908847e-09,7.565309324190623e-06,56226,41336,84723,17951
146573,1.1446100313623148e-05,0.0,3.010876704908847e-09,7.565309324190623e-06,56227,41337,84724,17952
144787,1.1446100313623148e-05,0.0,3.010876704908847e-09,7.565309324190623e-06,56228,41338,84725,17953
144014,1.1446100313623148e-05,0.0,3.010876704908847e-09,7.565309324190623e-06,56229,41339,84726,17954
145573,1.1446100313623148e-05,0.0,3.010876704908847e-09,7.565309324190623e-06,56230,41340,84727,17955
143056,1.1446100313623148e-05,0.0,3.010876704908847e-09,7.565309324190623e-06,56231,41341,84728,17956
144483,1.1446100313623148e-05,0.0,3.010876704908847e-09,7.565309324190623e-06,56232,41342,84729,17957
146343,1.1446100313623148e-05,0.0,3.010876704908847e-09,7.565309324190623e-06,56233,41343,84730,17958
146255,1.1446100313623148e-05,0.0,3.010876704908847e-09,7.565309324190623e-06,56234,41344,84731,17959
144880,1.1446100313623148e-05,0.0,3.010876704908847e-09,7.565309324190623e-06,56235,41345,84732,17960
145915,1.1446100313623148e-05,0.0,3.010876704908847e-09,7.565309324190623e-06,56236,41346,84733,17961
145946,1.1446100313623148e-05,0.0,3.010876704908847e-09,7.565309324190623e-06,56237,41347,84734,17962
144401,1.1446100313623148e-05,0.0,3.010876704908847e-09,7.565309324190623e-06,56238,41348,84735,17963
143911,1.1446100313623148e-05,0.0,3.010876704908847e-09,7.565309324190623e-06,56239,41349,84736,17964
145431,1.1446100313623148e-05,0.0,3.010876704908847e-09,7.565309324190623e-06,56240,41350,84737,17965
145001,1.1446100313623148e-05,0.0,3.010876704908847e-09,7.565309324190623e-06,56241,41351,84738,17966
142912,1.1446100313623148e-05,0.0,3.010876704908847e-09,7.565309324190623e-06,56242,41352,84739,17967
143930,1.1446100313623148e-05,0.0,3.010876704908847e-09,7.565309324190623e-06,56243,41353,84740,17968
143760,1.1446100313623148e-05,0.0,3.010876704908847e-09,7.565309324190623e-06,56244,41354,84741,17969
144788,1.1446100313623148e-05,0.0,3.010876704908847e-09,7.565309324190623e-06,56245,41355,84742,17970
144161,1.1446100313623148e-05,0.0,3.010876704908847e-09,7.565309324190623e-06,56246,41356,84743,17971
145661,1.1446100313623148e-05,0.0,3.010876704908847e-09,7.565309324190623e-06,56247,41357,84744,17972
143485,1.1446100313623148e-05,0.0,3.010876704908847e-09,7.565309324190623e-06,56248,41358,84745,17973
145510,1.1446100313623148e-05,0.0,3.010876704908847e-09,7.565309324190623e-06,56249,41359,84746,17974
145864,1.1446100313623148e-05,0.0,3.010876704908847e-09,7.565309324190623e-06,56250,41360,84747,17975
145542,1.1446100313623148e-05,0.0,3.010876704908847e-09,7.565309324190623e-06,56251,41361,84748,17976
144459,1.1446100313623148e-05,0.0,3.010876704908847e-09,7.565309324190623e-06,56252,41362,84749,17977
143179,1.1446100313623148e-05,0.0,3.010876704908847e-09,7.565309324190623e-06,56253,41363,84750,17978
145056,1.1446100313623148e-05,0.0,3.010876704908847e-09,7.565309324190623e-06,56254,41364,84751,17979
143441,1.1446100313623148e-05,0.0,3.010876704908847e-09,7.565309324190623e-06,56255,41365,84752,17980
146393,1.1446100313623148e-05,0.0,3.010876704908847e-09,7.565309324190623e-06,56256,41366,84753,17981
143619,1.1446100313623148e-05,0.0,3.010876704908847e-09,7.565309324190623e-06,56257,41367,84754,17982
142849,1.1446100313623148e-05,0.0,3.010876704908847e-09,7.565309324190623e-06,56258,41368,84755,17983
144924,1.1446100313623148e-05,0.0,3.010876704908847e-09,7.565309324190623e-06,56259,41369,84756,17984
146031,1.1446100313623148e-05,0.0,3.010876704908847e-09,7.565309324190623e-06,56260,41370,84757,17985
146667,1.1446100313623148e-05,0.0,3.010876704908847e-09,7.565309324190623e-06,56261,41371,84758,17986
145723,1.1446100313623148e-05,0.0,3.010876704908847e-09,7.565309324190623e-06,56262,41372,84759,17987
146678,1.1446100313623148e-05,0.0,3.010876704908847e-09,7.565309324190623e-06,56263,41373,84760,17988
146455,1.1446100313623148e-05,0.0,3.010876704908847e-09,7.565309324190623e-06,56264,41374,84761,17989
143079,1.1446100313623148e-05,0.0,3.010876704908847e-09,7.565309324190623e-06,56265,41375,84762,17990
143828,1.1446100313623148e-05,0.0,3.010876704908847e-09,7.565309324190623e-06,56266,41376,84763,17991
146705,1.1446100313623148e-05,0.0,3.010876704908847e-09,7.565309324190623e-06,56267,41377,84764,17992
144581,1.1446100313623148e-05,0.0,3.010876704908847e-09,7.565309324190623e-06,56268,41378,84765,17993
145765,1.1446100313623148e-05,0.0,3.010876704908847e-09,7.565309324190623e-06,56269,41379,84766,17994
143055,1.1446100313623148e-05,0.0,3.010876704908847e-09,7.565309324190623e-06,56270,41380,84767,17995
144999,1.1446100313623148e-05,0.0,3.010876704908847e-09,7.565309324190623e-06,56271,41381,84768,17996
144755,1.1446100313623148e-05,0.0,3.010876704908847e-09,7.565309324190623e-06,56272,41382,84769,17997
143405,1.1446100313623148e-05,0.0,3.010876704908847e-09,7.565309324190623e-06,56273,41383,84770,17998
144623,1.1446100313623148e-05,0.0,3.010876704908847e-09,7.565309324190623e-06,56274,41384,84771,17999
143004,1.1446100313623148e-05,0.0,3.010876704908847e-09,7.565309324190623e-06,56275,41385,84772,18000
143522,1.1446100313623148e-05,0.0,3.010876704908847e-09,7.565309324190623e-06,56276,41386,84773,18001
146157,1.1446100313623148e-05,0.0,3.010876704908847e-09,7.565309324190623e-06,56277,41387,84774,18002
144190,1.1446100313623148e-05,0.0,3.010876704908847e-09,7.565309324190623e-06,56278,41388,84775,18003
145412,1.1446100313623148e-05,0.0,3.010876704908847e-09,7.565309324190623e-06,56279,41389,84776,18004
143364,1.1446100313623148e-05,0.0,3.010876704908847e-09,7.565309324190623e-06,56280,41390,84777,18005
145440,1.1446100313623148e-05,0.0,3.010876704908847e-09,7.565309324190623e-06,56281,41391,84778,18006
145675,1.1446100313623148e-05,0.0,3.010876704908847e-09,7.565309324190623e-06,56282,41392,84779,18007
144603,1.1446100313623148e-05,0.0,3.010876704908847e-09,7.565309324190623e-06,56283,41393,84780,18008
143950,1.1446100313623148e-05,0.0,3.010876704908847e-09,7.565309324190623e-06,56284,41394,84781,18009
144593,1.1446100313623148e-05,0.0,3.010876704908847e-09,7.565309324190623e-06,56285,41395,84782,18010
144474,1.1446100313623148e-05,0.0,3.010876704908847e-09,7.565309324190623e-06,56286,41396,84783,18011
145072,1.1446100313623148e-05,0.0,3.010876704908847e-09,7.565309324190623e-06,56287,41397,84784,18012
144489,1.1446100313623148e-05,0.0,3.010876704908847e-09,7.565309324190623e-06,56288,41398,84785,18013
146546,1.1446100313623148e-05,0.0,3.010876704908847e-09,7.565309324190623e-06,56289,41399,84786,18014
145501,1.1446100313623148e-05,0.0,3.010876704908847e-09,7.565309324190623e-06,56290,41400,84787,18015
146236,1.1446100313623148e-05,0.0,3.010876704908847e-09,7.565309324190623e-06,56291,41401,84788,18016
144500,1.1446100313623148e-05,0.0,3.010876704908847e-09,7.565309324190623e-06,56292,41402,84789,18017
142918,1.1446100313623148e-05,0.0,3.010876704908847e-09,7.565309324190623e-06,56293,41403,84790,18018
143082,1.1446100313623148e-05,0.0,3.010876704908847e-09,7.565309324190623e-06,56294,41404,84791,18019
143009,1.1446100313623148e-05,0.0,3.010876704908847e-09,7.565309324190623e-06,56295,41405,84792,18020
144034,1.1446100313623148e-05,0.0,3.010876704908847e-09,7.565309324190623e-06,56296,41406,84793,18021
146563,1.1446100313623148e-05,0.0,3.010876704908847e-09,7.565309324190623e-06,56297,41407,84794,18022
144078,1.1446100313623148e-05,0.0,3.010876704908847e-09,7.565309324190623e-06,56298,41408,84795,18023
146727,1.1446100313623148e-05,0.0,3.010876704908847e-09,7.565309324190623e-06,56299,41409,84796,18024
145580,1.1446100313623148e-05,0.0,3.010876704908847e-09,7.565309324190623e-06,56300,41410,84797,18025
146595,1.1446100313623148e-05,0.0,3.010876704908847e-09,7.565309324190623e-06,56301,41411,84798,18026
143293,1.1446100313623148e-05,0.0,3.010876704908847e-09,7.565309324190623e-06,56302,41412,84799,18027
142901,1.1446100313623148e-05,0.0,3.010876704908847e-09,7.565309324190623e-06,56303,41413,84800,18028
144460,1.1446100313623148e-05,0.0,3.010876704908847e-09,7.565309324190623e-06,56304,41414,84801,18029
144094,1.1446100313623148e-05,0.0,3.010876704908847e-09,7.565309324190623e-06,56305,41415,84802,18030
145607,1.1446100313623148e-05,0.0,3.010876704908847e-09,7.565309324190623e-06,56306,41416,84803,18031
144949,1.1446100313623148e-05,0.0,3.010876704908847e-09,7.565309324190623e-06,56307,41417,84804,18032
146161,1.1446100313623148e-05,0.0,3.010876704908847e-09,7.565309324190623e-06,56308,41418,84805,18033
144938,1.1446100313623148e-05,0.0,3.010876704908847e-09,7.565309324190623e-06,56309,41419,84806,18034
146481,1.1446100313623148e-05,0.0,3.010876704908847e-09,7.565309324190623e-06,56310,41420,84807,18035
144359,1.1446100313623148e-05,0.0,3.010876704908847e-09,7.565309324190623e-06,56311,41421,84808,18036
144378,1.1446100313623148e-05,0.0,3.010876704908847e-09,7.565309324190623e-06,56312,41422,84809,18037
144100,1.1446100313623148e-05,0.0,3.010876704908847e-09,7.565309324190623e-06,56313,41423,84810,18038
145245,1.1446100313623148e-05,0.0,3.010876704908847e-09,7.565309324190623e-06,56314,41424,84811,18039
144265,1.1446100313623148e-05,0.0,3.010876704908847e-09,7.565309324190623e-06,56315,41425,84812,18040
145745,1.1446100313623148e-05,0.0,3.010876704908847e-09,7.565309324190623e-06,56316,41426,84813,18041
146541,1.1446100313623148e-05,0.0,3.010876704908847e-09,7.565309324190623e-06,56317,41427,84814,18042
146403,1.1446100313623148e-05,0.0,3.010876704908847e-09,7.565309324190623e-06,56318,41428,84815,18043
146248,1.1446100313623148e-05,0.0,3.010876704908847e-09,7.565309324190623e-06,56319,41429,84816,18044
146475,1.1446100313623148e-05,0.0,3.010876704908847e-09,7.565309324190623e-06,56320,41430,84817,18045
145456,1.1446100313623148e-05,0.0,3.010876704908847e-09,7.565309324190623e-06,56321,41431,84818,18046
145903,1.1446100313623148e-05,0.0,3.010876704908847e-09,7.565309324190623e-06,56322,41432,84819,18047
142781,1.1446100313623148e-05,0.0,3.010876704908847e-09,7.565309324190623e-06,56323,41433,84820,18048
145396,1.1446100313623148e-05,0.0,3.010876704908847e-09,7.565309324190623e-06,56324,41434,84821,18049
145753,1.1446100313623148e-05,0.0,3.010876704908847e-09,7.565309324190623e-06,56325,41435,84822,18050
144808,1.1446100313623148e-05,0.0,3.010876704908847e-09,7.565309324190623e-06,56326,41436,84823,18051
143175,1.1446100313623148e-05,0.0,3.010876704908847e-09,7.565309324190623e-06,56327,41437,84824,18052
144243,1.1446100313623148e-05,0.0,3.010876704908847e-09,7.565309324190623e-06,56328,41438,84825,18053
144373,1.1446100313623148e-05,0.0,3.010876704908847e-09,7.565309324190623e-06,56329,41439,84826,18054
143744,1.1446100313623148e-05,0.0,3.010876704908847e-09,7.565309324190623e-06,56330,41440,84827,18055
145862,1.1446100313623148e-05,0.0,3.010876704908847e-09,7.565309324190623e-06,56331,41441,84828,18056
145180,1.1446100313623148e-05,0.0,3.010876704908847e-09,7.565309324190623e-06,56332,41442,84829,18057
145351,1.1446100313623148e-05,0.0,3.010876704908847e-09,7.565309324190623e-06,56333,41443,84830,18058
143157,1.1446100313623148e-05,0.0,3.010876704908847e-09,7.565309324190623e-06,56334,41444,84831,18059
145973,1.1446100313623148e-05,0.0,3.010876704908847e-09,7.565309324190623e-06,56335,41445,84832,18060
144765,1.1446100313623148e-05,0.0,3.010876704908847e-09,7.565309324190623e-06,56336,41446,84833,18061
143569,1.1446100313623148e-05,0.0,3.010876704908847e-09,7.565309324190623e-06,56337,41447,84834,18062
142806,1.1446100313623148e-05,0.0,3.010876704908847e-09,7.565309324190623e-06,56338,41448,84835,18063
144716,1.1446100313623148e-05,0.0,3.010876704908847e-09,7.565309324190623e-06,56339,41449,84836,18064
145559,1.1446100313623148e-05,0.0,3.010876704908847e-09,7.565309324190623e-06,56340,41450,84837,18065
145086,1.1446100313623148e-05,0.0,3.010876704908847e-09,7.565309324190623e-06,56341,41451,84838,18066
146668,1.1446100313623148e-05,0.0,3.010876704908847e-09,7.565309324190623e-06,56342,41452,84839,18067
146140,1.1446100313623148e-05,0.0,3.010876704908847e-09,7.565309324190623e-06,56343,41453,84840,18068
143752,1.1446100313623148e-05,0.0,3.010876704908847e-09,7.565309324190623e-06,56344,41454,84841,18069
144156,1.1446100313623148e-05,0.0,3.010876704908847e-09,7.565309324190623e-06,56345,41455,84842,18070
143763,1.1446100313623148e-05,0.0,3.010876704908847e-09,7.565309324190623e-06,56346,41456,84843,18071
143262,1.1446100313623148e-05,0.0,3.010876704908847e-09,7.565309324190623e-06,56347,41457,84844,18072
145897,1.1446100313623148e-05,0.0,3.010876704908847e-09,7.565309324190623e-06,56348,41458,84845,18073
142685,1.1446100313623148e-05,0.0,3.010876704908847e-09,7.565309324190623e-06,56349,41459,84846,18074
144311,1.1446100313623148e-05,0.0,3.010876704908847e-09,7.565309324190623e-06,56350,41460,84847,18075
143618,1.1446100313623148e-05,0.0,3.010876704908847e-09,7.565309324190623e-06,56351,41461,84848,18076
144358,1.1446100313623148e-05,0.0,3.010876704908847e-09,7.565309324190623e-06,56352,41462,84849,18077
144818,1.1446100313623148e-05,0.0,3.010876704908847e-09,7.565309324190623e-06,56353,41463,84850,18078
145572,1.1446100313623148e-05,0.0,3.010876704908847e-09,7.565309324190623e-06,56354,41464,84851,18079
143684,1.1446100313623148e-05,0.0,3.010876704908847e-09,7.565309324190623e-06,56355,41465,84852,18080
142965,1.1446100313623148e-05,0.0,3.010876704908847e-09,7.565309324190623e-06,56356,41466,84853,18081
144732,1.1446100313623148e-05,0.0,3.010876704908847e-09,7.565309324190623e-06,56357,41467,84854,18082
146570,1.1446100313623148e-05,0.0,3.010876704908847e-09,7.565309324190623e-06,56358,41468,84855,18083
144556,1.1446100313623148e-05,0.0,3.010876704908847e-09,7.565309324190623e-06,56359,41469,84856,18084
143788,1.1446100313623148e-05,0.0,3.010876704908847e-09,7.565309324190623e-06,56360,41470,84857,18085
144619,1.1446100313623148e-05,0.0,3.010876704908847e-09,7.565309324190623e-06,56361,41471,84858,18086
144974,1.1446100313623148e-05,0.0,3.010876704908847e-09,7.565309324190623e-06,56362,41472,84859,18087
145487,1.1446100313623148e-05,0.0,3.010876704908847e-09,7.565309324190623e-06,56363,41473,84860,18088
143008,1.1446100313623148e-05,0.0,3.010876704908847e-09,7.565309324190623e-06,56364,41474,84861,18089
143991,1.1446100313623148e-05,0.0,3.010876704908847e-09,7.565309324190623e-06,56365,41475,84862,18090
145484,1.1446100313623148e-05,0.0,3.010876704908847e-09,7.565309324190623e-06,56366,41476,84863,18091
146553,1.1446100313623148e-05,0.0,3.010876704908847e-09,7.565309324190623e-06,56367,41477,84864,18092
146160,1.1446100313623148e-05,0.0,3.010876704908847e-09,7.565309324190623e-06,56368,41478,84865,18093
143616,1.1446100313623148e-05,0.0,3.010876704908847e-09,7.565309324190623e-06,56369,41479,84866,18094
143678,1.1446100313623148e-05,0.0,3.010876704908847e-09,7.565309324190623e-06,56370,41480,84867,18095
144530,1.1446100313623148e-05,0.0,3.010876704908847e-09,7.565309324190623e-06,56371,41481,84868,18096
145266,1.1446100313623148e-05,0.0,3.010876704908847e-09,7.565309324190623e-06,56372,41482,84869,18097
144781,1.1446100313623148e-05,0.0,3.010876704908847e-09,7.565309324190623e-06,56373,41483,84870,18098
143689,1.1446100313623148e-05,0.0,3.010876704908847e-09,7.565309324190623e-06,56374,41484,84871,18099
145555,1.1446100313623148e-05,0.0,3.010876704908847e-09,7.565309324190623e-06,56375,41485,84872,18100
142973,1.1446100313623148e-05,0.0,3.010876704908847e-09,7.565309324190623e-06,56376,41486,84873,18101
145116,1.1446100313623148e-05,0.0,3.010876704908847e-09,7.565309324190623e-06,56377,41487,84874,18102
144306,1.1446100313623148e-05,0.0,3.010876704908847e-09,7.565309324190623e-06,56378,41488,84875,18103
142993,1.1446100313623148e-05,0.0,3.010876704908847e-09,7.565309324190623e-06,56379,41489,84876,18104
143898,1.1446100313623148e-05,0.0,3.010876704908847e-09,7.565309324190623e-06,56380,41490,84877,18105
143614,1.1446100313623148e-05,0.0,3.010876704908847e-09,7.565309324190623e-06,56381,41491,84878,18106
144535,1.1446100313623148e-05,0.0,3.010876704908847e-09,7.565309324190623e-06,56382,41492,84879,18107
145953,1.1446100313623148e-05,0.0,3.010876704908847e-09,7.565309324190623e-06,56383,41493,84880,18108
145320,1.1446100313623148e-05,0.0,3.010876704908847e-09,7.565309324190623e-06,56384,41494,84881,18109
146051,1.1446100313623148e-05,0.0,3.010876704908847e-09,7.565309324190623e-06,56385,41495,84882,18110
143839,1.1446100313623148e-05,0.0,3.010876704908847e-09,7.565309324190623e-06,56386,41496,84883,18111
143436,1.1446100313623148e-05,0.0,3.010876704908847e-09,7.565309324190623e-06,56387,41497,84884,18112
144758,1.1446100313623148e-05,0.0,3.010876704908847e-09,7.565309324190623e-06,56388,41498,84885,18113
143719,1.1446100313623148e-05,0.0,3.010876704908847e-09,7.565309324190623e-06,56389,41499,84886,18114
144618,1.1446100313623148e-05,0.0,3.010876704908847e-09,7.565309324190623e-06,56390,41500,84887,18115
145255,1.1446100313623148e-05,0.0,3.010876704908847e-09,7.565309324190623e-06,56391,41501,84888,18116
144629,1.1446100313623148e-05,0.0,3.010876704908847e-09,7.565309324190623e-06,56392,41502,84889,18117
143917,1.1446100313623148e-05,0.0,3.010876704908847e-09,7.565309324190623e-06,56393,41503,84890,18118
142954,1.1446100313623148e-05,0.0,3.010876704908847e-09,7.565309324190623e-06,56394,41504,84891,18119
142745,1.1446100313623148e-05,0.0,3.010876704908847e-09,7.565309324190623e-06,56395,41505,84892,18120
145984,1.1446100313623148e-05,0.0,3.010876704908847e-09,7.565309324190623e-06,56396,41506,84893,18121
143469,1.1446100313623148e-05,0.0,3.010876704908847e-09,7.565309324190623e-06,56397,41507,84894,18122
143233,1.1446100313623148e-05,0.0,3.010876704908847e-09,7.565309324190623e-06,56398,41508,84895,18123
144710,1.1446100313623148e-05,0.0,3.010876704908847e-09,7.565309324190623e-06,56399,41509,84896,18124
144650,1.1446100313623148e-05,0.0,3.010876704908847e-09,7.565309324190623e-06,56400,41510,84897,18125
143857,1.1446100313623148e-05,0.0,3.010876704908847e-09,7.565309324190623e-06,56401,41511,84898,18126
144074,1.1446100313623148e-05,0.0,3.010876704908847e-09,7.565309324190623e-06,56402,41512,84899,18127
143147,1.1446100313623148e-05,0.0,3.010876704908847e-09,7.565309324190623e-06,56403,41513,84900,18128
145254,1.1446100313623148e-05,0.0,3.010876704908847e-09,7.565309324190623e-06,56404,41514,84901,18129
143230,1.1446100313623148e-05,0.0,3.010876704908847e-09,7.565309324190623e-06,56405,41515,84902,18130
142764,1.1446100313623148e-05,0.0,3.010876704908847e-09,7.565309324190623e-06,56406,41516,84903,18131
144963,1.1446100313623148e-05,0.0,3.010876704908847e-09,7.565309324190623e-06,56407,41517,84904,18132
144917,1.1446100313623148e-05,0.0,3.010876704908847e-09,7.565309324190623e-06,56408,41518,84905,18133
143646,1.1446100313623148e-05,0.0,3.010876704908847e-09,7.565309324190623e-06,56409,41519,84906,18134
144728,1.1446100313623148e-05,0.0,3.010876704908847e-09,7.565309324190623e-06,56410,41520,84907,18135
142707,1.1446100313623148e-05,0.0,3.010876704908847e-09,7.565309324190623e-06,56411,41521,84908,18136
144488,1.1446100313623148e-05,0.0,3.010876704908847e-09,7.565309324190623e-06,56412,41522,84909,18137
145576,1.1446100313623148e-05,0.0,3.010876704908847e-09,7.565309324190623e-06,56413,41523,84910,18138
145343,1.1446100313623148e-05,0.0,3.010876704908847e-09,7.565309324190623e-06,56414,41524,84911,18139
144666,1.1446100313623148e-05,0.0,3.010876704908847e-09,7.565309324190623e-06,56415,41525,84912,18140
144790,1.1446100313623148e-05,0.0,3.010876704908847e-09,7.565309324190623e-06,56416,41526,84913,18141
142883,1.1446100313623148e-05,0.0,3.010876704908847e-09,7.565309324190623e-06,56417,41527,84914,18142
143299,1.1446100313623148e-05,0.0,3.010876704908847e-09,7.565309324190623e-06,56418,41528,84915,18143
144538,1.1446100313623148e-05,0.0,3.010876704908847e-09,7.565309324190623e-06,56419,41529,84916,18144
146199,1.1446100313623148e-05,0.0,3.010876704908847e-09,7.565309324190623e-06,56420,41530,84917,18145
145361,1.1446100313623148e-05,0.0,3.010876704908847e-09,7.565309324190623e-06,56421,41531,84918,18146
144387,1.1446100313623148e-05,0.0,3.010876704908847e-09,7.565309324190623e-06,56422,41532,84919,18147
144141,1.1446100313623148e-05,0.0,3.010876704908847e-09,7.565309324190623e-06,56423,41533,84920,18148
146372,1.1446100313623148e-05,0.0,3.010876704908847e-09,7.565309324190623e-06,56424,41534,84921,18149
143420,1.1446100313623148e-05,0.0,3.010876704908847e-09,7.565309324190623e-06,56425,41535,84922,18150
143856,1.1446100313623148e-05,0.0,3.010876704908847e-09,7.565309324190623e-06,56426,41536,84923,18151
144843,1.1446100313623148e-05,0.0,3.010876704908847e-09,7.565309324190623e-06,56427,41537,84924,18152
142942,1.1446100313623148e-05,0.0,3.010876704908847e-09,7.565309324190623e-06,56428,41538,84925,18153
146516,1.1446100313623148e-05,0.0,3.010876704908847e-09,7.565309324190623e-06,56429,41539,84926,18154
143412,1.1446100313623148e-05,0.0,3.010876704908847e-09,7.565309324190623e-06,56430,41540,84927,18155
143482,1.1446100313623148e-05,0.0,3.010876704908847e-09,7.565309324190623e-06,56431,41541,84928,18156
145894,1.1446100313623148e-05,0.0,3.010876704908847e-09,7.565309324190623e-06,56432,41542,84929,18157
146494,1.1446100313623148e-05,0.0,3.010876704908847e-09,7.565309324190623e-06,56433,41543,84930,18158
143925,1.1446100313623148e-05,0.0,3.010876704908847e-09,7.565309324190623e-06,56434,41544,84931,18159
143738,1.1446100313623148e-05,0.0,3.010876704908847e-09,7.565309324190623e-06,56435,41545,84932,18160
144559,1.1446100313623148e-05,0.0,3.010876704908847e-09,7.565309324190623e-06,56436,41546,84933,18161
146089,1.1446100313623148e-05,0.0,3.010876704908847e-09,7.565309324190623e-06,56437,41547,84934,18162
145290,1.1446100313623148e-05,0.0,3.010876704908847e-09,7.565309324190623e-06,56438,41548,84935,18163
145204,1.1446100313623148e-05,0.0,3.010876704908847e-09,7.565309324190623e-06,56439,41549,84936,18164
146162,1.1446100313623148e-05,0.0,3.010876704908847e-09,7.565309324190623e-06,56440,41550,84937,18165
144806,1.1446100313623148e-05,0.0,3.010876704908847e-09,7.565309324190623e-06,56441,41551,84938,18166
146431,1.1446100313623148e-05,0.0,3.010876704908847e-09,7.565309324190623e-06,56442,41552,84939,18167
144594,1.1446100313623148e-05,0.0,3.010876704908847e-09,7.565309324190623e-06,56443,41553,84940,18168
143589,1.1446100313623148e-05,0.0,3.010876704908847e-09,7.565309324190623e-06,56444,41554,84941,18169
144146,1.1446100313623148e-05,0.0,3.010876704908847e-09,7.565309324190623e-06,56445,41555,84942,18170
144009,1.1446100313623148e-05,0.0,3.010876704908847e-09,7.565309324190623e-06,56446,41556,84943,18171
145451,1.1446100313623148e-05,0.0,3.010876704908847e-09,7.565309324190623e-06,56447,41557,84944,18172
146040,1.1446100313623148e-05,0.0,3.010876704908847e-09,7.565309324190623e-06,56448,41558,84945,18173
146359,1.1446100313623148e-05,0.0,3.010876704908847e-09,7.565309324190623e-06,56449,41559,84946,18174
146601,1.1446100313623148e-05,0.0,3.010876704908847e-09,7.565309324190623e-06,56450,41560,84947,18175
142803,1.1446100313623148e-05,0.0,3.010876704908847e-09,7.565309324190623e-06,56451,41561,84948,18176
145782,1.1446100313623148e-05,0.0,3.010876704908847e-09,7.565309324190623e-06,56452,41562,84949,18177
143470,1.1446100313623148e-05,0.0,3.010876704908847e-09,7.565309324190623e-06,56453,41563,84950,18178
146551,1.1446100313623148e-05,0.0,3.010876704908847e-09,7.565309324190623e-06,56454,41564,84951,18179
146266,1.1446100313623148e-05,0.0,3.010876704908847e-09,7.565309324190623e-06,56455,41565,84952,18180
144211,1.1446100313623148e-05,0.0,3.010876704908847e-09,7.565309324190623e-06,56456,41566,84953,18181
146718,1.1446100313623148e-05,0.0,3.010876704908847e-09,7.565309324190623e-06,56457,41567,84954,18182
144407,1.1446100313623148e-05,0.0,3.010876704908847e-09,7.565309324190623e-06,56458,41568,84955,18183
143807,1.1446100313623148e-05,0.0,3.010876704908847e-09,7.565309324190623e-06,56459,41569,84956,18184
146283,1.1446100313623148e-05,0.0,3.010876704908847e-09,7.565309324190623e-06,56460,41570,84957,18185
143219,1.1446100313623148e-05,0.0,3.010876704908847e-09,7.565309324190623e-06,56461,41571,84958,18186
142744,1.1446100313623148e-05,0.0,3.010876704908847e-09,7.565309324190623e-06,56462,41572,84959,18187
146740,1.1446100313623148e-05,0.0,3.010876704908847e-09,7.565309324190623e-06,56463,41573,84960,18188
145295,1.1446100313623148e-05,0.0,3.010876704908847e-09,7.565309324190623e-06,56464,41574,84961,18189
144388,1.1446100313623148e-05,0.0,3.010876704908847e-09,7.565309324190623e-06,56465,41575,84962,18190
146017,1.1446100313623148e-05,0.0,3.010876704908847e-09,7.565309324190623e-06,56466,41576,84963,18191
145656,1.1446100313623148e-05,0.0,3.010876704908847e-09,7.565309324190623e-06,56467,41577,84964,18192
144968,1.1446100313623148e-05,0.0,3.010876704908847e-09,7.565309324190623e-06,56468,41578,84965,18193
143040,1.1446100313623148e-05,0.0,3.010876704908847e-09,7.565309324190623e-06,56469,41579,84966,18194
146434,1.1446100313623148e-05,0.0,3.010876704908847e-09,7.565309324190623e-06,56470,41580,84967,18195
146460,1.1446100313623148e-05,0.0,3.010876704908847e-09,7.565309324190623e-06,56471,41581,84968,18196
146619,1.1446100313623148e-05,0.0,3.010876704908847e-09,7.565309324190623e-06,56472,41582,84969,18197
145236,1.1446100313623148e-05,0.0,3.010876704908847e-09,7.565309324190623e-06,56473,41583,84970,18198
143934,1.1446100313623148e-05,0.0,3.010876704908847e-09,7.565309324190623e-06,56474,41584,84971,18199
146520,1.1446100313623148e-05,0.0,3.010876704908847e-09,7.565309324190623e-06,56475,41585,84972,18200
145758,1.1446100313623148e-05,0.0,3.010876704908847e-09,7.565309324190623e-06,56476,41586,84973,18201
146098,1.1446100313623148e-05,0.0,3.010876704908847e-09,7.565309324190623e-06,56477,41587,84974,18202
146420,1.1446100313623148e-05,0.0,3.010876704908847e-09,7.565309324190623e-06,56478,41588,84975,18203
145836,1.1446100313623148e-05,0.0,3.010876704908847e-09,7.565309324190623e-06,56479,41589,84976,18204
144510,1.1446100313623148e-05,0.0,3.010876704908847e-09,7.565309324190623e-06,56480,41590,84977,18205
145507,1.1446100313623148e-05,0.0,3.010876704908847e-09,7.565309324190623e-06,56481,41591,84978,18206
146039,1.1446100313623148e-05,0.0,3.010876704908847e-09,7.565309324190623e-06,56482,41592,84979,18207
144416,1.1446100313623148e-05,0.0,3.010876704908847e-09,7.565309324190623e-06,56483,41593,84980,18208
146657,1.1446100313623148e-05,0.0,3.010876704908847e-09,7.565309324190623e-06,56484,41594,84981,18209
143989,1.1446100313623148e-05,0.0,3.010876704908847e-09,7.565309324190623e-06,56485,41595,84982,18210
146385,1.1446100313623148e-05,0.0,3.010876704908847e-09,7.565309324190623e-06,56486,41596,84983,18211
143214,1.1446100313623148e-05,0.0,3.010876704908847e-09,7.565309324190623e-06,56487,41597,84984,18212
145043,1.1446100313623148e-05,0.0,3.010876704908847e-09,7.565309324190623e-06,56488,41598,84985,18213
145348,1.1446100313623148e-05,0.0,3.010876704908847e-09,7.565309324190623e-06,56489,41599,84986,18214
146182,1.1446100313623148e-05,0.0,3.010876704908847e-09,7.565309324190623e-06,56490,41600,84987,18215
144884,1.1446100313623148e-05,0.0,3.010876704908847e-09,7.565309324190623e-06,56491,41601,84988,18216
145865,1.1446100313623148e-05,0.0,3.010876704908847e-09,7.565309324190623e-06,56492,41602,84989,18217
144438,1.1446100313623148e-05,0.0,3.010876704908847e-09,7.565309324190623e-06,56493,41603,84990,18218
144919,1.1446100313623148e-05,0.0,3.010876704908847e-09,7.565309324190623e-06,56494,41604,84991,18219
146003,1.1446100313623148e-05,0.0,3.010876704908847e-09,7.565309324190623e-06,56495,41605,84992,18220
144050,1.1446100313623148e-05,0.0,3.010876704908847e-09,7.565309324190623e-06,56496,41606,84993,18221
145552,1.1446100313623148e-05,0.0,3.010876704908847e-09,7.565309324190623e-06,56497,41607,84994,18222
143802,1.1446100313623148e-05,0.0,3.010876704908847e-09,7.565309324190623e-06,56498,41608,84995,18223
143660,1.1446100313623148e-05,0.0,3.010876704908847e-09,7.565309324190623e-06,56499,41609,84996,18224
145185,1.1446100313623148e-05,0.0,3.010876704908847e-09,7.565309324190623e-06,56500,41610,84997,18225
144615,1.1446100313623148e-05,0.0,3.010876704908847e-09,7.565309324190623e-06,56501,41611,84998,18226
142880,1.1446100313623148e-05,0.0,3.010876704908847e-09,7.565309324190623e-06,56502,41612,84999,18227
143073,1.1446100313623148e-05,0.0,3.010876704908847e-09,7.565309324190623e-06,56503,41613,85000,18228
144444,1.1446100313623148e-05,0.0,3.010876704908847e-09,7.565309324190623e-06,56504,41614,85001,18229
145587,1.1446100313623148e-05,0.0,3.010876704908847e-09,7.565309324190623e-06,56505,41615,85002,18230
146285,1.1446100313623148e-05,0.0,3.010876704908847e-09,7.565309324190623e-06,56506,41616,85003,18231
142698,1.1446100313623148e-05,0.0,3.010876704908847e-09,7.565309324190623e-06,56507,41617,85004,18232
145676,1.1446100313623148e-05,0.0,3.010876704908847e-09,7.565309324190623e-06,56508,41618,85005,18233
144151,1.1446100313623148e-05,0.0,3.010876704908847e-09,7.565309324190623e-06,56509,41619,85006,18234
146150,1.1446100313623148e-05,0.0,3.010876704908847e-09,7.565309324190623e-06,56510,41620,85007,18235
144591,1.1446100313623148e-05,0.0,3.010876704908847e-09,7.565309324190623e-06,56511,41621,85008,18236
144794,1.1446100313623148e-05,0.0,3.010876704908847e-09,7.565309324190623e-06,56512,41622,85009,18237
144813,1.1446100313623148e-05,0.0,3.010876704908847e-09,7.565309324190623e-06,56513,41623,85010,18238
146251,1.1446100313623148e-05,0.0,3.010876704908847e-09,7.565309324190623e-06,56514,41624,85011,18239
143242,1.1446100313623148e-05,0.0,3.010876704908847e-09,7.565309324190623e-06,56515,41625,85012,18240
145622,1.1446100313623148e-05,0.0,3.010876704908847e-09,7.565309324190623e-06,56516,41626,85013,18241
142875,1.1446100313623148e-05,0.0,3.010876704908847e-09,7.565309324190623e-06,56517,41627,85014,18242
144232,1.1446100313623148e-05,0.0,3.010876704908847e-09,7.565309324190623e-06,56518,41628,85015,18243
145388,1.1446100313623148e-05,0.0,3.010876704908847e-09,7.565309324190623e-06,56519,41629,85016,18244
143733,1.1446100313623148e-05,0.0,3.010876704908847e-09,7.565309324190623e-06,56520,41630,85017,18245
145006,1.1446100313623148e-05,0.0,3.010876704908847e-09,7.565309324190623e-06,56521,41631,85018,18246
146390,1.1446100313623148e-05,0.0,3.010876704908847e-09,7.565309324190623e-06,56522,41632,85019,18247
143325,1.1446100313623148e-05,0.0,3.010876704908847e-09,7.565309324190623e-06,56523,41633,85020,18248
145323,1.1446100313623148e-05,0.0,3.010876704908847e-09,7.565309324190623e-06,56524,41634,85021,18249
145793,1.1446100313623148e-05,0.0,3.010876704908847e-09,7.565309324190623e-06,56525,41635,85022,18250
144567,1.1446100313623148e-05,0.0,3.010876704908847e-09,7.565309324190623e-06,56526,41636,85023,18251
144821,1.1446100313623148e-05,0.0,3.010876704908847e-09,7.565309324190623e-06,56527,41637,85024,18252
143498,1.1446100313623148e-05,0.0,3.010876704908847e-09,7.565309324190623e-06,56528,41638,85025,18253
143791,1.1446100313623148e-05,0.0,3.010876704908847e-09,7.565309324190623e-06,56529,41639,85026,18254
145102,1.1446100313623148e-05,0.0,3.010876704908847e-09,7.565309324190623e-06,56530,41640,85027,18255
145420,1.1446100313623148e-05,0.0,3.010876704908847e-09,7.565309324190623e-06,56531,41641,85028,18256
143136,1.1446100313623148e-05,0.0,3.010876704908847e-09,7.565309324190623e-06,56532,41642,85029,18257
143557,1.1446100313623148e-05,0.0,3.010876704908847e-09,7.565309324190623e-06,56533,41643,85030,18258
144020,1.1446100313623148e-05,0.0,3.010876704908847e-09,7.565309324190623e-06,56534,41644,85031,18259
144983,1.1446100313623148e-05,0.0,3.010876704908847e-09,7.565309324190623e-06,56535,41645,85032,18260
145682,1.1446100313623148e-05,0.0,3.010876704908847e-09,7.565309324190623e-06,56536,41646,85033,18261
142857,1.1446100313623148e-05,0.0,3.010876704908847e-09,7.565309324190623e-06,56537,41647,85034,18262
144890,1.1446100313623148e-05,0.0,3.010876704908847e-09,7.565309324190623e-06,56538,41648,85035,18263
143731,1.1446100313623148e-05,0.0,3.010876704908847e-09,7.565309324190623e-06,56539,41649,85036,18264
144203,1.1446100313623148e-05,0.0,3.010876704908847e-09,7.565309324190623e-06,56540,41650,85037,18265
142898,1.1446100313623148e-05,0.0,3.010876704908847e-09,7.565309324190623e-06,56541,41651,85038,18266
144406,1.1446100313623148e-05,0.0,3.010876704908847e-09,7.565309324190623e-06,56542,41652,85039,18267
143076,1.1446100313623148e-05,0.0,3.010876704908847e-09,7.565309324190623e-06,56543,41653,85040,18268
146534,1.1446100313623148e-05,0.0,3.010876704908847e-09,7.565309324190623e-06,56544,41654,85041,18269
144139,1.1446100313623148e-05,0.0,3.010876704908847e-09,7.565309324190623e-06,56545,41655,85042,18270
145816,1.1446100313623148e-05,0.0,3.010876704908847e-09,7.565309324190623e-06,56546,41656,85043,18271
142929,1.1446100313623148e-05,0.0,3.010876704908847e-09,7.565309324190623e-06,56547,41657,85044,18272
145951,1.1446100313623148e-05,0.0,3.010876704908847e-09,7.565309324190623e-06,56548,41658,85045,18273
145058,1.1446100313623148e-05,0.0,3.010876704908847e-09,7.565309324190623e-06,56549,41659,85046,18274
145288,1.1446100313623148e-05,0.0,3.010876704908847e-09,7.565309324190623e-06,56550,41660,85047,18275
145741,1.1446100313623148e-05,0.0,3.010876704908847e-09,7.565309324190623e-06,56551,41661,85048,18276
144772,1.1446100313623148e-05,0.0,3.010876704908847e-09,7.565309324190623e-06,56552,41662,85049,18277
143727,1.1446100313623148e-05,0.0,3.010876704908847e-09,7.565309324190623e-06,56553,41663,85050,18278
143451,1.1446100313623148e-05,0.0,3.010876704908847e-09,7.565309324190623e-06,56554,41664,85051,18279
143535,1.1446100313623148e-05,0.0,3.010876704908847e-09,7.565309324190623e-06,56555,41665,85052,18280
144907,1.1446100313623148e-05,0.0,3.010876704908847e-09,7.565309324190623e-06,56556,41666,85053,18281
142981,1.1446100313623148e-05,0.0,3.010876704908847e-09,7.565309324190623e-06,56557,41667,85054,18282
145835,1.1446100313623148e-05,0.0,3.010876704908847e-09,7.565309324190623e-06,56558,41668,85055,18283
143779,1.1446100313623148e-05,0.0,3.010876704908847e-09,7.565309324190623e-06,56559,41669,85056,18284
145928,1.1446100313623148e-05,0.0,3.010876704908847e-09,7.565309324190623e-06,56560,41670,85057,18285
146689,1.1446100313623148e-05,0.0,3.010876704908847e-09,7.565309324190623e-06,56561,41671,85058,18286
145612,1.1446100313623148e-05,0.0,3.010876704908847e-09,7.565309324190623e-06,56562,41672,85059,18287
143468,1.1446100313623148e-05,0.0,3.010876704908847e-09,7.565309324190623e-06,56563,41673,85060,18288
144505,1.1446100313623148e-05,0.0,3.010876704908847e-09,7.565309324190623e-06,56564,41674,85061,18289
145642,1.1446100313623148e-05,0.0,3.010876704908847e-09,7.565309324190623e-06,56565,41675,85062,18290
143445,1.1446100313623148e-05,0.0,3.010876704908847e-09,7.565309324190623e-06,56566,41676,85063,18291
144877,1.1446100313623148e-05,0.0,3.010876704908847e-09,7.565309324190623e-06,56567,41677,85064,18292
143767,1.1446100313623148e-05,0.0,3.010876704908847e-09,7.565309324190623e-06,56568,41678,85065,18293
144133,1.1446100313623148e-05,0.0,3.010876704908847e-09,7.565309324190623e-06,56569,41679,85066,18294
146402,1.1446100313623148e-05,0.0,3.010876704908847e-09,7.565309324190623e-06,56570,41680,85067,18295
146421,1.1446100313623148e-05,0.0,3.010876704908847e-09,7.565309324190623e-06,56571,41681,85068,18296
146114,1.1446100313623148e-05,0.0,3.010876704908847e-09,7.565309324190623e-06,56572,41682,85069,18297
144722,1.1446100313623148e-05,0.0,3.010876704908847e-09,7.565309324190623e-06,56573,41683,85070,18298
145018,1.1446100313623148e-05,0.0,3.010876704908847e-09,7.565309324190623e-06,56574,41684,85071,18299
145047,1.1446100313623148e-05,0.0,3.010876704908847e-09,7.565309324190623e-06,56575,41685,85072,18300
143669,1.1446100313623148e-05,0.0,3.010876704908847e-09,7.565309324190623e-06,56576,41686,85073,18301
146500,1.1446100313623148e-05,0.0,3.010876704908847e-09,7.565309324190623e-06,56577,41687,85074,18302
145374,1.1446100313623148e-05,0.0,3.010876704908847e-09,7.565309324190623e-06,56578,41688,85075,18303
146234,1.1446100313623148e-05,0.0,3.010876704908847e-09,7.565309324190623e-06,56579,41689,85076,18304
145324,1.1446100313623148e-05,0.0,3.010876704908847e-09,7.565309324190623e-06,56580,41690,85077,18305
143906,1.1446100313623148e-05,0.0,3.010876704908847e-09,7.565309324190623e-06,56581,41691,85078,18306
144948,1.1446100313623148e-05,0.0,3.010876704908847e-09,7.565309324190623e-06,56582,41692,85079,18307
146695,1.1446100313623148e-05,0.0,3.010876704908847e-09,7.565309324190623e-06,56583,41693,85080,18308
145868,1.1446100313623148e-05,0.0,3.010876704908847e-09,7.565309324190623e-06,56584,41694,85081,18309
144689,1.1446100313623148e-05,0.0,3.010876704908847e-09,7.565309324190623e-06,56585,41695,85082,18310
146185,1.1446100313623148e-05,0.0,3.010876704908847e-09,7.565309324190623e-06,56586,41696,85083,18311
142892,1.1446100313623148e-05,0.0,3.010876704908847e-09,7.565309324190623e-06,56587,41697,85084,18312
145788,1.1446100313623148e-05,0.0,3.010876704908847e-09,7.565309324190623e-06,56588,41698,85085,18313
145823,1.1446100313623148e-05,0.0,3.010876704908847e-09,7.565309324190623e-06,56589,41699,85086,18314
146730,1.1446100313623148e-05,0.0,3.010876704908847e-09,7.565309324190623e-06,56590,41700,85087,18315
142976,1.1446100313623148e-05,0.0,3.010876704908847e-09,7.565309324190623e-06,56591,41701,85088,18316
145218,1.1446100313623148e-05,0.0,3.010876704908847e-09,7.565309324190623e-06,56592,41702,85089,18317
143695,1.1446100313623148e-05,0.0,3.010876704908847e-09,7.565309324190623e-06,56593,41703,85090,18318
144614,1.1446100313623148e-05,0.0,3.010876704908847e-09,7.565309324190623e-06,56594,41704,85091,18319
144175,1.1446100313623148e-05,0.0,3.010876704908847e-09,7.565309324190623e-06,56595,41705,85092,18320
143716,1.1446100313623148e-05,0.0,3.010876704908847e-09,7.565309324190623e-06,56596,41706,85093,18321
145914,1.1446100313623148e-05,0.0,3.010876704908847e-09,7.565309324190623e-06,56597,41707,85094,18322
146303,1.1446100313623148e-05,0.0,3.010876704908847e-09,7.565309324190623e-06,56598,41708,85095,18323
142845,1.1446100313623148e-05,0.0,3.010876704908847e-09,7.565309324190623e-06,56599,41709,85096,18324
144545,1.1446100313623148e-05,0.0,3.010876704908847e-09,7.565309324190623e-06,56600,41710,85097,18325
144648,1.1446100313623148e-05,0.0,3.010876704908847e-09,7.565309324190623e-06,56601,41711,85098,18326
145649,1.1446100313623148e-05,0.0,3.010876704908847e-09,7.565309324190623e-06,56602,41712,85099,18327
143466,1.1446100313623148e-05,0.0,3.010876704908847e-09,7.565309324190623e-06,56603,41713,85100,18328
145313,1.1446100313623148e-05,0.0,3.010876704908847e-09,7.565309324190623e-06,56604,41714,85101,18329
144662,1.1446100313623148e-05,0.0,3.010876704908847e-09,7.565309324190623e-06,56605,41715,85102,18330
143254,1.1446100313623148e-05,0.0,3.010876704908847e-09,7.565309324190623e-06,56606,41716,85103,18331
143560,1.1446100313623148e-05,0.0,3.010876704908847e-09,7.565309324190623e-06,56607,41717,85104,18332
142672,1.1446100313623148e-05,0.0,3.010876704908847e-09,7.565309324190623e-06,56608,41718,85105,18333
144398,1.1446100313623148e-05,0.0,3.010876704908847e-09,7.565309324190623e-06,56609,41719,85106,18334
143199,1.1446100313623148e-05,0.0,3.010876704908847e-09,7.565309324190623e-06,56610,41720,85107,18335
143635,1.1446100313623148e-05,0.0,3.010876704908847e-09,7.565309324190623e-06,56611,41721,85108,18336
145079,1.1446100313623148e-05,0.0,3.010876704908847e-09,7.565309324190623e-06,56612,41722,85109,18337
142794,1.1446100313623148e-05,0.0,3.010876704908847e-09,7.565309324190623e-06,56613,41723,85110,18338
144853,1.1446100313623148e-05,0.0,3.010876704908847e-09,7.565309324190623e-06,56614,41724,85111,18339
145384,1.1446100313623148e-05,0.0,3.010876704908847e-09,7.565309324190623e-06,56615,41725,85112,18340
142733,1.1446100313623148e-05,0.0,3.010876704908847e-09,7.565309324190623e-06,56616,41726,85113,18341
146612,1.1446100313623148e-05,0.0,3.010876704908847e-09,7.565309324190623e-06,56617,41727,85114,18342
144218,1.1446100313623148e-05,0.0,3.010876704908847e-09,7.565309324190623e-06,56618,41728,85115,18343
144753,1.1446100313623148e-05,0.0,3.010876704908847e-09,7.565309324190623e-06,56619,41729,85116,18344
143424,1.1446100313623148e-05,0.0,3.010876704908847e-09,7.565309324190623e-06,56620,41730,85117,18345
144085,1.1446100313623148e-05,0.0,3.010876704908847e-09,7.565309324190623e-06,56621,41731,85118,18346
144205,1.1446100313623148e-05,0.0,3.010876704908847e-09,7.565309324190623e-06,56622,41732,85119,18347
143327,1.1446100313623148e-05,0.0,3.010876704908847e-09,7.565309324190623e-06,56623,41733,85120,18348
142914,1.1446100313623148e-05,0.0,3.010876704908847e-09,7.565309324190623e-06,56624,41734,85121,18349
145929,1.1446100313623148e-05,0.0,3.010876704908847e-09,7.565309324190623e-06,56625,41735,85122,18350
144096,1.1446100313623148e-05,0.0,3.010876704908847e-09,7.565309324190623e-06,56626,41736,85123,18351
144435,1.1446100313623148e-05,0.0,3.010876704908847e-09,7.565309324190623e-06,56627,41737,85124,18352
143881,1.1446100313623148e-05,0.0,3.010876704908847e-09,7.565309324190623e-06,56628,41738,85125,18353
143181,1.1446100313623148e-05,0.0,3.010876704908847e-09,7.565309324190623e-06,56629,41739,85126,18354
145376,1.1446100313623148e-05,0.0,3.010876704908847e-09,7.565309324190623e-06,56630,41740,85127,18355
144764,1.1446100313623148e-05,0.0,3.010876704908847e-09,7.565309324190623e-06,56631,41741,85128,18356
142677,1.1446100313623148e-05,0.0,3.010876704908847e-09,7.565309324190623e-06,56632,41742,85129,18357
144101,1.1446100313623148e-05,0.0,3.010876704908847e-09,7.565309324190623e-06,56633,41743,85130,18358
144246,1.1446100313623148e-05,0.0,3.010876704908847e-09,7.565309324190623e-06,56634,41744,85131,18359
145473,1.1446100313623148e-05,0.0,3.010876704908847e-09,7.565309324190623e-06,56635,41745,85132,18360
144080,1.1446100313623148e-05,0.0,3.010876704908847e-09,7.565309324190623e-06,56636,41746,85133,18361
143745,1.1446100313623148e-05,0.0,3.010876704908847e-09,7.565309324190623e-06,56637,41747,85134,18362
145551,1.1446100313623148e-05,0.0,3.010876704908847e-09,7.565309324190623e-06,56638,41748,85135,18363
145490,1.1446100313623148e-05,0.0,3.010876704908847e-09,7.565309324190623e-06,56639,41749,85136,18364
144314,1.1446100313623148e-05,0.0,3.010876704908847e-09,7.565309324190623e-06,56640,41750,85137,18365
146330,1.1446100313623148e-05,0.0,3.010876704908847e-09,7.565309324190623e-06,56641,41751,85138,18366
145045,1.1446100313623148e-05,0.0,3.010876704908847e-09,7.565309324190623e-06,56642,41752,85139,18367
144817,1.1446100313623148e-05,0.0,3.010876704908847e-09,7.565309324190623e-06,56643,41753,85140,18368
146058,1.1446100313623148e-05,0.0,3.010876704908847e-09,7.565309324190623e-06,56644,41754,85141,18369
145804,1.1446100313623148e-05,0.0,3.010876704908847e-09,7.565309324190623e-06,56645,41755,85142,18370
144644,1.1446100313623148e-05,0.0,3.010876704908847e-09,7.565309324190623e-06,56646,41756,85143,18371
144601,1.1446100313623148e-05,0.0,3.010876704908847e-09,7.565309324190623e-06,56647,41757,85144,18372
145644,1.1446100313623148e-05,0.0,3.010876704908847e-09,7.565309324190623e-06,56648,41758,85145,18373
142897,1.1446100313623148e-05,0.0,3.010876704908847e-09,7.565309324190623e-06,56649,41759,85146,18374
146741,1.1446100313623148e-05,0.0,3.010876704908847e-09,7.565309324190623e-06,56650,41760,85147,18375
143343,1.1446100313623148e-05,0.0,3.010876704908847e-09,7.565309324190623e-06,56651,41761,85148,18376
144984,1.1446100313623148e-05,0.0,3.010876704908847e-09,7.565309324190623e-06,56652,41762,85149,18377
145948,1.1446100313623148e-05,0.0,3.010876704908847e-09,7.565309324190623e-06,56653,41763,85150,18378
143432,1.1446100313623148e-05,0.0,3.010876704908847e-09,7.565309324190623e-06,56654,41764,85151,18379
145156,1.1446100313623148e-05,0.0,3.010876704908847e-09,7.565309324190623e-06,56655,41765,85152,18380
143912,1.1446100313623148e-05,0.0,3.010876704908847e-09,7.565309324190623e-06,56656,41766,85153,18381
144955,1.1446100313623148e-05,0.0,3.010876704908847e-09,7.565309324190623e-06,56657,41767,85154,18382
144925,1.1446100313623148e-05,0.0,3.010876704908847e-09,7.565309324190623e-06,56658,41768,85155,18383
146709,1.1446100313623148e-05,0.0,3.010876704908847e-09,7.565309324190623e-06,56659,41769,85156,18384
144147,1.1446100313623148e-05,0.0,3.010876704908847e-09,7.565309324190623e-06,56660,41770,85157,18385
145881,1.1446100313623148e-05,0.0,3.010876704908847e-09,7.565309324190623e-06,56661,41771,85158,18386
143192,1.1446100313623148e-05,0.0,3.010876704908847e-09,7.565309324190623e-06,56662,41772,85159,18387
143600,1.1446100313623148e-05,0.0,3.010876704908847e-09,7.565309324190623e-06,56663,41773,85160,18388
146173,1.1446100313623148e-05,0.0,3.010876704908847e-09,7.565309324190623e-06,56664,41774,85161,18389
146555,1.1446100313623148e-05,0.0,3.010876704908847e-09,7.565309324190623e-06,56665,41775,85162,18390
144284,1.1446100313623148e-05,0.0,3.010876704908847e-09,7.565309324190623e-06,56666,41776,85163,18391
143712,1.1446100313623148e-05,0.0,3.010876704908847e-09,7.565309324190623e-06,56667,41777,85164,18392
143187,1.1446100313623148e-05,0.0,3.010876704908847e-09,7.565309324190623e-06,56668,41778,85165,18393
144446,1.1446100313623148e-05,0.0,3.010876704908847e-09,7.565309324190623e-06,56669,41779,85166,18394
143945,1.1446100313623148e-05,0.0,3.010876704908847e-09,7.565309324190623e-06,56670,41780,85167,18395
143941,1.1446100313623148e-05,0.0,3.010876704908847e-09,7.565309324190623e-06,56671,41781,85168,18396
144482,1.1446100313623148e-05,0.0,3.010876704908847e-09,7.565309324190623e-06,56672,41782,85169,18397
146724,1.1446100313623148e-05,0.0,3.010876704908847e-09,7.565309324190623e-06,56673,41783,85170,18398
145317,1.1446100313623148e-05,0.0,3.010876704908847e-09,7.565309324190623e-06,56674,41784,85171,18399
144219,1.1446100313623148e-05,0.0,3.010876704908847e-09,7.565309324190623e-06,56675,41785,85172,18400
146712,1.1446100313623148e-05,0.0,3.010876704908847e-09,7.565309324190623e-06,56676,41786,85173,18401
145481,1.1446100313623148e-05,0.0,3.010876704908847e-09,7.565309324190623e-06,56677,41787,85174,18402
145531,1.1446100313623148e-05,0.0,3.010876704908847e-09,7.565309324190623e-06,56678,41788,85175,18403
145574,1.1446100313623148e-05,0.0,3.010876704908847e-09,7.565309324190623e-06,56679,41789,85176,18404
145450,1.1446100313623148e-05,0.0,3.010876704908847e-09,7.565309324190623e-06,56680,41790,85177,18405
144001,1.1446100313623148e-05,0.0,3.010876704908847e-09,7.565309324190623e-06,56681,41791,85178,18406
143977,1.1446100313623148e-05,0.0,3.010876704908847e-09,7.565309324190623e-06,56682,41792,85179,18407
145413,1.1446100313623148e-05,0.0,3.010876704908847e-09,7.565309324190623e-06,56683,41793,85180,18408
146675,1.1446100313623148e-05,0.0,3.010876704908847e-09,7.565309324190623e-06,56684,41794,85181,18409
143739,1.1446100313623148e-05,0.0,3.010876704908847e-09,7.565309324190623e-06,56685,41795,85182,18410
144780,1.1446100313623148e-05,0.0,3.010876704908847e-09,7.565309324190623e-06,56686,41796,85183,18411
144271,1.1446100313623148e-05,0.0,3.010876704908847e-09,7.565309324190623e-06,56687,41797,85184,18412
145825,1.1446100313623148e-05,0.0,3.010876704908847e-09,7.565309324190623e-06,56688,41798,85185,18413
145663,1.1446100313623148e-05,0.0,3.010876704908847e-09,7.565309324190623e-06,56689,41799,85186,18414
145543,1.1446100313623148e-05,0.0,3.010876704908847e-09,7.565309324190623e-06,56690,41800,85187,18415
144725,1.1446100313623148e-05,0.0,3.010876704908847e-09,7.565309324190623e-06,56691,41801,85188,18416
145143,1.1446100313623148e-05,0.0,3.010876704908847e-09,7.565309324190623e-06,56692,41802,85189,18417
145679,1.1446100313623148e-05,0.0,3.010876704908847e-09,7.565309324190623e-06,56693,41803,85190,18418
144649,1.1446100313623148e-05,0.0,3.010876704908847e-09,7.565309324190623e-06,56694,41804,85191,18419
145274,1.1446100313623148e-05,0.0,3.010876704908847e-09,7.565309324190623e-06,56695,41805,85192,18420
143654,1.1446100313623148e-05,0.0,3.010876704908847e-09,7.565309324190623e-06,56696,41806,85193,18421
144550,1.1446100313623148e-05,0.0,3.010876704908847e-09,7.565309324190623e-06,56697,41807,85194,18422
143403,1.1446100313623148e-05,0.0,3.010876704908847e-09,7.565309324190623e-06,56698,41808,85195,18423
145161,1.1446100313623148e-05,0.0,3.010876704908847e-09,7.565309324190623e-06,56699,41809,85196,18424
144070,1.1446100313623148e-05,0.0,3.010876704908847e-09,7.565309324190623e-06,56700,41810,85197,18425
146684,1.1446100313623148e-05,0.0,3.010876704908847e-09,7.565309324190623e-06,56701,41811,85198,18426
145350,1.1446100313623148e-05,0.0,3.010876704908847e-09,7.565309324190623e-06,56702,41812,85199,18427
145939,1.1446100313623148e-05,0.0,3.010876704908847e-09,7.565309324190623e-06,56703,41813,85200,18428
145743,1.1446100313623148e-05,0.0,3.010876704908847e-09,7.565309324190623e-06,56704,41814,85201,18429
144186,1.1446100313623148e-05,0.0,3.010876704908847e-09,7.565309324190623e-06,56705,41815,85202,18430
143539,1.1446100313623148e-05,0.0,3.010876704908847e-09,7.565309324190623e-06,56706,41816,85203,18431
142712,1.1446100313623148e-05,0.0,3.010876704908847e-09,7.565309324190623e-06,56707,41817,85204,18432
143229,1.1446100313623148e-05,0.0,3.010876704908847e-09,7.565309324190623e-06,56708,41818,85205,18433
142747,1.1446100313623148e-05,0.0,3.010876704908847e-09,7.565309324190623e-06,56709,41819,85206,18434
144554,1.1446100313623148e-05,0.0,3.010876704908847e-09,7.565309324190623e-06,56710,41820,85207,18435
145546,1.1446100313623148e-05,0.0,3.010876704908847e-09,7.565309324190623e-06,56711,41821,85208,18436
146579,1.1446100313623148e-05,0.0,3.010876704908847e-09,7.565309324190623e-06,56712,41822,85209,18437
145454,1.1446100313623148e-05,0.0,3.010876704908847e-09,7.565309324190623e-06,56713,41823,85210,18438
144333,1.1446100313623148e-05,0.0,3.010876704908847e-09,7.565309324190623e-06,56714,41824,85211,18439
142884,1.1446100313623148e-05,0.0,3.010876704908847e-09,7.565309324190623e-06,56715,41825,85212,18440
143334,1.1446100313623148e-05,0.0,3.010876704908847e-09,7.565309324190623e-06,56716,41826,85213,18441
145981,1.1446100313623148e-05,0.0,3.010876704908847e-09,7.565309324190623e-06,56717,41827,85214,18442
142761,1.1446100313623148e-05,0.0,3.010876704908847e-09,7.565309324190623e-06,56718,41828,85215,18443
143907,1.1446100313623148e-05,0.0,3.010876704908847e-09,7.565309324190623e-06,56719,41829,85216,18444
143086,1.1446100313623148e-05,0.0,3.010876704908847e-09,7.565309324190623e-06,56720,41830,85217,18445
145296,1.1446100313623148e-05,0.0,3.010876704908847e-09,7.565309324190623e-06,56721,41831,85218,18446
144564,1.1446100313623148e-05,0.0,3.010876704908847e-09,7.565309324190623e-06,56722,41832,85219,18447
146738,1.1446100313623148e-05,0.0,3.010876704908847e-09,7.565309324190623e-06,56723,41833,85220,18448
145331,1.1446100313623148e-05,0.0,3.010876704908847e-09,7.565309324190623e-06,56724,41834,85221,18449
144606,1.1446100313623148e-05,0.0,3.010876704908847e-09,7.565309324190623e-06,56725,41835,85222,18450
143207,1.1446100313623148e-05,0.0,3.010876704908847e-09,7.565309324190623e-06,56726,41836,85223,18451
143496,1.1446100313623148e-05,0.0,3.010876704908847e-09,7.565309324190623e-06,56727,41837,85224,18452
143261,1.1446100313623148e-05,0.0,3.010876704908847e-09,7.565309324190623e-06,56728,41838,85225,18453
143366,1.1446100313623148e-05,0.0,3.010876704908847e-09,7.565309324190623e-06,56729,41839,85226,18454
146306,1.1446100313623148e-05,0.0,3.010876704908847e-09,7.565309324190623e-06,56730,41840,85227,18455
146477,1.1446100313623148e-05,0.0,3.010876704908847e-09,7.565309324190623e-06,56731,41841,85228,18456
143182,1.1446100313623148e-05,0.0,3.010876704908847e-09,7.565309324190623e-06,56732,41842,85229,18457
145199,1.1446100313623148e-05,0.0,3.010876704908847e-09,7.565309324190623e-06,56733,41843,85230,18458
146661,1.1446100313623148e-05,0.0,3.010876704908847e-09,7.565309324190623e-06,56734,41844,85231,18459
144520,1.1446100313623148e-05,0.0,3.010876704908847e-09,7.565309324190623e-06,56735,41845,85232,18460
144947,1.1446100313623148e-05,0.0,3.010876704908847e-09,7.565309324190623e-06,56736,41846,85233,18461
146127,1.1446100313623148e-05,0.0,3.010876704908847e-09,7.565309324190623e-06,56737,41847,85234,18462
145516,1.1446100313623148e-05,0.0,3.010876704908847e-09,7.565309324190623e-06,56738,41848,85235,18463
143841,1.1446100313623148e-05,0.0,3.010876704908847e-09,7.565309324190623e-06,56739,41849,85236,18464
146704,1.1446100313623148e-05,0.0,3.010876704908847e-09,7.565309324190623e-06,56740,41850,85237,18465
145540,1.1446100313623148e-05,0.0,3.010876704908847e-09,7.565309324190623e-06,56741,41851,85238,18466
146734,1.1446100313623148e-05,0.0,3.010876704908847e-09,7.565309324190623e-06,56742,41852,85239,18467
145498,1.1446100313623148e-05,0.0,3.010876704908847e-09,7.565309324190623e-06,56743,41853,85240,18468
146564,1.1446100313623148e-05,0.0,3.010876704908847e-09,7.565309324190623e-06,56744,41854,85241,18469
145834,1.1446100313623148e-05,0.0,3.010876704908847e-09,7.565309324190623e-06,56745,41855,85242,18470
146085,1.1446100313623148e-05,0.0,3.010876704908847e-09,7.565309324190623e-06,56746,41856,85243,18471
144832,1.1446100313623148e-05,0.0,3.010876704908847e-09,7.565309324190623e-06,56747,41857,85244,18472
145154,1.1446100313623148e-05,0.0,3.010876704908847e-09,7.565309324190623e-06,56748,41858,85245,18473
145522,1.1446100313623148e-05,0.0,3.010876704908847e-09,7.565309324190623e-06,56749,41859,85246,18474
144296,1.1446100313623148e-05,0.0,3.010876704908847e-09,7.565309324190623e-06,56750,41860,85247,18475
143014,1.1446100313623148e-05,0.0,3.010876704908847e-09,7.565309324190623e-06,56751,41861,85248,18476
144067,1.1446100313623148e-05,0.0,3.010876704908847e-09,7.565309324190623e-06,56752,41862,85249,18477
146569,1.1446100313623148e-05,0.0,3.010876704908847e-09,7.565309324190623e-06,56753,41863,85250,18478
146598,1.1446100313623148e-05,0.0,3.010876704908847e-09,7.565309324190623e-06,56754,41864,85251,18479
142708,1.1446100313623148e-05,0.0,3.010876704908847e-09,7.565309324190623e-06,56755,41865,85252,18480
143960,1.1446100313623148e-05,0.0,3.010876704908847e-09,7.565309324190623e-06,56756,41866,85253,18481
143094,1.1446100313623148e-05,0.0,3.010876704908847e-09,7.565309324190623e-06,56757,41867,85254,18482
145289,1.1446100313623148e-05,0.0,3.010876704908847e-09,7.565309324190623e-06,56758,41868,85255,18483
144041,1.1446100313623148e-05,0.0,3.010876704908847e-09,7.565309324190623e-06,56759,41869,85256,18484
143298,1.1446100313623148e-05,0.0,3.010876704908847e-09,7.565309324190623e-06,56760,41870,85257,18485
143218,1.1446100313623148e-05,0.0,3.010876704908847e-09,7.565309324190623e-06,56761,41871,85258,18486
144238,1.1446100313623148e-05,0.0,3.010876704908847e-09,7.565309324190623e-06,56762,41872,85259,18487
144018,1.1446100313623148e-05,0.0,3.010876704908847e-09,7.565309324190623e-06,56763,41873,85260,18488
143566,1.1446100313623148e-05,0.0,3.010876704908847e-09,7.565309324190623e-06,56764,41874,85261,18489
143163,1.1446100313623148e-05,0.0,3.010876704908847e-09,7.565309324190623e-06,56765,41875,85262,18490
143083,1.1446100313623148e-05,0.0,3.010876704908847e-09,7.565309324190623e-06,56766,41876,85263,18491
144270,1.1446100313623148e-05,0.0,3.010876704908847e-09,7.565309324190623e-06,56767,41877,85264,18492
146191,1.1446100313623148e-05,0.0,3.010876704908847e-09,7.565309324190623e-06,56768,41878,85265,18493
146349,1.1446100313623148e-05,0.0,3.010876704908847e-09,7.565309324190623e-06,56769,41879,85266,18494
142700,1.1446100313623148e-05,0.0,3.010876704908847e-09,7.565309324190623e-06,56770,41880,85267,18495
144791,1.1446100313623148e-05,0.0,3.010876704908847e-09,7.565309324190623e-06,56771,41881,85268,18496
144502,1.1446100313623148e-05,0.0,3.010876704908847e-09,7.565309324190623e-06,56772,41882,85269,18497
144097,1.1446100313623148e-05,0.0,3.010876704908847e-09,7.565309324190623e-06,56773,41883,85270,18498
146726,1.1446100313623148e-05,0.0,3.010876704908847e-09,7.565309324190623e-06,56774,41884,85271,18499
145208,1.1446100313623148e-05,0.0,3.010876704908847e-09,7.565309324190623e-06,56775,41885,85272,18500
145237,1.1446100313623148e-05,0.0,3.010876704908847e-09,7.565309324190623e-06,56776,41886,85273,18501
145387,1.1446100313623148e-05,0.0,3.010876704908847e-09,7.565309324190623e-06,56777,41887,85274,18502
143676,1.1446100313623148e-05,0.0,3.010876704908847e-09,7.565309324190623e-06,56778,41888,85275,18503
144352,1.1446100313623148e-05,0.0,3.010876704908847e-09,7.565309324190623e-06,56779,41889,85276,18504
143664,1.1446100313623148e-05,0.0,3.010876704908847e-09,7.565309324190623e-06,56780,41890,85277,18505
144731,1.1446100313623148e-05,0.0,3.010876704908847e-09,7.565309324190623e-06,56781,41891,85278,18506
142917,1.1446100313623148e-05,0.0,3.010876704908847e-09,7.565309324190623e-06,56782,41892,85279,18507
144863,1.1446100313623148e-05,0.0,3.010876704908847e-09,7.565309324190623e-06,56783,41893,85280,18508
144368,1.1446100313623148e-05,0.0,3.010876704908847e-09,7.565309324190623e-06,56784,41894,85281,18509
145919,1.1446100313623148e-05,0.0,3.010876704908847e-09,7.565309324190623e-06,56785,41895,85282,18510
144583,1.1446100313623148e-05,0.0,3.010876704908847e-09,7.565309324190623e-06,56786,41896,85283,18511
146744,1.1446100313623148e-05,0.0,3.010876704908847e-09,7.565309324190623e-06,56787,41897,85284,18512
146649,1.1446100313623148e-05,0.0,3.010876704908847e-09,7.565309324190623e-06,56788,41898,85285,18513
146205,1.1446100313623148e-05,0.0,3.010876704908847e-09,7.565309324190623e-06,56789,41899,85286,18514
146453,1.1446100313623148e-05,0.0,3.010876704908847e-09,7.565309324190623e-06,56790,41900,85287,18515
144367,1.1446100313623148e-05,0.0,3.010876704908847e-09,7.565309324190623e-06,56791,41901,85288,18516
142741,1.1446100313623148e-05,0.0,3.010876704908847e-09,7.565309324190623e-06,56792,41902,85289,18517
146239,1.1446100313623148e-05,0.0,3.010876704908847e-09,7.565309324190623e-06,56793,41903,85290,18518
146219,1.1446100313623148e-05,0.0,3.010876704908847e-09,7.565309324190623e-06,56794,41904,85291,18519
143844,1.1446100313623148e-05,0.0,3.010876704908847e-09,7.565309324190623e-06,56795,41905,85292,18520
144929,1.1446100313623148e-05,0.0,3.010876704908847e-09,7.565309324190623e-06,56796,41906,85293,18521
143099,1.1446100313623148e-05,0.0,3.010876704908847e-09,7.565309324190623e-06,56797,41907,85294,18522
144910,1.1446100313623148e-05,0.0,3.010876704908847e-09,7.565309324190623e-06,56798,41908,85295,18523
143030,1.1446100313623148e-05,0.0,3.010876704908847e-09,7.565309324190623e-06,56799,41909,85296,18524
144693,1.1446100313623148e-05,0.0,3.010876704908847e-09,7.565309324190623e-06,56800,41910,85297,18525
145345,1.1446100313623148e-05,0.0,3.010876704908847e-09,7.565309324190623e-06,56801,41911,85298,18526
145688,1.1446100313623148e-05,0.0,3.010876704908847e-09,7.565309324190623e-06,56802,41912,85299,18527
144375,1.1446100313623148e-05,0.0,3.010876704908847e-09,7.565309324190623e-06,56803,41913,85300,18528
143296,1.1446100313623148e-05,0.0,3.010876704908847e-09,7.565309324190623e-06,56804,41914,85301,18529
145534,1.1446100313623148e-05,0.0,3.010876704908847e-09,7.565309324190623e-06,56805,41915,85302,18530
146136,1.1446100313623148e-05,0.0,3.010876704908847e-09,7.565309324190623e-06,56806,41916,85303,18531
146252,1.1446100313623148e-05,0.0,3.010876704908847e-09,7.565309324190623e-06,56807,41917,85304,18532
145241,1.1446100313623148e-05,0.0,3.010876704908847e-09,7.565309324190623e-06,56808,41918,85305,18533
146309,1.1446100313623148e-05,0.0,3.010876704908847e-09,7.565309324190623e-06,56809,41919,85306,18534
143528,1.1446100313623148e-05,0.0,3.010876704908847e-09,7.565309324190623e-06,56810,41920,85307,18535
145851,1.1446100313623148e-05,0.0,3.010876704908847e-09,7.565309324190623e-06,56811,41921,85308,18536
143896,1.1446100313623148e-05,0.0,3.010876704908847e-09,7.565309324190623e-06,56812,41922,85309,18537
145910,1.1446100313623148e-05,0.0,3.010876704908847e-09,7.565309324190623e-06,56813,41923,85310,18538
145995,1.1446100313623148e-05,0.0,3.010876704908847e-09,7.565309324190623e-06,56814,41924,85311,18539
143116,1.1446100313623148e-05,0.0,3.010876704908847e-09,7.565309324190623e-06,56815,41925,85312,18540
144940,1.1446100313623148e-05,0.0,3.010876704908847e-09,7.565309324190623e-06,56816,41926,85313,18541
146710,1.1446100313623148e-05,0.0,3.010876704908847e-09,7.565309324190623e-06,56817,41927,85314,18542
145100,1.1446100313623148e-05,0.0,3.010876704908847e-09,7.565309324190623e-06,56818,41928,85315,18543
144713,1.1446100313623148e-05,0.0,3.010876704908847e-09,7.565309324190623e-06,56819,41929,85316,18544
144656,1.1446100313623148e-05,0.0,3.010876704908847e-09,7.565309324190623e-06,56820,41930,85317,18545
144095,1.1446100313623148e-05,0.0,3.010876704908847e-09,7.565309324190623e-06,56821,41931,85318,18546
146407,1.1446100313623148e-05,0.0,3.010876704908847e-09,7.565309324190623e-06,56822,41932,85319,18547
143272,1.1446100313623148e-05,0.0,3.010876704908847e-09,7.565309324190623e-06,56823,41933,85320,18548
144691,1.1446100313623148e-05,0.0,3.010876704908847e-09,7.565309324190623e-06,56824,41934,85321,18549
143527,1.1446100313623148e-05,0.0,3.010876704908847e-09,7.565309324190623e-06,56825,41935,85322,18550
146284,1.1446100313623148e-05,0.0,3.010876704908847e-09,7.565309324190623e-06,56826,41936,85323,18551
145366,1.1446100313623148e-05,0.0,3.010876704908847e-09,7.565309324190623e-06,56827,41937,85324,18552
144824,1.1446100313623148e-05,0.0,3.010876704908847e-09,7.565309324190623e-06,56828,41938,85325,18553
145708,1.1446100313623148e-05,0.0,3.010876704908847e-09,7.565309324190623e-06,56829,41939,85326,18554
146474,1.1446100313623148e-05,0.0,3.010876704908847e-09,7.565309324190623e-06,56830,41940,85327,18555
145803,1.1446100313623148e-05,0.0,3.010876704908847e-09,7.565309324190623e-06,56831,41941,85328,18556
143483,1.1446100313623148e-05,0.0,3.010876704908847e-09,7.565309324190623e-06,56832,41942,85329,18557
146561,1.1446100313623148e-05,0.0,3.010876704908847e-09,7.565309324190623e-06,56833,41943,85330,18558
146468,1.1446100313623148e-05,0.0,3.010876704908847e-09,7.565309324190623e-06,56834,41944,85331,18559
145279,1.1446100313623148e-05,0.0,3.010876704908847e-09,7.565309324190623e-06,56835,41945,85332,18560
146451,1.1446100313623148e-05,0.0,3.010876704908847e-09,7.565309324190623e-06,56836,41946,85333,18561
145108,1.1446100313623148e-05,0.0,3.010876704908847e-09,7.565309324190623e-06,56837,41947,85334,18562
143356,1.1446100313623148e-05,0.0,3.010876704908847e-09,7.565309324190623e-06,56838,41948,85335,18563
143320,1.1446100313623148e-05,0.0,3.010876704908847e-09,7.565309324190623e-06,56839,41949,85336,18564
144653,1.1446100313623148e-05,0.0,3.010876704908847e-09,7.565309324190623e-06,56840,41950,85337,18565
143352,1.1446100313623148e-05,0.0,3.010876704908847e-09,7.565309324190623e-06,56841,41951,85338,18566
142868,1.1446100313623148e-05,0.0,3.010876704908847e-09,7.565309324190623e-06,56842,41952,85339,18567
145549,1.1446100313623148e-05,0.0,3.010876704908847e-09,7.565309324190623e-06,56843,41953,85340,18568
146389,1.1446100313623148e-05,0.0,3.010876704908847e-09,7.565309324190623e-06,56844,41954,85341,18569
145895,1.1446100313623148e-05,0.0,3.010876704908847e-09,7.565309324190623e-06,56845,41955,85342,18570
142850,1.1446100313623148e-05,0.0,3.010876704908847e-09,7.565309324190623e-06,56846,41956,85343,18571
144893,1.1446100313623148e-05,0.0,3.010876704908847e-09,7.565309324190623e-06,56847,41957,85344,18572
145325,1.1446100313623148e-05,0.0,3.010876704908847e-09,7.565309324190623e-06,56848,41958,85345,18573
145530,1.1446100313623148e-05,0.0,3.010876704908847e-09,7.565309324190623e-06,56849,41959,85346,18574
143534,1.1446100313623148e-05,0.0,3.010876704908847e-09,7.565309324190623e-06,56850,41960,85347,18575
146701,1.1446100313623148e-05,0.0,3.010876704908847e-09,7.565309324190623e-06,56851,41961,85348,18576
143800,1.1446100313623148e-05,0.0,3.010876704908847e-09,7.565309324190623e-06,56852,41962,85349,18577
146217,1.1446100313623148e-05,0.0,3.010876704908847e-09,7.565309324190623e-06,56853,41963,85350,18578
143742,1.1446100313623148e-05,0.0,3.010876704908847e-09,7.565309324190623e-06,56854,41964,85351,18579
144636,1.1446100313623148e-05,0.0,3.010876704908847e-09,7.565309324190623e-06,56855,41965,85352,18580
145404,1.1446100313623148e-05,0.0,3.010876704908847e-09,7.565309324190623e-06,56856,41966,85353,18581
144106,1.1446100313623148e-05,0.0,3.010876704908847e-09,7.565309324190623e-06,56857,41967,85354,18582
146523,1.1446100313623148e-05,0.0,3.010876704908847e-09,7.565309324190623e-06,56858,41968,85355,18583
144658,1.1446100313623148e-05,0.0,3.010876704908847e-09,7.565309324190623e-06,56859,41969,85356,18584
144082,1.1446100313623148e-05,0.0,3.010876704908847e-09,7.565309324190623e-06,56860,41970,85357,18585
146131,1.1446100313623148e-05,0.0,3.010876704908847e-09,7.565309324190623e-06,56861,41971,85358,18586
144897,1.1446100313623148e-05,0.0,3.010876704908847e-09,7.565309324190623e-06,56862,41972,85359,18587
144231,1.1446100313623148e-05,0.0,3.010876704908847e-09,7.565309324190623e-06,56863,41973,85360,18588
144380,1.1446100313623148e-05,0.0,3.010876704908847e-09,7.565309324190623e-06,56864,41974,85361,18589
144383,1.1446100313623148e-05,0.0,3.010876704908847e-09,7.565309324190623e-06,56865,41975,85362,18590
146074,1.1446100313623148e-05,0.0,3.010876704908847e-09,7.565309324190623e-06,56866,41976,85363,18591
145070,1.1446100313623148e-05,0.0,3.010876704908847e-09,7.565309324190623e-06,56867,41977,85364,18592
143389,1.1446100313623148e-05,0.0,3.010876704908847e-09,7.565309324190623e-06,56868,41978,85365,18593
145589,1.1446100313623148e-05,0.0,3.010876704908847e-09,7.565309324190623e-06,56869,41979,85366,18594
144119,1.1446100313623148e-05,0.0,3.010876704908847e-09,7.565309324190623e-06,56870,41980,85367,18595
145748,1.1446100313623148e-05,0.0,3.010876704908847e-09,7.565309324190623e-06,56871,41981,85368,18596
145144,1.1446100313623148e-05,0.0,3.010876704908847e-09,7.565309324190623e-06,56872,41982,85369,18597
143543,1.1446100313623148e-05,0.0,3.010876704908847e-09,7.565309324190623e-06,56873,41983,85370,18598
145270,1.1446100313623148e-05,0.0,3.010876704908847e-09,7.565309324190623e-06,56874,41984,85371,18599
143472,1.1446100313623148e-05,0.0,3.010876704908847e-09,7.565309324190623e-06,56875,41985,85372,18600
144528,1.1446100313623148e-05,0.0,3.010876704908847e-09,7.565309324190623e-06,56876,41986,85373,18601
143309,1.1446100313623148e-05,0.0,3.010876704908847e-09,7.565309324190623e-06,56877,41987,85374,18602
143980,1.1446100313623148e-05,0.0,3.010876704908847e-09,7.565309324190623e-06,56878,41988,85375,18603
143176,1.1446100313623148e-05,0.0,3.010876704908847e-09,7.565309324190623e-06,56879,41989,85376,18604
144178,1.1446100313623148e-05,0.0,3.010876704908847e-09,7.565309324190623e-06,56880,41990,85377,18605
146377,1.1446100313623148e-05,0.0,3.010876704908847e-09,7.565309324190623e-06,56881,41991,85378,18606
144743,1.1446100313623148e-05,0.0,3.010876704908847e-09,7.565309324190623e-06,56882,41992,85379,18607
144490,1.1446100313623148e-05,0.0,3.010876704908847e-09,7.565309324190623e-06,56883,41993,85380,18608
146137,1.1446100313623148e-05,0.0,3.010876704908847e-09,7.565309324190623e-06,56884,41994,85381,18609
144026,1.1446100313623148e-05,0.0,3.010876704908847e-09,7.565309324190623e-06,56885,41995,85382,18610
142713,1.1446100313623148e-05,0.0,3.010876704908847e-09,7.565309324190623e-06,56886,41996,85383,18611
146005,1.1446100313623148e-05,0.0,3.010876704908847e-09,7.565309324190623e-06,56887,41997,85384,18612
144065,1.1446100313623148e-05,0.0,3.010876704908847e-09,7.565309324190623e-06,56888,41998,85385,18613
144319,1.1446100313623148e-05,0.0,3.010876704908847e-09,7.565309324190623e-06,56889,41999,85386,18614
142703,1.1446100313623148e-05,0.0,3.010876704908847e-09,7.565309324190623e-06,56890,42000,85387,18615
144561,1.1446100313623148e-05,0.0,3.010876704908847e-09,7.565309324190623e-06,56891,42001,85388,18616
145634,1.1446100313623148e-05,0.0,3.010876704908847e-09,7.565309324190623e-06,56892,42002,85389,18617
145931,1.1446100313623148e-05,0.0,3.010876704908847e-09,7.565309324190623e-06,56893,42003,85390,18618
145620,1.1446100313623148e-05,0.0,3.010876704908847e-09,7.565309324190623e-06,56894,42004,85391,18619
146190,1.1446100313623148e-05,0.0,3.010876704908847e-09,7.565309324190623e-06,56895,42005,85392,18620
142706,1.1446100313623148e-05,0.0,3.010876704908847e-09,7.565309324190623e-06,56896,42006,85393,18621
142977,1.1446100313623148e-05,0.0,3.010876704908847e-09,7.565309324190623e-06,56897,42007,85394,18622
143770,1.1446100313623148e-05,0.0,3.010876704908847e-09,7.565309324190623e-06,56898,42008,85395,18623
145399,1.1446100313623148e-05,0.0,3.010876704908847e-09,7.565309324190623e-06,56899,42009,85396,18624
145225,1.1446100313623148e-05,0.0,3.010876704908847e-09,7.565309324190623e-06,56900,42010,85397,18625
146364,1.1446100313623148e-05,0.0,3.010876704908847e-09,7.565309324190623e-06,56901,42011,85398,18626
142819,1.1446100313623148e-05,0.0,3.010876704908847e-09,7.565309324190623e-06,56902,42012,85399,18627
146346,1.1446100313623148e-05,0.0,3.010876704908847e-09,7.565309324190623e-06,56903,42013,85400,18628
145595,1.1446100313623148e-05,0.0,3.010876704908847e-09,7.565309324190623e-06,56904,42014,85401,18629
142820,1.1446100313623148e-05,0.0,3.010876704908847e-09,7.565309324190623e-06,56905,42015,85402,18630
145918,1.1446100313623148e-05,0.0,3.010876704908847e-09,7.565309324190623e-06,56906,42016,85403,18631
146247,1.1446100313623148e-05,0.0,3.010876704908847e-09,7.565309324190623e-06,56907,42017,85404,18632
144585,1.1446100313623148e-05,0.0,3.010876704908847e-09,7.565309324190623e-06,56908,42018,85405,18633
146605,1.1446100313623148e-05,0.0,3.010876704908847e-09,7.565309324190623e-06,56909,42019,85406,18634
146514,1.1446100313623148e-05,0.0,3.010876704908847e-09,7.565309324190623e-06,56910,42020,85407,18635
146582,1.1446100313623148e-05,0.0,3.010876704908847e-09,7.565309324190623e-06,56911,42021,85408,18636
142795,1.1446100313623148e-05,0.0,3.010876704908847e-09,7.565309324190623e-06,56912,42022,85409,18637
143140,1.1446100313623148e-05,0.0,3.010876704908847e-09,7.565309324190623e-06,56913,42023,85410,18638
143537,1.1446100313623148e-05,0.0,3.010876704908847e-09,7.565309324190623e-06,56914,42024,85411,18639
144945,1.1446100313623148e-05,0.0,3.010876704908847e-09,7.565309324190623e-06,56915,42025,85412,18640
143049,1.1446100313623148e-05,0.0,3.010876704908847e-09,7.565309324190623e-06,56916,42026,85413,18641
144453,1.1446100313623148e-05,0.0,3.010876704908847e-09,7.565309324190623e-06,56917,42027,85414,18642
143117,1.1446100313623148e-05,0.0,3.010876704908847e-09,7.565309324190623e-06,56918,42028,85415,18643
144145,1.1446100313623148e-05,0.0,3.010876704908847e-09,7.565309324190623e-06,56919,42029,85416,18644
144200,1.1446100313623148e-05,0.0,3.010876704908847e-09,7.565309324190623e-06,56920,42030,85417,18645
144369,1.1446100313623148e-05,0.0,3.010876704908847e-09,7.565309324190623e-06,56921,42031,85418,18646
143935,1.1446100313623148e-05,0.0,3.010876704908847e-09,7.565309324190623e-06,56922,42032,85419,18647
143572,1.1446100313623148e-05,0.0,3.010876704908847e-09,7.565309324190623e-06,56923,42033,85420,18648
146691,1.1446100313623148e-05,0.0,3.010876704908847e-09,7.565309324190623e-06,56924,42034,85421,18649
145925,1.1446100313623148e-05,0.0,3.010876704908847e-09,7.565309324190623e-06,56925,42035,85422,18650
142748,1.1446100313623148e-05,0.0,3.010876704908847e-09,7.565309324190623e-06,56926,42036,85423,18651
144823,1.1446100313623148e-05,0.0,3.010876704908847e-09,7.565309324190623e-06,56927,42037,85424,18652
145997,1.1446100313623148e-05,0.0,3.010876704908847e-09,7.565309324190623e-06,56928,42038,85425,18653
146482,1.1446100313623148e-05,0.0,3.010876704908847e-09,7.565309324190623e-06,56929,42039,85426,18654
146488,1.1446100313623148e-05,0.0,3.010876704908847e-09,7.565309324190623e-06,56930,42040,85427,18655
146076,1.1446100313623148e-05,0.0,3.010876704908847e-09,7.565309324190623e-06,56931,42041,85428,18656
142813,1.1446100313623148e-05,0.0,3.010876704908847e-09,7.565309324190623e-06,56932,42042,85429,18657
145964,1.1446100313623148e-05,0.0,3.010876704908847e-09,7.565309324190623e-06,56933,42043,85430,18658
144276,1.1446100313623148e-05,0.0,3.010876704908847e-09,7.565309324190623e-06,56934,42044,85431,18659
145968,1.1446100313623148e-05,0.0,3.010876704908847e-09,7.565309324190623e-06,56935,42045,85432,18660
143494,1.1446100313623148e-05,0.0,3.010876704908847e-09,7.565309324190623e-06,56936,42046,85433,18661
144651,1.1446100313623148e-05,0.0,3.010876704908847e-09,7.565309324190623e-06,56937,42047,85434,18662
145822,1.1446100313623148e-05,0.0,3.010876704908847e-09,7.565309324190623e-06,56938,42048,85435,18663
143457,1.1446100313623148e-05,0.0,3.010876704908847e-09,7.565309324190623e-06,56939,42049,85436,18664
145217,1.1446100313623148e-05,0.0,3.010876704908847e-09,7.565309324190623e-06,56940,42050,85437,18665
145824,1.1446100313623148e-05,0.0,3.010876704908847e-09,7.565309324190623e-06,56941,42051,85438,18666
143398,1.1446100313623148e-05,0.0,3.010876704908847e-09,7.565309324190623e-06,56942,42052,85439,18667
145750,1.1446100313623148e-05,0.0,3.010876704908847e-09,7.565309324190623e-06,56943,42053,85440,18668
145479,1.1446100313623148e-05,0.0,3.010876704908847e-09,7.565309324190623e-06,56944,42054,85441,18669
146006,1.1446100313623148e-05,0.0,3.010876704908847e-09,7.565309324190623e-06,56945,42055,85442,18670
143520,1.1446100313623148e-05,0.0,3.010876704908847e-09,7.565309324190623e-06,56946,42056,85443,18671
143958,1.1446100313623148e-05,0.0,3.010876704908847e-09,7.565309324190623e-06,56947,42057,85444,18672
146536,1.1446100313623148e-05,0.0,3.010876704908847e-09,7.565309324190623e-06,56948,42058,85445,18673
143783,1.1446100313623148e-05,0.0,3.010876704908847e-09,7.565309324190623e-06,56949,42059,85446,18674
143170,1.1446100313623148e-05,0.0,3.010876704908847e-09,7.565309324190623e-06,56950,42060,85447,18675
144558,1.1446100313623148e-05,0.0,3.010876704908847e-09,7.565309324190623e-06,56951,42061,85448,18676
146370,1.1446100313623148e-05,0.0,3.010876704908847e-09,7.565309324190623e-06,56952,42062,85449,18677
144292,1.1446100313623148e-05,0.0,3.010876704908847e-09,7.565309324190623e-06,56953,42063,85450,18678
146641,1.1446100313623148e-05,0.0,3.010876704908847e-09,7.565309324190623e-06,56954,42064,85451,18679
142710,1.1446100313623148e-05,0.0,3.010876704908847e-09,7.565309324190623e-06,56955,42065,85452,18680
145875,1.1446100313623148e-05,0.0,3.010876704908847e-09,7.565309324190623e-06,56956,42066,85453,18681
144353,1.1446100313623148e-05,0.0,3.010876704908847e-09,7.565309324190623e-06,56957,42067,85454,18682
143245,1.1446100313623148e-05,0.0,3.010876704908847e-09,7.565309324190623e-06,56958,42068,85455,18683
143146,1.1446100313623148e-05,0.0,3.010876704908847e-09,7.565309324190623e-06,56959,42069,85456,18684
144239,1.1446100313623148e-05,0.0,3.010876704908847e-09,7.565309324190623e-06,56960,42070,85457,18685
143551,1.1446100313623148e-05,0.0,3.010876704908847e-09,7.565309324190623e-06,56961,42071,85458,18686
142701,1.1446100313623148e-05,0.0,3.010876704908847e-09,7.565309324190623e-06,56962,42072,85459,18687
144525,1.1446100313623148e-05,0.0,3.010876704908847e-09,7.565309324190623e-06,56963,42073,85460,18688
146212,1.1446100313623148e-05,0.0,3.010876704908847e-09,7.565309324190623e-06,56964,42074,85461,18689
143586,1.1446100313623148e-05,0.0,3.010876704908847e-09,7.565309324190623e-06,56965,42075,85462,18690
143068,1.1446100313623148e-05,0.0,3.010876704908847e-09,7.565309324190623e-06,56966,42076,85463,18691
146637,1.1446100313623148e-05,0.0,3.010876704908847e-09,7.565309324190623e-06,56967,42077,85464,18692
144632,1.1446100313623148e-05,0.0,3.010876704908847e-09,7.565309324190623e-06,56968,42078,85465,18693
146642,1.1446100313623148e-05,0.0,3.010876704908847e-09,7.565309324190623e-06,56969,42079,85466,18694
143778,1.1446100313623148e-05,0.0,3.010876704908847e-09,7.565309324190623e-06,56970,42080,85467,18695
146326,1.1446100313623148e-05,0.0,3.010876704908847e-09,7.565309324190623e-06,56971,42081,85468,18696
143382,1.1446100313623148e-05,0.0,3.010876704908847e-09,7.565309324190623e-06,56972,42082,85469,18697
143544,1.1446100313623148e-05,0.0,3.010876704908847e-09,7.565309324190623e-06,56973,42083,85470,18698
142963,1.1446100313623148e-05,0.0,3.010876704908847e-09,7.565309324190623e-06,56974,42084,85471,18699
143381,1.1446100313623148e-05,0.0,3.010876704908847e-09,7.565309324190623e-06,56975,42085,85472,18700
146507,1.1446100313623148e-05,0.0,3.010876704908847e-09,7.565309324190623e-06,56976,42086,85473,18701
144546,1.1446100313623148e-05,0.0,3.010876704908847e-09,7.565309324190623e-06,56977,42087,85474,18702
143687,1.1446100313623148e-05,0.0,3.010876704908847e-09,7.565309324190623e-06,56978,42088,85475,18703
142818,1.1446100313623148e-05,0.0,3.010876704908847e-09,7.565309324190623e-06,56979,42089,85476,18704
143128,1.1446100313623148e-05,0.0,3.010876704908847e-09,7.565309324190623e-06,56980,42090,85477,18705
143998,1.1446100313623148e-05,0.0,3.010876704908847e-09,7.565309324190623e-06,56981,42091,85478,18706
145039,1.1446100313623148e-05,0.0,3.010876704908847e-09,7.565309324190623e-06,56982,42092,85479,18707
145447,1.1446100313623148e-05,0.0,3.010876704908847e-09,7.565309324190623e-06,56983,42093,85480,18708
145694,1.1446100313623148e-05,0.0,3.010876704908847e-09,7.565309324190623e-06,56984,42094,85481,18709
144495,1.1446100313623148e-05,0.0,3.010876704908847e-09,7.565309324190623e-06,56985,42095,85482,18710
142805,1.1446100313623148e-05,0.0,3.010876704908847e-09,7.565309324190623e-06,56986,42096,85483,18711
144762,1.1446100313623148e-05,0.0,3.010876704908847e-09,7.565309324190623e-06,56987,42097,85484,18712
144187,1.1446100313623148e-05,0.0,3.010876704908847e-09,7.565309324190623e-06,56988,42098,85485,18713
144874,1.1446100313623148e-05,0.0,3.010876704908847e-09,7.565309324190623e-06,56989,42099,85486,18714
143597,1.1446100313623148e-05,0.0,3.010876704908847e-09,7.565309324190623e-06,56990,42100,85487,18715
142802,1.1446100313623148e-05,0.0,3.010876704908847e-09,7.565309324190623e-06,56991,42101,85488,18716
145553,1.1446100313623148e-05,0.0,3.010876704908847e-09,7.565309324190623e-06,56992,42102,85489,18717
145970,1.1446100313623148e-05,0.0,3.010876704908847e-09,7.565309324190623e-06,56993,42103,85490,18718
145042,1.1446100313623148e-05,0.0,3.010876704908847e-09,7.565309324190623e-06,56994,42104,85491,18719
146688,1.1446100313623148e-05,0.0,3.010876704908847e-09,7.565309324190623e-06,56995,42105,85492,18720
143796,1.1446100313623148e-05,0.0,3.010876704908847e-09,7.565309324190623e-06,56996,42106,85493,18721
142871,1.1446100313623148e-05,0.0,3.010876704908847e-09,7.565309324190623e-06,56997,42107,85494,18722
142920,1.1446100313623148e-05,0.0,3.010876704908847e-09,7.565309324190623e-06,56998,42108,85495,18723
144480,1.1446100313623148e-05,0.0,3.010876704908847e-09,7.565309324190623e-06,56999,42109,85496,18724
146297,1.1446100313623148e-05,0.0,3.010876704908847e-09,7.565309324190623e-06,57000,42110,85497,18725
145428,1.1446100313623148e-05,0.0,3.010876704908847e-09,7.565309324190623e-06,57001,42111,85498,18726
144079,1.1446100313623148e-05,0.0,3.010876704908847e-09,7.565309324190623e-06,57002,42112,85499,18727
143532,1.1446100313623148e-05,0.0,3.010876704908847e-09,7.565309324190623e-06,57003,42113,85500,18728
145080,1.1446100313623148e-05,0.0,3.010876704908847e-09,7.565309324190623e-06,57004,42114,85501,18729
144563,1.1446100313623148e-05,0.0,3.010876704908847e-09,7.565309324190623e-06,57005,42115,85502,18730
144226,1.1446100313623148e-05,0.0,3.010876704908847e-09,7.565309324190623e-06,57006,42116,85503,18731
144751,1.1446100313623148e-05,0.0,3.010876704908847e-09,7.565309324190623e-06,57007,42117,85504,18732
145727,1.1446100313623148e-05,0.0,3.010876704908847e-09,7.565309324190623e-06,57008,42118,85505,18733
146169,1.1446100313623148e-05,0.0,3.010876704908847e-09,7.565309324190623e-06,57009,42119,85506,18734
143613,1.1446100313623148e-05,0.0,3.010876704908847e-09,7.565309324190623e-06,57010,42120,85507,18735
145535,1.1446100313623148e-05,0.0,3.010876704908847e-09,7.565309324190623e-06,57011,42121,85508,18736
144464,1.1446100313623148e-05,0.0,3.010876704908847e-09,7.565309324190623e-06,57012,42122,85509,18737
143248,1.1446100313623148e-05,0.0,3.010876704908847e-09,7.565309324190623e-06,57013,42123,85510,18738
145333,1.1446100313623148e-05,0.0,3.010876704908847e-09,7.565309324190623e-06,57014,42124,85511,18739
146630,1.1446100313623148e-05,0.0,3.010876704908847e-09,7.565309324190623e-06,57015,42125,85512,18740
145311,1.1446100313623148e-05,0.0,3.010876704908847e-09,7.565309324190623e-06,57016,42126,85513,18741
143570,1.1446100313623148e-05,0.0,3.010876704908847e-09,7.565309324190623e-06,57017,42127,85514,18742
145198,1.1446100313623148e-05,0.0,3.010876704908847e-09,7.565309324190623e-06,57018,42128,85515,18743
146621,1.1446100313623148e-05,0.0,3.010876704908847e-09,7.565309324190623e-06,57019,42129,85516,18744
145539,1.1446100313623148e-05,0.0,3.010876704908847e-09,7.565309324190623e-06,57020,42130,85517,18745
144958,1.1446100313623148e-05,0.0,3.010876704908847e-09,7.565309324190623e-06,57021,42131,85518,18746
143106,1.1446100313623148e-05,0.0,3.010876704908847e-09,7.565309324190623e-06,57022,42132,85519,18747
144011,1.1446100313623148e-05,0.0,3.010876704908847e-09,7.565309324190623e-06,57023,42133,85520,18748
143694,1.1446100313623148e-05,0.0,3.010876704908847e-09,7.565309324190623e-06,57024,42134,85521,18749
142992,1.1446100313623148e-05,0.0,3.010876704908847e-09,7.565309324190623e-06,57025,42135,85522,18750
146417,1.1446100313623148e-05,0.0,3.010876704908847e-09,7.565309324190623e-06,57026,42136,85523,18751
144820,1.1446100313623148e-05,0.0,3.010876704908847e-09,7.565309324190623e-06,57027,42137,85524,18752
143721,1.1446100313623148e-05,0.0,3.010876704908847e-09,7.565309324190623e-06,57028,42138,85525,18753
145908,1.1446100313623148e-05,0.0,3.010876704908847e-09,7.565309324190623e-06,57029,42139,85526,18754
146258,1.1446100313623148e-05,0.0,3.010876704908847e-09,7.565309324190623e-06,57030,42140,85527,18755
146321,1.1446100313623148e-05,0.0,3.010876704908847e-09,7.565309324190623e-06,57031,42141,85528,18756
146558,1.1446100313623148e-05,0.0,3.010876704908847e-09,7.565309324190623e-06,57032,42142,85529,18757
143523,1.1446100313623148e-05,0.0,3.010876704908847e-09,7.565309324190623e-06,57033,42143,85530,18758
146156,1.1446100313623148e-05,0.0,3.010876704908847e-09,7.565309324190623e-06,57034,42144,85531,18759
143223,1.1446100313623148e-05,0.0,3.010876704908847e-09,7.565309324190623e-06,57035,42145,85532,18760
144256,1.1446100313623148e-05,0.0,3.010876704908847e-09,7.565309324190623e-06,57036,42146,85533,18761
143726,1.1446100313623148e-05,0.0,3.010876704908847e-09,7.565309324190623e-06,57037,42147,85534,18762
146693,1.1446100313623148e-05,0.0,3.010876704908847e-09,7.565309324190623e-06,57038,42148,85535,18763
145669,1.1446100313623148e-05,0.0,3.010876704908847e-09,7.565309324190623e-06,57039,42149,85536,18764
144450,1.1446100313623148e-05,0.0,3.010876704908847e-09,7.565309324190623e-06,57040,42150,85537,18765
145249,1.1446100313623148e-05,0.0,3.010876704908847e-09,7.565309324190623e-06,57041,42151,85538,18766
143118,1.1446100313623148e-05,0.0,3.010876704908847e-09,7.565309324190623e-06,57042,42152,85539,18767
144497,1.1446100313623148e-05,0.0,3.010876704908847e-09,7.565309324190623e-06,57043,42153,85540,18768
145701,1.1446100313623148e-05,0.0,3.010876704908847e-09,7.565309324190623e-06,57044,42154,85541,18769
146123,1.1446100313623148e-05,0.0,3.010876704908847e-09,7.565309324190623e-06,57045,42155,85542,18770
142972,1.1446100313623148e-05,0.0,3.010876704908847e-09,7.565309324190623e-06,57046,42156,85543,18771
143467,1.1446100313623148e-05,0.0,3.010876704908847e-09,7.565309324190623e-06,57047,42157,85544,18772
145511,1.1446100313623148e-05,0.0,3.010876704908847e-09,7.565309324190623e-06,57048,42158,85545,18773
145867,1.1446100313623148e-05,0.0,3.010876704908847e-09,7.565309324190623e-06,57049,42159,85546,18774
144870,1.1446100313623148e-05,0.0,3.010876704908847e-09,7.565309324190623e-06,57050,42160,85547,18775
143371,1.1446100313623148e-05,0.0,3.010876704908847e-09,7.565309324190623e-06,57051,42161,85548,18776
143561,1.1446100313623148e-05,0.0,3.010876704908847e-09,7.565309324190623e-06,57052,42162,85549,18777
144318,1.1446100313623148e-05,0.0,3.010876704908847e-09,7.565309324190623e-06,57053,42163,85550,18778
145229,1.1446100313623148e-05,0.0,3.010876704908847e-09,7.565309324190623e-06,57054,42164,85551,18779
142771,1.1446100313623148e-05,0.0,3.010876704908847e-09,7.565309324190623e-06,57055,42165,85552,18780
143904,1.1446100313623148e-05,0.0,3.010876704908847e-09,7.565309324190623e-06,57056,42166,85553,18781
145959,1.1446100313623148e-05,0.0,3.010876704908847e-09,7.565309324190623e-06,57057,42167,85554,18782
145495,1.1446100313623148e-05,0.0,3.010876704908847e-09,7.565309324190623e-06,57058,42168,85555,18783
143305,1.1446100313623148e-05,0.0,3.010876704908847e-09,7.565309324190623e-06,57059,42169,85556,18784
145090,1.1446100313623148e-05,0.0,3.010876704908847e-09,7.565309324190623e-06,57060,42170,85557,18785
143514,1.1446100313623148e-05,0.0,3.010876704908847e-09,7.565309324190623e-06,57061,42171,85558,18786
142766,1.1446100313623148e-05,0.0,3.010876704908847e-09,7.565309324190623e-06,57062,42172,85559,18787
142985,1.1446100313623148e-05,0.0,3.010876704908847e-09,7.565309324190623e-06,57063,42173,85560,18788
146543,1.1446100313623148e-05,0.0,3.010876704908847e-09,7.565309324190623e-06,57064,42174,85561,18789
145107,1.1446100313623148e-05,0.0,3.010876704908847e-09,7.565309324190623e-06,57065,42175,85562,18790
143461,1.1446100313623148e-05,0.0,3.010876704908847e-09,7.565309324190623e-06,57066,42176,85563,18791
146495,1.1446100313623148e-05,0.0,3.010876704908847e-09,7.565309324190623e-06,57067,42177,85564,18792
144250,1.1446100313623148e-05,0.0,3.010876704908847e-09,7.565309324190623e-06,57068,42178,85565,18793
146560,1.1446100313623148e-05,0.0,3.010876704908847e-09,7.565309324190623e-06,57069,42179,85566,18794
142961,1.1446100313623148e-05,0.0,3.010876704908847e-09,7.565309324190623e-06,57070,42180,85567,18795
143700,1.1446100313623148e-05,0.0,3.010876704908847e-09,7.565309324190623e-06,57071,42181,85568,18796
144932,1.1446100313623148e-05,0.0,3.010876704908847e-09,7.565309324190623e-06,57072,42182,85569,18797
144922,1.1446100313623148e-05,0.0,3.010876704908847e-09,7.565309324190623e-06,57073,42183,85570,18798
145504,1.1446100313623148e-05,0.0,3.010876704908847e-09,7.565309324190623e-06,57074,42184,85571,18799
143737,1.1446100313623148e-05,0.0,3.010876704908847e-09,7.565309324190623e-06,57075,42185,85572,18800
144295,1.1446100313623148e-05,0.0,3.010876704908847e-09,7.565309324190623e-06,57076,42186,85573,18801
146206,1.1446100313623148e-05,0.0,3.010876704908847e-09,7.565309324190623e-06,57077,42187,85574,18802
145233,1.1446100313623148e-05,0.0,3.010876704908847e-09,7.565309324190623e-06,57078,42188,85575,18803
143208,1.1446100313623148e-05,0.0,3.010876704908847e-09,7.565309324190623e-06,57079,42189,85576,18804
143858,1.1446100313623148e-05,0.0,3.010876704908847e-09,7.565309324190623e-06,57080,42190,85577,18805
145129,1.1446100313623148e-05,0.0,3.010876704908847e-09,7.565309324190623e-06,57081,42191,85578,18806
143558,1.1446100313623148e-05,0.0,3.010876704908847e-09,7.565309324190623e-06,57082,42192,85579,18807
143166,1.1446100313623148e-05,0.0,3.010876704908847e-09,7.565309324190623e-06,57083,42193,85580,18808
144939,1.1446100313623148e-05,0.0,3.010876704908847e-09,7.565309324190623e-06,57084,42194,85581,18809
145870,1.1446100313623148e-05,0.0,3.010876704908847e-09,7.565309324190623e-06,57085,42195,85582,18810
143404,1.1446100313623148e-05,0.0,3.010876704908847e-09,7.565309324190623e-06,57086,42196,85583,18811
143565,1.1446100313623148e-05,0.0,3.010876704908847e-09,7.565309324190623e-06,57087,42197,85584,18812
143297,1.1446100313623148e-05,0.0,3.010876704908847e-09,7.565309324190623e-06,57088,42198,85585,18813
144422,1.1446100313623148e-05,0.0,3.010876704908847e-09,7.565309324190623e-06,57089,42199,85586,18814
142924,1.1446100313623148e-05,0.0,3.010876704908847e-09,7.565309324190623e-06,57090,42200,85587,18815
146557,1.1446100313623148e-05,0.0,3.010876704908847e-09,7.565309324190623e-06,57091,42201,85588,18816
143473,1.1446100313623148e-05,0.0,3.010876704908847e-09,7.565309324190623e-06,57092,42202,85589,18817
146245,1.1446100313623148e-05,0.0,3.010876704908847e-09,7.565309324190623e-06,57093,42203,85590,18818
145358,1.1446100313623148e-05,0.0,3.010876704908847e-09,7.565309324190623e-06,57094,42204,85591,18819
146697,1.1446100313623148e-05,0.0,3.010876704908847e-09,7.565309324190623e-06,57095,42205,85592,18820
146702,1.1446100313623148e-05,0.0,3.010876704908847e-09,7.565309324190623e-06,57096,42206,85593,18821
145193,1.1446100313623148e-05,0.0,3.010876704908847e-09,7.565309324190623e-06,57097,42207,85594,18822
144859,1.1446100313623148e-05,0.0,3.010876704908847e-09,7.565309324190623e-06,57098,42208,85595,18823
144421,1.1446100313623148e-05,0.0,3.010876704908847e-09,7.565309324190623e-06,57099,42209,85596,18824
146706,1.1446100313623148e-05,0.0,3.010876704908847e-09,7.565309324190623e-06,57100,42210,85597,18825
144003,1.1446100313623148e-05,0.0,3.010876704908847e-09,7.565309324190623e-06,57101,42211,85598,18826
145101,1.1446100313623148e-05,0.0,3.010876704908847e-09,7.565309324190623e-06,57102,42212,85599,18827
145635,1.1446100313623148e-05,0.0,3.010876704908847e-09,7.565309324190623e-06,57103,42213,85600,18828
145499,1.1446100313623148e-05,0.0,3.010876704908847e-09,7.565309324190623e-06,57104,42214,85601,18829
145232,1.1446100313623148e-05,0.0,3.010876704908847e-09,7.565309324190623e-06,57105,42215,85602,18830
142735,1.1446100313623148e-05,0.0,3.010876704908847e-09,7.565309324190623e-06,57106,42216,85603,18831
146388,1.1446100313623148e-05,0.0,3.010876704908847e-09,7.565309324190623e-06,57107,42217,85604,18832
145075,1.1446100313623148e-05,0.0,3.010876704908847e-09,7.565309324190623e-06,57108,42218,85605,18833
146294,1.1446100313623148e-05,0.0,3.010876704908847e-09,7.565309324190623e-06,57109,42219,85606,18834
143915,1.1446100313623148e-05,0.0,3.010876704908847e-09,7.565309324190623e-06,57110,42220,85607,18835
144162,1.1446100313623148e-05,0.0,3.010876704908847e-09,7.565309324190623e-06,57111,42221,85608,18836
143870,1.1446100313623148e-05,0.0,3.010876704908847e-09,7.565309324190623e-06,57112,42222,85609,18837
143090,1.1446100313623148e-05,0.0,3.010876704908847e-09,7.565309324190623e-06,57113,42223,85610,18838
145664,1.1446100313623148e-05,0.0,3.010876704908847e-09,7.565309324190623e-06,57114,42224,85611,18839
144639,1.1446100313623148e-05,0.0,3.010876704908847e-09,7.565309324190623e-06,57115,42225,85612,18840
143585,1.1446100313623148e-05,0.0,3.010876704908847e-09,7.565309324190623e-06,57116,42226,85613,18841
146373,1.1446100313623148e-05,0.0,3.010876704908847e-09,7.565309324190623e-06,57117,42227,85614,18842
142925,1.1446100313623148e-05,0.0,3.010876704908847e-09,7.565309324190623e-06,57118,42228,85615,18843
146357,1.1446100313623148e-05,0.0,3.010876704908847e-09,7.565309324190623e-06,57119,42229,85616,18844
146126,1.1446100313623148e-05,0.0,3.010876704908847e-09,7.565309324190623e-06,57120,42230,85617,18845
143054,1.1446100313623148e-05,0.0,3.010876704908847e-09,7.565309324190623e-06,57121,42231,85618,18846
145091,1.1446100313623148e-05,0.0,3.010876704908847e-09,7.565309324190623e-06,57122,42232,85619,18847
146572,1.1446100313623148e-05,0.0,3.010876704908847e-09,7.565309324190623e-06,57123,42233,85620,18848
145394,1.1446100313623148e-05,0.0,3.010876704908847e-09,7.565309324190623e-06,57124,42234,85621,18849
143209,1.1446100313623148e-05,0.0,3.010876704908847e-09,7.565309324190623e-06,57125,42235,85622,18850
146101,1.1446100313623148e-05,0.0,3.010876704908847e-09,7.565309324190623e-06,57126,42236,85623,18851
143303,1.1446100313623148e-05,0.0,3.010876704908847e-09,7.565309324190623e-06,57127,42237,85624,18852
146087,1.1446100313623148e-05,0.0,3.010876704908847e-09,7.565309324190623e-06,57128,42238,85625,18853
142834,1.1446100313623148e-05,0.0,3.010876704908847e-09,7.565309324190623e-06,57129,42239,85626,18854
145235,1.1446100313623148e-05,0.0,3.010876704908847e-09,7.565309324190623e-06,57130,42240,85627,18855
144580,1.1446100313623148e-05,0.0,3.010876704908847e-09,7.565309324190623e-06,57131,42241,85628,18856
142704,1.1446100313623148e-05,0.0,3.010876704908847e-09,7.565309324190623e-06,57132,42242,85629,18857
143555,1.1446100313623148e-05,0.0,3.010876704908847e-09,7.565309324190623e-06,57133,42243,85630,18858
144326,1.1446100313623148e-05,0.0,3.010876704908847e-09,7.565309324190623e-06,57134,42244,85631,18859
146229,1.1446100313623148e-05,0.0,3.010876704908847e-09,7.565309324190623e-06,57135,42245,85632,18860
143999,1.1446100313623148e-05,0.0,3.010876704908847e-09,7.565309324190623e-06,57136,42246,85633,18861
146660,1.1446100313623148e-05,0.0,3.010876704908847e-09,7.565309324190623e-06,57137,42247,85634,18862
143078,1.1446100313623148e-05,0.0,3.010876704908847e-09,7.565309324190623e-06,57138,42248,85635,18863
146604,1.1446100313623148e-05,0.0,3.010876704908847e-09,7.565309324190623e-06,57139,42249,85636,18864
146522,1.1446100313623148e-05,0.0,3.010876704908847e-09,7.565309324190623e-06,57140,42250,85637,18865
145512,1.1446100313623148e-05,0.0,3.010876704908847e-09,7.565309324190623e-06,57141,42251,85638,18866
144417,1.1446100313623148e-05,0.0,3.010876704908847e-09,7.565309324190623e-06,57142,42252,85639,18867
145460,1.1446100313623148e-05,0.0,3.010876704908847e-09,7.565309324190623e-06,57143,42253,85640,18868
144586,1.1446100313623148e-05,0.0,3.010876704908847e-09,7.565309324190623e-06,57144,42254,85641,18869
146019,1.1446100313623148e-05,0.0,3.010876704908847e-09,7.565309324190623e-06,57145,42255,85642,18870
144856,1.1446100313623148e-05,0.0,3.010876704908847e-09,7.565309324190623e-06,57146,42256,85643,18871
145557,1.1446100313623148e-05,0.0,3.010876704908847e-09,7.565309324190623e-06,57147,42257,85644,18872
144516,1.1446100313623148e-05,0.0,3.010876704908847e-09,7.565309324190623e-06,57148,42258,85645,18873
146314,1.1446100313623148e-05,0.0,3.010876704908847e-09,7.565309324190623e-06,57149,42259,85646,18874
143964,1.1446100313623148e-05,0.0,3.010876704908847e-09,7.565309324190623e-06,57150,42260,85647,18875
145246,1.1446100313623148e-05,0.0,3.010876704908847e-09,7.565309324190623e-06,57151,42261,85648,18876
144268,1.1446100313623148e-05,0.0,3.010876704908847e-09,7.565309324190623e-06,57152,42262,85649,18877
145003,1.1446100313623148e-05,0.0,3.010876704908847e-09,7.565309324190623e-06,57153,42263,85650,18878
145073,1.1446100313623148e-05,0.0,3.010876704908847e-09,7.565309324190623e-06,57154,42264,85651,18879
146663,1.1446100313623148e-05,0.0,3.010876704908847e-09,7.565309324190623e-06,57155,42265,85652,18880
145826,1.1446100313623148e-05,0.0,3.010876704908847e-09,7.565309324190623e-06,57156,42266,85653,18881
142696,1.1446100313623148e-05,0.0,3.010876704908847e-09,7.565309324190623e-06,57157,42267,85654,18882
144322,1.1446100313623148e-05,0.0,3.010876704908847e-09,7.565309324190623e-06,57158,42268,85655,18883
145912,1.1446100313623148e-05,0.0,3.010876704908847e-09,7.565309324190623e-06,57159,42269,85656,18884
146485,1.1446100313623148e-05,0.0,3.010876704908847e-09,7.565309324190623e-06,57160,42270,85657,18885
144185,1.1446100313623148e-05,0.0,3.010876704908847e-09,7.565309324190623e-06,57161,42271,85658,18886
145529,1.1446100313623148e-05,0.0,3.010876704908847e-09,7.565309324190623e-06,57162,42272,85659,18887
146617,1.1446100313623148e-05,0.0,3.010876704908847e-09,7.565309324190623e-06,57163,42273,85660,18888
142749,1.1446100313623148e-05,0.0,3.010876704908847e-09,7.565309324190623e-06,57164,42274,85661,18889
146240,1.1446100313623148e-05,0.0,3.010876704908847e-09,7.565309324190623e-06,57165,42275,85662,18890
143125,1.1446100313623148e-05,0.0,3.010876704908847e-09,7.565309324190623e-06,57166,42276,85663,18891
143797,1.1446100313623148e-05,0.0,3.010876704908847e-09,7.565309324190623e-06,57167,42277,85664,18892
145002,1.1446100313623148e-05,0.0,3.010876704908847e-09,7.565309324190623e-06,57168,42278,85665,18893
143295,1.1446100313623148e-05,0.0,3.010876704908847e-09,7.565309324190623e-06,57169,42279,85666,18894
145231,1.1446100313623148e-05,0.0,3.010876704908847e-09,7.565309324190623e-06,57170,42280,85667,18895
146486,1.1446100313623148e-05,0.0,3.010876704908847e-09,7.565309324190623e-06,57171,42281,85668,18896
142812,1.1446100313623148e-05,0.0,3.010876704908847e-09,7.565309324190623e-06,57172,42282,85669,18897
145614,1.1446100313623148e-05,0.0,3.010876704908847e-09,7.565309324190623e-06,57173,42283,85670,18898
143970,1.1446100313623148e-05,0.0,3.010876704908847e-09,7.565309324190623e-06,57174,42284,85671,18899
143491,1.1446100313623148e-05,0.0,3.010876704908847e-09,7.565309324190623e-06,57175,42285,85672,18900
145291,1.1446100313623148e-05,0.0,3.010876704908847e-09,7.565309324190623e-06,57176,42286,85673,18901
143459,1.1446100313623148e-05,0.0,3.010876704908847e-09,7.565309324190623e-06,57177,42287,85674,18902
144222,1.1446100313623148e-05,0.0,3.010876704908847e-09,7.565309324190623e-06,57178,42288,85675,18903
146445,1.1446100313623148e-05,0.0,3.010876704908847e-09,7.565309324190623e-06,57179,42289,85676,18904
146331,1.1446100313623148e-05,0.0,3.010876704908847e-09,7.565309324190623e-06,57180,42290,85677,18905
144726,1.1446100313623148e-05,0.0,3.010876704908847e-09,7.565309324190623e-06,57181,42291,85678,18906
143879,1.1446100313623148e-05,0.0,3.010876704908847e-09,7.565309324190623e-06,57182,42292,85679,18907
145684,1.1446100313623148e-05,0.0,3.010876704908847e-09,7.565309324190623e-06,57183,42293,85680,18908
144800,1.1446100313623148e-05,0.0,3.010876704908847e-09,7.565309324190623e-06,57184,42294,85681,18909
143383,1.1446100313623148e-05,0.0,3.010876704908847e-09,7.565309324190623e-06,57185,42295,85682,18910
145777,1.1446100313623148e-05,0.0,3.010876704908847e-09,7.565309324190623e-06,57186,42296,85683,18911
144325,1.1446100313623148e-05,0.0,3.010876704908847e-09,7.565309324190623e-06,57187,42297,85684,18912
144307,1.1446100313623148e-05,0.0,3.010876704908847e-09,7.565309324190623e-06,57188,42298,85685,18913
142694,1.1446100313623148e-05,0.0,3.010876704908847e-09,7.565309324190623e-06,57189,42299,85686,18914
145637,1.1446100313623148e-05,0.0,3.010876704908847e-09,7.565309324190623e-06,57190,42300,85687,18915
142752,1.1446100313623148e-05,0.0,3.010876704908847e-09,7.565309324190623e-06,57191,42301,85688,18916
144911,1.1446100313623148e-05,0.0,3.010876704908847e-09,7.565309324190623e-06,57192,42302,85689,18917
144266,1.1446100313623148e-05,0.0,3.010876704908847e-09,7.565309324190623e-06,57193,42303,85690,18918
145403,1.1446100313623148e-05,0.0,3.010876704908847e-09,7.565309324190623e-06,57194,42304,85691,18919
145940,1.1446100313623148e-05,0.0,3.010876704908847e-09,7.565309324190623e-06,57195,42305,85692,18920
146056,1.1446100313623148e-05,0.0,3.010876704908847e-09,7.565309324190623e-06,57196,42306,85693,18921
143045,1.1446100313623148e-05,0.0,3.010876704908847e-09,7.565309324190623e-06,57197,42307,85694,18922
146048,1.1446100313623148e-05,0.0,3.010876704908847e-09,7.565309324190623e-06,57198,42308,85695,18923
142846,1.1446100313623148e-05,0.0,3.010876704908847e-09,7.565309324190623e-06,57199,42309,85696,18924
146647,1.1446100313623148e-05,0.0,3.010876704908847e-09,7.565309324190623e-06,57200,42310,85697,18925
145336,1.1446100313623148e-05,0.0,3.010876704908847e-09,7.565309324190623e-06,57201,42311,85698,18926
144849,1.1446100313623148e-05,0.0,3.010876704908847e-09,7.565309324190623e-06,57202,42312,85699,18927
145458,1.1446100313623148e-05,0.0,3.010876704908847e-09,7.565309324190623e-06,57203,42313,85700,18928
143671,1.1446100313623148e-05,0.0,3.010876704908847e-09,7.565309324190623e-06,57204,42314,85701,18929
143101,1.1446100313623148e-05,0.0,3.010876704908847e-09,7.565309324190623e-06,57205,42315,85702,18930
146698,1.1446100313623148e-05,0.0,3.010876704908847e-09,7.565309324190623e-06,57206,42316,85703,18931
145863,1.1446100313623148e-05,0.0,3.010876704908847e-09,7.565309324190623e-06,57207,42317,85704,18932
145300,1.1446100313623148e-05,0.0,3.010876704908847e-09,7.565309324190623e-06,57208,42318,85705,18933
145872,1.1446100313623148e-05,0.0,3.010876704908847e-09,7.565309324190623e-06,57209,42319,85706,18934
143142,1.1446100313623148e-05,0.0,3.010876704908847e-09,7.565309324190623e-06,57210,42320,85707,18935
145098,1.1446100313623148e-05,0.0,3.010876704908847e-09,7.565309324190623e-06,57211,42321,85708,18936
145938,1.1446100313623148e-05,0.0,3.010876704908847e-09,7.565309324190623e-06,57212,42322,85709,18937
142726,1.1446100313623148e-05,0.0,3.010876704908847e-09,7.565309324190623e-06,57213,42323,85710,18938
145184,1.1446100313623148e-05,0.0,3.010876704908847e-09,7.565309324190623e-06,57214,42324,85711,18939
145432,1.1446100313623148e-05,0.0,3.010876704908847e-09,7.565309324190623e-06,57215,42325,85712,18940
145050,1.1446100313623148e-05,0.0,3.010876704908847e-09,7.565309324190623e-06,57216,42326,85713,18941
142826,1.1446100313623148e-05,0.0,3.010876704908847e-09,7.565309324190623e-06,57217,42327,85714,18942
143574,1.1446100313623148e-05,0.0,3.010876704908847e-09,7.565309324190623e-06,57218,42328,85715,18943
145071,1.1446100313623148e-05,0.0,3.010876704908847e-09,7.565309324190623e-06,57219,42329,85716,18944
146020,1.1446100313623148e-05,0.0,3.010876704908847e-09,7.565309324190623e-06,57220,42330,85717,18945
146050,1.1446100313623148e-05,0.0,3.010876704908847e-09,7.565309324190623e-06,57221,42331,85718,18946
142801,1.1446100313623148e-05,0.0,3.010876704908847e-09,7.565309324190623e-06,57222,42332,85719,18947
144423,1.1446100313623148e-05,0.0,3.010876704908847e-09,7.565309324190623e-06,57223,42333,85720,18948
144055,1.1446100313623148e-05,0.0,3.010876704908847e-09,7.565309324190623e-06,57224,42334,85721,18949
144596,1.1446100313623148e-05,0.0,3.010876704908847e-09,7.565309324190623e-06,57225,42335,85722,18950
143517,1.1446100313623148e-05,0.0,3.010876704908847e-09,7.565309324190623e-06,57226,42336,85723,18951
145354,1.1446100313623148e-05,0.0,3.010876704908847e-09,7.565309324190623e-06,57227,42337,85724,18952
145749,1.1446100313623148e-05,0.0,3.010876704908847e-09,7.565309324190623e-06,57228,42338,85725,18953
145497,1.1446100313623148e-05,0.0,3.010876704908847e-09,7.565309324190623e-06,57229,42339,85726,18954
143901,1.1446100313623148e-05,0.0,3.010876704908847e-09,7.565309324190623e-06,57230,42340,85727,18955
143559,1.1446100313623148e-05,0.0,3.010876704908847e-09,7.565309324190623e-06,57231,42341,85728,18956
143787,1.1446100313623148e-05,0.0,3.010876704908847e-09,7.565309324190623e-06,57232,42342,85729,18957
143540,1.1446100313623148e-05,0.0,3.010876704908847e-09,7.565309324190623e-06,57233,42343,85730,18958
143058,1.1446100313623148e-05,0.0,3.010876704908847e-09,7.565309324190623e-06,57234,42344,85731,18959
145718,1.1446100313623148e-05,0.0,3.010876704908847e-09,7.565309324190623e-06,57235,42345,85732,18960
145917,1.1446100313623148e-05,0.0,3.010876704908847e-09,7.565309324190623e-06,57236,42346,85733,18961
145593,1.1446100313623148e-05,0.0,3.010876704908847e-09,7.565309324190623e-06,57237,42347,85734,18962
144757,1.1446100313623148e-05,0.0,3.010876704908847e-09,7.565309324190623e-06,57238,42348,85735,18963
146261,1.1446100313623148e-05,0.0,3.010876704908847e-09,7.565309324190623e-06,57239,42349,85736,18964
144165,1.1446100313623148e-05,0.0,3.010876704908847e-09,7.565309324190623e-06,57240,42350,85737,18965
144371,1.1446100313623148e-05,0.0,3.010876704908847e-09,7.565309324190623e-06,57241,42351,85738,18966
142767,1.1446100313623148e-05,0.0,3.010876704908847e-09,7.565309324190623e-06,57242,42352,85739,18967
145945,1.1446100313623148e-05,0.0,3.010876704908847e-09,7.565309324190623e-06,57243,42353,85740,18968
143642,1.1446100313623148e-05,0.0,3.010876704908847e-09,7.565309324190623e-06,57244,42354,85741,18969
143696,1.1446100313623148e-05,0.0,3.010876704908847e-09,7.565309324190623e-06,57245,42355,85742,18970
144131,1.1446100313623148e-05,0.0,3.010876704908847e-09,7.565309324190623e-06,57246,42356,85743,18971
143153,1.1446100313623148e-05,0.0,3.010876704908847e-09,7.565309324190623e-06,57247,42357,85744,18972
142909,1.1446100313623148e-05,0.0,3.010876704908847e-09,7.565309324190623e-06,57248,42358,85745,18973
146334,1.1446100313623148e-05,0.0,3.010876704908847e-09,7.565309324190623e-06,57249,42359,85746,18974
146062,1.1446100313623148e-05,0.0,3.010876704908847e-09,7.565309324190623e-06,57250,42360,85747,18975
145783,1.1446100313623148e-05,0.0,3.010876704908847e-09,7.565309324190623e-06,57251,42361,85748,18976
143816,1.1446100313623148e-05,0.0,3.010876704908847e-09,7.565309324190623e-06,57252,42362,85749,18977
143395,1.1446100313623148e-05,0.0,3.010876704908847e-09,7.565309324190623e-06,57253,42363,85750,18978
144468,1.1446100313623148e-05,0.0,3.010876704908847e-09,7.565309324190623e-06,57254,42364,85751,18979
145136,1.1446100313623148e-05,0.0,3.010876704908847e-09,7.565309324190623e-06,57255,42365,85752,18980
145286,1.1446100313623148e-05,0.0,3.010876704908847e-09,7.565309324190623e-06,57256,42366,85753,18981
145364,1.1446100313623148e-05,0.0,3.010876704908847e-09,7.565309324190623e-06,57257,42367,85754,18982
145407,1.1446100313623148e-05,0.0,3.010876704908847e-09,7.565309324190623e-06,57258,42368,85755,18983
144991,1.1446100313623148e-05,0.0,3.010876704908847e-09,7.565309324190623e-06,57259,42369,85756,18984
146469,1.1446100313623148e-05,0.0,3.010876704908847e-09,7.565309324190623e-06,57260,42370,85757,18985
145273,1.1446100313623148e-05,0.0,3.010876704908847e-09,7.565309324190623e-06,57261,42371,85758,18986
146325,1.1446100313623148e-05,0.0,3.010876704908847e-09,7.565309324190623e-06,57262,42372,85759,18987
145841,1.1446100313623148e-05,0.0,3.010876704908847e-09,7.565309324190623e-06,57263,42373,85760,18988
146246,1.1446100313623148e-05,0.0,3.010876704908847e-09,7.565309324190623e-06,57264,42374,85761,18989
143581,1.1446100313623148e-05,0.0,3.010876704908847e-09,7.565309324190623e-06,57265,42375,85762,18990
144633,1.1446100313623148e-05,0.0,3.010876704908847e-09,7.565309324190623e-06,57266,42376,85763,18991
145163,1.1446100313623148e-05,0.0,3.010876704908847e-09,7.565309324190623e-06,57267,42377,85764,18992
145187,1.1446100313623148e-05,0.0,3.010876704908847e-09,7.565309324190623e-06,57268,42378,85765,18993
143627,1.1446100313623148e-05,0.0,3.010876704908847e-09,7.565309324190623e-06,57269,42379,85766,18994
146673,1.1446100313623148e-05,0.0,3.010876704908847e-09,7.565309324190623e-06,57270,42380,85767,18995
143066,1.1446100313623148e-05,0.0,3.010876704908847e-09,7.565309324190623e-06,57271,42381,85768,18996
142971,1.1446100313623148e-05,0.0,3.010876704908847e-09,7.565309324190623e-06,57272,42382,85769,18997
143893,1.1446100313623148e-05,0.0,3.010876704908847e-09,7.565309324190623e-06,57273,42383,85770,18998
145936,1.1446100313623148e-05,0.0,3.010876704908847e-09,7.565309324190623e-06,57274,42384,85771,18999
145007,1.1446100313623148e-05,0.0,3.010876704908847e-09,7.565309324190623e-06,57275,42385,85772,19000
146244,1.1446100313623148e-05,0.0,3.010876704908847e-09,7.565309324190623e-06,57276,42386,85773,19001
145147,1.1446100313623148e-05,0.0,3.010876704908847e-09,7.565309324190623e-06,57277,42387,85774,19002
146184,1.1446100313623148e-05,0.0,3.010876704908847e-09,7.565309324190623e-06,57278,42388,85775,19003
146470,1.1446100313623148e-05,0.0,3.010876704908847e-09,7.565309324190623e-06,57279,42389,85776,19004
146104,1.1446100313623148e-05,0.0,3.010876704908847e-09,7.565309324190623e-06,57280,42390,85777,19005
144436,1.1446100313623148e-05,0.0,3.010876704908847e-09,7.565309324190623e-06,57281,42391,85778,19006
144936,1.1446100313623148e-05,0.0,3.010876704908847e-09,7.565309324190623e-06,57282,42392,85779,19007
145933,1.1446100313623148e-05,0.0,3.010876704908847e-09,7.565309324190623e-06,57283,42393,85780,19008
144621,1.1446100313623148e-05,0.0,3.010876704908847e-09,7.565309324190623e-06,57284,42394,85781,19009
144846,1.1446100313623148e-05,0.0,3.010876704908847e-09,7.565309324190623e-06,57285,42395,85782,19010
143385,1.1446100313623148e-05,0.0,3.010876704908847e-09,7.565309324190623e-06,57286,42396,85783,19011
143280,1.1446100313623148e-05,0.0,3.010876704908847e-09,7.565309324190623e-06,57287,42397,85784,19012
143080,1.1446100313623148e-05,0.0,3.010876704908847e-09,7.565309324190623e-06,57288,42398,85785,19013
146181,1.1446100313623148e-05,0.0,3.010876704908847e-09,7.565309324190623e-06,57289,42399,85786,19014
143200,1.1446100313623148e-05,0.0,3.010876704908847e-09,7.565309324190623e-06,57290,42400,85787,19015
144562,1.1446100313623148e-05,0.0,3.010876704908847e-09,7.565309324190623e-06,57291,42401,85788,19016
144280,1.1446100313623148e-05,0.0,3.010876704908847e-09,7.565309324190623e-06,57292,42402,85789,19017
145680,1.1446100313623148e-05,0.0,3.010876704908847e-09,7.565309324190623e-06,57293,42403,85790,19018
146591,1.1446100313623148e-05,0.0,3.010876704908847e-09,7.565309324190623e-06,57294,42404,85791,19019
146427,1.1446100313623148e-05,0.0,3.010876704908847e-09,7.565309324190623e-06,57295,42405,85792,19020
143282,1.1446100313623148e-05,0.0,3.010876704908847e-09,7.565309324190623e-06,57296,42406,85793,19021
143859,1.1446100313623148e-05,0.0,3.010876704908847e-09,7.565309324190623e-06,57297,42407,85794,19022
143944,1.1446100313623148e-05,0.0,3.010876704908847e-09,7.565309324190623e-06,57298,42408,85795,19023
144993,1.1446100313623148e-05,0.0,3.010876704908847e-09,7.565309324190623e-06,57299,42409,85796,19024
143384,1.1446100313623148e-05,0.0,3.010876704908847e-09,7.565309324190623e-06,57300,42410,85797,19025
142996,1.1446100313623148e-05,0.0,3.010876704908847e-09,7.565309324190623e-06,57301,42411,85798,19026
146116,1.1446100313623148e-05,0.0,3.010876704908847e-09,7.565309324190623e-06,57302,42412,85799,19027
142810,1.1446100313623148e-05,0.0,3.010876704908847e-09,7.565309324190623e-06,57303,42413,85800,19028
143100,1.1446100313623148e-05,0.0,3.010876704908847e-09,7.565309324190623e-06,57304,42414,85801,19029
145462,1.1446100313623148e-05,0.0,3.010876704908847e-09,7.565309324190623e-06,57305,42415,85802,19030
142835,1.1446100313623148e-05,0.0,3.010876704908847e-09,7.565309324190623e-06,57306,42416,85803,19031
145135,1.1446100313623148e-05,0.0,3.010876704908847e-09,7.565309324190623e-06,57307,42417,85804,19032
143195,1.1446100313623148e-05,0.0,3.010876704908847e-09,7.565309324190623e-06,57308,42418,85805,19033
143450,1.1446100313623148e-05,0.0,3.010876704908847e-09,7.565309324190623e-06,57309,42419,85806,19034
143037,1.1446100313623148e-05,0.0,3.010876704908847e-09,7.565309324190623e-06,57310,42420,85807,19035
145310,1.1446100313623148e-05,0.0,3.010876704908847e-09,7.565309324190623e-06,57311,42421,85808,19036
143292,1.1446100313623148e-05,0.0,3.010876704908847e-09,7.565309324190623e-06,57312,42422,85809,19037
142943,1.1446100313623148e-05,0.0,3.010876704908847e-09,7.565309324190623e-06,57313,42423,85810,19038
144760,1.1446100313623148e-05,0.0,3.010876704908847e-09,7.565309324190623e-06,57314,42424,85811,19039
144042,1.1446100313623148e-05,0.0,3.010876704908847e-09,7.565309324190623e-06,57315,42425,85812,19040
143512,1.1446100313623148e-05,0.0,3.010876704908847e-09,7.565309324190623e-06,57316,42426,85813,19041
143513,1.1446100313623148e-05,0.0,3.010876704908847e-09,7.565309324190623e-06,57317,42427,85814,19042
144620,1.1446100313623148e-05,0.0,3.010876704908847e-09,7.565309324190623e-06,57318,42428,85815,19043
143354,1.1446100313623148e-05,0.0,3.010876704908847e-09,7.565309324190623e-06,57319,42429,85816,19044
144447,1.1446100313623148e-05,0.0,3.010876704908847e-09,7.565309324190623e-06,57320,42430,85817,19045
143041,1.1446100313623148e-05,0.0,3.010876704908847e-09,7.565309324190623e-06,57321,42431,85818,19046
145768,1.1446100313623148e-05,0.0,3.010876704908847e-09,7.565309324190623e-06,57322,42432,85819,19047
144900,1.1446100313623148e-05,0.0,3.010876704908847e-09,7.565309324190623e-06,57323,42433,85820,19048
146276,1.1446100313623148e-05,0.0,3.010876704908847e-09,7.565309324190623e-06,57324,42434,85821,19049
144735,1.1446100313623148e-05,0.0,3.010876704908847e-09,7.565309324190623e-06,57325,42435,85822,19050
146084,1.1446100313623148e-05,0.0,3.010876704908847e-09,7.565309324190623e-06,57326,42436,85823,19051
144901,1.1446100313623148e-05,0.0,3.010876704908847e-09,7.565309324190623e-06,57327,42437,85824,19052
144912,1.1446100313623148e-05,0.0,3.010876704908847e-09,7.565309324190623e-06,57328,42438,85825,19053
145721,1.1446100313623148e-05,0.0,3.010876704908847e-09,7.565309324190623e-06,57329,42439,85826,19054
143682,1.1446100313623148e-05,0.0,3.010876704908847e-09,7.565309324190623e-06,57330,42440,85827,19055
144299,1.1446100313623148e-05,0.0,3.010876704908847e-09,7.565309324190623e-06,57331,42441,85828,19056
142955,1.1446100313623148e-05,0.0,3.010876704908847e-09,7.565309324190623e-06,57332,42442,85829,19057
145604,1.1446100313623148e-05,0.0,3.010876704908847e-09,7.565309324190623e-06,57333,42443,85830,19058
146041,1.1446100313623148e-05,0.0,3.010876704908847e-09,7.565309324190623e-06,57334,42444,85831,19059
144733,1.1446100313623148e-05,0.0,3.010876704908847e-09,7.565309324190623e-06,57335,42445,85832,19060
145691,1.1446100313623148e-05,0.0,3.010876704908847e-09,7.565309324190623e-06,57336,42446,85833,19061
145514,1.1446100313623148e-05,0.0,3.010876704908847e-09,7.565309324190623e-06,57337,42447,85834,19062
146177,1.1446100313623148e-05,0.0,3.010876704908847e-09,7.565309324190623e-06,57338,42448,85835,19063
142895,1.1446100313623148e-05,0.0,3.010876704908847e-09,7.565309324190623e-06,57339,42449,85836,19064
143186,1.1446100313623148e-05,0.0,3.010876704908847e-09,7.565309324190623e-06,57340,42450,85837,19065
146723,1.1446100313623148e-05,0.0,3.010876704908847e-09,7.565309324190623e-06,57341,42451,85838,19066
143043,1.1446100313623148e-05,0.0,3.010876704908847e-09,7.565309324190623e-06,57342,42452,85839,19067
146397,1.1446100313623148e-05,0.0,3.010876704908847e-09,7.565309324190623e-06,57343,42453,85840,19068
146620,1.1446100313623148e-05,0.0,3.010876704908847e-09,7.565309324190623e-06,57344,42454,85841,19069
144385,1.1446100313623148e-05,0.0,3.010876704908847e-09,7.565309324190623e-06,57345,42455,85842,19070
143183,1.1446100313623148e-05,0.0,3.010876704908847e-09,7.565309324190623e-06,57346,42456,85843,19071
143331,1.1446100313623148e-05,0.0,3.010876704908847e-09,7.565309324190623e-06,57347,42457,85844,19072
143351,1.1446100313623148e-05,0.0,3.010876704908847e-09,7.565309324190623e-06,57348,42458,85845,19073
144588,1.1446100313623148e-05,0.0,3.010876704908847e-09,7.565309324190623e-06,57349,42459,85846,19074
143302,1.1446100313623148e-05,0.0,3.010876704908847e-09,7.565309324190623e-06,57350,42460,85847,19075
142984,1.1446100313623148e-05,0.0,3.010876704908847e-09,7.565309324190623e-06,57351,42461,85848,19076
144005,1.1446100313623148e-05,0.0,3.010876704908847e-09,7.565309324190623e-06,57352,42462,85849,19077
144478,1.1446100313623148e-05,0.0,3.010876704908847e-09,7.565309324190623e-06,57353,42463,85850,19078
142982,1.1446100313623148e-05,0.0,3.010876704908847e-09,7.565309324190623e-06,57354,42464,85851,19079
144970,1.1446100313623148e-05,0.0,3.010876704908847e-09,7.565309324190623e-06,57355,42465,85852,19080
144845,1.1446100313623148e-05,0.0,3.010876704908847e-09,7.565309324190623e-06,57356,42466,85853,19081
142919,1.1446100313623148e-05,0.0,3.010876704908847e-09,7.565309324190623e-06,57357,42467,85854,19082
145800,1.1446100313623148e-05,0.0,3.010876704908847e-09,7.565309324190623e-06,57358,42468,85855,19083
144063,1.1446100313623148e-05,0.0,3.010876704908847e-09,7.565309324190623e-06,57359,42469,85856,19084
144582,1.1446100313623148e-05,0.0,3.010876704908847e-09,7.565309324190623e-06,57360,42470,85857,19085
142674,1.1446100313623148e-05,0.0,3.010876704908847e-09,7.565309324190623e-06,57361,42471,85858,19086
145831,1.1446100313623148e-05,0.0,3.010876704908847e-09,7.565309324190623e-06,57362,42472,85859,19087
144233,1.1446100313623148e-05,0.0,3.010876704908847e-09,7.565309324190623e-06,57363,42473,85860,19088
143903,1.1446100313623148e-05,0.0,3.010876704908847e-09,7.565309324190623e-06,57364,42474,85861,19089
142737,1.1446100313623148e-05,0.0,3.010876704908847e-09,7.565309324190623e-06,57365,42475,85862,19090
143252,1.1446100313623148e-05,0.0,3.010876704908847e-09,7.565309324190623e-06,57366,42476,85863,19091
145082,1.1446100313623148e-05,0.0,3.010876704908847e-09,7.565309324190623e-06,57367,42477,85864,19092
145850,1.1446100313623148e-05,0.0,3.010876704908847e-09,7.565309324190623e-06,57368,42478,85865,19093
144164,1.1446100313623148e-05,0.0,3.010876704908847e-09,7.565309324190623e-06,57369,42479,85866,19094
143869,1.1446100313623148e-05,0.0,3.010876704908847e-09,7.565309324190623e-06,57370,42480,85867,19095
143821,1.1446100313623148e-05,0.0,3.010876704908847e-09,7.565309324190623e-06,57371,42481,85868,19096
144584,1.1446100313623148e-05,0.0,3.010876704908847e-09,7.565309324190623e-06,57372,42482,85869,19097
145392,1.1446100313623148e-05,0.0,3.010876704908847e-09,7.565309324190623e-06,57373,42483,85870,19098
143746,1.1446100313623148e-05,0.0,3.010876704908847e-09,7.565309324190623e-06,57374,42484,85871,19099
142936,1.1446100313623148e-05,0.0,3.010876704908847e-09,7.565309324190623e-06,57375,42485,85872,19100
144576,1.1446100313623148e-05,0.0,3.010876704908847e-09,7.565309324190623e-06,57376,42486,85873,19101
143435,1.1446100313623148e-05,0.0,3.010876704908847e-09,7.565309324190623e-06,57377,42487,85874,19102
142941,1.1446100313623148e-05,0.0,3.010876704908847e-09,7.565309324190623e-06,57378,42488,85875,19103
144252,1.1446100313623148e-05,0.0,3.010876704908847e-09,7.565309324190623e-06,57379,42489,85876,19104
144867,1.1446100313623148e-05,0.0,3.010876704908847e-09,7.565309324190623e-06,57380,42490,85877,19105
144613,1.1446100313623148e-05,0.0,3.010876704908847e-09,7.565309324190623e-06,57381,42491,85878,19106
143780,1.1446100313623148e-05,0.0,3.010876704908847e-09,7.565309324190623e-06,57382,42492,85879,19107
146030,1.1446100313623148e-05,0.0,3.010876704908847e-09,7.565309324190623e-06,57383,42493,85880,19108
144060,1.1446100313623148e-05,0.0,3.010876704908847e-09,7.565309324190623e-06,57384,42494,85881,19109
143194,1.1446100313623148e-05,0.0,3.010876704908847e-09,7.565309324190623e-06,57385,42495,85882,19110
144676,1.1446100313623148e-05,0.0,3.010876704908847e-09,7.565309324190623e-06,57386,42496,85883,19111
144887,1.1446100313623148e-05,0.0,3.010876704908847e-09,7.565309324190623e-06,57387,42497,85884,19112
144392,1.1446100313623148e-05,0.0,3.010876704908847e-09,7.565309324190623e-06,57388,42498,85885,19113
143109,1.1446100313623148e-05,0.0,3.010876704908847e-09,7.565309324190623e-06,57389,42499,85886,19114
143677,1.1446100313623148e-05,0.0,3.010876704908847e-09,7.565309324190623e-06,57390,42500,85887,19115
146200,1.1446100313623148e-05,0.0,3.010876704908847e-09,7.565309324190623e-06,57391,42501,85888,19116
145221,1.1446100313623148e-05,0.0,3.010876704908847e-09,7.565309324190623e-06,57392,42502,85889,19117
145014,1.1446100313623148e-05,0.0,3.010876704908847e-09,7.565309324190623e-06,57393,42503,85890,19118
146636,1.1446100313623148e-05,0.0,3.010876704908847e-09,7.565309324190623e-06,57394,42504,85891,19119
145114,1.1446100313623148e-05,0.0,3.010876704908847e-09,7.565309324190623e-06,57395,42505,85892,19120
143310,1.1446100313623148e-05,0.0,3.010876704908847e-09,7.565309324190623e-06,57396,42506,85893,19121
143758,1.1446100313623148e-05,0.0,3.010876704908847e-09,7.565309324190623e-06,57397,42507,85894,19122
144148,1.1446100313623148e-05,0.0,3.010876704908847e-09,7.565309324190623e-06,57398,42508,85895,19123
145449,1.1446100313623148e-05,0.0,3.010876704908847e-09,7.565309324190623e-06,57399,42509,85896,19124
145271,1.1446100313623148e-05,0.0,3.010876704908847e-09,7.565309324190623e-06,57400,42510,85897,19125
143766,1.1446100313623148e-05,0.0,3.010876704908847e-09,7.565309324190623e-06,57401,42511,85898,19126
145627,1.1446100313623148e-05,0.0,3.010876704908847e-09,7.565309324190623e-06,57402,42512,85899,19127
144224,1.1446100313623148e-05,0.0,3.010876704908847e-09,7.565309324190623e-06,57403,42513,85900,19128
145884,1.1446100313623148e-05,0.0,3.010876704908847e-09,7.565309324190623e-06,57404,42514,85901,19129
144962,1.1446100313623148e-05,0.0,3.010876704908847e-09,7.565309324190623e-06,57405,42515,85902,19130
143781,1.1446100313623148e-05,0.0,3.010876704908847e-09,7.565309324190623e-06,57406,42516,85903,19131
142867,1.1446100313623148e-05,0.0,3.010876704908847e-09,7.565309324190623e-06,57407,42517,85904,19132
146021,1.1446100313623148e-05,0.0,3.010876704908847e-09,7.565309324190623e-06,57408,42518,85905,19133
145690,1.1446100313623148e-05,0.0,3.010876704908847e-09,7.565309324190623e-06,57409,42519,85906,19134
145845,1.1446100313623148e-05,0.0,3.010876704908847e-09,7.565309324190623e-06,57410,42520,85907,19135
144914,1.1446100313623148e-05,0.0,3.010876704908847e-09,7.565309324190623e-06,57411,42521,85908,19136
144348,1.1446100313623148e-05,0.0,3.010876704908847e-09,7.565309324190623e-06,57412,42522,85909,19137
143725,1.1446100313623148e-05,0.0,3.010876704908847e-09,7.565309324190623e-06,57413,42523,85910,19138
143929,1.1446100313623148e-05,0.0,3.010876704908847e-09,7.565309324190623e-06,57414,42524,85911,19139
145568,1.1446100313623148e-05,0.0,3.010876704908847e-09,7.565309324190623e-06,57415,42525,85912,19140
142843,1.1446100313623148e-05,0.0,3.010876704908847e-09,7.565309324190623e-06,57416,42526,85913,19141
145421,1.1446100313623148e-05,0.0,3.010876704908847e-09,7.565309324190623e-06,57417,42527,85914,19142
143105,1.1446100313623148e-05,0.0,3.010876704908847e-09,7.565309324190623e-06,57418,42528,85915,19143
144046,1.1446100313623148e-05,0.0,3.010876704908847e-09,7.565309324190623e-06,57419,42529,85916,19144
146256,1.1446100313623148e-05,0.0,3.010876704908847e-09,7.565309324190623e-06,57420,42530,85917,19145
143630,1.1446100313623148e-05,0.0,3.010876704908847e-09,7.565309324190623e-06,57421,42531,85918,19146
145037,1.1446100313623148e-05,0.0,3.010876704908847e-09,7.565309324190623e-06,57422,42532,85919,19147
146322,1.1446100313623148e-05,0.0,3.010876704908847e-09,7.565309324190623e-06,57423,42533,85920,19148
144405,1.1446100313623148e-05,0.0,3.010876704908847e-09,7.565309324190623e-06,57424,42534,85921,19149
142979,1.1446100313623148e-05,0.0,3.010876704908847e-09,7.565309324190623e-06,57425,42535,85922,19150
144504,1.1446100313623148e-05,0.0,3.010876704908847e-09,7.565309324190623e-06,57426,42536,85923,19151
142734,1.1446100313623148e-05,0.0,3.010876704908847e-09,7.565309324190623e-06,57427,42537,85924,19152
143362,1.1446100313623148e-05,0.0,3.010876704908847e-09,7.565309324190623e-06,57428,42538,85925,19153
146192,1.1446100313623148e-05,0.0,3.010876704908847e-09,7.565309324190623e-06,57429,42539,85926,19154
144953,1.1446100313623148e-05,0.0,3.010876704908847e-09,7.565309324190623e-06,57430,42540,85927,19155
146129,1.1446100313623148e-05,0.0,3.010876704908847e-09,7.565309324190623e-06,57431,42541,85928,19156
145176,1.1446100313623148e-05,0.0,3.010876704908847e-09,7.565309324190623e-06,57432,42542,85929,19157
143165,1.1446100313623148e-05,0.0,3.010876704908847e-09,7.565309324190623e-06,57433,42543,85930,19158
143824,1.1446100313623148e-05,0.0,3.010876704908847e-09,7.565309324190623e-06,57434,42544,85931,19159
144154,1.1446100313623148e-05,0.0,3.010876704908847e-09,7.565309324190623e-06,57435,42545,85932,19160
144707,1.1446100313623148e-05,0.0,3.010876704908847e-09,7.565309324190623e-06,57436,42546,85933,19161
146457,1.1446100313623148e-05,0.0,3.010876704908847e-09,7.565309324190623e-06,57437,42547,85934,19162
144783,1.1446100313623148e-05,0.0,3.010876704908847e-09,7.565309324190623e-06,57438,42548,85935,19163
144215,1.1446100313623148e-05,0.0,3.010876704908847e-09,7.565309324190623e-06,57439,42549,85936,19164
143622,1.1446100313623148e-05,0.0,3.010876704908847e-09,7.565309324190623e-06,57440,42550,85937,19165
145904,1.1446100313623148e-05,0.0,3.010876704908847e-09,7.565309324190623e-06,57441,42551,85938,19166
142830,1.1446100313623148e-05,0.0,3.010876704908847e-09,7.565309324190623e-06,57442,42552,85939,19167
144433,1.1446100313623148e-05,0.0,3.010876704908847e-09,7.565309324190623e-06,57443,42553,85940,19168
145947,1.1446100313623148e-05,0.0,3.010876704908847e-09,7.565309324190623e-06,57444,42554,85941,19169
146643,1.1446100313623148e-05,0.0,3.010876704908847e-09,7.565309324190623e-06,57445,42555,85942,19170
145911,1.1446100313623148e-05,0.0,3.010876704908847e-09,7.565309324190623e-06,57446,42556,85943,19171
146046,1.1446100313623148e-05,0.0,3.010876704908847e-09,7.565309324190623e-06,57447,42557,85944,19172
143396,1.1446100313623148e-05,0.0,3.010876704908847e-09,7.565309324190623e-06,57448,42558,85945,19173
143418,1.1446100313623148e-05,0.0,3.010876704908847e-09,7.565309324190623e-06,57449,42559,85946,19174
144355,1.1446100313623148e-05,0.0,3.010876704908847e-09,7.565309324190623e-06,57450,42560,85947,19175
145802,1.1446100313623148e-05,0.0,3.010876704908847e-09,7.565309324190623e-06,57451,42561,85948,19176
146540,1.1446100313623148e-05,0.0,3.010876704908847e-09,7.565309324190623e-06,57452,42562,85949,19177
142699,1.1446100313623148e-05,0.0,3.010876704908847e-09,7.565309324190623e-06,57453,42563,85950,19178
144125,1.1446100313623148e-05,0.0,3.010876704908847e-09,7.565309324190623e-06,57454,42564,85951,19179
145509,1.1446100313623148e-05,0.0,3.010876704908847e-09,7.565309324190623e-06,57455,42565,85952,19180
145569,1.1446100313623148e-05,0.0,3.010876704908847e-09,7.565309324190623e-06,57456,42566,85953,19181
145672,1.1446100313623148e-05,0.0,3.010876704908847e-09,7.565309324190623e-06,57457,42567,85954,19182
143754,1.1446100313623148e-05,0.0,3.010876704908847e-09,7.565309324190623e-06,57458,42568,85955,19183
145222,1.1446100313623148e-05,0.0,3.010876704908847e-09,7.565309324190623e-06,57459,42569,85956,19184
145603,1.1446100313623148e-05,0.0,3.010876704908847e-09,7.565309324190623e-06,57460,42570,85957,19185
146149,1.1446100313623148e-05,0.0,3.010876704908847e-09,7.565309324190623e-06,57461,42571,85958,19186
143061,1.1446100313623148e-05,0.0,3.010876704908847e-09,7.565309324190623e-06,57462,42572,85959,19187
145726,1.1446100313623148e-05,0.0,3.010876704908847e-09,7.565309324190623e-06,57463,42573,85960,19188
142679,1.1446100313623148e-05,0.0,3.010876704908847e-09,7.565309324190623e-06,57464,42574,85961,19189
143155,1.1446100313623148e-05,0.0,3.010876704908847e-09,7.565309324190623e-06,57465,42575,85962,19190
144289,1.1446100313623148e-05,0.0,3.010876704908847e-09,7.565309324190623e-06,57466,42576,85963,19191
145131,1.1446100313623148e-05,0.0,3.010876704908847e-09,7.565309324190623e-06,57467,42577,85964,19192
144291,1.1446100313623148e-05,0.0,3.010876704908847e-09,7.565309324190623e-06,57468,42578,85965,19193
144587,1.1446100313623148e-05,0.0,3.010876704908847e-09,7.565309324190623e-06,57469,42579,85966,19194
143511,1.1446100313623148e-05,0.0,3.010876704908847e-09,7.565309324190623e-06,57470,42580,85967,19195
144748,1.1446100313623148e-05,0.0,3.010876704908847e-09,7.565309324190623e-06,57471,42581,85968,19196
146351,1.1446100313623148e-05,0.0,3.010876704908847e-09,7.565309324190623e-06,57472,42582,85969,19197
143357,1.1446100313623148e-05,0.0,3.010876704908847e-09,7.565309324190623e-06,57473,42583,85970,19198
145210,1.1446100313623148e-05,0.0,3.010876704908847e-09,7.565309324190623e-06,57474,42584,85971,19199
143415,1.1446100313623148e-05,0.0,3.010876704908847e-09,7.565309324190623e-06,57475,42585,85972,19200
143421,1.1446100313623148e-05,0.0,3.010876704908847e-09,7.565309324190623e-06,57476,42586,85973,19201
143703,1.1446100313623148e-05,0.0,3.010876704908847e-09,7.565309324190623e-06,57477,42587,85974,19202
144479,1.1446100313623148e-05,0.0,3.010876704908847e-09,7.565309324190623e-06,57478,42588,85975,19203
146108,1.1446100313623148e-05,0.0,3.010876704908847e-09,7.565309324190623e-06,57479,42589,85976,19204
143524,1.1446100313623148e-05,0.0,3.010876704908847e-09,7.565309324190623e-06,57480,42590,85977,19205
145398,1.1446100313623148e-05,0.0,3.010876704908847e-09,7.565309324190623e-06,57481,42591,85978,19206
145040,1.1446100313623148e-05,0.0,3.010876704908847e-09,7.565309324190623e-06,57482,42592,85979,19207
143317,1.1446100313623148e-05,0.0,3.010876704908847e-09,7.565309324190623e-06,57483,42593,85980,19208
143247,1.1446100313623148e-05,0.0,3.010876704908847e-09,7.565309324190623e-06,57484,42594,85981,19209
143264,1.1446100313623148e-05,0.0,3.010876704908847e-09,7.565309324190623e-06,57485,42595,85982,19210
146318,1.1446100313623148e-05,0.0,3.010876704908847e-09,7.565309324190623e-06,57486,42596,85983,19211
145247,1.1446100313623148e-05,0.0,3.010876704908847e-09,7.565309324190623e-06,57487,42597,85984,19212
145618,1.1446100313623148e-05,0.0,3.010876704908847e-09,7.565309324190623e-06,57488,42598,85985,19213
145932,1.1446100313623148e-05,0.0,3.010876704908847e-09,7.565309324190623e-06,57489,42599,85986,19214
144195,1.1446100313623148e-05,0.0,3.010876704908847e-09,7.565309324190623e-06,57490,42600,85987,19215
145625,1.1446100313623148e-05,0.0,3.010876704908847e-09,7.565309324190623e-06,57491,42601,85988,19216
145774,1.1446100313623148e-05,0.0,3.010876704908847e-09,7.565309324190623e-06,57492,42602,85989,19217
146013,1.1446100313623148e-05,0.0,3.010876704908847e-09,7.565309324190623e-06,57493,42603,85990,19218
143885,1.1446100313623148e-05,0.0,3.010876704908847e-09,7.565309324190623e-06,57494,42604,85991,19219
145226,1.1446100313623148e-05,0.0,3.010876704908847e-09,7.565309324190623e-06,57495,42605,85992,19220
143168,1.1446100313623148e-05,0.0,3.010876704908847e-09,7.565309324190623e-06,57496,42606,85993,19221
146542,1.1446100313623148e-05,0.0,3.010876704908847e-09,7.565309324190623e-06,57497,42607,85994,19222
145337,1.1446100313623148e-05,0.0,3.010876704908847e-09,7.565309324190623e-06,57498,42608,85995,19223
145319,1.1446100313623148e-05,0.0,3.010876704908847e-09,7.565309324190623e-06,57499,42609,85996,19224
146405,1.1446100313623148e-05,0.0,3.010876704908847e-09,7.565309324190623e-06,57500,42610,85997,19225
145582,1.1446100313623148e-05,0.0,3.010876704908847e-09,7.565309324190623e-06,57501,42611,85998,19226
143341,1.1446100313623148e-05,0.0,3.010876704908847e-09,7.565309324190623e-06,57502,42612,85999,19227
142862,1.1446100313623148e-05,0.0,3.010876704908847e-09,7.565309324190623e-06,57503,42613,86000,19228
145083,1.1446100313623148e-05,0.0,3.010876704908847e-09,7.565309324190623e-06,57504,42614,86001,19229
145877,1.1446100313623148e-05,0.0,3.010876704908847e-09,7.565309324190623e-06,57505,42615,86002,19230
142754,1.1446100313623148e-05,0.0,3.010876704908847e-09,7.565309324190623e-06,57506,42616,86003,19231
144039,1.1446100313623148e-05,0.0,3.010876704908847e-09,7.565309324190623e-06,57507,42617,86004,19232
145754,1.1446100313623148e-05,0.0,3.010876704908847e-09,7.565309324190623e-06,57508,42618,86005,19233
144248,1.1446100313623148e-05,0.0,3.010876704908847e-09,7.565309324190623e-06,57509,42619,86006,19234
145779,1.1446100313623148e-05,0.0,3.010876704908847e-09,7.565309324190623e-06,57510,42620,86007,19235
145833,1.1446100313623148e-05,0.0,3.010876704908847e-09,7.565309324190623e-06,57511,42621,86008,19236
143530,1.1446100313623148e-05,0.0,3.010876704908847e-09,7.565309324190623e-06,57512,42622,86009,19237
145892,1.1446100313623148e-05,0.0,3.010876704908847e-09,7.565309324190623e-06,57513,42623,86010,19238
144038,1.1446100313623148e-05,0.0,3.010876704908847e-09,7.565309324190623e-06,57514,42624,86011,19239
143957,1.1446100313623148e-05,0.0,3.010876704908847e-09,7.565309324190623e-06,57515,42625,86012,19240
144699,1.1446100313623148e-05,0.0,3.010876704908847e-09,7.565309324190623e-06,57516,42626,86013,19241
146596,1.1446100313623148e-05,0.0,3.010876704908847e-09,7.565309324190623e-06,57517,42627,86014,19242
143827,1.1446100313623148e-05,0.0,3.010876704908847e-09,7.565309324190623e-06,57518,42628,86015,19243
145567,1.1446100313623148e-05,0.0,3.010876704908847e-09,7.565309324190623e-06,57519,42629,86016,19244
143921,1.1446100313623148e-05,0.0,3.010876704908847e-09,7.565309324190623e-06,57520,42630,86017,19245
144498,1.1446100313623148e-05,0.0,3.010876704908847e-09,7.565309324190623e-06,57521,42631,86018,19246
145653,1.1446100313623148e-05,0.0,3.010876704908847e-09,7.565309324190623e-06,57522,42632,86019,19247
146010,1.1446100313623148e-05,0.0,3.010876704908847e-09,7.565309324190623e-06,57523,42633,86020,19248
145655,1.1446100313623148e-05,0.0,3.010876704908847e-09,7.565309324190623e-06,57524,42634,86021,19249
144393,1.1446100313623148e-05,0.0,3.010876704908847e-09,7.565309324190623e-06,57525,42635,86022,19250
145318,1.1446100313623148e-05,0.0,3.010876704908847e-09,7.565309324190623e-06,57526,42636,86023,19251
146639,1.1446100313623148e-05,0.0,3.010876704908847e-09,7.565309324190623e-06,57527,42637,86024,19252
143339,1.1446100313623148e-05,0.0,3.010876704908847e-09,7.565309324190623e-06,57528,42638,86025,19253
144985,1.1446100313623148e-05,0.0,3.010876704908847e-09,7.565309324190623e-06,57529,42639,86026,19254
142960,1.1446100313623148e-05,0.0,3.010876704908847e-09,7.565309324190623e-06,57530,42640,86027,19255
144969,1.1446100313623148e-05,0.0,3.010876704908847e-09,7.565309324190623e-06,57531,42641,86028,19256
143818,1.1446100313623148e-05,0.0,3.010876704908847e-09,7.565309324190623e-06,57532,42642,86029,19257
143804,1.1446100313623148e-05,0.0,3.010876704908847e-09,7.565309324190623e-06,57533,42643,86030,19258
146511,1.1446100313623148e-05,0.0,3.010876704908847e-09,7.565309324190623e-06,57534,42644,86031,19259
144855,1.1446100313623148e-05,0.0,3.010876704908847e-09,7.565309324190623e-06,57535,42645,86032,19260
145292,1.1446100313623148e-05,0.0,3.010876704908847e-09,7.565309324190623e-06,57536,42646,86033,19261
142878,1.1446100313623148e-05,0.0,3.010876704908847e-09,7.565309324190623e-06,57537,42647,86034,19262
144440,1.1446100313623148e-05,0.0,3.010876704908847e-09,7.565309324190623e-06,57538,42648,86035,19263
145962,1.1446100313623148e-05,0.0,3.010876704908847e-09,7.565309324190623e-06,57539,42649,86036,19264
144389,1.1446100313623148e-05,0.0,3.010876704908847e-09,7.565309324190623e-06,57540,42650,86037,19265
143244,1.1446100313623148e-05,0.0,3.010876704908847e-09,7.565309324190623e-06,57541,42651,86038,19266
143922,1.1446100313623148e-05,0.0,3.010876704908847e-09,7.565309324190623e-06,57542,42652,86039,19267
144965,1.1446100313623148e-05,0.0,3.010876704908847e-09,7.565309324190623e-06,57543,42653,86040,19268
143584,1.1446100313623148e-05,0.0,3.010876704908847e-09,7.565309324190623e-06,57544,42654,86041,19269
145821,1.1446100313623148e-05,0.0,3.010876704908847e-09,7.565309324190623e-06,57545,42655,86042,19270
146722,1.1446100313623148e-05,0.0,3.010876704908847e-09,7.565309324190623e-06,57546,42656,86043,19271
142999,1.1446100313623148e-05,0.0,3.010876704908847e-09,7.565309324190623e-06,57547,42657,86044,19272
142989,1.1446100313623148e-05,0.0,3.010876704908847e-09,7.565309324190623e-06,57548,42658,86045,19273
144288,1.1446100313623148e-05,0.0,3.010876704908847e-09,7.565309324190623e-06,57549,42659,86046,19274
146515,1.1446100313623148e-05,0.0,3.010876704908847e-09,7.565309324190623e-06,57550,42660,86047,19275
144029,1.1446100313623148e-05,0.0,3.010876704908847e-09,7.565309324190623e-06,57551,42661,86048,19276
143563,1.1446100313623148e-05,0.0,3.010876704908847e-09,7.565309324190623e-06,57552,42662,86049,19277
146002,1.1446100313623148e-05,0.0,3.010876704908847e-09,7.565309324190623e-06,57553,42663,86050,19278
143762,1.1446100313623148e-05,0.0,3.010876704908847e-09,7.565309324190623e-06,57554,42664,86051,19279
144420,1.1446100313623148e-05,0.0,3.010876704908847e-09,7.565309324190623e-06,57555,42665,86052,19280
144264,1.1446100313623148e-05,0.0,3.010876704908847e-09,7.565309324190623e-06,57556,42666,86053,19281
142779,1.1446100313623148e-05,0.0,3.010876704908847e-09,7.565309324190623e-06,57557,42667,86054,19282
144130,1.1446100313623148e-05,0.0,3.010876704908847e-09,7.565309324190623e-06,57558,42668,86055,19283
142926,1.1446100313623148e-05,0.0,3.010876704908847e-09,7.565309324190623e-06,57559,42669,86056,19284
145029,1.1446100313623148e-05,0.0,3.010876704908847e-09,7.565309324190623e-06,57560,42670,86057,19285
143554,1.1446100313623148e-05,0.0,3.010876704908847e-09,7.565309324190623e-06,57561,42671,86058,19286
144073,1.1446100313623148e-05,0.0,3.010876704908847e-09,7.565309324190623e-06,57562,42672,86059,19287
144254,1.1446100313623148e-05,0.0,3.010876704908847e-09,7.565309324190623e-06,57563,42673,86060,19288
144471,1.1446100313623148e-05,0.0,3.010876704908847e-09,7.565309324190623e-06,57564,42674,86061,19289
142784,1.1446100313623148e-05,0.0,3.010876704908847e-09,7.565309324190623e-06,57565,42675,86062,19290
146100,1.1446100313623148e-05,0.0,3.010876704908847e-09,7.565309324190623e-06,57566,42676,86063,19291
143135,1.1446100313623148e-05,0.0,3.010876704908847e-09,7.565309324190623e-06,57567,42677,86064,19292
145340,1.1446100313623148e-05,0.0,3.010876704908847e-09,7.565309324190623e-06,57568,42678,86065,19293
142949,1.1446100313623148e-05,0.0,3.010876704908847e-09,7.565309324190623e-06,57569,42679,86066,19294
143023,1.1446100313623148e-05,0.0,3.010876704908847e-09,7.565309324190623e-06,57570,42680,86067,19295
144253,1.1446100313623148e-05,0.0,3.010876704908847e-09,7.565309324190623e-06,57571,42681,86068,19296
142831,1.1446100313623148e-05,0.0,3.010876704908847e-09,7.565309324190623e-06,57572,42682,86069,19297
144903,1.1446100313623148e-05,0.0,3.010876704908847e-09,7.565309324190623e-06,57573,42683,86070,19298
144777,1.1446100313623148e-05,0.0,3.010876704908847e-09,7.565309324190623e-06,57574,42684,86071,19299
143947,1.1446100313623148e-05,0.0,3.010876704908847e-09,7.565309324190623e-06,57575,42685,86072,19300
144571,1.1446100313623148e-05,0.0,3.010876704908847e-09,7.565309324190623e-06,57576,42686,86073,19301
143359,1.1446100313623148e-05,0.0,3.010876704908847e-09,7.565309324190623e-06,57577,42687,86074,19302
143391,1.1446100313623148e-05,0.0,3.010876704908847e-09,7.565309324190623e-06,57578,42688,86075,19303
145873,1.1446100313623148e-05,0.0,3.010876704908847e-09,7.565309324190623e-06,57579,42689,86076,19304
144364,1.1446100313623148e-05,0.0,3.010876704908847e-09,7.565309324190623e-06,57580,42690,86077,19305
146593,1.1446100313623148e-05,0.0,3.010876704908847e-09,7.565309324190623e-06,57581,42691,86078,19306
145596,1.1446100313623148e-05,0.0,3.010876704908847e-09,7.565309324190623e-06,57582,42692,86079,19307
143674,1.1446100313623148e-05,0.0,3.010876704908847e-09,7.565309324190623e-06,57583,42693,86080,19308
146361,1.1446100313623148e-05,0.0,3.010876704908847e-09,7.565309324190623e-06,57584,42694,86081,19309
144023,1.1446100313623148e-05,0.0,3.010876704908847e-09,7.565309324190623e-06,57585,42695,86082,19310
143132,1.1446100313623148e-05,0.0,3.010876704908847e-09,7.565309324190623e-06,57586,42696,86083,19311
146503,1.1446100313623148e-05,0.0,3.010876704908847e-09,7.565309324190623e-06,57587,42697,86084,19312
144928,1.1446100313623148e-05,0.0,3.010876704908847e-09,7.565309324190623e-06,57588,42698,86085,19313
144573,1.1446100313623148e-05,0.0,3.010876704908847e-09,7.565309324190623e-06,57589,42699,86086,19314
146565,1.1446100313623148e-05,0.0,3.010876704908847e-09,7.565309324190623e-06,57590,42700,86087,19315
145228,1.1446100313623148e-05,0.0,3.010876704908847e-09,7.565309324190623e-06,57591,42701,86088,19316
144842,1.1446100313623148e-05,0.0,3.010876704908847e-09,7.565309324190623e-06,57592,42702,86089,19317
143593,1.1446100313623148e-05,0.0,3.010876704908847e-09,7.565309324190623e-06,57593,42703,86090,19318
145065,1.1446100313623148e-05,0.0,3.010876704908847e-09,7.565309324190623e-06,57594,42704,86091,19319
143402,1.1446100313623148e-05,0.0,3.010876704908847e-09,7.565309324190623e-06,57595,42705,86092,19320
144883,1.1446100313623148e-05,0.0,3.010876704908847e-09,7.565309324190623e-06,57596,42706,86093,19321
146115,1.1446100313623148e-05,0.0,3.010876704908847e-09,7.565309324190623e-06,57597,42707,86094,19322
143476,1.1446100313623148e-05,0.0,3.010876704908847e-09,7.565309324190623e-06,57598,42708,86095,19323
145827,1.1446100313623148e-05,0.0,3.010876704908847e-09,7.565309324190623e-06,57599,42709,86096,19324
145878,1.1446100313623148e-05,0.0,3.010876704908847e-09,7.565309324190623e-06,57600,42710,86097,19325
142800,1.1446100313623148e-05,0.0,3.010876704908847e-09,7.565309324190623e-06,57601,42711,86098,19326
146125,1.1446100313623148e-05,0.0,3.010876704908847e-09,7.565309324190623e-06,57602,42712,86099,19327
144802,1.1446100313623148e-05,0.0,3.010876704908847e-09,7.565309324190623e-06,57603,42713,86100,19328
145477,1.1446100313623148e-05,0.0,3.010876704908847e-09,7.565309324190623e-06,57604,42714,86101,19329
142785,1.1446100313623148e-05,0.0,3.010876704908847e-09,7.565309324190623e-06,57605,42715,86102,19330
142691,1.1446100313623148e-05,0.0,3.010876704908847e-09,7.565309324190623e-06,57606,42716,86103,19331
144403,1.1446100313623148e-05,0.0,3.010876704908847e-09,7.565309324190623e-06,57607,42717,86104,19332
146340,1.1446100313623148e-05,0.0,3.010876704908847e-09,7.565309324190623e-06,57608,42718,86105,19333
144681,1.1446100313623148e-05,0.0,3.010876704908847e-09,7.565309324190623e-06,57609,42719,86106,19334
144174,1.1446100313623148e-05,0.0,3.010876704908847e-09,7.565309324190623e-06,57610,42720,86107,19335
143236,1.1446100313623148e-05,0.0,3.010876704908847e-09,7.565309324190623e-06,57611,42721,86108,19336
143478,1.1446100313623148e-05,0.0,3.010876704908847e-09,7.565309324190623e-06,57612,42722,86109,19337
145339,1.1446100313623148e-05,0.0,3.010876704908847e-09,7.565309324190623e-06,57613,42723,86110,19338
145982,1.1446100313623148e-05,0.0,3.010876704908847e-09,7.565309324190623e-06,57614,42724,86111,19339
143665,1.1446100313623148e-05,0.0,3.010876704908847e-09,7.565309324190623e-06,57615,42725,86112,19340
143220,1.1446100313623148e-05,0.0,3.010876704908847e-09,7.565309324190623e-06,57616,42726,86113,19341
144452,1.1446100313623148e-05,0.0,3.010876704908847e-09,7.565309324190623e-06,57617,42727,86114,19342
145681,1.1446100313623148e-05,0.0,3.010876704908847e-09,7.565309324190623e-06,57618,42728,86115,19343
145526,1.1446100313623148e-05,0.0,3.010876704908847e-09,7.565309324190623e-06,57619,42729,86116,19344
145886,1.1446100313623148e-05,0.0,3.010876704908847e-09,7.565309324190623e-06,57620,42730,86117,19345
145087,1.1446100313623148e-05,0.0,3.010876704908847e-09,7.565309324190623e-06,57621,42731,86118,19346
143865,1.1446100313623148e-05,0.0,3.010876704908847e-09,7.565309324190623e-06,57622,42732,86119,19347
144259,1.1446100313623148e-05,0.0,3.010876704908847e-09,7.565309324190623e-06,57623,42733,86120,19348
146487,1.1446100313623148e-05,0.0,3.010876704908847e-09,7.565309324190623e-06,57624,42734,86121,19349
146282,1.1446100313623148e-05,0.0,3.010876704908847e-09,7.565309324190623e-06,57625,42735,86122,19350
144509,1.1446100313623148e-05,0.0,3.010876704908847e-09,7.565309324190623e-06,57626,42736,86123,19351
145469,1.1446100313623148e-05,0.0,3.010876704908847e-09,7.565309324190623e-06,57627,42737,86124,19352
143095,1.1446100313623148e-05,0.0,3.010876704908847e-09,7.565309324190623e-06,57628,42738,86125,19353
144708,1.1446100313623148e-05,0.0,3.010876704908847e-09,7.565309324190623e-06,57629,42739,86126,19354
144997,1.1446100313623148e-05,0.0,3.010876704908847e-09,7.565309324190623e-06,57630,42740,86127,19355
144012,1.1446100313623148e-05,0.0,3.010876704908847e-09,7.565309324190623e-06,57631,42741,86128,19356
145256,1.1446100313623148e-05,0.0,3.010876704908847e-09,7.565309324190623e-06,57632,42742,86129,19357
144654,1.1446100313623148e-05,0.0,3.010876704908847e-09,7.565309324190623e-06,57633,42743,86130,19358
143460,1.1446100313623148e-05,0.0,3.010876704908847e-09,7.565309324190623e-06,57634,42744,86131,19359
145640,1.1446100313623148e-05,0.0,3.010876704908847e-09,7.565309324190623e-06,57635,42745,86132,19360
144512,1.1446100313623148e-05,0.0,3.010876704908847e-09,7.565309324190623e-06,57636,42746,86133,19361
144230,1.1446100313623148e-05,0.0,3.010876704908847e-09,7.565309324190623e-06,57637,42747,86134,19362
142768,1.1446100313623148e-05,0.0,3.010876704908847e-09,7.565309324190623e-06,57638,42748,86135,19363
144462,1.1446100313623148e-05,0.0,3.010876704908847e-09,7.565309324190623e-06,57639,42749,86136,19364
143031,1.1446100313623148e-05,0.0,3.010876704908847e-09,7.565309324190623e-06,57640,42750,86137,19365
143771,1.1446100313623148e-05,0.0,3.010876704908847e-09,7.565309324190623e-06,57641,42751,86138,19366
144704,1.1446100313623148e-05,0.0,3.010876704908847e-09,7.565309324190623e-06,57642,42752,86139,19367
146633,1.1446100313623148e-05,0.0,3.010876704908847e-09,7.565309324190623e-06,57643,42753,86140,19368
142722,1.1446100313623148e-05,0.0,3.010876704908847e-09,7.565309324190623e-06,57644,42754,86141,19369
144569,1.1446100313623148e-05,0.0,3.010876704908847e-09,7.565309324190623e-06,57645,42755,86142,19370
143866,1.1446100313623148e-05,0.0,3.010876704908847e-09,7.565309324190623e-06,57646,42756,86143,19371
144643,1.1446100313623148e-05,0.0,3.010876704908847e-09,7.565309324190623e-06,57647,42757,86144,19372
144894,1.1446100313623148e-05,0.0,3.010876704908847e-09,7.565309324190623e-06,57648,42758,86145,19373
142873,1.1446100313623148e-05,0.0,3.010876704908847e-09,7.565309324190623e-06,57649,42759,86146,19374
142893,1.1446100313623148e-05,0.0,3.010876704908847e-09,7.565309324190623e-06,57650,42760,86147,19375
145838,1.1446100313623148e-05,0.0,3.010876704908847e-09,7.565309324190623e-06,57651,42761,86148,19376
144236,1.1446100313623148e-05,0.0,3.010876704908847e-09,7.565309324190623e-06,57652,42762,86149,19377
143370,1.1446100313623148e-05,0.0,3.010876704908847e-09,7.565309324190623e-06,57653,42763,86150,19378
145054,1.1446100313623148e-05,0.0,3.010876704908847e-09,7.565309324190623e-06,57654,42764,86151,19379
143902,1.1446100313623148e-05,0.0,3.010876704908847e-09,7.565309324190623e-06,57655,42765,86152,19380
142796,1.1446100313623148e-05,0.0,3.010876704908847e-09,7.565309324190623e-06,57656,42766,86153,19381
143582,1.1446100313623148e-05,0.0,3.010876704908847e-09,7.565309324190623e-06,57657,42767,86154,19382
144242,1.1446100313623148e-05,0.0,3.010876704908847e-09,7.565309324190623e-06,57658,42768,86155,19383
145145,1.1446100313623148e-05,0.0,3.010876704908847e-09,7.565309324190623e-06,57659,42769,86156,19384
145554,1.1446100313623148e-05,0.0,3.010876704908847e-09,7.565309324190623e-06,57660,42770,86157,19385
142987,1.1446100313623148e-05,0.0,3.010876704908847e-09,7.565309324190623e-06,57661,42771,86158,19386
145457,1.1446100313623148e-05,0.0,3.010876704908847e-09,7.565309324190623e-06,57662,42772,86159,19387
145471,1.1446100313623148e-05,0.0,3.010876704908847e-09,7.565309324190623e-06,57663,42773,86160,19388
143871,1.1446100313623148e-05,0.0,3.010876704908847e-09,7.565309324190623e-06,57664,42774,86161,19389
143916,1.1446100313623148e-05,0.0,3.010876704908847e-09,7.565309324190623e-06,57665,42775,86162,19390
145287,1.1446100313623148e-05,0.0,3.010876704908847e-09,7.565309324190623e-06,57666,42776,86163,19391
142736,1.1446100313623148e-05,0.0,3.010876704908847e-09,7.565309324190623e-06,57667,42777,86164,19392
143089,1.1446100313623148e-05,0.0,3.010876704908847e-09,7.565309324190623e-06,57668,42778,86165,19393
146341,1.1446100313623148e-05,0.0,3.010876704908847e-09,7.565309324190623e-06,57669,42779,86166,19394
144064,1.1446100313623148e-05,0.0,3.010876704908847e-09,7.565309324190623e-06,57670,42780,86167,19395
146446,1.1446100313623148e-05,0.0,3.010876704908847e-09,7.565309324190623e-06,57671,42781,86168,19396
146094,1.1446100313623148e-05,0.0,3.010876704908847e-09,7.565309324190623e-06,57672,42782,86169,19397
144532,1.1446100313623148e-05,0.0,3.010876704908847e-09,7.565309324190623e-06,57673,42783,86170,19398
143812,1.1446100313623148e-05,0.0,3.010876704908847e-09,7.565309324190623e-06,57674,42784,86171,19399
146134,1.1446100313623148e-05,0.0,3.010876704908847e-09,7.565309324190623e-06,57675,42785,86172,19400
146079,1.1446100313623148e-05,0.0,3.010876704908847e-09,7.565309324190623e-06,57676,42786,86173,19401
143722,1.1446100313623148e-05,0.0,3.010876704908847e-09,7.565309324190623e-06,57677,42787,86174,19402
143071,1.1446100313623148e-05,0.0,3.010876704908847e-09,7.565309324190623e-06,57678,42788,86175,19403
144600,1.1446100313623148e-05,0.0,3.010876704908847e-09,7.565309324190623e-06,57679,42789,86176,19404
145752,1.1446100313623148e-05,0.0,3.010876704908847e-09,7.565309324190623e-06,57680,42790,86177,19405
143924,1.1446100313623148e-05,0.0,3.010876704908847e-09,7.565309324190623e-06,57681,42791,86178,19406
145491,1.1446100313623148e-05,0.0,3.010876704908847e-09,7.565309324190623e-06,57682,42792,86179,19407
146566,1.1446100313623148e-05,0.0,3.010876704908847e-09,7.565309324190623e-06,57683,42793,86180,19408
145113,1.1446100313623148e-05,0.0,3.010876704908847e-09,7.565309324190623e-06,57684,42794,86181,19409
143832,1.1446100313623148e-05,0.0,3.010876704908847e-09,7.565309324190623e-06,57685,42795,86182,19410
145738,1.1446100313623148e-05,0.0,3.010876704908847e-09,7.565309324190623e-06,57686,42796,86183,19411
143215,1.1446100313623148e-05,0.0,3.010876704908847e-09,7.565309324190623e-06,57687,42797,86184,19412
146466,1.1446100313623148e-05,0.0,3.010876704908847e-09,7.565309324190623e-06,57688,42798,86185,19413
145067,1.1446100313623148e-05,0.0,3.010876704908847e-09,7.565309324190623e-06,57689,42799,86186,19414
143401,1.1446100313623148e-05,0.0,3.010876704908847e-09,7.565309324190623e-06,57690,42800,86187,19415
145647,1.1446100313623148e-05,0.0,3.010876704908847e-09,7.565309324190623e-06,57691,42801,86188,19416
143632,1.1446100313623148e-05,0.0,3.010876704908847e-09,7.565309324190623e-06,57692,42802,86189,19417
143761,1.1446100313623148e-05,0.0,3.010876704908847e-09,7.565309324190623e-06,57693,42803,86190,19418
143414,1.1446100313623148e-05,0.0,3.010876704908847e-09,7.565309324190623e-06,57694,42804,86191,19419
145638,1.1446100313623148e-05,0.0,3.010876704908847e-09,7.565309324190623e-06,57695,42805,86192,19420
145961,1.1446100313623148e-05,0.0,3.010876704908847e-09,7.565309324190623e-06,57696,42806,86193,19421
144860,1.1446100313623148e-05,0.0,3.010876704908847e-09,7.565309324190623e-06,57697,42807,86194,19422
143628,1.1446100313623148e-05,0.0,3.010876704908847e-09,7.565309324190623e-06,57698,42808,86195,19423
146302,1.1446100313623148e-05,0.0,3.010876704908847e-09,7.565309324190623e-06,57699,42809,86196,19424
146042,1.1446100313623148e-05,0.0,3.010876704908847e-09,7.565309324190623e-06,57700,42810,86197,19425
144628,1.1446100313623148e-05,0.0,3.010876704908847e-09,7.565309324190623e-06,57701,42811,86198,19426
146225,1.1446100313623148e-05,0.0,3.010876704908847e-09,7.565309324190623e-06,57702,42812,86199,19427
143759,1.1446100313623148e-05,0.0,3.010876704908847e-09,7.565309324190623e-06,57703,42813,86200,19428
146214,1.1446100313623148e-05,0.0,3.010876704908847e-09,7.565309324190623e-06,57704,42814,86201,19429
145269,1.1446100313623148e-05,0.0,3.010876704908847e-09,7.565309324190623e-06,57705,42815,86202,19430
145812,1.1446100313623148e-05,0.0,3.010876704908847e-09,7.565309324190623e-06,57706,42816,86203,19431
145110,1.1446100313623148e-05,0.0,3.010876704908847e-09,7.565309324190623e-06,57707,42817,86204,19432
144852,1.1446100313623148e-05,0.0,3.010876704908847e-09,7.565309324190623e-06,57708,42818,86205,19433
146743,1.1446100313623148e-05,0.0,3.010876704908847e-09,7.565309324190623e-06,57709,42819,86206,19434
145278,1.1446100313623148e-05,0.0,3.010876704908847e-09,7.565309324190623e-06,57710,42820,86207,19435
146491,1.1446100313623148e-05,0.0,3.010876704908847e-09,7.565309324190623e-06,57711,42821,86208,19436
146170,1.1446100313623148e-05,0.0,3.010876704908847e-09,7.565309324190623e-06,57712,42822,86209,19437
144839,1.1446100313623148e-05,0.0,3.010876704908847e-09,7.565309324190623e-06,57713,42823,86210,19438
144117,1.1446100313623148e-05,0.0,3.010876704908847e-09,7.565309324190623e-06,57714,42824,86211,19439
143211,1.1446100313623148e-05,0.0,3.010876704908847e-09,7.565309324190623e-06,57715,42825,86212,19440
144278,1.1446100313623148e-05,0.0,3.010876704908847e-09,7.565309324190623e-06,57716,42826,86213,19441
143312,1.1446100313623148e-05,0.0,3.010876704908847e-09,7.565309324190623e-06,57717,42827,86214,19442
143289,1.1446100313623148e-05,0.0,3.010876704908847e-09,7.565309324190623e-06,57718,42828,86215,19443
146448,1.1446100313623148e-05,0.0,3.010876704908847e-09,7.565309324190623e-06,57719,42829,86216,19444
146430,1.1446100313623148e-05,0.0,3.010876704908847e-09,7.565309324190623e-06,57720,42830,86217,19445
146438,1.1446100313623148e-05,0.0,3.010876704908847e-09,7.565309324190623e-06,57721,42831,86218,19446
144177,1.1446100313623148e-05,0.0,3.010876704908847e-09,7.565309324190623e-06,57722,42832,86219,19447
146320,1.1446100313623148e-05,0.0,3.010876704908847e-09,7.565309324190623e-06,57723,42833,86220,19448
144547,1.1446100313623148e-05,0.0,3.010876704908847e-09,7.565309324190623e-06,57724,42834,86221,19449
144108,1.1446100313623148e-05,0.0,3.010876704908847e-09,7.565309324190623e-06,57725,42835,86222,19450
146436,1.1446100313623148e-05,0.0,3.010876704908847e-09,7.565309324190623e-06,57726,42836,86223,19451
145665,1.1446100313623148e-05,0.0,3.010876704908847e-09,7.565309324190623e-06,57727,42837,86224,19452
146291,1.1446100313623148e-05,0.0,3.010876704908847e-09,7.565309324190623e-06,57728,42838,86225,19453
143422,1.1446100313623148e-05,0.0,3.010876704908847e-09,7.565309324190623e-06,57729,42839,86226,19454
146532,1.1446100313623148e-05,0.0,3.010876704908847e-09,7.565309324190623e-06,57730,42840,86227,19455
143409,1.1446100313623148e-05,0.0,3.010876704908847e-09,7.565309324190623e-06,57731,42841,86228,19456
144637,1.1446100313623148e-05,0.0,3.010876704908847e-09,7.565309324190623e-06,57732,42842,86229,19457
145735,1.1446100313623148e-05,0.0,3.010876704908847e-09,7.565309324190623e-06,57733,42843,86230,19458
146611,1.1446100313623148e-05,0.0,3.010876704908847e-09,7.565309324190623e-06,57734,42844,86231,19459
143553,1.1446100313623148e-05,0.0,3.010876704908847e-09,7.565309324190623e-06,57735,42845,86232,19460
145446,1.1446100313623148e-05,0.0,3.010876704908847e-09,7.565309324190623e-06,57736,42846,86233,19461
144121,1.1446100313623148e-05,0.0,3.010876704908847e-09,7.565309324190623e-06,57737,42847,86234,19462
145419,1.1446100313623148e-05,0.0,3.010876704908847e-09,7.565309324190623e-06,57738,42848,86235,19463
143518,1.1446100313623148e-05,0.0,3.010876704908847e-09,7.565309324190623e-06,57739,42849,86236,19464
143326,1.1446100313623148e-05,0.0,3.010876704908847e-09,7.565309324190623e-06,57740,42850,86237,19465
145272,1.1446100313623148e-05,0.0,3.010876704908847e-09,7.565309324190623e-06,57741,42851,86238,19466
145115,1.1446100313623148e-05,0.0,3.010876704908847e-09,7.565309324190623e-06,57742,42852,86239,19467
146207,1.1446100313623148e-05,0.0,3.010876704908847e-09,7.565309324190623e-06,57743,42853,86240,19468
145673,1.1446100313623148e-05,0.0,3.010876704908847e-09,7.565309324190623e-06,57744,42854,86241,19469
144703,1.1446100313623148e-05,0.0,3.010876704908847e-09,7.565309324190623e-06,57745,42855,86242,19470
144941,1.1446100313623148e-05,0.0,3.010876704908847e-09,7.565309324190623e-06,57746,42856,86243,19471
146352,1.1446100313623148e-05,0.0,3.010876704908847e-09,7.565309324190623e-06,57747,42857,86244,19472
143323,1.1446100313623148e-05,0.0,3.010876704908847e-09,7.565309324190623e-06,57748,42858,86245,19473
145957,1.1446100313623148e-05,0.0,3.010876704908847e-09,7.565309324190623e-06,57749,42859,86246,19474
144805,1.1446100313623148e-05,0.0,3.010876704908847e-09,7.565309324190623e-06,57750,42860,86247,19475
143256,1.1446100313623148e-05,0.0,3.010876704908847e-09,7.565309324190623e-06,57751,42861,86248,19476
146272,1.1446100313623148e-05,0.0,3.010876704908847e-09,7.565309324190623e-06,57752,42862,86249,19477
142807,1.1446100313623148e-05,0.0,3.010876704908847e-09,7.565309324190623e-06,57753,42863,86250,19478
146413,1.1446100313623148e-05,0.0,3.010876704908847e-09,7.565309324190623e-06,57754,42864,86251,19479
143953,1.1446100313623148e-05,0.0,3.010876704908847e-09,7.565309324190623e-06,57755,42865,86252,19480
145893,1.1446100313623148e-05,0.0,3.010876704908847e-09,7.565309324190623e-06,57756,42866,86253,19481
145138,1.1446100313623148e-05,0.0,3.010876704908847e-09,7.565309324190623e-06,57757,42867,86254,19482
144317,1.1446100313623148e-05,0.0,3.010876704908847e-09,7.565309324190623e-06,57758,42868,86255,19483
144916,1.1446100313623148e-05,0.0,3.010876704908847e-09,7.565309324190623e-06,57759,42869,86256,19484
143388,1.1446100313623148e-05,0.0,3.010876704908847e-09,7.565309324190623e-06,57760,42870,86257,19485
146398,1.1446100313623148e-05,0.0,3.010876704908847e-09,7.565309324190623e-06,57761,42871,86258,19486
143508,1.1446100313623148e-05,0.0,3.010876704908847e-09,7.565309324190623e-06,57762,42872,86259,19487
144670,1.1446100313623148e-05,0.0,3.010876704908847e-09,7.565309324190623e-06,57763,42873,86260,19488
145533,1.1446100313623148e-05,0.0,3.010876704908847e-09,7.565309324190623e-06,57764,42874,86261,19489
143846,1.1446100313623148e-05,0.0,3.010876704908847e-09,7.565309324190623e-06,57765,42875,86262,19490
145500,1.1446100313623148e-05,0.0,3.010876704908847e-09,7.565309324190623e-06,57766,42876,86263,19491
143773,1.1446100313623148e-05,0.0,3.010876704908847e-09,7.565309324190623e-06,57767,42877,86264,19492
146508,1.1446100313623148e-05,0.0,3.010876704908847e-09,7.565309324190623e-06,57768,42878,86265,19493
145170,1.1446100313623148e-05,0.0,3.010876704908847e-09,7.565309324190623e-06,57769,42879,86266,19494
143624,1.1446100313623148e-05,0.0,3.010876704908847e-09,7.565309324190623e-06,57770,42880,86267,19495
146036,1.1446100313623148e-05,0.0,3.010876704908847e-09,7.565309324190623e-06,57771,42881,86268,19496
143416,1.1446100313623148e-05,0.0,3.010876704908847e-09,7.565309324190623e-06,57772,42882,86269,19497
142994,1.1446100313623148e-05,0.0,3.010876704908847e-09,7.565309324190623e-06,57773,42883,86270,19498
143464,1.1446100313623148e-05,0.0,3.010876704908847e-09,7.565309324190623e-06,57774,42884,86271,19499
144862,1.1446100313623148e-05,0.0,3.010876704908847e-09,7.565309324190623e-06,57775,42885,86272,19500
143449,1.1446100313623148e-05,0.0,3.010876704908847e-09,7.565309324190623e-06,57776,42886,86273,19501
143667,1.1446100313623148e-05,0.0,3.010876704908847e-09,7.565309324190623e-06,57777,42887,86274,19502
145441,1.1446100313623148e-05,0.0,3.010876704908847e-09,7.565309324190623e-06,57778,42888,86275,19503
146295,1.1446100313623148e-05,0.0,3.010876704908847e-09,7.565309324190623e-06,57779,42889,86276,19504
146625,1.1446100313623148e-05,0.0,3.010876704908847e-09,7.565309324190623e-06,57780,42890,86277,19505
144978,1.1446100313623148e-05,0.0,3.010876704908847e-09,7.565309324190623e-06,57781,42891,86278,19506
143428,1.1446100313623148e-05,0.0,3.010876704908847e-09,7.565309324190623e-06,57782,42892,86279,19507
143704,1.1446100313623148e-05,0.0,3.010876704908847e-09,7.565309324190623e-06,57783,42893,86280,19508
144412,1.1446100313623148e-05,0.0,3.010876704908847e-09,7.565309324190623e-06,57784,42894,86281,19509
146609,1.1446100313623148e-05,0.0,3.010876704908847e-09,7.565309324190623e-06,57785,42895,86282,19510
143951,1.1446100313623148e-05,0.0,3.010876704908847e-09,7.565309324190623e-06,57786,42896,86283,19511
144749,1.1446100313623148e-05,0.0,3.010876704908847e-09,7.565309324190623e-06,57787,42897,86284,19512
145133,1.1446100313623148e-05,0.0,3.010876704908847e-09,7.565309324190623e-06,57788,42898,86285,19513
144140,1.1446100313623148e-05,0.0,3.010876704908847e-09,7.565309324190623e-06,57789,42899,86286,19514
142940,1.1446100313623148e-05,0.0,3.010876704908847e-09,7.565309324190623e-06,57790,42900,86287,19515
146250,1.1446100313623148e-05,0.0,3.010876704908847e-09,7.565309324190623e-06,57791,42901,86288,19516
144499,1.1446100313623148e-05,0.0,3.010876704908847e-09,7.565309324190623e-06,57792,42902,86289,19517
145408,1.1446100313623148e-05,0.0,3.010876704908847e-09,7.565309324190623e-06,57793,42903,86290,19518
143019,1.1446100313623148e-05,0.0,3.010876704908847e-09,7.565309324190623e-06,57794,42904,86291,19519
146004,1.1446100313623148e-05,0.0,3.010876704908847e-09,7.565309324190623e-06,57795,42905,86292,19520
145342,1.1446100313623148e-05,0.0,3.010876704908847e-09,7.565309324190623e-06,57796,42906,86293,19521
146350,1.1446100313623148e-05,0.0,3.010876704908847e-09,7.565309324190623e-06,57797,42907,86294,19522
144923,1.1446100313623148e-05,0.0,3.010876704908847e-09,7.565309324190623e-06,57798,42908,86295,19523
146699,1.1446100313623148e-05,0.0,3.010876704908847e-09,7.565309324190623e-06,57799,42909,86296,19524
145787,1.1446100313623148e-05,0.0,3.010876704908847e-09,7.565309324190623e-06,57800,42910,86297,19525
143973,1.1446100313623148e-05,0.0,3.010876704908847e-09,7.565309324190623e-06,57801,42911,86298,19526
144430,1.1446100313623148e-05,0.0,3.010876704908847e-09,7.565309324190623e-06,57802,42912,86299,19527
145650,1.1446100313623148e-05,0.0,3.010876704908847e-09,7.565309324190623e-06,57803,42913,86300,19528
144201,1.1446100313623148e-05,0.0,3.010876704908847e-09,7.565309324190623e-06,57804,42914,86301,19529
143005,1.1446100313623148e-05,0.0,3.010876704908847e-09,7.565309324190623e-06,57805,42915,86302,19530
143148,1.1446100313623148e-05,0.0,3.010876704908847e-09,7.565309324190623e-06,57806,42916,86303,19531
145541,1.1446100313623148e-05,0.0,3.010876704908847e-09,7.565309324190623e-06,57807,42917,86304,19532
143919,1.1446100313623148e-05,0.0,3.010876704908847e-09,7.565309324190623e-06,57808,42918,86305,19533
144589,1.1446100313623148e-05,0.0,3.010876704908847e-09,7.565309324190623e-06,57809,42919,86306,19534
146568,1.1446100313623148e-05,0.0,3.010876704908847e-09,7.565309324190623e-06,57810,42920,86307,19535
145784,1.1446100313623148e-05,0.0,3.010876704908847e-09,7.565309324190623e-06,57811,42921,86308,19536
143638,1.1446100313623148e-05,0.0,3.010876704908847e-09,7.565309324190623e-06,57812,42922,86309,19537
145281,1.1446100313623148e-05,0.0,3.010876704908847e-09,7.565309324190623e-06,57813,42923,86310,19538
142670,1.1446100313623148e-05,0.0,3.010876704908847e-09,7.565309324190623e-06,57814,42924,86311,19539
144810,1.1446100313623148e-05,0.0,3.010876704908847e-09,7.565309324190623e-06,57815,42925,86312,19540
145759,1.1446100313623148e-05,0.0,3.010876704908847e-09,7.565309324190623e-06,57816,42926,86313,19541
146471,1.1446100313623148e-05,0.0,3.010876704908847e-09,7.565309324190623e-06,57817,42927,86314,19542
142858,1.1446100313623148e-05,0.0,3.010876704908847e-09,7.565309324190623e-06,57818,42928,86315,19543
146670,1.1446100313623148e-05,0.0,3.010876704908847e-09,7.565309324190623e-06,57819,42929,86316,19544
143281,1.1446100313623148e-05,0.0,3.010876704908847e-09,7.565309324190623e-06,57820,42930,86317,19545
143000,1.1446100313623148e-05,0.0,3.010876704908847e-09,7.565309324190623e-06,57821,42931,86318,19546
143872,1.1446100313623148e-05,0.0,3.010876704908847e-09,7.565309324190623e-06,57822,42932,86319,19547
145584,1.1446100313623148e-05,0.0,3.010876704908847e-09,7.565309324190623e-06,57823,42933,86320,19548
145941,1.1446100313623148e-05,0.0,3.010876704908847e-09,7.565309324190623e-06,57824,42934,86321,19549
144909,1.1446100313623148e-05,0.0,3.010876704908847e-09,7.565309324190623e-06,57825,42935,86322,19550
143756,1.1446100313623148e-05,0.0,3.010876704908847e-09,7.565309324190623e-06,57826,42936,86323,19551
143567,1.1446100313623148e-05,0.0,3.010876704908847e-09,7.565309324190623e-06,57827,42937,86324,19552
143156,1.1446100313623148e-05,0.0,3.010876704908847e-09,7.565309324190623e-06,57828,42938,86325,19553
142770,1.1446100313623148e-05,0.0,3.010876704908847e-09,7.565309324190623e-06,57829,42939,86326,19554
146287,1.1446100313623148e-05,0.0,3.010876704908847e-09,7.565309324190623e-06,57830,42940,86327,19555
143968,1.1446100313623148e-05,0.0,3.010876704908847e-09,7.565309324190623e-06,57831,42941,86328,19556
142851,1.1446100313623148e-05,0.0,3.010876704908847e-09,7.565309324190623e-06,57832,42942,86329,19557
144290,1.1446100313623148e-05,0.0,3.010876704908847e-09,7.565309324190623e-06,57833,42943,86330,19558
143928,1.1446100313623148e-05,0.0,3.010876704908847e-09,7.565309324190623e-06,57834,42944,86331,19559
142705,1.1446100313623148e-05,0.0,3.010876704908847e-09,7.565309324190623e-06,57835,42945,86332,19560
144399,1.1446100313623148e-05,0.0,3.010876704908847e-09,7.565309324190623e-06,57836,42946,86333,19561
145520,1.1446100313623148e-05,0.0,3.010876704908847e-09,7.565309324190623e-06,57837,42947,86334,19562
146172,1.1446100313623148e-05,0.0,3.010876704908847e-09,7.565309324190623e-06,57838,42948,86335,19563
146311,1.1446100313623148e-05,0.0,3.010876704908847e-09,7.565309324190623e-06,57839,42949,86336,19564
144302,1.1446100313623148e-05,0.0,3.010876704908847e-09,7.565309324190623e-06,57840,42950,86337,19565
146550,1.1446100313623148e-05,0.0,3.010876704908847e-09,7.565309324190623e-06,57841,42951,86338,19566
144720,1.1446100313623148e-05,0.0,3.010876704908847e-09,7.565309324190623e-06,57842,42952,86339,19567
145854,1.1446100313623148e-05,0.0,3.010876704908847e-09,7.565309324190623e-06,57843,42953,86340,19568
142952,1.1446100313623148e-05,0.0,3.010876704908847e-09,7.565309324190623e-06,57844,42954,86341,19569
144574,1.1446100313623148e-05,0.0,3.010876704908847e-09,7.565309324190623e-06,57845,42955,86342,19570
45062,3.433830094086944e-05,2.488327495235287e-06,8.244904628774475e-06,7.5206228369871016e-06,23009,11347,59175,19679
139099,3.433830094086944e-05,2.488327495235287e-06,8.244904628774475e-06,7.5206228369871016e-06,23010,11348,59176,19680
137695,3.433830094086944e-05,1.145270442581535e-05,1.747370262406943e-05,7.434111895858879e-06,23041,7627,51697,19879
151194,4.578440125449259e-05,6.815897081127357e-06,7.13840330933871e-06,7.417945673045945e-06,19419,9462,60811,19916
151438,1.1446100313623148e-05,0.0,5.635661667123099e-12,7.399996037262737e-06,57846,42984,87200,19961
151424,1.1446100313623148e-05,0.0,5.635661667123099e-12,7.399996037262737e-06,57847,42985,87201,19962
151432,1.1446100313623148e-05,0.0,5.635661667123099e-12,7.399996037262737e-06,57848,42986,87202,19963
151427,1.1446100313623148e-05,0.0,5.635661667123099e-12,7.399996037262737e-06,57849,42987,87203,19964
151456,1.1446100313623148e-05,0.0,5.635661667123099e-12,7.399996037262737e-06,57850,42988,87204,19965
151443,1.1446100313623148e-05,0.0,5.635661667123099e-12,7.399996037262737e-06,57851,42989,87205,19966
151423,1.1446100313623148e-05,0.0,5.635661667123099e-12,7.399996037262737e-06,57852,42990,87206,19967
151458,1.1446100313623148e-05,0.0,5.635661667123099e-12,7.399996037262737e-06,57853,42991,87207,19968
151435,1.1446100313623148e-05,0.0,5.635661667123099e-12,7.399996037262737e-06,57854,42992,87208,19969
151430,1.1446100313623148e-05,0.0,5.635661667123099e-12,7.399996037262737e-06,57855,42993,87209,19970
151449,1.1446100313623148e-05,0.0,5.635661667123099e-12,7.399996037262737e-06,57856,42994,87210,19971
151434,1.1446100313623148e-05,0.0,5.635661667123099e-12,7.399996037262737e-06,57857,42995,87211,19972
151447,1.1446100313623148e-05,0.0,5.635661667123099e-12,7.399996037262737e-06,57858,42996,87212,19973
151451,1.1446100313623148e-05,0.0,5.635661667123099e-12,7.399996037262737e-06,57859,42997,87213,19974
151439,1.1446100313623148e-05,0.0,5.635661667123099e-12,7.399996037262737e-06,57860,42998,87214,19975
151446,1.1446100313623148e-05,0.0,5.635661667123099e-12,7.399996037262737e-06,57861,42999,87215,19976
151462,1.1446100313623148e-05,0.0,5.635661667123099e-12,7.399996037262737e-06,57862,43000,87216,19977
151455,1.1446100313623148e-05,0.0,5.635661667123099e-12,7.399996037262737e-06,57863,43001,87217,19978
151457,1.1446100313623148e-05,0.0,5.635661667123099e-12,7.399996037262737e-06,57864,43002,87218,19979
151459,1.1446100313623148e-05,0.0,5.635661667123099e-12,7.399996037262737e-06,57865,43003,87219,19980
151442,1.1446100313623148e-05,0.0,5.635661667123099e-12,7.399996037262737e-06,57866,43004,87220,19981
151440,1.1446100313623148e-05,0.0,5.635661667123099e-12,7.399996037262737e-06,57867,43005,87221,19982
151460,1.1446100313623148e-05,0.0,5.635661667123099e-12,7.399996037262737e-06,57868,43006,87222,19983
151436,1.1446100313623148e-05,0.0,5.635661667123099e-12,7.399996037262737e-06,57869,43007,87223,19984
151426,1.1446100313623148e-05,0.0,5.635661667123099e-12,7.399996037262737e-06,57870,43008,87224,19985
151433,1.1446100313623148e-05,0.0,5.635661667123099e-12,7.399996037262737e-06,57871,43009,87225,19986
151428,1.1446100313623148e-05,0.0,5.635661667123099e-12,7.399996037262737e-06,57872,43010,87226,19987
151444,1.1446100313623148e-05,0.0,5.635661667123099e-12,7.399996037262737e-06,57873,43011,87227,19988
151445,1.1446100313623148e-05,0.0,5.635661667123099e-12,7.399996037262737e-06,57874,43012,87228,19989
151450,1.1446100313623148e-05,0.0,5.635661667123099e-12,7.399996037262737e-06,57875,43013,87229,19990
151454,1.1446100313623148e-05,0.0,5.635661667123099e-12,7.399996037262737e-06,57876,43014,87230,19991
151425,1.1446100313623148e-05,0.0,5.635661667123099e-12,7.399996037262737e-06,57877,43015,87231,19992
151437,1.1446100313623148e-05,0.0,5.635661667123099e-12,7.399996037262737e-06,57878,43016,87232,19993
151461,1.1446100313623148e-05,0.0,5.635661667123099e-12,7.399996037262737e-06,57879,43017,87233,19994
151448,1.1446100313623148e-05,0.0,5.635661667123099e-12,7.399996037262737e-06,57880,43018,87234,19995
151452,1.1446100313623148e-05,0.0,5.635661667123099e-12,7.399996037262737e-06,57881,43019,87235,19996
151429,1.1446100313623148e-05,0.0,5.635661667123099e-12,7.399996037262737e-06,57882,43020,87236,19997
151431,1.1446100313623148e-05,0.0,5.635661667123099e-12,7.399996037262737e-06,57883,43021,87237,19998
151441,1.1446100313623148e-05,0.0,5.635661667123099e-12,7.399996037262737e-06,57884,43022,87238,19999
151453,1.1446100313623148e-05,0.0,5.635661667123099e-12,7.399996037262737e-06,57885,43023,87239,20000
142105,1.1446100313623148e-05,0.0,5.635641972390476e-12,7.394714744492634e-06,57886,43031,87240,20021
142097,1.1446100313623148e-05,0.0,5.635641972390476e-12,7.394714744492634e-06,57887,43032,87241,20022
142099,1.1446100313623148e-05,0.0,5.635641972390476e-12,7.394714744492634e-06,57888,43033,87242,20023
142100,1.1446100313623148e-05,0.0,5.635641972390476e-12,7.394714744492634e-06,57889,43034,87243,20024
142093,1.1446100313623148e-05,0.0,5.635641972390476e-12,7.394714744492634e-06,57890,43035,87244,20025
142096,1.1446100313623148e-05,0.0,5.635641972390476e-12,7.394714744492634e-06,57891,43036,87245,20026
142083,1.1446100313623148e-05,0.0,5.635641972390476e-12,7.394714744492634e-06,57892,43037,87246,20027
142085,1.1446100313623148e-05,0.0,5.635641972390476e-12,7.394714744492634e-06,57893,43038,87247,20028
142086,1.1446100313623148e-05,0.0,5.635641972390476e-12,7.394714744492634e-06,57894,43039,87248,20029
142074,1.1446100313623148e-05,0.0,5.635641972390476e-12,7.394714744492634e-06,57895,43040,87249,20030
142079,1.1446100313623148e-05,0.0,5.635641972390476e-12,7.394714744492634e-06,57896,43041,87250,20031
142092,1.1446100313623148e-05,0.0,5.635641972390476e-12,7.394714744492634e-06,57897,43042,87251,20032
142081,1.1446100313623148e-05,0.0,5.635641972390476e-12,7.394714744492634e-06,57898,43043,87252,20033
142089,1.1446100313623148e-05,0.0,5.635641972390476e-12,7.394714744492634e-06,57899,43044,87253,20034
142067,1.1446100313623148e-05,0.0,5.635641972390476e-12,7.394714744492634e-06,57900,43045,87254,20035
142071,1.1446100313623148e-05,0.0,5.635641972390476e-12,7.394714744492634e-06,57901,43046,87255,20036
142082,1.1446100313623148e-05,0.0,5.635641972390476e-12,7.394714744492634e-06,57902,43047,87256,20037
142075,1.1446100313623148e-05,0.0,5.635641972390476e-12,7.394714744492634e-06,57903,43048,87257,20038
142106,1.1446100313623148e-05,0.0,5.635641972390476e-12,7.394714744492634e-06,57904,43049,87258,20039
142068,1.1446100313623148e-05,0.0,5.635641972390476e-12,7.394714744492634e-06,57905,43050,87259,20040
142087,1.1446100313623148e-05,0.0,5.635641972390476e-12,7.394714744492634e-06,57906,43051,87260,20041
142077,1.1446100313623148e-05,0.0,5.635641972390476e-12,7.394714744492634e-06,57907,43052,87261,20042
142090,1.1446100313623148e-05,0.0,5.635641972390476e-12,7.394714744492634e-06,57908,43053,87262,20043
142102,1.1446100313623148e-05,0.0,5.635641972390476e-12,7.394714744492634e-06,57909,43054,87263,20044
142095,1.1446100313623148e-05,0.0,5.635641972390476e-12,7.394714744492634e-06,57910,43055,87264,20045
142084,1.1446100313623148e-05,0.0,5.635641972390476e-12,7.394714744492634e-06,57911,43056,87265,20046
142080,1.1446100313623148e-05,0.0,5.635641972390476e-12,7.394714744492634e-06,57912,43057,87266,20047
142076,1.1446100313623148e-05,0.0,5.635641972390476e-12,7.394714744492634e-06,57913,43058,87267,20048
142088,1.1446100313623148e-05,0.0,5.635641972390476e-12,7.394714744492634e-06,57914,43059,87268,20049
142072,1.1446100313623148e-05,0.0,5.635641972390476e-12,7.394714744492634e-06,57915,43060,87269,20050
142078,1.1446100313623148e-05,0.0,5.635641972390476e-12,7.394714744492634e-06,57916,43061,87270,20051
142098,1.1446100313623148e-05,0.0,5.635641972390476e-12,7.394714744492634e-06,57917,43062,87271,20052
142070,1.1446100313623148e-05,0.0,5.635641972390476e-12,7.394714744492634e-06,57918,43063,87272,20053
142069,1.1446100313623148e-05,0.0,5.635641972390476e-12,7.394714744492634e-06,57919,43064,87273,20054
142091,1.1446100313623148e-05,0.0,5.635641972390476e-12,7.394714744492634e-06,57920,43065,87274,20055
142104,1.1446100313623148e-05,0.0,5.635641972390476e-12,7.394714744492634e-06,57921,43066,87275,20056
142073,1.1446100313623148e-05,0.0,5.635641972390476e-12,7.394714744492634e-06,57922,43067,87276,20057
142101,1.1446100313623148e-05,0.0,5.635641972390476e-12,7.394714744492634e-06,57923,43068,87277,20058
142094,1.1446100313623148e-05,0.0,5.635641972390476e-12,7.394714744492634e-06,57924,43069,87278,20059
140364,1.1446100313623148e-05,0.0,6.053658156603665e-11,7.391035989467044e-06,57925,43070,87105,20066
140373,1.1446100313623148e-05,0.0,6.053658156603665e-11,7.391035989467044e-06,57926,43071,87106,20067
140367,1.1446100313623148e-05,0.0,6.053658156603665e-11,7.391035989467044e-06,57927,43072,87107,20068
140368,1.1446100313623148e-05,0.0,6.053658156603665e-11,7.391035989467044e-06,57928,43073,87108,20069
140372,1.1446100313623148e-05,0.0,6.053658156603665e-11,7.391035989467044e-06,57929,43074,87109,20070
140366,1.1446100313623148e-05,0.0,6.053658156603665e-11,7.391035989467044e-06,57930,43075,87110,20071
140376,1.1446100313623148e-05,0.0,6.053658156603665e-11,7.391035989467044e-06,57931,43076,87111,20072
140371,1.1446100313623148e-05,0.0,6.053658156603665e-11,7.391035989467044e-06,57932,43077,87112,20073
140369,1.1446100313623148e-05,0.0,6.053658156603665e-11,7.391035989467044e-06,57933,43078,87113,20074
140377,1.1446100313623148e-05,0.0,6.053658156603665e-11,7.391035989467044e-06,57934,43079,87114,20075
140375,1.1446100313623148e-05,0.0,6.053658156603665e-11,7.391035989467044e-06,57935,43080,87115,20076
140370,1.1446100313623148e-05,0.0,6.053658156603665e-11,7.391035989467044e-06,57936,43081,87116,20077
140374,1.1446100313623148e-05,0.0,6.053658156603665e-11,7.391035989467044e-06,57937,43082,87117,20078
140378,1.1446100313623148e-05,0.0,6.053658156603665e-11,7.391035989467044e-06,57938,43083,87118,20079
58542,4.578440125449259e-05,2.880010374498557e-06,1.736075080101371e-05,7.390248168368767e-06,19430,11056,51740,20081
138421,4.578440125449259e-05,4.980778331163516e-07,8.24436231757463e-06,7.38319601655628e-06,19433,15945,59178,20095
142553,0.00011446100313623148,1.7187415295011147e-07,0.0002575467913362573,7.316069572525334e-06,12359,19324,15534,20266
134417,2.2892200627246296e-05,0.0,4.8101647115755575e-08,7.271925258399528e-06,31319,43106,80567,20382
137798,3.433830094086944e-05,0.0,4.884131562279331e-08,7.245657338076735e-06,23150,43113,80394,20451
17775,3.433830094086944e-05,1.4242816376300013e-08,9.691892835420684e-08,7.182656702579591e-06,23187,28510,79313,20602
59083,3.433830094086944e-05,1.4242816376300013e-08,9.691892835420684e-08,7.182656702579591e-06,23188,28511,79314,20603
23853,3.433830094086944e-05,1.4242816376300013e-08,9.691892835420684e-08,7.182656702579591e-06,23189,28512,79315,20604
138401,6.867660188173888e-05,1.1701302936955638e-05,7.992456091986758e-05,7.170656896088276e-06,15822,6909,29138,20635
131516,3.433830094086944e-05,2.050735475806798e-06,8.439767956425985e-06,7.096363506190762e-06,23248,11861,58995,20809
138538,6.867660188173888e-05,7.124380112087137e-07,0.00017719618360854418,7.093114177789449e-06,15832,14863,18560,20816
146782,3.433830094086944e-05,1.2988571161331473e-07,5.020996549366085e-06,7.045525757510919e-06,23286,20314,63857,20960
140250,1.1446100313623148e-05,0.0,3.2368516395069185e-08,7.0350808373641696e-06,57955,43157,80987,21000
140258,1.1446100313623148e-05,0.0,3.2368516395069185e-08,7.0350808373641696e-06,57956,43158,80988,21001
140249,1.1446100313623148e-05,0.0,3.2368516395069185e-08,7.0350808373641696e-06,57957,43159,80989,21002
140261,1.1446100313623148e-05,0.0,3.2368516395069185e-08,7.0350808373641696e-06,57958,43160,80990,21003
140255,1.1446100313623148e-05,0.0,3.2368516395069185e-08,7.0350808373641696e-06,57959,43161,80991,21004
140260,1.1446100313623148e-05,0.0,3.2368516395069185e-08,7.0350808373641696e-06,57960,43162,80992,21005
140251,1.1446100313623148e-05,0.0,3.2368516395069185e-08,7.0350808373641696e-06,57961,43163,80993,21006
140256,1.1446100313623148e-05,0.0,3.2368516395069185e-08,7.0350808373641696e-06,57962,43164,80994,21007
140245,1.1446100313623148e-05,0.0,3.2368516395069185e-08,7.0350808373641696e-06,57963,43165,80995,21008
140246,1.1446100313623148e-05,0.0,3.2368516395069185e-08,7.0350808373641696e-06,57964,43166,80996,21009
140247,1.1446100313623148e-05,0.0,3.2368516395069185e-08,7.0350808373641696e-06,57965,43167,80997,21010
140254,1.1446100313623148e-05,0.0,3.2368516395069185e-08,7.0350808373641696e-06,57966,43168,80998,21011
140248,1.1446100313623148e-05,0.0,3.2368516395069185e-08,7.0350808373641696e-06,57967,43169,80999,21012
140253,1.1446100313623148e-05,0.0,3.2368516395069185e-08,7.0350808373641696e-06,57968,43170,81000,21013
140259,1.1446100313623148e-05,0.0,3.2368516395069185e-08,7.0350808373641696e-06,57969,43171,81001,21014
140252,1.1446100313623148e-05,0.0,3.2368516395069185e-08,7.0350808373641696e-06,57970,43172,81002,21015
140257,1.1446100313623148e-05,0.0,3.2368516395069185e-08,7.0350808373641696e-06,57971,43173,81003,21016
137266,2.2892200627246296e-05,0.0,1.7394222167922754e-05,6.983416414449436e-06,31397,43192,51726,21192
17969,2.2892200627246296e-05,2.2161634987441213e-09,4.8031725613302786e-08,6.968825472862946e-06,31399,34002,80568,21238
140512,1.1446100313623148e-05,0.0,3.236829066446628e-08,6.968219592242455e-06,57984,43194,81005,21239
140510,1.1446100313623148e-05,0.0,3.236829066446628e-08,6.968219592242455e-06,57985,43195,81006,21240
140518,1.1446100313623148e-05,0.0,3.236829066446628e-08,6.968219592242455e-06,57986,43196,81007,21241
140515,1.1446100313623148e-05,0.0,3.236829066446628e-08,6.968219592242455e-06,57987,43197,81008,21242
140520,1.1446100313623148e-05,0.0,3.236829066446628e-08,6.968219592242455e-06,57988,43198,81009,21243
140508,1.1446100313623148e-05,0.0,3.236829066446628e-08,6.968219592242455e-06,57989,43199,81010,21244
140519,1.1446100313623148e-05,0.0,3.236829066446628e-08,6.968219592242455e-06,57990,43200,81011,21245
140522,1.1446100313623148e-05,0.0,3.236829066446628e-08,6.968219592242455e-06,57991,43201,81012,21246
140521,1.1446100313623148e-05,0.0,3.236829066446628e-08,6.968219592242455e-06,57992,43202,81013,21247
140514,1.1446100313623148e-05,0.0,3.236829066446628e-08,6.968219592242455e-06,57993,43203,81014,21248
140509,1.1446100313623148e-05,0.0,3.236829066446628e-08,6.968219592242455e-06,57994,43204,81015,21249
140511,1.1446100313623148e-05,0.0,3.236829066446628e-08,6.968219592242455e-06,57995,43205,81016,21250
140513,1.1446100313623148e-05,0.0,3.236829066446628e-08,6.968219592242455e-06,57996,43206,81017,21251
140516,1.1446100313623148e-05,0.0,3.236829066446628e-08,6.968219592242455e-06,57997,43207,81018,21252
140517,1.1446100313623148e-05,0.0,3.236829066446628e-08,6.968219592242455e-06,57998,43208,81019,21253
134772,2.2892200627246296e-05,1.1446231328335146e-05,1.7342597578511784e-05,6.951296820973718e-06,31409,8203,51772,21297
17638,2.2892200627246296e-05,1.1446231328335146e-05,1.7342597578511784e-05,6.951296820973718e-06,31410,8204,51773,21298
151058,2.2892200627246296e-05,1.1446231328335146e-05,1.7342597578511784e-05,6.951296820973718e-06,31411,8205,51774,21299
139018,2.2892200627246296e-05,0.0003447757492512248,1.7342597578511784e-05,6.951296820973718e-06,31412,1342,51775,21300
146950,6.867660188173888e-05,1.1648616028449488e-05,0.0002882289687466733,6.9371247764173815e-06,15852,6971,14989,21330
140857,1.1446100313623148e-05,0.0,3.236795207446019e-08,6.833566641694892e-06,58000,43231,81020,21599
140855,1.1446100313623148e-05,0.0,3.236795207446019e-08,6.833566641694892e-06,58001,43232,81021,21600
140860,1.1446100313623148e-05,0.0,3.236795207446019e-08,6.833566641694892e-06,58002,43233,81022,21601
140862,1.1446100313623148e-05,0.0,3.236795207446019e-08,6.833566641694892e-06,58003,43234,81023,21602
140854,1.1446100313623148e-05,0.0,3.236795207446019e-08,6.833566641694892e-06,58004,43235,81024,21603
140863,1.1446100313623148e-05,0.0,3.236795207446019e-08,6.833566641694892e-06,58005,43236,81025,21604
140858,1.1446100313623148e-05,0.0,3.236795207446019e-08,6.833566641694892e-06,58006,43237,81026,21605
140856,1.1446100313623148e-05,0.0,3.236795207446019e-08,6.833566641694892e-06,58007,43238,81027,21606
140853,1.1446100313623148e-05,0.0,3.236795207446019e-08,6.833566641694892e-06,58008,43239,81028,21607
140859,1.1446100313623148e-05,0.0,3.236795207446019e-08,6.833566641694892e-06,58009,43240,81029,21608
140852,1.1446100313623148e-05,0.0,3.236795207446019e-08,6.833566641694892e-06,58010,43241,81030,21609
140861,1.1446100313623148e-05,0.0,3.236795207446019e-08,6.833566641694892e-06,58011,43242,81031,21610
212532,9.156880250898518e-05,2.1179110132180528e-07,0.0002082695140900215,6.80434055646069e-06,13694,18616,16754,21724
45576,3.433830094086944e-05,8.266621854582805e-07,1.0379435234802214e-06,6.794693481262793e-06,23510,14384,72628,21751
140895,3.433830094086944e-05,2.18290618268934e-08,2.282294866120275e-07,6.788830560549855e-06,23514,26832,77396,21765
153376,0.00011446100313623148,7.928780496428493e-10,9.85135206510924e-05,6.766130293285598e-06,12405,36174,27065,21842
7641,2.2892200627246296e-05,5.178259383819169e-08,1.016181261105846e-07,6.743559876025955e-06,31468,23451,79212,21909
140238,1.1446100313623148e-05,0.0,3.23677263517215e-08,6.708292253268042e-06,58021,43285,81032,22019
138514,1.1446100313623148e-05,0.0,3.23677263517215e-08,6.708292253268042e-06,58022,43286,81033,22020
138641,1.1446100313623148e-05,0.0,3.23677263517215e-08,6.708292253268042e-06,58023,43287,81034,22021
138513,1.1446100313623148e-05,0.0,3.23677263517215e-08,6.708292253268042e-06,58024,43288,81035,22022
138635,1.1446100313623148e-05,0.0,3.23677263517215e-08,6.708292253268042e-06,58025,43289,81036,22023
138387,1.1446100313623148e-05,0.0,3.23677263517215e-08,6.708292253268042e-06,58026,43290,81037,22024
138597,1.1446100313623148e-05,0.0,3.23677263517215e-08,6.708292253268042e-06,58027,43291,81038,22025
138436,1.1446100313623148e-05,0.0,3.23677263517215e-08,6.708292253268042e-06,58028,43292,81039,22026
138679,1.1446100313623148e-05,0.0,3.23677263517215e-08,6.708292253268042e-06,58029,43293,81040,22027
138409,1.1446100313623148e-05,0.0,3.23677263517215e-08,6.708292253268042e-06,58030,43294,81041,22028
131574,3.433830094086944e-05,2.6344500676326925e-09,6.520432521553749e-08,6.671344753881058e-06,23629,33611,80002,22134
140061,3.433830094086944e-05,1.1446231328335146e-05,2.7664809754188075e-05,6.623818236598093e-06,23673,8265,47422,22296
137697,2.2892200627246296e-05,0.0,1.7375148220429906e-05,6.5692929856366564e-06,31539,43346,51733,22465
140292,2.2892200627246296e-05,0.0,1.7375148220429906e-05,6.5692929856366564e-06,31540,43347,51734,22466
140293,2.2892200627246296e-05,0.0,1.7375148220429906e-05,6.5692929856366564e-06,31541,43348,51735,22467
134169,3.433830094086944e-05,2.0177635827207986e-06,4.949548656517554e-06,6.519681387070524e-06,23743,11898,64034,22606
146842,3.433830094086944e-05,1.4718447888517461e-06,8.983026133103169e-06,6.474519643666266e-06,23784,12760,58292,22760
63561,3.433830094086944e-05,1.1339121412532938e-08,8.47292019612056e-06,6.474119313364288e-06,23785,29264,58965,22763
56047,2.2892200627246296e-05,8.61182314972665e-08,2.277095605691914e-07,6.462766545429738e-06,31592,21789,77404,22803
204856,0.00010301490282260833,2.809619250285186e-07,0.0002554556987050574,6.436119450404924e-06,13052,17659,15600,22897
151311,2.2892200627246296e-05,0.0,4.112412856246469e-09,6.431506333470781e-06,31611,43399,82128,22908
151187,0.00010301490282260833,3.987712703665857e-07,0.0005633836843452113,6.378622439818384e-06,13064,16627,12174,23153
151331,4.578440125449259e-05,7.528699200246913e-08,8.930747379827521e-06,6.376203200045515e-06,19973,22259,58395,23161
23852,3.433830094086944e-05,2.7139710047885677e-05,2.3451691227425507e-05,6.327529860051206e-06,23953,4343,49255,23365
140359,1.1446100313623148e-05,0.0,5.162494663429064e-08,6.3133887157781304e-06,58116,43544,80287,23417
140361,1.1446100313623148e-05,0.0,5.162494663429064e-08,6.3133887157781304e-06,58117,43545,80288,23418
140346,1.1446100313623148e-05,0.0,5.162494663429064e-08,6.3133887157781304e-06,58118,43546,80289,23419
140358,1.1446100313623148e-05,0.0,5.162494663429064e-08,6.3133887157781304e-06,58119,43547,80290,23420
140351,1.1446100313623148e-05,0.0,5.162494663429064e-08,6.3133887157781304e-06,58120,43548,80291,23421
140347,1.1446100313623148e-05,0.0,5.162494663429064e-08,6.3133887157781304e-06,58121,43549,80292,23422
140352,1.1446100313623148e-05,0.0,5.162494663429064e-08,6.3133887157781304e-06,58122,43550,80293,23423
140349,1.1446100313623148e-05,0.0,5.162494663429064e-08,6.3133887157781304e-06,58123,43551,80294,23424
140355,1.1446100313623148e-05,0.0,5.162494663429064e-08,6.3133887157781304e-06,58124,43552,80295,23425
140354,1.1446100313623148e-05,0.0,5.162494663429064e-08,6.3133887157781304e-06,58125,43553,80296,23426
140357,1.1446100313623148e-05,0.0,5.162494663429064e-08,6.3133887157781304e-06,58126,43554,80297,23427
140350,1.1446100313623148e-05,0.0,5.162494663429064e-08,6.3133887157781304e-06,58127,43555,80298,23428
140360,1.1446100313623148e-05,0.0,5.162494663429064e-08,6.3133887157781304e-06,58128,43556,80299,23429
140356,1.1446100313623148e-05,0.0,5.162494663429064e-08,6.3133887157781304e-06,58129,43557,80300,23430
140348,1.1446100313623148e-05,0.0,5.162494663429064e-08,6.3133887157781304e-06,58130,43558,80301,23431
140353,1.1446100313623148e-05,0.0,5.162494663429064e-08,6.3133887157781304e-06,58131,43559,80302,23432
136195,3.433830094086944e-05,6.27628050156998e-08,1.737437911120361e-05,6.300407749437215e-06,23984,22837,51736,23504
140682,0.00011446100313623148,1.6242987717860217e-07,0.0003427965528958153,6.227458148494945e-06,12455,19501,14133,23811
141005,2.2892200627246296e-05,0.0,1.8561859792805106e-08,6.207894504641788e-06,31847,43699,81456,23940
55956,3.433830094086944e-05,3.393705387986349e-06,5.479237940038512e-05,6.173189230878464e-06,24094,10717,36791,24070
200536,0.00010301490282260833,1.3673036014576962e-08,0.00011542822920823663,6.1703372291704945e-06,13089,28656,25342,24081
63548,2.2892200627246296e-05,7.643767156531112e-09,6.319191654469723e-08,6.101166165217011e-06,31950,30560,80056,24367
38367,2.2892200627246296e-05,7.643767156531112e-09,6.319191654469723e-08,6.101166165217011e-06,31951,30561,80057,24368
55971,2.2892200627246296e-05,7.64631592850728e-09,6.319191654469723e-08,6.101166165217011e-06,31952,30559,80058,24369
202396,8.012270219536204e-05,1.305077420389968e-07,4.2674392621834314e-05,6.050735925117213e-06,14758,20293,41092,24550
139178,2.2892200627246296e-05,8.232131816547056e-09,4.3867741624588734e-08,6.04218071568561e-06,31998,30299,80671,24592
137726,2.2892200627246296e-05,8.232131816547056e-09,4.3867741624588734e-08,6.04218071568561e-06,31999,30300,80672,24593
45083,2.2892200627246296e-05,8.232131816547056e-09,4.3867741624588734e-08,6.04218071568561e-06,32000,30301,80673,24594
24147,2.2892200627246296e-05,8.232131816547056e-09,4.3867741624588734e-08,6.04218071568561e-06,32001,30302,80674,24595
38027,2.2892200627246296e-05,8.232131816547056e-09,4.3867741624588734e-08,6.04218071568561e-06,32002,30303,80675,24596
17964,2.2892200627246296e-05,6.187439326257501e-08,5.387804131677537e-08,6.017888732233601e-06,32035,22876,80210,24705
58854,2.2892200627246296e-05,5.769084464682976e-09,2.599866265520757e-07,5.967988780439232e-06,32103,31514,76967,24964
146817,2.2892200627246296e-05,5.769084464682976e-09,2.599866265520757e-07,5.967988780439232e-06,32104,31515,76968,24965
56042,2.2892200627246296e-05,3.87506061305516e-09,2.42944126613224e-07,5.955104419988582e-06,32118,32679,77133,25013
134756,3.433830094086944e-05,3.5273782855731895e-08,1.7375196525313064e-05,5.906238689155629e-06,24395,24806,51732,25242
146841,2.2892200627246296e-05,0.0,2.280488779744661e-07,5.8848813203806e-06,32234,44002,77400,25413
9939,2.2892200627246296e-05,1.0601354480925105e-08,5.445976801931602e-08,5.87846393418394e-06,32249,29501,80199,25453
150173,9.156880250898518e-05,3.9839841874754564e-07,0.0005549772994328644,5.871302062380494e-06,13836,16630,12222,25479
63581,2.2892200627246296e-05,0.0,8.259534559350393e-06,5.8611361983524105e-06,32269,44025,59152,25523
24139,2.2892200627246296e-05,0.0,8.259534559350393e-06,5.8611361983524105e-06,32270,44026,59153,25524
58852,2.2892200627246296e-05,0.0,8.259534559350393e-06,5.8611361983524105e-06,32271,44027,59154,25525
45106,2.2892200627246296e-05,0.0,8.259534559350393e-06,5.8611361983524105e-06,32272,44028,59155,25526
135061,3.433830094086944e-05,0.0,8.243619312542137e-06,5.853681641999499e-06,24460,44035,59184,25564
4611,2.2892200627246296e-05,8.410940696101578e-10,8.80505196065146e-08,5.853383684616628e-06,32282,36087,79516,25565
9805,2.2892200627246296e-05,8.410940696101578e-10,8.80505196065146e-08,5.853383684616628e-06,32283,36088,79517,25566
37942,2.2892200627246296e-05,8.410940696101578e-10,8.80505196065146e-08,5.853383684616628e-06,32284,36089,79518,25567
56002,2.2892200627246296e-05,8.410940696101578e-10,8.80505196065146e-08,5.853383684616628e-06,32285,36090,79519,25568
63634,2.2892200627246296e-05,8.410940696101578e-10,8.80505196065146e-08,5.853383684616628e-06,32286,36091,79520,25569
7653,2.2892200627246296e-05,8.410940696101578e-10,8.80505196065146e-08,5.853383684616628e-06,32287,36092,79521,25570
55982,2.2892200627246296e-05,8.410940696101578e-10,8.80505196065146e-08,5.853383684616628e-06,32288,36093,79522,25571
38380,2.2892200627246296e-05,8.410940696101578e-10,8.80505196065146e-08,5.853383684616628e-06,32289,36094,79523,25572
9810,2.2892200627246296e-05,8.410940696101578e-10,8.80505196065146e-08,5.853383684616628e-06,32290,36095,79524,25573
9811,2.2892200627246296e-05,8.410940696101578e-10,8.80505196065146e-08,5.853383684616628e-06,32291,36096,79525,25574
139110,2.2892200627246296e-05,8.413745277860864e-10,8.80505196065146e-08,5.853383684616628e-06,32292,36086,79526,25575
140530,1.1446100313623148e-05,0.0,5.168512303271598e-08,5.853307385306813e-06,58284,44036,80266,25576
140529,1.1446100313623148e-05,0.0,5.168512303271598e-08,5.853307385306813e-06,58285,44037,80267,25577
140536,1.1446100313623148e-05,0.0,5.168512303271598e-08,5.853307385306813e-06,58286,44038,80268,25578
140528,1.1446100313623148e-05,0.0,5.168512303271598e-08,5.853307385306813e-06,58287,44039,80269,25579
140531,1.1446100313623148e-05,0.0,5.168512303271598e-08,5.853307385306813e-06,58288,44040,80270,25580
140537,1.1446100313623148e-05,0.0,5.168512303271598e-08,5.853307385306813e-06,58289,44041,80271,25581
140535,1.1446100313623148e-05,0.0,5.168512303271598e-08,5.853307385306813e-06,58290,44042,80272,25582
140538,1.1446100313623148e-05,0.0,5.168512303271598e-08,5.853307385306813e-06,58291,44043,80273,25583
137402,1.1446100313623148e-05,0.0,5.168512303271598e-08,5.853307385306813e-06,58292,44044,80274,25584
140533,1.1446100313623148e-05,0.0,5.168512303271598e-08,5.853307385306813e-06,58293,44045,80275,25585
137401,1.1446100313623148e-05,0.0,5.168512303271598e-08,5.853307385306813e-06,58294,44046,80276,25586
140532,1.1446100313623148e-05,0.0,5.168512303271598e-08,5.853307385306813e-06,58295,44047,80277,25587
140534,1.1446100313623148e-05,0.0,5.168512303271598e-08,5.853307385306813e-06,58296,44048,80278,25588
137745,2.2892200627246296e-05,2.543606961852255e-09,2.1050813887229383e-08,5.831663130258409e-06,32374,33691,81299,25766
209306,8.012270219536204e-05,5.348448413465687e-08,3.900147807867025e-05,5.811267527471441e-06,14804,23336,42071,25903
213891,6.867660188173888e-05,7.520680667065793e-07,0.0002330575147361133,5.8083249348616485e-06,16047,14714,16117,25919
215502,8.012270219536204e-05,1.4144055887639824e-07,0.00012248949041809105,5.8065140568806445e-06,14805,19998,23510,25929
140657,1.1446100313623148e-05,0.0,5.162386673418966e-08,5.7978403259110765e-06,58302,44098,80303,25969
140654,1.1446100313623148e-05,0.0,5.162386673418966e-08,5.7978403259110765e-06,58303,44099,80304,25970
140655,1.1446100313623148e-05,0.0,5.162386673418966e-08,5.7978403259110765e-06,58304,44100,80305,25971
140652,1.1446100313623148e-05,0.0,5.162386673418966e-08,5.7978403259110765e-06,58305,44101,80306,25972
140651,1.1446100313623148e-05,0.0,5.162386673418966e-08,5.7978403259110765e-06,58306,44102,80307,25973
140648,1.1446100313623148e-05,0.0,5.162386673418966e-08,5.7978403259110765e-06,58307,44103,80308,25974
140650,1.1446100313623148e-05,0.0,5.162386673418966e-08,5.7978403259110765e-06,58308,44104,80309,25975
140653,1.1446100313623148e-05,0.0,5.162386673418966e-08,5.7978403259110765e-06,58309,44105,80310,25976
140656,1.1446100313623148e-05,0.0,5.162386673418966e-08,5.7978403259110765e-06,58310,44106,80311,25977
140649,1.1446100313623148e-05,0.0,5.162386673418966e-08,5.7978403259110765e-06,58311,44107,80312,25978
58862,2.2892200627246296e-05,2.5009740549480358e-08,5.900821427825463e-08,5.784741573157559e-06,32494,26320,80138,26054
212985,0.00010301490282260833,1.0582804406588393e-07,0.0001762068553607918,5.770596218822504e-06,13139,21039,18657,26146
134810,2.2892200627246296e-05,3.5070507541918164e-09,2.430337712686624e-07,5.7670685224382305e-06,32569,32959,77132,26174
136237,6.867660188173888e-05,5.826387493738266e-07,0.0003310879068788593,5.765129772339088e-06,16055,15464,14283,26196
59048,2.2892200627246296e-05,2.6312430717529148e-09,6.093287770947552e-09,5.75083637319347e-06,32608,33614,82028,26295
4816,3.433830094086944e-05,4.466605379423518e-08,1.7375498307946083e-05,5.738060546830187e-06,24629,23976,51731,26358
58828,2.2892200627246296e-05,7.404946285437531e-09,5.572774620653383e-08,5.712345247897471e-06,32663,30688,80180,26509
63629,2.2892200627246296e-05,2.1812566686123593e-08,2.813064694386682e-07,5.71214788385058e-06,32664,26836,76689,26510
150184,6.867660188173888e-05,6.655971475662706e-08,7.14736228454014e-05,5.704073243789854e-06,16067,22683,30604,26592
134542,3.433830094086944e-05,3.847956678243906e-10,8.359041870598843e-06,5.7017737921203795e-06,24682,37128,59056,26615
24353,2.2892200627246296e-05,0.0,4.975912184041352e-06,5.699246439125275e-06,32707,44252,63941,26652
24358,2.2892200627246296e-05,0.0,4.975912184041352e-06,5.699246439125275e-06,32708,44253,63942,26653
24370,2.2892200627246296e-05,0.0,4.975912184041352e-06,5.699246439125275e-06,32709,44254,63943,26654
24372,2.2892200627246296e-05,0.0,4.975912184041352e-06,5.699246439125275e-06,32710,44255,63944,26655
24355,2.2892200627246296e-05,0.0,4.975912184041352e-06,5.699246439125275e-06,32711,44256,63945,26656
24349,2.2892200627246296e-05,0.0,4.975912184041352e-06,5.699246439125275e-06,32712,44257,63946,26657
24350,2.2892200627246296e-05,0.0,4.975912184041352e-06,5.699246439125275e-06,32713,44258,63947,26658
24371,2.2892200627246296e-05,0.0,4.975912184041352e-06,5.699246439125275e-06,32714,44259,63948,26659
138369,2.2892200627246296e-05,0.0,4.975912184041352e-06,5.699246439125275e-06,32715,44260,63949,26660
24352,2.2892200627246296e-05,0.0,4.975912184041352e-06,5.699246439125275e-06,32716,44261,63950,26661
24362,2.2892200627246296e-05,0.0,4.975912184041352e-06,5.699246439125275e-06,32717,44262,63951,26662
138378,2.2892200627246296e-05,0.0,4.975912184041352e-06,5.699246439125275e-06,32718,44263,63952,26663
146814,2.2892200627246296e-05,0.0,6.873634329732007e-08,5.684566380286799e-06,32802,44318,79896,26836
133219,8.012270219536204e-05,2.3634028295274978e-07,0.00023099810952901444,5.682839086593466e-06,14834,18309,16156,26891
63695,2.2892200627246296e-05,0.0,2.3172384040695046e-07,5.675926391118664e-06,32867,44322,77344,26927
58777,3.433830094086944e-05,0.0,2.7718400529931705e-05,5.618784967951985e-06,24791,44399,47403,27293
45101,2.2892200627246296e-05,1.1731092288995069e-09,5.575694444931435e-08,5.605646260282807e-06,32998,35515,80176,27374
59049,2.2892200627246296e-05,1.1731092288995069e-09,5.575694444931435e-08,5.605646260282807e-06,32999,35516,80177,27375
131558,2.2892200627246296e-05,1.1731092288995069e-09,5.575694444931435e-08,5.605646260282807e-06,33000,35517,80178,27376
139154,2.2892200627246296e-05,1.3347592849706847e-08,8.243999267657795e-06,5.570660230755438e-06,33086,28718,59181,27613
136198,3.433830094086944e-05,3.776264165704774e-06,2.766499597216425e-05,5.558149757743478e-06,24883,10529,47421,27700
63617,2.2892200627246296e-05,1.3370924635262996e-08,1.200279907500306e-07,5.5533952697576275e-06,33143,28713,78782,27737
137908,6.867660188173888e-05,8.667531135241252e-08,9.607594323607126e-05,5.551939639352222e-06,16101,21772,27338,27760
59068,2.2892200627246296e-05,0.0,4.931143828930595e-08,5.546442782911505e-06,33170,44582,80381,27876
17816,3.433830094086944e-05,8.822206549486774e-09,9.19503861008201e-06,5.535420726574496e-06,25008,30080,58031,27966
59067,2.2892200627246296e-05,2.8934461085433238e-09,8.873727072986503e-08,5.534460481844929e-06,33208,33402,79505,27970
214613,0.00012590710344985464,0.0,0.0007185109103744157,5.480635491462029e-06,12040,44644,10903,28400
18241,2.2892200627246296e-05,0.0,1.0079153317707113e-08,5.471980031973865e-06,33376,44658,81814,28444
4859,2.2892200627246296e-05,1.02897615992925e-06,8.212058049815406e-06,5.462035545412485e-06,33404,13696,59233,28516
24141,2.2892200627246296e-05,4.163461193696016e-09,3.057828486748777e-08,5.443893697539254e-06,33441,32462,81068,28623
137782,2.2892200627246296e-05,4.163461193696016e-09,3.057828486748777e-08,5.443893697539254e-06,33442,32463,81069,28624
140300,1.1446100313623148e-05,0.0,3.261117553986858e-08,5.439183956494031e-06,58529,44699,80972,28704
140290,1.1446100313623148e-05,0.0,3.261117553986858e-08,5.439183956494031e-06,58530,44700,80973,28705
140303,1.1446100313623148e-05,0.0,3.261117553986858e-08,5.439183956494031e-06,58531,44701,80974,28706
140302,1.1446100313623148e-05,0.0,3.261117553986858e-08,5.439183956494031e-06,58532,44702,80975,28707
140297,1.1446100313623148e-05,0.0,3.261117553986858e-08,5.439183956494031e-06,58533,44703,80976,28708
140295,1.1446100313623148e-05,0.0,3.261117553986858e-08,5.439183956494031e-06,58534,44704,80977,28709
140299,1.1446100313623148e-05,0.0,3.261117553986858e-08,5.439183956494031e-06,58535,44705,80978,28710
140296,1.1446100313623148e-05,0.0,3.261117553986858e-08,5.439183956494031e-06,58536,44706,80979,28711
140291,1.1446100313623148e-05,0.0,3.261117553986858e-08,5.439183956494031e-06,58537,44707,80980,28712
140298,1.1446100313623148e-05,0.0,3.261117553986858e-08,5.439183956494031e-06,58538,44708,80981,28713
140294,1.1446100313623148e-05,0.0,3.261117553986858e-08,5.439183956494031e-06,58539,44709,80982,28714
140301,1.1446100313623148e-05,0.0,3.261117553986858e-08,5.439183956494031e-06,58540,44710,80983,28715
146812,2.2892200627246296e-05,9.666204277206986e-09,7.166151050166214e-08,5.425767708767157e-06,33554,29790,79830,28805
151313,2.2892200627246296e-05,9.666204277206986e-09,7.166151050166214e-08,5.425767708767157e-06,33555,29791,79831,28806
139179,2.2892200627246296e-05,9.666204277206986e-09,7.166151050166214e-08,5.425767708767157e-06,33556,29792,79832,28807
137806,2.2892200627246296e-05,9.666204277206986e-09,7.166151050166214e-08,5.425767708767157e-06,33557,29793,79833,28808
63580,2.2892200627246296e-05,9.666204277206986e-09,7.166151050166214e-08,5.425767708767157e-06,33558,29794,79834,28809
210041,6.867660188173888e-05,2.3422532717776476e-07,0.00016279767374191692,5.424157170098876e-06,16134,18327,19492,28828
139136,2.2892200627246296e-05,2.478408296777139e-06,8.212175455234468e-06,5.401489564355856e-06,33653,11356,59230,29006
58448,2.2892200627246296e-05,1.589754351157659e-09,6.806046578528683e-08,5.40004192237314e-06,33655,34825,79907,29011
133774,2.2892200627246296e-05,1.5204271837973995e-06,1.734302318426173e-05,5.353840685491883e-06,33776,12679,51761,29344
148981,2.2892200627246296e-05,1.5204271837973995e-06,1.734302318426173e-05,5.353840685491883e-06,33777,12680,51762,29345
58543,2.2892200627246296e-05,3.815410442778549e-06,1.7342900254231264e-05,5.334780439939111e-06,33831,10508,51763,29467
140320,2.2892200627246296e-05,3.815410442778549e-06,1.7342900254231264e-05,5.334780439939111e-06,33832,10509,51764,29468
140309,2.2892200627246296e-05,3.815410442778549e-06,1.7342900254231264e-05,5.334780439939111e-06,33833,10510,51765,29469
140319,2.2892200627246296e-05,3.815410442778549e-06,1.7342900254231264e-05,5.334780439939111e-06,33834,10511,51766,29470
140318,2.2892200627246296e-05,3.815410442778549e-06,1.7342900254231264e-05,5.334780439939111e-06,33835,10512,51767,29471
140311,2.2892200627246296e-05,3.815410442778549e-06,1.7342900254231264e-05,5.334780439939111e-06,33836,10513,51768,29472
201944,4.578440125449259e-05,8.210201864449251e-07,2.181303628751845e-05,5.2740739715370305e-06,20777,14412,49743,29951
24413,6.867660188173888e-05,1.3810639929037677e-08,0.00024513695594728115,5.257845298750923e-06,16182,28620,15863,30064
136160,2.2892200627246296e-05,0.0,1.839990366111789e-06,5.253079661709502e-06,34120,45083,69778,30101
10206,2.2892200627246296e-05,8.677400517220913e-07,8.212118585234784e-06,5.24592741543356e-06,34135,14238,59232,30184
17739,2.2892200627246296e-05,4.1315090539701135e-10,9.159806133926375e-08,5.212547394139323e-06,34248,37058,79458,30452
56000,2.2892200627246296e-05,4.1315090539701135e-10,9.159806133926375e-08,5.212547394139323e-06,34249,37059,79459,30453
63570,2.2892200627246296e-05,4.1315090539701135e-10,9.159806133926375e-08,5.212547394139323e-06,34250,37060,79460,30454
151247,2.2892200627246296e-05,4.1315090539701135e-10,9.159806133926375e-08,5.212547394139323e-06,34251,37061,79461,30455
7609,2.2892200627246296e-05,4.1315090539701135e-10,9.159806133926375e-08,5.212547394139323e-06,34252,37062,79462,30456
131519,2.2892200627246296e-05,2.050735475806798e-06,8.212148834250629e-06,5.198847887057472e-06,34278,11862,59231,30528
9405,2.2892200627246296e-05,0.0,4.942247823500909e-06,5.196775509861566e-06,34283,45229,64040,30552
58519,3.433830094086944e-05,1.104565359307957e-08,2.7698410476110474e-05,5.165443205708497e-06,25610,29357,47413,30805
134761,2.2892200627246296e-05,1.362920123546453e-06,1.7343051849621703e-05,5.160723252818988e-06,34407,12951,51760,30833
140328,1.1446100313623148e-05,0.0,5.1655376416877756e-08,5.153224948702292e-06,58716,45328,80279,30908
140336,1.1446100313623148e-05,0.0,5.1655376416877756e-08,5.153224948702292e-06,58717,45329,80280,30909
140333,1.1446100313623148e-05,0.0,5.1655376416877756e-08,5.153224948702292e-06,58718,45330,80281,30910
140332,1.1446100313623148e-05,0.0,5.1655376416877756e-08,5.153224948702292e-06,58719,45331,80282,30911
140331,1.1446100313623148e-05,0.0,5.1655376416877756e-08,5.153224948702292e-06,58720,45332,80283,30912
140335,1.1446100313623148e-05,0.0,5.1655376416877756e-08,5.153224948702292e-06,58721,45333,80284,30913
140334,1.1446100313623148e-05,0.0,5.1655376416877756e-08,5.153224948702292e-06,58722,45334,80285,30914
140337,1.1446100313623148e-05,0.0,5.1655376416877756e-08,5.153224948702292e-06,58723,45335,80286,30915
63718,2.2892200627246296e-05,6.6737964248534235e-09,8.243999154703781e-06,5.1311461208074345e-06,34513,31034,59182,31092
137787,2.2892200627246296e-05,6.6737964248534235e-09,8.243999154703781e-06,5.1311461208074345e-06,34514,31035,59183,31093
38341,1.1446100313623148e-05,0.0,4.2560574994659984e-10,5.125413640438747e-06,58754,45397,86841,31142
131483,1.1446100313623148e-05,0.0,9.551147320086581e-11,5.102043005840008e-06,58775,45512,87030,31406
138407,2.2892200627246296e-05,0.0,2.439526238036102e-07,5.095940148973385e-06,34679,45525,77122,31460
152711,4.578440125449259e-05,6.8169844928459e-09,1.074484693729309e-05,5.0531389847779285e-06,20990,30990,55366,31774
198025,2.2892200627246296e-05,9.288729298850177e-10,2.815704499910114e-08,5.0453631117601965e-06,34842,35898,81133,31827
9306,2.2892200627246296e-05,1.0031840330831436e-07,8.26529112776643e-06,5.029945456474486e-06,34903,21243,59144,32010
17799,2.2892200627246296e-05,3.349114637468907e-08,1.7357921789211256e-05,5.0100669004361825e-06,35063,25068,51749,32255
133776,2.2892200627246296e-05,3.349114637468907e-08,1.7357921789211256e-05,5.0100669004361825e-06,35064,25069,51750,32256
146822,2.2892200627246296e-05,1.5848405260612772e-06,8.212376201259123e-06,4.996040256510396e-06,35128,12467,59227,32371
201674,5.723050156811574e-05,2.587763568368592e-07,0.00016091349901495617,4.990649797399601e-06,18056,17969,19628,32428
134760,2.2892200627246296e-05,5.534222991102565e-06,1.7342658986971573e-05,4.947008742783137e-06,35545,9871,51770,33038
139139,2.2892200627246296e-05,0.0,4.94224413522013e-06,4.910196558303771e-06,35696,46331,64041,33420
133465,2.2892200627246296e-05,0.0,4.94224413522013e-06,4.910196558303771e-06,35697,46332,64042,33421
140731,5.723050156811574e-05,2.10829667989239e-09,1.6030446643911584e-05,4.897590265626634e-06,18095,34143,52239,33506
59009,2.2892200627246296e-05,5.063301542538311e-09,8.244029930808269e-06,4.882549197377403e-06,35810,31910,59180,33756
203309,6.867660188173888e-05,1.1724026912678225e-10,9.272299329644334e-05,4.868508632960382e-06,16321,38022,27559,33890
204518,1.1446100313623148e-05,0.0,2.0482074350817004e-08,4.866076769752615e-06,59055,46547,81351,33910
201705,6.867660188173888e-05,9.174486193281427e-08,0.00013131645771011455,4.863492482115306e-06,16324,21584,22161,33930
212237,5.723050156811574e-05,8.244413715930601e-08,0.0001420819502714134,4.860219109824991e-06,18106,21914,20635,33956
131495,3.433830094086944e-05,1.3305496673036734e-05,2.3002876912534565e-05,4.8579896574796705e-06,26194,6234,49398,33977
210903,0.00010301490282260833,0.0,0.0010124280419933358,4.824402513048825e-06,13257,46711,9860,34292
151785,5.723050156811574e-05,2.7725958747434108e-08,8.842493191670153e-05,4.803189786943087e-06,18126,25851,27908,34522
152922,3.433830094086944e-05,2.178046955618458e-07,4.574501987488509e-05,4.73500331679686e-06,26457,18528,40310,35189
214848,6.867660188173888e-05,5.513987003173314e-08,0.00015478974937158807,4.731616360851928e-06,16374,23240,19940,35224
133475,3.433830094086944e-05,1.1273716775181526e-06,6.613035188594598e-05,4.726711790575631e-06,26471,13453,32220,35271
132536,1.1446100313623148e-05,0.0,3.2366710638322654e-08,4.7205771688367825e-06,59225,47112,81042,35318
56005,1.1446100313623148e-05,0.0,3.2366710638322654e-08,4.7205771688367825e-06,59226,47113,81043,35319
131521,1.1446100313623148e-05,0.0,3.2366710638322654e-08,4.7205771688367825e-06,59227,47114,81044,35320
146835,1.1446100313623148e-05,0.0,3.2366710638322654e-08,4.7205771688367825e-06,59228,47115,81045,35321
137794,2.2892200627246296e-05,3.5048693773501153e-07,8.669679319120913e-07,4.713770884637136e-06,36539,17069,73299,35371
207299,4.578440125449259e-05,5.987860461107427e-08,5.3503760526654415e-05,4.704074656718467e-06,21323,22979,37859,35576
214575,4.578440125449259e-05,4.281677783008989e-08,1.9471649092016715e-05,4.685243551118703e-06,21339,24090,50912,35748
18257,2.2892200627246296e-05,9.57208128080538e-06,5.5839211694784964e-05,4.671185844696845e-06,36724,8938,36210,35882
63959,4.578440125449259e-05,2.076076313037537e-07,0.0002419729189001221,4.663593902428551e-06,21366,18694,15907,35947
24415,1.1446100313623148e-05,0.0,4.7930778847273064e-08,4.645823006595215e-06,59307,47599,80569,36250
24423,1.1446100313623148e-05,0.0,4.7930778847273064e-08,4.645823006595215e-06,59308,47600,80570,36251
38355,1.1446100313623148e-05,0.0,4.7930778847273064e-08,4.645823006595215e-06,59309,47601,80571,36252
59016,1.1446100313623148e-05,0.0,4.7930778847273064e-08,4.645823006595215e-06,59310,47602,80572,36253
59064,1.1446100313623148e-05,0.0,4.7930778847273064e-08,4.645823006595215e-06,59311,47603,80573,36254
63539,1.1446100313623148e-05,0.0,4.7930778847273064e-08,4.645823006595215e-06,59312,47604,80574,36255
63540,1.1446100313623148e-05,0.0,4.7930778847273064e-08,4.645823006595215e-06,59313,47605,80575,36256
63590,1.1446100313623148e-05,0.0,4.7930778847273064e-08,4.645823006595215e-06,59314,47606,80576,36257
63607,1.1446100313623148e-05,0.0,4.7930778847273064e-08,4.645823006595215e-06,59315,47607,80577,36258
63621,1.1446100313623148e-05,0.0,4.7930778847273064e-08,4.645823006595215e-06,59316,47608,80578,36259
63719,1.1446100313623148e-05,0.0,4.7930778847273064e-08,4.645823006595215e-06,59317,47609,80579,36260
131506,1.1446100313623148e-05,0.0,4.7930778847273064e-08,4.645823006595215e-06,59318,47610,80580,36261
131526,1.1446100313623148e-05,0.0,4.7930778847273064e-08,4.645823006595215e-06,59319,47611,80581,36262
131565,1.1446100313623148e-05,0.0,4.7930778847273064e-08,4.645823006595215e-06,59320,47612,80582,36263
137755,1.1446100313623148e-05,0.0,4.7930778847273064e-08,4.645823006595215e-06,59321,47613,80583,36264
146838,1.1446100313623148e-05,0.0,4.7930778847273064e-08,4.645823006595215e-06,59322,47614,80584,36265
146802,1.1446100313623148e-05,0.0,4.7930778847273064e-08,4.645823006595215e-06,59323,47615,80585,36266
214899,4.578440125449259e-05,9.034520687997962e-08,7.315664811159076e-05,4.645287263050404e-06,21395,21634,30313,36273
151251,1.1446100313623148e-05,0.0,4.566209967997021e-10,4.6104049928143276e-06,59382,47747,86834,36606
151232,1.1446100313623148e-05,0.0,4.566209967997021e-10,4.6104049928143276e-06,59383,47748,86835,36607
151270,1.1446100313623148e-05,0.0,4.566209967997021e-10,4.6104049928143276e-06,59384,47749,86836,36608
17776,3.433830094086944e-05,4.7451942229305795e-07,1.1438689680814723e-05,4.597825429664013e-06,26831,16081,54669,36728
199406,3.433830094086944e-05,3.8261776439874437e-07,6.264294322489786e-05,4.592044181210769e-06,26853,16796,34489,36794
141679,2.2892200627246296e-05,9.202376429861501e-07,1.7343271862284244e-05,4.576901628033868e-06,37190,13988,51756,37007
150166,2.2892200627246296e-05,5.539450085276853e-06,4.9768551894057725e-05,4.557286819102505e-06,37253,9869,38520,37203
138374,1.1446100313623148e-05,0.0,4.2966154281781966e-08,4.507104366230985e-06,59650,48264,80708,37747
24359,1.1446100313623148e-05,0.0,4.2966154281781966e-08,4.507104366230985e-06,59651,48265,80709,37748
24365,1.1446100313623148e-05,0.0,4.2966154281781966e-08,4.507104366230985e-06,59652,48266,80710,37749
138377,1.1446100313623148e-05,0.0,4.2966154281781966e-08,4.507104366230985e-06,59653,48267,80711,37750
138373,1.1446100313623148e-05,0.0,4.2966154281781966e-08,4.507104366230985e-06,59654,48268,80712,37751
24360,1.1446100313623148e-05,0.0,4.2966154281781966e-08,4.507104366230985e-06,59655,48269,80713,37752
138438,1.1446100313623148e-05,0.0,4.2966154281781966e-08,4.507104366230985e-06,59656,48270,80714,37753
138440,1.1446100313623148e-05,0.0,4.2966154281781966e-08,4.507104366230985e-06,59657,48271,80715,37754
24356,1.1446100313623148e-05,0.0,4.2966154281781966e-08,4.507104366230985e-06,59658,48272,80716,37755
38587,1.1446100313623148e-05,0.0,4.2966154281781966e-08,4.507104366230985e-06,59659,48273,80717,37756
138393,1.1446100313623148e-05,0.0,4.2966154281781966e-08,4.507104366230985e-06,59660,48274,80718,37757
24351,1.1446100313623148e-05,0.0,4.2966154281781966e-08,4.507104366230985e-06,59661,48275,80719,37758
24367,1.1446100313623148e-05,0.0,4.2966154281781966e-08,4.507104366230985e-06,59662,48276,80720,37759
24368,1.1446100313623148e-05,0.0,4.2966154281781966e-08,4.507104366230985e-06,59663,48277,80721,37760
138381,1.1446100313623148e-05,0.0,4.2966154281781966e-08,4.507104366230985e-06,59664,48278,80722,37761
138376,1.1446100313623148e-05,0.0,4.2966154281781966e-08,4.507104366230985e-06,59665,48279,80723,37762
138375,1.1446100313623148e-05,0.0,4.2966154281781966e-08,4.507104366230985e-06,59666,48280,80724,37763
138182,1.1446100313623148e-05,0.0,4.2966154281781966e-08,4.507104366230985e-06,59667,48281,80725,37764
24366,1.1446100313623148e-05,0.0,4.2966154281781966e-08,4.507104366230985e-06,59668,48282,80726,37765
138370,1.1446100313623148e-05,0.0,4.2966154281781966e-08,4.507104366230985e-06,59669,48283,80727,37766
24354,1.1446100313623148e-05,0.0,4.2966154281781966e-08,4.507104366230985e-06,59670,48284,80728,37767
138442,1.1446100313623148e-05,0.0,4.2966154281781966e-08,4.507104366230985e-06,59671,48285,80729,37768
23840,1.1446100313623148e-05,0.0,9.044616955423606e-11,4.477070852881343e-06,59715,48424,87063,38105
140903,2.2892200627246296e-05,1.9055340323365862e-08,1.735869252686466e-05,4.472524611502682e-06,37634,27293,51744,38141
149178,2.2892200627246296e-05,1.7825301034921703e-06,1.7342873102409447e-05,4.467898980941908e-06,37660,12163,51769,38208
203236,4.578440125449259e-05,0.0,4.641447207401547e-06,4.377017518068625e-06,21651,49003,64997,39330
140979,2.2892200627246296e-05,0.0,8.228107778951521e-06,4.365922664696693e-06,38367,49178,59220,39583
63538,2.2892200627246296e-05,3.494071994409932e-06,5.5863696691881496e-05,4.364243169042629e-06,38382,10662,36198,39604
24143,1.1446100313623148e-05,0.0,3.2395487154676276e-08,4.355347038998242e-06,59970,49216,80986,39708
24422,1.1446100313623148e-05,0.0,4.558192286784079e-10,4.354586759899327e-06,59971,49219,86837,39716
136180,5.723050156811574e-05,5.173713689073897e-10,6.632524327412295e-05,4.339322675803453e-06,18326,36746,32170,39937
204244,2.2892200627246296e-05,4.8244198594474105e-06,7.956779124508564e-06,4.3376746856970645e-06,38523,10085,59571,39957
139203,2.2892200627246296e-05,1.8235464300748726e-08,1.735887054651829e-05,4.328533558982719e-06,38552,27662,51743,40025
63829,2.2892200627246296e-05,0.0,8.014796515013992e-05,4.297214043769795e-06,38727,49557,29123,40393
149304,2.2892200627246296e-05,1.5300181270535533e-08,4.1876152201672317e-07,4.295775889998075e-06,38734,28273,75394,40404
134420,2.2892200627246296e-05,1.6012827065652813e-08,1.7359041043338444e-05,4.280718502082121e-06,38825,28124,51742,40594
151951,2.2892200627246296e-05,3.7434030141717816e-08,5.922732808471882e-06,4.231434074171158e-06,39068,24601,62430,41195
210773,3.433830094086944e-05,9.305879128727762e-11,3.264527969632224e-06,4.2073347232404695e-06,27773,38153,66985,41468
140053,1.1446100313623148e-05,0.0,3.6320934122513843e-10,4.204671410796487e-06,60346,50173,86861,41505
63689,2.2892200627246296e-05,8.104096474970594e-08,3.2298293997829833e-06,4.198468979585542e-06,39217,21981,67054,41561
139100,1.1446100313623148e-05,0.0,6.437428178276219e-10,4.197162411728768e-06,60369,50207,86699,41576
136725,2.2892200627246296e-05,0.0,1.4805036840675321e-06,4.192093842643892e-06,39292,50275,70856,41666
137436,2.2892200627246296e-05,0.0,1.4805036840675321e-06,4.192093842643892e-06,39293,50276,70857,41667
153190,2.2892200627246296e-05,0.0,1.4805036840675321e-06,4.192093842643892e-06,39294,50277,70858,41668
153189,2.2892200627246296e-05,0.0,1.4805036840675321e-06,4.192093842643892e-06,39295,50278,70859,41669
149510,2.2892200627246296e-05,0.0,1.4805036840675321e-06,4.192093842643892e-06,39296,50279,70860,41670
153333,2.2892200627246296e-05,0.0,1.4805036840675321e-06,4.192093842643892e-06,39297,50280,70861,41671
153187,2.2892200627246296e-05,0.0,1.4805036840675321e-06,4.192093842643892e-06,39298,50281,70862,41672
153331,2.2892200627246296e-05,0.0,1.4805036840675321e-06,4.192093842643892e-06,39299,50282,70863,41673
153186,2.2892200627246296e-05,0.0,1.4805036840675321e-06,4.192093842643892e-06,39300,50283,70864,41674
137771,1.1446100313623148e-05,0.0,5.716747313505758e-10,4.186176372598661e-06,60382,50306,86787,41740
131542,1.1446100313623148e-05,0.0,5.716747313505758e-10,4.186176372598661e-06,60383,50307,86788,41741
139172,1.1446100313623148e-05,0.0,5.716747313505758e-10,4.186176372598661e-06,60384,50308,86789,41742
153168,2.2892200627246296e-05,0.0,1.4803181729082092e-06,4.163023645457661e-06,39443,50436,70865,42010
153170,2.2892200627246296e-05,0.0,1.4803181729082092e-06,4.163023645457661e-06,39444,50437,70866,42011
153171,2.2892200627246296e-05,0.0,1.4803181729082092e-06,4.163023645457661e-06,39445,50438,70867,42012
153172,2.2892200627246296e-05,0.0,1.4803181729082092e-06,4.163023645457661e-06,39446,50439,70868,42013
153034,2.2892200627246296e-05,0.0,1.4803130075868008e-06,4.139179224857163e-06,39522,50549,70869,42248
153033,2.2892200627246296e-05,0.0,1.4803130075868008e-06,4.139179224857163e-06,39523,50550,70870,42249
152930,2.2892200627246296e-05,0.0,1.4803130075868008e-06,4.139179224857163e-06,39524,50551,70871,42250
142438,3.433830094086944e-05,2.1371338584081712e-08,5.8680229913560596e-05,4.109340538367344e-06,28031,26908,35304,42679
137721,1.1446100313623148e-05,0.0,9.280881379284812e-09,4.100791059819331e-06,60539,50864,81883,42799
56004,1.1446100313623148e-05,0.0,9.280881379284812e-09,4.100791059819331e-06,60540,50865,81884,42800
140317,2.2892200627246296e-05,1.0372566633939347e-08,1.7565617661272272e-05,4.089089008686346e-06,39883,29585,51661,42913
37936,2.2892200627246296e-05,4.2698647796549005e-07,5.737862269378521e-05,4.077431147298154e-06,39947,16439,35612,43059
9389,2.2892200627246296e-05,0.0,2.555414082539316e-05,4.0623176161863705e-06,40014,51053,48177,43213
132553,1.1446100313623148e-05,0.0,9.28094606873761e-09,4.059775016410376e-06,60615,51065,81882,43253
210738,3.433830094086944e-05,1.0654414892919547e-07,1.210925844101639e-05,4.046711530928887e-06,28256,20985,54244,43491
207338,4.578440125449259e-05,9.056551671318122e-08,0.00012491304986791689,4.040197818828676e-06,21917,21626,23085,43577
24149,3.433830094086944e-05,1.3782090689763466e-08,0.00012344626397253164,4.032143524137389e-06,28312,28630,23383,43665
24133,6.867660188173888e-05,0.0,0.0004929307262758818,4.01140196054683e-06,16650,51520,12775,44012
24302,1.1446100313623148e-05,0.0,9.301793741339329e-09,4.004633436967276e-06,60870,51532,81878,44056
131490,1.1446100313623148e-05,0.0,9.301793741339329e-09,4.004633436967276e-06,60871,51533,81879,44057
24404,1.1446100313623148e-05,0.0,9.504569281385683e-09,4.003429295786271e-06,60875,51537,81854,44063
24416,1.1446100313623148e-05,0.0,9.504569281385683e-09,4.003429295786271e-06,60876,51538,81855,44064
38364,1.1446100313623148e-05,0.0,9.504569281385683e-09,4.003429295786271e-06,60877,51539,81856,44065
45064,1.1446100313623148e-05,0.0,9.504569281385683e-09,4.003429295786271e-06,60878,51540,81857,44066
45097,1.1446100313623148e-05,0.0,9.504569281385683e-09,4.003429295786271e-06,60879,51541,81858,44067
131522,1.1446100313623148e-05,0.0,9.504569281385683e-09,4.003429295786271e-06,60880,51542,81859,44068
139141,1.1446100313623148e-05,0.0,9.504569281385683e-09,4.003429295786271e-06,60881,51543,81860,44069
151276,1.1446100313623148e-05,0.0,9.504569281385683e-09,4.003429295786271e-06,60882,51544,81861,44070
63614,1.1446100313623148e-05,0.0,9.504569281385683e-09,4.003429295786271e-06,60883,51545,81862,44071
63633,1.1446100313623148e-05,0.0,9.504569281385683e-09,4.003429295786271e-06,60884,51546,81863,44072
139128,1.1446100313623148e-05,0.0,9.504569281385683e-09,4.003429295786271e-06,60885,51547,81864,44073
59011,1.1446100313623148e-05,0.0,9.504569281385683e-09,4.003429295786271e-06,60886,51548,81865,44074
58851,1.1446100313623148e-05,0.0,9.504569281385683e-09,4.003429295786271e-06,60887,51549,81866,44075
151284,1.1446100313623148e-05,0.0,9.504569281385683e-09,4.003429295786271e-06,60888,51550,81867,44076
151253,1.1446100313623148e-05,0.0,9.504569281385683e-09,4.003429295786271e-06,60889,51551,81868,44077
63603,2.2892200627246296e-05,9.945841860940113e-10,2.7236598420533005e-06,3.995298609931311e-06,40367,35789,67932,44164
139180,1.1446100313623148e-05,0.0,5.450537475094985e-10,3.983534695300276e-06,60999,51720,86807,44350
137719,1.1446100313623148e-05,0.0,5.450537475094985e-10,3.983534695300276e-06,61000,51721,86808,44351
205603,3.433830094086944e-05,8.690508124612796e-09,1.686400189131298e-05,3.983014294402849e-06,28445,30118,52012,44353
147071,3.433830094086944e-05,4.322492493374911e-08,7.488725124403282e-05,3.970931718602382e-06,28519,24065,29917,44504
138535,3.433830094086944e-05,7.334530658780064e-09,5.879453717919069e-05,3.960099105487772e-06,28546,30722,35287,44658
139161,1.1446100313623148e-05,0.0,3.261194627806625e-08,3.932687987117713e-06,61301,52163,80971,45120
203655,4.578440125449259e-05,1.3188742235642636e-08,0.00029833447267561683,3.927091160079585e-06,22004,28760,14836,45334
45058,1.1446100313623148e-05,0.0,1.9069405346382028e-10,3.920151862802861e-06,61352,52449,86998,45512
59089,1.1446100313623148e-05,0.0,1.9069405346382028e-10,3.920151862802861e-06,61353,52450,86999,45513
59084,1.1446100313623148e-05,0.0,1.5839461104855858e-08,3.889281586895842e-06,61470,52659,81583,45940
24427,2.2892200627246296e-05,5.054632098011523e-10,5.484349246457643e-06,3.889198110807076e-06,41020,36790,63046,45941
207615,3.433830094086944e-05,5.040422390316542e-08,0.00018538740950187373,3.843961897914277e-06,28905,23524,17965,46739
139791,3.433830094086944e-05,3.7976746053817735e-08,3.110243808763877e-05,3.8372646138230636e-06,28917,24544,45836,46836
55991,1.1446100313623148e-05,0.0,3.272917354000504e-08,3.836028667917795e-06,61854,53258,80969,46856
59037,1.1446100313623148e-05,0.0,3.272917354000504e-08,3.836028667917795e-06,61855,53259,80970,46857
45057,1.1446100313623148e-05,0.0,3.279267174737729e-08,3.828894533245919e-06,61907,53362,80967,46993
214963,4.578440125449259e-05,1.2603754130504966e-07,0.00021339677844910466,3.8255745429875706e-06,22081,20410,16612,47038
133846,5.723050156811574e-05,1.0409377119623525e-08,0.0001345461811779012,3.82298959537725e-06,18576,29579,21742,47060
139888,4.578440125449259e-05,1.2860587509880322e-07,0.00021410170173097125,3.819122196895219e-06,22082,20343,16585,47133
9807,1.1446100313623148e-05,0.0,5.368734726331155e-08,3.8146322647172895e-06,61983,53484,80214,47192
146771,1.1446100313623148e-05,0.0,5.368734726331155e-08,3.8146322647172895e-06,61984,53485,80215,47193
7640,1.1446100313623148e-05,0.0,5.368734726331155e-08,3.8146322647172895e-06,61985,53486,80216,47194
18245,1.1446100313623148e-05,0.0,5.368734726331155e-08,3.8146322647172895e-06,61986,53487,80217,47195
59057,1.1446100313623148e-05,0.0,5.368734726331155e-08,3.8146322647172895e-06,61987,53488,80218,47196
139183,1.1446100313623148e-05,0.0,5.368734726331155e-08,3.8146322647172895e-06,61988,53489,80219,47197
9803,1.1446100313623148e-05,0.0,5.368734726331155e-08,3.8146322647172895e-06,61989,53490,80220,47198
139177,1.1446100313623148e-05,0.0,5.368734726331155e-08,3.8146322647172895e-06,61990,53491,80221,47199
132623,2.2892200627246296e-05,8.107747190904062e-09,1.7884296087032262e-06,3.811091054008044e-06,41502,30351,69864,47259
139090,1.1446100313623148e-05,0.0,3.2398871989531325e-08,3.809812291456895e-06,62004,53534,80985,47271
38371,1.1446100313623148e-05,0.0,3.6620240323985386e-07,3.8006853733431856e-06,62029,53581,75750,47358
210176,3.433830094086944e-05,9.689034334377382e-09,7.91601533883475e-06,3.7912703191970055e-06,29053,29781,59619,47511
151300,1.1446100313623148e-05,0.0,7.72420756004477e-10,3.7807270647532003e-06,62160,53824,86655,47725
63708,1.1446100313623148e-05,0.0,7.72420756004477e-10,3.7807270647532003e-06,62161,53825,86656,47726
17442,1.1446100313623148e-05,0.0,4.10471823159374e-09,3.7784107719853732e-06,62174,53866,82130,47773
17490,1.1446100313623148e-05,0.0,4.10471823159374e-09,3.7784107719853732e-06,62175,53867,82131,47774
59072,1.1446100313623148e-05,0.0,4.10471823159374e-09,3.7784107719853732e-06,62176,53868,82132,47775
146772,1.1446100313623148e-05,0.0,4.10471823159374e-09,3.7784107719853732e-06,62177,53869,82133,47776
63655,1.1446100313623148e-05,0.0,4.10471823159374e-09,3.7784107719853732e-06,62178,53870,82134,47777
63571,1.1446100313623148e-05,0.0,4.10471823159374e-09,3.7784107719853732e-06,62179,53871,82135,47778
63654,1.1446100313623148e-05,0.0,4.10471823159374e-09,3.7784107719853732e-06,62180,53872,82136,47779
131568,1.1446100313623148e-05,0.0,4.10471823159374e-09,3.7784107719853732e-06,62181,53873,82137,47780
131567,1.1446100313623148e-05,0.0,4.10471823159374e-09,3.7784107719853732e-06,62182,53874,82138,47781
23842,1.1446100313623148e-05,0.0,1.694609565563564e-08,3.770147753559586e-06,62283,54029,81553,47988
139122,1.1446100313623148e-05,0.0,3.436317234320304e-08,3.7556468151858883e-06,62411,54227,80904,48290
9802,1.1446100313623148e-05,0.0,3.436317234320304e-08,3.7556468151858883e-06,62412,54228,80905,48291
63696,1.1446100313623148e-05,0.0,3.436317234320304e-08,3.7556468151858883e-06,62413,54229,80906,48292
56003,1.1446100313623148e-05,0.0,3.436317234320304e-08,3.7556468151858883e-06,62414,54230,80907,48293
37970,1.1446100313623148e-05,0.0,3.436317234320304e-08,3.7556468151858883e-06,62415,54231,80908,48294
137764,1.1446100313623148e-05,0.0,3.436317234320304e-08,3.7556468151858883e-06,62416,54232,80909,48295
37937,1.1446100313623148e-05,0.0,3.436317234320304e-08,3.7556468151858883e-06,62417,54233,80910,48296
131497,1.1446100313623148e-05,0.0,3.436317234320304e-08,3.7556468151858883e-06,62418,54234,80911,48297
59034,1.1446100313623148e-05,0.0,3.436317234320304e-08,3.7556468151858883e-06,62419,54235,80912,48298
139189,1.1446100313623148e-05,0.0,3.436317234320304e-08,3.7556468151858883e-06,62420,54236,80913,48299
131541,1.1446100313623148e-05,0.0,3.436317234320304e-08,3.7556468151858883e-06,62421,54237,80914,48300
207091,3.433830094086944e-05,2.836973764081186e-08,6.24806414059744e-05,3.7420143475072334e-06,29180,25789,34505,48577
146810,1.1446100313623148e-05,0.0,5.320867014943074e-09,3.687004703726819e-06,62841,54908,82068,49422
139112,1.1446100313623148e-05,0.0,5.320867014943074e-09,3.687004703726819e-06,62842,54909,82069,49423
146806,1.1446100313623148e-05,0.0,5.320867014943074e-09,3.687004703726819e-06,62843,54910,82070,49424
146758,1.1446100313623148e-05,0.0,5.320867014943074e-09,3.687004703726819e-06,62844,54911,82071,49425
139118,1.1446100313623148e-05,0.0,5.320867014943074e-09,3.687004703726819e-06,62845,54912,82072,49426
63619,1.1446100313623148e-05,0.0,5.320867014943074e-09,3.687004703726819e-06,62846,54913,82073,49427
55994,1.1446100313623148e-05,0.0,5.320867014943074e-09,3.687004703726819e-06,62847,54914,82074,49428
45086,1.1446100313623148e-05,0.0,5.320867014943074e-09,3.687004703726819e-06,62848,54915,82075,49429
59077,1.1446100313623148e-05,0.0,5.320867014943074e-09,3.687004703726819e-06,62850,54917,82077,49431
59223,1.1446100313623148e-05,0.0,5.162224696866108e-08,3.6684675168321108e-06,62932,55045,80313,49723
216173,1.1446100313623148e-05,0.0,2.0675192110611957e-07,3.6587699746164513e-06,63315,55495,77657,50237
38323,1.1446100313623148e-05,0.0,2.0675192110611957e-07,3.6587699746164513e-06,63316,55496,77658,50238
55641,1.1446100313623148e-05,0.0,1.0148600186292599e-08,3.6166388525872955e-06,63791,56149,81811,51097
131137,1.1446100313623148e-05,0.0,1.0148600186292599e-08,3.6166388525872955e-06,63792,56150,81812,51098
63647,1.1446100313623148e-05,0.0,2.2761912217535672e-07,3.6144110144198404e-06,63794,56159,77408,51116
55962,1.1446100313623148e-05,0.0,2.2761912217535672e-07,3.6144110144198404e-06,63795,56160,77409,51117
24445,1.1446100313623148e-05,0.0,2.2761912217535672e-07,3.6144110144198404e-06,63796,56161,77410,51118
56045,1.1446100313623148e-05,0.0,2.2761912217535672e-07,3.6144110144198404e-06,63797,56162,77411,51119
140105,1.1446100313623148e-05,0.0,2.2761912217535672e-07,3.6144110144198404e-06,63798,56163,77412,51120
132510,1.1446100313623148e-05,0.0,2.2761912217535672e-07,3.6144110144198404e-06,63799,56164,77413,51121
63727,1.1446100313623148e-05,0.0,2.2761912217535672e-07,3.6144110144198404e-06,63801,56166,77415,51123
139137,1.1446100313623148e-05,0.0,2.2761912217535672e-07,3.6144110144198404e-06,63802,56167,77416,51124
59025,1.1446100313623148e-05,0.0,2.2761912217535672e-07,3.6144110144198404e-06,63803,56168,77417,51125
151263,1.1446100313623148e-05,0.0,2.2761912217535672e-07,3.6144110144198404e-06,63804,56169,77418,51126
198266,3.433830094086944e-05,1.1724026912678225e-10,1.3107222040412302e-05,3.614010873204292e-06,29462,38023,53617,51134
38378,2.2892200627246296e-05,0.0,1.853377991828147e-05,3.6062522611358163e-06,42915,56255,51257,51253
204185,3.433830094086944e-05,0.0,0.00026076748560082156,3.601894004221877e-06,29495,56325,15487,51367
138979,1.1446100313623148e-05,0.0,1.541726332005585e-08,3.5782058712528026e-06,64022,57061,81597,52230
205610,3.433830094086944e-05,0.0,8.164213557410251e-05,3.557846556135516e-06,29587,57246,28754,52543
213782,3.433830094086944e-05,0.0,1.676760501723211e-05,3.557299308740938e-06,29590,57247,52048,52548
138545,3.433830094086944e-05,0.0,5.466263179526235e-06,3.5562240684255472e-06,29596,57251,63079,52560
135040,2.2892200627246296e-05,0.0,5.252018848625088e-07,3.5324046534838067e-06,44010,57626,74788,53112
151397,4.578440125449259e-05,8.173861058026191e-10,0.00016166481959706643,3.5316483578789074e-06,22334,36140,19547,53127
140329,2.2892200627246296e-05,0.0,2.766471318266839e-05,3.521048098521244e-06,44075,57729,47423,53274
140485,2.2892200627246296e-05,0.0,2.766471318266839e-05,3.521048098521244e-06,44076,57730,47424,53275
141025,2.2892200627246296e-05,0.0,2.766471318266839e-05,3.521048098521244e-06,44077,57731,47425,53276
140308,2.2892200627246296e-05,0.0,2.766471318266839e-05,3.521048098521244e-06,44078,57732,47426,53277
140486,2.2892200627246296e-05,0.0,2.766471318266839e-05,3.521048098521244e-06,44079,57733,47427,53278
132225,2.2892200627246296e-05,0.0,2.766471318266839e-05,3.521048098521244e-06,44080,57734,47428,53279
146746,1.1446100313623148e-05,0.0,4.6727263756833646e-08,3.5169934137869026e-06,64433,57759,80625,53327
138457,1.1446100313623148e-05,0.0,3.2493601353877886e-08,3.510742049804754e-06,64463,57819,80984,53419
137256,2.2892200627246296e-05,0.0,5.721192889811973e-05,3.507776723447802e-06,44160,57843,35686,53457
136591,2.2892200627246296e-05,0.0,5.721192889811973e-05,3.507776723447802e-06,44161,57844,35687,53458
133555,2.2892200627246296e-05,0.0,5.721192889811973e-05,3.507776723447802e-06,44162,57845,35688,53459
151418,2.2892200627246296e-05,0.0,5.721192889811973e-05,3.507776723447802e-06,44163,57846,35689,53460
151202,2.2892200627246296e-05,0.0,5.721192889811973e-05,3.507776723447802e-06,44164,57847,35690,53461
152892,2.2892200627246296e-05,0.0,5.721192889811973e-05,3.507776723447802e-06,44165,57848,35691,53462
150141,2.2892200627246296e-05,0.0,5.721192889811973e-05,3.507776723447802e-06,44166,57849,35692,53463
152920,2.2892200627246296e-05,0.0,5.721192889811973e-05,3.507776723447802e-06,44167,57850,35693,53464
55786,1.1446100313623148e-05,0.0,9.015632029229065e-09,3.501441694763794e-06,64540,57958,81908,53609
38834,2.2892200627246296e-05,0.0,0.0001382920680578874,3.482965323976629e-06,44376,58141,21101,53875
214040,2.2892200627246296e-05,3.905851845351147e-08,6.159897697612728e-05,3.4807933023695675e-06,44519,24425,34677,54030
205152,2.2892200627246296e-05,3.905851845351147e-08,6.159897697612728e-05,3.4807933023695675e-06,44520,24426,34678,54031
214660,2.2892200627246296e-05,3.905851845351147e-08,6.159897697612728e-05,3.4807933023695675e-06,44522,24428,34680,54033
200890,4.578440125449259e-05,1.1982627388617994e-09,0.0001494278320489522,3.4784255549341102e-06,22365,35478,20245,54075
137759,1.1446100313623148e-05,0.0,2.5257417852544693e-08,3.4737843890989852e-06,64660,58357,81212,54151
45073,1.1446100313623148e-05,0.0,2.5257417852544693e-08,3.4737843890989852e-06,64661,58358,81213,54152
146792,1.1446100313623148e-05,0.0,2.5257417852544693e-08,3.4737843890989852e-06,64662,58359,81214,54153
137715,1.1446100313623148e-05,0.0,6.634064348671905e-08,3.4556584003268875e-06,64740,58493,79945,54393
45061,1.1446100313623148e-05,0.0,6.634064348671905e-08,3.4556584003268875e-06,64741,58494,79946,54394
131536,1.1446100313623148e-05,0.0,6.634064348671905e-08,3.4556584003268875e-06,64742,58495,79947,54395
63697,1.1446100313623148e-05,0.0,6.634064348671905e-08,3.4556584003268875e-06,64743,58496,79948,54396
137784,1.1446100313623148e-05,0.0,6.634064348671905e-08,3.4556584003268875e-06,64744,58497,79949,54397
63567,1.1446100313623148e-05,0.0,5.108141247636379e-08,3.3910008720470925e-06,65161,59277,80331,55502
211843,2.2892200627246296e-05,1.1139937582425114e-07,6.182078827942898e-05,3.378190945497943e-06,45297,20845,34646,55757
139220,1.1446100313623148e-05,0.0,3.369729344208378e-08,3.361290502473802e-06,65456,59753,80950,56153
38564,2.2892200627246296e-05,8.790266091520749e-11,1.5920986827439175e-05,3.343279724738768e-06,45667,38171,52268,56484
139266,1.1446100313623148e-05,0.0,5.333038461763038e-08,3.3246216093438516e-06,65710,60232,80226,56818
141172,1.1446100313623148e-05,0.0,6.007271456843558e-07,3.3076616910705085e-06,65934,60621,74397,57294
214207,3.433830094086944e-05,1.2067512416210055e-09,1.880510043860941e-05,3.2966382681106914e-06,30144,35458,51176,57424
214610,2.2892200627246296e-05,4.0114844216047276e-08,6.64157387032555e-05,3.294522795947268e-06,46082,24347,32145,57461
209574,3.433830094086944e-05,5.003919601911068e-10,2.3670750753316355e-05,3.2867421952415053e-06,30169,36802,49145,57591
133952,2.2892200627246296e-05,0.0,4.6849247621630386e-05,3.2794219263663735e-06,46204,61012,39860,57831
215848,2.2892200627246296e-05,3.928727064763486e-08,5.6421991073017836e-05,3.2759784030537287e-06,46227,24394,35920,57890
200268,2.2892200627246296e-05,3.928727064763486e-08,5.6421991073017836e-05,3.2759784030537287e-06,46228,24395,35921,57891
213545,2.2892200627246296e-05,3.928727064763486e-08,5.6421991073017836e-05,3.2759784030537287e-06,46229,24396,35922,57892
17789,2.2892200627246296e-05,0.0,6.77196681743826e-06,3.2628266969404816e-06,46320,61189,61307,58082
135671,2.2892200627246296e-05,0.0,5.965160485138584e-05,3.26214205133492e-06,46332,61192,35120,58095
200853,2.2892200627246296e-05,2.1263124924233836e-08,7.17374759117015e-05,3.211630253661794e-06,46725,26929,30553,59000
134413,2.2892200627246296e-05,1.0425466916595973e-08,1.0385943615289265e-05,3.190694982455387e-06,46944,29573,55943,59448
142433,2.2892200627246296e-05,1.0428943231006308e-08,1.0385943615289265e-05,3.190694982455387e-06,46945,29570,55944,59449
137264,2.2892200627246296e-05,0.0,0.00010010295546484651,3.150263649383162e-06,47320,62786,26862,60330
50922,3.433830094086944e-05,4.315510972356937e-09,1.8321248665070177e-05,3.128344275925994e-06,30443,32376,51379,60571
141237,2.2892200627246296e-05,0.0,9.779874536437824e-06,3.124638320942047e-06,47472,62973,57138,60604
63593,2.2892200627246296e-05,0.0,4.8815444333011566e-05,3.1051397021195498e-06,47630,63209,38915,60946
140938,2.2892200627246296e-05,0.0,6.912671354193452e-05,3.097492591463009e-06,47707,63312,31021,61085
151490,2.2892200627246296e-05,2.8029269911455107e-09,7.2808068026326994e-06,3.0845395955719734e-06,47804,33485,60671,61303
132019,1.1446100313623148e-05,0.0,5.80367408243357e-07,3.082235491476156e-06,67721,63549,74505,61393
152911,2.2892200627246296e-05,1.4744111275831738e-09,1.2020122622656361e-05,3.069016842432376e-06,47977,34981,54291,61597
151302,2.2892200627246296e-05,1.2825958875443836e-09,3.2233097133422577e-05,3.0663918834230174e-06,48006,35279,45467,61633
216100,2.2892200627246296e-05,0.0,6.648507227259454e-05,3.0590530741584133e-06,48094,63833,32131,61795
209218,3.433830094086944e-05,0.0,0.00027863744675951456,3.0384850017773924e-06,30608,64165,15094,62240
49904,2.2892200627246296e-05,0.0,1.1646390023888917e-06,3.027004166525575e-06,48466,64370,72069,62488
212053,2.2892200627246296e-05,0.0,9.14841557165039e-05,3.011068413639953e-06,48576,64478,27683,62677
200720,2.2892200627246296e-05,0.0,9.14841557165039e-05,3.011068413639953e-06,48578,64480,27685,62679
152186,3.433830094086944e-05,0.0,4.493361367101249e-05,2.9889128483455593e-06,30678,65414,40510,63720
209586,2.2892200627246296e-05,0.0,0.00017962687179977541,2.9705227707749047e-06,49032,65749,18430,64129
200809,2.2892200627246296e-05,7.657929196810126e-09,3.230726782473943e-05,2.9691802808066743e-06,49042,30555,45435,64154
209556,3.433830094086944e-05,5.071395975497616e-10,2.9141491349005226e-05,2.9621090074851383e-06,30712,36786,46810,64260
141776,2.2892200627246296e-05,1.403136121647353e-09,7.561843484870527e-05,2.935512769389094e-06,49363,35067,29783,64924
9401,1.1446100313623148e-05,0.0,5.610233863675008e-07,2.932753081089364e-06,69534,66455,74605,64980
59265,1.1446100313623148e-05,0.0,5.610233863675008e-07,2.932753081089364e-06,69535,66456,74606,64981
140717,1.1446100313623148e-05,0.0,8.21160378050312e-06,2.9322085870437463e-06,69542,66468,59234,64994
140707,1.1446100313623148e-05,0.0,8.21160378050312e-06,2.9322085870437463e-06,69543,66469,59235,64995
17968,1.1446100313623148e-05,0.0,8.21160378050312e-06,2.9322085870437463e-06,69544,66470,59236,64996
139007,1.1446100313623148e-05,0.0,8.21160378050312e-06,2.9322085870437463e-06,69545,66471,59237,64997
151296,1.1446100313623148e-05,0.0,8.21160378050312e-06,2.9322085870437463e-06,69546,66472,59238,64998
152120,1.1446100313623148e-05,0.0,8.21160378050312e-06,2.9322085870437463e-06,69547,66473,59239,64999
133118,1.1446100313623148e-05,0.0,8.21160378050312e-06,2.9322085870437463e-06,69548,66474,59240,65000
140716,1.1446100313623148e-05,0.0,8.21160378050312e-06,2.9322085870437463e-06,69549,66475,59241,65001
136959,1.1446100313623148e-05,0.0,8.21160378050312e-06,2.9322085870437463e-06,69551,66477,59243,65003
151295,1.1446100313623148e-05,0.0,8.21160378050312e-06,2.9322085870437463e-06,69553,66479,59245,65005
137539,1.1446100313623148e-05,0.0,8.21160378050312e-06,2.9322085870437463e-06,69554,66480,59246,65006
137731,1.1446100313623148e-05,0.0,8.21160378050312e-06,2.9322085870437463e-06,69556,66482,59248,65008
133119,1.1446100313623148e-05,0.0,8.21160378050312e-06,2.9322085870437463e-06,69557,66483,59249,65009
140886,1.1446100313623148e-05,0.0,8.21160378050312e-06,2.9322085870437463e-06,69558,66484,59250,65010
146816,1.1446100313623148e-05,0.0,8.21160378050312e-06,2.9322085870437463e-06,69559,66485,59251,65011
134543,1.1446100313623148e-05,0.0,8.21160378050312e-06,2.9322085870437463e-06,69560,66486,59252,65012
63704,1.1446100313623148e-05,0.0,8.21160378050312e-06,2.9322085870437463e-06,69561,66487,59253,65013
131511,1.1446100313623148e-05,0.0,8.21160378050312e-06,2.9322085870437463e-06,69562,66488,59254,65014
137788,1.1446100313623148e-05,0.0,8.21160378050312e-06,2.9322085870437463e-06,69563,66489,59255,65015
63722,1.1446100313623148e-05,0.0,8.21160378050312e-06,2.9322085870437463e-06,69566,66492,59258,65018
23851,1.1446100313623148e-05,0.0,8.21160378050312e-06,2.9322085870437463e-06,69569,66495,59261,65021
45113,1.1446100313623148e-05,0.0,8.21160378050312e-06,2.9322085870437463e-06,69571,66497,59263,65023
45074,1.1446100313623148e-05,0.0,8.21160378050312e-06,2.9322085870437463e-06,69572,66498,59264,65024
137795,1.1446100313623148e-05,0.0,8.21160378050312e-06,2.9322085870437463e-06,69573,66499,59265,65025
24137,1.1446100313623148e-05,0.0,8.21160378050312e-06,2.9322085870437463e-06,69575,66501,59267,65027
18242,1.1446100313623148e-05,0.0,8.667998447551977e-07,2.9249690538956495e-06,69620,66593,73304,65146
139859,2.2892200627246296e-05,1.2112414104058355e-10,4.519922384565775e-06,2.9136919543207646e-06,49575,38012,65094,65291
138441,1.1446100313623148e-05,0.0,4.93294602975957e-06,2.9090374681808407e-06,69724,66794,64074,65409
137785,2.2892200627246296e-05,0.0,7.160979429256516e-05,2.9083955596120512e-06,49619,66799,30587,65417
208618,2.2892200627246296e-05,1.1892164431216545e-07,0.00019222432385787594,2.8899210358689527e-06,49816,20621,17427,65773
213625,2.2892200627246296e-05,5.733024378690765e-10,7.2708196078949475e-06,2.882733794972237e-06,49923,36621,60681,66009
131524,1.1446100313623148e-05,0.0,8.864711782679946e-08,2.875902573976817e-06,70012,67364,79508,66109
138029,1.1446100313623148e-05,0.0,8.864711782679946e-08,2.875902573976817e-06,70014,67366,79510,66111
209645,2.2892200627246296e-05,2.2702709893113042e-10,1.3871826066894447e-05,2.875658039342899e-06,49995,37601,53239,66118
58772,1.1446100313623148e-05,0.0,1.734253704489004e-05,2.8470044244291746e-06,70206,67728,51776,66604
134767,1.1446100313623148e-05,0.0,1.734253704489004e-05,2.8470044244291746e-06,70207,67729,51777,66605
139587,1.1446100313623148e-05,0.0,1.734253704489004e-05,2.8470044244291746e-06,70208,67730,51778,66606
140310,1.1446100313623148e-05,0.0,1.734253704489004e-05,2.8470044244291746e-06,70209,67731,51779,66607
140313,1.1446100313623148e-05,0.0,1.734253704489004e-05,2.8470044244291746e-06,70210,67732,51780,66608
4835,1.1446100313623148e-05,0.0,1.734253704489004e-05,2.8470044244291746e-06,70211,67733,51781,66609
149837,1.1446100313623148e-05,0.0,1.734253704489004e-05,2.8470044244291746e-06,70212,67734,51782,66610
140315,1.1446100313623148e-05,0.0,1.734253704489004e-05,2.8470044244291746e-06,70213,67735,51783,66611
139767,1.1446100313623148e-05,0.0,1.734253704489004e-05,2.8470044244291746e-06,70214,67736,51784,66612
137699,1.1446100313623148e-05,0.0,1.734253704489004e-05,2.8470044244291746e-06,70215,67737,51785,66613
138991,1.1446100313623148e-05,0.0,1.734253704489004e-05,2.8470044244291746e-06,70216,67738,51786,66614
140638,1.1446100313623148e-05,0.0,1.734253704489004e-05,2.8470044244291746e-06,70217,67739,51787,66615
58539,1.1446100313623148e-05,0.0,1.734253704489004e-05,2.8470044244291746e-06,70218,67740,51788,66616
58571,1.1446100313623148e-05,0.0,1.734253704489004e-05,2.8470044244291746e-06,70219,67741,51789,66617
134762,1.1446100313623148e-05,0.0,1.734253704489004e-05,2.8470044244291746e-06,70220,67742,51790,66618
150145,1.1446100313623148e-05,0.0,1.734253704489004e-05,2.8470044244291746e-06,70221,67743,51791,66619
139201,1.1446100313623148e-05,0.0,1.734253704489004e-05,2.8470044244291746e-06,70222,67744,51792,66620
148969,1.1446100313623148e-05,0.0,1.734253704489004e-05,2.8470044244291746e-06,70223,67745,51793,66621
137689,1.1446100313623148e-05,0.0,1.734253704489004e-05,2.8470044244291746e-06,70224,67746,51794,66622
134763,1.1446100313623148e-05,0.0,1.734253704489004e-05,2.8470044244291746e-06,70225,67747,51795,66623
140316,1.1446100313623148e-05,0.0,1.734253704489004e-05,2.8470044244291746e-06,70226,67748,51796,66624
137692,1.1446100313623148e-05,0.0,1.734253704489004e-05,2.8470044244291746e-06,70227,67749,51797,66625
146966,1.1446100313623148e-05,0.0,1.734253704489004e-05,2.8470044244291746e-06,70228,67750,51798,66626
140314,1.1446100313623148e-05,0.0,1.734253704489004e-05,2.8470044244291746e-06,70229,67751,51799,66627
134775,1.1446100313623148e-05,0.0,1.734253704489004e-05,2.8470044244291746e-06,70230,67752,51800,66628
141006,1.1446100313623148e-05,0.0,1.734253704489004e-05,2.8470044244291746e-06,70231,67753,51801,66629
134766,1.1446100313623148e-05,0.0,1.734253704489004e-05,2.8470044244291746e-06,70232,67754,51802,66630
136192,1.1446100313623148e-05,0.0,1.734253704489004e-05,2.8470044244291746e-06,70233,67755,51803,66631
140636,1.1446100313623148e-05,0.0,1.734253704489004e-05,2.8470044244291746e-06,70234,67756,51804,66632
141771,1.1446100313623148e-05,0.0,1.734253704489004e-05,2.8470044244291746e-06,70235,67757,51805,66633
136194,1.1446100313623148e-05,0.0,1.734253704489004e-05,2.8470044244291746e-06,70236,67758,51806,66634
134771,1.1446100313623148e-05,0.0,1.734253704489004e-05,2.8470044244291746e-06,70237,67759,51807,66635
17633,1.1446100313623148e-05,0.0,1.734253704489004e-05,2.8470044244291746e-06,70238,67760,51808,66636
142404,1.1446100313623148e-05,0.0,1.734253704489004e-05,2.8470044244291746e-06,70239,67761,51809,66637
132833,1.1446100313623148e-05,0.0,1.734253704489004e-05,2.8470044244291746e-06,70240,67762,51810,66638
139462,1.1446100313623148e-05,0.0,1.734253704489004e-05,2.8470044244291746e-06,70241,67763,51811,66639
132153,1.1446100313623148e-05,0.0,1.734253704489004e-05,2.8470044244291746e-06,70242,67764,51812,66640
139887,1.1446100313623148e-05,0.0,1.734253704489004e-05,2.8470044244291746e-06,70243,67765,51813,66641
133775,1.1446100313623148e-05,0.0,1.734253704489004e-05,2.8470044244291746e-06,70244,67766,51814,66642
137690,1.1446100313623148e-05,0.0,1.734253704489004e-05,2.8470044244291746e-06,70245,67767,51815,66643
63838,1.1446100313623148e-05,0.0,1.734253704489004e-05,2.8470044244291746e-06,70246,67768,51816,66644
138982,1.1446100313623148e-05,0.0,1.734253704489004e-05,2.8470044244291746e-06,70247,67769,51817,66645
136191,1.1446100313623148e-05,0.0,1.734253704489004e-05,2.8470044244291746e-06,70248,67770,51818,66646
134765,1.1446100313623148e-05,0.0,1.734253704489004e-05,2.8470044244291746e-06,70249,67771,51819,66647
140553,1.1446100313623148e-05,0.0,1.734253704489004e-05,2.8470044244291746e-06,70250,67772,51820,66648
140312,1.1446100313623148e-05,0.0,1.734253704489004e-05,2.8470044244291746e-06,70251,67773,51821,66649
137698,1.1446100313623148e-05,0.0,1.734253704489004e-05,2.8470044244291746e-06,70252,67774,51822,66650
136197,1.1446100313623148e-05,0.0,1.734253704489004e-05,2.8470044244291746e-06,70253,67775,51823,66651
136190,1.1446100313623148e-05,0.0,1.734253704489004e-05,2.8470044244291746e-06,70254,67776,51824,66652
137693,1.1446100313623148e-05,0.0,1.734253704489004e-05,2.8470044244291746e-06,70255,67777,51825,66653
4813,1.1446100313623148e-05,0.0,1.734253704489004e-05,2.8470044244291746e-06,70256,67778,51826,66654
151823,1.1446100313623148e-05,0.0,1.734253704489004e-05,2.8470044244291746e-06,70257,67779,51827,66655
134769,1.1446100313623148e-05,0.0,1.734253704489004e-05,2.8470044244291746e-06,70258,67780,51828,66656
132147,1.1446100313623148e-05,0.0,1.734253704489004e-05,2.8470044244291746e-06,70259,67781,51829,66657
136200,1.1446100313623148e-05,0.0,1.734253704489004e-05,2.8470044244291746e-06,70260,67782,51830,66658
137694,1.1446100313623148e-05,0.0,1.734253704489004e-05,2.8470044244291746e-06,70261,67783,51831,66659
140494,1.1446100313623148e-05,0.0,1.734253704489004e-05,2.8470044244291746e-06,70262,67784,51832,66660
58541,1.1446100313623148e-05,0.0,1.734253704489004e-05,2.8470044244291746e-06,70263,67785,51833,66661
137691,1.1446100313623148e-05,0.0,1.734253704489004e-05,2.8470044244291746e-06,70264,67786,51834,66662
149979,1.1446100313623148e-05,0.0,1.734253704489004e-05,2.8470044244291746e-06,70265,67787,51835,66663
151185,1.1446100313623148e-05,0.0,1.734253704489004e-05,2.8470044244291746e-06,70266,67788,51836,66664
131325,1.1446100313623148e-05,0.0,1.734253704489004e-05,2.8470044244291746e-06,70267,67789,51837,66665
142608,1.1446100313623148e-05,0.0,1.734253704489004e-05,2.8470044244291746e-06,70268,67790,51838,66666
17897,1.1446100313623148e-05,0.0,1.734253704489004e-05,2.8470044244291746e-06,70269,67791,51839,66667
134419,1.1446100313623148e-05,0.0,1.734253704489004e-05,2.8470044244291746e-06,70270,67792,51840,66668
135089,1.1446100313623148e-05,0.0,1.734253704489004e-05,2.8470044244291746e-06,70271,67793,51841,66669
136199,1.1446100313623148e-05,0.0,1.734253704489004e-05,2.8470044244291746e-06,70272,67794,51842,66670
137687,1.1446100313623148e-05,0.0,1.734253704489004e-05,2.8470044244291746e-06,70273,67795,51843,66671
134764,1.1446100313623148e-05,0.0,1.734253704489004e-05,2.8470044244291746e-06,70274,67796,51844,66672
136188,1.1446100313623148e-05,0.0,1.734253704489004e-05,2.8470044244291746e-06,70275,67797,51845,66673
134770,1.1446100313623148e-05,0.0,1.734253704489004e-05,2.8470044244291746e-06,70276,67798,51846,66674
140484,1.1446100313623148e-05,0.0,1.734253704489004e-05,2.8470044244291746e-06,70277,67799,51847,66675
134425,1.1446100313623148e-05,0.0,1.734253704489004e-05,2.8470044244291746e-06,70278,67800,51848,66676
147038,1.1446100313623148e-05,0.0,1.734253704489004e-05,2.8470044244291746e-06,70279,67801,51849,66677
134421,1.1446100313623148e-05,0.0,1.734253704489004e-05,2.8470044244291746e-06,70280,67802,51850,66678
138570,1.1446100313623148e-05,0.0,1.734253704489004e-05,2.8470044244291746e-06,70281,67803,51851,66679
132437,1.1446100313623148e-05,0.0,1.734253704489004e-05,2.8470044244291746e-06,70282,67804,51852,66680
141998,1.1446100313623148e-05,0.0,1.734253704489004e-05,2.8470044244291746e-06,70283,67805,51853,66681
137688,1.1446100313623148e-05,0.0,1.734253704489004e-05,2.8470044244291746e-06,70284,67806,51854,66682
140527,1.1446100313623148e-05,0.0,1.734253704489004e-05,2.8470044244291746e-06,70285,67807,51855,66683
23611,1.1446100313623148e-05,0.0,1.734253704489004e-05,2.8470044244291746e-06,70286,67808,51856,66684
23662,1.1446100313623148e-05,0.0,1.734253704489004e-05,2.8470044244291746e-06,70287,67809,51857,66685
141739,1.1446100313623148e-05,0.0,1.734253704489004e-05,2.8470044244291746e-06,70288,67810,51858,66686
138949,1.1446100313623148e-05,0.0,1.734253704489004e-05,2.8470044244291746e-06,70289,67811,51859,66687
139726,1.1446100313623148e-05,0.0,1.5794811849658462e-07,2.845182413705109e-06,70350,67902,78160,66791
136189,2.2892200627246296e-05,0.0,5.252245126245256e-05,2.841089498020437e-06,50336,67960,38052,66861
135363,2.2892200627246296e-05,1.3103575059962859e-09,8.058844148061748e-05,2.8292911589299503e-06,50457,35214,28932,67337
139743,2.2892200627246296e-05,7.198887627883741e-11,2.0224983427388767e-05,2.7916976923750014e-06,50769,38263,50361,68454
207317,1.1446100313623148e-05,0.0,6.040786526781205e-08,2.7531143903406884e-06,71796,69889,80120,69175
209261,2.2892200627246296e-05,0.0,0.0002006677826461396,2.721990032581848e-06,51470,70311,17005,69689
203643,2.2892200627246296e-05,1.2285933619703923e-09,2.8473793950110486e-05,2.7194433139706215e-06,51490,35427,47059,69737
136146,1.1446100313623148e-05,0.0,8.224341967383915e-07,2.716771239770269e-06,72056,70397,73466,69795
205027,1.1446100313623148e-05,0.0,8.224341967383915e-07,2.716771239770269e-06,72059,70400,73469,69798
59043,2.2892200627246296e-05,0.0,1.615620411279034e-05,2.712807920738299e-06,51557,70463,52196,69877
138211,1.1446100313623148e-05,0.0,1.4922376753033748e-07,2.700346479196353e-06,72185,70642,78370,70107
137571,1.1446100313623148e-05,0.0,8.748874068289591e-07,2.6813966149794306e-06,72416,70965,73272,70475
154402,2.2892200627246296e-05,3.917860483127701e-10,2.329956430442129e-05,2.6806601075491694e-06,51835,37118,49288,70481
147008,1.1446100313623148e-05,0.0,5.470078133904586e-05,2.677537232025691e-06,72643,71209,37170,70728
200256,1.1446100313623148e-05,0.0,5.387955972667715e-07,2.673782804377489e-06,72818,71394,74719,70924
154185,2.2892200627246296e-05,0.0,1.0058599081840121e-05,2.6556533684432177e-06,52031,71697,56630,71285
212690,1.1446100313623148e-05,0.0,3.049562350295167e-07,2.628968392377193e-06,73165,71980,76487,71624
134477,1.1446100313623148e-05,0.0,1.3734896240907733e-06,2.6173179435041577e-06,73326,72200,71159,71872
134488,1.1446100313623148e-05,0.0,1.3734896240907733e-06,2.6173179435041577e-06,73327,72201,71160,71873
137835,1.1446100313623148e-05,0.0,1.3734896240907733e-06,2.6173179435041577e-06,73328,72202,71161,71874
139231,1.1446100313623148e-05,0.0,1.3734896240907733e-06,2.6173179435041577e-06,73329,72203,71162,71875
142164,1.1446100313623148e-05,0.0,1.3734896240907733e-06,2.6173179435041577e-06,73330,72204,71163,71876
141445,1.1446100313623148e-05,0.0,1.3734896240907733e-06,2.6173179435041577e-06,73331,72205,71164,71877
153332,1.1446100313623148e-05,0.0,1.3734896240907733e-06,2.6173179435041577e-06,73332,72206,71165,71878
141429,1.1446100313623148e-05,0.0,1.3734896240907733e-06,2.6173179435041577e-06,73333,72207,71166,71879
152921,1.1446100313623148e-05,0.0,1.3734896240907733e-06,2.6173179435041577e-06,73334,72208,71167,71880
153330,1.1446100313623148e-05,0.0,1.3734896240907733e-06,2.6173179435041577e-06,73335,72209,71168,71881
142642,1.1446100313623148e-05,0.0,1.3734896240907733e-06,2.6173179435041577e-06,73336,72210,71169,71882
152134,1.1446100313623148e-05,0.0,1.3734896240907733e-06,2.6173179435041577e-06,73337,72211,71170,71883
153458,1.1446100313623148e-05,0.0,1.3734896240907733e-06,2.6173179435041577e-06,73338,72212,71171,71884
152118,1.1446100313623148e-05,0.0,1.3734896240907733e-06,2.6173179435041577e-06,73339,72213,71172,71885
142586,1.1446100313623148e-05,0.0,1.3734896240907733e-06,2.6173179435041577e-06,73340,72214,71173,71886
150373,1.1446100313623148e-05,0.0,1.3734896240907733e-06,2.6173179435041577e-06,73341,72215,71174,71887
151814,1.1446100313623148e-05,0.0,1.3734896240907733e-06,2.6173179435041577e-06,73342,72216,71175,71888
152631,1.1446100313623148e-05,0.0,1.3734896240907733e-06,2.6173179435041577e-06,73343,72217,71176,71889
214759,1.1446100313623148e-05,0.0,5.583843927402895e-05,2.6073541752301945e-06,73514,72453,36265,72149
198527,1.1446100313623148e-05,0.0,5.583843927402895e-05,2.6073541752301945e-06,73524,72463,36275,72159
151674,1.1446100313623148e-05,0.0,5.583843927402895e-05,2.6073541752301945e-06,73527,72466,36278,72162
198516,1.1446100313623148e-05,0.0,5.583843927402895e-05,2.6073541752301945e-06,73531,72470,36282,72166
44446,1.1446100313623148e-05,0.0,5.583843927402895e-05,2.6073541752301945e-06,73537,72476,36288,72172
208679,1.1446100313623148e-05,0.0,5.583843927402895e-05,2.6073541752301945e-06,73544,72483,36295,72179
211992,1.1446100313623148e-05,0.0,5.583843927402895e-05,2.6073541752301945e-06,73550,72489,36301,72185
197626,1.1446100313623148e-05,0.0,5.583843927402895e-05,2.6073541752301945e-06,73562,72501,36313,72197
209484,1.1446100313623148e-05,0.0,5.583843927402895e-05,2.6073541752301945e-06,73568,72507,36319,72203
215507,1.1446100313623148e-05,0.0,5.583843927402895e-05,2.6073541752301945e-06,73569,72508,36320,72204
205618,1.1446100313623148e-05,0.0,5.583843927402895e-05,2.6073541752301945e-06,73570,72509,36321,72205
136535,1.1446100313623148e-05,0.0,5.583843927402895e-05,2.6073541752301945e-06,73573,72512,36324,72208
133492,1.1446100313623148e-05,0.0,5.583843927402895e-05,2.6073541752301945e-06,73574,72513,36325,72209
147048,1.1446100313623148e-05,0.0,5.583843927402895e-05,2.6073541752301945e-06,73579,72518,36330,72214
211968,1.1446100313623148e-05,0.0,5.583843927402895e-05,2.6073541752301945e-06,73591,72530,36342,72226
212982,1.1446100313623148e-05,0.0,5.583843927402895e-05,2.6073541752301945e-06,73603,72542,36354,72238
139073,1.1446100313623148e-05,0.0,5.583843927402895e-05,2.6073541752301945e-06,73612,72551,36363,72247
214921,1.1446100313623148e-05,0.0,5.583843927402895e-05,2.6073541752301945e-06,73618,72557,36369,72253
151230,1.1446100313623148e-05,0.0,5.583843927402895e-05,2.6073541752301945e-06,73632,72571,36383,72267
135646,1.1446100313623148e-05,0.0,5.583843927402895e-05,2.6073541752301945e-06,73636,72575,36387,72271
214871,1.1446100313623148e-05,0.0,5.583843927402895e-05,2.6073541752301945e-06,73638,72577,36389,72273
45275,1.1446100313623148e-05,0.0,5.583843927402895e-05,2.6073541752301945e-06,73647,72586,36398,72282
213878,1.1446100313623148e-05,0.0,5.583843927402895e-05,2.6073541752301945e-06,73649,72588,36400,72284
216412,1.1446100313623148e-05,0.0,5.583843927402895e-05,2.6073541752301945e-06,73654,72593,36405,72289
215969,1.1446100313623148e-05,0.0,5.583843927402895e-05,2.6073541752301945e-06,73657,72596,36408,72292
211158,1.1446100313623148e-05,0.0,5.583843927402895e-05,2.6073541752301945e-06,73664,72603,36415,72299
201235,1.1446100313623148e-05,0.0,5.583843927402895e-05,2.6073541752301945e-06,73669,72608,36420,72304
139589,1.1446100313623148e-05,0.0,5.583843927402895e-05,2.6073541752301945e-06,73683,72622,36434,72318
213116,1.1446100313623148e-05,0.0,5.583843927402895e-05,2.6073541752301945e-06,73691,72630,36442,72326
151261,1.1446100313623148e-05,0.0,5.583843927402895e-05,2.6073541752301945e-06,73751,72690,36502,72386
51928,1.1446100313623148e-05,0.0,5.583843927402895e-05,2.6073541752301945e-06,73776,72715,36527,72411
149511,1.1446100313623148e-05,0.0,5.583843927402895e-05,2.6073541752301945e-06,73782,72721,36533,72417
139769,2.2892200627246296e-05,1.1310312934548875e-09,3.557374070989365e-05,2.5964343782037307e-06,52472,35603,43623,72632
150374,1.1446100313623148e-05,0.0,4.693512329495547e-06,2.5947202290174755e-06,73964,72961,64883,72681
136955,1.1446100313623148e-05,0.0,4.693512329495547e-06,2.5947202290174755e-06,73973,72970,64892,72690
152598,1.1446100313623148e-05,0.0,5.760537702098318e-06,2.5903345224259234e-06,74006,73022,62740,72748
202256,1.1446100313623148e-05,0.0,5.760537702098318e-06,2.5903345224259234e-06,74008,73024,62742,72750
215832,1.1446100313623148e-05,0.0,5.760537702098318e-06,2.5903345224259234e-06,74009,73025,62743,72751
152697,1.1446100313623148e-05,0.0,5.760537702098318e-06,2.5903345224259234e-06,74012,73028,62746,72754
214203,1.1446100313623148e-05,0.0,5.760537702098318e-06,2.5903345224259234e-06,74013,73029,62747,72755
200472,1.1446100313623148e-05,0.0,5.760537702098318e-06,2.5903345224259234e-06,74018,73034,62752,72760
58026,1.1446100313623148e-05,0.0,5.760537702098318e-06,2.5903345224259234e-06,74022,73038,62756,72764
140915,2.2892200627246296e-05,2.0291331909080358e-10,1.2689716180622824e-05,2.580981637031498e-06,52584,37680,53847,73177
206843,2.2892200627246296e-05,0.0,0.0002778644979306784,2.5500901203563206e-06,52769,73830,15104,73650
214740,1.1446100313623148e-05,0.0,1.8330815920202835e-06,2.513075514742495e-06,75055,74417,69796,74280
140043,1.1446100313623148e-05,0.0,9.04426115204225e-07,2.4309636191062416e-06,76105,75812,73170,75768
214704,1.1446100313623148e-05,0.0,1.3635024293530223e-06,2.415512142904421e-06,76303,76084,71201,76055
58518,1.1446100313623148e-05,0.0,1.032217613777835e-05,2.39093906937862e-06,76790,76664,56097,76659
58517,1.1446100313623148e-05,0.0,1.032217613777835e-05,2.39093906937862e-06,76791,76665,56098,76660
213903,1.1446100313623148e-05,0.0,5.835517989888847e-07,2.3855196231100846e-06,76931,76831,74478,76827
215315,1.1446100313623148e-05,0.0,5.835517989888847e-07,2.3855196231100846e-06,76932,76832,74479,76828
131539,1.1446100313623148e-05,0.0,6.10803864599043e-06,2.3820417961910023e-06,77102,77014,62179,77010
151464,1.1446100313623148e-05,0.0,3.8131655773568793e-06,2.3716832713912755e-06,77414,77364,65958,77363
135674,1.1446100313623148e-05,0.0,3.8131655773568793e-06,2.3716832713912755e-06,77416,77366,65960,77365
213404,1.1446100313623148e-05,0.0,1.0022230944994988e-05,2.3643683155396927e-06,77528,77492,56702,77492
210634,1.1446100313623148e-05,0.0,1.0022230944994988e-05,2.3643683155396927e-06,77532,77496,56706,77496
205651,1.1446100313623148e-05,0.0,9.137477972565571e-07,2.3529326530510694e-06,77803,77784,73147,77784
63555,1.1446100313623148e-05,0.0,3.788806672468961e-06,2.336016493511855e-06,78203,78199,65987,78199
140873,1.1446100313623148e-05,0.0,4.753822054779154e-06,2.332698959240759e-06,78315,78313,64459,78313
200103,1.1446100313623148e-05,0.0,1.5899036637672542e-05,2.3211714737181493e-06,78488,78488,52305,78488
60666,1.1446100313623148e-05,0.0,1.7721862156631506e-06,2.3177621261232726e-06,78536,78536,69904,78536
213700,1.1446100313623148e-05,0.0,2.9282079451626757e-05,2.305534143167134e-06,78786,78786,46727,78786
216224,1.1446100313623148e-05,0.0,4.375891757685789e-06,2.2881026458254306e-06,79219,79219,65308,79219
38340,1.1446100313623148e-05,0.0,3.2413122172583865e-06,2.266301177279547e-06,79865,79865,67032,79865
137710,1.1446100313623148e-05,0.0,4.838982690554661e-05,2.256792090679509e-06,80224,80224,39045,80224
146813,1.1446100313623148e-05,0.0,4.838982690554661e-05,2.256792090679509e-06,80228,80228,39049,80228
215786,1.1446100313623148e-05,0.0,8.406384912347052e-06,2.224215772724439e-06,80846,80846,59017,80846
63620,1.1446100313623148e-05,0.0,4.201157312607988e-06,2.223674897806365e-06,80854,80854,65458,80854
133194,1.1446100313623148e-05,0.0,0.00019164077205888707,2.221296808045418e-06,81070,81070,17644,81070
136769,1.1446100313623148e-05,0.0,4.721810935322045e-06,2.21737178480476e-06,81180,81180,64859,81180
154315,1.1446100313623148e-05,0.0,4.721810935322045e-06,2.21737178480476e-06,81181,81181,64860,81181
154010,1.1446100313623148e-05,0.0,3.132704121549352e-06,2.2141177400938035e-06,81285,81285,67176,81285
212831,1.1446100313623148e-05,0.0,1.09741193364746e-05,2.2127651281438515e-06,81429,81429,55104,81429
205532,1.1446100313623148e-05,0.0,1.3288274267905562e-05,2.2070338115193648e-06,81549,81549,53533,81549
131482,1.1446100313623148e-05,0.0,1.2157029745525086e-05,2.2001460422113824e-06,81668,81668,54175,81668
205779,1.1446100313623148e-05,0.0,4.672968835960746e-06,2.161607803805594e-06,82950,82950,64947,82950
154155,1.1446100313623148e-05,0.0,7.754318838306792e-06,2.1462367629750353e-06,83337,83337,59762,83337
24144,1.1446100313623148e-05,0.0,1.2850367285842733e-05,2.145403331776387e-06,83362,83362,53768,83362
206315,1.1446100313623148e-05,0.0,1.2850367285842733e-05,2.145403331776387e-06,83364,83364,53770,83364
148982,1.1446100313623148e-05,0.0,1.2850367285842733e-05,2.145403331776387e-06,83365,83365,53771,83365
149475,1.1446100313623148e-05,0.0,1.3192252158493933e-05,2.144997175020728e-06,83370,83370,53586,83370
24376,1.1446100313623148e-05,0.0,4.26241776861521e-05,2.1446663122825915e-06,83398,83398,41126,83398
211265,1.1446100313623148e-05,0.0,3.824348100516018e-05,2.1333024715932654e-06,83762,83762,42383,83762
209481,1.1446100313623148e-05,0.0,1.211307961785287e-05,2.1222482345606698e-06,84069,84069,54186,84069
132591,1.1446100313623148e-05,0.0,4.750127502938832e-05,2.112316987465926e-06,84358,84358,39616,84358
135054,1.1446100313623148e-05,0.0,5.761772644794713e-05,2.109406638040698e-06,84449,84449,35582,84449
151277,1.1446100313623148e-05,0.0,5.761772644794713e-05,2.109406638040698e-06,84450,84450,35583,84450
212371,1.1446100313623148e-05,0.0,0.00011800754553207123,2.099095311656488e-06,84794,84794,24891,84794
200789,1.1446100313623148e-05,0.0,2.654673012264111e-05,2.095741153667301e-06,84877,84877,47861,84877
200545,1.1446100313623148e-05,0.0,2.654673012264111e-05,2.095741153667301e-06,84878,84878,47862,84878
142207,1.1446100313623148e-05,0.0,9.917929093668816e-06,2.0882563281060815e-06,85120,85120,56873,85120
209601,1.1446100313623148e-05,0.0,0.00012378843252574642,2.08006399083126e-06,85461,85461,23291,85461
207292,1.1446100313623148e-05,0.0,0.00012378843252574642,2.08006399083126e-06,85467,85467,23297,85467
206729,1.1446100313623148e-05,0.0,0.00012378843252574642,2.08006399083126e-06,85470,85470,23300,85470
38379,1.1446100313623148e-05,0.0,2.8653716159117094e-05,2.072085913418824e-06,85749,85749,46962,85749
136766,1.1446100313623148e-05,0.0,4.084749782865249e-05,2.0627991596987492e-06,86137,86137,41600,86137
