asn,category,tags
131132,Other,"Radio and Television Providers|Media, Publishing, and Broadcasting"
131133,Unknown,
131134,Other,Service
131135,ISP,Computer and Information Technology|Education and Research|Online Informational Content|Internet Service Provider (ISP)
131136,Other,Computer and Information Technology|Software Development
131137,Other,Manufacturing|Electronics and Computer Components|IPv6 only
131138,Other,Computer and Information Technology|Search
131139,Other,Computer and Information Technology|Search
131140,Other,Search|Computer and Information Technology
131141,Other,Search|Computer and Information Technology
131233,Enterprise,"Service|Law, Business, and Consulting Services"
131285,ISP,Computer and Information Technology|Internet Service Provider (ISP)|Phone Provider
131300,ISP,"Hosting and Cloud Provider|Computer and Information Technology|Hosting, Cloud Provider, Data Center, Server Colocation|Internet Service Provider (ISP)"
131301,ISP,"Hosting, Cloud Provider, Data Center, Server Colocation|Computer and Information Technology|Hosting and Cloud Provider|Internet Service Provider (ISP)"
131307,ISP,"Computer and Information Technology|Hosting, Cloud Provider, Data Center, Server Colocation|Internet Service Provider (ISP)|Hosting and Cloud Provider"
131311,ISP,"Hosting, Cloud Provider, Data Center, Server Colocation|Computer and Information Technology|Internet Service Provider (ISP)|Hosting and Cloud Provider"
131319,Other,Service
131320,Content/CDN,"Computer and Information Technology|Hosting, Cloud Provider, Data Center, Server Colocation"
131325,ISP,Internet Service Provider (ISP)|Computer and Information Technology
131326,ISP,"Hosting and Cloud Provider|Internet Service Provider (ISP)|Hosting, Cloud Provider, Data Center, Server Colocation|Computer and Information Technology"
131327,ISP,"Hosting, Cloud Provider, Data Center, Server Colocation|Computer and Information Technology|Hosting and Cloud Provider|Internet Service Provider (ISP)"
131335,ISP,"Computer and Information Technology|Hosting, Cloud Provider, Data Center, Server Colocation|Hosting and Cloud Provider|Internet Service Provider (ISP)"
131336,ISP,"Internet Service Provider (ISP)|Hosting and Cloud Provider|Hosting, Cloud Provider, Data Center, Server Colocation|Computer and Information Technology"
143342,Other,IPv6 only
131449,Content/CDN,"Computer and Information Technology|Hosting, Cloud Provider, Data Center, Server Colocation"
131450,ISP,"Internet Service Provider (ISP)|Hosting and Cloud Provider|Hosting, Cloud Provider, Data Center, Server Colocation|Computer and Information Technology"
131456,ISP,"Hosting, Cloud Provider, Data Center, Server Colocation|Computer and Information Technology|Internet Service Provider (ISP)|Hosting and Cloud Provider"
131457,ISP,"Hosting and Cloud Provider|Internet Service Provider (ISP)|Hosting, Cloud Provider, Data Center, Server Colocation|Computer and Information Technology"
143360,Other,IPv6 only
131469,ISP,"Hosting and Cloud Provider|Internet Service Provider (ISP)|Hosting, Cloud Provider, Data Center, Server Colocation|Computer and Information Technology"
131470,Other,"Media, Publishing, and Broadcasting"
131481,ISP,"Education and Research|Online Informational Content|Media, Publishing, and Broadcasting|Software Development"
131482,ISP,Validating RPKI ROV|Internet Service Provider (ISP)|Computer and Information Technology
131483,ISP,Online Informational Content|Internet Service Provider (ISP)|Education and Research|Software Development
131484,Other,Software Development|Computer and Information Technology
131485,Academic/Edu,Education and Research
131486,Content/CDN,Hosting and Cloud Provider|Computer and Information Technology
131487,Other,Computer and Information Technology
131488,ISP,"Media, Publishing, and Broadcasting|Computer and Information Technology|Internet Service Provider (ISP)|Online Informational Content"
131489,Other,Software Development|Computer and Information Technology
131490,Academic/Edu,Computer and Information Technology|Education and Research
131491,ISP,"Education and Research|Online Informational Content|Media, Publishing, and Broadcasting|Software Development"
131492,Other,"Clothing, Fashion, Luggage|Retail Stores, Wholesale, and E-commerce Sites|Service|Personal Care and Lifestyle (Barber Shops, Nail Salons, Diet Centers, Laundry, etc)"
131493,Enterprise,"Music and Video Industry|Law, Business, and Consulting Services|Radio and Television Providers|Service"
131494,ISP,"Media, Publishing, and Broadcasting|Online Informational Content|Internet Service Provider (ISP)|Computer and Information Technology"
131495,ISP,Software Development|Internet Service Provider (ISP)|Computer and Information Technology
131496,ISP,"Media, Publishing, and Broadcasting|Online Informational Content|Software Development|Internet Service Provider (ISP)"
131497,Enterprise,"Automotive and Transportation|Manufacturing|Law, Business, and Consulting Services|Service"
131498,Enterprise,"Service|Law, Business, and Consulting Services|Manufacturing|Automotive and Transportation"
131499,Other,Computer and Information Technology
131500,Other,Electronics and Computer Components|Manufacturing
131501,Other,"Banks, Credit Card Companies, Mortgage Providers|Finance and Insurance"
131502,ISP,"Media, Publishing, and Broadcasting|Online Informational Content|Internet Service Provider (ISP)|Software Development"
131503,Other,"Retail Stores, Wholesale, and E-commerce Sites"
131504,Other,"Retail Stores, Wholesale, and E-commerce Sites"
131505,Enterprise,"Law, Business, and Consulting Services|Service"
131506,Other,"Media, Publishing, and Broadcasting|Online Informational Content|Music and Video Industry"
131507,ISP,Computer and Information Technology|Internet Service Provider (ISP)
131508,ISP,"Internet Service Provider (ISP)|Online Informational Content|Computer and Information Technology|Media, Publishing, and Broadcasting"
131509,Academic/Edu,Research and Development Organizations|Education and Research
131510,Content/CDN,Computer and Information Technology|Hosting and Cloud Provider
131511,Enterprise,"Computer and Information Technology|Law, Business, and Consulting Services|Service"
131512,ISP,"Media, Publishing, and Broadcasting|Online Informational Content|Internet Service Provider (ISP)|Education and Research"
131513,Other,Computer and Information Technology
131514,Content/CDN,Hosting and Cloud Provider|Computer and Information Technology
131515,ISP,Internet Service Provider (ISP)|Computer and Information Technology|Education and Research|Software Development
131516,ISP,"Education and Research|Online Informational Content|Media, Publishing, and Broadcasting|Internet Service Provider (ISP)"
131517,Content/CDN,Hosting and Cloud Provider|Computer and Information Technology
131518,Academic/Edu,"Retail Stores, Wholesale, and E-commerce Sites|Research and Development Organizations|Education and Research"
131519,Enterprise,Electronics and Computer Components|Computer and Information Technology|Manufacturing|Machinery
131520,Other,Computer and Information Technology|Software Development
131521,Government,"Government and Public Administration|Finance and Insurance|Investment, Portfolio Management, Pensions and Funds|Banks, Credit Card Companies, Mortgage Providers"
131522,Other,Computer and Information Technology
131523,Other,Software Development|Computer and Information Technology
131524,Other,Validating RPKI ROV|Software Development|Computer and Information Technology
131525,Other,"Software Development|Retail Stores, Wholesale, and E-commerce Sites|Travel and Accommodation|Air Travel"
131526,Other,IPv6 only
131527,Other,"Recreation, Sports, and Performing Arts|Museums, Libraries, and Entertainment"
131528,Other,Computer and Information Technology
131529,Other,Computer and Information Technology
131530,Other,Computer and Information Technology
131531,ISP,"Media, Publishing, and Broadcasting|Internet Service Provider (ISP)|Online Informational Content|Software Development"
131532,ISP,"Media, Publishing, and Broadcasting|Internet Service Provider (ISP)|Online Informational Content|Computer and Information Technology"
131533,ISP,"Media, Publishing, and Broadcasting|Internet Service Provider (ISP)|Online Informational Content|Software Development"
131534,ISP,"Media, Publishing, and Broadcasting|Computer and Information Technology|Online Informational Content|Education and Research"
131535,ISP,Computer and Information Technology|Internet Service Provider (ISP)|Software Development
131536,Other,Computer and Information Technology
131537,Content/CDN,Computer and Information Technology|Hosting and Cloud Provider
131538,Other,Machinery|Manufacturing
131539,Other,Software Development|Computer and Information Technology
131540,Other,Computer and Information Technology
131541,Unknown,
143377,Other,IPv6 only
131542,Unknown,
131544,ISP,"Media, Publishing, and Broadcasting|Computer and Information Technology|Online Informational Content|Internet Service Provider (ISP)"
131545,Other,Computer and Information Technology|Software Development
131543,Unknown,
131547,Other,Computer and Information Technology
131548,ISP,"Computer and Information Technology|Education and Research|Media, Publishing, and Broadcasting|Online Informational Content"
131549,Unknown,
131550,Enterprise,"Law, Business, and Consulting Services|Service|Retail Stores, Wholesale, and E-commerce Sites"
131551,Enterprise,"Service|Computer and Information Technology|Law, Business, and Consulting Services|Retail Stores, Wholesale, and E-commerce Sites"
131552,Unknown,
131553,Other,Computer and Information Technology|Software Development
131554,ISP,Software Development|Internet Service Provider (ISP)|Computer and Information Technology
131555,ISP,Computer and Information Technology|Education and Research|Internet Service Provider (ISP)|Online Informational Content
131556,ISP,"Software Development|Media, Publishing, and Broadcasting|Education and Research|Computer and Information Technology"
131557,ISP,"Media, Publishing, and Broadcasting|Internet Service Provider (ISP)|Computer and Information Technology|Online Informational Content"
131558,Other,"Retail Stores, Wholesale, and E-commerce Sites"
131559,Unknown,
131560,Other,Computer and Information Technology
131561,ISP,Internet Service Provider (ISP)|Online Informational Content|Education and Research|Software Development
131562,ISP,Internet Service Provider (ISP)|Software Development|Education and Research|Radio and Television Providers
131563,Unknown,
131564,ISP,"Computer and Information Technology|Internet Service Provider (ISP)|Media, Publishing, and Broadcasting|Education and Research"
131565,ISP,Computer and Information Technology|Online Informational Content|Education and Research|Software Development
131566,Unknown,
131567,Other,Computer and Information Technology
131568,ISP,"Media, Publishing, and Broadcasting|Education and Research|Computer and Information Technology|Online Informational Content"
131569,ISP,Hosting and Cloud Provider|Computer and Information Technology|Internet Service Provider (ISP)
131570,Other,Machinery|Manufacturing
131571,Other,"Banks, Credit Card Companies, Mortgage Providers|Finance and Insurance"
131572,Other,"Finance and Insurance|Banks, Credit Card Companies, Mortgage Providers"
131573,Unknown,
131574,Other,Computer and Information Technology
131575,Other,Computer and Information Technology
131576,Other,"Finance and Insurance|Banks, Credit Card Companies, Mortgage Providers"
131577,ISP,Computer and Information Technology|Internet Service Provider (ISP)
131578,Academic/Edu,"Colleges, Universities, and Professional Schools|Education and Research|Academic"
131579,ISP,"Radio and Television Providers|Media, Publishing, and Broadcasting|Computer and Information Technology|Internet Service Provider (ISP)"
131580,ISP,"Radio and Television Providers|Software Development|Internet Service Provider (ISP)|Media, Publishing, and Broadcasting"
143383,Other,IPv6 only
143411,Other,IPv6 only
143413,Other,IPv6 only
143414,Other,IPv6 only
143416,Other,IPv6 only
143417,Other,IPv6 only
143418,Other,IPv6 only
143419,Other,IPv6 only
143430,Other,IPv6 only
197433,ISP,"Not Validating RPKI ROV|Radio and Television Providers|Media, Publishing, and Broadcasting|Internet Service Provider (ISP)"
143461,Other,IPv6 only
143463,Other,IPv6 only
143464,Other,IPv6 only
143465,Other,IPv6 only
132019,ISP,Software Development|Internet Service Provider (ISP)|Computer and Information Technology
197626,Other,"Finance and Insurance|Banks, Credit Card Companies, Mortgage Providers|IPv6 only"
132147,ISP,Internet Service Provider (ISP)|Computer and Information Technology
132153,ISP,Computer and Information Technology|Internet Service Provider (ISP)
132154,Other,Electronics and Computer Components|Manufacturing
132176,Other,"Freight, Shipment, and Postal Services"
132177,Other,Hospitals and Medical Centers|Health Care Services
132178,Other,Construction and Real Estate|Real Estate (Residential and/or Commercial)
132179,Other,Computer and Information Technology
132180,Other,"Retail Stores, Wholesale, and E-commerce Sites"
132181,Enterprise,"Service|Law, Business, and Consulting Services"
132182,Other,"Investment, Portfolio Management, Pensions and Funds|Finance and Insurance"
132183,Other,"Museums, Libraries, and Entertainment"
132184,Other,"Retail Stores, Wholesale, and E-commerce Sites"
132185,Other,Computer and Information Technology
132186,Other,"Retail Stores, Wholesale, and E-commerce Sites"
132187,Other,Travel and Accommodation
132188,Other,Travel and Accommodation
132189,ISP,"Insurance Carriers and Agencies|Investment, Portfolio Management, Pensions and Funds|Finance and Insurance"
132190,Other,"Finance and Insurance|Investment, Portfolio Management, Pensions and Funds"
132191,Other,"Finance and Insurance|Investment, Portfolio Management, Pensions and Funds"
132203,ISP,Content|Not Validating RPKI ROV|Computer and Information Technology|Internet Service Provider (ISP)
132225,ISP,Phone Provider|Computer and Information Technology|Internet Service Provider (ISP)
132226,Other,Other
145935,Other,IPv6 only
132437,Other,"Banks, Credit Card Companies, Mortgage Providers|Computer and Information Technology|Technology Consulting Services|Finance and Insurance"
132446,Other,"Retail Stores, Wholesale, and E-commerce Sites"
132478,ISP,"Internet Service Provider (ISP)|Computer and Information Technology|Retail Stores, Wholesale, and E-commerce Sites"
132479,ISP,"Computer and Information Technology|Law, Business, and Consulting Services|Service|Internet Service Provider (ISP)"
198025,Other,"Media, Publishing, and Broadcasting|Personal ASN"
132501,ISP,Internet Service Provider (ISP)|Computer and Information Technology
132510,ISP,Eyeball|Internet Service Provider (ISP)|Computer and Information Technology
132511,ISP,Computer and Information Technology|Internet Service Provider (ISP)
132525,ISP,Eyeball|Validating RPKI ROV|Internet Service Provider (ISP)|Computer and Information Technology
132536,ISP,Internet Service Provider (ISP)|Computer and Information Technology
132551,Other,Software Development|Computer and Information Technology
132552,Other,Computer and Information Technology
132553,Academic/Edu,"Not Validating RPKI ROV|Education and Research|Service|Colleges, Universities, and Professional Schools"
143583,Other,IPv6 only
143584,Other,IPv6 only
132591,ISP,"Online Informational Content|Media, Publishing, and Broadcasting|Internet Service Provider (ISP)|Computer and Information Technology"
132617,ISP,Internet Service Provider (ISP)|Computer and Information Technology|Phone Provider
132623,Other,Service|Personal ASN|IPv6 only
198266,Enterprise,"Computer and Information Technology|Service|Law, Business, and Consulting Services|Personal ASN"
132833,Enterprise,"Service|Law, Business, and Consulting Services"
132886,Academic/Edu,"Education and Research|Colleges, Universities, and Professional Schools"
198516,ISP,"Computer and Information Technology|Service|Law, Business, and Consulting Services|Internet Service Provider (ISP)"
198527,Other,"Service|Manufacturing|Buildings (Residential or Commercial)|Food, Beverage, and Tobacco"
133033,Other,"Retail Stores, Wholesale, and E-commerce Sites"
133056,Other,Manufacturing|Chemical and Pharmaceutical Manufacturing
143678,Other,IPv6 only
143679,Other,IPv6 only
143680,Other,IPv6 only
143682,Other,IPv6 only
143683,Other,IPv6 only
133111,ISP,Internet Service Provider (ISP)|Not Validating RPKI ROV|Computer and Information Technology
133118,ISP,Computer and Information Technology|Not Validating RPKI ROV|Internet Service Provider (ISP)
133119,ISP,Eyeball|Not Validating RPKI ROV|Computer and Information Technology|Internet Service Provider (ISP)
133171,Other,Other
133194,Other,Not Validating RPKI ROV|Machinery|Manufacturing
133219,ISP,Content|Internet Service Provider (ISP)|Computer and Information Technology|Hosting and Cloud Provider
133373,Other,Electronics and Computer Components|Manufacturing
143757,Other,IPv6 only
143759,Other,IPv6 only
133465,Academic/Edu,"Education and Research|Colleges, Universities, and Professional Schools|Academic"
133475,Academic/Edu,"Education and Research|Colleges, Universities, and Professional Schools|Academic|VPN Host"
133478,ISP,"Law, Business, and Consulting Services|Museums, Libraries, and Entertainment|Service|Computer and Information Technology"
133492,Other,Computer and Information Technology|Software Development|IPv6 only
133494,Other,"Trucking|Freight, Shipment, and Postal Services"
133503,Other,Electronics and Computer Components|Manufacturing
133508,Other,Computer and Information Technology
133511,ISP,Internet Service Provider (ISP)|Computer and Information Technology
133512,ISP,Internet Service Provider (ISP)|Computer and Information Technology
133513,ISP,Internet Service Provider (ISP)|Computer and Information Technology
133514,ISP,Computer and Information Technology|Internet Service Provider (ISP)
133515,ISP,Internet Service Provider (ISP)|Computer and Information Technology
133516,ISP,Computer and Information Technology|Internet Service Provider (ISP)
133517,ISP,Internet Service Provider (ISP)|Computer and Information Technology
133518,ISP,Internet Service Provider (ISP)|Computer and Information Technology
133519,ISP,Internet Service Provider (ISP)|Computer and Information Technology
143375,Other,IPv6 only
133550,Other,Computer and Information Technology
133555,Enterprise,"Service|Computer and Information Technology|Law, Business, and Consulting Services"
133558,ISP,Internet Service Provider (ISP)|Hosting and Cloud Provider|Computer and Information Technology|Service
133559,ISP,Internet Service Provider (ISP)|Service|Hosting and Cloud Provider|Computer and Information Technology
133560,ISP,Service|Internet Service Provider (ISP)|Hosting and Cloud Provider|Computer and Information Technology
133561,ISP,Hosting and Cloud Provider|Computer and Information Technology|Service|Internet Service Provider (ISP)
133562,ISP,Internet Service Provider (ISP)|Hosting and Cloud Provider|Service|Computer and Information Technology
133563,ISP,Computer and Information Technology|Service|Internet Service Provider (ISP)|Hosting and Cloud Provider
133564,ISP,Computer and Information Technology|Service|Internet Service Provider (ISP)|Hosting and Cloud Provider
133565,ISP,Computer and Information Technology|Internet Service Provider (ISP)|Hosting and Cloud Provider|Service
133566,ISP,Computer and Information Technology|Hosting and Cloud Provider|Internet Service Provider (ISP)|Service
133567,ISP,Computer and Information Technology|Hosting and Cloud Provider|Internet Service Provider (ISP)|Service
133568,ISP,Computer and Information Technology|Internet Service Provider (ISP)|Hosting and Cloud Provider|Service
133569,ISP,Hosting and Cloud Provider|Internet Service Provider (ISP)|Service|Computer and Information Technology
133570,ISP,Service|Internet Service Provider (ISP)|Hosting and Cloud Provider|Computer and Information Technology
133571,ISP,Computer and Information Technology|Internet Service Provider (ISP)|Hosting and Cloud Provider|Service
133572,ISP,Computer and Information Technology|Hosting and Cloud Provider|Internet Service Provider (ISP)|Service
133573,ISP,Service|Hosting and Cloud Provider|Computer and Information Technology|Internet Service Provider (ISP)
133574,ISP,Computer and Information Technology|Internet Service Provider (ISP)|Hosting and Cloud Provider|Service
133575,ISP,Hosting and Cloud Provider|Computer and Information Technology|Service|Internet Service Provider (ISP)
133576,ISP,Computer and Information Technology|Hosting and Cloud Provider|Internet Service Provider (ISP)|Service
133577,ISP,Internet Service Provider (ISP)|Service|Hosting and Cloud Provider|Computer and Information Technology
133774,ISP,Internet Service Provider (ISP)|Not Validating RPKI ROV|Computer and Information Technology
133775,Eyeball,Eyeball|Computer and Information Technology|Hosting and Cloud Provider|Anycast
133776,ISP,Computer and Information Technology|Internet Service Provider (ISP)
199310,ISP,Carrier|Personal ASN
133790,Other,Manufacturing
133846,Academic/Edu,Personal ASN|Education and Research
199392,Content/CDN,Hosting and Cloud Provider|Computer and Information Technology
133865,Other,Tranco 10k Host|Computer and Information Technology
199406,ISP,"Computer and Information Technology|Hosting, Cloud Provider, Data Center, Server Colocation|Internet Service Provider (ISP)"
133952,ISP,Internet Service Provider (ISP)|Computer and Information Technology
134103,ISP,Internet Service Provider (ISP)|Computer and Information Technology|Phone Provider|Service
199684,ISP,Computer and Information Technology|Internet Service Provider (ISP)
199691,Unknown,
134169,Academic/Edu,"Education and Research|Colleges, Universities, and Professional Schools"
134172,Other,Computer and Information Technology
134238,ISP,Content|Not Validating RPKI ROV|Computer and Information Technology|Internet Service Provider (ISP)
199817,Other,"Retail Stores, Wholesale, and E-commerce Sites|Construction and Real Estate|Buildings (Residential or Commercial)|Agriculture, Mining, and Refineries (Farming, Greenhouses, Mining, Forestry, and Animal Farming)"
199832,Other,Service|Personal ASN
143933,Other,IPv6 only
143938,Other,IPv6 only
143943,Other,IPv6 only
199932,Other,"IPv6 only|Online Informational Content|Media, Publishing, and Broadcasting"
134413,ISP,Internet Service Provider (ISP)|Computer and Information Technology
134417,ISP,Internet Service Provider (ISP)|Computer and Information Technology
134418,Government,"Government and Public Administration|Government and Regulatory Agencies, Administrations, Departments, and Services"
134419,ISP,Eyeball|Not Validating RPKI ROV|Internet Service Provider (ISP)|Computer and Information Technology
134420,ISP,Computer and Information Technology|Not Validating RPKI ROV|Internet Service Provider (ISP)
134421,ISP,Internet Service Provider (ISP)|Computer and Information Technology
134422,ISP,Internet Service Provider (ISP)|Computer and Information Technology
134423,ISP,Computer and Information Technology|Internet Service Provider (ISP)
134425,Other,Other
134477,Other,Service|IPv6 only
200021,ISP,"Service|Law, Business, and Consulting Services|Internet Service Provider (ISP)|Computer and Information Technology"
134488,Content/CDN,"Hosting, Cloud Provider, Data Center, Server Colocation|Computer and Information Technology|IPv6 only"
3460,Academic/Edu,Research and Development Organizations|Education and Research
134542,ISP,Computer and Information Technology|Internet Service Provider (ISP)
134543,ISP,Eyeball|Not Validating RPKI ROV|Computer and Information Technology|Internet Service Provider (ISP)
200103,ISP,"Electronics and Computer Components|Hosting, Cloud Provider, Data Center, Server Colocation|Computer and Information Technology|Internet Service Provider (ISP)"
134578,Other,"Retail Stores, Wholesale, and E-commerce Sites|Not Validating RPKI ROV"
134671,Other,Software Development|Computer and Information Technology
134675,Other,Computer and Information Technology
144001,Other,IPv6 only
200256,ISP,"Manufacturing|Hosting, Cloud Provider, Data Center, Server Colocation|Internet Service Provider (ISP)|Computer and Information Technology"
200267,ISP,Computer and Information Technology|Internet Service Provider (ISP)
200268,Other,Software Development|Computer and Information Technology|IPv6 only
134755,Enterprise,"Law, Business, and Consulting Services|Service"
134756,ISP,Eyeball|Not Validating RPKI ROV|Computer and Information Technology|Phone Provider
134757,Enterprise,"Law, Business, and Consulting Services|Service"
134758,Enterprise,"Service|Law, Business, and Consulting Services"
134759,Enterprise,"Service|Law, Business, and Consulting Services"
134760,ISP,Internet Service Provider (ISP)|Computer and Information Technology
134761,ISP,Computer and Information Technology|Not Validating RPKI ROV|Internet Service Provider (ISP)
134762,ISP,"Eyeball|Not Validating RPKI ROV|Investment, Portfolio Management, Pensions and Funds|Finance and Insurance"
134763,ISP,Eyeball|Internet Service Provider (ISP)|Computer and Information Technology|Tranco 10k Host
134764,ISP,Internet Service Provider (ISP)|Not Validating RPKI ROV|Computer and Information Technology
134765,ISP,Computer and Information Technology|Internet Service Provider (ISP)
134766,ISP,Computer and Information Technology|Internet Service Provider (ISP)
134767,Enterprise,"Service|Law, Business, and Consulting Services"
134768,Government,"Government and Regulatory Agencies, Administrations, Departments, and Services|Not Validating RPKI ROV|Government and Public Administration"
134769,ISP,Internet Service Provider (ISP)|Computer and Information Technology
134770,ISP,Internet Service Provider (ISP)|Not Validating RPKI ROV|Computer and Information Technology
134771,ISP,Content|Not Validating RPKI ROV|Computer and Information Technology|Internet Service Provider (ISP)
134772,ISP,"Home ISP|Investment, Portfolio Management, Pensions and Funds|Finance and Insurance|Insurance Carriers and Agencies"
134773,ISP,"Home ISP|Insurance Carriers and Agencies|Investment, Portfolio Management, Pensions and Funds|Finance and Insurance"
134774,ISP,Tranco 10k Host|Not Validating RPKI ROV|Home ISP
134775,ISP,Computer and Information Technology|Internet Service Provider (ISP)
3717,Academic/Edu,Education and Research|Elementary and Secondary Schools
134792,Other,Computer and Information Technology
134810,ISP,Eyeball|Validating RPKI ROV|Internet Service Provider (ISP)|Computer and Information Technology
144039,Other,IPv6 only
144041,Other,IPv6 only
144043,Other,IPv6 only
144050,Other,IPv6 only
144051,Other,IPv6 only
200472,Other,"Media, Publishing, and Broadcasting|Radio and Television Providers|IPv6 only"
144052,Other,IPv6 only
144060,Other,IPv6 only
144061,Other,IPv6 only
200536,Other,Content|IPv6 only|Personal ASN|Hospitals and Medical Centers
135006,ISP,Computer and Information Technology|Internet Service Provider (ISP)
200545,Other,IPv6 only
135011,ISP,Internet Service Provider (ISP)|Computer and Information Technology
135040,Other,Other
135054,ISP,Internet Service Provider (ISP)|Computer and Information Technology
144075,Other,IPv6 only
135061,ISP,Tranco 10k Host|Not Validating RPKI ROV|Computer and Information Technology|Internet Service Provider (ISP)
135089,Enterprise,"Manufacturing|Service|Law, Business, and Consulting Services|Agriculture, Mining, and Refineries (Farming, Greenhouses, Mining, Forestry, and Animal Farming)"
135169,ISP,Internet Service Provider (ISP)|Computer and Information Technology|Software Development
200720,Other,Community Groups and Nonprofits|Personal ASN|Anycast|IPv6 only
200732,Unknown,
144105,Other,IPv6 only
4134,ISP,Carrier|Not Validating RPKI ROV|Computer and Information Technology|Internet Service Provider (ISP)
4142,Content/CDN,"Software Development|Hosting, Cloud Provider, Data Center, Server Colocation|Computer and Information Technology|Retail Stores, Wholesale, and E-commerce Sites"
144111,Other,IPv6 only
200789,ISP,"Hosting, Cloud Provider, Data Center, Server Colocation|Computer and Information Technology|Manufacturing|Internet Service Provider (ISP)"
200809,Other,Service|Personal ASN|IPv6 only
144121,Other,IPv6 only
200853,ISP,"Construction and Real Estate|Civil Engineering Construction (Utility Lines, Roads and Bridges)|Computer and Information Technology|Internet Service Provider (ISP)"
200890,Other,Personal ASN|IPv6 only
135363,ISP,Internet Service Provider (ISP)|Computer and Information Technology
144141,Other,IPv6 only
135395,Eyeball,Other|Personal ASN|Eyeball
200936,Content/CDN,"Personal ASN|Computer and Information Technology|Hosting, Cloud Provider, Data Center, Server Colocation|IPv6 only"
200959,ISP,"Personal ASN|Computer and Information Technology|Hosting, Cloud Provider, Data Center, Server Colocation|Manufacturing"
135426,ISP,Software Development|Internet Service Provider (ISP)|Computer and Information Technology
135432,ISP,Internet Service Provider (ISP)|Computer and Information Technology
135501,ISP,Computer and Information Technology|Internet Service Provider (ISP)
135502,ISP,Computer and Information Technology|Internet Service Provider (ISP)
135503,ISP,Computer and Information Technology|Internet Service Provider (ISP)
135504,ISP,Internet Service Provider (ISP)|Computer and Information Technology
135505,ISP,Computer and Information Technology|Internet Service Provider (ISP)
135506,ISP,Internet Service Provider (ISP)|Computer and Information Technology
135507,ISP,Internet Service Provider (ISP)|Computer and Information Technology
135508,ISP,Internet Service Provider (ISP)|Computer and Information Technology
135546,Other,Other
135570,Other,Computer and Information Technology
135579,Other,Computer and Information Technology
4538,Eyeball,"Eyeball|Not Validating RPKI ROV|Education and Research|Colleges, Universities, and Professional Schools"
135629,ISP,Server Hosting|Validating RPKI ROV|Computer and Information Technology|Internet Service Provider (ISP)
135630,Other,"Retail Stores, Wholesale, and E-commerce Sites"
135646,Academic/Edu,Education and Research|IPv6 only
135671,Government,"Computer and Information Technology|Software Development|Government and Public Administration|Media, Publishing, and Broadcasting"
135674,Other,"Construction and Real Estate|Civil Engineering Construction (Utility Lines, Roads and Bridges)|IPv6 only"
4611,ISP,Tranco 10k Host|Computer and Information Technology|Internet Service Provider (ISP)
201235,Enterprise,"Retail Stores, Wholesale, and E-commerce Sites|Computer and Information Technology|Law, Business, and Consulting Services|Software Development"
4659,Other,"Retail Stores, Wholesale, and E-commerce Sites"
4751,Other,"Retail Stores, Wholesale, and E-commerce Sites"
4789,Other,Computer and Information Technology
4798,Other,Manufacturing|Clothing and Textiles
4799,Other,"Retail Stores, Wholesale, and E-commerce Sites"
4808,ISP,Eyeball|Not Validating RPKI ROV|Internet Service Provider (ISP)|Computer and Information Technology
4809,ISP,Carrier|Validating RPKI ROV|Computer and Information Technology|Internet Service Provider (ISP)
4810,Other,"Finance and Insurance|Banks, Credit Card Companies, Mortgage Providers"
4811,ISP,Tranco 10k Host|Not Validating RPKI ROV|Internet Service Provider (ISP)|Computer and Information Technology
4812,ISP,Eyeball|Not Validating RPKI ROV|Computer and Information Technology|Internet Service Provider (ISP)
4813,ISP,Computer and Information Technology|Validating RPKI ROV|Internet Service Provider (ISP)
4814,Other,"Service|Buildings, Repair, Maintenance (Pest Control, Landscaping, Cleaning, Locksmiths, Car Washes, etc)"
4815,Other,"Museums, Libraries, and Entertainment|Music and Video Industry|Media, Publishing, and Broadcasting"
4816,ISP,Server Hosting|Not Validating RPKI ROV|Internet Service Provider (ISP)|Computer and Information Technology
135883,Other,Other
4835,ISP,Tranco 10k Host|Not Validating RPKI ROV|Internet Service Provider (ISP)|Computer and Information Technology
4837,ISP,Carrier|Not Validating RPKI ROV|Internet Service Provider (ISP)|Computer and Information Technology
4839,Other,Travel and Accommodation
4840,Other,Computer and Information Technology
4842,Content/CDN,Anycast|Not Validating RPKI ROV|Hosting and Cloud Provider|Computer and Information Technology
4843,Other,Computer and Information Technology
4847,ISP,Eyeball|Not Validating RPKI ROV|Internet Service Provider (ISP)|Computer and Information Technology
4859,Government,"Not Validating RPKI ROV|Government|Government and Public Administration|Government and Regulatory Agencies, Administrations, Departments, and Services"
136018,ISP,Internet Service Provider (ISP)|Computer and Information Technology
201674,Government,"Community Groups and Nonprofits|Government and Public Administration|Anycast|Government and Regulatory Agencies, Administrations, Departments, and Services"
136146,Content/CDN,Computer and Information Technology|Hosting and Cloud Provider
136148,Other,Community Groups and Nonprofits
137780,Unknown,
136160,Content/CDN,"Hosting, Cloud Provider, Data Center, Server Colocation|Computer and Information Technology|Hosting and Cloud Provider"
201705,ISP,IPv6 only|Personal ASN|Computer and Information Technology|Internet Service Provider (ISP)
136173,Unknown,
136180,Enterprise,"Service|Law, Business, and Consulting Services"
136185,Other,"Retail Stores, Wholesale, and E-commerce Sites"
136186,Other,"Investment, Portfolio Management, Pensions and Funds|Finance and Insurance"
136188,ISP,Content|Not Validating RPKI ROV|Computer and Information Technology|Internet Service Provider (ISP)
136189,ISP,"Computer and Information Technology|Law, Business, and Consulting Services|Service|Software Development"
136190,ISP,Eyeball|Internet Service Provider (ISP)|Computer and Information Technology
136191,ISP,Internet Service Provider (ISP)|Computer and Information Technology
136192,ISP,Internet Service Provider (ISP)|Computer and Information Technology
136193,ISP,Computer and Information Technology|Internet Service Provider (ISP)
136194,ISP,Computer and Information Technology|Internet Service Provider (ISP)
136195,ISP,Content|Computer and Information Technology|Internet Service Provider (ISP)|Software Development
136196,Other,"Retail Stores, Wholesale, and E-commerce Sites"
136197,ISP,Computer and Information Technology|Internet Service Provider (ISP)
136198,ISP,Internet Service Provider (ISP)|Computer and Information Technology
136199,ISP,Mobile Data/Carrier|Computer and Information Technology|Internet Service Provider (ISP)|Home ISP
136200,ISP,"Home ISP|Insurance Carriers and Agencies|Investment, Portfolio Management, Pensions and Funds|Finance and Insurance"
201770,Other,Service
136237,ISP,Internet Service Provider (ISP)|Computer and Information Technology
37936,Other,"Tranco 10k Host|Food, Grocery, Beverages|Retail Stores, Wholesale, and E-commerce Sites"
37937,Government,"Not Validating RPKI ROV|Government and Regulatory Agencies, Administrations, Departments, and Services|Government and Public Administration"
37938,Other,"Retail Stores, Wholesale, and E-commerce Sites"
37939,Other,Machinery|Electronics and Computer Components|Manufacturing
37940,Enterprise,"Service|Law, Business, and Consulting Services"
37941,Other,Manufacturing|Electronics and Computer Components
37942,Enterprise,"Law, Business, and Consulting Services|Not Validating RPKI ROV|Service"
37943,ISP,Computer and Information Technology|Internet Service Provider (ISP)|Hosting and Cloud Provider
37944,ISP,Internet Service Provider (ISP)|Computer and Information Technology
37945,ISP,"Media, Publishing, and Broadcasting|Computer and Information Technology|Education and Research|Internet Service Provider (ISP)"
37946,Other,"Retail Stores, Wholesale, and E-commerce Sites"
37947,Unknown,
136250,Other,"Media, Publishing, and Broadcasting"
37948,Other,"Retail Stores, Wholesale, and E-commerce Sites"
37950,Unknown,
37949,Other,"Software Development|Retail Stores, Wholesale, and E-commerce Sites|Computer and Information Technology"
37952,Unknown,
37953,Unknown,
37954,Unknown,
37951,ISP,Computer and Information Technology|Internet Service Provider (ISP)
37956,Unknown,
37955,Other,Computer and Information Technology
37957,Other,Service
37958,Other,Electronics and Computer Components|Manufacturing
37959,Other,Electronics and Computer Components|Manufacturing
37961,Unknown,
37960,ISP,"Media, Publishing, and Broadcasting|Internet Service Provider (ISP)|Computer and Information Technology|Online Informational Content"
37962,Other,Service
37964,Unknown,
37963,Eyeball,Eyeball|Not Validating RPKI ROV|Computer and Information Technology|Service
37966,Unknown,
37965,Other,Computer and Information Technology
37967,Other,Computer and Information Technology
37968,Other,Electronics and Computer Components|Manufacturing
37969,Unknown,
37970,ISP,Eyeball|Computer and Information Technology|Internet Service Provider (ISP)
38019,ISP,Eyeball|Validating RPKI ROV|Computer and Information Technology|Internet Service Provider (ISP)
38027,Academic/Edu,"Government|Education and Research|Colleges, Universities, and Professional Schools"
38035,ISP,Finance and Insurance|Insurance Carriers and Agencies
38057,Other,Electronics and Computer Components|Manufacturing
201944,ISP,Construction and Real Estate|IPv6 only|Personal ASN|Carrier
136535,Eyeball,"Software Development|Service|Media, Publishing, and Broadcasting|Retail Stores, Wholesale, and E-commerce Sites"
136545,ISP,"Computer and Information Technology|Internet Service Provider (ISP)|Retail Stores, Wholesale, and E-commerce Sites"
38255,ISP,Carrier|Internet Service Provider (ISP)|Computer and Information Technology|Academic
38270,Other,Software Development|Computer and Information Technology
38272,ISP,IPv6 only|Computer and Information Technology|Internet Service Provider (ISP)
38283,ISP,Tranco 10k Host|Not Validating RPKI ROV|Computer and Information Technology|Internet Service Provider (ISP)
136591,Academic/Edu,Education and Research|IPv6 only
38323,Other,Computer and Information Technology|IPv6 only
38335,Other,Software Development|Search|Computer and Information Technology
38336,ISP,Computer and Information Technology|Internet Service Provider (ISP)
38337,Other,Software Development|Computer and Information Technology
38338,ISP,Computer and Information Technology|Internet Service Provider (ISP)|Phone Provider
38339,Other,Computer and Information Technology
38340,ISP,Computer and Information Technology|Internet Service Provider (ISP)
38341,ISP,Not Validating RPKI ROV|Online Informational Content|Software Development|Internet Service Provider (ISP)
38342,ISP,Computer and Information Technology|Internet Service Provider (ISP)
38343,ISP,Internet Service Provider (ISP)|Computer and Information Technology
38344,ISP,Computer and Information Technology|Education and Research|Internet Service Provider (ISP)|Online Informational Content
38345,Other,Internet Critical Infra|Not Validating RPKI ROV|Computer and Information Technology|Anycast
38346,Enterprise,"Law, Business, and Consulting Services|Service"
38347,Other,"Service|Retail Stores, Wholesale, and E-commerce Sites"
38348,ISP,Computer and Information Technology|Online Informational Content|Education and Research|Internet Service Provider (ISP)
38349,ISP,"Internet Service Provider (ISP)|Accountants, Tax Preparers, Payroll Services|Computer and Information Technology|Finance and Insurance"
38350,Unknown,
38351,ISP,"Internet Service Provider (ISP)|Software Development|Media, Publishing, and Broadcasting|Computer and Information Technology"
38352,Other,"Computer and Information Technology|Software Development|Service|Museums, Libraries, and Entertainment"
38353,Other,Computer and Information Technology
38354,Other,"Computer and Information Technology|Media, Publishing, and Broadcasting|Museums, Libraries, and Entertainment|Software Development"
38355,ISP,Online Informational Content|Education and Research|Internet Service Provider (ISP)|Software Development
38356,Enterprise,"Construction and Real Estate|Law, Business, and Consulting Services|Civil Engineering Construction (Utility Lines, Roads and Bridges)|Service"
38357,Other,"Media, Publishing, and Broadcasting|Print Media (Newspapers, Magazines, Books)|Retail Stores, Wholesale, and E-commerce Sites|Clothing and Textiles"
38358,Other,Computer and Information Technology
38359,Unknown,
38360,Other,Computer and Information Technology
38361,ISP,"Internet Service Provider (ISP)|Search|Media, Publishing, and Broadcasting|Computer and Information Technology"
38362,Unknown,
38363,Other,Not Validating RPKI ROV|Computer and Information Technology
38364,ISP,Internet Service Provider (ISP)|Computer and Information Technology
38365,Content/CDN,Content|Not Validating RPKI ROV|Hosting and Cloud Provider|Search
38366,Other,Computer and Information Technology
38367,Enterprise,"Law, Business, and Consulting Services|Service"
38368,ISP,"Software Development|Media, Publishing, and Broadcasting|Computer and Information Technology|Internet Service Provider (ISP)"
38369,Other,Service
38370,ISP,Computer and Information Technology|Internet Service Provider (ISP)
38371,Unknown,
38372,ISP,"Media, Publishing, and Broadcasting|Computer and Information Technology|Education and Research|Online Informational Content"
38373,Other,Software Development|Computer and Information Technology
38374,ISP,"Media, Publishing, and Broadcasting|Computer and Information Technology|Radio and Television Providers|Education and Research"
38375,Other,"Finance and Insurance|Investment, Portfolio Management, Pensions and Funds"
38376,Unknown,
38377,Unknown,
38378,ISP,Automotive and Transportation|Machinery|Computer and Information Technology|Household Appliances and Electronics
38379,Other,"Not Validating RPKI ROV|Retail Stores, Wholesale, and E-commerce Sites"
38380,Other,Automotive and Transportation|Manufacturing
38381,Enterprise,Corporate/Enterprise|Computer and Information Technology|Software Development
38382,ISP,"Media, Publishing, and Broadcasting|Education and Research|Computer and Information Technology|Online Informational Content"
38383,Unknown,
38384,Unknown,
202229,Other,"Media, Publishing, and Broadcasting|Online Informational Content"
202256,Content/CDN,"Content|Computer and Information Technology|Hosting, Cloud Provider, Data Center, Server Colocation|IPv6 only"
136725,Other,Clothing and Textiles|Manufacturing|IPv6 only
136755,ISP,Internet Service Provider (ISP)|Computer and Information Technology
136766,ISP,"Software Development|Internet Service Provider (ISP)|Museums, Libraries, and Entertainment|Computer and Information Technology"
136769,ISP,Computer and Information Technology|Internet Service Provider (ISP)|Corporate/Enterprise|Content
202335,Other,"IPv6 only|Community Groups and Nonprofits|Online Informational Content|Media, Publishing, and Broadcasting"
202396,Other,IPv6 only|Computer and Information Technology|Personal ASN
38564,ISP,Validating RPKI ROV|Computer and Information Technology|Internet Service Provider (ISP)
38585,Other,Computer and Information Technology
38587,Enterprise,"Manufacturing|Electronics and Computer Components|Service|Law, Business, and Consulting Services"
136923,Other,Computer and Information Technology|Software Development
136955,ISP,Internet Service Provider (ISP)|Computer and Information Technology
136958,ISP,Tranco 10k Host|Not Validating RPKI ROV|Computer and Information Technology|Internet Service Provider (ISP)
136959,ISP,Internet Service Provider (ISP)|Not Validating RPKI ROV|Computer and Information Technology
137017,ISP,Computer and Information Technology|Internet Service Provider (ISP)
38834,ISP,Not Validating RPKI ROV|Internet Service Provider (ISP)|Software Development|Computer and Information Technology
137200,Other,Computer and Information Technology
202747,Content/CDN,"Computer and Information Technology|Hosting, Cloud Provider, Data Center, Server Colocation"
137229,Content/CDN,Computer and Information Technology|Hosting and Cloud Provider|Computer and Network Security|Service
202782,ISP,"Carrier|Print Media (Newspapers, Magazines, Books)|Media, Publishing, and Broadcasting|Radio and Television Providers"
137256,Academic/Edu,Education and Research|IPv6 only|Personal ASN
137264,Other,Computer and Information Technology
137266,Other,"Media, Publishing, and Broadcasting|Music and Video Industry|Museums, Libraries, and Entertainment"
144525,Other,IPv6 only
137401,Other,"IPv6 only|Museums, Libraries, and Entertainment|Music and Video Industry|Media, Publishing, and Broadcasting"
137402,Other,"IPv6 only|Media, Publishing, and Broadcasting|Music and Video Industry|Museums, Libraries, and Entertainment"
137436,Other,Computer and Information Technology|IPv6 only
137528,Other,Construction and Real Estate|Computer and Information Technology|Buildings (Residential or Commercial)
137533,Other,Computer and Information Technology
137539,ISP,"Media, Publishing, and Broadcasting|Computer and Information Technology|Internet Service Provider (ISP)|Phone Provider"
131546,Unknown,
137571,Eyeball,Education and Research|Eyeball
137686,ISP,Finance and Insurance|Insurance Carriers and Agencies
137687,ISP,Computer and Information Technology|Not Validating RPKI ROV|Internet Service Provider (ISP)
137688,ISP,Internet Service Provider (ISP)|Computer and Information Technology
137689,ISP,Eyeball|Not Validating RPKI ROV|Computer and Information Technology|Internet Service Provider (ISP)
137690,ISP,Server Hosting|Internet Service Provider (ISP)|Computer and Information Technology
137691,ISP,Home ISP|Software Development|Computer and Information Technology
137692,ISP,Internet Service Provider (ISP)|Not Validating RPKI ROV|Computer and Information Technology
137693,ISP,Internet Service Provider (ISP)|Not Validating RPKI ROV|Computer and Information Technology
137694,ISP,Internet Service Provider (ISP)|Computer and Information Technology
137695,ISP,Computer and Information Technology|Internet Service Provider (ISP)
137696,ISP,Insurance Carriers and Agencies|Finance and Insurance
137697,ISP,Computer and Information Technology|Internet Service Provider (ISP)
137698,Other,"Agriculture, Mining, and Refineries (Farming, Greenhouses, Mining, Forestry, and Animal Farming)|Not Validating RPKI ROV"
137699,ISP,Computer and Information Technology|Internet Service Provider (ISP)
137700,Other,"Service|Buildings, Repair, Maintenance (Pest Control, Landscaping, Cleaning, Locksmiths, Car Washes, etc)"
137701,Other,"Finance and Insurance|Investment, Portfolio Management, Pensions and Funds"
137702,ISP,Tranco 10k Host|Not Validating RPKI ROV|Internet Service Provider (ISP)|Computer and Information Technology
203236,ISP,Computer and Information Technology|Internet Service Provider (ISP)|Personal ASN|Eyeball
137709,Other,"Manufacturing|Service|Investment, Portfolio Management, Pensions and Funds|Software Development"
137710,Other,Computer and Network Security|Computer and Information Technology
137711,Other,Computer and Information Technology
137712,Other,Software Development|Computer and Information Technology
137713,Other,Computer and Information Technology
137714,Government,"Government and Public Administration|Government and Regulatory Agencies, Administrations, Departments, and Services"
137715,Other,"Investment, Portfolio Management, Pensions and Funds|Finance and Insurance"
137716,Other,"Finance and Insurance|Investment, Portfolio Management, Pensions and Funds"
137717,ISP,Online Informational Content|Computer and Information Technology|Education and Research|Internet Service Provider (ISP)
137718,Content/CDN,Server Hosting|Computer and Information Technology|Software Development|Tranco 10k Host
137719,Other,Computer and Information Technology|Software Development
137720,Enterprise,"Service|Law, Business, and Consulting Services"
137721,Other,IPv6 only
137722,Academic/Edu,Research and Development Organizations|Software Development|Computer and Information Technology|Education and Research
137723,Academic/Edu,Electronics and Computer Components|Software Development|Computer and Information Technology|Education and Research
137724,ISP,"Internet Service Provider (ISP)|Software Development|Media, Publishing, and Broadcasting|Computer and Information Technology"
137725,Government,"Government and Public Administration|Government and Regulatory Agencies, Administrations, Departments, and Services"
137726,Other,"Agriculture, Mining, and Refineries (Farming, Greenhouses, Mining, Forestry, and Animal Farming)|IPv6 only"
137727,ISP,Internet Service Provider (ISP)|Computer and Information Technology|Software Development|Education and Research
137728,Other,Computer and Information Technology
137729,Other,Computer and Information Technology
137730,Other,Computer and Information Technology
137731,ISP,Computer and Information Technology|Internet Service Provider (ISP)|Software Development|Education and Research
137732,Enterprise,"Service|Law, Business, and Consulting Services"
137733,Other,"Metal, Glass, Wood, and Paper Manufacturing|Manufacturing"
137734,ISP,"Internet Service Provider (ISP)|Software Development|Media, Publishing, and Broadcasting|Computer and Information Technology"
137735,Enterprise,"Corporate/Enterprise|Finance and Insurance|Investment, Portfolio Management, Pensions and Funds|Banks, Credit Card Companies, Mortgage Providers"
137736,Other,"Banks, Credit Card Companies, Mortgage Providers|Finance and Insurance"
137737,Other,"Retail Stores, Wholesale, and E-commerce Sites"
137738,Enterprise,"Service|Law, Business, and Consulting Services"
137739,Other,"Finance and Insurance|Banks, Credit Card Companies, Mortgage Providers|Computer and Information Technology"
137740,ISP,"Media, Publishing, and Broadcasting|Internet Service Provider (ISP)|Online Informational Content|Computer and Information Technology"
137741,ISP,"Media, Publishing, and Broadcasting|Internet Service Provider (ISP)|Computer and Information Technology|Software Development"
137742,ISP,Finance and Insurance|Insurance Carriers and Agencies
137743,ISP,Computer and Information Technology|Internet Service Provider (ISP)
137744,ISP,"Education and Research|Online Informational Content|Computer and Information Technology|Media, Publishing, and Broadcasting"
137745,Unknown,
137746,Unknown,
137747,ISP,Computer and Information Technology|Software Development|Education and Research|Internet Service Provider (ISP)
137748,Other,"Civil Engineering Construction (Utility Lines, Roads and Bridges)|Computer and Information Technology|Construction and Real Estate"
137749,Other,Computer and Information Technology
137750,ISP,Education and Research|Online Informational Content|Internet Service Provider (ISP)|Software Development
137751,Enterprise,"Service|Law, Business, and Consulting Services"
137752,ISP,"Education and Research|Media, Publishing, and Broadcasting|Online Informational Content|Internet Service Provider (ISP)"
137753,Content/CDN,Hosting and Cloud Provider|Computer and Information Technology
137754,ISP,"Education and Research|Internet Service Provider (ISP)|Computer and Information Technology|Media, Publishing, and Broadcasting"
137755,ISP,"Media, Publishing, and Broadcasting|Computer and Information Technology|Education and Research|Online Informational Content"
137756,ISP,Internet Service Provider (ISP)|Computer and Information Technology
137757,ISP,Internet Service Provider (ISP)|Computer and Information Technology
137758,Enterprise,"Corporate/Enterprise|Banks, Credit Card Companies, Mortgage Providers|Finance and Insurance"
137759,Other,Manufacturing|Machinery
137760,Unknown,
137761,Other,Computer and Information Technology
137762,Other,Computer and Information Technology|Software Development
137763,Other,Computer and Information Technology|Software Development
137764,Other,Computer and Information Technology
137765,Other,"Retail Stores, Wholesale, and E-commerce Sites"
137766,ISP,Education and Research|Online Informational Content|Computer and Information Technology|Internet Service Provider (ISP)
137767,Other,"Retail Stores, Wholesale, and E-commerce Sites|Manufacturing|Automotive and Transportation"
137768,ISP,Internet Service Provider (ISP)|Computer and Information Technology
137769,Unknown,
137770,Unknown,
137771,ISP,"Online Informational Content|Media, Publishing, and Broadcasting|Internet Service Provider (ISP)|Computer and Information Technology"
137772,Other,Computer and Information Technology
137773,Other,Computer and Information Technology|Software Development
137774,Other,Computer and Information Technology
137775,Academic/Edu,"Computer and Information Technology|Software Development|Research and Development Organizations|Retail Stores, Wholesale, and E-commerce Sites"
137776,ISP,"Education and Research|Media, Publishing, and Broadcasting|Online Informational Content|Software Development"
137777,ISP,Internet Service Provider (ISP)|Software Development|Computer and Information Technology
137778,ISP,Software Development|Education and Research|Internet Service Provider (ISP)|Computer and Information Technology
137779,ISP,"Media, Publishing, and Broadcasting|Online Informational Content|Internet Service Provider (ISP)|Software Development"
203309,Other,Software Development|Computer and Network Security|Computer and Information Technology|IPv6 only
137781,ISP,"Education and Research|Online Informational Content|Computer and Information Technology|Media, Publishing, and Broadcasting"
137782,Other,"Electric Power Generation, Transmission, Distribution|Manufacturing|Utilities (Excluding Internet Service)"
137783,ISP,"Online Informational Content|Media, Publishing, and Broadcasting|Software Development|Internet Service Provider (ISP)"
137784,Other,Software Development|Computer and Information Technology
137785,Other,Validating RPKI ROV|Computer and Information Technology|Software Development|Anycast
137786,ISP,Internet Service Provider (ISP)|Computer and Information Technology
137787,ISP,Internet Service Provider (ISP)|Computer and Information Technology|Software Development
137788,ISP,"Not Validating RPKI ROV|Media, Publishing, and Broadcasting|Internet Service Provider (ISP)|Computer and Information Technology"
137789,ISP,Internet Service Provider (ISP)|Computer and Information Technology
137790,ISP,"Software Development|Computer and Information Technology|Media, Publishing, and Broadcasting|Online Informational Content"
137791,Other,Computer and Information Technology|Software Development
137792,Other,"Chemical and Pharmaceutical Manufacturing|Manufacturing|Utilities (Excluding Internet Service)|Electric Power Generation, Transmission, Distribution"
137793,ISP,"Internet Service Provider (ISP)|Computer and Information Technology|Media, Publishing, and Broadcasting|Online Informational Content"
137794,ISP,Internet Service Provider (ISP)|Computer and Information Technology
137795,ISP,"Online Informational Content|Media, Publishing, and Broadcasting|Internet Service Provider (ISP)|Software Development"
137796,Unknown,
137797,ISP,"Online Informational Content|Media, Publishing, and Broadcasting|Internet Service Provider (ISP)|Computer and Information Technology"
137798,Other,Software Development|Computer and Information Technology
137799,Other,"Banks, Credit Card Companies, Mortgage Providers|Finance and Insurance"
137800,Other,Computer and Information Technology
137801,Other,Computer and Information Technology|Tranco 10k Host
137802,Enterprise,"Service|Law, Business, and Consulting Services|Computer and Information Technology"
137803,Content/CDN,Hosting and Cloud Provider|Computer and Information Technology|Software Development
137804,Other,"Retail Stores, Wholesale, and E-commerce Sites|Clothing, Fashion, Luggage"
137805,Other,Computer and Information Technology
137806,Enterprise,"Service|Law, Business, and Consulting Services"
137807,Unknown,
137808,Other,Software Development|Computer and Information Technology
137813,Other,"Finance and Insurance|Investment, Portfolio Management, Pensions and Funds"
137835,Other,Computer and Information Technology|Software Development|IPv6 only
144640,Other,IPv6 only
137908,Other,IPv6 only|Service|Personal ASN
137917,ISP,Computer and Information Technology|Internet Service Provider (ISP)
137986,Enterprise,"Service|Law, Business, and Consulting Services|Software Development|Retail Stores, Wholesale, and E-commerce Sites"
138029,Other,Computer and Information Technology
39753,Other,IPv6 only|Community Groups and Nonprofits|Personal ASN
203643,Other,"Buildings, Repair, Maintenance (Pest Control, Landscaping, Cleaning, Locksmiths, Car Washes, etc)|Service|Personal ASN|IPv6 only"
203655,Other,"IPv6 only|Online Informational Content|Media, Publishing, and Broadcasting|Computer and Information Technology"
203664,Other,Service
138169,ISP,"Mobile Data/Carrier|Museums, Libraries, and Entertainment|Music and Video Industry|Media, Publishing, and Broadcasting"
138182,Other,IPv6 only|Not Validating RPKI ROV|Computer and Information Technology
138211,Other,Community Groups and Nonprofits|IPv6 only
138217,Other,"Retail Stores, Wholesale, and E-commerce Sites"
203837,Other,"Automotive and Transportation|Metal, Glass, Wood, and Paper Manufacturing|Manufacturing"
138351,ISP,Internet Service Provider (ISP)|Computer and Information Technology|Hosting and Cloud Provider
203899,Enterprise,"Law, Business, and Consulting Services|Service|Personal ASN"
138365,Other,Computer and Information Technology|Software Development
138369,Academic/Edu,"Education and Research|Not Validating RPKI ROV|Colleges, Universities, and Professional Schools"
138370,ISP,IPv6 only|Not Validating RPKI ROV|Computer and Information Technology|Internet Service Provider (ISP)
138371,Academic/Edu,"Education and Research|Colleges, Universities, and Professional Schools"
138373,ISP,IPv6 only|Not Validating RPKI ROV|Computer and Information Technology|Internet Service Provider (ISP)
138374,ISP,IPv6 only|Not Validating RPKI ROV|Internet Service Provider (ISP)|Computer and Information Technology
138375,ISP,IPv6 only|Not Validating RPKI ROV|Internet Service Provider (ISP)|Computer and Information Technology
138376,ISP,IPv6 only|Not Validating RPKI ROV|Computer and Information Technology|Internet Service Provider (ISP)
138377,ISP,IPv6 only|Not Validating RPKI ROV|Computer and Information Technology|Internet Service Provider (ISP)
138378,Academic/Edu,"Education and Research|Not Validating RPKI ROV|Colleges, Universities, and Professional Schools"
138381,ISP,IPv6 only|Not Validating RPKI ROV|Computer and Information Technology|Internet Service Provider (ISP)
138387,Other,"IPv6 only|Music and Video Industry|Media, Publishing, and Broadcasting|Museums, Libraries, and Entertainment"
138393,Academic/Edu,"IPv6 only|Not Validating RPKI ROV|Colleges, Universities, and Professional Schools|Education and Research"
138401,Other,IPv6 only|Travel and Accommodation
138405,Content/CDN,Hosting and Cloud Provider|Computer and Information Technology
138407,ISP,Computer and Information Technology|Internet Service Provider (ISP)
138409,Other,"IPv6 only|Music and Video Industry|Museums, Libraries, and Entertainment|Media, Publishing, and Broadcasting"
138416,ISP,Internet Service Provider (ISP)|Software Development|Computer and Information Technology
138421,ISP,"Server Hosting|Not Validating RPKI ROV|Media, Publishing, and Broadcasting|Computer and Information Technology"
138436,Other,"IPv6 only|Media, Publishing, and Broadcasting|Music and Video Industry|Museums, Libraries, and Entertainment"
138438,ISP,IPv6 only|Computer and Information Technology|Internet Service Provider (ISP)
138440,ISP,IPv6 only|Computer and Information Technology|Internet Service Provider (ISP)
138441,ISP,IPv6 only|Internet Service Provider (ISP)|Computer and Information Technology
138442,ISP,IPv6 only|Computer and Information Technology|Internet Service Provider (ISP)
203991,ISP,"Software Development|Computer and Information Technology|Service|Law, Business, and Consulting Services"
138457,Academic/Edu,Research and Development Organizations|Education and Research|Internet Critical Infra
138480,Other,Computer and Information Technology|Software Development
138513,Other,"IPv6 only|Media, Publishing, and Broadcasting|Music and Video Industry|Museums, Libraries, and Entertainment"
138514,Other,"IPv6 only|Museums, Libraries, and Entertainment|Media, Publishing, and Broadcasting|Music and Video Industry"
204051,Unknown,
138532,Enterprise,"Service|Law, Business, and Consulting Services"
138535,ISP,"IPv6 only|Personal ASN|Media, Publishing, and Broadcasting|Electronics and Computer Components"
138538,Content/CDN,Computer and Information Technology|Hosting and Cloud Provider
146203,Other,IPv6 only
138545,Other,"Media, Publishing, and Broadcasting|Online Informational Content|Museums, Libraries, and Entertainment"
7497,ISP,Eyeball|Validating RPKI ROV|Internet Service Provider (ISP)|Computer and Information Technology
138570,ISP,Internet Service Provider (ISP)|Computer and Information Technology
138597,Other,"IPv6 only|Media, Publishing, and Broadcasting|Museums, Libraries, and Entertainment|Music and Video Industry"
7547,Government,"Government and Public Administration|Government and Regulatory Agencies, Administrations, Departments, and Services"
7548,Government,"Government and Public Administration|Government and Regulatory Agencies, Administrations, Departments, and Services"
7549,Government,"Government and Public Administration|Government and Regulatory Agencies, Administrations, Departments, and Services"
138632,Academic/Edu,Education and Research
138635,Other,"IPv6 only|Museums, Libraries, and Entertainment|Music and Video Industry|Media, Publishing, and Broadcasting"
138641,Other,"IPv6 only|Media, Publishing, and Broadcasting|Museums, Libraries, and Entertainment|Music and Video Industry"
7576,Other,Computer and Information Technology
204185,Eyeball,"Eyeball|Service|Personal Care and Lifestyle (Barber Shops, Nail Salons, Diet Centers, Laundry, etc)|IPv6 only"
7586,Unknown,
204211,Eyeball,"Eyeball|Hosting, Cloud Provider, Data Center, Server Colocation|Computer and Information Technology|IPv6 only"
138679,Other,"IPv6 only|Music and Video Industry|Media, Publishing, and Broadcasting|Museums, Libraries, and Entertainment"
7609,Other,"Service|Investment, Portfolio Management, Pensions and Funds|Finance and Insurance"
138698,Content/CDN,"Hosting and Cloud Provider|Computer and Information Technology|Hosting, Cloud Provider, Data Center, Server Colocation"
204244,ISP,Internet Service Provider (ISP)|Computer and Information Technology|Service
7638,ISP,"Software Development|Internet Service Provider (ISP)|Media, Publishing, and Broadcasting|Computer and Information Technology"
7639,Other,Computer and Information Technology
7640,Other,"Manufacturing|Electric Power Generation, Transmission, Distribution|Investment, Portfolio Management, Pensions and Funds|Utilities (Excluding Internet Service)"
7641,ISP,Eyeball|Not Validating RPKI ROV|Computer and Information Technology|Internet Service Provider (ISP)
7653,Other,"Finance and Insurance|Investment, Portfolio Management, Pensions and Funds|Service"
7692,Other,"Retail Stores, Wholesale, and E-commerce Sites"
7721,Other,"Personal ASN|Music and Video Industry|Media, Publishing, and Broadcasting"
144848,Other,IPv6 only
146196,Other,IPv6 only
138949,ISP,Computer and Information Technology|Internet Service Provider (ISP)|Phone Provider
138950,ISP,Tranco 10k Host|Not Validating RPKI ROV|Internet Service Provider (ISP)|Computer and Information Technology
138966,Content/CDN,Computer and Information Technology|Hosting and Cloud Provider
138979,ISP,Internet Service Provider (ISP)|Computer and Information Technology
138982,ISP,Phone Provider|Not Validating RPKI ROV|Internet Service Provider (ISP)|Computer and Information Technology
204518,Eyeball,"Hosting and Cloud Provider|Software Development|Computer and Information Technology|Hosting, Cloud Provider, Data Center, Server Colocation"
138991,ISP,Internet Service Provider (ISP)|Phone Provider|Computer and Information Technology
139007,ISP,Computer and Information Technology|Internet Service Provider (ISP)
139015,Other,Computer and Information Technology|Software Development
139018,ISP,Phone Provider|Computer and Information Technology|Internet Service Provider (ISP)
139019,ISP,Computer and Information Technology|Phone Provider|Internet Service Provider (ISP)
204571,Academic/Edu,"Computer and Information Technology|Software Development|Research and Development Organizations|Retail Stores, Wholesale, and E-commerce Sites"
139073,Academic/Edu,Personal ASN|Education and Research
144875,Other,IPv6 only
139080,ISP,Anycast|Internet Service Provider (ISP)|Computer and Information Technology
139090,ISP,Online Informational Content|Education and Research|Internet Service Provider (ISP)|Software Development
139091,ISP,Internet Service Provider (ISP)|Computer and Information Technology
139092,ISP,Internet Service Provider (ISP)|Phone Provider|Computer and Information Technology
139093,Other,Software Development|Computer and Information Technology
139094,Other,Computer and Information Technology|Software Development
139095,Other,Software Development|Computer and Information Technology
139096,Other,Computer and Information Technology|Software Development
139097,Other,Computer and Information Technology
139098,Academic/Edu,Education and Research|Research and Development Organizations
139099,Other,"Retail Stores, Wholesale, and E-commerce Sites"
139100,Other,Technology Consulting Services|Manufacturing|Automotive and Transportation|Computer and Information Technology
139101,Other,"Software Development|Computer and Information Technology|Retail Stores, Wholesale, and E-commerce Sites"
139102,Other,Computer and Information Technology
139103,Other,"Media, Publishing, and Broadcasting|Print Media (Newspapers, Magazines, Books)|Online Informational Content"
139104,Other,"Banks, Credit Card Companies, Mortgage Providers|Investment, Portfolio Management, Pensions and Funds|Finance and Insurance"
139105,Other,"Investment, Portfolio Management, Pensions and Funds|Finance and Insurance|Banks, Credit Card Companies, Mortgage Providers"
139106,Other,"Finance and Insurance|Banks, Credit Card Companies, Mortgage Providers|Investment, Portfolio Management, Pensions and Funds"
139107,Other,Computer and Information Technology
139108,Other,Computer and Information Technology
139109,ISP,"Internet Service Provider (ISP)|Phone Provider|Retail Stores, Wholesale, and E-commerce Sites|Software Development"
139110,ISP,"Phone Provider|Computer and Information Technology|Retail Stores, Wholesale, and E-commerce Sites|Internet Service Provider (ISP)"
139111,Content/CDN,Software Development|Hosting and Cloud Provider|Computer and Information Technology
139112,ISP,Computer and Information Technology|Internet Service Provider (ISP)
139113,Other,Computer and Information Technology
139114,Other,Construction and Real Estate|Buildings (Residential or Commercial)
139115,Other,Construction and Real Estate
139116,Other,Computer and Information Technology
139117,Unknown,
139118,Enterprise,"Law, Business, and Consulting Services|Service"
139119,ISP,Education and Research|Online Informational Content|Internet Service Provider (ISP)|Software Development
139120,ISP,"Media, Publishing, and Broadcasting|Computer and Information Technology|Online Informational Content|Internet Service Provider (ISP)"
139121,Other,Computer and Information Technology
139122,ISP,"Media, Publishing, and Broadcasting|Computer and Information Technology|Education and Research|Online Informational Content"
139123,Other,Computer and Information Technology
139124,ISP,"Government and Public Administration|Military, Defense, National Security, and International Affairs|Computer and Information Technology|Internet Service Provider (ISP)"
139125,Other,Software Development|Computer and Information Technology
139126,Other,Computer and Information Technology
139127,ISP,Internet Service Provider (ISP)|Computer and Information Technology
139128,Other,Computer and Information Technology
139129,Other,"Banks, Credit Card Companies, Mortgage Providers|Finance and Insurance"
139130,Other,"Banks, Credit Card Companies, Mortgage Providers|Finance and Insurance"
139131,Unknown,
139132,Content/CDN,Electronics and Computer Components|Computer and Information Technology|Manufacturing|Hosting and Cloud Provider
139133,Other,Computer and Information Technology
139134,Unknown,
139135,ISP,"Education and Research|Online Informational Content|Media, Publishing, and Broadcasting|Internet Service Provider (ISP)"
139136,Other,Software Development|Computer and Information Technology
139137,Unknown,
139138,Other,Finance and Insurance|Software Development|Computer and Information Technology
139139,Academic/Edu,"Academic|Not Validating RPKI ROV|Education and Research|Colleges, Universities, and Professional Schools"
139140,Unknown,
139141,Other,Computer and Information Technology|Software Development
139142,Enterprise,"Computer and Information Technology|Law, Business, and Consulting Services|Service|Software Development"
139143,ISP,Computer and Information Technology|Internet Service Provider (ISP)|Hosting and Cloud Provider|Software Development
139144,ISP,Internet Service Provider (ISP)|Hosting and Cloud Provider|Computer and Information Technology|Software Development
139145,ISP,"Education and Research|Media, Publishing, and Broadcasting|Internet Service Provider (ISP)|Online Informational Content"
139146,ISP,"Finance and Insurance|Banks, Credit Card Companies, Mortgage Providers|Insurance Carriers and Agencies"
139147,Other,Computer and Information Technology
139148,Content/CDN,Corporate/Enterprise|Software Development|Hosting and Cloud Provider|Computer and Information Technology
139149,Unknown,
139150,ISP,"Software Development|Media, Publishing, and Broadcasting|Computer and Information Technology|Online Informational Content"
139151,ISP,Insurance Carriers and Agencies|Finance and Insurance
139152,ISP,Finance and Insurance|Insurance Carriers and Agencies
139153,Academic/Edu,"Education and Research|Colleges, Universities, and Professional Schools"
139154,Government,"Retail Stores, Wholesale, and E-commerce Sites|Government"
139155,Enterprise,"Travel and Accommodation|Law, Business, and Consulting Services|Service"
139156,ISP,"Media, Publishing, and Broadcasting|Internet Service Provider (ISP)|Online Informational Content|Software Development"
139157,ISP,"Computer and Information Technology|Media, Publishing, and Broadcasting|Education and Research|Online Informational Content"
139158,Other,Software Development|Computer and Information Technology
139159,Academic/Edu,Research and Development Organizations|Education and Research
139160,Other,Computer and Information Technology
139161,Other,IPv6 only
139162,Other,Manufacturing|Software Development|Automotive and Transportation|Computer and Information Technology
139163,Other,Computer and Information Technology|Manufacturing|Software Development|Automotive and Transportation
139164,Other,Manufacturing|Automotive and Transportation|Computer and Information Technology|Software Development
139165,Other,Computer and Information Technology|Software Development|Manufacturing|Automotive and Transportation
139166,Academic/Edu,"Print Media (Newspapers, Magazines, Books)|Media, Publishing, and Broadcasting|Education and Research|Research and Development Organizations"
139167,Other,"Electric Power Generation, Transmission, Distribution|Manufacturing|Utilities (Excluding Internet Service)|Chemical and Pharmaceutical Manufacturing"
139168,Other,"Manufacturing|Utilities (Excluding Internet Service)|Electric Power Generation, Transmission, Distribution|Chemical and Pharmaceutical Manufacturing"
139169,Other,"Utilities (Excluding Internet Service)|Electric Power Generation, Transmission, Distribution|Manufacturing|Chemical and Pharmaceutical Manufacturing"
139170,Other,"Manufacturing|Utilities (Excluding Internet Service)|Electric Power Generation, Transmission, Distribution|Chemical and Pharmaceutical Manufacturing"
139171,Other,"Chemical and Pharmaceutical Manufacturing|Manufacturing|Utilities (Excluding Internet Service)|Electric Power Generation, Transmission, Distribution"
139172,Other,"Service|Buildings, Repair, Maintenance (Pest Control, Landscaping, Cleaning, Locksmiths, Car Washes, etc)"
139173,Other,Software Development|Computer and Information Technology
139174,Other,"Travel and Accommodation|Water Transportation|Service|Retail Stores, Wholesale, and E-commerce Sites"
139175,Other,"Community Groups and Nonprofits|Human Rights and Social Advocacy (Human Rights, Environment and Wildlife Conservation, Other)|Museums, Libraries, and Entertainment"
139176,Other,"Banks, Credit Card Companies, Mortgage Providers|Finance and Insurance"
139177,Academic/Edu,"Colleges, Universities, and Professional Schools|Education and Research"
139178,Enterprise,"Service|Law, Business, and Consulting Services|Banks, Credit Card Companies, Mortgage Providers|Finance and Insurance"
139179,ISP,"Not Validating RPKI ROV|Insurance Carriers and Agencies|Finance and Insurance|Law, Business, and Consulting Services"
139180,ISP,"Computer and Information Technology|Education and Research|Media, Publishing, and Broadcasting|Online Informational Content"
139181,ISP,"Online Informational Content|Media, Publishing, and Broadcasting|Internet Service Provider (ISP)|Software Development"
139182,ISP,Finance and Insurance|Insurance Carriers and Agencies
139183,ISP,"Retail Stores, Wholesale, and E-commerce Sites|Law, Business, and Consulting Services|Computer and Information Technology|Service"
139184,Other,Manufacturing|Machinery
139185,Other,Manufacturing
139186,Enterprise,"Law, Business, and Consulting Services|Service"
139187,ISP,"Online Informational Content|Media, Publishing, and Broadcasting|Software Development|Computer and Information Technology"
139188,Other,"Banks, Credit Card Companies, Mortgage Providers|Finance and Insurance"
139189,ISP,"Media, Publishing, and Broadcasting|Online Informational Content|Internet Service Provider (ISP)|Computer and Information Technology"
139201,ISP,Phone Provider|Internet Service Provider (ISP)|Computer and Information Technology
139203,ISP,Phone Provider|Internet Service Provider (ISP)|Computer and Information Technology
139209,Other,Service
139210,Other,Service
139216,Academic/Edu,IPv6 only|Education and Research
139220,ISP,Phone Provider|Internet Service Provider (ISP)|Computer and Information Technology
139231,Other,"Automotive and Transportation|Manufacturing|Freight, Shipment, and Postal Services|IPv6 only"
139249,Other,Machinery|Manufacturing
139252,Other,"Finance and Insurance|Investment, Portfolio Management, Pensions and Funds"
139266,Other,Computer and Information Technology|Software Development
139316,ISP,Computer and Information Technology|Internet Service Provider (ISP)|Phone Provider
139317,Other,"Personal ASN|Service|Personal Care and Lifestyle (Barber Shops, Nail Salons, Diet Centers, Laundry, etc)|IPv6 only"
204856,ISP,IPv6 only|Personal ASN|Computer and Information Technology|Internet Service Provider (ISP)
139462,ISP,Internet Service Provider (ISP)|Computer and Information Technology|Phone Provider
205008,ISP,Anycast|Computer and Information Technology|Internet Service Provider (ISP)|IPv6 only
205027,Content/CDN,Hosting and Cloud Provider|Computer and Information Technology
139584,ISP,Computer and Information Technology|Phone Provider|Internet Service Provider (ISP)
139585,Other,"Music and Video Industry|Museums, Libraries, and Entertainment|Media, Publishing, and Broadcasting"
139586,Other,"Media, Publishing, and Broadcasting|Music and Video Industry|Museums, Libraries, and Entertainment"
139587,Other,"Music and Video Industry|Museums, Libraries, and Entertainment|Media, Publishing, and Broadcasting"
139589,Academic/Edu,Education and Research|IPv6 only
205152,Other,Community Groups and Nonprofits|Personal ASN
139618,Other,"Investment, Portfolio Management, Pensions and Funds|Finance and Insurance"
139635,Content/CDN,Computer and Information Technology|Hosting and Cloud Provider
139721,ISP,Carrier|Phone Provider|Computer and Information Technology|Internet Service Provider (ISP)
139726,ISP,Not Validating RPKI ROV|Computer and Information Technology|Internet Service Provider (ISP)
139738,ISP,Internet Service Provider (ISP)|Computer and Information Technology
139743,Other,Computer and Information Technology
139767,ISP,Computer and Information Technology|Not Validating RPKI ROV|Internet Service Provider (ISP)|Phone Provider
139769,Other,Other|Not Validating RPKI ROV
139774,Academic/Edu,"Education and Research|Colleges, Universities, and Professional Schools"
139775,Other,Software Development|Computer and Information Technology
139782,Other,Community Groups and Nonprofits
139787,ISP,Internet Service Provider (ISP)|Software Development|Computer and Information Technology
139791,Other,IPv6 only|Manufacturing|Clothing and Textiles
139795,Other,"Retail Stores, Wholesale, and E-commerce Sites"
139799,Other,Computer and Information Technology|Software Development
139801,Other,Computer and Information Technology
205369,ISP,Personal ASN|Internet Service Provider (ISP)|Computer and Information Technology|IPv6 only
139859,ISP,Computer and Information Technology|Internet Service Provider (ISP)|IPv6 only
139874,ISP,Internet Service Provider (ISP)|Software Development|Computer and Information Technology
205418,ISP,"Law, Business, and Consulting Services|Internet Service Provider (ISP)|Community Groups and Nonprofits|Computer and Information Technology"
139887,ISP,Computer and Information Technology|Phone Provider|Internet Service Provider (ISP)
139888,Eyeball,"Eyeball|Media, Publishing, and Broadcasting|IPv6 only"
139905,Other,Software Development|Computer and Information Technology
139908,ISP,Computer and Information Technology|Internet Service Provider (ISP)
205532,Eyeball,"Civil Engineering Construction (Utility Lines, Roads and Bridges)|Construction and Real Estate|Personal ASN|IPv6 only"
140043,Other,"Service|Buildings, Repair, Maintenance (Pest Control, Landscaping, Cleaning, Locksmiths, Car Washes, etc)|IPv6 only"
140053,ISP,IPv6 only|Phone Provider|Computer and Information Technology|Internet Service Provider (ISP)
140056,ISP,IPv6 only|Internet Service Provider (ISP)|Computer and Information Technology|Phone Provider
140061,ISP,Phone Provider|Not Validating RPKI ROV|Computer and Information Technology|Internet Service Provider (ISP)
205603,Eyeball,Computer and Information Technology|IPv6 only|Personal ASN|Eyeball
205610,Academic/Edu,Personal ASN|Education and Research
205618,Eyeball,Community Groups and Nonprofits|Personal ASN|IPv6 only|Eyeball
140083,ISP,Phone Provider|Computer and Information Technology|Internet Service Provider (ISP)
41780,ISP,"Internet Service Provider (ISP)|Service|Computer and Information Technology|Hosting, Cloud Provider, Data Center, Server Colocation"
140105,ISP,Internet Service Provider (ISP)|Computer and Information Technology
205651,Academic/Edu,Education and Research|Personal ASN
140221,Enterprise,"Law, Business, and Consulting Services|Service"
140232,ISP,"Computer and Information Technology|Law, Business, and Consulting Services|Service|Internet Service Provider (ISP)"
140238,Other,"IPv6 only|Music and Video Industry|Media, Publishing, and Broadcasting|Museums, Libraries, and Entertainment"
205779,ISP,Computer and Information Technology|Internet Service Provider (ISP)|IPv6 only|Personal ASN
140245,Other,"IPv6 only|Music and Video Industry|Media, Publishing, and Broadcasting|Museums, Libraries, and Entertainment"
140246,Other,"IPv6 only|Media, Publishing, and Broadcasting|Music and Video Industry|Museums, Libraries, and Entertainment"
140247,Other,"IPv6 only|Media, Publishing, and Broadcasting|Music and Video Industry|Museums, Libraries, and Entertainment"
140248,Other,"IPv6 only|Media, Publishing, and Broadcasting|Music and Video Industry|Museums, Libraries, and Entertainment"
140249,Other,"IPv6 only|Media, Publishing, and Broadcasting|Music and Video Industry|Museums, Libraries, and Entertainment"
140250,Other,"IPv6 only|Media, Publishing, and Broadcasting|Music and Video Industry|Museums, Libraries, and Entertainment"
140251,Other,"IPv6 only|Museums, Libraries, and Entertainment|Media, Publishing, and Broadcasting|Music and Video Industry"
140252,Other,"IPv6 only|Media, Publishing, and Broadcasting|Music and Video Industry|Museums, Libraries, and Entertainment"
140253,Other,"IPv6 only|Museums, Libraries, and Entertainment|Media, Publishing, and Broadcasting|Music and Video Industry"
140254,Other,"IPv6 only|Media, Publishing, and Broadcasting|Music and Video Industry|Museums, Libraries, and Entertainment"
140255,Other,"IPv6 only|Museums, Libraries, and Entertainment|Music and Video Industry|Media, Publishing, and Broadcasting"
140256,Other,"IPv6 only|Media, Publishing, and Broadcasting|Music and Video Industry|Museums, Libraries, and Entertainment"
140257,Other,"IPv6 only|Museums, Libraries, and Entertainment|Music and Video Industry|Media, Publishing, and Broadcasting"
140258,Other,"IPv6 only|Media, Publishing, and Broadcasting|Museums, Libraries, and Entertainment|Music and Video Industry"
140259,Other,"IPv6 only|Media, Publishing, and Broadcasting|Music and Video Industry|Museums, Libraries, and Entertainment"
140260,Other,"IPv6 only|Media, Publishing, and Broadcasting|Music and Video Industry|Museums, Libraries, and Entertainment"
140261,Other,"IPv6 only|Museums, Libraries, and Entertainment|Media, Publishing, and Broadcasting|Music and Video Industry"
140262,Other,Computer and Information Technology
140263,Other,"Media, Publishing, and Broadcasting|Music and Video Industry|Museums, Libraries, and Entertainment"
140264,Other,"Music and Video Industry|Media, Publishing, and Broadcasting|Museums, Libraries, and Entertainment"
140265,Other,"Museums, Libraries, and Entertainment|Not Validating RPKI ROV|Media, Publishing, and Broadcasting|Music and Video Industry"
140266,Other,"Music and Video Industry|Museums, Libraries, and Entertainment|Media, Publishing, and Broadcasting"
205794,ISP,IPv6 only|Computer and Information Technology|Internet Service Provider (ISP)|Anycast
140270,Other,"Museums, Libraries, and Entertainment|Music and Video Industry|Media, Publishing, and Broadcasting"
140271,Other,"Media, Publishing, and Broadcasting|Music and Video Industry|Museums, Libraries, and Entertainment"
140272,Other,"Museums, Libraries, and Entertainment|Music and Video Industry|Media, Publishing, and Broadcasting"
140273,Other,"Media, Publishing, and Broadcasting|Music and Video Industry|Museums, Libraries, and Entertainment"
140274,Other,"Museums, Libraries, and Entertainment|Music and Video Industry|Media, Publishing, and Broadcasting"
140275,Other,"Media, Publishing, and Broadcasting|Music and Video Industry|Museums, Libraries, and Entertainment"
140276,Other,"Museums, Libraries, and Entertainment|Music and Video Industry|Media, Publishing, and Broadcasting"
140277,Other,"Music and Video Industry|Media, Publishing, and Broadcasting|Museums, Libraries, and Entertainment"
140278,Other,"Music and Video Industry|Museums, Libraries, and Entertainment|Media, Publishing, and Broadcasting"
140279,Other,"Music and Video Industry|Museums, Libraries, and Entertainment|Media, Publishing, and Broadcasting"
140280,Other,"Museums, Libraries, and Entertainment|Media, Publishing, and Broadcasting|Music and Video Industry"
140281,Other,"Music and Video Industry|Media, Publishing, and Broadcasting|Museums, Libraries, and Entertainment"
140282,Other,"Museums, Libraries, and Entertainment|Music and Video Industry|Media, Publishing, and Broadcasting"
41979,Other,"Retail Stores, Wholesale, and E-commerce Sites"
140283,Other,"Music and Video Industry|Media, Publishing, and Broadcasting|Museums, Libraries, and Entertainment"
140284,Other,"Media, Publishing, and Broadcasting|Museums, Libraries, and Entertainment|Music and Video Industry"
140285,Other,"Media, Publishing, and Broadcasting|Music and Video Industry|Museums, Libraries, and Entertainment"
140286,Other,"Media, Publishing, and Broadcasting|Museums, Libraries, and Entertainment|Music and Video Industry"
140290,Other,"IPv6 only|Museums, Libraries, and Entertainment|Media, Publishing, and Broadcasting|Music and Video Industry"
140291,Other,"IPv6 only|Media, Publishing, and Broadcasting|Museums, Libraries, and Entertainment|Music and Video Industry"
140292,ISP,"Mobile Data/Carrier|Media, Publishing, and Broadcasting|Music and Video Industry|Museums, Libraries, and Entertainment"
140293,Other,"Media, Publishing, and Broadcasting|Music and Video Industry|Museums, Libraries, and Entertainment"
140294,Other,"IPv6 only|Museums, Libraries, and Entertainment|Music and Video Industry|Media, Publishing, and Broadcasting"
140295,Other,"IPv6 only|Media, Publishing, and Broadcasting|Museums, Libraries, and Entertainment|Music and Video Industry"
140296,Other,"IPv6 only|Museums, Libraries, and Entertainment|Music and Video Industry|Media, Publishing, and Broadcasting"
140297,Other,"IPv6 only|Media, Publishing, and Broadcasting|Museums, Libraries, and Entertainment|Music and Video Industry"
140298,Other,"IPv6 only|Museums, Libraries, and Entertainment|Music and Video Industry|Media, Publishing, and Broadcasting"
140299,Other,"IPv6 only|Music and Video Industry|Media, Publishing, and Broadcasting|Museums, Libraries, and Entertainment"
140300,Other,"IPv6 only|Museums, Libraries, and Entertainment|Music and Video Industry|Media, Publishing, and Broadcasting"
140301,Other,"IPv6 only|Media, Publishing, and Broadcasting|Music and Video Industry|Museums, Libraries, and Entertainment"
140302,Other,"IPv6 only|Museums, Libraries, and Entertainment|Media, Publishing, and Broadcasting|Music and Video Industry"
140303,Other,"IPv6 only|Media, Publishing, and Broadcasting|Museums, Libraries, and Entertainment|Music and Video Industry"
140308,ISP,Mobile Data/Carrier|Internet Service Provider (ISP)|Computer and Information Technology|Phone Provider
140309,Other,"Media, Publishing, and Broadcasting|Music and Video Industry|Museums, Libraries, and Entertainment"
140310,ISP,IPv6 only|Phone Provider|Internet Service Provider (ISP)|Computer and Information Technology
140311,Other,"Music and Video Industry|Museums, Libraries, and Entertainment|Media, Publishing, and Broadcasting"
140312,ISP,Phone Provider|Internet Service Provider (ISP)|Computer and Information Technology
140313,ISP,Computer and Information Technology|Internet Service Provider (ISP)|IPv6 only
140314,ISP,Internet Service Provider (ISP)|Computer and Information Technology|IPv6 only
140315,ISP,Internet Service Provider (ISP)|Computer and Information Technology|Phone Provider
140316,ISP,IPv6 only|Computer and Information Technology|Phone Provider|Internet Service Provider (ISP)
140317,ISP,Phone Provider|Internet Service Provider (ISP)|Computer and Information Technology
140318,Other,"Music and Video Industry|Museums, Libraries, and Entertainment|Media, Publishing, and Broadcasting"
140319,Other,"Media, Publishing, and Broadcasting|Music and Video Industry|Museums, Libraries, and Entertainment"
140320,Other,"Music and Video Industry|Museums, Libraries, and Entertainment|Media, Publishing, and Broadcasting"
140328,Other,"IPv6 only|Music and Video Industry|Media, Publishing, and Broadcasting|Museums, Libraries, and Entertainment"
140329,Other,"Museums, Libraries, and Entertainment|Media, Publishing, and Broadcasting|Music and Video Industry"
140330,Other,"Music and Video Industry|Museums, Libraries, and Entertainment|Media, Publishing, and Broadcasting"
140331,Other,"IPv6 only|Media, Publishing, and Broadcasting|Museums, Libraries, and Entertainment|Music and Video Industry"
140332,Other,"IPv6 only|Media, Publishing, and Broadcasting|Music and Video Industry|Museums, Libraries, and Entertainment"
140333,Other,"IPv6 only|Museums, Libraries, and Entertainment|Music and Video Industry|Media, Publishing, and Broadcasting"
140334,Other,"IPv6 only|Music and Video Industry|Media, Publishing, and Broadcasting|Museums, Libraries, and Entertainment"
140335,Other,"IPv6 only|Museums, Libraries, and Entertainment|Music and Video Industry|Media, Publishing, and Broadcasting"
140336,Other,"IPv6 only|Music and Video Industry|Media, Publishing, and Broadcasting|Museums, Libraries, and Entertainment"
140337,Other,"IPv6 only|Museums, Libraries, and Entertainment|Music and Video Industry|Media, Publishing, and Broadcasting"
140338,Other,"Media, Publishing, and Broadcasting|Museums, Libraries, and Entertainment|Music and Video Industry"
140339,Other,"Museums, Libraries, and Entertainment|Music and Video Industry|Media, Publishing, and Broadcasting"
140340,Other,"Media, Publishing, and Broadcasting|Museums, Libraries, and Entertainment|Music and Video Industry"
140341,Other,"Museums, Libraries, and Entertainment|Music and Video Industry|Media, Publishing, and Broadcasting"
140342,Other,"Media, Publishing, and Broadcasting|Museums, Libraries, and Entertainment|Music and Video Industry"
140343,Other,"Museums, Libraries, and Entertainment|Music and Video Industry|Media, Publishing, and Broadcasting"
140345,ISP,Internet Service Provider (ISP)|Computer and Information Technology|Phone Provider
140346,Other,"IPv6 only|Media, Publishing, and Broadcasting|Museums, Libraries, and Entertainment|Music and Video Industry"
140347,Other,"IPv6 only|Museums, Libraries, and Entertainment|Music and Video Industry|Media, Publishing, and Broadcasting"
140348,Other,"IPv6 only|Media, Publishing, and Broadcasting|Museums, Libraries, and Entertainment|Music and Video Industry"
140349,Other,"IPv6 only|Museums, Libraries, and Entertainment|Music and Video Industry|Media, Publishing, and Broadcasting"
140350,Other,"IPv6 only|Media, Publishing, and Broadcasting|Music and Video Industry|Museums, Libraries, and Entertainment"
140351,Other,"IPv6 only|Music and Video Industry|Media, Publishing, and Broadcasting|Museums, Libraries, and Entertainment"
140352,Other,"IPv6 only|Music and Video Industry|Media, Publishing, and Broadcasting|Museums, Libraries, and Entertainment"
140353,Other,"IPv6 only|Music and Video Industry|Media, Publishing, and Broadcasting|Museums, Libraries, and Entertainment"
140354,Other,"IPv6 only|Media, Publishing, and Broadcasting|Museums, Libraries, and Entertainment|Music and Video Industry"
140355,Other,"IPv6 only|Music and Video Industry|Media, Publishing, and Broadcasting|Museums, Libraries, and Entertainment"
140356,Other,"IPv6 only|Media, Publishing, and Broadcasting|Museums, Libraries, and Entertainment|Music and Video Industry"
140357,Other,"IPv6 only|Music and Video Industry|Media, Publishing, and Broadcasting|Museums, Libraries, and Entertainment"
140358,Other,"IPv6 only|Media, Publishing, and Broadcasting|Museums, Libraries, and Entertainment|Music and Video Industry"
140359,Other,"IPv6 only|Museums, Libraries, and Entertainment|Music and Video Industry|Media, Publishing, and Broadcasting"
140360,Other,"IPv6 only|Media, Publishing, and Broadcasting|Museums, Libraries, and Entertainment|Music and Video Industry"
140361,Other,"IPv6 only|Museums, Libraries, and Entertainment|Music and Video Industry|Media, Publishing, and Broadcasting"
140363,ISP,Internet Service Provider (ISP)|Computer and Information Technology
140364,Other,Computer and Information Technology|IPv6 only
140365,Other,"IPv6 only|Museums, Libraries, and Entertainment|Media, Publishing, and Broadcasting|Music and Video Industry"
140366,Other,"IPv6 only|Media, Publishing, and Broadcasting|Museums, Libraries, and Entertainment|Music and Video Industry"
140367,Other,"IPv6 only|Music and Video Industry|Media, Publishing, and Broadcasting|Museums, Libraries, and Entertainment"
140368,Other,"IPv6 only|Media, Publishing, and Broadcasting|Museums, Libraries, and Entertainment|Music and Video Industry"
140369,Other,"IPv6 only|Museums, Libraries, and Entertainment|Music and Video Industry|Media, Publishing, and Broadcasting"
140370,Other,"IPv6 only|Media, Publishing, and Broadcasting|Museums, Libraries, and Entertainment|Music and Video Industry"
140371,Other,"IPv6 only|Music and Video Industry|Media, Publishing, and Broadcasting|Museums, Libraries, and Entertainment"
140372,Other,"IPv6 only|Museums, Libraries, and Entertainment|Music and Video Industry|Media, Publishing, and Broadcasting"
140373,Other,"IPv6 only|Music and Video Industry|Media, Publishing, and Broadcasting|Museums, Libraries, and Entertainment"
9298,ISP,Not Validating RPKI ROV|Service|Computer and Information Technology|Internet Service Provider (ISP)
140374,Other,"IPv6 only|Media, Publishing, and Broadcasting|Museums, Libraries, and Entertainment|Music and Video Industry"
140375,Other,"IPv6 only|Media, Publishing, and Broadcasting|Museums, Libraries, and Entertainment|Music and Video Industry"
140376,Other,"IPv6 only|Media, Publishing, and Broadcasting|Museums, Libraries, and Entertainment|Music and Video Industry"
9306,Eyeball,"Validating RPKI ROV|Retail Stores, Wholesale, and E-commerce Sites|Eyeball"
9307,ISP,Computer and Information Technology|Internet Service Provider (ISP)|Hosting and Cloud Provider
9308,Academic/Edu,VPN Host|Not Validating RPKI ROV|Education and Research
140377,Other,"IPv6 only|Media, Publishing, and Broadcasting|Museums, Libraries, and Entertainment|Music and Video Industry"
140378,Other,"IPv6 only|Museums, Libraries, and Entertainment|Music and Video Industry|Media, Publishing, and Broadcasting"
9305,Unknown,
9384,Content/CDN,"Computer and Information Technology|Hosting, Cloud Provider, Data Center, Server Colocation"
9388,Other,Manufacturing
9389,ISP,Government|Not Validating RPKI ROV|Internet Service Provider (ISP)|Computer and Information Technology
9390,ISP,"Online Informational Content|Computer and Information Technology|Media, Publishing, and Broadcasting|Internet Service Provider (ISP)"
9391,Other,"Civil Engineering Construction (Utility Lines, Roads and Bridges)|Finance and Insurance|Construction and Real Estate|Investment, Portfolio Management, Pensions and Funds"
9392,Other,"Not Validating RPKI ROV|Retail Stores, Wholesale, and E-commerce Sites|Computer and Information Technology"
9393,Other,Software Development|Computer and Information Technology
9394,ISP,Eyeball|Validating RPKI ROV|Internet Service Provider (ISP)|Computer and Information Technology
9395,ISP,Computer and Information Technology|Internet Service Provider (ISP)
9401,Other,"Not Validating RPKI ROV|Libraries and Archives|Museums, Libraries, and Entertainment"
9402,Other,Computer and Information Technology
9403,Academic/Edu,Education and Research|Research and Development Organizations
9404,Other,Computer and Information Technology
9405,Academic/Edu,"Education and Research|Colleges, Universities, and Professional Schools"
9406,Academic/Edu,"Colleges, Universities, and Professional Schools|Education and Research"
9407,Other,Computer and Information Technology|Software Development
140483,Other,"Media, Publishing, and Broadcasting|Museums, Libraries, and Entertainment|Music and Video Industry"
140484,Other,"Music and Video Industry|Media, Publishing, and Broadcasting|Museums, Libraries, and Entertainment"
140485,ISP,Phone Provider|Computer and Information Technology|Internet Service Provider (ISP)
140486,ISP,Computer and Information Technology|Internet Service Provider (ISP)|Phone Provider
140487,Other,"Music and Video Industry|Museums, Libraries, and Entertainment|Media, Publishing, and Broadcasting"
140488,Other,"Media, Publishing, and Broadcasting|Music and Video Industry|Museums, Libraries, and Entertainment"
140489,Other,"Museums, Libraries, and Entertainment|Media, Publishing, and Broadcasting|Music and Video Industry"
140490,Other,"Media, Publishing, and Broadcasting|Museums, Libraries, and Entertainment|Music and Video Industry"
140491,Other,"Media, Publishing, and Broadcasting|Museums, Libraries, and Entertainment|Music and Video Industry"
140492,Other,"Media, Publishing, and Broadcasting|Music and Video Industry|Museums, Libraries, and Entertainment"
140493,Other,"Museums, Libraries, and Entertainment|Music and Video Industry|Media, Publishing, and Broadcasting"
140494,Other,"IPv6 only|Museums, Libraries, and Entertainment|Music and Video Industry|Media, Publishing, and Broadcasting"
140495,Other,"Music and Video Industry|Media, Publishing, and Broadcasting|Museums, Libraries, and Entertainment"
140496,Other,"Music and Video Industry|Media, Publishing, and Broadcasting|Museums, Libraries, and Entertainment"
9425,ISP,IPv6 only|Internet Service Provider (ISP)|Computer and Information Technology
140497,Other,"Music and Video Industry|Museums, Libraries, and Entertainment|Media, Publishing, and Broadcasting"
140498,Other,Manufacturing|Machinery
140508,Other,"IPv6 only|Music and Video Industry|Media, Publishing, and Broadcasting|Museums, Libraries, and Entertainment"
140509,Other,"IPv6 only|Museums, Libraries, and Entertainment|Media, Publishing, and Broadcasting|Music and Video Industry"
140510,Other,"IPv6 only|Music and Video Industry|Media, Publishing, and Broadcasting|Museums, Libraries, and Entertainment"
140511,Other,"IPv6 only|Museums, Libraries, and Entertainment|Media, Publishing, and Broadcasting|Music and Video Industry"
140512,Other,"IPv6 only|Media, Publishing, and Broadcasting|Music and Video Industry|Museums, Libraries, and Entertainment"
140513,Other,"IPv6 only|Media, Publishing, and Broadcasting|Music and Video Industry|Museums, Libraries, and Entertainment"
140514,Other,"IPv6 only|Media, Publishing, and Broadcasting|Music and Video Industry|Museums, Libraries, and Entertainment"
140515,Other,"IPv6 only|Music and Video Industry|Media, Publishing, and Broadcasting|Museums, Libraries, and Entertainment"
140516,Other,"IPv6 only|Media, Publishing, and Broadcasting|Music and Video Industry|Museums, Libraries, and Entertainment"
140517,Other,"IPv6 only|Media, Publishing, and Broadcasting|Music and Video Industry|Museums, Libraries, and Entertainment"
140518,Other,"IPv6 only|Media, Publishing, and Broadcasting|Music and Video Industry|Museums, Libraries, and Entertainment"
140519,Other,"IPv6 only|Media, Publishing, and Broadcasting|Music and Video Industry|Museums, Libraries, and Entertainment"
140520,Other,"IPv6 only|Media, Publishing, and Broadcasting|Music and Video Industry|Museums, Libraries, and Entertainment"
140521,Other,"IPv6 only|Museums, Libraries, and Entertainment|Music and Video Industry|Media, Publishing, and Broadcasting"
140522,Other,"IPv6 only|Media, Publishing, and Broadcasting|Music and Video Industry|Museums, Libraries, and Entertainment"
140527,ISP,Server Hosting|Internet Service Provider (ISP)|Phone Provider|Computer and Information Technology
140528,Other,"IPv6 only|Media, Publishing, and Broadcasting|Music and Video Industry|Museums, Libraries, and Entertainment"
140529,Other,"IPv6 only|Media, Publishing, and Broadcasting|Music and Video Industry|Museums, Libraries, and Entertainment"
140530,Other,"IPv6 only|Media, Publishing, and Broadcasting|Music and Video Industry|Museums, Libraries, and Entertainment"
140531,Other,"IPv6 only|Media, Publishing, and Broadcasting|Music and Video Industry|Museums, Libraries, and Entertainment"
140532,Other,"IPv6 only|Media, Publishing, and Broadcasting|Music and Video Industry|Museums, Libraries, and Entertainment"
140533,Other,"IPv6 only|Music and Video Industry|Media, Publishing, and Broadcasting|Museums, Libraries, and Entertainment"
140534,Other,"IPv6 only|Music and Video Industry|Museums, Libraries, and Entertainment|Media, Publishing, and Broadcasting"
140535,Other,"IPv6 only|Music and Video Industry|Media, Publishing, and Broadcasting|Museums, Libraries, and Entertainment"
140536,Other,"IPv6 only|Music and Video Industry|Museums, Libraries, and Entertainment|Media, Publishing, and Broadcasting"
140537,Other,"IPv6 only|Music and Video Industry|Media, Publishing, and Broadcasting|Museums, Libraries, and Entertainment"
140538,Other,"IPv6 only|Museums, Libraries, and Entertainment|Media, Publishing, and Broadcasting|Music and Video Industry"
140553,ISP,Computer and Information Technology|Internet Service Provider (ISP)|Phone Provider
140554,Other,"Museums, Libraries, and Entertainment|Music and Video Industry|Media, Publishing, and Broadcasting"
140555,Other,"Media, Publishing, and Broadcasting|Music and Video Industry|Museums, Libraries, and Entertainment"
140556,Other,"Museums, Libraries, and Entertainment|Media, Publishing, and Broadcasting|Music and Video Industry"
140557,Other,"Media, Publishing, and Broadcasting|Music and Video Industry|Museums, Libraries, and Entertainment"
140558,Other,"Museums, Libraries, and Entertainment|Music and Video Industry|Media, Publishing, and Broadcasting"
140559,Other,"Media, Publishing, and Broadcasting|Museums, Libraries, and Entertainment|Music and Video Industry"
140560,Other,"Museums, Libraries, and Entertainment|Music and Video Industry|Media, Publishing, and Broadcasting"
140561,Other,"Media, Publishing, and Broadcasting|Music and Video Industry|Museums, Libraries, and Entertainment"
140562,Other,"Museums, Libraries, and Entertainment|Media, Publishing, and Broadcasting|Music and Video Industry"
140563,Other,"Media, Publishing, and Broadcasting|Museums, Libraries, and Entertainment|Music and Video Industry"
140564,Other,"Museums, Libraries, and Entertainment|Media, Publishing, and Broadcasting|Music and Video Industry"
140565,Other,"Music and Video Industry|Media, Publishing, and Broadcasting|Museums, Libraries, and Entertainment"
140566,Other,"Music and Video Industry|Museums, Libraries, and Entertainment|Media, Publishing, and Broadcasting"
140567,Other,"Media, Publishing, and Broadcasting|Museums, Libraries, and Entertainment|Music and Video Industry"
140568,Other,"Museums, Libraries, and Entertainment|Music and Video Industry|Media, Publishing, and Broadcasting"
140569,Other,"Media, Publishing, and Broadcasting|Music and Video Industry|Museums, Libraries, and Entertainment"
140582,Other,Computer and Information Technology
140596,ISP,Computer and Information Technology|Internet Service Provider (ISP)
9535,Other,Computer and Information Technology
140633,Other,"Tranco 10k Host|Computer and Information Technology|Media, Publishing, and Broadcasting|Online Music and Video Streaming Services"
140636,ISP,Internet Service Provider (ISP)|Phone Provider|Computer and Information Technology
140638,ISP,Phone Provider|Internet Service Provider (ISP)|Computer and Information Technology
140647,ISP,Computer and Information Technology|Phone Provider|Internet Service Provider (ISP)
140648,Other,"IPv6 only|Museums, Libraries, and Entertainment|Music and Video Industry|Media, Publishing, and Broadcasting"
140649,Other,"IPv6 only|Music and Video Industry|Media, Publishing, and Broadcasting|Museums, Libraries, and Entertainment"
140650,Other,"IPv6 only|Museums, Libraries, and Entertainment|Music and Video Industry|Media, Publishing, and Broadcasting"
140651,Other,"IPv6 only|Media, Publishing, and Broadcasting|Museums, Libraries, and Entertainment|Music and Video Industry"
140652,Other,"IPv6 only|Museums, Libraries, and Entertainment|Music and Video Industry|Media, Publishing, and Broadcasting"
140653,Other,"IPv6 only|Media, Publishing, and Broadcasting|Museums, Libraries, and Entertainment|Music and Video Industry"
140654,Other,"IPv6 only|Museums, Libraries, and Entertainment|Music and Video Industry|Media, Publishing, and Broadcasting"
140655,Other,"IPv6 only|Music and Video Industry|Media, Publishing, and Broadcasting|Museums, Libraries, and Entertainment"
140656,Other,"IPv6 only|Media, Publishing, and Broadcasting|Museums, Libraries, and Entertainment|Music and Video Industry"
140657,Other,"IPv6 only|Music and Video Industry|Media, Publishing, and Broadcasting|Museums, Libraries, and Entertainment"
140682,Eyeball,Eyeball|Computer and Information Technology|IPv6 only
140707,ISP,"Internet Service Provider (ISP)|Computer and Information Technology|Media, Publishing, and Broadcasting|Phone Provider"
140709,ISP,Internet Service Provider (ISP)|Hosting and Cloud Provider|Software Development|Computer and Information Technology
140714,ISP,Computer and Information Technology|Internet Service Provider (ISP)
140716,ISP,"Internet Service Provider (ISP)|Phone Provider|Media, Publishing, and Broadcasting|Computer and Information Technology"
140717,ISP,"Media, Publishing, and Broadcasting|Not Validating RPKI ROV|Computer and Information Technology|Phone Provider"
140720,ISP,"Phone Provider|Computer and Information Technology|Media, Publishing, and Broadcasting|Internet Service Provider (ISP)"
140726,ISP,Business Broadband|Not Validating RPKI ROV|Phone Provider|Computer and Information Technology
140731,ISP,Carrier|Education and Research|IPv6 only|Personal ASN
206315,Eyeball,Software Development|Computer and Information Technology|Personal ASN|IPv6 only
9721,ISP,"Online Informational Content|Media, Publishing, and Broadcasting|Internet Service Provider (ISP)|Software Development"
145224,Other,IPv6 only
140848,Other,"Retail Stores, Wholesale, and E-commerce Sites"
140852,Other,"IPv6 only|Media, Publishing, and Broadcasting|Music and Video Industry|Museums, Libraries, and Entertainment"
140853,Other,"IPv6 only|Museums, Libraries, and Entertainment|Music and Video Industry|Media, Publishing, and Broadcasting"
140854,Other,"IPv6 only|Media, Publishing, and Broadcasting|Music and Video Industry|Museums, Libraries, and Entertainment"
140855,Other,"IPv6 only|Media, Publishing, and Broadcasting|Museums, Libraries, and Entertainment|Music and Video Industry"
140856,Other,"IPv6 only|Music and Video Industry|Media, Publishing, and Broadcasting|Museums, Libraries, and Entertainment"
140857,Other,"IPv6 only|Media, Publishing, and Broadcasting|Museums, Libraries, and Entertainment|Music and Video Industry"
140858,Other,"IPv6 only|Music and Video Industry|Media, Publishing, and Broadcasting|Museums, Libraries, and Entertainment"
140859,Other,"IPv6 only|Museums, Libraries, and Entertainment|Music and Video Industry|Media, Publishing, and Broadcasting"
140860,Other,"IPv6 only|Media, Publishing, and Broadcasting|Museums, Libraries, and Entertainment|Music and Video Industry"
140861,Other,"IPv6 only|Museums, Libraries, and Entertainment|Media, Publishing, and Broadcasting|Music and Video Industry"
140862,Other,"IPv6 only|Music and Video Industry|Media, Publishing, and Broadcasting|Museums, Libraries, and Entertainment"
140863,Other,"IPv6 only|Museums, Libraries, and Entertainment|Music and Video Industry|Media, Publishing, and Broadcasting"
9800,ISP,"Media, Publishing, and Broadcasting|Computer and Information Technology|Internet Service Provider (ISP)|Phone Provider"
9801,Other,"Not Validating RPKI ROV|Finance and Insurance|Banks, Credit Card Companies, Mortgage Providers"
9802,Other,VPN Host|Validating RPKI ROV
9803,Other,"Validating RPKI ROV|Software Development|Media, Publishing, and Broadcasting|Computer and Information Technology"
9804,Other,Computer and Information Technology
9805,Other,"Manufacturing|Investment, Portfolio Management, Pensions and Funds|Electronics and Computer Components|Finance and Insurance"
9806,Other,Computer and Information Technology
9807,ISP,Hosting and Cloud Provider|Online Informational Content|Education and Research|Software Development
9808,ISP,Carrier|Validating RPKI ROV|Phone Provider|Computer and Information Technology
9809,ISP,Computer and Information Technology|Not Validating RPKI ROV|Internet Service Provider (ISP)|Software Development
9810,ISP,Not Validating RPKI ROV|Computer and Information Technology|Internet Service Provider (ISP)|Service
9811,ISP,Government|Not Validating RPKI ROV|Internet Service Provider (ISP)|Software Development
9812,Other,"Radio and Television Providers|Not Validating RPKI ROV|Media, Publishing, and Broadcasting"
9813,Enterprise,"Service|Law, Business, and Consulting Services"
9814,ISP,"Eyeball|Not Validating RPKI ROV|Retail Stores, Wholesale, and E-commerce Sites|Computer and Information Technology"
9815,Other,"Service|Retail Stores, Wholesale, and E-commerce Sites"
9816,Other,Computer and Information Technology|Software Development
9817,ISP,Computer and Information Technology|Internet Service Provider (ISP)
9818,Content/CDN,Computer and Information Technology|Hosting and Cloud Provider
9819,Other,Construction and Real Estate
140886,ISP,"Phone Provider|Media, Publishing, and Broadcasting|Computer and Information Technology|Internet Service Provider (ISP)"
140895,ISP,Computer and Information Technology|Internet Service Provider (ISP)
140903,ISP,Phone Provider|Not Validating RPKI ROV|Computer and Information Technology|Internet Service Provider (ISP)
140914,Other,"Retail Stores, Wholesale, and E-commerce Sites"
140915,Other,Software Development|Computer and Information Technology|IPv6 only
140938,Academic/Edu,IPv6 only|Education and Research
140943,Other,"Media, Publishing, and Broadcasting|Computer and Information Technology|Online Music and Video Streaming Services|Music and Video Industry"
140961,ISP,Internet Service Provider (ISP)|Computer and Information Technology
140979,ISP,"Server Hosting|Internet Service Provider (ISP)|Media, Publishing, and Broadcasting|Computer and Information Technology"
9929,ISP,Eyeball|Not Validating RPKI ROV|Internet Service Provider (ISP)|Computer and Information Technology
141005,Other,Computer and Information Technology
141006,ISP,Internet Service Provider (ISP)|Computer and Information Technology|Phone Provider
9936,ISP,"Internet Service Provider (ISP)|Hosting and Cloud Provider|Computer and Information Technology|Hosting, Cloud Provider, Data Center, Server Colocation"
9939,Other,"Retail Stores, Wholesale, and E-commerce Sites|Validating RPKI ROV"
141017,Other,Computer and Information Technology
141021,ISP,Internet Service Provider (ISP)|Hosting and Cloud Provider|Computer and Information Technology
141025,Other,"Media, Publishing, and Broadcasting|Music and Video Industry|Museums, Libraries, and Entertainment"
141027,Other,"Chemical and Pharmaceutical Manufacturing|Agriculture, Mining, and Refineries (Farming, Greenhouses, Mining, Forestry, and Animal Farming)|Manufacturing"
141028,ISP,Internet Service Provider (ISP)|Software Development|Hosting and Cloud Provider|Computer and Information Technology
206574,ISP,Computer and Information Technology|Internet Service Provider (ISP)
141151,Other,Computer and Information Technology|Software Development
141157,ISP,Phone Provider|Computer and Information Technology|Internet Service Provider (ISP)
10095,ISP,"Internet Service Provider (ISP)|Hosting and Cloud Provider|Computer and Information Technology|Hosting, Cloud Provider, Data Center, Server Colocation"
141168,ISP,Computer and Information Technology|Internet Service Provider (ISP)
141172,Content/CDN,"Computer and Information Technology|Hosting, Cloud Provider, Data Center, Server Colocation|IPv6 only"
141176,Other,"Not Validating RPKI ROV|Retail Stores, Wholesale, and E-commerce Sites|Manufacturing"
10111,Other,Manufacturing|Not Validating RPKI ROV
206729,ISP,Computer and Information Technology|Internet Service Provider (ISP)|Personal ASN|IPv6 only
141232,Other,"Chemical and Pharmaceutical Manufacturing|Manufacturing|Retail Stores, Wholesale, and E-commerce Sites"
141237,Academic/Edu,Education and Research|IPv6 only
42962,Other,Computer and Information Technology
10206,ISP,Internet Service Provider (ISP)|Computer and Information Technology
10212,ISP,Eyeball|Not Validating RPKI ROV|Internet Service Provider (ISP)|Computer and Information Technology
206843,Other,"Media, Publishing, and Broadcasting|Online Informational Content|Personal ASN|IPv6 only"
141425,ISP,Internet Service Provider (ISP)|Computer and Information Technology
141429,Other,"Media, Publishing, and Broadcasting|Print Media (Newspapers, Magazines, Books)|IPv6 only"
141430,ISP,Computer and Information Technology|Internet Service Provider (ISP)|Software Development
141445,Other,Service|IPv6 only
207091,Content/CDN,Computer and Information Technology|Hosting and Cloud Provider|Personal ASN
141679,Other,"Tranco 10k Host|Music and Video Industry|Media, Publishing, and Broadcasting|Museums, Libraries, and Entertainment"
141706,ISP,Computer and Information Technology|Internet Service Provider (ISP)|Hosting and Cloud Provider
141739,Other,"Media, Publishing, and Broadcasting|Music and Video Industry|Museums, Libraries, and Entertainment"
207292,Academic/Edu,Education and Research|Personal ASN|IPv6 only
207299,Other,IPv6 only|Computer and Information Technology|Software Development
207303,ISP,Personal ASN|Phone Provider|Computer and Information Technology|Hosting and Cloud Provider
141771,Other,"Museums, Libraries, and Entertainment|Media, Publishing, and Broadcasting|Music and Video Industry"
141776,Academic/Edu,Personal ASN|Education and Research
207317,Content/CDN,"Hosting, Cloud Provider, Data Center, Server Colocation|Computer and Information Technology|IPv6 only"
207338,Academic/Edu,Education and Research|IPv6 only
207454,Academic/Edu,Education and Research
141998,Other,"Media, Publishing, and Broadcasting|Museums, Libraries, and Entertainment|Music and Video Industry"
10981,Unknown,
142067,Other,IPv6 only
142068,Other,IPv6 only
142069,Other,IPv6 only
142070,Other,IPv6 only
142071,Other,IPv6 only
142072,Other,IPv6 only
142073,Other,IPv6 only
142074,Other,IPv6 only
142075,Other,IPv6 only
142076,Other,IPv6 only
142077,Other,IPv6 only
142078,Other,IPv6 only
207615,Other,"Retail Stores, Wholesale, and E-commerce Sites|Personal ASN|IPv6 only"
142079,Unknown,
142080,Other,IPv6 only
142082,Other,IPv6 only
142081,Other,IPv6 only
142083,Other,IPv6 only
142084,Other,IPv6 only
142085,Other,IPv6 only
142086,Other,IPv6 only
142087,Other,IPv6 only
142088,Other,IPv6 only
142089,Other,IPv6 only
142090,Other,IPv6 only
142091,Other,IPv6 only
142092,Other,IPv6 only
142093,Other,IPv6 only
142094,Other,IPv6 only
142095,Unknown,
142096,Other,IPv6 only
142097,Other,IPv6 only
142098,Other,IPv6 only
142099,Other,IPv6 only
142100,Other,IPv6 only
142101,Other,IPv6 only
142102,Other,IPv6 only
142104,Other,IPv6 only
142105,Other,IPv6 only
142103,Unknown,
142106,Other,IPv6 only
142111,Other,"Computer and Information Technology|Retail Stores, Wholesale, and E-commerce Sites"
142161,Other,"Media, Publishing, and Broadcasting"
142164,ISP,Computer and Information Technology|Internet Service Provider (ISP)|IPv6 only
142174,Unknown,
145494,Other,IPv6 only
142207,Unknown,
142237,Unknown,
207780,Other,Electronics and Computer Components|Software Development|Computer and Information Technology|Manufacturing
142282,Eyeball,"Media, Publishing, and Broadcasting|Online Informational Content|Education and Research|Eyeball"
207901,ISP,Internet Service Provider (ISP)|Computer and Information Technology|Personal ASN
142404,Other,"Museums, Libraries, and Entertainment|Music and Video Industry|Media, Publishing, and Broadcasting"
142410,ISP,Computer and Information Technology|Internet Service Provider (ISP)
142433,ISP,Computer and Information Technology|Internet Service Provider (ISP)
142438,Other,"Online Informational Content|IPv6 only|Media, Publishing, and Broadcasting"
142553,ISP,Carrier|Service|IPv6 only
142562,Unknown,
142569,Enterprise,"Law, Business, and Consulting Services|Software Development|Computer and Information Technology|Service"
142583,Other,Computer and Information Technology
142586,Other,Service|IPv6 only
208127,Other,"Manufacturing|Service|Electronics and Computer Components|Retail Stores, Wholesale, and E-commerce Sites"
142608,Other,"Museums, Libraries, and Entertainment|Music and Video Industry|Media, Publishing, and Broadcasting"
142611,Other,Computer and Information Technology
142641,ISP,"Eyeball|Online Informational Content|Media, Publishing, and Broadcasting|Internet Service Provider (ISP)"
142642,Content/CDN,Hosting and Cloud Provider|Computer and Information Technology|IPv6 only
142650,Other,IPv6 only
142651,Other,IPv6 only
142652,Other,IPv6 only
142653,Other,IPv6 only
142654,Other,IPv6 only
142655,Other,IPv6 only
142656,Other,IPv6 only
142657,Other,IPv6 only
142658,Other,IPv6 only
142659,Other,IPv6 only
142660,Other,IPv6 only
142661,Other,IPv6 only
142662,Other,IPv6 only
142663,Other,IPv6 only
142664,Other,IPv6 only
142665,Other,IPv6 only
142666,Other,IPv6 only
142667,Other,IPv6 only
142668,Unknown,
142669,Other,IPv6 only
142670,Other,IPv6 only
142671,Other,IPv6 only
142672,Other,IPv6 only
142673,Other,IPv6 only
142674,Other,IPv6 only
142675,Other,IPv6 only
142676,Other,IPv6 only
142677,Other,IPv6 only
142678,Other,IPv6 only
142679,Other,IPv6 only
142680,Other,IPv6 only
142681,Other,IPv6 only
142682,Other,IPv6 only
142683,Other,IPv6 only
142684,Other,IPv6 only
142685,Other,IPv6 only
142686,Other,IPv6 only
142687,Other,IPv6 only
142688,Other,IPv6 only
142689,Other,IPv6 only
142690,Other,IPv6 only
142691,Other,IPv6 only
142692,Other,IPv6 only
142693,Other,IPv6 only
142694,Unknown,
142695,Other,IPv6 only
142696,Other,IPv6 only
142697,Other,IPv6 only
142698,Other,IPv6 only
142699,Other,IPv6 only
142700,Other,IPv6 only
142701,Other,IPv6 only
142702,Other,IPv6 only
142703,Other,IPv6 only
142704,Other,IPv6 only
142705,Other,IPv6 only
142706,Other,IPv6 only
142707,Other,IPv6 only
142708,Other,IPv6 only
142709,Other,IPv6 only
142710,Other,IPv6 only
142711,Other,IPv6 only
142712,Other,IPv6 only
142713,Other,IPv6 only
142714,Other,IPv6 only
142715,Other,IPv6 only
142716,Other,IPv6 only
142717,Other,IPv6 only
142718,Other,IPv6 only
142719,Other,IPv6 only
142720,Other,IPv6 only
142721,Other,IPv6 only
142722,Other,IPv6 only
142723,Other,IPv6 only
142724,Other,IPv6 only
44421,Other,Personal ASN
142725,Other,IPv6 only
142726,Other,IPv6 only
142727,Other,IPv6 only
142728,Other,IPv6 only
142729,Other,IPv6 only
142730,Other,IPv6 only
142731,Unknown,
142732,Other,IPv6 only
142733,Other,IPv6 only
142734,Other,IPv6 only
142735,Other,IPv6 only
142736,Other,IPv6 only
142737,Other,IPv6 only
142738,Other,IPv6 only
142739,Other,IPv6 only
142740,Other,IPv6 only
142741,Other,IPv6 only
142742,Other,IPv6 only
142743,Other,IPv6 only
142744,Other,IPv6 only
142745,Other,IPv6 only
142746,Other,IPv6 only
142747,Other,IPv6 only
142749,Unknown,
44446,ISP,Hosting and Cloud Provider|Computer and Information Technology|Internet Service Provider (ISP)|IPv6 only
142751,Other,IPv6 only
142748,Other,IPv6 only
142753,Other,IPv6 only
142754,Other,IPv6 only
142755,Other,IPv6 only
142756,Other,IPv6 only
142750,Other,IPv6 only
142758,Other,IPv6 only
142759,Other,IPv6 only
142760,Other,IPv6 only
142752,Other,IPv6 only
142762,Other,IPv6 only
142763,Other,IPv6 only
142764,Other,IPv6 only
142765,Other,IPv6 only
142766,Other,IPv6 only
142761,Other,IPv6 only
142768,Other,IPv6 only
142769,Other,IPv6 only
142770,Other,IPv6 only
142771,Other,IPv6 only
142772,Other,IPv6 only
142773,Other,IPv6 only
142774,Other,IPv6 only
142775,Other,IPv6 only
142776,Other,IPv6 only
142777,Other,IPv6 only
142778,Other,IPv6 only
142779,Other,IPv6 only
142780,Other,IPv6 only
142781,Other,IPv6 only
142782,Other,IPv6 only
142783,Other,IPv6 only
142784,Other,IPv6 only
142785,Other,IPv6 only
142786,Other,IPv6 only
142787,Other,IPv6 only
142788,Other,IPv6 only
142789,Other,IPv6 only
142790,Other,IPv6 only
142791,Other,IPv6 only
142792,Other,IPv6 only
142793,Other,IPv6 only
142794,Other,IPv6 only
142795,Other,IPv6 only
142796,Other,IPv6 only
142797,Other,IPv6 only
142798,Other,IPv6 only
142799,Other,IPv6 only
142800,Other,IPv6 only
142801,Other,IPv6 only
142802,Other,IPv6 only
142803,Other,IPv6 only
142804,Other,IPv6 only
142805,Other,IPv6 only
142806,Other,IPv6 only
142807,Other,IPv6 only
142808,Other,IPv6 only
142809,Other,IPv6 only
142810,Other,IPv6 only
142811,Other,IPv6 only
142812,Other,IPv6 only
142813,Other,IPv6 only
142814,Other,IPv6 only
142815,Other,IPv6 only
142816,Other,IPv6 only
142817,Other,IPv6 only
142818,Other,IPv6 only
142819,Other,IPv6 only
142820,Other,IPv6 only
142821,Other,IPv6 only
142822,Unknown,
142823,Other,IPv6 only
142824,Other,IPv6 only
142825,Other,IPv6 only
142826,Other,IPv6 only
142827,Other,IPv6 only
142828,Other,IPv6 only
142829,Other,IPv6 only
142830,Other,IPv6 only
142831,Other,IPv6 only
142832,Other,IPv6 only
142833,Other,IPv6 only
142834,Other,IPv6 only
142835,Other,IPv6 only
142836,Other,IPv6 only
142837,Other,IPv6 only
142838,Other,IPv6 only
142839,Other,IPv6 only
142840,Other,IPv6 only
142841,Other,IPv6 only
142842,Other,IPv6 only
142843,Other,IPv6 only
142844,Other,IPv6 only
142845,Other,IPv6 only
142846,Other,IPv6 only
142847,Other,IPv6 only
142848,Other,IPv6 only
142849,Other,IPv6 only
142850,Other,IPv6 only
142851,Other,IPv6 only
142852,Other,IPv6 only
142853,Other,IPv6 only
142854,Other,IPv6 only
142855,Other,IPv6 only
142856,Other,IPv6 only
142857,Other,IPv6 only
142858,Other,IPv6 only
142859,Other,IPv6 only
142860,Other,IPv6 only
142861,Other,IPv6 only
142862,Other,IPv6 only
142863,Other,IPv6 only
142864,Other,IPv6 only
142865,Other,IPv6 only
142866,Other,IPv6 only
142867,Other,IPv6 only
142868,Other,IPv6 only
142869,Other,IPv6 only
142870,Other,IPv6 only
142871,Other,IPv6 only
142872,Other,IPv6 only
142873,Other,IPv6 only
142874,Other,IPv6 only
142875,Other,IPv6 only
142876,Other,IPv6 only
142877,Other,IPv6 only
142878,Other,IPv6 only
142879,Other,IPv6 only
142880,Other,IPv6 only
142881,Other,IPv6 only
142882,Other,IPv6 only
142883,Other,IPv6 only
142884,Other,IPv6 only
142885,Other,IPv6 only
142886,Other,IPv6 only
142887,Other,IPv6 only
142888,Other,IPv6 only
142889,Other,IPv6 only
142890,Other,IPv6 only
142891,Other,IPv6 only
142892,Other,IPv6 only
142893,Other,IPv6 only
142894,Other,IPv6 only
142895,Other,IPv6 only
142896,Other,IPv6 only
142897,Other,IPv6 only
142898,Other,IPv6 only
142899,Other,IPv6 only
142900,Other,IPv6 only
142901,Other,IPv6 only
142902,Other,IPv6 only
142903,Other,IPv6 only
142904,Other,IPv6 only
142905,Other,IPv6 only
142906,Other,IPv6 only
142907,Other,IPv6 only
142908,Other,IPv6 only
142909,Other,IPv6 only
142910,Other,IPv6 only
142911,Other,IPv6 only
142912,Other,IPv6 only
142913,Other,IPv6 only
142914,Other,IPv6 only
142915,Other,IPv6 only
142916,Other,IPv6 only
142917,Other,IPv6 only
142918,Other,IPv6 only
142919,Other,IPv6 only
142920,Other,IPv6 only
142921,Other,IPv6 only
142922,Other,IPv6 only
142923,Other,IPv6 only
142924,Other,IPv6 only
142925,Other,IPv6 only
142926,Other,IPv6 only
142927,Other,IPv6 only
142928,Other,IPv6 only
142929,Other,IPv6 only
142930,Other,IPv6 only
142931,Other,IPv6 only
142932,Other,IPv6 only
142933,Other,IPv6 only
142934,Other,IPv6 only
142935,Other,IPv6 only
142936,Other,IPv6 only
142937,Other,IPv6 only
142938,Other,IPv6 only
142939,Other,IPv6 only
142940,Other,IPv6 only
142941,Other,IPv6 only
142942,Other,IPv6 only
142943,Other,IPv6 only
142944,Other,IPv6 only
142945,Other,IPv6 only
142946,Other,IPv6 only
142947,Other,IPv6 only
142948,Other,IPv6 only
142949,Other,IPv6 only
142950,Other,IPv6 only
142951,Other,IPv6 only
142952,Other,IPv6 only
142953,Other,IPv6 only
142954,Other,IPv6 only
142955,Other,IPv6 only
142956,Other,IPv6 only
142957,Other,IPv6 only
142958,Other,IPv6 only
142959,Other,IPv6 only
142960,Other,IPv6 only
142961,Other,IPv6 only
142962,Other,IPv6 only
142963,Other,IPv6 only
142964,Other,IPv6 only
142965,Other,IPv6 only
142966,Other,IPv6 only
142967,Other,IPv6 only
142968,Other,IPv6 only
142969,Other,IPv6 only
142970,Other,IPv6 only
142971,Other,IPv6 only
142972,Other,IPv6 only
142973,Other,IPv6 only
142974,Other,IPv6 only
142975,Other,IPv6 only
142976,Other,IPv6 only
142977,Other,IPv6 only
142978,Other,IPv6 only
142979,Other,IPv6 only
142980,Other,IPv6 only
142981,Other,IPv6 only
142982,Other,IPv6 only
142983,Other,IPv6 only
142984,Other,IPv6 only
142985,Other,IPv6 only
142986,Other,IPv6 only
142987,Other,IPv6 only
142988,Other,IPv6 only
142989,Other,IPv6 only
142990,Other,IPv6 only
142991,Other,IPv6 only
142992,Other,IPv6 only
142993,Other,IPv6 only
142994,Other,IPv6 only
142995,Other,IPv6 only
142996,Other,IPv6 only
142997,Other,IPv6 only
142998,Other,IPv6 only
142999,Other,IPv6 only
143000,Other,IPv6 only
143001,Other,IPv6 only
143002,Other,IPv6 only
143003,Other,IPv6 only
143004,Other,IPv6 only
143005,Other,IPv6 only
143006,Other,IPv6 only
143007,Other,IPv6 only
143008,Other,IPv6 only
143009,Other,IPv6 only
143010,Other,IPv6 only
143011,Other,IPv6 only
143012,Other,IPv6 only
143013,Other,IPv6 only
143014,Other,IPv6 only
143015,Other,IPv6 only
143016,Other,IPv6 only
143017,Other,IPv6 only
143018,Other,IPv6 only
143019,Other,IPv6 only
143020,Other,IPv6 only
143021,Other,IPv6 only
143022,Other,IPv6 only
143023,Other,IPv6 only
143024,Other,IPv6 only
143025,Other,IPv6 only
143026,Other,IPv6 only
143027,Other,IPv6 only
143028,Other,IPv6 only
143029,Other,IPv6 only
143030,Other,IPv6 only
143031,Other,IPv6 only
143032,Other,IPv6 only
143033,Other,IPv6 only
143034,Other,IPv6 only
143035,Other,IPv6 only
143036,Other,IPv6 only
143037,Other,IPv6 only
143038,Other,IPv6 only
143039,Other,IPv6 only
143040,Other,IPv6 only
143041,Other,IPv6 only
143042,Other,IPv6 only
143043,Other,IPv6 only
143044,Other,IPv6 only
143045,Other,IPv6 only
143046,Other,IPv6 only
143047,Other,IPv6 only
143048,Other,IPv6 only
143049,Other,IPv6 only
143050,Other,IPv6 only
143051,Other,IPv6 only
143052,Other,IPv6 only
143053,Other,IPv6 only
143054,Other,IPv6 only
143055,Other,IPv6 only
143056,Other,IPv6 only
143057,Other,IPv6 only
143058,Other,IPv6 only
143059,Other,IPv6 only
143060,Other,IPv6 only
143061,Other,IPv6 only
143062,Other,IPv6 only
143063,Other,IPv6 only
143064,Other,IPv6 only
143065,Other,IPv6 only
143066,Other,IPv6 only
143067,Other,IPv6 only
143068,Other,IPv6 only
143069,Unknown,
143070,Other,IPv6 only
143071,Other,IPv6 only
143072,Other,IPv6 only
143073,Other,IPv6 only
143074,Other,IPv6 only
143075,Other,IPv6 only
143076,Other,IPv6 only
143077,Other,IPv6 only
143078,Other,IPv6 only
143079,Other,IPv6 only
143080,Other,IPv6 only
143081,Other,IPv6 only
208618,Enterprise,"Law, Business, and Consulting Services|Service|IPv6 only"
143083,Other,IPv6 only
143082,Other,IPv6 only
143084,Other,IPv6 only
143086,Other,IPv6 only
143085,Other,IPv6 only
143087,Other,IPv6 only
143088,Other,IPv6 only
143089,Other,IPv6 only
143090,Other,IPv6 only
143091,Other,IPv6 only
143092,Other,IPv6 only
143093,Other,IPv6 only
143094,Other,IPv6 only
143095,Other,IPv6 only
143096,Other,IPv6 only
143097,Other,IPv6 only
143099,Other,IPv6 only
143098,Other,IPv6 only
143100,Other,IPv6 only
143102,Other,IPv6 only
143103,Other,IPv6 only
143101,Other,IPv6 only
143104,Other,IPv6 only
143105,Other,IPv6 only
143106,Other,IPv6 only
143107,Other,IPv6 only
143108,Other,IPv6 only
143109,Other,IPv6 only
143110,Other,IPv6 only
143111,Other,IPv6 only
143112,Other,IPv6 only
143113,Other,IPv6 only
143115,Other,IPv6 only
143116,Other,IPv6 only
143117,Other,IPv6 only
143118,Other,IPv6 only
143114,Other,IPv6 only
143119,Other,IPv6 only
143120,Unknown,
143121,Other,IPv6 only
143123,Other,IPv6 only
143124,Other,IPv6 only
143125,Other,IPv6 only
143126,Other,IPv6 only
143127,Other,IPv6 only
143128,Other,IPv6 only
143129,Other,IPv6 only
143130,Other,IPv6 only
143122,Other,IPv6 only
143132,Other,IPv6 only
143133,Other,IPv6 only
143131,Other,IPv6 only
143135,Other,IPv6 only
143136,Other,IPv6 only
143137,Other,IPv6 only
143138,Other,IPv6 only
143139,Other,IPv6 only
143134,Other,IPv6 only
143141,Other,IPv6 only
143142,Other,IPv6 only
208679,ISP,Computer and Information Technology|Internet Service Provider (ISP)|Hosting and Cloud Provider|IPv6 only
143143,Other,IPv6 only
143144,Other,IPv6 only
143145,Other,IPv6 only
143147,Other,IPv6 only
143146,Other,IPv6 only
143148,Other,IPv6 only
143149,Other,IPv6 only
143150,Other,IPv6 only
143152,Other,IPv6 only
143151,Other,IPv6 only
143153,Other,IPv6 only
143154,Other,IPv6 only
143156,Other,IPv6 only
143157,Other,IPv6 only
143158,Other,IPv6 only
143159,Other,IPv6 only
143160,Other,IPv6 only
143161,Other,IPv6 only
208698,Academic/Edu,Education and Research
143162,Other,IPv6 only
143164,Other,IPv6 only
143165,Other,IPv6 only
143166,Other,IPv6 only
143167,Other,IPv6 only
143168,Other,IPv6 only
143169,Other,IPv6 only
143170,Unknown,
143171,Other,IPv6 only
143172,Other,IPv6 only
143173,Other,IPv6 only
143174,Other,IPv6 only
143175,Other,IPv6 only
143176,Other,IPv6 only
143177,Other,IPv6 only
143178,Other,IPv6 only
143179,Other,IPv6 only
143180,Other,IPv6 only
143181,Other,IPv6 only
143182,Other,IPv6 only
143183,Other,IPv6 only
143184,Other,IPv6 only
143185,Other,IPv6 only
143186,Other,IPv6 only
143187,Other,IPv6 only
143188,Other,IPv6 only
143189,Unknown,
143190,Other,IPv6 only
143191,Other,IPv6 only
143192,Other,IPv6 only
143193,Other,IPv6 only
143194,Other,IPv6 only
143195,Other,IPv6 only
143196,Other,IPv6 only
143197,Other,IPv6 only
143198,Other,IPv6 only
143199,Other,IPv6 only
143200,Other,IPv6 only
143201,Other,IPv6 only
143202,Other,IPv6 only
143203,Other,IPv6 only
143204,Other,IPv6 only
143205,Other,IPv6 only
143206,Other,IPv6 only
143207,Other,IPv6 only
143208,Other,IPv6 only
143209,Other,IPv6 only
143210,Other,IPv6 only
143211,Other,IPv6 only
143212,Other,IPv6 only
143213,Other,IPv6 only
143214,Other,IPv6 only
143215,Other,IPv6 only
143216,Other,IPv6 only
143217,Other,IPv6 only
208754,Other,IPv6 only|Service|Personal ASN
143218,Other,IPv6 only
143220,Other,IPv6 only
143221,Other,IPv6 only
143222,Other,IPv6 only
143223,Other,IPv6 only
143219,Other,IPv6 only
143224,Other,IPv6 only
143225,Other,IPv6 only
143226,Other,IPv6 only
143227,Other,IPv6 only
143228,Other,IPv6 only
143229,Other,IPv6 only
143230,Other,IPv6 only
143231,Other,IPv6 only
143232,Other,IPv6 only
143233,Other,IPv6 only
143234,Other,IPv6 only
143235,Other,IPv6 only
143236,Other,IPv6 only
143238,Other,IPv6 only
143239,Other,IPv6 only
143240,Other,IPv6 only
143241,Other,IPv6 only
143237,Other,IPv6 only
143243,Other,IPv6 only
143242,Other,IPv6 only
143244,Other,IPv6 only
143245,Other,IPv6 only
143246,Other,IPv6 only
143247,Other,IPv6 only
143249,Other,IPv6 only
143250,Other,IPv6 only
143251,Other,IPv6 only
143252,Other,IPv6 only
143253,Other,IPv6 only
143254,Other,IPv6 only
143255,Other,IPv6 only
143256,Other,IPv6 only
143257,Other,IPv6 only
143258,Other,IPv6 only
143259,Other,IPv6 only
143260,Other,IPv6 only
143261,Other,IPv6 only
143262,Other,IPv6 only
143263,Other,IPv6 only
143264,Other,IPv6 only
143265,Other,IPv6 only
143266,Other,IPv6 only
143267,Other,IPv6 only
143268,Other,IPv6 only
143269,Other,IPv6 only
143270,Other,IPv6 only
143271,Other,IPv6 only
143272,Other,IPv6 only
143273,Other,IPv6 only
143274,Other,IPv6 only
143275,Other,IPv6 only
143276,Other,IPv6 only
143277,Other,IPv6 only
143278,Other,IPv6 only
143279,Other,IPv6 only
143280,Other,IPv6 only
143281,Other,IPv6 only
143282,Other,IPv6 only
143283,Other,IPv6 only
143284,Other,IPv6 only
143285,Other,IPv6 only
143286,Unknown,
143287,Other,IPv6 only
143288,Other,IPv6 only
143289,Other,IPv6 only
143290,Other,IPv6 only
143291,Other,IPv6 only
143292,Other,IPv6 only
143293,Other,IPv6 only
208830,Other,Computer and Information Technology
143294,Other,IPv6 only
143295,Other,IPv6 only
143296,Other,IPv6 only
143297,Other,IPv6 only
143299,Other,IPv6 only
143298,Other,IPv6 only
143300,Other,IPv6 only
143301,Other,IPv6 only
143302,Other,IPv6 only
143303,Other,IPv6 only
143304,Other,IPv6 only
143305,Other,IPv6 only
143306,Other,IPv6 only
143308,Other,IPv6 only
143307,Other,IPv6 only
143309,Other,IPv6 only
143310,Other,IPv6 only
143311,Other,IPv6 only
143313,Other,IPv6 only
143312,Other,IPv6 only
143314,Other,IPv6 only
143315,Other,IPv6 only
143316,Other,IPv6 only
143318,Other,IPv6 only
143319,Other,IPv6 only
143320,Other,IPv6 only
143317,Other,IPv6 only
143321,Other,IPv6 only
143323,Other,IPv6 only
143322,Other,IPv6 only
143325,Other,IPv6 only
143326,Other,IPv6 only
143327,Other,IPv6 only
143328,Other,IPv6 only
143324,Other,IPv6 only
143330,Other,IPv6 only
143329,Other,IPv6 only
143331,Other,IPv6 only
143333,Other,IPv6 only
143332,Other,IPv6 only
143335,Unknown,
208872,Other,"Not Validating RPKI ROV|Online Informational Content|Media, Publishing, and Broadcasting|Personal ASN"
143336,Other,IPv6 only
143338,Other,IPv6 only
143339,Other,IPv6 only
143340,Other,IPv6 only
143341,Other,IPv6 only
143334,Other,IPv6 only
143337,Other,IPv6 only
143343,Other,IPv6 only
143344,Other,IPv6 only
143345,Other,IPv6 only
143346,Other,IPv6 only
143347,Other,IPv6 only
143348,Other,IPv6 only
143349,Other,IPv6 only
143350,Other,IPv6 only
143351,Other,IPv6 only
143352,Other,IPv6 only
143353,Other,IPv6 only
143354,Other,IPv6 only
143355,Other,IPv6 only
143356,Other,IPv6 only
143357,Other,IPv6 only
143359,Other,IPv6 only
143358,Other,IPv6 only
143361,Other,IPv6 only
143362,Other,IPv6 only
143363,Other,IPv6 only
143364,Other,IPv6 only
143365,Other,IPv6 only
143366,Other,IPv6 only
143367,Other,IPv6 only
143368,Other,IPv6 only
143369,Other,IPv6 only
143370,Other,IPv6 only
143371,Other,IPv6 only
143372,Other,IPv6 only
143373,Other,IPv6 only
143374,Other,IPv6 only
45062,ISP,"Eyeball|Not Validating RPKI ROV|Internet Service Provider (ISP)|Retail Stores, Wholesale, and E-commerce Sites"
45072,Unknown,
45073,Unknown,
143376,Other,IPv6 only
143378,Other,IPv6 only
143380,Other,IPv6 only
143381,Other,IPv6 only
143379,Other,IPv6 only
143382,Other,IPv6 only
143384,Other,IPv6 only
143385,Other,IPv6 only
143386,Other,IPv6 only
143387,Other,IPv6 only
143388,Other,IPv6 only
143389,Other,IPv6 only
143390,Other,IPv6 only
143391,Other,IPv6 only
143392,Other,IPv6 only
143393,Other,IPv6 only
143394,Other,IPv6 only
143395,Other,IPv6 only
143396,Other,IPv6 only
143397,Other,IPv6 only
143398,Other,IPv6 only
143399,Other,IPv6 only
143400,Other,IPv6 only
143401,Other,IPv6 only
143402,Other,IPv6 only
143403,Other,IPv6 only
143404,Other,IPv6 only
143405,Other,IPv6 only
143406,Other,IPv6 only
143407,Other,IPv6 only
143408,Other,IPv6 only
143409,Other,IPv6 only
143410,Other,IPv6 only
45098,ISP,Computer and Information Technology|Education and Research|Online Informational Content|Internet Service Provider (ISP)
143412,Other,IPv6 only
45100,ISP,Education and Research|Online Informational Content|Computer and Information Technology|Internet Service Provider (ISP)
45101,Other,"Food, Grocery, Beverages|Retail Stores, Wholesale, and E-commerce Sites"
143415,Other,IPv6 only
45103,Other,Service
45104,Other,"Computer and Information Technology|Software Development|Retail Stores, Wholesale, and E-commerce Sites"
45105,ISP,"Media, Publishing, and Broadcasting|Online Informational Content|Software Development|Internet Service Provider (ISP)"
45106,Government,"Government and Regulatory Agencies, Administrations, Departments, and Services|Government and Public Administration"
45108,Enterprise,"Manufacturing|Metal, Glass, Wood, and Paper Manufacturing|Service|Law, Business, and Consulting Services"
45109,ISP,"Media, Publishing, and Broadcasting|Internet Service Provider (ISP)|Computer and Information Technology|Education and Research"
45110,ISP,Software Development|Education and Research|Computer and Information Technology|Internet Service Provider (ISP)
45111,Other,Computer and Information Technology|Search
45112,ISP,Computer and Information Technology|Education and Research|Internet Service Provider (ISP)
45113,ISP,"Media, Publishing, and Broadcasting|Internet Service Provider (ISP)|Online Informational Content|Software Development"
45114,Other,Buildings (Residential or Commercial)|Construction and Real Estate
143427,Other,IPv6 only
45120,ISP,Internet Service Provider (ISP)|Computer and Information Technology
143420,Other,IPv6 only
143421,Other,IPv6 only
143422,Other,IPv6 only
143423,Other,IPv6 only
143424,Other,IPv6 only
143425,Other,IPv6 only
143426,Other,IPv6 only
143436,Other,IPv6 only
143428,Other,IPv6 only
143429,Other,IPv6 only
143439,Other,IPv6 only
143431,Other,IPv6 only
143432,Other,IPv6 only
143433,Other,IPv6 only
143434,Other,IPv6 only
143435,Other,IPv6 only
143437,Other,IPv6 only
143438,Other,IPv6 only
143440,Other,IPv6 only
143448,Other,IPv6 only
143441,Other,IPv6 only
143442,Other,IPv6 only
143443,Other,IPv6 only
143444,Other,IPv6 only
143445,Other,IPv6 only
143446,Other,IPv6 only
143447,Other,IPv6 only
143456,Other,IPv6 only
208993,Other,"Service|Construction and Real Estate|Real Estate (Residential and/or Commercial)|Retail Stores, Wholesale, and E-commerce Sites"
143449,Other,IPv6 only
143450,Other,IPv6 only
143451,Other,IPv6 only
143452,Other,IPv6 only
143453,Other,IPv6 only
143454,Other,IPv6 only
143455,Other,IPv6 only
143457,Other,IPv6 only
143458,Other,IPv6 only
143459,Other,IPv6 only
143460,Other,IPv6 only
143469,Other,IPv6 only
143470,Other,IPv6 only
143462,Other,IPv6 only
143472,Other,IPv6 only
143473,Unknown,
143474,Other,IPv6 only
143466,Other,IPv6 only
143467,Other,IPv6 only
143468,Other,IPv6 only
143478,Other,IPv6 only
143479,Other,IPv6 only
143471,Other,IPv6 only
143475,Other,IPv6 only
143476,Other,IPv6 only
143477,Other,IPv6 only
143480,Other,IPv6 only
143481,Other,IPv6 only
143482,Other,IPv6 only
143483,Other,IPv6 only
143484,Other,IPv6 only
143485,Other,IPv6 only
143486,Other,IPv6 only
143487,Other,IPv6 only
143488,Other,IPv6 only
143489,Other,IPv6 only
143490,Other,IPv6 only
143491,Other,IPv6 only
143492,Other,IPv6 only
143493,Other,IPv6 only
143494,Other,IPv6 only
143495,Other,IPv6 only
143496,Other,IPv6 only
143497,Other,IPv6 only
143498,Other,IPv6 only
143499,Other,IPv6 only
143500,Other,IPv6 only
143501,Other,IPv6 only
143502,Other,IPv6 only
143503,Other,IPv6 only
143504,Other,IPv6 only
143505,Other,IPv6 only
143506,Other,IPv6 only
143507,Other,IPv6 only
143508,Other,IPv6 only
143509,Other,IPv6 only
143510,Other,IPv6 only
143511,Other,IPv6 only
143512,Other,IPv6 only
143513,Other,IPv6 only
143514,Other,IPv6 only
143515,Other,IPv6 only
143516,Other,IPv6 only
143517,Other,IPv6 only
143518,Other,IPv6 only
143523,Other,IPv6 only
143524,Other,IPv6 only
143519,Other,IPv6 only
143520,Other,IPv6 only
143521,Other,IPv6 only
143522,Other,IPv6 only
143525,Other,IPv6 only
143526,Other,IPv6 only
143527,Other,IPv6 only
143528,Other,IPv6 only
143529,Other,IPv6 only
143530,Other,IPv6 only
143531,Other,IPv6 only
143532,Other,IPv6 only
143533,Other,IPv6 only
143534,Other,IPv6 only
143535,Other,IPv6 only
143536,Other,IPv6 only
143537,Other,IPv6 only
143538,Other,IPv6 only
143539,Other,IPv6 only
143540,Other,IPv6 only
143541,Other,IPv6 only
143546,Other,IPv6 only
143542,Other,IPv6 only
143543,Other,IPv6 only
143544,Other,IPv6 only
143545,Other,IPv6 only
143551,Other,IPv6 only
143547,Other,IPv6 only
143548,Other,IPv6 only
143549,Other,IPv6 only
143550,Other,IPv6 only
143552,Other,IPv6 only
143553,Other,IPv6 only
143554,Other,IPv6 only
143555,Other,IPv6 only
45256,ISP,Computer and Information Technology|Internet Service Provider (ISP)
143556,Other,IPv6 only
143557,Other,IPv6 only
143558,Other,IPv6 only
143559,Other,IPv6 only
143560,Other,IPv6 only
143561,Other,IPv6 only
143562,Other,IPv6 only
143563,Other,IPv6 only
143564,Other,IPv6 only
143570,Other,IPv6 only
143565,Other,IPv6 only
143566,Other,IPv6 only
143567,Other,IPv6 only
143568,Other,IPv6 only
143569,Other,IPv6 only
143571,Other,IPv6 only
143572,Other,IPv6 only
143578,Other,IPv6 only
45275,Other,Computer and Information Technology|IPv6 only
143573,Other,IPv6 only
143574,Other,IPv6 only
143575,Other,IPv6 only
143576,Other,IPv6 only
143577,Other,IPv6 only
143579,Other,IPv6 only
143580,Other,IPv6 only
143581,Other,IPv6 only
143582,Other,IPv6 only
143585,Other,IPv6 only
143586,Other,IPv6 only
143587,Other,IPv6 only
143588,Other,IPv6 only
143589,Other,IPv6 only
143590,Other,IPv6 only
143591,Other,IPv6 only
143592,Other,IPv6 only
143593,Other,IPv6 only
143594,Other,IPv6 only
143595,Other,IPv6 only
143596,Other,IPv6 only
143597,Other,IPv6 only
143598,Other,IPv6 only
143599,Other,IPv6 only
143600,Other,IPv6 only
143601,Other,IPv6 only
143606,Other,IPv6 only
143602,Other,IPv6 only
143603,Other,IPv6 only
143609,Other,IPv6 only
143604,Other,IPv6 only
143605,Other,IPv6 only
143607,Other,IPv6 only
143613,Other,IPv6 only
143608,Other,IPv6 only
143615,Other,IPv6 only
143610,Other,IPv6 only
143611,Other,IPv6 only
143612,Other,IPv6 only
143614,Other,IPv6 only
143616,Other,IPv6 only
143617,Other,IPv6 only
143622,Other,IPv6 only
143618,Unknown,
143619,Other,IPv6 only
143620,Other,IPv6 only
143621,Other,IPv6 only
143623,Other,IPv6 only
143624,Other,IPv6 only
143625,Other,IPv6 only
143626,Other,IPv6 only
143627,Other,IPv6 only
143628,Other,IPv6 only
143629,Other,IPv6 only
143630,Other,IPv6 only
143631,Other,IPv6 only
143632,Other,IPv6 only
143633,Other,IPv6 only
143634,Other,IPv6 only
143635,Other,IPv6 only
143636,Other,IPv6 only
143637,Other,IPv6 only
143642,Other,IPv6 only
143638,Other,IPv6 only
143639,Other,IPv6 only
143640,Other,IPv6 only
143641,Other,IPv6 only
143643,Other,IPv6 only
143644,Other,IPv6 only
143645,Other,IPv6 only
143646,Other,IPv6 only
209187,Other,Travel and Accommodation
143647,Other,IPv6 only
143648,Other,IPv6 only
143649,Other,IPv6 only
143650,Other,IPv6 only
143651,Other,IPv6 only
143652,Other,IPv6 only
143658,Other,IPv6 only
143653,Other,IPv6 only
143654,Other,IPv6 only
143655,Other,IPv6 only
143656,Other,IPv6 only
143657,Other,IPv6 only
143659,Other,IPv6 only
143660,Other,IPv6 only
143661,Other,IPv6 only
143662,Other,IPv6 only
143663,Other,IPv6 only
143664,Other,IPv6 only
143665,Other,IPv6 only
143666,Other,IPv6 only
143667,Other,IPv6 only
143673,Other,IPv6 only
143674,Other,IPv6 only
143668,Other,IPv6 only
143676,Other,IPv6 only
143677,Other,IPv6 only
143669,Other,IPv6 only
143670,Other,IPv6 only
143671,Other,IPv6 only
143672,Other,IPv6 only
209218,Enterprise,"Service|Law, Business, and Consulting Services|Personal ASN|IPv6 only"
143675,Other,IPv6 only
143681,Other,IPv6 only
143684,Other,IPv6 only
143686,Other,IPv6 only
143687,Other,IPv6 only
143688,Other,IPv6 only
143689,Other,IPv6 only
143690,Other,IPv6 only
143691,Other,IPv6 only
143692,Other,IPv6 only
143685,Other,IPv6 only
143694,Other,IPv6 only
143693,Other,IPv6 only
143695,Other,IPv6 only
143697,Other,IPv6 only
143696,Other,IPv6 only
143699,Other,IPv6 only
143698,Other,IPv6 only
143700,Other,IPv6 only
143701,Other,IPv6 only
143703,Other,IPv6 only
143704,Other,IPv6 only
143702,Unknown,
143706,Other,IPv6 only
143705,Other,IPv6 only
143707,Other,IPv6 only
143709,Other,IPv6 only
143708,Other,IPv6 only
143710,Other,IPv6 only
143712,Other,IPv6 only
143713,Other,IPv6 only
143711,Other,IPv6 only
143714,Other,IPv6 only
143715,Other,IPv6 only
143717,Other,IPv6 only
143716,Other,IPv6 only
143718,Other,IPv6 only
143719,Other,IPv6 only
143721,Other,IPv6 only
143722,Other,IPv6 only
143720,Other,IPv6 only
143723,Other,IPv6 only
209261,Other,"Personal ASN|Online Informational Content|Media, Publishing, and Broadcasting|IPv6 only"
143724,Other,IPv6 only
143725,Other,IPv6 only
143728,Other,IPv6 only
143726,Other,IPv6 only
143730,Other,IPv6 only
143727,Other,IPv6 only
143729,Other,IPv6 only
143731,Other,IPv6 only
143732,Other,IPv6 only
143733,Other,IPv6 only
143734,Other,IPv6 only
143735,Other,IPv6 only
143736,Other,IPv6 only
143737,Other,IPv6 only
143738,Other,IPv6 only
143739,Other,IPv6 only
143742,Other,IPv6 only
143740,Other,IPv6 only
143744,Other,IPv6 only
143745,Other,IPv6 only
143746,Other,IPv6 only
143741,Other,IPv6 only
143743,Other,IPv6 only
143747,Other,IPv6 only
143750,Other,IPv6 only
143751,Other,IPv6 only
143748,Other,IPv6 only
143753,Other,IPv6 only
143754,Other,IPv6 only
143749,Other,IPv6 only
143752,Other,IPv6 only
143755,Other,IPv6 only
143758,Other,IPv6 only
209294,Eyeball,"Eyeball|Retail Stores, Wholesale, and E-commerce Sites|Computer and Information Technology|Law, Business, and Consulting Services"
143756,Other,IPv6 only
143761,Other,IPv6 only
143762,Other,IPv6 only
143763,Other,IPv6 only
143764,Other,IPv6 only
143765,Other,IPv6 only
143766,Other,IPv6 only
209300,Academic/Edu,Personal ASN|Education and Research
143767,Other,IPv6 only
143760,Other,IPv6 only
209306,ISP,"Eyeball|Internet Service Provider (ISP)|Media, Publishing, and Broadcasting|Computer and Information Technology"
143768,Other,IPv6 only
143772,Other,IPv6 only
143773,Other,IPv6 only
143774,Other,IPv6 only
143775,Other,IPv6 only
143776,Other,IPv6 only
143769,Other,IPv6 only
143770,Other,IPv6 only
143771,Other,IPv6 only
143777,Other,IPv6 only
143778,Other,IPv6 only
143779,Other,IPv6 only
143780,Other,IPv6 only
143781,Other,IPv6 only
143782,Other,IPv6 only
143783,Other,IPv6 only
143784,Other,IPv6 only
143785,Other,IPv6 only
143786,Other,IPv6 only
143787,Other,IPv6 only
143788,Other,IPv6 only
143789,Other,IPv6 only
143790,Other,IPv6 only
143791,Other,IPv6 only
143792,Other,IPv6 only
143796,Other,IPv6 only
143797,Other,IPv6 only
143793,Other,IPv6 only
143794,Other,IPv6 only
143795,Other,IPv6 only
143798,Other,IPv6 only
143802,Other,IPv6 only
143803,Other,IPv6 only
143799,Other,IPv6 only
143805,Other,IPv6 only
143806,Other,IPv6 only
143800,Other,IPv6 only
143801,Other,IPv6 only
143804,Other,IPv6 only
143807,Other,IPv6 only
143808,Other,IPv6 only
143809,Other,IPv6 only
143810,Other,IPv6 only
143814,Other,IPv6 only
143811,Other,IPv6 only
143812,Other,IPv6 only
143813,Other,IPv6 only
143815,Other,IPv6 only
143816,Other,IPv6 only
143820,Other,IPv6 only
143817,Other,IPv6 only
143818,Other,IPv6 only
143823,Other,IPv6 only
143819,Other,IPv6 only
143821,Other,IPv6 only
143822,Other,IPv6 only
143824,Unknown,
143825,Other,IPv6 only
143829,Other,IPv6 only
143830,Other,IPv6 only
143826,Other,IPv6 only
143832,Other,IPv6 only
143827,Other,IPv6 only
143828,Other,IPv6 only
143831,Other,IPv6 only
143833,Other,IPv6 only
143834,Other,IPv6 only
143838,Other,IPv6 only
143835,Other,IPv6 only
143836,Other,IPv6 only
143841,Other,IPv6 only
143837,Other,IPv6 only
143839,Other,IPv6 only
143840,Other,IPv6 only
143842,Other,IPv6 only
143843,Other,IPv6 only
143847,Other,IPv6 only
143844,Other,IPv6 only
143845,Other,IPv6 only
143846,Other,IPv6 only
143848,Other,IPv6 only
143849,Other,IPv6 only
143853,Other,IPv6 only
143850,Other,IPv6 only
143855,Other,IPv6 only
143851,Other,IPv6 only
143857,Other,IPv6 only
143858,Other,IPv6 only
143852,Other,IPv6 only
143854,Other,IPv6 only
143861,Other,IPv6 only
143862,Other,IPv6 only
143863,Other,IPv6 only
143856,Other,IPv6 only
143859,Other,IPv6 only
143866,Other,IPv6 only
143860,Other,IPv6 only
143864,Other,IPv6 only
143869,Other,IPv6 only
143870,Other,IPv6 only
45567,Other,Computer and Information Technology
143872,Other,IPv6 only
143865,Other,IPv6 only
143867,Other,IPv6 only
143875,Other,IPv6 only
143868,Other,IPv6 only
143871,Other,IPv6 only
143878,Unknown,
143873,Other,IPv6 only
45576,Academic/Edu,"IPv6 only|Education and Research|Colleges, Universities, and Professional Schools"
143880,Other,IPv6 only
143874,Other,IPv6 only
143876,Other,IPv6 only
143884,Other,IPv6 only
143877,Other,IPv6 only
143879,Other,IPv6 only
143881,Other,IPv6 only
143882,Other,IPv6 only
143883,Other,IPv6 only
143890,Other,IPv6 only
143891,Other,IPv6 only
45587,ISP,Internet Service Provider (ISP)|Computer and Information Technology
143885,Other,IPv6 only
143886,Other,IPv6 only
143887,Other,IPv6 only
143896,Other,IPv6 only
143888,Other,IPv6 only
143889,Other,IPv6 only
143898,Other,IPv6 only
143899,Other,IPv6 only
143892,Other,IPv6 only
143893,Other,IPv6 only
143894,Other,IPv6 only
143895,Other,IPv6 only
143905,Other,IPv6 only
143897,Other,IPv6 only
143900,Other,IPv6 only
143901,Other,IPv6 only
143902,Other,IPv6 only
143903,Other,IPv6 only
143904,Other,IPv6 only
143912,Other,IPv6 only
143906,Other,IPv6 only
143907,Other,IPv6 only
143908,Other,IPv6 only
143909,Other,IPv6 only
143910,Other,IPv6 only
143911,Other,IPv6 only
143919,Other,IPv6 only
143920,Other,IPv6 only
143921,Other,IPv6 only
143913,Other,IPv6 only
143914,Other,IPv6 only
143915,Other,IPv6 only
143916,Other,IPv6 only
143917,Other,IPv6 only
143918,Other,IPv6 only
143927,Other,IPv6 only
143928,Other,IPv6 only
143930,Other,IPv6 only
143922,Other,IPv6 only
143923,Other,IPv6 only
143924,Other,IPv6 only
143925,Other,IPv6 only
143926,Other,IPv6 only
143929,Other,IPv6 only
143931,Other,IPv6 only
143932,Other,IPv6 only
143939,Other,IPv6 only
143940,Other,IPv6 only
143941,Other,IPv6 only
143942,Other,IPv6 only
143934,Other,IPv6 only
143935,Other,IPv6 only
143936,Other,IPv6 only
143937,Other,IPv6 only
209481,Content/CDN,Computer and Information Technology|Hosting and Cloud Provider|IPv6 only|Personal ASN
143945,Other,IPv6 only
209484,Other,Other|IPv6 only
143948,Other,IPv6 only
143950,Other,IPv6 only
143951,Other,IPv6 only
143944,Other,IPv6 only
143947,Other,IPv6 only
143946,Other,IPv6 only
143949,Other,IPv6 only
143957,Other,IPv6 only
143952,Other,IPv6 only
143953,Other,IPv6 only
143959,Other,IPv6 only
143960,Other,IPv6 only
143954,Other,IPv6 only
143955,Other,IPv6 only
143956,Other,IPv6 only
143965,Other,IPv6 only
143966,Other,IPv6 only
143958,Other,IPv6 only
143961,Other,IPv6 only
143962,Other,IPv6 only
143964,Other,IPv6 only
143963,Other,IPv6 only
143967,Other,IPv6 only
143973,Other,IPv6 only
143968,Other,IPv6 only
143975,Other,IPv6 only
143969,Other,IPv6 only
143970,Other,IPv6 only
143978,Other,IPv6 only
143971,Other,IPv6 only
143972,Other,IPv6 only
143981,Unknown,
143974,Other,IPv6 only
143976,Other,IPv6 only
143977,Other,IPv6 only
143979,Other,IPv6 only
143986,Other,IPv6 only
143980,Other,IPv6 only
143982,Other,IPv6 only
143983,Other,IPv6 only
143990,Other,IPv6 only
143984,Other,IPv6 only
143985,Other,IPv6 only
143987,Other,IPv6 only
143994,Other,IPv6 only
143988,Other,IPv6 only
143989,Other,IPv6 only
143997,Other,IPv6 only
143991,Other,IPv6 only
143992,Other,IPv6 only
143993,Other,IPv6 only
143995,Other,IPv6 only
144002,Other,IPv6 only
144003,Other,IPv6 only
143996,Other,IPv6 only
143998,Other,IPv6 only
144005,Other,IPv6 only
144007,Other,IPv6 only
143999,Other,IPv6 only
144000,Other,IPv6 only
144010,Other,IPv6 only
144004,Other,IPv6 only
144012,Other,IPv6 only
144013,Other,IPv6 only
144006,Other,IPv6 only
144008,Unknown,
144016,Other,IPv6 only
144015,Other,IPv6 only
144009,Other,IPv6 only
144011,Other,IPv6 only
209556,ISP,"Computer and Information Technology|Hosting, Cloud Provider, Data Center, Server Colocation|Internet Service Provider (ISP)|Manufacturing"
144020,Other,IPv6 only
144014,Other,IPv6 only
144017,Unknown,
144018,Other,IPv6 only
144019,Other,IPv6 only
144021,Other,IPv6 only
144022,Other,IPv6 only
144023,Other,IPv6 only
144024,Other,IPv6 only
144030,Other,IPv6 only
144025,Other,IPv6 only
144026,Other,IPv6 only
144027,Other,IPv6 only
144028,Other,IPv6 only
144029,Other,IPv6 only
144031,Other,IPv6 only
144032,Other,IPv6 only
144038,Other,IPv6 only
209574,ISP,"Personal ASN|Internet Service Provider (ISP)|Electronics and Computer Components|Hosting, Cloud Provider, Data Center, Server Colocation"
144040,Other,IPv6 only
144033,Other,IPv6 only
144042,Other,IPv6 only
144034,Other,IPv6 only
144035,Other,IPv6 only
144036,Other,IPv6 only
144037,Other,IPv6 only
144044,Other,IPv6 only
144048,Other,IPv6 only
144045,Other,IPv6 only
144046,Other,IPv6 only
144047,Other,IPv6 only
144049,Unknown,
45746,Other,"Retail Stores, Wholesale, and E-commerce Sites"
209586,Enterprise,"Electric Power Generation, Transmission, Distribution|Service|Utilities (Excluding Internet Service)|Real Estate (Residential and/or Commercial)"
144055,Other,IPv6 only
144056,Other,IPv6 only
144053,Other,IPv6 only
144058,Other,IPv6 only
144059,Other,IPv6 only
144054,Other,IPv6 only
144057,Other,IPv6 only
144062,Other,IPv6 only
144063,Other,IPv6 only
144064,Other,IPv6 only
209601,ISP,Internet Service Provider (ISP)|Computer and Information Technology|Phone Provider|IPv6 only
144065,Other,IPv6 only
144067,Other,IPv6 only
144066,Other,IPv6 only
144069,Other,IPv6 only
144070,Other,IPv6 only
144068,Other,IPv6 only
144071,Other,IPv6 only
144073,Other,IPv6 only
144074,Other,IPv6 only
144072,Unknown,
144076,Other,IPv6 only
144077,Other,IPv6 only
144078,Other,IPv6 only
144079,Other,IPv6 only
144080,Other,IPv6 only
144081,Other,IPv6 only
144082,Other,IPv6 only
144083,Other,IPv6 only
144084,Other,IPv6 only
144085,Other,IPv6 only
144086,Other,IPv6 only
144087,Other,IPv6 only
144088,Other,IPv6 only
144089,Other,IPv6 only
144090,Unknown,
144091,Other,IPv6 only
144092,Other,IPv6 only
144093,Unknown,
144094,Other,IPv6 only
144095,Other,IPv6 only
144096,Other,IPv6 only
144097,Other,IPv6 only
144098,Other,IPv6 only
144099,Other,IPv6 only
144100,Other,IPv6 only
144101,Other,IPv6 only
45798,ISP,Internet Service Provider (ISP)|Computer and Information Technology
144102,Other,IPv6 only
144104,Other,IPv6 only
144103,Other,IPv6 only
144106,Other,IPv6 only
144107,Other,IPv6 only
144108,Other,IPv6 only
209645,Academic/Edu,Education and Research|IPv6 only|Personal ASN
144109,Other,IPv6 only
144110,Other,IPv6 only
144112,Other,IPv6 only
144113,Other,IPv6 only
209650,Eyeball,Eyeball|Education and Research|Anycast|Personal ASN
144115,Other,IPv6 only
144114,Other,IPv6 only
144117,Other,IPv6 only
144118,Other,IPv6 only
144119,Other,IPv6 only
144116,Other,IPv6 only
144120,Other,IPv6 only
144122,Other,IPv6 only
144123,Other,IPv6 only
144124,Other,IPv6 only
209661,Enterprise,"Computer and Information Technology|Service|Buildings, Repair, Maintenance (Pest Control, Landscaping, Cleaning, Locksmiths, Car Washes, etc)|Law, Business, and Consulting Services"
144125,Other,IPv6 only
144126,Other,IPv6 only
144128,Other,IPv6 only
144129,Other,IPv6 only
144127,Other,IPv6 only
144131,Other,IPv6 only
144132,Other,IPv6 only
144133,Other,IPv6 only
144134,Other,IPv6 only
144135,Other,IPv6 only
144136,Other,IPv6 only
144137,Other,IPv6 only
144130,Other,IPv6 only
144139,Other,IPv6 only
144140,Other,IPv6 only
144138,Other,IPv6 only
144142,Other,IPv6 only
144143,Other,IPv6 only
144144,Other,IPv6 only
144145,Other,IPv6 only
144146,Other,IPv6 only
144147,Other,IPv6 only
144148,Other,IPv6 only
144149,Other,IPv6 only
144150,Other,IPv6 only
144151,Other,IPv6 only
144152,Other,IPv6 only
144153,Other,IPv6 only
144154,Other,IPv6 only
144155,Other,IPv6 only
144156,Other,IPv6 only
144157,Other,IPv6 only
144158,Other,IPv6 only
144159,Unknown,
144160,Other,IPv6 only
144161,Other,IPv6 only
144162,Other,IPv6 only
144163,Other,IPv6 only
144164,Other,IPv6 only
144165,Other,IPv6 only
144166,Other,IPv6 only
144167,Other,IPv6 only
144168,Other,IPv6 only
144169,Other,IPv6 only
144170,Other,IPv6 only
144171,Other,IPv6 only
144172,Other,IPv6 only
144173,Other,IPv6 only
144174,Other,IPv6 only
144175,Unknown,
144176,Other,IPv6 only
144177,Other,IPv6 only
144178,Other,IPv6 only
144179,Other,IPv6 only
144180,Other,IPv6 only
144181,Other,IPv6 only
144182,Other,IPv6 only
144183,Other,IPv6 only
144184,Other,IPv6 only
144185,Other,IPv6 only
144186,Other,IPv6 only
144187,Other,IPv6 only
144188,Other,IPv6 only
144189,Other,IPv6 only
144190,Other,IPv6 only
144191,Other,IPv6 only
144192,Other,IPv6 only
144193,Other,IPv6 only
144194,Other,IPv6 only
144195,Other,IPv6 only
144196,Other,IPv6 only
144197,Other,IPv6 only
144198,Other,IPv6 only
144199,Other,IPv6 only
144200,Other,IPv6 only
144201,Other,IPv6 only
144202,Other,IPv6 only
144203,Other,IPv6 only
144204,Other,IPv6 only
144205,Other,IPv6 only
144206,Other,IPv6 only
144207,Other,IPv6 only
144208,Other,IPv6 only
144209,Other,IPv6 only
144210,Other,IPv6 only
144211,Other,IPv6 only
144212,Other,IPv6 only
144213,Other,IPv6 only
144214,Other,IPv6 only
144215,Other,IPv6 only
144216,Other,IPv6 only
144217,Other,IPv6 only
144218,Other,IPv6 only
144219,Other,IPv6 only
144220,Other,IPv6 only
144221,Other,IPv6 only
144222,Other,IPv6 only
144223,Other,IPv6 only
144224,Other,IPv6 only
144225,Other,IPv6 only
144226,Other,IPv6 only
144227,Other,IPv6 only
144228,Other,IPv6 only
144229,Other,IPv6 only
144230,Other,IPv6 only
144231,Other,IPv6 only
144232,Other,IPv6 only
144233,Other,IPv6 only
144234,Other,IPv6 only
144235,Other,IPv6 only
144236,Other,IPv6 only
144237,Other,IPv6 only
144238,Other,IPv6 only
144239,Other,IPv6 only
144240,Other,IPv6 only
144241,Other,IPv6 only
144242,Other,IPv6 only
144243,Other,IPv6 only
144244,Other,IPv6 only
144245,Other,IPv6 only
144246,Other,IPv6 only
144247,Other,IPv6 only
144248,Other,IPv6 only
144249,Other,IPv6 only
144250,Other,IPv6 only
144251,Other,IPv6 only
144252,Other,IPv6 only
144253,Other,IPv6 only
144254,Other,IPv6 only
144255,Other,IPv6 only
144256,Other,IPv6 only
144257,Other,IPv6 only
144258,Other,IPv6 only
144259,Other,IPv6 only
144260,Other,IPv6 only
144261,Other,IPv6 only
144262,Other,IPv6 only
144263,Other,IPv6 only
144264,Other,IPv6 only
144265,Other,IPv6 only
144266,Other,IPv6 only
144267,Other,IPv6 only
144268,Other,IPv6 only
144269,Other,IPv6 only
144270,Other,IPv6 only
144271,Other,IPv6 only
144272,Other,IPv6 only
144273,Other,IPv6 only
144274,Other,IPv6 only
144275,Other,IPv6 only
144276,Other,IPv6 only
144277,Other,IPv6 only
144278,Other,IPv6 only
144279,Other,IPv6 only
144280,Other,IPv6 only
144281,Other,IPv6 only
144282,Other,IPv6 only
144283,Other,IPv6 only
144284,Other,IPv6 only
144285,Other,IPv6 only
144286,Other,IPv6 only
144287,Other,IPv6 only
144288,Other,IPv6 only
144289,Other,IPv6 only
144290,Other,IPv6 only
144291,Other,IPv6 only
144292,Other,IPv6 only
144293,Other,IPv6 only
144294,Other,IPv6 only
144295,Other,IPv6 only
144296,Other,IPv6 only
144297,Other,IPv6 only
144298,Other,IPv6 only
144299,Other,IPv6 only
144300,Other,IPv6 only
144301,Other,IPv6 only
144302,Other,IPv6 only
144303,Other,IPv6 only
144304,Other,IPv6 only
144305,Other,IPv6 only
144306,Other,IPv6 only
144307,Other,IPv6 only
144308,Other,IPv6 only
144309,Other,IPv6 only
144310,Other,IPv6 only
144311,Other,IPv6 only
144312,Other,IPv6 only
144313,Unknown,
144314,Other,IPv6 only
144315,Other,IPv6 only
144316,Other,IPv6 only
144317,Other,IPv6 only
144318,Other,IPv6 only
144319,Other,IPv6 only
144320,Other,IPv6 only
144321,Other,IPv6 only
144322,Other,IPv6 only
144323,Other,IPv6 only
144324,Other,IPv6 only
144325,Other,IPv6 only
144326,Other,IPv6 only
144327,Other,IPv6 only
144328,Other,IPv6 only
144329,Other,IPv6 only
144330,Other,IPv6 only
144331,Other,IPv6 only
144332,Other,IPv6 only
144333,Other,IPv6 only
144334,Other,IPv6 only
144335,Other,IPv6 only
144336,Other,IPv6 only
144337,Other,IPv6 only
144338,Other,IPv6 only
144339,Other,IPv6 only
144340,Other,IPv6 only
144341,Other,IPv6 only
144342,Other,IPv6 only
144343,Other,IPv6 only
144344,Other,IPv6 only
144345,Other,IPv6 only
144346,Other,IPv6 only
144347,Other,IPv6 only
144348,Other,IPv6 only
144349,Other,IPv6 only
144350,Other,IPv6 only
144351,Other,IPv6 only
144352,Other,IPv6 only
144353,Other,IPv6 only
144354,Other,IPv6 only
144355,Other,IPv6 only
144356,Other,IPv6 only
144357,Other,IPv6 only
144358,Other,IPv6 only
144359,Other,IPv6 only
144360,Other,IPv6 only
144361,Other,IPv6 only
144362,Other,IPv6 only
144363,Other,IPv6 only
144364,Other,IPv6 only
144365,Other,IPv6 only
144366,Other,IPv6 only
144367,Other,IPv6 only
144368,Other,IPv6 only
144369,Other,IPv6 only
144370,Other,IPv6 only
144371,Other,IPv6 only
144372,Other,IPv6 only
144373,Other,IPv6 only
144374,Other,IPv6 only
144375,Other,IPv6 only
144376,Other,IPv6 only
144377,Other,IPv6 only
144378,Other,IPv6 only
144379,Other,IPv6 only
144380,Other,IPv6 only
144381,Other,IPv6 only
144382,Other,IPv6 only
144383,Other,IPv6 only
144384,Other,IPv6 only
144385,Other,IPv6 only
144386,Other,IPv6 only
144387,Other,IPv6 only
144388,Other,IPv6 only
144389,Other,IPv6 only
144390,Other,IPv6 only
144391,Other,IPv6 only
144392,Other,IPv6 only
144393,Other,IPv6 only
144394,Other,IPv6 only
144395,Other,IPv6 only
144396,Other,IPv6 only
144397,Other,IPv6 only
144398,Other,IPv6 only
144399,Other,IPv6 only
144400,Other,IPv6 only
144401,Other,IPv6 only
144402,Other,IPv6 only
144403,Other,IPv6 only
144404,Other,IPv6 only
144405,Other,IPv6 only
144406,Other,IPv6 only
144407,Other,IPv6 only
144408,Other,IPv6 only
144409,Unknown,
144410,Other,IPv6 only
144411,Other,IPv6 only
144412,Other,IPv6 only
144413,Other,IPv6 only
144414,Other,IPv6 only
144415,Other,IPv6 only
144416,Other,IPv6 only
144417,Other,IPv6 only
144418,Other,IPv6 only
144419,Other,IPv6 only
144420,Other,IPv6 only
144421,Other,IPv6 only
144422,Other,IPv6 only
144423,Other,IPv6 only
144424,Other,IPv6 only
144425,Other,IPv6 only
144426,Other,IPv6 only
144427,Other,IPv6 only
144428,Other,IPv6 only
144429,Other,IPv6 only
144430,Other,IPv6 only
144431,Other,IPv6 only
144432,Other,IPv6 only
144433,Other,IPv6 only
144434,Other,IPv6 only
144435,Other,IPv6 only
144436,Other,IPv6 only
144437,Other,IPv6 only
144438,Other,IPv6 only
144439,Other,IPv6 only
144440,Other,IPv6 only
144441,Other,IPv6 only
144442,Other,IPv6 only
144443,Other,IPv6 only
144444,Other,IPv6 only
144445,Other,IPv6 only
144446,Other,IPv6 only
144447,Other,IPv6 only
144448,Other,IPv6 only
144449,Other,IPv6 only
144450,Other,IPv6 only
144451,Other,IPv6 only
144452,Other,IPv6 only
144453,Other,IPv6 only
144454,Other,IPv6 only
144455,Other,IPv6 only
144456,Other,IPv6 only
144457,Other,IPv6 only
144458,Other,IPv6 only
144459,Other,IPv6 only
144460,Other,IPv6 only
144461,Other,IPv6 only
144462,Other,IPv6 only
144463,Other,IPv6 only
144464,Other,IPv6 only
144465,Other,IPv6 only
144466,Other,IPv6 only
144467,Other,IPv6 only
144468,Other,IPv6 only
144469,Other,IPv6 only
144470,Other,IPv6 only
144471,Other,IPv6 only
144472,Other,IPv6 only
144473,Other,IPv6 only
144474,Other,IPv6 only
144475,Other,IPv6 only
144476,Other,IPv6 only
144477,Other,IPv6 only
144478,Other,IPv6 only
144479,Other,IPv6 only
144480,Other,IPv6 only
144481,Other,IPv6 only
144482,Other,IPv6 only
144483,Other,IPv6 only
144484,Other,IPv6 only
144485,Other,IPv6 only
144486,Other,IPv6 only
144487,Other,IPv6 only
144488,Other,IPv6 only
144489,Other,IPv6 only
144490,Other,IPv6 only
144491,Other,IPv6 only
144492,Other,IPv6 only
144493,Other,IPv6 only
144494,Other,IPv6 only
144495,Other,IPv6 only
144496,Other,IPv6 only
144497,Other,IPv6 only
144498,Other,IPv6 only
144499,Other,IPv6 only
144500,Other,IPv6 only
144501,Other,IPv6 only
144502,Other,IPv6 only
144503,Other,IPv6 only
144504,Other,IPv6 only
210041,Other,"Personal ASN|Freight, Shipment, and Postal Services"
144506,Other,IPv6 only
144505,Other,IPv6 only
144507,Other,IPv6 only
144509,Other,IPv6 only
144508,Other,IPv6 only
144510,Other,IPv6 only
144512,Other,IPv6 only
144513,Other,IPv6 only
144514,Other,IPv6 only
144511,Other,IPv6 only
144516,Other,IPv6 only
144517,Other,IPv6 only
144518,Other,IPv6 only
144519,Other,IPv6 only
144520,Other,IPv6 only
144521,Other,IPv6 only
144522,Other,IPv6 only
144523,Other,IPv6 only
144515,Other,IPv6 only
144524,Other,IPv6 only
144526,Other,IPv6 only
144527,Other,IPv6 only
144528,Other,IPv6 only
144529,Unknown,
144530,Other,IPv6 only
144531,Other,IPv6 only
144532,Other,IPv6 only
144533,Other,IPv6 only
144534,Other,IPv6 only
144535,Other,IPv6 only
144536,Other,IPv6 only
144537,Other,IPv6 only
144538,Other,IPv6 only
144539,Other,IPv6 only
144540,Other,IPv6 only
144541,Other,IPv6 only
144542,Other,IPv6 only
144543,Other,IPv6 only
144544,Other,IPv6 only
144545,Other,IPv6 only
144546,Other,IPv6 only
144547,Other,IPv6 only
144548,Other,IPv6 only
144549,Other,IPv6 only
144550,Other,IPv6 only
144551,Other,IPv6 only
144552,Other,IPv6 only
144553,Other,IPv6 only
144554,Other,IPv6 only
144555,Other,IPv6 only
144556,Other,IPv6 only
144557,Other,IPv6 only
144558,Other,IPv6 only
144559,Other,IPv6 only
144560,Other,IPv6 only
144561,Other,IPv6 only
144562,Other,IPv6 only
144563,Other,IPv6 only
144564,Other,IPv6 only
144565,Other,IPv6 only
144566,Other,IPv6 only
144567,Other,IPv6 only
144568,Other,IPv6 only
144569,Other,IPv6 only
144570,Other,IPv6 only
144571,Other,IPv6 only
144572,Other,IPv6 only
144573,Other,IPv6 only
144574,Other,IPv6 only
144575,Other,IPv6 only
144576,Other,IPv6 only
144577,Other,IPv6 only
144578,Other,IPv6 only
144579,Other,IPv6 only
144580,Other,IPv6 only
144581,Other,IPv6 only
144582,Other,IPv6 only
144583,Other,IPv6 only
144584,Other,IPv6 only
144585,Other,IPv6 only
144586,Other,IPv6 only
144587,Other,IPv6 only
144588,Other,IPv6 only
144589,Other,IPv6 only
144590,Other,IPv6 only
144591,Other,IPv6 only
144592,Other,IPv6 only
144593,Other,IPv6 only
144594,Other,IPv6 only
144595,Other,IPv6 only
144596,Other,IPv6 only
144597,Other,IPv6 only
144598,Other,IPv6 only
144599,Other,IPv6 only
144600,Other,IPv6 only
144601,Other,IPv6 only
144602,Other,IPv6 only
144603,Other,IPv6 only
144604,Other,IPv6 only
144605,Other,IPv6 only
144606,Other,IPv6 only
144607,Other,IPv6 only
144608,Other,IPv6 only
144609,Other,IPv6 only
144610,Other,IPv6 only
144611,Other,IPv6 only
144612,Other,IPv6 only
144613,Other,IPv6 only
144614,Other,IPv6 only
144615,Other,IPv6 only
144616,Other,IPv6 only
144617,Other,IPv6 only
144618,Other,IPv6 only
144619,Other,IPv6 only
144620,Other,IPv6 only
144621,Other,IPv6 only
144622,Other,IPv6 only
144623,Other,IPv6 only
144624,Other,IPv6 only
144625,Other,IPv6 only
144626,Other,IPv6 only
144627,Other,IPv6 only
144628,Other,IPv6 only
144629,Other,IPv6 only
144630,Other,IPv6 only
144631,Other,IPv6 only
144632,Other,IPv6 only
144633,Other,IPv6 only
144634,Other,IPv6 only
144635,Other,IPv6 only
144636,Other,IPv6 only
144637,Other,IPv6 only
144638,Other,IPv6 only
144639,Other,IPv6 only
210176,Other,Other|IPv6 only
144641,Other,IPv6 only
144642,Other,IPv6 only
144643,Other,IPv6 only
144644,Other,IPv6 only
144645,Other,IPv6 only
144646,Other,IPv6 only
144647,Other,IPv6 only
144648,Other,IPv6 only
144649,Other,IPv6 only
144650,Other,IPv6 only
144651,Other,IPv6 only
144652,Other,IPv6 only
144653,Other,IPv6 only
144654,Other,IPv6 only
144655,Other,IPv6 only
144656,Other,IPv6 only
144657,Other,IPv6 only
144658,Other,IPv6 only
144659,Other,IPv6 only
144660,Other,IPv6 only
144661,Other,IPv6 only
144662,Other,IPv6 only
144663,Other,IPv6 only
144664,Other,IPv6 only
144665,Other,IPv6 only
144666,Other,IPv6 only
144667,Other,IPv6 only
144668,Other,IPv6 only
144669,Other,IPv6 only
144670,Other,IPv6 only
144671,Other,IPv6 only
144672,Other,IPv6 only
144673,Other,IPv6 only
144674,Other,IPv6 only
144675,Other,IPv6 only
144676,Other,IPv6 only
144677,Other,IPv6 only
144678,Other,IPv6 only
144679,Other,IPv6 only
144680,Other,IPv6 only
144681,Other,IPv6 only
144682,Other,IPv6 only
144683,Other,IPv6 only
144684,Other,IPv6 only
144685,Other,IPv6 only
144686,Other,IPv6 only
144687,Other,IPv6 only
144688,Other,IPv6 only
144689,Other,IPv6 only
144690,Other,IPv6 only
144691,Other,IPv6 only
144692,Other,IPv6 only
144693,Other,IPv6 only
144694,Other,IPv6 only
144695,Other,IPv6 only
144696,Other,IPv6 only
144697,Other,IPv6 only
144698,Other,IPv6 only
144699,Other,IPv6 only
144700,Other,IPv6 only
144701,Other,IPv6 only
144702,Other,IPv6 only
144703,Other,IPv6 only
144704,Other,IPv6 only
144705,Other,IPv6 only
144706,Other,IPv6 only
144707,Other,IPv6 only
144708,Other,IPv6 only
144709,Other,IPv6 only
144710,Other,IPv6 only
144711,Other,IPv6 only
144712,Other,IPv6 only
144713,Other,IPv6 only
144714,Other,IPv6 only
144715,Other,IPv6 only
144716,Other,IPv6 only
144717,Other,IPv6 only
144718,Other,IPv6 only
144719,Other,IPv6 only
144720,Other,IPv6 only
144721,Other,IPv6 only
144722,Other,IPv6 only
144723,Other,IPv6 only
144724,Other,IPv6 only
144725,Other,IPv6 only
144726,Other,IPv6 only
144727,Other,IPv6 only
144728,Other,IPv6 only
144729,Other,IPv6 only
144730,Other,IPv6 only
144731,Other,IPv6 only
144732,Other,IPv6 only
144733,Other,IPv6 only
144734,Other,IPv6 only
144735,Other,IPv6 only
144736,Other,IPv6 only
144737,Other,IPv6 only
144738,Other,IPv6 only
144739,Other,IPv6 only
144740,Other,IPv6 only
144741,Other,IPv6 only
144742,Other,IPv6 only
144743,Other,IPv6 only
144744,Other,IPv6 only
144745,Other,IPv6 only
144746,Other,IPv6 only
144747,Other,IPv6 only
144748,Other,IPv6 only
144749,Other,IPv6 only
144750,Unknown,
144751,Other,IPv6 only
144752,Other,IPv6 only
144753,Other,IPv6 only
144754,Other,IPv6 only
144755,Other,IPv6 only
144756,Other,IPv6 only
144757,Other,IPv6 only
144758,Other,IPv6 only
144759,Other,IPv6 only
144760,Other,IPv6 only
144761,Other,IPv6 only
144762,Other,IPv6 only
144763,Other,IPv6 only
144764,Other,IPv6 only
144765,Other,IPv6 only
144766,Other,IPv6 only
144767,Other,IPv6 only
144768,Other,IPv6 only
144769,Other,IPv6 only
144770,Other,IPv6 only
144771,Other,IPv6 only
144772,Other,IPv6 only
144773,Other,IPv6 only
144774,Other,IPv6 only
144775,Other,IPv6 only
144776,Other,IPv6 only
144777,Other,IPv6 only
144778,Other,IPv6 only
144779,Other,IPv6 only
144780,Other,IPv6 only
144781,Other,IPv6 only
144782,Other,IPv6 only
144783,Other,IPv6 only
144784,Other,IPv6 only
144785,Other,IPv6 only
144786,Other,IPv6 only
144787,Other,IPv6 only
144788,Other,IPv6 only
144789,Other,IPv6 only
144790,Other,IPv6 only
144791,Other,IPv6 only
144792,Other,IPv6 only
144793,Other,IPv6 only
144794,Unknown,
144795,Other,IPv6 only
144796,Other,IPv6 only
144797,Other,IPv6 only
144798,Other,IPv6 only
144799,Other,IPv6 only
144800,Other,IPv6 only
144801,Other,IPv6 only
144802,Other,IPv6 only
144803,Other,IPv6 only
144804,Other,IPv6 only
144805,Other,IPv6 only
144806,Other,IPv6 only
144807,Other,IPv6 only
144808,Other,IPv6 only
144809,Other,IPv6 only
144810,Other,IPv6 only
144811,Other,IPv6 only
144812,Other,IPv6 only
144813,Other,IPv6 only
144814,Other,IPv6 only
144815,Other,IPv6 only
210352,Eyeball,Eyeball|Community Groups and Nonprofits|Personal ASN
144816,Unknown,
144817,Other,IPv6 only
144819,Other,IPv6 only
144818,Other,IPv6 only
144821,Other,IPv6 only
144820,Other,IPv6 only
144822,Other,IPv6 only
144823,Other,IPv6 only
210361,Content/CDN,"Hosting, Cloud Provider, Data Center, Server Colocation|Computer and Information Technology"
144826,Other,IPv6 only
144824,Other,IPv6 only
144825,Other,IPv6 only
144827,Other,IPv6 only
144830,Other,IPv6 only
144828,Other,IPv6 only
144829,Other,IPv6 only
144831,Other,IPv6 only
144832,Other,IPv6 only
144835,Other,IPv6 only
144833,Other,IPv6 only
144834,Other,IPv6 only
144836,Other,IPv6 only
144837,Other,IPv6 only
144838,Other,IPv6 only
144839,Other,IPv6 only
144840,Other,IPv6 only
144841,Other,IPv6 only
144842,Other,IPv6 only
144843,Other,IPv6 only
144844,Other,IPv6 only
144845,Other,IPv6 only
144846,Other,IPv6 only
144847,Other,IPv6 only
144849,Other,IPv6 only
144850,Other,IPv6 only
144851,Other,IPv6 only
144852,Other,IPv6 only
144853,Other,IPv6 only
144854,Other,IPv6 only
144855,Other,IPv6 only
144856,Other,IPv6 only
144858,Other,IPv6 only
144857,Other,IPv6 only
144859,Other,IPv6 only
144860,Other,IPv6 only
144861,Other,IPv6 only
144862,Other,IPv6 only
144863,Other,IPv6 only
144864,Other,IPv6 only
144866,Other,IPv6 only
144865,Other,IPv6 only
144867,Other,IPv6 only
144868,Other,IPv6 only
144869,Other,IPv6 only
144870,Other,IPv6 only
144872,Other,IPv6 only
144873,Other,IPv6 only
144874,Other,IPv6 only
144871,Other,IPv6 only
144876,Other,IPv6 only
144877,Other,IPv6 only
144878,Other,IPv6 only
144879,Other,IPv6 only
144880,Other,IPv6 only
144881,Other,IPv6 only
144882,Other,IPv6 only
144883,Other,IPv6 only
144884,Other,IPv6 only
144885,Other,IPv6 only
144886,Other,IPv6 only
144887,Other,IPv6 only
144888,Other,IPv6 only
144889,Other,IPv6 only
210426,Other,Personal ASN|Service|IPv6 only
144890,Other,IPv6 only
144892,Other,IPv6 only
144891,Other,IPv6 only
144893,Other,IPv6 only
144894,Other,IPv6 only
144895,Other,IPv6 only
144896,Other,IPv6 only
144897,Other,IPv6 only
144898,Other,IPv6 only
144899,Other,IPv6 only
144901,Other,IPv6 only
144900,Other,IPv6 only
144902,Other,IPv6 only
144903,Other,IPv6 only
144904,Other,IPv6 only
144905,Other,IPv6 only
144906,Other,IPv6 only
144908,Other,IPv6 only
144907,Other,IPv6 only
144909,Other,IPv6 only
144910,Other,IPv6 only
144912,Other,IPv6 only
144913,Other,IPv6 only
144911,Other,IPv6 only
144914,Other,IPv6 only
144915,Other,IPv6 only
144916,Other,IPv6 only
144918,Other,IPv6 only
144917,Other,IPv6 only
144919,Unknown,
144920,Other,IPv6 only
144922,Other,IPv6 only
144921,Other,IPv6 only
144923,Other,IPv6 only
144924,Other,IPv6 only
144926,Unknown,
144925,Other,IPv6 only
144927,Other,IPv6 only
144928,Other,IPv6 only
144929,Other,IPv6 only
144930,Other,IPv6 only
144931,Other,IPv6 only
144932,Other,IPv6 only
144933,Other,IPv6 only
144934,Other,IPv6 only
144935,Other,IPv6 only
144936,Other,IPv6 only
144937,Other,IPv6 only
144938,Other,IPv6 only
144939,Other,IPv6 only
144940,Other,IPv6 only
144941,Other,IPv6 only
144942,Other,IPv6 only
144943,Other,IPv6 only
144944,Other,IPv6 only
144945,Other,IPv6 only
144946,Other,IPv6 only
144947,Other,IPv6 only
144948,Other,IPv6 only
144949,Other,IPv6 only
144950,Other,IPv6 only
144952,Other,IPv6 only
144951,Other,IPv6 only
144953,Other,IPv6 only
144954,Other,IPv6 only
144955,Other,IPv6 only
144956,Other,IPv6 only
144957,Other,IPv6 only
144958,Other,IPv6 only
144959,Other,IPv6 only
144960,Other,IPv6 only
144961,Other,IPv6 only
144962,Other,IPv6 only
144963,Other,IPv6 only
144964,Other,IPv6 only
144965,Other,IPv6 only
144966,Other,IPv6 only
144968,Other,IPv6 only
144967,Other,IPv6 only
144969,Other,IPv6 only
144970,Other,IPv6 only
144971,Other,IPv6 only
144972,Other,IPv6 only
144974,Other,IPv6 only
144973,Other,IPv6 only
144975,Other,IPv6 only
144976,Other,IPv6 only
144977,Other,IPv6 only
144978,Other,IPv6 only
144980,Other,IPv6 only
144979,Other,IPv6 only
144982,Other,IPv6 only
144981,Other,IPv6 only
144983,Other,IPv6 only
144984,Other,IPv6 only
144985,Other,IPv6 only
144986,Other,IPv6 only
144987,Other,IPv6 only
144988,Other,IPv6 only
144989,Other,IPv6 only
144991,Other,IPv6 only
144990,Other,IPv6 only
144992,Other,IPv6 only
144993,Other,IPv6 only
144994,Other,IPv6 only
144995,Other,IPv6 only
144996,Other,IPv6 only
144997,Other,IPv6 only
144998,Other,IPv6 only
144999,Other,IPv6 only
145000,Other,IPv6 only
145002,Other,IPv6 only
145003,Other,IPv6 only
145001,Other,IPv6 only
145004,Other,IPv6 only
145005,Other,IPv6 only
145006,Other,IPv6 only
145007,Other,IPv6 only
145008,Other,IPv6 only
145009,Other,IPv6 only
145011,Other,IPv6 only
145012,Other,IPv6 only
145010,Other,IPv6 only
145013,Other,IPv6 only
145014,Other,IPv6 only
145015,Other,IPv6 only
145016,Other,IPv6 only
145017,Other,IPv6 only
145018,Other,IPv6 only
145019,Other,IPv6 only
145020,Other,IPv6 only
145021,Other,IPv6 only
145022,Other,IPv6 only
145023,Other,IPv6 only
145024,Other,IPv6 only
145025,Other,IPv6 only
145026,Unknown,
145028,Other,IPv6 only
145027,Other,IPv6 only
145029,Other,IPv6 only
145030,Other,IPv6 only
145031,Other,IPv6 only
145032,Other,IPv6 only
145033,Other,IPv6 only
145034,Other,IPv6 only
145035,Other,IPv6 only
145036,Other,IPv6 only
145037,Other,IPv6 only
145038,Other,IPv6 only
145039,Other,IPv6 only
145041,Other,IPv6 only
145040,Other,IPv6 only
145043,Other,IPv6 only
145042,Other,IPv6 only
145045,Other,IPv6 only
145046,Other,IPv6 only
145044,Other,IPv6 only
145048,Other,IPv6 only
145047,Other,IPv6 only
145050,Other,IPv6 only
145049,Other,IPv6 only
145052,Other,IPv6 only
145053,Other,IPv6 only
145051,Other,IPv6 only
145054,Other,IPv6 only
145055,Other,IPv6 only
145056,Other,IPv6 only
145057,Other,IPv6 only
145058,Other,IPv6 only
145059,Other,IPv6 only
145060,Other,IPv6 only
145061,Other,IPv6 only
145062,Other,IPv6 only
145064,Other,IPv6 only
145063,Other,IPv6 only
145066,Other,IPv6 only
145065,Unknown,
145067,Other,IPv6 only
145068,Other,IPv6 only
145069,Other,IPv6 only
145070,Other,IPv6 only
145071,Other,IPv6 only
145072,Other,IPv6 only
145073,Other,IPv6 only
145075,Other,IPv6 only
145074,Other,IPv6 only
145077,Other,IPv6 only
145076,Other,IPv6 only
145079,Other,IPv6 only
145078,Other,IPv6 only
145080,Other,IPv6 only
145081,Other,IPv6 only
145082,Other,IPv6 only
145084,Other,IPv6 only
145085,Other,IPv6 only
145083,Other,IPv6 only
145086,Other,IPv6 only
145087,Other,IPv6 only
145088,Other,IPv6 only
145090,Other,IPv6 only
145089,Other,IPv6 only
145091,Other,IPv6 only
145092,Other,IPv6 only
145093,Other,IPv6 only
145094,Other,IPv6 only
145095,Other,IPv6 only
145097,Other,IPv6 only
210634,Other,Software Development|Computer and Information Technology
145096,Other,IPv6 only
145098,Other,IPv6 only
145101,Other,IPv6 only
145099,Other,IPv6 only
145100,Other,IPv6 only
145102,Other,IPv6 only
145103,Other,IPv6 only
145104,Other,IPv6 only
145107,Other,IPv6 only
145105,Other,IPv6 only
145106,Other,IPv6 only
145108,Other,IPv6 only
145109,Other,IPv6 only
145110,Other,IPv6 only
145111,Other,IPv6 only
145114,Other,IPv6 only
145112,Other,IPv6 only
145113,Other,IPv6 only
145117,Other,IPv6 only
145115,Other,IPv6 only
145116,Other,IPv6 only
145118,Other,IPv6 only
145119,Other,IPv6 only
145120,Other,IPv6 only
145121,Other,IPv6 only
145122,Other,IPv6 only
145123,Other,IPv6 only
145124,Other,IPv6 only
145125,Other,IPv6 only
145126,Other,IPv6 only
145127,Other,IPv6 only
145128,Other,IPv6 only
145129,Other,IPv6 only
145130,Unknown,
145133,Other,IPv6 only
145131,Other,IPv6 only
145132,Other,IPv6 only
145134,Other,IPv6 only
145136,Other,IPv6 only
145137,Other,IPv6 only
145138,Other,IPv6 only
145140,Other,IPv6 only
145139,Unknown,
145135,Other,IPv6 only
145141,Other,IPv6 only
145144,Other,IPv6 only
145142,Other,IPv6 only
145143,Other,IPv6 only
145145,Other,IPv6 only
145146,Other,IPv6 only
145147,Other,IPv6 only
145148,Other,IPv6 only
145149,Other,IPv6 only
145150,Other,IPv6 only
145151,Unknown,
145152,Other,IPv6 only
145153,Other,IPv6 only
145154,Other,IPv6 only
145155,Other,IPv6 only
145158,Other,IPv6 only
145156,Other,IPv6 only
145157,Other,IPv6 only
145159,Other,IPv6 only
145160,Other,IPv6 only
145163,Other,IPv6 only
145161,Other,IPv6 only
145162,Other,IPv6 only
145164,Other,IPv6 only
145165,Other,IPv6 only
145166,Other,IPv6 only
145167,Other,IPv6 only
145168,Other,IPv6 only
145169,Other,IPv6 only
145172,Other,IPv6 only
145170,Other,IPv6 only
145171,Other,IPv6 only
145175,Other,IPv6 only
145173,Other,IPv6 only
145174,Other,IPv6 only
145176,Other,IPv6 only
145177,Other,IPv6 only
145180,Other,IPv6 only
145178,Other,IPv6 only
145179,Other,IPv6 only
145181,Other,IPv6 only
145182,Other,IPv6 only
145183,Other,IPv6 only
145186,Other,IPv6 only
145184,Other,IPv6 only
145185,Other,IPv6 only
145187,Other,IPv6 only
145188,Other,IPv6 only
145189,Other,IPv6 only
145190,Other,IPv6 only
145191,Other,IPv6 only
145192,Other,IPv6 only
145193,Other,IPv6 only
145194,Other,IPv6 only
145195,Other,IPv6 only
145198,Other,IPv6 only
145196,Other,IPv6 only
145197,Other,IPv6 only
145201,Other,IPv6 only
210738,Other,"IPv6 only|Software Development|Computer and Information Technology|Museums, Libraries, and Entertainment"
145202,Other,IPv6 only
145199,Other,IPv6 only
145200,Other,IPv6 only
145203,Other,IPv6 only
145204,Other,IPv6 only
145205,Other,IPv6 only
145206,Other,IPv6 only
145207,Other,IPv6 only
145211,Other,IPv6 only
145208,Other,IPv6 only
145209,Other,IPv6 only
145210,Other,IPv6 only
145212,Other,IPv6 only
145213,Other,IPv6 only
145214,Other,IPv6 only
145215,Other,IPv6 only
145216,Other,IPv6 only
145217,Other,IPv6 only
145221,Other,IPv6 only
145218,Other,IPv6 only
145223,Other,IPv6 only
145219,Other,IPv6 only
145220,Other,IPv6 only
145222,Other,IPv6 only
145225,Other,IPv6 only
145226,Other,IPv6 only
145227,Other,IPv6 only
145229,Other,IPv6 only
145228,Other,IPv6 only
145231,Other,IPv6 only
145233,Other,IPv6 only
145232,Other,IPv6 only
145234,Other,IPv6 only
145236,Other,IPv6 only
210773,Other,Automotive and Transportation|Manufacturing|IPv6 only
145235,Other,IPv6 only
145230,Other,IPv6 only
145237,Other,IPv6 only
145238,Other,IPv6 only
145239,Other,IPv6 only
145240,Other,IPv6 only
145244,Other,IPv6 only
145245,Other,IPv6 only
145241,Other,IPv6 only
145242,Other,IPv6 only
145243,Other,IPv6 only
145246,Other,IPv6 only
145247,Other,IPv6 only
145248,Other,IPv6 only
145249,Other,IPv6 only
145250,Other,IPv6 only
145251,Other,IPv6 only
145252,Other,IPv6 only
145253,Other,IPv6 only
145254,Other,IPv6 only
145255,Other,IPv6 only
145256,Other,IPv6 only
145257,Other,IPv6 only
145258,Other,IPv6 only
145259,Other,IPv6 only
145260,Other,IPv6 only
145261,Other,IPv6 only
145262,Other,IPv6 only
145266,Other,IPv6 only
145263,Other,IPv6 only
145264,Other,IPv6 only
145269,Other,IPv6 only
145265,Other,IPv6 only
145271,Other,IPv6 only
145272,Other,IPv6 only
145273,Other,IPv6 only
145267,Other,IPv6 only
145275,Other,IPv6 only
145268,Other,IPv6 only
145270,Other,IPv6 only
145274,Other,IPv6 only
145276,Unknown,
145277,Other,IPv6 only
145278,Other,IPv6 only
145279,Other,IPv6 only
145280,Other,IPv6 only
145281,Other,IPv6 only
145282,Other,IPv6 only
145283,Other,IPv6 only
145284,Other,IPv6 only
145285,Other,IPv6 only
145286,Other,IPv6 only
145287,Other,IPv6 only
145288,Other,IPv6 only
145289,Other,IPv6 only
145293,Other,IPv6 only
145290,Other,IPv6 only
145291,Other,IPv6 only
145292,Other,IPv6 only
145294,Other,IPv6 only
145295,Other,IPv6 only
145296,Other,IPv6 only
145300,Other,IPv6 only
145297,Other,IPv6 only
145298,Other,IPv6 only
145303,Other,IPv6 only
145299,Other,IPv6 only
145305,Other,IPv6 only
145301,Other,IPv6 only
145307,Other,IPv6 only
145302,Other,IPv6 only
145304,Other,IPv6 only
145306,Other,IPv6 only
145308,Other,IPv6 only
145309,Other,IPv6 only
145310,Other,IPv6 only
145311,Other,IPv6 only
145312,Other,IPv6 only
145313,Other,IPv6 only
145314,Other,IPv6 only
145315,Other,IPv6 only
145319,Other,IPv6 only
145316,Other,IPv6 only
145317,Other,IPv6 only
145318,Other,IPv6 only
145320,Other,IPv6 only
145324,Other,IPv6 only
145321,Other,IPv6 only
145322,Other,IPv6 only
145323,Other,IPv6 only
145325,Other,IPv6 only
145326,Other,IPv6 only
145327,Other,IPv6 only
145331,Other,IPv6 only
145328,Other,IPv6 only
145329,Other,IPv6 only
145330,Other,IPv6 only
145335,Other,IPv6 only
145332,Other,IPv6 only
145337,Other,IPv6 only
145333,Other,IPv6 only
145334,Other,IPv6 only
145340,Other,IPv6 only
145336,Other,IPv6 only
145338,Other,IPv6 only
145339,Other,IPv6 only
145341,Other,IPv6 only
145342,Other,IPv6 only
145346,Unknown,
145343,Other,IPv6 only
145344,Other,IPv6 only
145349,Other,IPv6 only
145345,Other,IPv6 only
145347,Other,IPv6 only
145348,Other,IPv6 only
145350,Other,IPv6 only
145351,Other,IPv6 only
145352,Other,IPv6 only
145353,Unknown,
145354,Other,IPv6 only
145355,Other,IPv6 only
145356,Other,IPv6 only
145357,Other,IPv6 only
145358,Other,IPv6 only
145359,Other,IPv6 only
145360,Other,IPv6 only
145361,Other,IPv6 only
145362,Other,IPv6 only
145363,Other,IPv6 only
210903,ISP,"IPv6 only|Law, Business, and Consulting Services|Computer and Information Technology|Internet Service Provider (ISP)"
145367,Other,IPv6 only
145364,Other,IPv6 only
145370,Other,IPv6 only
145365,Other,IPv6 only
145372,Other,IPv6 only
145366,Other,IPv6 only
145368,Other,IPv6 only
145369,Other,IPv6 only
145371,Other,IPv6 only
145377,Other,IPv6 only
145378,Other,IPv6 only
145373,Other,IPv6 only
145374,Other,IPv6 only
145375,Other,IPv6 only
145376,Other,IPv6 only
145379,Other,IPv6 only
145384,Other,IPv6 only
145380,Other,IPv6 only
145381,Other,IPv6 only
145382,Other,IPv6 only
145383,Other,IPv6 only
145385,Other,IPv6 only
145386,Other,IPv6 only
145391,Other,IPv6 only
145387,Other,IPv6 only
145388,Other,IPv6 only
145389,Unknown,
145390,Other,IPv6 only
145392,Other,IPv6 only
145397,Other,IPv6 only
145393,Other,IPv6 only
145394,Other,IPv6 only
145395,Other,IPv6 only
145396,Other,IPv6 only
145398,Other,IPv6 only
145399,Other,IPv6 only
145404,Other,IPv6 only
145400,Other,IPv6 only
145401,Other,IPv6 only
145402,Other,IPv6 only
145403,Other,IPv6 only
145405,Other,IPv6 only
145406,Other,IPv6 only
145407,Other,IPv6 only
145408,Other,IPv6 only
145409,Other,IPv6 only
145410,Other,IPv6 only
145411,Other,IPv6 only
145412,Other,IPv6 only
145413,Other,IPv6 only
145414,Other,IPv6 only
145415,Other,IPv6 only
145416,Other,IPv6 only
145417,Other,IPv6 only
145418,Other,IPv6 only
145419,Other,IPv6 only
145420,Other,IPv6 only
145421,Other,IPv6 only
145422,Other,IPv6 only
145423,Other,IPv6 only
145424,Other,IPv6 only
145425,Other,IPv6 only
145430,Other,IPv6 only
145431,Other,IPv6 only
145432,Other,IPv6 only
145433,Other,IPv6 only
145426,Other,IPv6 only
145427,Other,IPv6 only
145436,Other,IPv6 only
145428,Other,IPv6 only
145429,Other,IPv6 only
145434,Other,IPv6 only
145435,Other,IPv6 only
145441,Other,IPv6 only
145437,Other,IPv6 only
145438,Other,IPv6 only
145439,Other,IPv6 only
145440,Other,IPv6 only
145442,Other,IPv6 only
145447,Other,IPv6 only
145443,Other,IPv6 only
145444,Other,IPv6 only
145445,Other,IPv6 only
145451,Other,IPv6 only
145446,Other,IPv6 only
145448,Other,IPv6 only
145449,Other,IPv6 only
145455,Other,IPv6 only
145456,Other,IPv6 only
145450,Other,IPv6 only
145452,Other,IPv6 only
145453,Other,IPv6 only
145454,Other,IPv6 only
145457,Other,IPv6 only
145458,Other,IPv6 only
145459,Other,IPv6 only
145460,Other,IPv6 only
145461,Other,IPv6 only
145462,Other,IPv6 only
145467,Other,IPv6 only
145463,Other,IPv6 only
145464,Other,IPv6 only
145465,Other,IPv6 only
145466,Other,IPv6 only
145468,Other,IPv6 only
145473,Other,IPv6 only
145469,Other,IPv6 only
145470,Other,IPv6 only
145471,Other,IPv6 only
145472,Other,IPv6 only
145474,Other,IPv6 only
145475,Other,IPv6 only
145480,Other,IPv6 only
145476,Other,IPv6 only
145477,Other,IPv6 only
145478,Other,IPv6 only
145479,Other,IPv6 only
145481,Other,IPv6 only
145482,Other,IPv6 only
145483,Other,IPv6 only
145484,Other,IPv6 only
145485,Other,IPv6 only
145486,Other,IPv6 only
145487,Other,IPv6 only
145488,Other,IPv6 only
145489,Other,IPv6 only
145491,Other,IPv6 only
145492,Other,IPv6 only
145493,Other,IPv6 only
145490,Other,IPv6 only
145498,Other,IPv6 only
145499,Other,IPv6 only
145500,Other,IPv6 only
145495,Other,IPv6 only
145496,Other,IPv6 only
145503,Other,IPv6 only
145497,Other,IPv6 only
145501,Other,IPv6 only
145502,Other,IPv6 only
145507,Other,IPv6 only
145504,Other,IPv6 only
145505,Other,IPv6 only
145506,Other,IPv6 only
145508,Other,IPv6 only
145509,Other,IPv6 only
145510,Other,IPv6 only
145511,Other,IPv6 only
211051,Unknown,
145512,Other,IPv6 only
145513,Other,IPv6 only
145514,Other,IPv6 only
145515,Other,IPv6 only
145516,Other,IPv6 only
145521,Other,IPv6 only
145517,Other,IPv6 only
145518,Other,IPv6 only
145519,Other,IPv6 only
145525,Other,IPv6 only
145520,Other,IPv6 only
145522,Other,IPv6 only
145523,Other,IPv6 only
145529,Other,IPv6 only
145524,Other,IPv6 only
145531,Other,IPv6 only
145526,Other,IPv6 only
145527,Other,IPv6 only
145528,Other,IPv6 only
145530,Other,IPv6 only
145532,Other,IPv6 only
145533,Other,IPv6 only
145534,Other,IPv6 only
145535,Other,IPv6 only
145536,Other,IPv6 only
145537,Other,IPv6 only
145538,Other,IPv6 only
145539,Other,IPv6 only
145540,Other,IPv6 only
145541,Other,IPv6 only
145546,Other,IPv6 only
145547,Other,IPv6 only
145542,Other,IPv6 only
145543,Other,IPv6 only
145544,Other,IPv6 only
145551,Other,IPv6 only
145545,Other,IPv6 only
145553,Other,IPv6 only
145554,Other,IPv6 only
145548,Other,IPv6 only
145549,Other,IPv6 only
145550,Other,IPv6 only
145552,Other,IPv6 only
145555,Other,IPv6 only
145556,Other,IPv6 only
145557,Other,IPv6 only
145562,Other,IPv6 only
145558,Other,IPv6 only
145559,Other,IPv6 only
145560,Other,IPv6 only
145561,Other,IPv6 only
145563,Other,IPv6 only
145564,Other,IPv6 only
145565,Other,IPv6 only
145570,Other,IPv6 only
145566,Other,IPv6 only
145572,Other,IPv6 only
145573,Other,IPv6 only
145567,Other,IPv6 only
145568,Other,IPv6 only
145569,Other,IPv6 only
145571,Other,IPv6 only
145574,Other,IPv6 only
145575,Other,IPv6 only
145580,Unknown,
145576,Other,IPv6 only
145577,Other,IPv6 only
145583,Other,IPv6 only
145578,Other,IPv6 only
145579,Other,IPv6 only
145581,Other,IPv6 only
145582,Other,IPv6 only
145584,Other,IPv6 only
145585,Other,IPv6 only
145590,Other,IPv6 only
145586,Other,IPv6 only
145587,Other,IPv6 only
145588,Other,IPv6 only
145594,Other,IPv6 only
145589,Other,IPv6 only
145591,Other,IPv6 only
145592,Other,IPv6 only
145593,Other,IPv6 only
145595,Other,IPv6 only
145596,Other,IPv6 only
145597,Other,IPv6 only
145598,Other,IPv6 only
145599,Other,IPv6 only
145604,Other,IPv6 only
145600,Other,IPv6 only
145606,Other,IPv6 only
145601,Other,IPv6 only
145608,Other,IPv6 only
145602,Other,IPv6 only
145603,Other,IPv6 only
145605,Other,IPv6 only
145607,Other,IPv6 only
145613,Other,IPv6 only
145609,Other,IPv6 only
145615,Other,IPv6 only
145616,Other,IPv6 only
145617,Other,IPv6 only
145610,Other,IPv6 only
145611,Other,IPv6 only
145612,Other,IPv6 only
145614,Other,IPv6 only
211158,ISP,"Internet Service Provider (ISP)|Computer and Information Technology|Service|Law, Business, and Consulting Services"
145618,Other,IPv6 only
145619,Other,IPv6 only
145620,Other,IPv6 only
145621,Other,IPv6 only
145622,Other,IPv6 only
145628,Other,IPv6 only
145623,Other,IPv6 only
145624,Other,IPv6 only
145625,Other,IPv6 only
145626,Other,IPv6 only
145627,Other,IPv6 only
145629,Other,IPv6 only
145630,Other,IPv6 only
145631,Other,IPv6 only
145632,Other,IPv6 only
145633,Other,IPv6 only
145639,Other,IPv6 only
211176,Unknown,
145634,Other,IPv6 only
145635,Other,IPv6 only
145636,Other,IPv6 only
145637,Other,IPv6 only
145638,Other,IPv6 only
145640,Other,IPv6 only
145641,Other,IPv6 only
145642,Other,IPv6 only
145649,Other,IPv6 only
145643,Other,IPv6 only
145644,Other,IPv6 only
145646,Other,IPv6 only
145647,Other,IPv6 only
145648,Other,IPv6 only
145650,Other,IPv6 only
145651,Other,IPv6 only
145652,Other,IPv6 only
145658,Other,IPv6 only
145653,Other,IPv6 only
145654,Other,IPv6 only
145655,Other,IPv6 only
145656,Other,IPv6 only
145657,Other,IPv6 only
145659,Other,IPv6 only
145660,Other,IPv6 only
145661,Other,IPv6 only
145662,Other,IPv6 only
145668,Other,IPv6 only
145663,Other,IPv6 only
145664,Other,IPv6 only
145665,Other,IPv6 only
145666,Other,IPv6 only
145667,Other,IPv6 only
145669,Other,IPv6 only
145670,Other,IPv6 only
145671,Other,IPv6 only
145672,Other,IPv6 only
145673,Other,IPv6 only
145674,Other,IPv6 only
145675,Other,IPv6 only
145676,Other,IPv6 only
145677,Other,IPv6 only
145678,Other,IPv6 only
145679,Other,IPv6 only
145680,Other,IPv6 only
145681,Other,IPv6 only
145682,Unknown,
145688,Other,IPv6 only
145683,Other,IPv6 only
145690,Other,IPv6 only
145684,Other,IPv6 only
145685,Other,IPv6 only
145686,Other,IPv6 only
145687,Other,IPv6 only
145689,Other,IPv6 only
145691,Other,IPv6 only
145697,Other,IPv6 only
145698,Other,IPv6 only
145699,Other,IPv6 only
145700,Other,IPv6 only
145692,Other,IPv6 only
145693,Other,IPv6 only
145694,Other,IPv6 only
145695,Other,IPv6 only
145696,Other,IPv6 only
145701,Other,IPv6 only
145702,Other,IPv6 only
145703,Other,IPv6 only
145704,Other,IPv6 only
145705,Other,IPv6 only
145706,Other,IPv6 only
145707,Other,IPv6 only
145708,Other,IPv6 only
145714,Other,IPv6 only
145709,Other,IPv6 only
145710,Other,IPv6 only
145711,Other,IPv6 only
145712,Other,IPv6 only
145713,Other,IPv6 only
145715,Other,IPv6 only
145716,Other,IPv6 only
145717,Other,IPv6 only
145723,Other,IPv6 only
145718,Other,IPv6 only
145719,Other,IPv6 only
145720,Other,IPv6 only
145721,Other,IPv6 only
145722,Unknown,
211265,Content/CDN,"Computer and Information Technology|Hosting, Cloud Provider, Data Center, Server Colocation"
145724,Other,IPv6 only
145725,Other,IPv6 only
145726,Other,IPv6 only
145733,Other,IPv6 only
145727,Other,IPv6 only
145728,Other,IPv6 only
145729,Other,IPv6 only
145737,Other,IPv6 only
145731,Other,IPv6 only
145739,Other,IPv6 only
145732,Other,IPv6 only
145735,Other,IPv6 only
145736,Other,IPv6 only
145743,Other,IPv6 only
145744,Other,IPv6 only
145738,Other,IPv6 only
145740,Other,IPv6 only
145741,Other,IPv6 only
145748,Other,IPv6 only
145742,Other,IPv6 only
145745,Other,IPv6 only
145751,Other,IPv6 only
145752,Other,IPv6 only
145746,Other,IPv6 only
145747,Other,IPv6 only
145749,Other,IPv6 only
145750,Other,IPv6 only
145753,Other,IPv6 only
145754,Other,IPv6 only
145755,Other,IPv6 only
145756,Other,IPv6 only
145757,Other,IPv6 only
145758,Other,IPv6 only
145759,Other,IPv6 only
145760,Other,IPv6 only
145761,Other,IPv6 only
145762,Other,IPv6 only
145763,Other,IPv6 only
145764,Other,IPv6 only
145765,Other,IPv6 only
145766,Other,IPv6 only
145767,Other,IPv6 only
145772,Other,IPv6 only
145768,Other,IPv6 only
145769,Other,IPv6 only
145770,Other,IPv6 only
145771,Other,IPv6 only
145773,Other,IPv6 only
145774,Other,IPv6 only
145775,Other,IPv6 only
145780,Other,IPv6 only
145776,Other,IPv6 only
145777,Other,IPv6 only
145778,Other,IPv6 only
145779,Other,IPv6 only
145781,Other,IPv6 only
145786,Other,IPv6 only
145782,Other,IPv6 only
145783,Other,IPv6 only
145784,Other,IPv6 only
145785,Other,IPv6 only
145787,Unknown,
145788,Other,IPv6 only
145789,Unknown,
145790,Other,IPv6 only
145791,Other,IPv6 only
145792,Other,IPv6 only
145797,Other,IPv6 only
145798,Other,IPv6 only
145793,Other,IPv6 only
145794,Other,IPv6 only
145795,Other,IPv6 only
145796,Other,IPv6 only
145799,Other,IPv6 only
145800,Other,IPv6 only
145801,Other,IPv6 only
145806,Other,IPv6 only
145802,Other,IPv6 only
145803,Other,IPv6 only
145804,Other,IPv6 only
145810,Other,IPv6 only
145805,Other,IPv6 only
145807,Other,IPv6 only
145813,Other,IPv6 only
145808,Other,IPv6 only
145809,Other,IPv6 only
145811,Other,IPv6 only
145812,Other,IPv6 only
145814,Other,IPv6 only
145815,Other,IPv6 only
145816,Other,IPv6 only
145817,Other,IPv6 only
145822,Other,IPv6 only
145818,Other,IPv6 only
145824,Other,IPv6 only
145819,Other,IPv6 only
145826,Other,IPv6 only
145820,Other,IPv6 only
145821,Other,IPv6 only
145823,Other,IPv6 only
145825,Other,IPv6 only
145827,Other,IPv6 only
145828,Other,IPv6 only
145833,Other,IPv6 only
145829,Other,IPv6 only
145830,Other,IPv6 only
145831,Other,IPv6 only
145832,Other,IPv6 only
145834,Other,IPv6 only
145839,Other,IPv6 only
145835,Other,IPv6 only
145836,Other,IPv6 only
145837,Other,IPv6 only
145838,Other,IPv6 only
145844,Other,IPv6 only
145840,Other,IPv6 only
145841,Other,IPv6 only
145842,Other,IPv6 only
145843,Other,IPv6 only
145845,Other,IPv6 only
145846,Other,IPv6 only
145851,Other,IPv6 only
145847,Other,IPv6 only
145848,Other,IPv6 only
145849,Other,IPv6 only
145850,Other,IPv6 only
145852,Other,IPv6 only
145853,Other,IPv6 only
145854,Other,IPv6 only
145855,Other,IPv6 only
145856,Other,IPv6 only
145857,Other,IPv6 only
145858,Other,IPv6 only
145863,Other,IPv6 only
145859,Other,IPv6 only
145860,Other,IPv6 only
145861,Other,IPv6 only
145862,Other,IPv6 only
145864,Other,IPv6 only
145869,Other,IPv6 only
145865,Other,IPv6 only
145866,Other,IPv6 only
145867,Other,IPv6 only
145868,Unknown,
145870,Other,IPv6 only
145871,Other,IPv6 only
145872,Other,IPv6 only
145877,Other,IPv6 only
145873,Other,IPv6 only
145879,Other,IPv6 only
145874,Other,IPv6 only
145875,Other,IPv6 only
145876,Other,IPv6 only
145878,Other,IPv6 only
145880,Other,IPv6 only
145881,Other,IPv6 only
145882,Other,IPv6 only
145883,Other,IPv6 only
145884,Other,IPv6 only
145889,Other,IPv6 only
145885,Other,IPv6 only
145886,Other,IPv6 only
145892,Other,IPv6 only
145887,Other,IPv6 only
145888,Other,IPv6 only
145890,Other,IPv6 only
145891,Other,IPv6 only
145893,Other,IPv6 only
145894,Other,IPv6 only
145895,Other,IPv6 only
145896,Other,IPv6 only
145897,Other,IPv6 only
145898,Other,IPv6 only
145899,Other,IPv6 only
145900,Other,IPv6 only
145901,Other,IPv6 only
145902,Other,IPv6 only
145903,Other,IPv6 only
145908,Unknown,
145904,Other,IPv6 only
145905,Other,IPv6 only
145906,Other,IPv6 only
145907,Other,IPv6 only
145909,Other,IPv6 only
145910,Other,IPv6 only
145911,Other,IPv6 only
145912,Other,IPv6 only
145913,Other,IPv6 only
145918,Other,IPv6 only
145919,Other,IPv6 only
145914,Other,IPv6 only
145915,Other,IPv6 only
145916,Other,IPv6 only
145917,Other,IPv6 only
145920,Other,IPv6 only
145921,Other,IPv6 only
145922,Other,IPv6 only
145923,Other,IPv6 only
145924,Unknown,
145925,Other,IPv6 only
145926,Other,IPv6 only
145927,Other,IPv6 only
145928,Other,IPv6 only
145929,Other,IPv6 only
145930,Other,IPv6 only
145932,Other,IPv6 only
145933,Other,IPv6 only
145934,Other,IPv6 only
145931,Other,IPv6 only
145936,Other,IPv6 only
145937,Other,IPv6 only
145938,Other,IPv6 only
145939,Other,IPv6 only
145940,Other,IPv6 only
145944,Other,IPv6 only
145945,Other,IPv6 only
145942,Other,IPv6 only
145943,Other,IPv6 only
145941,Other,IPv6 only
145946,Other,IPv6 only
145947,Other,IPv6 only
145948,Other,IPv6 only
145949,Other,IPv6 only
145950,Other,IPv6 only
145951,Other,IPv6 only
145952,Other,IPv6 only
145953,Other,IPv6 only
145954,Other,IPv6 only
145955,Other,IPv6 only
145959,Other,IPv6 only
145956,Other,IPv6 only
145957,Other,IPv6 only
145958,Other,IPv6 only
145960,Other,IPv6 only
145961,Other,IPv6 only
145962,Other,IPv6 only
145963,Other,IPv6 only
145964,Other,IPv6 only
145968,Other,IPv6 only
145969,Other,IPv6 only
145965,Other,IPv6 only
145966,Other,IPv6 only
145972,Other,IPv6 only
145967,Other,IPv6 only
145970,Other,IPv6 only
145971,Other,IPv6 only
145973,Other,IPv6 only
145977,Other,IPv6 only
145974,Other,IPv6 only
145975,Other,IPv6 only
145976,Other,IPv6 only
145981,Other,IPv6 only
145978,Other,IPv6 only
145979,Other,IPv6 only
145980,Other,IPv6 only
145985,Other,IPv6 only
145986,Other,IPv6 only
145982,Other,IPv6 only
145983,Other,IPv6 only
145984,Other,IPv6 only
145987,Other,IPv6 only
145988,Other,IPv6 only
145989,Other,IPv6 only
145990,Other,IPv6 only
145994,Other,IPv6 only
145991,Other,IPv6 only
145996,Other,IPv6 only
145997,Other,IPv6 only
145992,Other,IPv6 only
145993,Other,IPv6 only
145995,Other,IPv6 only
146001,Other,IPv6 only
145998,Other,IPv6 only
146003,Other,IPv6 only
145999,Other,IPv6 only
146005,Other,IPv6 only
146000,Other,IPv6 only
146002,Other,IPv6 only
146004,Other,IPv6 only
146009,Other,IPv6 only
146006,Other,IPv6 only
146007,Other,IPv6 only
146008,Other,IPv6 only
146010,Other,IPv6 only
146011,Other,IPv6 only
146012,Other,IPv6 only
146013,Other,IPv6 only
146014,Other,IPv6 only
146015,Other,IPv6 only
146016,Other,IPv6 only
146017,Other,IPv6 only
146018,Other,IPv6 only
146019,Other,IPv6 only
146020,Other,IPv6 only
146024,Other,IPv6 only
146025,Unknown,
146021,Other,IPv6 only
146022,Other,IPv6 only
146023,Other,IPv6 only
146026,Other,IPv6 only
146027,Other,IPv6 only
146031,Other,IPv6 only
146028,Other,IPv6 only
146029,Other,IPv6 only
146030,Other,IPv6 only
146035,Other,IPv6 only
146032,Other,IPv6 only
146033,Other,IPv6 only
146038,Other,IPv6 only
211575,Eyeball,Eyeball|Computer and Information Technology|Anycast|Tor services
146039,Other,IPv6 only
146034,Other,IPv6 only
146036,Other,IPv6 only
146037,Other,IPv6 only
146040,Other,IPv6 only
146041,Other,IPv6 only
146042,Other,IPv6 only
146043,Other,IPv6 only
146044,Other,IPv6 only
146045,Other,IPv6 only
146050,Other,IPv6 only
146046,Other,IPv6 only
146052,Other,IPv6 only
146053,Other,IPv6 only
146047,Other,IPv6 only
146048,Other,IPv6 only
146049,Other,IPv6 only
146057,Other,IPv6 only
146051,Other,IPv6 only
146054,Other,IPv6 only
146055,Other,IPv6 only
146056,Other,IPv6 only
146058,Other,IPv6 only
146059,Other,IPv6 only
146060,Other,IPv6 only
146061,Other,IPv6 only
146062,Other,IPv6 only
146063,Other,IPv6 only
146064,Other,IPv6 only
146065,Other,IPv6 only
146066,Other,IPv6 only
146067,Other,IPv6 only
146068,Other,IPv6 only
146069,Other,IPv6 only
211610,ISP,Not Validating RPKI ROV|Internet Service Provider (ISP)|Computer and Information Technology|Service
146070,Other,IPv6 only
146071,Other,IPv6 only
146072,Other,IPv6 only
146073,Other,IPv6 only
146074,Other,IPv6 only
146080,Other,IPv6 only
146075,Other,IPv6 only
146082,Other,IPv6 only
146076,Other,IPv6 only
146077,Other,IPv6 only
146078,Other,IPv6 only
146079,Other,IPv6 only
146081,Other,IPv6 only
146088,Other,IPv6 only
146083,Other,IPv6 only
146084,Other,IPv6 only
146085,Other,IPv6 only
146086,Other,IPv6 only
146087,Other,IPv6 only
146089,Other,IPv6 only
146090,Other,IPv6 only
146091,Other,IPv6 only
146092,Other,IPv6 only
146093,Other,IPv6 only
146094,Other,IPv6 only
146095,Other,IPv6 only
146096,Other,IPv6 only
146097,Other,IPv6 only
146098,Other,IPv6 only
146099,Other,IPv6 only
146100,Other,IPv6 only
146101,Other,IPv6 only
146102,Other,IPv6 only
146103,Other,IPv6 only
146104,Other,IPv6 only
146106,Other,IPv6 only
146107,Other,IPv6 only
146108,Other,IPv6 only
146109,Other,IPv6 only
146114,Other,IPv6 only
146115,Other,IPv6 only
146111,Other,IPv6 only
146112,Other,IPv6 only
146113,Other,IPv6 only
146110,Other,IPv6 only
146116,Other,IPv6 only
146117,Other,IPv6 only
146118,Other,IPv6 only
146119,Other,IPv6 only
146120,Other,IPv6 only
146121,Other,IPv6 only
146122,Other,IPv6 only
146127,Other,IPv6 only
146123,Other,IPv6 only
146124,Other,IPv6 only
146125,Other,IPv6 only
146126,Other,IPv6 only
146128,Other,IPv6 only
146129,Other,IPv6 only
146130,Other,IPv6 only
146131,Other,IPv6 only
146132,Other,IPv6 only
146133,Unknown,
146134,Other,IPv6 only
146139,Other,IPv6 only
146135,Other,IPv6 only
146136,Other,IPv6 only
146137,Other,IPv6 only
211679,Other,Computer and Information Technology|Service
146138,Other,IPv6 only
146140,Other,IPv6 only
146141,Other,IPv6 only
146142,Other,IPv6 only
146143,Other,IPv6 only
146144,Other,IPv6 only
146145,Other,IPv6 only
146146,Other,IPv6 only
146147,Other,IPv6 only
146148,Other,IPv6 only
146149,Other,IPv6 only
146150,Other,IPv6 only
146151,Other,IPv6 only
146152,Other,IPv6 only
146158,Other,IPv6 only
146153,Other,IPv6 only
146154,Other,IPv6 only
146155,Other,IPv6 only
146156,Other,IPv6 only
146157,Other,IPv6 only
146159,Other,IPv6 only
146160,Other,IPv6 only
146161,Other,IPv6 only
146162,Other,IPv6 only
146163,Other,IPv6 only
146169,Other,IPv6 only
146164,Other,IPv6 only
146165,Other,IPv6 only
146172,Other,IPv6 only
146166,Other,IPv6 only
146174,Other,IPv6 only
146175,Other,IPv6 only
146167,Other,IPv6 only
146168,Other,IPv6 only
146170,Other,IPv6 only
146171,Other,IPv6 only
146173,Other,IPv6 only
146176,Other,IPv6 only
146182,Unknown,
146177,Other,IPv6 only
146184,Other,IPv6 only
211721,Content/CDN,"Hosting, Cloud Provider, Data Center, Server Colocation|Computer and Information Technology|IPv6 only"
146178,Other,IPv6 only
146179,Other,IPv6 only
146180,Other,IPv6 only
146181,Other,IPv6 only
146183,Other,IPv6 only
146185,Other,IPv6 only
146186,Other,IPv6 only
211729,Other,Personal ASN
146187,Other,IPv6 only
146188,Other,IPv6 only
146189,Other,IPv6 only
146190,Other,IPv6 only
146191,Other,IPv6 only
146192,Other,IPv6 only
146193,Other,IPv6 only
146194,Other,IPv6 only
146195,Other,IPv6 only
146197,Other,IPv6 only
146198,Other,IPv6 only
146199,Other,IPv6 only
146200,Other,IPv6 only
146201,Other,IPv6 only
146208,Other,IPv6 only
146202,Other,IPv6 only
146204,Other,IPv6 only
146205,Other,IPv6 only
146206,Other,IPv6 only
146207,Other,IPv6 only
146209,Other,IPv6 only
146210,Other,IPv6 only
146211,Other,IPv6 only
146212,Other,IPv6 only
146213,Other,IPv6 only
146214,Other,IPv6 only
146220,Other,IPv6 only
146221,Other,IPv6 only
146222,Other,IPv6 only
146215,Other,IPv6 only
146216,Other,IPv6 only
146217,Other,IPv6 only
146218,Other,IPv6 only
146219,Other,IPv6 only
146223,Other,IPv6 only
146224,Other,IPv6 only
146225,Other,IPv6 only
146226,Other,IPv6 only
146232,Other,IPv6 only
146227,Other,IPv6 only
146228,Other,IPv6 only
146229,Other,IPv6 only
146230,Other,IPv6 only
146231,Other,IPv6 only
146233,Other,IPv6 only
146234,Other,IPv6 only
146235,Other,IPv6 only
146236,Other,IPv6 only
146242,Other,IPv6 only
146243,Other,IPv6 only
146237,Other,IPv6 only
146238,Other,IPv6 only
146239,Other,IPv6 only
146240,Other,IPv6 only
146241,Other,IPv6 only
146244,Other,IPv6 only
146245,Other,IPv6 only
146246,Other,IPv6 only
146247,Other,IPv6 only
146253,Other,IPv6 only
146254,Other,IPv6 only
146248,Other,IPv6 only
146249,Other,IPv6 only
146250,Other,IPv6 only
146251,Other,IPv6 only
146252,Other,IPv6 only
146255,Other,IPv6 only
146256,Other,IPv6 only
146257,Other,IPv6 only
146258,Other,IPv6 only
146259,Other,IPv6 only
146260,Other,IPv6 only
146261,Other,IPv6 only
146262,Other,IPv6 only
146263,Other,IPv6 only
146269,Other,IPv6 only
146264,Other,IPv6 only
146271,Other,IPv6 only
146265,Other,IPv6 only
146266,Other,IPv6 only
146268,Other,IPv6 only
146267,Other,IPv6 only
146270,Other,IPv6 only
146272,Other,IPv6 only
146278,Other,IPv6 only
146273,Other,IPv6 only
146274,Other,IPv6 only
146275,Other,IPv6 only
146276,Other,IPv6 only
146277,Other,IPv6 only
146279,Other,IPv6 only
146280,Other,IPv6 only
146281,Other,IPv6 only
146282,Other,IPv6 only
146283,Other,IPv6 only
146289,Other,IPv6 only
146284,Other,IPv6 only
146285,Unknown,
146286,Other,IPv6 only
146287,Other,IPv6 only
146288,Other,IPv6 only
146290,Other,IPv6 only
146291,Other,IPv6 only
146292,Other,IPv6 only
146293,Other,IPv6 only
146299,Other,IPv6 only
146294,Other,IPv6 only
146301,Other,IPv6 only
146295,Other,IPv6 only
146296,Other,IPv6 only
146297,Other,IPv6 only
146298,Other,IPv6 only
146300,Other,IPv6 only
211843,Other,"Retail Stores, Wholesale, and E-commerce Sites|Not Validating RPKI ROV"
146302,Other,IPv6 only
146303,Other,IPv6 only
146304,Other,IPv6 only
146305,Other,IPv6 only
146306,Other,IPv6 only
146307,Other,IPv6 only
146308,Other,IPv6 only
146309,Other,IPv6 only
146310,Other,IPv6 only
146311,Other,IPv6 only
146312,Other,IPv6 only
146313,Other,IPv6 only
146314,Other,IPv6 only
146315,Other,IPv6 only
146316,Other,IPv6 only
146323,Other,IPv6 only
146317,Other,IPv6 only
146325,Other,IPv6 only
146318,Other,IPv6 only
146327,Other,IPv6 only
146319,Other,IPv6 only
146320,Other,IPv6 only
146321,Other,IPv6 only
146331,Other,IPv6 only
146324,Other,IPv6 only
146333,Other,IPv6 only
146326,Other,IPv6 only
146328,Other,IPv6 only
146329,Other,IPv6 only
146330,Other,IPv6 only
146338,Other,IPv6 only
146332,Other,IPv6 only
146334,Other,IPv6 only
146341,Other,IPv6 only
146335,Other,IPv6 only
146336,Other,IPv6 only
146337,Other,IPv6 only
146339,Other,IPv6 only
146340,Other,IPv6 only
146342,Other,IPv6 only
146348,Other,IPv6 only
146343,Other,IPv6 only
146344,Other,IPv6 only
146345,Other,IPv6 only
146346,Other,IPv6 only
146347,Other,IPv6 only
146354,Other,IPv6 only
146355,Other,IPv6 only
146349,Other,IPv6 only
146357,Other,IPv6 only
146358,Other,IPv6 only
146322,Other,IPv6 only
146351,Other,IPv6 only
146361,Other,IPv6 only
146353,Other,IPv6 only
146356,Other,IPv6 only
146359,Other,IPv6 only
146360,Unknown,
146362,Other,IPv6 only
146363,Other,IPv6 only
146364,Other,IPv6 only
146365,Other,IPv6 only
146366,Other,IPv6 only
146367,Other,IPv6 only
146368,Other,IPv6 only
146369,Other,IPv6 only
146370,Other,IPv6 only
146371,Other,IPv6 only
146372,Other,IPv6 only
146373,Other,IPv6 only
146374,Other,IPv6 only
146375,Other,IPv6 only
146380,Other,IPv6 only
146381,Other,IPv6 only
146376,Other,IPv6 only
146377,Other,IPv6 only
146384,Other,IPv6 only
146378,Other,IPv6 only
146379,Other,IPv6 only
146382,Other,IPv6 only
146383,Other,IPv6 only
146389,Other,IPv6 only
146385,Other,IPv6 only
146386,Other,IPv6 only
146392,Other,IPv6 only
146387,Other,IPv6 only
146388,Other,IPv6 only
146390,Other,IPv6 only
146391,Other,IPv6 only
146397,Other,IPv6 only
146393,Other,IPv6 only
146394,Other,IPv6 only
146395,Other,IPv6 only
146396,Other,IPv6 only
146398,Other,IPv6 only
146399,Other,IPv6 only
146404,Other,IPv6 only
146400,Other,IPv6 only
146401,Other,IPv6 only
146402,Other,IPv6 only
146403,Other,IPv6 only
146409,Other,IPv6 only
146405,Other,IPv6 only
146406,Other,IPv6 only
146412,Other,IPv6 only
146407,Other,IPv6 only
146408,Other,IPv6 only
146410,Other,IPv6 only
146411,Other,IPv6 only
146413,Other,IPv6 only
146414,Other,IPv6 only
146415,Other,IPv6 only
146416,Other,IPv6 only
146417,Other,IPv6 only
146418,Other,IPv6 only
146419,Other,IPv6 only
146420,Other,IPv6 only
146421,Other,IPv6 only
146422,Other,IPv6 only
146423,Other,IPv6 only
146428,Other,IPv6 only
146424,Other,IPv6 only
146430,Other,IPv6 only
146425,Other,IPv6 only
211968,Other,Service|IPv6 only
146426,Other,IPv6 only
146427,Other,IPv6 only
146429,Other,IPv6 only
146431,Other,IPv6 only
146432,Other,IPv6 only
146433,Other,IPv6 only
146434,Other,IPv6 only
146440,Other,IPv6 only
146441,Other,IPv6 only
146435,Other,IPv6 only
146436,Other,IPv6 only
146444,Other,IPv6 only
146437,Other,IPv6 only
146438,Other,IPv6 only
146439,Other,IPv6 only
146442,Other,IPv6 only
146443,Other,IPv6 only
146445,Other,IPv6 only
146446,Other,IPv6 only
146447,Other,IPv6 only
146448,Other,IPv6 only
146449,Other,IPv6 only
146450,Other,IPv6 only
211992,Other,Other|IPv6 only
146451,Other,IPv6 only
146452,Other,IPv6 only
146459,Other,IPv6 only
146453,Other,IPv6 only
146454,Other,IPv6 only
146455,Other,IPv6 only
146456,Other,IPv6 only
146457,Other,IPv6 only
146458,Other,IPv6 only
146460,Other,IPv6 only
146461,Other,IPv6 only
146462,Other,IPv6 only
146463,Other,IPv6 only
146464,Other,IPv6 only
146465,Other,IPv6 only
146466,Other,IPv6 only
146467,Other,IPv6 only
146468,Other,IPv6 only
146475,Other,IPv6 only
146469,Other,IPv6 only
146477,Other,IPv6 only
146478,Other,IPv6 only
146470,Other,IPv6 only
146471,Other,IPv6 only
146472,Other,IPv6 only
146473,Other,IPv6 only
146483,Other,IPv6 only
146484,Other,IPv6 only
146476,Other,IPv6 only
146479,Other,IPv6 only
146480,Other,IPv6 only
146481,Other,IPv6 only
146482,Other,IPv6 only
146485,Other,IPv6 only
146491,Other,IPv6 only
146486,Unknown,
146487,Other,IPv6 only
146494,Other,IPv6 only
146488,Other,IPv6 only
146489,Other,IPv6 only
146497,Other,IPv6 only
146490,Other,IPv6 only
146492,Other,IPv6 only
146350,Other,IPv6 only
146493,Other,IPv6 only
146495,Other,IPv6 only
146503,Other,IPv6 only
146496,Other,IPv6 only
146498,Other,IPv6 only
146499,Other,IPv6 only
146500,Other,IPv6 only
146508,Other,IPv6 only
146501,Other,IPv6 only
146352,Other,IPv6 only
146502,Other,IPv6 only
146512,Other,IPv6 only
146504,Other,IPv6 only
146505,Other,IPv6 only
146506,Other,IPv6 only
146507,Other,IPv6 only
212053,Other,Real Estate (Residential and/or Commercial)|Construction and Real Estate
146509,Other,IPv6 only
146519,Other,IPv6 only
146511,Other,IPv6 only
146521,Other,IPv6 only
146513,Other,IPv6 only
146514,Other,IPv6 only
146524,Other,IPv6 only
146516,Other,IPv6 only
146517,Other,IPv6 only
146518,Other,IPv6 only
146520,Other,IPv6 only
146522,Other,IPv6 only
146523,Other,IPv6 only
146525,Other,IPv6 only
146526,Other,IPv6 only
146533,Other,IPv6 only
146527,Other,IPv6 only
146528,Other,IPv6 only
146529,Other,IPv6 only
146537,Other,IPv6 only
146530,Other,IPv6 only
146531,Other,IPv6 only
146532,Other,IPv6 only
146534,Other,IPv6 only
146535,Other,IPv6 only
146536,Other,IPv6 only
146538,Other,IPv6 only
146539,Other,IPv6 only
146541,Other,IPv6 only
146542,Other,IPv6 only
146548,Other,IPv6 only
146540,Other,IPv6 only
146543,Other,IPv6 only
146544,Other,IPv6 only
146545,Other,IPv6 only
146553,Other,IPv6 only
146547,Other,IPv6 only
146546,Other,IPv6 only
146549,Other,IPv6 only
146550,Other,IPv6 only
146558,Other,IPv6 only
146551,Other,IPv6 only
146552,Other,IPv6 only
146554,Other,IPv6 only
146555,Other,IPv6 only
146556,Other,IPv6 only
146557,Other,IPv6 only
146559,Other,IPv6 only
146560,Other,IPv6 only
146561,Other,IPv6 only
146562,Other,IPv6 only
146569,Other,IPv6 only
146563,Other,IPv6 only
146564,Other,IPv6 only
146565,Other,IPv6 only
146566,Other,IPv6 only
146567,Other,IPv6 only
146568,Other,IPv6 only
146570,Other,IPv6 only
146577,Other,IPv6 only
146571,Other,IPv6 only
146572,Other,IPv6 only
146573,Other,IPv6 only
146574,Other,IPv6 only
146575,Other,IPv6 only
146576,Other,IPv6 only
146578,Other,IPv6 only
146579,Other,IPv6 only
146586,Other,IPv6 only
146580,Other,IPv6 only
146581,Other,IPv6 only
146582,Other,IPv6 only
146583,Other,IPv6 only
146584,Other,IPv6 only
146585,Other,IPv6 only
146587,Other,IPv6 only
146588,Other,IPv6 only
146589,Other,IPv6 only
146596,Other,IPv6 only
146590,Other,IPv6 only
146591,Other,IPv6 only
146599,Unknown,
146600,Other,IPv6 only
146601,Other,IPv6 only
146602,Other,IPv6 only
146594,Other,IPv6 only
146595,Other,IPv6 only
48301,Other,"Clothing, Fashion, Luggage|Retail Stores, Wholesale, and E-commerce Sites|Personal ASN"
146597,Other,IPv6 only
146598,Other,IPv6 only
146603,Other,IPv6 only
146604,Other,IPv6 only
146605,Other,IPv6 only
146606,Unknown,
146607,Other,IPv6 only
146608,Other,IPv6 only
146614,Other,IPv6 only
146609,Other,IPv6 only
146610,Other,IPv6 only
146611,Other,IPv6 only
146612,Other,IPv6 only
146619,Other,IPv6 only
146613,Other,IPv6 only
146615,Other,IPv6 only
146616,Other,IPv6 only
146617,Other,IPv6 only
146618,Other,IPv6 only
146620,Other,IPv6 only
146621,Other,IPv6 only
146622,Other,IPv6 only
212164,ISP,"Personal ASN|Electronics and Computer Components|Hosting, Cloud Provider, Data Center, Server Colocation|Computer and Information Technology"
146623,Other,IPv6 only
146624,Other,IPv6 only
146625,Other,IPv6 only
146632,Other,IPv6 only
146626,Other,IPv6 only
146627,Other,IPv6 only
146628,Other,IPv6 only
146629,Other,IPv6 only
146630,Other,IPv6 only
146631,Other,IPv6 only
146633,Other,IPv6 only
146640,Other,IPv6 only
146634,Other,IPv6 only
146635,Other,IPv6 only
146643,Other,IPv6 only
146636,Other,IPv6 only
146637,Unknown,
146638,Other,IPv6 only
146639,Other,IPv6 only
146641,Other,IPv6 only
146642,Other,IPv6 only
146644,Other,IPv6 only
146645,Other,IPv6 only
146646,Other,IPv6 only
146647,Unknown,
146648,Other,IPv6 only
146649,Other,IPv6 only
146650,Other,IPv6 only
146651,Other,IPv6 only
146658,Other,IPv6 only
146652,Other,IPv6 only
146653,Other,IPv6 only
146654,Other,IPv6 only
146655,Other,IPv6 only
146656,Other,IPv6 only
146664,Other,IPv6 only
146665,Other,IPv6 only
146657,Other,IPv6 only
146659,Other,IPv6 only
146660,Other,IPv6 only
146661,Other,IPv6 only
146662,Other,IPv6 only
146663,Other,IPv6 only
146666,Other,IPv6 only
146673,Other,IPv6 only
146667,Other,IPv6 only
146668,Other,IPv6 only
146676,Other,IPv6 only
146669,Other,IPv6 only
146672,Other,IPv6 only
146670,Other,IPv6 only
146671,Other,IPv6 only
146674,Other,IPv6 only
146682,Other,IPv6 only
146675,Other,IPv6 only
146677,Other,IPv6 only
146678,Other,IPv6 only
146679,Other,IPv6 only
146680,Other,IPv6 only
146681,Other,IPv6 only
146683,Other,IPv6 only
146684,Other,IPv6 only
146685,Other,IPv6 only
146686,Other,IPv6 only
146687,Other,IPv6 only
146688,Other,IPv6 only
146689,Other,IPv6 only
146692,Other,IPv6 only
146697,Other,IPv6 only
146691,Other,IPv6 only
146690,Other,IPv6 only
146700,Other,IPv6 only
212237,Other,"Retail Stores, Wholesale, and E-commerce Sites"
146693,Other,IPv6 only
146694,Other,IPv6 only
146704,Other,IPv6 only
146696,Other,IPv6 only
146698,Other,IPv6 only
146699,Other,IPv6 only
146708,Other,IPv6 only
146703,Other,IPv6 only
146701,Other,IPv6 only
146702,Other,IPv6 only
146705,Other,IPv6 only
146707,Other,IPv6 only
146706,Other,IPv6 only
146709,Other,IPv6 only
146710,Other,IPv6 only
146714,Other,IPv6 only
146718,Other,IPv6 only
146712,Other,IPv6 only
146713,Other,IPv6 only
146721,Other,IPv6 only
146716,Other,IPv6 only
146723,Other,IPv6 only
146715,Other,IPv6 only
146717,Other,IPv6 only
146719,Other,IPv6 only
146720,Other,IPv6 only
146728,Other,IPv6 only
146722,Other,IPv6 only
146724,Other,IPv6 only
146725,Other,IPv6 only
146732,Other,IPv6 only
146727,Other,IPv6 only
146729,Other,IPv6 only
146735,Other,IPv6 only
146736,Other,IPv6 only
146730,Other,IPv6 only
146738,Other,IPv6 only
146731,Other,IPv6 only
146733,Other,IPv6 only
146734,Other,IPv6 only
146737,Other,IPv6 only
146739,Other,IPv6 only
146740,Other,IPv6 only
146741,Other,IPv6 only
146746,ISP,Finance and Insurance|Insurance Carriers and Agencies
146747,ISP,"Online Informational Content|Software Development|Internet Service Provider (ISP)|Media, Publishing, and Broadcasting"
146748,ISP,"Media, Publishing, and Broadcasting|Computer and Information Technology|Education and Research|Online Informational Content"
146749,ISP,"Online Informational Content|Internet Service Provider (ISP)|Software Development|Media, Publishing, and Broadcasting"
146750,ISP,Computer and Information Technology|Education and Research|Online Informational Content|Software Development
146751,ISP,"Online Informational Content|Internet Service Provider (ISP)|Software Development|Media, Publishing, and Broadcasting"
146752,ISP,"Media, Publishing, and Broadcasting|Computer and Information Technology|Education and Research|Online Informational Content"
146753,ISP,"Internet Service Provider (ISP)|Education and Research|Software Development|Media, Publishing, and Broadcasting"
146754,ISP,Computer and Information Technology|Education and Research|Online Informational Content|Internet Service Provider (ISP)
146755,Other,"Media, Publishing, and Broadcasting"
146756,Unknown,
146757,ISP,Internet Service Provider (ISP)|Computer and Information Technology
146758,ISP,Computer and Information Technology|Internet Service Provider (ISP)
146759,Unknown,
146760,Unknown,
146761,ISP,Internet Service Provider (ISP)|Computer and Information Technology
146762,ISP,Eyeball|Computer and Information Technology|Internet Service Provider (ISP)
146763,Unknown,
146764,Unknown,
146765,Unknown,
146766,Unknown,
146767,ISP,"Education and Research|Online Informational Content|Internet Service Provider (ISP)|Media, Publishing, and Broadcasting"
146768,Other,"Media, Publishing, and Broadcasting"
146769,Other,Computer and Network Security|Computer and Information Technology
146770,Government,"Government and Public Administration|Government and Regulatory Agencies, Administrations, Departments, and Services"
146771,Unknown,
146772,Other,"Media, Publishing, and Broadcasting"
146773,ISP,Computer and Information Technology|Education and Research|Online Informational Content|Software Development
146774,Unknown,
146775,Other,Manufacturing|Automotive and Transportation
146776,Unknown,
146777,Other,"Retail Stores, Wholesale, and E-commerce Sites"
146778,ISP,"Media, Publishing, and Broadcasting|Computer and Information Technology|Education and Research|Online Informational Content"
146779,Unknown,
146780,Unknown,
146781,ISP,Computer and Information Technology|Education and Research|Internet Service Provider (ISP)|Online Informational Content
146782,Academic/Edu,Academic
146783,Unknown,
146784,Unknown,
146785,Other,Service
146786,Unknown,
146787,Unknown,
146788,ISP,"Software Development|Media, Publishing, and Broadcasting|Computer and Information Technology|Education and Research"
146789,Unknown,
146790,ISP,"Internet Service Provider (ISP)|Software Development|Media, Publishing, and Broadcasting|Computer and Information Technology"
146791,ISP,Education and Research|Computer and Information Technology|Online Informational Content|Software Development
146792,ISP,"Internet Service Provider (ISP)|Software Development|Computer and Information Technology|Media, Publishing, and Broadcasting"
146793,ISP,"Media, Publishing, and Broadcasting|Computer and Information Technology|Education and Research|Internet Service Provider (ISP)"
146794,ISP,"Internet Service Provider (ISP)|Software Development|Media, Publishing, and Broadcasting|Computer and Information Technology"
146795,ISP,Computer and Information Technology|Education and Research|Internet Service Provider (ISP)|Online Informational Content
146796,ISP,"Internet Service Provider (ISP)|Software Development|Media, Publishing, and Broadcasting|Education and Research"
146797,ISP,"Media, Publishing, and Broadcasting|Computer and Information Technology|Education and Research|Internet Service Provider (ISP)"
146798,ISP,Education and Research|Online Informational Content|Software Development|Internet Service Provider (ISP)
146799,ISP,"Computer and Information Technology|Media, Publishing, and Broadcasting|Online Informational Content|Internet Service Provider (ISP)"
146800,Unknown,
146801,ISP,"Media, Publishing, and Broadcasting|Computer and Information Technology|Education and Research|Online Informational Content"
146802,ISP,"Education and Research|Software Development|Media, Publishing, and Broadcasting|Computer and Information Technology"
146803,Unknown,
146804,Unknown,
146805,Other,"Media, Publishing, and Broadcasting"
146806,ISP,"Education and Research|Computer and Information Technology|Media, Publishing, and Broadcasting|Software Development"
146807,ISP,Computer and Information Technology|Education and Research|Online Informational Content|Internet Service Provider (ISP)
146808,ISP,"Internet Service Provider (ISP)|Online Informational Content|Software Development|Media, Publishing, and Broadcasting"
146809,ISP,Computer and Network Security|Computer and Information Technology|Internet Service Provider (ISP)|Hosting and Cloud Provider
146810,ISP,Education and Research|Online Informational Content|Computer and Information Technology|Software Development
146811,ISP,Computer and Information Technology|Education and Research|Internet Service Provider (ISP)|Online Informational Content
146812,ISP,"Media, Publishing, and Broadcasting|Internet Service Provider (ISP)|Online Informational Content|Education and Research"
146813,ISP,Computer and Information Technology|Education and Research|Internet Service Provider (ISP)|Online Informational Content
146814,ISP,"Online Informational Content|Computer and Information Technology|Internet Service Provider (ISP)|Media, Publishing, and Broadcasting"
146815,ISP,"Media, Publishing, and Broadcasting|Computer and Information Technology|Education and Research|Online Informational Content"
146816,Other,IPv6 only
146817,Other,"Service|Social Assistance (Temporary Shelters, Emergency Relief, Child Day Care, etc)"
146818,Other,"Retail Stores, Wholesale, and E-commerce Sites"
146819,ISP,"Media, Publishing, and Broadcasting|Online Informational Content|Computer and Information Technology|Internet Service Provider (ISP)"
146820,ISP,Computer and Information Technology|Education and Research|Internet Service Provider (ISP)|Online Informational Content
146821,ISP,"Media, Publishing, and Broadcasting|Computer and Information Technology|Online Informational Content|Education and Research"
146822,ISP,Education and Research|Internet Service Provider (ISP)|Online Informational Content|Software Development
146823,ISP,"Online Informational Content|Media, Publishing, and Broadcasting|Internet Service Provider (ISP)|Software Development"
146824,ISP,Education and Research|Online Informational Content|Internet Service Provider (ISP)|Software Development
146825,Other,"Media, Publishing, and Broadcasting"
146826,Other,"Media, Publishing, and Broadcasting"
146827,ISP,"Internet Service Provider (ISP)|Software Development|Media, Publishing, and Broadcasting|Computer and Information Technology"
146828,ISP,"Software Development|Education and Research|Online Informational Content|Media, Publishing, and Broadcasting"
146829,ISP,Construction and Real Estate|Computer and Information Technology|Internet Service Provider (ISP)
146830,ISP,Education and Research|Online Informational Content|Internet Service Provider (ISP)|Software Development
146831,ISP,"Software Development|Media, Publishing, and Broadcasting|Computer and Information Technology|Education and Research"
146832,ISP,Online Informational Content|Computer and Information Technology|Education and Research|Internet Service Provider (ISP)
146833,ISP,"Media, Publishing, and Broadcasting|Online Informational Content|Internet Service Provider (ISP)|Software Development"
146834,ISP,Computer and Information Technology|Online Informational Content|Internet Service Provider (ISP)|Education and Research
212371,Other,"Media, Publishing, and Broadcasting"
146835,ISP,"Online Informational Content|Media, Publishing, and Broadcasting|Internet Service Provider (ISP)|Software Development"
146837,ISP,"Software Development|Media, Publishing, and Broadcasting|Computer and Information Technology|Education and Research"
146838,ISP,"Media, Publishing, and Broadcasting|Computer and Information Technology|Education and Research|Internet Service Provider (ISP)"
146839,ISP,"Media, Publishing, and Broadcasting|Computer and Information Technology|Online Informational Content|Internet Service Provider (ISP)"
146840,Content/CDN,Hosting and Cloud Provider|Computer and Information Technology
146841,ISP,"Software Development|Media, Publishing, and Broadcasting|Computer and Information Technology|Education and Research"
146842,ISP,"Media, Publishing, and Broadcasting|Computer and Information Technology|Education and Research|Online Informational Content"
146843,Other,Computer and Information Technology
146844,ISP,Online Informational Content|Computer and Information Technology|Software Development|Internet Service Provider (ISP)
146845,Other,Computer and Information Technology
146950,ISP,IPv6 only|Computer and Information Technology|Internet Service Provider (ISP)
146959,Content/CDN,Hosting and Cloud Provider|Computer and Information Technology
146966,Other,"Museums, Libraries, and Entertainment|Media, Publishing, and Broadcasting|Music and Video Industry"
212532,Content/CDN,"IPv6 only|Computer and Information Technology|Hosting, Cloud Provider, Data Center, Server Colocation"
147008,Other,"Service|Media, Publishing, and Broadcasting|Anycast"
147038,Other,"Museums, Libraries, and Entertainment|Music and Video Industry|Media, Publishing, and Broadcasting"
147048,ISP,Computer and Information Technology|Internet Service Provider (ISP)|IPv6 only
147071,Other,Service|IPv6 only
146474,Other,IPv6 only
212690,ISP,"Computer and Information Technology|Law, Business, and Consulting Services|Internet Service Provider (ISP)|Service"
212793,Enterprise,"IPv6 only|Law, Business, and Consulting Services|Service"
212831,Other,Finance and Insurance|Personal ASN|IPv6 only
146510,Other,IPv6 only
146515,Other,IPv6 only
212982,Other,Service|Anycast|IPv6 only
212985,Other,"IPv6 only|Software Development|Computer and Information Technology|Museums, Libraries, and Entertainment"
213116,Other,Construction and Real Estate|Real Estate (Residential and/or Commercial)|IPv6 only
213199,ISP,Internet Service Provider (ISP)|Software Development|Computer and Information Technology
146592,Other,IPv6 only
146593,Other,IPv6 only
213404,Content/CDN,Software Development|Computer and Information Technology|Server Hosting
49575,ISP,Education and Research|Computer and Information Technology|Software Development|Research and Development Organizations
213519,Unknown,
213545,Other,IPv6 only|Personal ASN
213548,Other,"Media, Publishing, and Broadcasting|Music and Video Industry|Online Music and Video Streaming Services"
213581,ISP,Computer and Information Technology|Internet Service Provider (ISP)
213582,ISP,Computer and Information Technology|Internet Service Provider (ISP)
213605,ISP,"Carrier|Computer and Information Technology|Hosting, Cloud Provider, Data Center, Server Colocation|Manufacturing"
213625,Eyeball,Personal ASN|Eyeball
213629,Unknown,
213663,Unknown,
213700,Other,"Museums, Libraries, and Entertainment|Software Development|Computer and Information Technology|IPv6 only"
49904,ISP,"Service|Internet Service Provider (ISP)|Hosting, Cloud Provider, Data Center, Server Colocation|Law, Business, and Consulting Services"
213769,Other,Service
146695,Other,IPv6 only
213782,Eyeball,"Computer and Information Technology|Manufacturing|Hosting, Cloud Provider, Data Center, Server Colocation|Electronics and Computer Components"
213806,Content/CDN,"Hosting, Cloud Provider, Data Center, Server Colocation|Computer and Information Technology|Manufacturing|Electronics and Computer Components"
146711,Other,IPv6 only
213876,Enterprise,"Service|Law, Business, and Consulting Services"
213878,Content/CDN,"Hosting, Cloud Provider, Data Center, Server Colocation|Computer and Information Technology|IPv6 only"
213891,Other,Personal ASN|IPv6 only
213903,Eyeball,"Museums, Libraries, and Entertainment|Computer and Information Technology|Software Development|IPv6 only"
213914,Unknown,
146726,Other,IPv6 only
214001,Unknown,
146742,Unknown,
146743,Other,IPv6 only
146744,Other,IPv6 only
146745,Other,IPv6 only
17428,Other,Software Development|Not Validating RPKI ROV|Computer and Information Technology
17429,ISP,Home ISP|Not Validating RPKI ROV|Internet Service Provider (ISP)|Computer and Information Technology
17430,ISP,"Not Validating RPKI ROV|Media, Publishing, and Broadcasting|Online Informational Content|Internet Service Provider (ISP)"
17431,Other,Software Development|Computer and Information Technology
17432,ISP,"Education and Research|Media, Publishing, and Broadcasting|Online Informational Content|Computer and Information Technology"
214040,ISP,Internet Service Provider (ISP)|Computer and Information Technology|IPv6 only
17442,ISP,Computer and Information Technology|Internet Service Provider (ISP)|Service
17490,Other,Manufacturing
214203,Other,IPv6 only
214207,Other,"Food, Beverage, and Tobacco|Manufacturing|Personal ASN|IPv6 only"
17620,Other,Computer and Information Technology
17621,ISP,Carrier|Not Validating RPKI ROV|Computer and Information Technology|Internet Service Provider (ISP)
17622,ISP,Eyeball|Not Validating RPKI ROV|Computer and Information Technology|Internet Service Provider (ISP)
17623,ISP,Eyeball|Not Validating RPKI ROV|Internet Service Provider (ISP)|Computer and Information Technology
17629,Other,Machinery|Manufacturing
17633,ISP,Computer and Information Technology|Not Validating RPKI ROV|Internet Service Provider (ISP)
17638,ISP,Eyeball|Not Validating RPKI ROV|Computer and Information Technology|Internet Service Provider (ISP)
17655,Other,"Retail Stores, Wholesale, and E-commerce Sites"
17672,Enterprise,"Law, Business, and Consulting Services|Service"
17735,Other,Computer and Information Technology
17739,ISP,"Civil Engineering Construction (Utility Lines, Roads and Bridges)|Internet Service Provider (ISP)|Computer and Information Technology|Retail Stores, Wholesale, and E-commerce Sites"
17767,Academic/Edu,Education and Research|Research and Development Organizations
17772,ISP,Education and Research|Internet Service Provider (ISP)|Computer and Information Technology
17773,Other,Software Development|Computer and Information Technology
17774,Other,Computer and Information Technology
17775,ISP,Eyeball|Not Validating RPKI ROV|Software Development|Computer and Information Technology
17776,ISP,Internet Service Provider (ISP)|Computer and Information Technology
17777,ISP,Computer and Information Technology|Internet Service Provider (ISP)|Satellite Communication
17778,Other,"Radio and Television Providers|Media, Publishing, and Broadcasting"
17779,ISP,"Media, Publishing, and Broadcasting|Computer and Information Technology|Online Informational Content|Education and Research"
17780,Other,Computer and Information Technology
17781,Other,"Online Music and Video Streaming Services|Not Validating RPKI ROV|Media, Publishing, and Broadcasting|Online Informational Content"
17782,Academic/Edu,Research and Development Organizations|Education and Research
17785,Other,"Finance and Insurance|Investment, Portfolio Management, Pensions and Funds"
17788,Other,"Retail Stores, Wholesale, and E-commerce Sites"
17789,Other,"Retail Stores, Wholesale, and E-commerce Sites"
17790,Other,Computer and Information Technology|Software Development
17791,Enterprise,"Service|Law, Business, and Consulting Services"
17799,ISP,Computer and Information Technology|Not Validating RPKI ROV|Internet Service Provider (ISP)|Software Development
17816,ISP,Eyeball|Not Validating RPKI ROV|Computer and Information Technology|Internet Service Provider (ISP)
214439,ISP,Carrier
146836,Unknown,
17883,Other,"Print Media (Newspapers, Magazines, Books)|Media, Publishing, and Broadcasting"
17896,Other,"Museums, Libraries, and Entertainment"
17897,ISP,Eyeball|Not Validating RPKI ROV|Internet Service Provider (ISP)|Computer and Information Technology
148969,Other,"Music and Video Industry|Museums, Libraries, and Entertainment|Media, Publishing, and Broadcasting"
148972,Other,"Online Informational Content|Museums, Libraries, and Entertainment|Media, Publishing, and Broadcasting"
148981,Other,"Media, Publishing, and Broadcasting|Museums, Libraries, and Entertainment|Music and Video Industry"
148982,Other,Computer and Information Technology
148983,Enterprise,"Service|Law, Business, and Consulting Services"
17923,Other,Other
17962,ISP,Eyeball|Not Validating RPKI ROV|Internet Service Provider (ISP)|Computer and Information Technology
17963,ISP,Internet Service Provider (ISP)|Computer and Information Technology
17964,ISP,Eyeball|Not Validating RPKI ROV|Internet Service Provider (ISP)|Computer and Information Technology
17965,Other,Computer and Information Technology|Software Development|Phone Provider
17966,Academic/Edu,Education and Research|Research and Development Organizations|Computer and Information Technology
17967,ISP,Software Development|Internet Service Provider (ISP)|Computer and Information Technology|Education and Research
17968,ISP,Eyeball|Not Validating RPKI ROV|Internet Service Provider (ISP)|Computer and Information Technology
17969,Other,"Retail Stores, Wholesale, and E-commerce Sites"
214575,Content/CDN,"Hosting, Cloud Provider, Data Center, Server Colocation|Computer and Information Technology"
149056,Other,"Computer and Information Technology|Retail Stores, Wholesale, and E-commerce Sites"
149057,Other,"Retail Stores, Wholesale, and E-commerce Sites"
17997,ISP,Internet Service Provider (ISP)|Computer and Information Technology
17998,ISP,Computer and Information Technology|Internet Service Provider (ISP)
214610,Other,"IPv6 only|Computer and Information Technology|Museums, Libraries, and Entertainment|Software Development"
214613,Other,IPv6 only
18011,Other,Computer and Information Technology
214633,Unknown,
214660,ISP,IPv6 only|Internet Service Provider (ISP)|Computer and Information Technology
214674,Unknown,
214704,Content/CDN,"Hosting, Cloud Provider, Data Center, Server Colocation|Computer and Information Technology|Manufacturing|Electronics and Computer Components"
149174,Other,Computer and Information Technology|Software Development
149178,Other,"Media, Publishing, and Broadcasting|Music and Video Industry|Museums, Libraries, and Entertainment"
18118,ISP,"Internet Service Provider (ISP)|Computer and Information Technology|Retail Stores, Wholesale, and E-commerce Sites"
214740,ISP,"Hosting, Cloud Provider, Data Center, Server Colocation|Computer and Information Technology|Technology Consulting Services|Internet Service Provider (ISP)"
214759,ISP,"Internet Service Provider (ISP)|Computer and Information Technology|Hosting, Cloud Provider, Data Center, Server Colocation|Technology Consulting Services"
50922,Other,"Buildings, Repair, Maintenance (Pest Control, Landscaping, Cleaning, Locksmiths, Car Washes, etc)|Service|Anycast"
214775,Unknown,
149304,Other,"Media, Publishing, and Broadcasting"
214843,Unknown,
18238,Unknown,
18239,ISP,Eyeball|Not Validating RPKI ROV|Internet Service Provider (ISP)|Computer and Information Technology
18240,ISP,Education and Research|Internet Service Provider (ISP)|Computer and Information Technology
18241,Other,"Utilities (Excluding Internet Service)|Electric Power Generation, Transmission, Distribution"
18242,Content/CDN,"Law, Business, and Consulting Services|Service|Government|Server Hosting"
18243,ISP,Internet Service Provider (ISP)|Computer and Information Technology|Server Hosting|Content
18244,ISP,Education and Research|Internet Service Provider (ISP)|Computer and Information Technology
18245,ISP,Validating RPKI ROV|Internet Service Provider (ISP)|Software Development|Computer and Information Technology
214848,Other,IPv6 only
18247,ISP,Internet Service Provider (ISP)|Computer and Information Technology
18246,Unknown,
18257,ISP,Computer and Information Technology|Internet Service Provider (ISP)
214871,Other,IPv6 only
214899,Other,Personal ASN
214911,Other,Service
214912,Unknown,
214921,Other,IPv6 only
214933,Eyeball,Eyeball|IPv6 only
214934,Unknown,
18344,Academic/Edu,Education and Research|Research and Development Organizations
214955,ISP,"Carrier|Computer and Information Technology|Hosting, Cloud Provider, Data Center, Server Colocation|Anycast"
214963,ISP,Eyeball|Personal ASN|IPv6 only|Computer and Information Technology
149443,Other,Computer and Information Technology
149458,Other,"Music and Video Industry|Media, Publishing, and Broadcasting|Museums, Libraries, and Entertainment"
18387,Other,"Investment, Portfolio Management, Pensions and Funds|Finance and Insurance"
149459,Other,"Media, Publishing, and Broadcasting|Museums, Libraries, and Entertainment|Music and Video Industry"
149460,Other,"Museums, Libraries, and Entertainment|Media, Publishing, and Broadcasting|Music and Video Industry"
149461,Other,"Media, Publishing, and Broadcasting|Museums, Libraries, and Entertainment|Music and Video Industry"
149462,Other,"Museums, Libraries, and Entertainment|Music and Video Industry|Media, Publishing, and Broadcasting"
149463,Other,"Media, Publishing, and Broadcasting|Museums, Libraries, and Entertainment|Music and Video Industry"
149464,Other,"Museums, Libraries, and Entertainment|Music and Video Industry|Media, Publishing, and Broadcasting"
149465,Other,"Media, Publishing, and Broadcasting|Music and Video Industry|Museums, Libraries, and Entertainment"
149466,Other,"Music and Video Industry|Media, Publishing, and Broadcasting|Museums, Libraries, and Entertainment"
149467,Other,"Music and Video Industry|Media, Publishing, and Broadcasting|Museums, Libraries, and Entertainment"
149468,Other,"Music and Video Industry|Media, Publishing, and Broadcasting|Museums, Libraries, and Entertainment"
149469,Other,"Media, Publishing, and Broadcasting|Museums, Libraries, and Entertainment|Music and Video Industry"
149470,Other,"Music and Video Industry|Media, Publishing, and Broadcasting|Museums, Libraries, and Entertainment"
149471,Other,"Media, Publishing, and Broadcasting|Museums, Libraries, and Entertainment|Music and Video Industry"
215007,ISP,"Personal ASN|Law, Business, and Consulting Services|Computer and Information Technology|Internet Service Provider (ISP)"
149475,Other,"Retail Stores, Wholesale, and E-commerce Sites"
149510,Other,"Online Informational Content|Media, Publishing, and Broadcasting|IPv6 only"
149511,Content/CDN,"Computer and Information Technology|Hosting, Cloud Provider, Data Center, Server Colocation|Anycast"
149639,Other,"Finance and Insurance|Investment, Portfolio Management, Pensions and Funds|Service"
215265,Unknown,
149763,Other,Computer and Information Technology
215315,Other,IPv6 only
149790,ISP,Internet Service Provider (ISP)|Computer and Information Technology
149793,Content/CDN,"Computer and Information Technology|Hosting, Cloud Provider, Data Center, Server Colocation"
149808,Other,"Online Music and Video Streaming Services|Media, Publishing, and Broadcasting|Music and Video Industry"
149837,Other,"Media, Publishing, and Broadcasting|Music and Video Industry|Museums, Libraries, and Entertainment"
149839,Other,"Museums, Libraries, and Entertainment|Music and Video Industry|Media, Publishing, and Broadcasting"
215502,Other,Content|IPv6 only|Personal ASN
215507,Other,Software Development|Computer and Information Technology|IPv6 only
149979,Other,"Media, Publishing, and Broadcasting|Museums, Libraries, and Entertainment|Music and Video Industry"
215526,Unknown,
149999,Other,"Service|Media, Publishing, and Broadcasting"
150141,ISP,Internet Service Provider (ISP)|Computer and Information Technology|IPv6 only
150145,Other,"Media, Publishing, and Broadcasting|Music and Video Industry|Museums, Libraries, and Entertainment"
150166,Other,"Human Rights and Social Advocacy (Human Rights, Environment and Wildlife Conservation, Other)|Community Groups and Nonprofits"
150173,Other,"Museums, Libraries, and Entertainment|IPv6 only"
150184,ISP,Eyeball|Internet Service Provider (ISP)|Computer and Information Technology|Personal ASN
215750,Eyeball,Eyeball|IPv6 only|Personal ASN
215752,Academic/Edu,"Education and Research|Colleges, Universities, and Professional Schools"
51928,Content/CDN,Computer and Information Technology|Hosting and Cloud Provider
215786,Eyeball,"Computer and Information Technology|Software Development|Museums, Libraries, and Entertainment|Eyeball"
150289,Other,Content|Computer and Information Technology|Software Development|Personal ASN
215832,Other,Service|Personal ASN|IPv6 only
215848,Other,IPv6 only
150370,ISP,Internet Service Provider (ISP)|Computer and Information Technology
150373,ISP,Computer and Information Technology|Internet Service Provider (ISP)|IPv6 only
150374,Other,Computer and Information Technology
215969,Other,"Media, Publishing, and Broadcasting|Online Informational Content|Personal ASN|IPv6 only"
215995,ISP,Internet Service Provider (ISP)|Computer and Information Technology|Personal ASN
216056,Other,"Anycast|Media, Publishing, and Broadcasting|Personal ASN|IPv6 only"
216100,Other,"Online Informational Content|Museums, Libraries, and Entertainment|Media, Publishing, and Broadcasting|IPv6 only"
216173,Other,IPv6 only
55997,Unknown,
216224,ISP,"Computer and Information Technology|Internet Service Provider (ISP)|Hosting, Cloud Provider, Data Center, Server Colocation"
216256,Other,"Computer and Information Technology|Software Development|Museums, Libraries, and Entertainment"
216276,Other,Computer and Information Technology
216299,Other,IPv6 only|Personal ASN
216305,Other,Service
216342,Academic/Edu,Education and Research
216373,ISP,Computer and Information Technology|Internet Service Provider (ISP)|IPv6 only|Personal ASN
216412,Other,"Clothing, Fashion, Luggage|Retail Stores, Wholesale, and E-commerce Sites|IPv6 only|Personal ASN"
151058,Other,"Media, Publishing, and Broadcasting|Museums, Libraries, and Entertainment|Music and Video Industry"
151185,Content/CDN,"Server Hosting|Media, Publishing, and Broadcasting|Music and Video Industry|Museums, Libraries, and Entertainment"
151187,Eyeball,"Personal ASN|Media, Publishing, and Broadcasting|Online Informational Content|IPv6 only"
151193,Academic/Edu,Education and Research
151194,Other,"IPv6 only|Media, Publishing, and Broadcasting|Music and Video Industry|Online Music and Video Streaming Services"
151202,Other,Software Development|Computer and Information Technology|IPv6 only|Personal ASN
151216,Unknown,
151217,Unknown,
151218,Unknown,
151219,Unknown,
151220,Unknown,
151221,Unknown,
151222,Unknown,
151223,Unknown,
151224,Unknown,
151225,ISP,"Media, Publishing, and Broadcasting|Online Informational Content|Internet Service Provider (ISP)|Computer and Information Technology"
151226,Unknown,
151227,ISP,"Media, Publishing, and Broadcasting|Online Informational Content|Internet Service Provider (ISP)|Computer and Information Technology"
151228,ISP,Education and Research|Online Informational Content|Internet Service Provider (ISP)|Software Development
151229,ISP,"Computer and Information Technology|Media, Publishing, and Broadcasting|Education and Research|Internet Service Provider (ISP)"
151230,Other,IPv6 only
151231,Unknown,
151232,Unknown,
151233,Unknown,
151234,Unknown,
151235,Unknown,
151236,Unknown,
151237,Unknown,
151238,Unknown,
151239,Unknown,
151240,Unknown,
151241,ISP,Computer and Information Technology|Education and Research|Internet Service Provider (ISP)|Online Informational Content
151242,Unknown,
151243,Unknown,
151244,Unknown,
151245,Unknown,
151246,Unknown,
151247,ISP,"Education and Research|Internet Service Provider (ISP)|Online Informational Content|Media, Publishing, and Broadcasting"
151248,Unknown,
151249,Unknown,
151250,Unknown,
151251,Unknown,
151252,ISP,"Media, Publishing, and Broadcasting|Online Informational Content|Internet Service Provider (ISP)|Computer and Information Technology"
151253,ISP,Online Informational Content|Internet Service Provider (ISP)|Software Development|Computer and Information Technology
151254,Unknown,
151255,Unknown,
151256,Unknown,
151257,Unknown,
151258,Unknown,
151259,Unknown,
151260,Unknown,
151261,ISP,"Education and Research|Computer and Information Technology|Media, Publishing, and Broadcasting|Internet Service Provider (ISP)"
151262,ISP,Online Informational Content|Internet Service Provider (ISP)|Education and Research|Software Development
151263,Unknown,
151264,Unknown,
151265,Unknown,
151266,Unknown,
151267,ISP,"Software Development|Media, Publishing, and Broadcasting|Computer and Information Technology|Education and Research"
151268,ISP,Computer and Information Technology|Education and Research|Internet Service Provider (ISP)|Online Informational Content
151269,ISP,"Software Development|Media, Publishing, and Broadcasting|Computer and Information Technology|Online Informational Content"
151270,ISP,"Education and Research|Media, Publishing, and Broadcasting|Computer and Information Technology|Online Informational Content"
151271,ISP,"Software Development|Media, Publishing, and Broadcasting|Computer and Information Technology|Education and Research"
151272,Unknown,
151273,Unknown,
151274,Unknown,
151275,Unknown,
151276,ISP,Computer and Information Technology|Online Informational Content|Education and Research|Internet Service Provider (ISP)
151277,Unknown,
151278,Unknown,
151279,Unknown,
151280,Unknown,
151281,ISP,"Software Development|Media, Publishing, and Broadcasting|Computer and Information Technology|Online Informational Content"
151282,ISP,"Media, Publishing, and Broadcasting|Internet Service Provider (ISP)|Online Informational Content|Computer and Information Technology"
151283,ISP,"Online Informational Content|Software Development|Internet Service Provider (ISP)|Media, Publishing, and Broadcasting"
151284,Unknown,
151285,ISP,"Online Informational Content|Internet Service Provider (ISP)|Software Development|Media, Publishing, and Broadcasting"
151286,ISP,Computer and Information Technology|Online Informational Content|Education and Research|Internet Service Provider (ISP)
151287,Unknown,
151288,ISP,Computer and Information Technology|Education and Research|Online Informational Content|Internet Service Provider (ISP)
151289,ISP,Online Informational Content|Internet Service Provider (ISP)|Software Development|Computer and Information Technology
151290,ISP,Computer and Information Technology|Education and Research|Online Informational Content|Internet Service Provider (ISP)
151291,Other,Software Development|Computer and Information Technology
151292,Unknown,
151293,Other,Service|Software Development|Computer and Network Security|Computer and Information Technology
151294,Other,"Media, Publishing, and Broadcasting"
151295,ISP,Research and Development Organizations|Online Informational Content|Education and Research|Computer and Information Technology
151296,ISP,"Computer and Information Technology|Media, Publishing, and Broadcasting|Education and Research|Online Informational Content"
151297,Unknown,
151298,Other,"Banks, Credit Card Companies, Mortgage Providers|Finance and Insurance"
151299,Unknown,
151300,Unknown,
151301,ISP,Online Informational Content|Education and Research|Internet Service Provider (ISP)|Software Development
151302,ISP,"Media, Publishing, and Broadcasting|Computer and Information Technology|Education and Research|Online Informational Content"
151303,Unknown,
151304,ISP,"Software Development|Media, Publishing, and Broadcasting|Computer and Information Technology|Online Informational Content"
151305,ISP,Education and Research|Online Informational Content|Software Development|Internet Service Provider (ISP)
151306,ISP,"Software Development|Media, Publishing, and Broadcasting|Computer and Information Technology|Education and Research"
151307,ISP,Education and Research|Online Informational Content|Internet Service Provider (ISP)|Software Development
151308,Unknown,
151309,ISP,Online Informational Content|Education and Research|Internet Service Provider (ISP)|Software Development
151310,ISP,"Software Development|Media, Publishing, and Broadcasting|Computer and Information Technology|Education and Research"
151311,ISP,Education and Research|Online Informational Content|Internet Service Provider (ISP)|Software Development
151312,ISP,"Media, Publishing, and Broadcasting|Computer and Information Technology|Education and Research|Internet Service Provider (ISP)"
151313,ISP,Computer and Information Technology|Education and Research|Online Informational Content|Internet Service Provider (ISP)
151314,ISP,"Software Development|Media, Publishing, and Broadcasting|Computer and Information Technology|Online Informational Content"
151315,ISP,Computer and Information Technology|Education and Research|Online Informational Content|Software Development
151320,Other,Computer and Information Technology
151331,Academic/Edu,Content|Education and Research|IPv6 only
151392,Other,"Media, Publishing, and Broadcasting"
151394,Other,Computer and Information Technology
151397,Other,"Anycast|Museums, Libraries, and Entertainment|Media, Publishing, and Broadcasting|Music and Video Industry"
151418,Eyeball,"Media, Publishing, and Broadcasting|Online Informational Content|Personal ASN|IPv6 only"
151423,Other,IPv6 only
151424,Other,IPv6 only
151425,Other,IPv6 only
151426,Other,IPv6 only
151427,Other,IPv6 only
151428,Other,IPv6 only
151429,Other,IPv6 only
151430,Other,IPv6 only
151431,Other,IPv6 only
151432,Other,IPv6 only
151433,Other,IPv6 only
151434,Other,IPv6 only
151435,Other,IPv6 only
151436,Other,IPv6 only
151437,Other,IPv6 only
151438,Other,IPv6 only
151439,Other,IPv6 only
151440,Other,IPv6 only
151441,Other,IPv6 only
151442,Other,IPv6 only
151443,Other,IPv6 only
151444,Other,IPv6 only
151445,Other,IPv6 only
151446,Other,IPv6 only
151447,Other,IPv6 only
151448,Other,IPv6 only
151449,Other,IPv6 only
151450,Other,IPv6 only
151451,Other,IPv6 only
151452,Other,IPv6 only
151453,Other,IPv6 only
151454,Other,IPv6 only
151455,Other,IPv6 only
151456,Other,IPv6 only
151457,Other,IPv6 only
151458,Other,IPv6 only
151459,Other,IPv6 only
151460,Other,IPv6 only
151461,Other,IPv6 only
151462,Other,IPv6 only
151464,Academic/Edu,"Research and Development Organizations|Education and Research|Community Groups and Nonprofits|Human Rights and Social Advocacy (Human Rights, Environment and Wildlife Conservation, Other)"
151483,Other,Computer and Information Technology
151490,Enterprise,"Software Development|Computer and Information Technology|Law, Business, and Consulting Services|Service"
151493,Other,Computer and Information Technology
151494,Unknown,
151613,Enterprise,"Service|Law, Business, and Consulting Services"
151628,Other,"Music and Video Industry|Media, Publishing, and Broadcasting|Museums, Libraries, and Entertainment"
151640,ISP,Computer and Information Technology|Internet Service Provider (ISP)
151673,Eyeball,Eyeball|Personal ASN|IPv6 only
151674,Eyeball,"Print Media (Newspapers, Magazines, Books)|Media, Publishing, and Broadcasting|Museums, Libraries, and Entertainment|IPv6 only"
140873,Enterprise,"Service|Law, Business, and Consulting Services"
151785,Other,"IPv6 only|Personal ASN|Retail Stores, Wholesale, and E-commerce Sites"
151814,Other,Technology Consulting Services|Computer and Information Technology|Software Development|IPv6 only
151823,Other,"Media, Publishing, and Broadcasting|Museums, Libraries, and Entertainment|Music and Video Industry"
151951,ISP,Computer and Information Technology|Internet Service Provider (ISP)
151974,Other,Other
152092,Unknown,
152118,Other,Health Care Services|IPv6 only
152120,ISP,Computer and Information Technology|Internet Service Provider (ISP)
152134,Other,IPv6 only
152186,ISP,Computer and Information Technology|Internet Service Provider (ISP)
152321,Other,"Civil Engineering Construction (Utility Lines, Roads and Bridges)|Construction and Real Estate"
152471,Unknown,
152598,Other,IPv6 only
152631,Other,Software Development|Computer and Information Technology|IPv6 only
152697,Other,IPv6 only
152711,Content/CDN,"Computer and Information Technology|Hosting, Cloud Provider, Data Center, Server Colocation"
152892,ISP,Computer and Information Technology|Internet Service Provider (ISP)|IPv6 only
152911,Other,Computer and Information Technology|IPv6 only|Content
152920,Unknown,
152921,Other,Service|IPv6 only
152922,Other,IPv6 only
152930,Other,IPv6 only
153033,Other,"Media, Publishing, and Broadcasting|IPv6 only"
153034,Other,IPv6 only
153057,Other,IPv6 only
153168,Other,IPv6 only
153170,Other,IPv6 only
153171,Other,IPv6 only
153172,Other,IPv6 only
153185,Other,IPv6 only
153186,Other,IPv6 only
153187,Other,"Media, Publishing, and Broadcasting|IPv6 only"
153189,Other,IPv6 only
153190,Other,IPv6 only
153195,Unknown,
153330,Other,IPv6 only
153331,Other,IPv6 only
153332,Content/CDN,"Computer and Information Technology|Software Development|Hosting, Cloud Provider, Data Center, Server Colocation|IPv6 only"
153333,Other,IPv6 only
153376,Other,"Content|Museums, Libraries, and Entertainment|Computer and Information Technology"
153458,Other,"Media, Publishing, and Broadcasting|IPv6 only"
153468,Unknown,
153497,Other,Other
153593,Other,Computer and Information Technology
153633,Unknown,
153662,Other,"Investment, Portfolio Management, Pensions and Funds|Finance and Insurance"
153712,ISP,Computer and Information Technology|Internet Service Provider (ISP)
153725,ISP,Eyeball|Computer and Information Technology|Internet Service Provider (ISP)|Anycast
153726,Unknown,
55439,ISP,"Media, Publishing, and Broadcasting|Computer and Information Technology|Software Development|Online Informational Content"
153747,Enterprise,"Computer and Information Technology|Service|Law, Business, and Consulting Services"
55461,ISP,"Hosting, Cloud Provider, Data Center, Server Colocation|Computer and Information Technology|Internet Service Provider (ISP)|Hosting and Cloud Provider"
55462,ISP,"Hosting, Cloud Provider, Data Center, Server Colocation|Computer and Information Technology|Hosting and Cloud Provider|Internet Service Provider (ISP)"
55463,ISP,"Hosting, Cloud Provider, Data Center, Server Colocation|Computer and Information Technology|Internet Service Provider (ISP)|Hosting and Cloud Provider"
55466,ISP,"Internet Service Provider (ISP)|Hosting and Cloud Provider|Hosting, Cloud Provider, Data Center, Server Colocation|Computer and Information Technology"
55468,Other,"Radio and Television Providers|Music and Video Industry|Computer and Information Technology|Media, Publishing, and Broadcasting"
55515,ISP,"Internet Service Provider (ISP)|Hosting and Cloud Provider|Hosting, Cloud Provider, Data Center, Server Colocation|Computer and Information Technology"
153911,Other,"Media, Publishing, and Broadcasting"
55641,ISP,IPv6 only|Hosting and Cloud Provider|Computer and Information Technology|Internet Service Provider (ISP)
154010,Other,"Retail Stores, Wholesale, and E-commerce Sites"
55739,ISP,"Hosting, Cloud Provider, Data Center, Server Colocation|Computer and Information Technology|Internet Service Provider (ISP)|Hosting and Cloud Provider"
55786,Other,Computer and Information Technology|Manufacturing|Electronics and Computer Components
55826,ISP,Not Validating RPKI ROV|Internet Service Provider (ISP)|Computer and Information Technology
55849,ISP,"Hosting, Cloud Provider, Data Center, Server Colocation|Computer and Information Technology|Internet Service Provider (ISP)|Hosting and Cloud Provider"
154155,Other,Software Development|Computer and Information Technology|IPv6 only
55877,Other,"Recreation, Sports, and Performing Arts|Museums, Libraries, and Entertainment"
154185,Other,IPv6 only|Computer and Information Technology|Personal ASN
55883,ISP,"Internet Service Provider (ISP)|Hosting and Cloud Provider|Computer and Information Technology|Hosting, Cloud Provider, Data Center, Server Colocation"
55886,ISP,"Computer and Information Technology|Hosting and Cloud Provider|Hosting, Cloud Provider, Data Center, Server Colocation|Internet Service Provider (ISP)"
55929,ISP,"Hosting, Cloud Provider, Data Center, Server Colocation|Hosting and Cloud Provider|Internet Service Provider (ISP)|Computer and Information Technology"
55937,ISP,"Computer and Information Technology|Internet Service Provider (ISP)|Hosting and Cloud Provider|Hosting, Cloud Provider, Data Center, Server Colocation"
55956,Academic/Edu,"Research and Development Organizations|Motor Vehicles and Parts|Retail Stores, Wholesale, and E-commerce Sites|Education and Research"
55957,Other,"Radio and Television Providers|Online Informational Content|Online Music and Video Streaming Services|Media, Publishing, and Broadcasting"
55958,ISP,Community Groups and Nonprofits|Internet Service Provider (ISP)|Computer and Information Technology
55959,ISP,Computer and Information Technology|Hosting and Cloud Provider|Internet Service Provider (ISP)|Software Development
55960,ISP,Content|Not Validating RPKI ROV|Phone Provider|Computer and Information Technology
55961,Other,Manufacturing|Electronics and Computer Components
55962,ISP,"Media, Publishing, and Broadcasting|Music and Video Industry|Computer and Information Technology|Manufacturing"
55963,Other,"Media, Publishing, and Broadcasting|Print Media (Newspapers, Magazines, Books)"
55964,ISP,"Media, Publishing, and Broadcasting|Computer and Information Technology|Online Informational Content|Education and Research"
55965,ISP,"Media, Publishing, and Broadcasting|Online Informational Content|Software Development|Internet Service Provider (ISP)"
55966,Enterprise,"Corporate/Enterprise|Banks, Credit Card Companies, Mortgage Providers|Finance and Insurance"
55967,Content/CDN,Content|Hosting and Cloud Provider|Software Development|Search
55968,ISP,Computer and Information Technology|Internet Service Provider (ISP)
55969,ISP,Computer and Information Technology|Internet Service Provider (ISP)
55970,ISP,Computer and Information Technology|Internet Service Provider (ISP)
55971,Academic/Edu,Not Validating RPKI ROV|Service|Government and Public Administration|Community Groups and Nonprofits
55972,Other,Computer and Information Technology
55973,Other,Computer and Information Technology
55974,Enterprise,"Investment, Portfolio Management, Pensions and Funds|Finance and Insurance|Law, Business, and Consulting Services|Service"
55975,Other,Computer and Information Technology|Software Development
55976,Other,Computer and Information Technology
55977,Enterprise,"Law, Business, and Consulting Services|Service"
55978,ISP,"Software Development|Media, Publishing, and Broadcasting|Computer and Information Technology|Internet Service Provider (ISP)"
55979,ISP,Education and Research|Online Informational Content|Internet Service Provider (ISP)|Software Development
55980,ISP,Computer and Information Technology|Software Development|Internet Service Provider (ISP)|Education and Research
55981,Unknown,
55982,ISP,"Internet Service Provider (ISP)|Service|Media, Publishing, and Broadcasting|Computer and Information Technology"
55983,ISP,Phone Provider|Internet Service Provider (ISP)|Computer and Information Technology
55984,ISP,Internet Service Provider (ISP)|Software Development|Computer and Information Technology|Education and Research
55985,Other,Computer and Information Technology
55986,Other,"Software Development|Retail Stores, Wholesale, and E-commerce Sites|Computer and Information Technology"
55987,ISP,Computer and Information Technology|Internet Service Provider (ISP)
55988,Other,Computer and Information Technology
55989,Other,Manufacturing|Electronics and Computer Components
55990,Content/CDN,Content|Hosting and Cloud Provider|Computer and Information Technology|VPN Host
55991,Unknown,
55992,ISP,Content|Not Validating RPKI ROV|Hosting and Cloud Provider|Government and Public Administration
55993,ISP,Computer and Information Technology|Education and Research|Online Informational Content|Internet Service Provider (ISP)
55994,Content/CDN,Computer and Information Technology|Hosting and Cloud Provider|Software Development
55995,Other,"Media, Publishing, and Broadcasting|Online Informational Content"
154300,Unknown,
55996,ISP,Internet Service Provider (ISP)|Computer and Information Technology
55998,Enterprise,"Service|Law, Business, and Consulting Services"
55999,Other,Computer and Information Technology
56000,Enterprise,"Service|Manufacturing|Food, Grocery, Beverages|Retail Stores, Wholesale, and E-commerce Sites"
56001,ISP,"Education and Research|Online Informational Content|Internet Service Provider (ISP)|Media, Publishing, and Broadcasting"
56002,Other,Finance and Insurance|Not Validating RPKI ROV
56003,Other,Computer and Information Technology
56004,Government,"Not Validating RPKI ROV|Government and Public Administration|Government and Regulatory Agencies, Administrations, Departments, and Services|IPv6 only"
56005,ISP,Internet Service Provider (ISP)|Computer and Information Technology
56006,Other,"Finance and Insurance|Banks, Credit Card Companies, Mortgage Providers"
56007,Enterprise,"Finance and Insurance|Law, Business, and Consulting Services|Investment, Portfolio Management, Pensions and Funds|Service"
56008,ISP,Computer and Information Technology|Internet Service Provider (ISP)
56009,Other,Computer and Information Technology
56010,Academic/Edu,Education and Research|Research and Development Organizations
56011,Other,Service
56012,ISP,"Law, Business, and Consulting Services|Internet Service Provider (ISP)|Service|Computer and Information Technology"
56013,ISP,"Phone Provider|Media, Publishing, and Broadcasting|Retail Stores, Wholesale, and E-commerce Sites|Computer and Information Technology"
56014,Other,Software Development|Computer and Information Technology
56015,Other,"Finance and Insurance|Investment, Portfolio Management, Pensions and Funds"
154315,Unknown,
56019,Other,"Banks, Credit Card Companies, Mortgage Providers|Finance and Insurance"
56040,ISP,Eyeball|Not Validating RPKI ROV|Computer and Information Technology|Internet Service Provider (ISP)
56041,ISP,Eyeball|Not Validating RPKI ROV|Internet Service Provider (ISP)|Computer and Information Technology
56042,ISP,Eyeball|Not Validating RPKI ROV|Computer and Information Technology|Internet Service Provider (ISP)
56044,ISP,Eyeball|Not Validating RPKI ROV|Computer and Information Technology|Internet Service Provider (ISP)
56045,ISP,Anycast|Internet Service Provider (ISP)|Computer and Information Technology
56046,ISP,Eyeball|Validating RPKI ROV|Computer and Information Technology|Internet Service Provider (ISP)
56047,ISP,Eyeball|Validating RPKI ROV|Internet Service Provider (ISP)|Computer and Information Technology
56048,ISP,Eyeball|Not Validating RPKI ROV|Computer and Information Technology|Internet Service Provider (ISP)
56053,ISP,"Internet Service Provider (ISP)|Hosting and Cloud Provider|Hosting, Cloud Provider, Data Center, Server Colocation|Computer and Information Technology"
154402,Unknown,
56116,ISP,"Hosting, Cloud Provider, Data Center, Server Colocation|Hosting and Cloud Provider|Computer and Information Technology|Internet Service Provider (ISP)"
56119,Other,Software Development|Computer and Information Technology
56127,ISP,"Hosting, Cloud Provider, Data Center, Server Colocation|Internet Service Provider (ISP)|Computer and Information Technology|Hosting and Cloud Provider"
56176,ISP,Internet Service Provider (ISP)|Computer and Information Technology|Hosting and Cloud Provider
56187,ISP,"Hosting and Cloud Provider|Hosting, Cloud Provider, Data Center, Server Colocation|Internet Service Provider (ISP)|Computer and Information Technology"
56230,ISP,"Hosting, Cloud Provider, Data Center, Server Colocation|Internet Service Provider (ISP)|Hosting and Cloud Provider|Computer and Information Technology"
56279,ISP,Computer and Information Technology|Internet Service Provider (ISP)|Hosting and Cloud Provider
56282,ISP,Computer and Information Technology|Internet Service Provider (ISP)
56292,ISP,"Computer and Information Technology|Internet Service Provider (ISP)|Hosting and Cloud Provider|Hosting, Cloud Provider, Data Center, Server Colocation"
56314,ISP,"Hosting, Cloud Provider, Data Center, Server Colocation|Computer and Information Technology|Internet Service Provider (ISP)|Hosting and Cloud Provider"
23610,Other,"Media, Publishing, and Broadcasting|Radio and Television Providers"
23611,Unknown,
23650,ISP,Content|Not Validating RPKI ROV|Hosting and Cloud Provider|Internet Service Provider (ISP)
23662,Unknown,
23724,ISP,Eyeball|Not Validating RPKI ROV|Internet Service Provider (ISP)|Computer and Information Technology
23771,ISP,Community Groups and Nonprofits|Internet Service Provider (ISP)|Service|Computer and Information Technology
23839,ISP,Computer and Information Technology|Internet Service Provider (ISP)
23840,Other,Manufacturing|Electronics and Computer Components
23841,ISP,"Internet Service Provider (ISP)|Media, Publishing, and Broadcasting|Computer and Information Technology|Radio and Television Providers"
23842,Other,"Service|Buildings, Repair, Maintenance (Pest Control, Landscaping, Cleaning, Locksmiths, Car Washes, etc)"
23843,Other,"Human Rights and Social Advocacy (Human Rights, Environment and Wildlife Conservation, Other)|Community Groups and Nonprofits"
23844,ISP,Phone Provider|Computer and Information Technology|Internet Service Provider (ISP)
23845,Other,Computer and Information Technology
23846,Academic/Edu,"Education and Research|Colleges, Universities, and Professional Schools"
23847,Unknown,
23848,Other,Content|Computer and Information Technology|Software Development
23849,ISP,Computer and Information Technology|Internet Service Provider (ISP)
23850,Other,"Radio and Television Providers|Media, Publishing, and Broadcasting"
23851,Other,"Civil Engineering Construction (Utility Lines, Roads and Bridges)|Construction and Real Estate"
23852,ISP,Internet Service Provider (ISP)|Software Development|Computer and Information Technology
23853,ISP,"Content|Internet Service Provider (ISP)|Hosting and Cloud Provider|Retail Stores, Wholesale, and E-commerce Sites"
23910,Academic/Edu,"IPv6 only|Not Validating RPKI ROV|Research and Development Organizations|Colleges, Universities, and Professional Schools"
23911,ISP,"Carrier|Colleges, Universities, and Professional Schools|Education and Research"
23912,Other,"Retail Stores, Wholesale, and E-commerce Sites"
23924,ISP,"Internet Service Provider (ISP)|Hosting and Cloud Provider|Computer and Information Technology|Hosting, Cloud Provider, Data Center, Server Colocation"
24059,ISP,"Finance and Insurance|Investment, Portfolio Management, Pensions and Funds|Internet Service Provider (ISP)|Computer and Information Technology"
24133,ISP,Service|Internet Service Provider (ISP)|Hosting and Cloud Provider|Software Development
24134,Other,Computer and Information Technology
24135,Unknown,
24136,ISP,Computer and Information Technology|Education and Research|Internet Service Provider (ISP)
24137,Enterprise,"Service|Law, Business, and Consulting Services"
24138,ISP,Eyeball|Not Validating RPKI ROV|Computer and Information Technology|Internet Service Provider (ISP)
24139,ISP,Eyeball|Not Validating RPKI ROV|Computer and Information Technology|Internet Service Provider (ISP)
24140,ISP,Software Development|Computer and Information Technology|Internet Service Provider (ISP)|Service
24141,ISP,Computer and Information Technology|Internet Service Provider (ISP)
24142,Other,Computer and Information Technology|Software Development
24143,Other,"Construction and Real Estate|Civil Engineering Construction (Utility Lines, Roads and Bridges)"
24144,Content/CDN,"Hosting, Cloud Provider, Data Center, Server Colocation|Computer and Information Technology|IPv6 only"
24145,Unknown,
24146,Unknown,
24147,ISP,Internet Service Provider (ISP)|Computer and Information Technology
24148,Unknown,
24149,ISP,Internet Critical Infra|Computer and Information Technology|Internet Service Provider (ISP)|Anycast
24150,ISP,"Media, Publishing, and Broadcasting|Computer and Information Technology|Radio and Television Providers|Online Informational Content"
24151,ISP,Tranco 10k Host|Not Validating RPKI ROV|Computer and Information Technology|Education and Research
24152,Unknown,
24239,Content/CDN,"IPv6 only|Hosting, Cloud Provider, Data Center, Server Colocation|Computer and Information Technology"
24301,Other,"Retail Stores, Wholesale, and E-commerce Sites"
24302,ISP,IPv6 only|Internet Service Provider (ISP)|Computer and Information Technology
24310,Other,"Software Development|Computer and Information Technology|Retail Stores, Wholesale, and E-commerce Sites"
24311,ISP,Phone Provider|Internet Service Provider (ISP)|Computer and Information Technology
24348,Academic/Edu,"Colleges, Universities, and Professional Schools|Not Validating RPKI ROV|Education and Research"
24349,Academic/Edu,"Colleges, Universities, and Professional Schools|Not Validating RPKI ROV|Education and Research"
24350,Academic/Edu,"Colleges, Universities, and Professional Schools|Validating RPKI ROV|Education and Research"
24351,Academic/Edu,"Not Validating RPKI ROV|Education and Research|Colleges, Universities, and Professional Schools|IPv6 only"
24352,Academic/Edu,"Colleges, Universities, and Professional Schools|Validating RPKI ROV|Education and Research"
24353,Academic/Edu,"Colleges, Universities, and Professional Schools|Validating RPKI ROV|Education and Research"
24354,Other,IPv6 only|Not Validating RPKI ROV|Computer and Information Technology
24355,Academic/Edu,"Colleges, Universities, and Professional Schools|Validating RPKI ROV|Education and Research"
24356,Academic/Edu,"IPv6 only|Not Validating RPKI ROV|Education and Research|Colleges, Universities, and Professional Schools"
24357,Academic/Edu,"Education and Research|Not Validating RPKI ROV|Colleges, Universities, and Professional Schools"
24358,Academic/Edu,"Colleges, Universities, and Professional Schools|Not Validating RPKI ROV|Education and Research"
24359,Other,IPv6 only|Not Validating RPKI ROV|Computer and Information Technology
24360,Other,IPv6 only|Validating RPKI ROV|Computer and Information Technology
24361,Academic/Edu,"Colleges, Universities, and Professional Schools|Not Validating RPKI ROV|Education and Research"
24362,Academic/Edu,"Colleges, Universities, and Professional Schools|Not Validating RPKI ROV|Education and Research"
24363,Academic/Edu,"Colleges, Universities, and Professional Schools|Validating RPKI ROV|Education and Research"
24364,Eyeball,"Eyeball|Not Validating RPKI ROV|Education and Research|Colleges, Universities, and Professional Schools"
24365,Academic/Edu,"Not Validating RPKI ROV|Colleges, Universities, and Professional Schools|Education and Research|IPv6 only"
24366,Other,Not Validating RPKI ROV|Computer and Information Technology|IPv6 only
24367,Academic/Edu,"IPv6 only|Validating RPKI ROV|Colleges, Universities, and Professional Schools|Education and Research"
24368,Other,Not Validating RPKI ROV|IPv6 only|Computer and Information Technology
24369,Academic/Edu,"Education and Research|Validating RPKI ROV|Colleges, Universities, and Professional Schools"
24370,Academic/Edu,"Not Validating RPKI ROV|Colleges, Universities, and Professional Schools|Education and Research"
24371,Academic/Edu,"Education and Research|Not Validating RPKI ROV|Colleges, Universities, and Professional Schools"
24372,Other,Computer and Information Technology|Not Validating RPKI ROV
24376,ISP,Internet Service Provider (ISP)|Computer and Information Technology
24400,ISP,Carrier|Validating RPKI ROV|Computer and Information Technology|Internet Service Provider (ISP)
24401,Unknown,
24402,Enterprise,"Service|Law, Business, and Consulting Services"
24403,Other,Computer and Information Technology
24404,Other,Computer and Information Technology
24405,Unknown,
24406,ISP,"Anycast|Software Development|Media, Publishing, and Broadcasting|Computer and Information Technology"
24407,Other,Computer and Information Technology
24408,ISP,"Software Development|Computer and Information Technology|Media, Publishing, and Broadcasting|Education and Research"
24409,ISP,Internet Critical Infra|Internet Service Provider (ISP)|Online Informational Content|Education and Research
24410,ISP,"Media, Publishing, and Broadcasting|Computer and Information Technology|Online Informational Content|Education and Research"
24411,Unknown,
24412,Unknown,
24413,Content/CDN,Computer and Information Technology|Validating RPKI ROV|Hosting and Cloud Provider
24414,Unknown,
24415,Other,"Radio and Television Providers|Media, Publishing, and Broadcasting"
24416,ISP,"Validating RPKI ROV|Computer and Information Technology|Museums, Libraries, and Entertainment|Software Development"
24417,Other,"Radio and Television Providers|Media, Publishing, and Broadcasting"
24418,ISP,Internet Service Provider (ISP)|Computer and Information Technology|Hosting and Cloud Provider|Software Development
24419,Unknown,
24420,Academic/Edu,"Education and Research|Research and Development Organizations|Colleges, Universities, and Professional Schools"
24421,Other,"Retail Stores, Wholesale, and E-commerce Sites|Clothing, Fashion, Luggage"
24422,Enterprise,"Law, Business, and Consulting Services|Service"
24423,ISP,Education and Research|Software Development|Computer and Information Technology|Internet Service Provider (ISP)
24424,Other,Technology Consulting Services|Software Development|Search|Computer and Information Technology
24425,ISP,Internet Service Provider (ISP)|Computer and Information Technology
24426,Other,Computer and Information Technology
24427,ISP,Internet Service Provider (ISP)|Not Validating RPKI ROV|Computer and Information Technology
24428,ISP,Internet Service Provider (ISP)|Software Development|Manufacturing|Machinery
24429,Content/CDN,Content|Software Development|Hosting and Cloud Provider|Computer and Information Technology
24430,Enterprise,"Corporate/Enterprise|Freight, Shipment, and Postal Services|Postal Services and Couriers"
24444,ISP,Eyeball|Validating RPKI ROV|Internet Service Provider (ISP)|Phone Provider
24445,ISP,Eyeball|Not Validating RPKI ROV|Phone Provider|Computer and Information Technology
24460,Other,"Retail Stores, Wholesale, and E-commerce Sites"
24489,ISP,Internet Service Provider (ISP)|Computer and Information Technology
24490,ISP,Computer and Information Technology|Internet Service Provider (ISP)
24495,Other,"Retail Stores, Wholesale, and E-commerce Sites"
24547,ISP,Eyeball|Validating RPKI ROV|Internet Service Provider (ISP)|Computer and Information Technology
57330,Eyeball,Education and Research|Eyeball
24575,Academic/Edu,"Colleges, Universities, and Professional Schools|Education and Research"
58026,Enterprise,"Food Services and Drinking Places|Freight, Shipment, and Postal Services|Postal Services and Couriers|Law, Business, and Consulting Services"
58336,ISP,"Law, Business, and Consulting Services|Service|Internet Service Provider (ISP)|Computer and Information Technology"
58410,ISP,"Internet Service Provider (ISP)|Hosting and Cloud Provider|Hosting, Cloud Provider, Data Center, Server Colocation|Computer and Information Technology"
58412,ISP,"Internet Service Provider (ISP)|Hosting and Cloud Provider|Computer and Information Technology|Hosting, Cloud Provider, Data Center, Server Colocation"
58415,ISP,"Computer and Information Technology|Internet Service Provider (ISP)|Hosting and Cloud Provider|Hosting, Cloud Provider, Data Center, Server Colocation"
58416,Other,"Media, Publishing, and Broadcasting"
58417,ISP,"Computer and Information Technology|Hosting, Cloud Provider, Data Center, Server Colocation|Internet Service Provider (ISP)|Hosting and Cloud Provider"
58448,Other,"Anycast|Social Assistance (Temporary Shelters, Emergency Relief, Child Day Care, etc)|Service|Internet Critical Infra"
58461,ISP,Carrier|Not Validating RPKI ROV|Computer and Information Technology|Internet Service Provider (ISP)
58466,ISP,Eyeball|Not Validating RPKI ROV|Internet Service Provider (ISP)|Computer and Information Technology
58517,ISP,Phone Provider|Internet Service Provider (ISP)|Computer and Information Technology
58518,ISP,Phone Provider|Internet Service Provider (ISP)|Computer and Information Technology
58519,ISP,Content|Not Validating RPKI ROV|Computer and Information Technology|Internet Service Provider (ISP)
58520,ISP,Internet Service Provider (ISP)|Computer and Information Technology
58536,Other,"Internet Critical Infra|Service|Social Assistance (Temporary Shelters, Emergency Relief, Child Day Care, etc)"
58539,ISP,Computer and Information Technology|Internet Service Provider (ISP)
58540,ISP,Eyeball|Internet Service Provider (ISP)|Computer and Information Technology|Tranco 10k Host
58541,ISP,Computer and Information Technology|Not Validating RPKI ROV|Internet Service Provider (ISP)
58542,ISP,Content|Not Validating RPKI ROV|Computer and Information Technology|Internet Service Provider (ISP)
58543,ISP,Computer and Information Technology|Not Validating RPKI ROV|Internet Service Provider (ISP)
58563,ISP,Internet Service Provider (ISP)|Not Validating RPKI ROV|Computer and Information Technology
58564,ISP,"Insurance Carriers and Agencies|Finance and Insurance|Investment, Portfolio Management, Pensions and Funds"
58565,Other,Real Estate (Residential and/or Commercial)|Construction and Real Estate
58566,Unknown,
58567,ISP,"Investment, Portfolio Management, Pensions and Funds|Insurance Carriers and Agencies|Finance and Insurance"
58568,ISP,"Investment, Portfolio Management, Pensions and Funds|Insurance Carriers and Agencies|Finance and Insurance"
58569,ISP,"Investment, Portfolio Management, Pensions and Funds|Insurance Carriers and Agencies|Finance and Insurance"
58570,ISP,"Finance and Insurance|Investment, Portfolio Management, Pensions and Funds|Insurance Carriers and Agencies"
58571,ISP,Internet Service Provider (ISP)|Computer and Information Technology
58572,ISP,"Finance and Insurance|Investment, Portfolio Management, Pensions and Funds|Insurance Carriers and Agencies"
58573,ISP,"Investment, Portfolio Management, Pensions and Funds|Insurance Carriers and Agencies|Finance and Insurance"
58574,ISP,"Finance and Insurance|Investment, Portfolio Management, Pensions and Funds|Insurance Carriers and Agencies"
58593,ISP,Content|Not Validating RPKI ROV|Computer and Information Technology|Internet Service Provider (ISP)
58741,Other,Computer and Information Technology
58769,Other,Other
58770,Other,Other
58771,Other,Other
58772,Other,"Agriculture, Mining, and Refineries (Farming, Greenhouses, Mining, Forestry, and Animal Farming)|Utilities (Excluding Internet Service)|Banks, Credit Card Companies, Mortgage Providers|Finance and Insurance"
58773,Other,"Media, Publishing, and Broadcasting|Print Media (Newspapers, Magazines, Books)"
58774,Government,"Government and Public Administration|Government and Regulatory Agencies, Administrations, Departments, and Services"
58775,Other,"Media, Publishing, and Broadcasting|Print Media (Newspapers, Magazines, Books)"
58776,Other,Computer and Information Technology
58777,Other,Computer and Information Technology
58811,Other,"Anycast|Social Assistance (Temporary Shelters, Emergency Relief, Child Day Care, etc)|Service"
58827,Other,Computer and Information Technology
58828,Academic/Edu,Education and Research|Research and Development Organizations|IPv6 only
58829,ISP,Computer and Information Technology|Education and Research|Online Informational Content|Internet Service Provider (ISP)
58830,Other,Computer and Information Technology
58831,ISP,"Education and Research|Media, Publishing, and Broadcasting|Online Informational Content|Internet Service Provider (ISP)"
58832,Unknown,
58833,Other,Buildings (Residential or Commercial)|Construction and Real Estate
58834,ISP,Home ISP|Online Informational Content|Software Development|Internet Service Provider (ISP)
58835,Other,Computer and Information Technology
58836,Other,"Retail Stores, Wholesale, and E-commerce Sites"
58837,Other,Computer and Information Technology
58838,Other,"Retail Stores, Wholesale, and E-commerce Sites"
58839,Other,Computer and Information Technology|Phone Provider
58840,ISP,Software Development|Internet Service Provider (ISP)|Research and Development Organizations|Computer and Information Technology
58841,ISP,"Online Informational Content|Media, Publishing, and Broadcasting|Software Development|Internet Service Provider (ISP)"
58842,Other,"Museums, Libraries, and Entertainment"
58843,Other,Computer and Information Technology
58844,Content/CDN,Hosting and Cloud Provider|Software Development|Computer and Information Technology
58845,Unknown,
58846,Unknown,
58847,Enterprise,"Law, Business, and Consulting Services|Service"
58848,Other,"Software Development|Retail Stores, Wholesale, and E-commerce Sites|Computer and Information Technology"
58849,ISP,"Computer and Information Technology|Media, Publishing, and Broadcasting|Internet Service Provider (ISP)|Online Informational Content"
58850,ISP,Internet Service Provider (ISP)|Computer and Information Technology
58851,Other,Software Development|Computer and Information Technology
58852,ISP,Education and Research|Online Informational Content|Software Development|Internet Service Provider (ISP)
58853,Other,"Retail Stores, Wholesale, and E-commerce Sites"
58854,ISP,"Internet Service Provider (ISP)|Hosting and Cloud Provider|Software Development|Hosting, Cloud Provider, Data Center, Server Colocation"
58855,ISP,Computer and Information Technology|Internet Service Provider (ISP)
58856,ISP,"Internet Service Provider (ISP)|Online Informational Content|Software Development|Media, Publishing, and Broadcasting"
58857,Other,Computer and Information Technology
58858,ISP,Computer and Information Technology|Online Informational Content|Education and Research|Software Development
58859,Other,Manufacturing|Electronics and Computer Components
58860,ISP,Computer and Information Technology|Online Informational Content|Education and Research|Internet Service Provider (ISP)
58861,Academic/Edu,Education and Research|Elementary and Secondary Schools
58862,Other,Computer and Information Technology|Other|Software Development
58863,ISP,Validating RPKI ROV|Computer and Information Technology|Internet Service Provider (ISP)
58864,Other,"Retail Stores, Wholesale, and E-commerce Sites"
58865,Enterprise,"Law, Business, and Consulting Services|Service"
58866,Other,Computer and Information Technology|Software Development
58879,ISP,Internet Service Provider (ISP)|Computer and Information Technology|Eyeball
58888,ISP,"Hosting, Cloud Provider, Data Center, Server Colocation|Computer and Information Technology|Hosting and Cloud Provider|Internet Service Provider (ISP)"
58908,Academic/Edu,Education and Research|Research and Development Organizations
58991,ISP,"Software Development|Media, Publishing, and Broadcasting|Computer and Information Technology|Education and Research"
58992,ISP,"Online Informational Content|Media, Publishing, and Broadcasting|Internet Service Provider (ISP)|Education and Research"
58993,ISP,"Education and Research|Media, Publishing, and Broadcasting|Computer and Information Technology|Internet Service Provider (ISP)"
58994,ISP,Software Development|Computer and Information Technology|Education and Research|Online Informational Content
58995,Unknown,
58996,Enterprise,"Law, Business, and Consulting Services|Service"
58997,Content/CDN,Hosting and Cloud Provider|Computer and Information Technology
58998,Content/CDN,Hosting and Cloud Provider|Computer and Information Technology
58999,Other,Software Development|Computer and Information Technology
59000,Other,Computer and Information Technology
59001,ISP,"Online Informational Content|Media, Publishing, and Broadcasting|Internet Service Provider (ISP)|Software Development"
59002,ISP,Internet Service Provider (ISP)|Computer and Information Technology
59003,Other,Software Development|Computer and Information Technology
59004,ISP,"Media, Publishing, and Broadcasting|Online Informational Content|Internet Service Provider (ISP)|Computer and Information Technology"
59005,ISP,"Education and Research|Media, Publishing, and Broadcasting|Computer and Information Technology|Internet Service Provider (ISP)"
59006,ISP,Computer and Information Technology|Internet Service Provider (ISP)
59007,Other,Computer and Information Technology
59008,ISP,Internet Service Provider (ISP)|Software Development|Computer and Information Technology|Education and Research
59009,ISP,Computer and Information Technology|Software Development|Education and Research|Online Informational Content
59010,Other,"Retail Stores, Wholesale, and E-commerce Sites"
59011,Other,"Retail Stores, Wholesale, and E-commerce Sites"
59012,Enterprise,"Freight, Shipment, and Postal Services|Manufacturing|Service|Law, Business, and Consulting Services"
59013,Unknown,
59014,ISP,"Media, Publishing, and Broadcasting|Online Informational Content|Internet Service Provider (ISP)|Computer and Information Technology"
59015,Other,"Retail Stores, Wholesale, and E-commerce Sites"
59016,Other,"Radio and Television Providers|Media, Publishing, and Broadcasting"
59017,Academic/Edu,"Education and Research|Other Schools, Instruction, and Exam Preparation (Trade Schools, Art Schools, Driving Instruction, etc.)"
59018,Unknown,
59019,ISP,"Content|Software Development|Military, Defense, National Security, and International Affairs|Museums, Libraries, and Entertainment"
59020,ISP,Internet Service Provider (ISP)|Software Development|Hosting and Cloud Provider|Computer and Information Technology
59021,Other,"Retail Stores, Wholesale, and E-commerce Sites"
59022,Other,"Media, Publishing, and Broadcasting|Online Music and Video Streaming Services|Music and Video Industry"
59023,ISP,"Software Development|Education and Research|Media, Publishing, and Broadcasting|Online Informational Content"
59024,ISP,"Online Informational Content|Internet Service Provider (ISP)|Media, Publishing, and Broadcasting|Computer and Information Technology"
59025,ISP,"Media, Publishing, and Broadcasting|Computer and Information Technology|Online Informational Content|Internet Service Provider (ISP)"
59026,ISP,"Service|Law, Business, and Consulting Services|Media, Publishing, and Broadcasting|Online Informational Content"
59027,ISP,Internet Service Provider (ISP)|Computer and Information Technology
59028,Other,Service
59029,Enterprise,"Online Informational Content|Law, Business, and Consulting Services|Service|Radio and Television Providers"
59030,Other,Manufacturing|Electronics and Computer Components
59031,Content/CDN,Hosting and Cloud Provider|Computer and Information Technology|Software Development|Phone Provider
59032,Other,Computer and Information Technology
59033,ISP,Computer and Information Technology|Internet Service Provider (ISP)
59034,Other,Computer and Information Technology|Software Development
59035,ISP,Online Informational Content|Software Development|Computer and Information Technology|Internet Service Provider (ISP)
59036,Other,Computer and Information Technology
59037,Content/CDN,Software Development|Computer and Information Technology|Hosting and Cloud Provider
59038,Other,"Media, Publishing, and Broadcasting"
59039,Enterprise,"Music and Video Industry|Service|Law, Business, and Consulting Services|Media, Publishing, and Broadcasting"
59040,Other,"Retail Stores, Wholesale, and E-commerce Sites"
59041,ISP,Computer and Information Technology|Internet Service Provider (ISP)
59042,Unknown,
59043,ISP,Not Validating RPKI ROV|Internet Service Provider (ISP)|Computer and Information Technology|Computer and Network Security
59044,Other,"Search|Computer and Information Technology|Software Development|Retail Stores, Wholesale, and E-commerce Sites"
59045,Content/CDN,Hosting and Cloud Provider|Not Validating RPKI ROV|Computer and Information Technology
59046,ISP,Computer and Information Technology|Internet Service Provider (ISP)
59047,Other,Computer and Information Technology
59048,ISP,Internet Service Provider (ISP)|Software Development|Computer and Information Technology
59049,Other,"Retail Stores, Wholesale, and E-commerce Sites"
59050,ISP,"Not Validating RPKI ROV|Computer and Information Technology|Software Development|Retail Stores, Wholesale, and E-commerce Sites"
59051,Other,Service
59052,Other,Service
59053,Other,Service
59054,Other,Service
59055,Other,Service
59056,Other,Computer and Information Technology
59057,ISP,"Media, Publishing, and Broadcasting|Computer and Information Technology|Internet Service Provider (ISP)|Online Informational Content"
59058,Other,Computer and Information Technology|Software Development
59059,Other,Computer and Information Technology
59060,ISP,"Education and Research|Internet Service Provider (ISP)|Media, Publishing, and Broadcasting|Online Informational Content"
59061,Other,Automotive and Transportation|Manufacturing
59062,ISP,"Education and Research|Computer and Information Technology|Online Informational Content|Media, Publishing, and Broadcasting"
59063,Other,Electronics and Computer Components|Manufacturing
59064,ISP,"Radio and Television Providers|Media, Publishing, and Broadcasting|Online Informational Content|Education and Research"
59065,Content/CDN,"Software Development|Finance and Insurance|Investment, Portfolio Management, Pensions and Funds|Computer and Information Technology"
59066,Other,Computer and Information Technology|Software Development
59067,Enterprise,"Phone Provider|Law, Business, and Consulting Services|Computer and Information Technology|Other"
59068,Other,"Banks, Credit Card Companies, Mortgage Providers|Finance and Insurance"
59069,Other,"Online Informational Content|Media, Publishing, and Broadcasting|Manufacturing"
59070,Content/CDN,Computer and Information Technology|Hosting and Cloud Provider
59071,Unknown,
59072,Other,Computer and Information Technology|Software Development
59073,Enterprise,"Corporate/Enterprise|Banks, Credit Card Companies, Mortgage Providers|Finance and Insurance|Investment, Portfolio Management, Pensions and Funds"
59074,ISP,Insurance Carriers and Agencies|Finance and Insurance
59075,ISP,"Online Informational Content|Media, Publishing, and Broadcasting|Computer and Information Technology|Software Development"
59076,ISP,"Computer and Information Technology|Software Development|Education and Research|Media, Publishing, and Broadcasting"
59077,ISP,Internet Service Provider (ISP)|Software Development|Computer and Information Technology|VPN Host
59078,ISP,Internet Service Provider (ISP)|Computer and Information Technology
59079,ISP,"Online Informational Content|Media, Publishing, and Broadcasting|Internet Service Provider (ISP)|Software Development"
59080,ISP,Internet Service Provider (ISP)|Software Development|Education and Research|Online Informational Content
59081,Other,Computer and Information Technology
59082,Other,Computer and Information Technology
59083,Other,Computer and Information Technology
59084,ISP,"Software Development|Media, Publishing, and Broadcasting|Computer and Information Technology|Education and Research"
59085,ISP,"Media, Publishing, and Broadcasting|Online Informational Content|Internet Service Provider (ISP)|Software Development"
59086,ISP,"Software Development|Education and Research|Internet Service Provider (ISP)|Media, Publishing, and Broadcasting"
59087,Other,Service
59088,Other,Service
59089,ISP,"Radio and Television Providers|Media, Publishing, and Broadcasting|Computer and Information Technology|Internet Service Provider (ISP)"
59090,ISP,Computer and Information Technology|Internet Service Provider (ISP)
59201,Academic/Edu,"Not Validating RPKI ROV|Education and Research|Colleges, Universities, and Professional Schools"
59223,Other,Computer and Information Technology
59224,Other,"Media, Publishing, and Broadcasting|Music and Video Industry|Online Music and Video Streaming Services"
59225,Other,"Music and Video Industry|Online Music and Video Streaming Services|Media, Publishing, and Broadcasting"
59226,Other,"Online Music and Video Streaming Services|Media, Publishing, and Broadcasting|Music and Video Industry"
59227,Other,"Online Music and Video Streaming Services|Media, Publishing, and Broadcasting|Music and Video Industry"
59228,Other,"Music and Video Industry|Online Music and Video Streaming Services|Media, Publishing, and Broadcasting"
59229,Other,"Investment, Portfolio Management, Pensions and Funds|Finance and Insurance"
59230,Other,"Media, Publishing, and Broadcasting|Music and Video Industry|Online Music and Video Streaming Services"
59231,Other,"Music and Video Industry|Media, Publishing, and Broadcasting|Online Music and Video Streaming Services"
59232,ISP,"Finance and Insurance|Insurance Carriers and Agencies|Investment, Portfolio Management, Pensions and Funds"
59233,Other,"Online Music and Video Streaming Services|Media, Publishing, and Broadcasting|Music and Video Industry"
59265,Other,"Freight, Shipment, and Postal Services|IPv6 only"
59293,Enterprise,"Service|Law, Business, and Consulting Services"
59294,Other,Computer and Information Technology
59296,Other,"Finance and Insurance|Investment, Portfolio Management, Pensions and Funds"
59297,Other,"Electric Power Generation, Transmission, Distribution|Utilities (Excluding Internet Service)"
59298,Other,"Electric Power Generation, Transmission, Distribution|Utilities (Excluding Internet Service)"
59299,Other,Computer and Information Technology
59300,Other,"Finance and Insurance|Investment, Portfolio Management, Pensions and Funds"
59301,Other,"Retail Stores, Wholesale, and E-commerce Sites"
59302,Other,Water Supply and Irrigation|Utilities (Excluding Internet Service)
59303,ISP,Insurance Carriers and Agencies|Finance and Insurance
59304,Other,Computer and Information Technology
59305,Other,Computer and Information Technology
59306,Enterprise,"Law, Business, and Consulting Services|Service"
59307,Other,Utilities (Excluding Internet Service)|Steam and Air-Conditioning Supply
59308,Other,"Retail Stores, Wholesale, and E-commerce Sites"
59309,Other,"Investment, Portfolio Management, Pensions and Funds|Finance and Insurance"
59310,Other,Construction and Real Estate|Real Estate (Residential and/or Commercial)
59311,Other,Computer and Information Technology
59312,Other,"Investment, Portfolio Management, Pensions and Funds|Finance and Insurance"
59313,Other,Computer and Information Technology
59314,Other,"Investment, Portfolio Management, Pensions and Funds|Finance and Insurance"
59384,ISP,"Investment, Portfolio Management, Pensions and Funds|Insurance Carriers and Agencies|Finance and Insurance"
59385,Unknown,
59386,Unknown,
59387,Unknown,
59388,Unknown,
59389,Unknown,
59390,Unknown,
59391,Unknown,
145645,Other,IPv6 only
60666,Other,"Food, Beverage, and Tobacco|Manufacturing|Retail Stores, Wholesale, and E-commerce Sites|Freight, Shipment, and Postal Services"
146105,Other,IPv6 only
145730,Other,IPv6 only
145734,Other,IPv6 only
62230,Enterprise,"Law, Business, and Consulting Services|Media, Publishing, and Broadcasting|Music and Video Industry|Service"
45056,Other,Service
45057,ISP,Internet Service Provider (ISP)|Computer and Information Technology|Eyeball
45058,ISP,Computer and Information Technology|Internet Service Provider (ISP)
45059,ISP,Internet Service Provider (ISP)|Computer and Information Technology
45060,ISP,Computer and Information Technology|Internet Service Provider (ISP)
45061,ISP,"Server Hosting|Internet Service Provider (ISP)|Computer and Information Technology|Retail Stores, Wholesale, and E-commerce Sites"
45063,Unknown,
142757,Other,IPv6 only
45064,ISP,Internet Service Provider (ISP)|Computer and Information Technology|Construction and Real Estate|Real Estate (Residential and/or Commercial)
45065,Unknown,
45066,Content/CDN,Computer and Information Technology|Hosting and Cloud Provider|Computer and Network Security
45067,ISP,"Education and Research|Media, Publishing, and Broadcasting|Online Informational Content|Software Development"
45068,Other,Computer and Information Technology
45069,ISP,Computer and Information Technology|Internet Service Provider (ISP)
45070,Enterprise,"Law, Business, and Consulting Services|Service"
45071,Other,Manufacturing|Clothing and Textiles
142767,Other,IPv6 only
45074,ISP,"Media, Publishing, and Broadcasting|Internet Service Provider (ISP)|Online Informational Content|Computer and Information Technology"
45075,Other,"Online Music and Video Streaming Services|Online Informational Content|Radio and Television Providers|Media, Publishing, and Broadcasting"
45076,Other,Computer and Information Technology|Search
45077,ISP,Internet Service Provider (ISP)|Computer and Information Technology|Education and Research
45078,ISP,Service|Computer and Information Technology|Internet Service Provider (ISP)|Community Groups and Nonprofits
45079,Other,"Retail Stores, Wholesale, and E-commerce Sites"
45080,Other,"Retail Stores, Wholesale, and E-commerce Sites"
45081,Academic/Edu,"Education and Research|Colleges, Universities, and Professional Schools"
45082,Other,Computer and Information Technology|Software Development
45083,ISP,"Media, Publishing, and Broadcasting|Internet Service Provider (ISP)|Software Development|Education and Research"
45084,ISP,"Media, Publishing, and Broadcasting|Online Informational Content|Internet Service Provider (ISP)|Computer and Information Technology"
45085,Other,Computer and Information Technology|Search
45086,Other,"Retail Stores, Wholesale, and E-commerce Sites"
45087,Other,"Retail Stores, Wholesale, and E-commerce Sites"
45088,Other,Computer and Information Technology
45089,Enterprise,"Service|Law, Business, and Consulting Services"
45090,ISP,"Content|Not Validating RPKI ROV|Museums, Libraries, and Entertainment|Law, Business, and Consulting Services"
45091,ISP,"Internet Service Provider (ISP)|Media, Publishing, and Broadcasting|Online Informational Content|Software Development"
45092,ISP,Computer and Information Technology|Internet Service Provider (ISP)
45093,Other,"Retail Stores, Wholesale, and E-commerce Sites"
45094,ISP,Software Development|Internet Service Provider (ISP)|Hosting and Cloud Provider|Computer and Information Technology
45095,Other,Electronics and Computer Components|Manufacturing
45096,Other,Software Development|Computer and Information Technology
45097,ISP,Hosting and Cloud Provider|Internet Service Provider (ISP)|Computer and Information Technology|Software Development
45099,Other,Computer and Information Technology
45102,Eyeball,Eyeball|Not Validating RPKI ROV|Computer and Information Technology|Software Development
45107,Unknown,
45115,Unknown,
63530,ISP,"Media, Publishing, and Broadcasting|Computer and Information Technology|Online Informational Content|Education and Research"
63531,ISP,Software Development|Internet Service Provider (ISP)|Computer and Information Technology
63532,Other,"Retail Stores, Wholesale, and E-commerce Sites"
63533,ISP,Education and Research|Online Informational Content|Internet Service Provider (ISP)|Software Development
63534,ISP,"Media, Publishing, and Broadcasting|Computer and Information Technology|Education and Research|Internet Service Provider (ISP)"
63535,Other,Computer and Information Technology
63536,Other,Computer and Information Technology
63537,Other,Software Development|Computer and Information Technology
63538,Other,Computer and Information Technology
63539,ISP,"Internet Service Provider (ISP)|Software Development|Media, Publishing, and Broadcasting|Computer and Information Technology"
63540,ISP,"Internet Service Provider (ISP)|Computer and Information Technology|Media, Publishing, and Broadcasting|Education and Research"
63541,ISP,"Internet Service Provider (ISP)|Computer and Information Technology|Software Development|Retail Stores, Wholesale, and E-commerce Sites"
63542,ISP,"Media, Publishing, and Broadcasting|Computer and Information Technology|Online Informational Content|Education and Research"
63543,ISP,"Online Informational Content|Internet Service Provider (ISP)|Software Development|Media, Publishing, and Broadcasting"
63544,Unknown,
63545,Other,Computer and Information Technology|Software Development
63546,Other,Computer and Information Technology|Software Development
63547,Other,Computer and Information Technology|Software Development
63548,ISP,Electronics and Computer Components|Manufacturing|Phone Provider|Computer and Information Technology
63549,Enterprise,"Law, Business, and Consulting Services|Service"
63550,ISP,"Media, Publishing, and Broadcasting|Computer and Information Technology|Education and Research|Online Informational Content"
63551,ISP,"Media, Publishing, and Broadcasting|Computer and Information Technology|Online Informational Content|Internet Service Provider (ISP)"
63552,Other,"Metal, Glass, Wood, and Paper Manufacturing|Manufacturing"
63553,Other,Software Development|Computer and Information Technology
63554,Other,Software Development|Computer and Information Technology
63555,ISP,Server Hosting|Internet Service Provider (ISP)|Computer and Information Technology
63556,Other,Software Development|Computer and Information Technology
63557,ISP,Software Development|Research and Development Organizations|Education and Research|Computer and Information Technology
63558,ISP,"Media, Publishing, and Broadcasting|Internet Service Provider (ISP)|Online Informational Content|Computer and Information Technology"
63559,ISP,Online Informational Content|Education and Research|Software Development|Internet Service Provider (ISP)
63560,Other,"Retail Stores, Wholesale, and E-commerce Sites"
63561,ISP,Internet Service Provider (ISP)|Computer and Information Technology|Education and Research|Software Development
63562,Other,Computer and Information Technology
63563,ISP,Education and Research|Software Development|Online Informational Content|Internet Service Provider (ISP)
63564,ISP,Internet Service Provider (ISP)|Software Development|Computer and Information Technology
63565,Other,Computer and Information Technology
63566,ISP,Computer and Information Technology|Internet Service Provider (ISP)
63567,ISP,"Computer and Information Technology|Education and Research|Media, Publishing, and Broadcasting|Online Informational Content"
63568,Other,Computer and Information Technology
63569,Other,Computer and Information Technology
63570,Unknown,
63571,ISP,"Media, Publishing, and Broadcasting|Internet Service Provider (ISP)|Computer and Information Technology|Software Development"
63572,ISP,Internet Service Provider (ISP)|Computer and Information Technology
63573,ISP,Internet Service Provider (ISP)|Computer and Information Technology|Hosting and Cloud Provider|Software Development
63574,Other,Machinery|Manufacturing
63575,Unknown,
63576,Unknown,
63577,ISP,Internet Service Provider (ISP)|Software Development|Computer and Information Technology|Education and Research
63578,ISP,Internet Service Provider (ISP)|Computer and Information Technology
63579,ISP,Computer and Information Technology|Software Development|Internet Service Provider (ISP)|Education and Research
63580,Academic/Edu,Not Validating RPKI ROV|Research and Development Organizations|Education and Research
63581,Other,"Radio and Television Providers|Media, Publishing, and Broadcasting"
63582,Academic/Edu,"Education and Research|Colleges, Universities, and Professional Schools|Academic"
63583,Academic/Edu,"Education and Research|Colleges, Universities, and Professional Schools"
63584,ISP,Internet Service Provider (ISP)|Hosting and Cloud Provider|Computer and Information Technology|Computer and Network Security
63585,Enterprise,"Retail Stores, Wholesale, and E-commerce Sites|Law, Business, and Consulting Services|Computer and Information Technology|Service"
63586,ISP,"Education and Research|Online Informational Content|Media, Publishing, and Broadcasting|Software Development"
63587,ISP,"Media, Publishing, and Broadcasting|Online Informational Content|Internet Service Provider (ISP)|Software Development"
63588,ISP,"Online Informational Content|Media, Publishing, and Broadcasting|Software Development|Internet Service Provider (ISP)"
63589,Other,Manufacturing|Machinery
63590,ISP,Computer and Information Technology|Education and Research|Software Development|Online Informational Content
63591,ISP,"Online Informational Content|Media, Publishing, and Broadcasting|Computer and Information Technology|Software Development"
63592,ISP,"Education and Research|Online Informational Content|Media, Publishing, and Broadcasting|Internet Service Provider (ISP)"
63593,Enterprise,Manufacturing|Phone Provider|Electronics and Computer Components|Computer and Information Technology
63594,Unknown,
63595,Other,Electronics and Computer Components|Manufacturing
63596,Unknown,
63597,Unknown,
63598,ISP,"Education and Research|Internet Service Provider (ISP)|Online Informational Content|Media, Publishing, and Broadcasting"
63599,ISP,Internet Service Provider (ISP)|Computer and Information Technology|Software Development
63600,ISP,Computer and Network Security|Internet Service Provider (ISP)|Computer and Information Technology
63601,ISP,Computer and Network Security|Computer and Information Technology|Internet Service Provider (ISP)
63602,Other,"Retail Stores, Wholesale, and E-commerce Sites|Clothing, Fashion, Luggage"
63603,ISP,Computer and Information Technology|Internet Service Provider (ISP)
63604,Unknown,
63605,Other,Computer and Information Technology
63606,ISP,"Media, Publishing, and Broadcasting|Internet Service Provider (ISP)|Software Development|Computer and Information Technology"
63607,Other,Computer and Information Technology
63608,Unknown,
63609,Other,Computer and Information Technology
63610,Other,Manufacturing|Electronics and Computer Components
63611,ISP,"Software Development|Retail Stores, Wholesale, and E-commerce Sites|Computer and Information Technology|Internet Service Provider (ISP)"
63612,ISP,Computer and Information Technology|Internet Service Provider (ISP)
63613,Unknown,
63614,ISP,Computer and Information Technology|Computer and Network Security|Internet Service Provider (ISP)|Hosting and Cloud Provider
63615,ISP,"Media, Publishing, and Broadcasting|Computer and Information Technology|Law, Business, and Consulting Services|Internet Service Provider (ISP)"
63616,Enterprise,"Retail Stores, Wholesale, and E-commerce Sites|Service|Law, Business, and Consulting Services"
63617,Enterprise,"Law, Business, and Consulting Services|Finance and Insurance|Retail Stores, Wholesale, and E-commerce Sites|Investment, Portfolio Management, Pensions and Funds"
63618,Other,Computer and Information Technology
63619,ISP,"Internet Service Provider (ISP)|Media, Publishing, and Broadcasting|Online Informational Content|Software Development"
63620,ISP,Internet Service Provider (ISP)|Computer and Information Technology|Eyeball
63621,ISP,Education and Research|Computer and Information Technology|Internet Service Provider (ISP)|Radio and Television Providers
63622,ISP,Hosting and Cloud Provider|Education and Research|Software Development|Online Informational Content
63623,Unknown,
63624,Unknown,
63625,Unknown,
63626,Unknown,
63627,ISP,"Education and Research|Media, Publishing, and Broadcasting|Online Informational Content|Internet Service Provider (ISP)"
63628,Other,Computer and Information Technology|Software Development
63629,Other,"Not Validating RPKI ROV|Media, Publishing, and Broadcasting|Manufacturing|Online Music and Video Streaming Services"
63630,ISP,"Computer and Information Technology|Software Development|Education and Research|Media, Publishing, and Broadcasting"
63631,ISP,Server Hosting|Internet Service Provider (ISP)|Computer and Information Technology
63632,ISP,"Internet Service Provider (ISP)|Online Informational Content|Media, Publishing, and Broadcasting|Software Development"
63633,Academic/Edu,Education and Research|Research and Development Organizations
63634,Other,Computer and Information Technology
63635,ISP,Internet Service Provider (ISP)|Computer and Information Technology|Software Development
63636,ISP,Internet Service Provider (ISP)|Computer and Information Technology
63637,Other,Computer and Information Technology
63638,ISP,"Media, Publishing, and Broadcasting|Computer and Information Technology|Internet Service Provider (ISP)|Online Informational Content"
63639,ISP,Internet Service Provider (ISP)|Computer and Information Technology
63640,ISP,"Media, Publishing, and Broadcasting|Online Informational Content|Internet Service Provider (ISP)|Computer and Information Technology"
63641,Enterprise,"Service|Law, Business, and Consulting Services"
63642,ISP,Internet Service Provider (ISP)|Computer and Information Technology
63643,Unknown,
63644,Other,"Retail Stores, Wholesale, and E-commerce Sites|Health Care Services|Service"
63645,Unknown,
63646,Content/CDN,Manufacturing|Hosting and Cloud Provider|Computer and Information Technology|Software Development
63647,ISP,"Server Hosting|Online Informational Content|Media, Publishing, and Broadcasting|Internet Service Provider (ISP)"
63648,Content/CDN,Tranco 10k Host|Manufacturing|Hosting and Cloud Provider|Software Development
63649,Other,Computer and Information Technology|Software Development
63650,Other,Computer and Information Technology
63651,ISP,Computer and Information Technology|Education and Research|Online Informational Content|Internet Service Provider (ISP)
63652,Unknown,
63653,ISP,"Media, Publishing, and Broadcasting|Computer and Information Technology|Education and Research|Online Informational Content"
63654,Other,"Software Development|Retail Stores, Wholesale, and E-commerce Sites|Computer and Information Technology|Computer and Network Security"
63655,ISP,"Military, Defense, National Security, and International Affairs|Computer and Information Technology|Hosting and Cloud Provider|Government and Public Administration"
63656,Other,Software Development|Computer and Information Technology
63657,Other,Software Development|Computer and Information Technology
63658,ISP,"Internet Service Provider (ISP)|Computer and Information Technology|Media, Publishing, and Broadcasting|Online Informational Content"
63659,ISP,Internet Service Provider (ISP)|Computer and Information Technology
63660,Other,Software Development|Computer and Information Technology
63661,ISP,Software Development|Computer and Information Technology|Internet Service Provider (ISP)
63662,ISP,Education and Research|Online Informational Content|Internet Service Provider (ISP)|Software Development
63663,Other,Manufacturing|Machinery
63664,ISP,"Media, Publishing, and Broadcasting|Internet Service Provider (ISP)|Online Informational Content|Computer and Information Technology"
63665,ISP,Computer and Information Technology|Software Development|Internet Service Provider (ISP)
63666,Enterprise,"Computer and Information Technology|Law, Business, and Consulting Services|Software Development|Service"
63667,Other,Software Development|Electronics and Computer Components|Computer and Information Technology|Manufacturing
63668,Other,"Banks, Credit Card Companies, Mortgage Providers|Finance and Insurance"
63669,Other,"Finance and Insurance|Banks, Credit Card Companies, Mortgage Providers"
63670,Unknown,
63671,ISP,"Media, Publishing, and Broadcasting|Computer and Information Technology|Online Informational Content|Education and Research"
63672,ISP,"Online Informational Content|Media, Publishing, and Broadcasting|Computer and Information Technology|Internet Service Provider (ISP)"
63673,Enterprise,"Service|Law, Business, and Consulting Services"
63674,Other,Computer and Information Technology|Software Development
63675,Other,Computer and Information Technology
63676,Content/CDN,Computer and Information Technology|Hosting and Cloud Provider
63677,ISP,Internet Service Provider (ISP)|Software Development|Computer and Information Technology
63678,ISP,Computer and Information Technology|Internet Service Provider (ISP)
63679,ISP,Validating RPKI ROV|Software Development|Computer and Information Technology|Internet Service Provider (ISP)
63680,ISP,Internet Service Provider (ISP)|Computer and Information Technology
63681,ISP,Computer and Information Technology|Internet Service Provider (ISP)|Software Development
63682,ISP,Computer and Information Technology|Internet Service Provider (ISP)
63683,Other,"Retail Stores, Wholesale, and E-commerce Sites"
63684,Enterprise,"Service|Law, Business, and Consulting Services|Computer and Information Technology"
63685,Content/CDN,Hosting and Cloud Provider|Software Development|Computer and Information Technology
63686,Other,"Media, Publishing, and Broadcasting|Radio and Television Providers"
63687,ISP,"Education and Research|Internet Service Provider (ISP)|Software Development|Media, Publishing, and Broadcasting"
63688,Content/CDN,Computer and Information Technology|Software Development|Hosting and Cloud Provider
63689,ISP,Computer and Information Technology|Internet Service Provider (ISP)
63690,ISP,Computer and Information Technology|Internet Service Provider (ISP)
63691,ISP,Internet Service Provider (ISP)|Computer and Information Technology
63692,Other,Computer and Information Technology|Software Development
63693,ISP,"Media, Publishing, and Broadcasting|Software Development|Computer and Information Technology|Education and Research"
63694,Other,Software Development|Computer and Information Technology
63695,Content/CDN,"Hosting and Cloud Provider|Retail Stores, Wholesale, and E-commerce Sites|Computer and Information Technology"
63696,Other,"Manufacturing|Electronics and Computer Components|Service|Buildings, Repair, Maintenance (Pest Control, Landscaping, Cleaning, Locksmiths, Car Washes, etc)"
63697,Other,Manufacturing|Service|Software Development|Electronics and Computer Components
63698,Other,Computer and Information Technology|Software Development
63699,Enterprise,"Service|Law, Business, and Consulting Services"
63700,Other,"Finance and Insurance|Banks, Credit Card Companies, Mortgage Providers"
63701,ISP,"Human Rights and Social Advocacy (Human Rights, Environment and Wildlife Conservation, Other)|Internet Service Provider (ISP)|Media, Publishing, and Broadcasting|Radio and Television Providers"
63702,ISP,Computer and Information Technology|Service|Internet Service Provider (ISP)
63703,Other,Service
63704,ISP,"Media, Publishing, and Broadcasting|Computer and Information Technology|Online Informational Content|Education and Research"
63705,Other,"Retail Stores, Wholesale, and E-commerce Sites"
63706,Academic/Edu,Education and Research|Research and Development Organizations
63707,Other,"Retail Stores, Wholesale, and E-commerce Sites"
63708,ISP,Computer and Information Technology|Internet Service Provider (ISP)
63709,Other,Computer and Information Technology
63710,Unknown,
63711,ISP,Computer and Information Technology|Internet Service Provider (ISP)
63712,ISP,Computer and Information Technology|Internet Service Provider (ISP)
63713,ISP,Computer and Information Technology|Internet Service Provider (ISP)
63714,ISP,Computer and Information Technology|Internet Service Provider (ISP)
63715,ISP,Computer and Information Technology|Internet Service Provider (ISP)
63716,ISP,Computer and Information Technology|Internet Service Provider (ISP)
63717,Unknown,
63718,Other,Software Development|Computer and Information Technology
63719,ISP,Education and Research|Internet Service Provider (ISP)|Computer and Information Technology
63720,ISP,"Internet Service Provider (ISP)|Software Development|Media, Publishing, and Broadcasting|Computer and Information Technology"
63721,ISP,Online Informational Content|Education and Research|Software Development|Internet Service Provider (ISP)
63722,ISP,Internet Service Provider (ISP)|Software Development|Computer and Information Technology
63723,Unknown,
63724,Unknown,
63725,Enterprise,"Law, Business, and Consulting Services|Service"
63726,ISP,Internet Service Provider (ISP)|Computer and Information Technology
63727,ISP,Computer and Information Technology|Internet Service Provider (ISP)|Hosting and Cloud Provider|Software Development
63728,Other,Computer and Information Technology|Search
63729,Other,Computer and Information Technology|Search
63810,Other,Computer and Information Technology
63811,ISP,Insurance Carriers and Agencies|Finance and Insurance
63812,Other,"Finance and Insurance|Investment, Portfolio Management, Pensions and Funds"
63813,Other,Computer and Information Technology
63814,Other,Computer and Information Technology
63815,Other,"Investment, Portfolio Management, Pensions and Funds|Finance and Insurance"
63816,Other,"Investment, Portfolio Management, Pensions and Funds|Finance and Insurance"
63817,Other,"Finance and Insurance|Investment, Portfolio Management, Pensions and Funds"
63818,Other,"Finance and Insurance|Investment, Portfolio Management, Pensions and Funds"
63819,Enterprise,"Service|Law, Business, and Consulting Services"
63820,Enterprise,"Law, Business, and Consulting Services|Service"
63821,ISP,Finance and Insurance|Insurance Carriers and Agencies
63822,Other,Computer and Information Technology
63823,Other,Computer and Information Technology
63824,Enterprise,"Law, Business, and Consulting Services|Service"
63825,Other,"Finance and Insurance|Investment, Portfolio Management, Pensions and Funds"
63828,Other,Software Development|Computer and Information Technology
63829,ISP,Computer and Information Technology|Internet Service Provider (ISP)
63833,Other,Computer and Information Technology|Software Development
63835,ISP,Server Hosting|Not Validating RPKI ROV|Computer and Information Technology|Internet Service Provider (ISP)
63836,ISP,Internet Service Provider (ISP)|Computer and Information Technology
63837,ISP,Computer and Information Technology|Internet Service Provider (ISP)
63838,ISP,Computer and Information Technology|Internet Service Provider (ISP)
63918,ISP,"Internet Service Provider (ISP)|Hosting and Cloud Provider|Computer and Information Technology|Hosting, Cloud Provider, Data Center, Server Colocation"
63959,ISP,Computer and Information Technology|Not Validating RPKI ROV|Internet Service Provider (ISP)|Eyeball
63999,Other,Computer and Information Technology|Software Development
64021,Content/CDN,Computer and Information Technology|Hosting and Cloud Provider
143140,Other,IPv6 only
143155,Other,IPv6 only
143163,Other,IPv6 only
143248,Other,IPv6 only
