asn,category,tags
204800,Other,Other
212992,Other,"Museums, Libraries, and Entertainment|Software Development|Computer and Information Technology|Phone Provider"
49158,ISP,Business Broadband|Internet Service Provider (ISP)|Computer and Information Technology|Not Validating RPKI ROV
7,ISP,"Government|Government and Public Administration|Internet Service Provider (ISP)|Government and Regulatory Agencies, Administrations, Departments, and Services"
213000,Other,Health Care Services
213001,ISP,"Human Rights and Social Advocacy (Human Rights, Environment and Wildlife Conservation, Other)|Computer and Information Technology|Internet Service Provider (ISP)|Community Groups and Nonprofits"
57356,ISP,Eyeball|Internet Service Provider (ISP)|Computer and Information Technology|Not Validating RPKI ROV
24594,ISP,Computer and Information Technology|Internet Service Provider (ISP)
204819,Other,Computer and Information Technology
196628,ISP,Computer and Information Technology|Internet Service Provider (ISP)|Validating RPKI ROV
213016,ISP,Internet Service Provider (ISP)|Computer and Network Security|Computer and Information Technology|Not Validating RPKI ROV
40986,Other,"Service|Media, Publishing, and Broadcasting"
204826,Eyeball,Eyeball
8220,ISP,Carrier|Internet Service Provider (ISP)|Computer and Information Technology|Validating RPKI ROV
204828,ISP,Internet Service Provider (ISP)|Computer and Information Technology|IPv6 only|Content
49182,ISP,Computer and Information Technology|Internet Service Provider (ISP)|Validating RPKI ROV
40992,Other,"Electric Power Generation, Transmission, Distribution|Finance and Insurance|Investment, Portfolio Management, Pensions and Funds|Utilities (Excluding Internet Service)"
57377,Government,"Government and Public Administration|Government and Regulatory Agencies, Administrations, Departments, and Services"
213026,Eyeball,Service|IPv6 only|Personal ASN|Eyeball
139301,ISP,Software Development|Computer and Information Technology|Hosting and Cloud Provider|Internet Service Provider (ISP)
196646,Other,Service
41000,ISP,Content|Internet Service Provider (ISP)|Hosting and Cloud Provider|Computer and Information Technology
204844,Content/CDN,Server Hosting|Hosting and Cloud Provider|Computer and Information Technology
196656,Other,Computer and Information Technology
49201,Other,Manufacturing
41012,ISP,Validating RPKI ROV|Computer and Information Technology|Internet Service Provider (ISP)
204853,ISP,Internet Service Provider (ISP)|Computer and Information Technology
24633,ISP,Computer and Information Technology|Internet Service Provider (ISP)
49209,ISP,Computer and Information Technology|Internet Service Provider (ISP)
204857,Eyeball,"Law, Business, and Consulting Services|Service|Computer and Information Technology|Corporate/Enterprise"
139324,Other,Manufacturing
41021,Other,"Retail Stores, Wholesale, and E-commerce Sites|Computer and Information Technology"
213051,ISP,Computer and Information Technology|Internet Service Provider (ISP)
57408,Government,"Government and Public Administration|Government and Regulatory Agencies, Administrations, Departments, and Services|Service|Law, Business, and Consulting Services"
196674,ISP,Not Validating RPKI ROV|Internet Service Provider (ISP)|Computer and Information Technology|Software Development
213060,ISP,"Human Rights and Social Advocacy (Human Rights, Environment and Wildlife Conservation, Other)|Hosting and Cloud Provider|Internet Service Provider (ISP)|Community Groups and Nonprofits"
57417,ISP,Internet Service Provider (ISP)|Computer and Information Technology|Eyeball
8266,ISP,Internet Service Provider (ISP)|Computer and Information Technology|Software Development
24650,Enterprise,"Finance and Insurance|Banks, Credit Card Companies, Mortgage Providers|Service|Investment, Portfolio Management, Pensions and Funds"
49229,ISP,Validating RPKI ROV|Computer and Information Technology|Internet Service Provider (ISP)
8272,ISP,Computer and Network Security|Computer and Information Technology|Service|Hosting and Cloud Provider
213074,ISP,"Computer and Information Technology|Internet Service Provider (ISP)|Community Groups and Nonprofits|Human Rights and Social Advocacy (Human Rights, Environment and Wildlife Conservation, Other)"
8276,ISP,Computer and Information Technology|Software Development|Internet Service Provider (ISP)
213078,ISP,Internet Service Provider (ISP)|Computer and Information Technology
8282,ISP,Not Validating RPKI ROV|Internet Service Provider (ISP)|Computer and Information Technology
24669,ISP,"Online Informational Content|Software Development|Internet Service Provider (ISP)|Media, Publishing, and Broadcasting"
24670,Other,Construction and Real Estate|Manufacturing
49247,Other,"Buildings, Repair, Maintenance (Pest Control, Landscaping, Cleaning, Locksmiths, Car Washes, etc)|Service"
213085,ISP,"Internet Service Provider (ISP)|Community Groups and Nonprofits|Computer and Information Technology|Human Rights and Social Advocacy (Human Rights, Environment and Wildlife Conservation, Other)"
24673,Content/CDN,Computer and Information Technology|Hosting and Cloud Provider
213092,Other,IPv6 only|Service
213094,ISP,Validating RPKI ROV|Internet Service Provider (ISP)|Computer and Information Technology
8296,Other,"Online Informational Content|Service|Media, Publishing, and Broadcasting|Validating RPKI ROV"
204910,Other,Construction and Real Estate
49263,ISP,Computer and Information Technology|Internet Service Provider (ISP)
204914,Content/CDN,Server Hosting|Buildings (Residential or Commercial)|Construction and Real Estate|Manufacturing
213112,ISP,Internet Service Provider (ISP)|Computer and Information Technology
204921,Other,"Retail Stores, Wholesale, and E-commerce Sites|Computer and Information Technology"
213119,ISP,Internet Service Provider (ISP)|Computer and Information Technology|Anycast
204928,Unknown,
24705,ISP,Internet Service Provider (ISP)|Computer and Information Technology
204931,Other,IPv6 only|Service
57477,Unknown,
196741,Enterprise,"Software Development|Service|Buildings, Repair, Maintenance (Pest Control, Landscaping, Cleaning, Locksmiths, Car Washes, etc)|Finance and Insurance"
41095,ISP,Carrier|Internet Service Provider (ISP)|Computer and Information Technology|Not Validating RPKI ROV
196744,Academic/Edu,Computer and Information Technology|Education and Research|Not Validating RPKI ROV
196745,ISP,Hosting and Cloud Provider|Internet Service Provider (ISP)|Computer and Information Technology
8330,Other,Validating RPKI ROV|Service
41099,ISP,Not Validating RPKI ROV|Computer and Information Technology|Internet Service Provider (ISP)
57483,Other,Personal ASN
204939,ISP,Computer and Information Technology|Internet Service Provider (ISP)|VPN Host|Eyeball
41103,Other,Validating RPKI ROV|Manufacturing
8336,Other,Validating RPKI ROV|Service
204945,Content/CDN,Computer and Information Technology|Hosting and Cloud Provider|Software Development
204946,Other,Anycast|IPv6 only|Content
41107,ISP,Not Validating RPKI ROV|Internet Service Provider (ISP)|Computer and Information Technology
131222,ISP,Internet Service Provider (ISP)|Computer and Information Technology
213150,Other,"Construction and Real Estate|Civil Engineering Construction (Utility Lines, Roads and Bridges)"
401568,Unknown,
49313,ISP,Internet Service Provider (ISP)|Hosting and Cloud Provider|Computer and Information Technology
8356,Other,"Media, Publishing, and Broadcasting|Validating RPKI ROV"
24742,ISP,Computer and Information Technology|Internet Service Provider (ISP)|Software Development|Finance and Insurance
49318,ISP,Internet Service Provider (ISP)|Technology Consulting Services|Computer and Information Technology
196778,Eyeball,"Eyeball|Government|Government and Regulatory Agencies, Administrations, Departments, and Services|Government and Public Administration"
213163,Eyeball,Education and Research|Eyeball
49324,Government,"Government and Regulatory Agencies, Administrations, Departments, and Services|Government and Public Administration|Government"
401583,Unknown,
213169,Other,Buildings (Residential or Commercial)|Construction and Real Estate|Personal ASN|IPv6 only
204978,ISP,Internet Service Provider (ISP)|Computer and Information Technology
204979,Other,"Human Rights and Social Advocacy (Human Rights, Environment and Wildlife Conservation, Other)|Search|Computer and Information Technology|Community Groups and Nonprofits"
8372,ISP,Internet Service Provider (ISP)|Computer and Information Technology|Hosting and Cloud Provider
213183,ISP,Validating RPKI ROV|Service|Computer and Information Technology|Internet Service Provider (ISP)
49344,ISP,Internet Service Provider (ISP)|Computer and Information Technology
213185,Eyeball,Education and Research|Personal ASN|Eyeball
204994,Eyeball,Education and Research|IPv6 only|Personal ASN|Eyeball
204997,Content/CDN,Computer and Information Technology|Hosting and Cloud Provider
213190,ISP,Internet Service Provider (ISP)|Computer and Information Technology|IPv6 only
24775,Government,"Military, Defense, National Security, and International Af-|Government and Public Administration|Computer and Network Security|Computer and Information Technology"
196809,Other,"Investment, Portfolio Management, Pensions and Funds|Media, Publishing, and Broadcasting|Online Music and Video Streaming Services|Finance and Insurance"
24778,ISP,Not Validating RPKI ROV|Software Development|Hosting and Cloud Provider|Computer and Information Technology
49354,ISP,Phone Provider|Internet Service Provider (ISP)|Computer and Information Technology
196813,Enterprise,"Service|Law, Business, and Consulting Services"
205006,Other,"Media, Publishing, and Broadcasting|Print Media (Newspapers, Magazines, Books)|Food Services and Drinking Places|Museums, Libraries, and Entertainment"
8401,Other,"Music and Video Industry|Media, Publishing, and Broadcasting|Museums, Libraries, and Entertainment"
213201,Academic/Edu,Education and Research|IPv6 only|Personal ASN
205011,Enterprise,"Computer and Information Technology|Finance and Insurance|Software Development|Law, Business, and Consulting Services"
205012,Enterprise,"Computer and Information Technology|Software Development|Law, Business, and Consulting Services|Service"
213202,ISP,Computer and Information Technology|Internet Service Provider (ISP)|Not Validating RPKI ROV|Corporate/Enterprise
401626,Unknown,
213210,ISP,Internet Service Provider (ISP)|Computer and Information Technology|IPv6 only
49372,Other,"Retail Stores, Wholesale, and E-commerce Sites"
49374,ISP,"Media, Publishing, and Broadcasting|Internet Service Provider (ISP)|Computer and Information Technology|Online Informational Content"
49375,ISP,Home ISP|Computer and Information Technology|Internet Service Provider (ISP)|Validating RPKI ROV
57567,Other,"Software Development|Museums, Libraries, and Entertainment|Recreation, Sports, and Performing Arts|Computer and Information Technology"
8419,ISP,Not Validating RPKI ROV|Internet Service Provider (ISP)|Computer and Information Technology
24807,ISP,"Computer and Information Technology|Internet Service Provider (ISP)|Service|Law, Business, and Consulting Services"
196839,Unknown,
8426,ISP,Eyeball|Computer and Information Technology|Internet Service Provider (ISP)|Validating RPKI ROV
213229,Other,Community Groups and Nonprofits
205039,ISP,"Media, Publishing, and Broadcasting|Online Informational Content|Internet Service Provider (ISP)|Computer and Information Technology"
57586,Unknown,
8435,Other,"Validating RPKI ROV|Finance and Insurance|Banks, Credit Card Companies, Mortgage Providers"
41203,Other,"Freight, Shipment, and Postal Services"
49396,Unknown,
49401,ISP,Internet Service Provider (ISP)|Computer and Information Technology
8444,Other,Validating RPKI ROV|Finance and Insurance
205052,ISP,Computer and Information Technology|Internet Service Provider (ISP)
205056,ISP,Internet Service Provider (ISP)|Computer and Information Technology
205058,Academic/Edu,Education and Research|IPv6 only
57604,Content/CDN,Hosting and Cloud Provider|Computer and Information Technology
49415,ISP,Computer and Information Technology|Internet Service Provider (ISP)
8457,ISP,Internet Service Provider (ISP)|Computer and Information Technology|Validating RPKI ROV
24842,ISP,Internet Service Provider (ISP)|Computer and Information Technology
49418,ISP,"Carrier|Buildings, Repair, Maintenance (Pest Control, Landscaping, Cleaning, Locksmiths, Car Washes, etc)|Computer and Information Technology|Hosting and Cloud Provider"
196875,ISP,Internet Service Provider (ISP)|Computer and Information Technology|Hosting and Cloud Provider|Software Development
41230,ISP,Eyeball|Internet Service Provider (ISP)|Computer and Information Technology|Not Validating RPKI ROV
41231,ISP,Content|Software Development|Hosting and Cloud Provider|Internet Service Provider (ISP)
41232,ISP,Eyeball|Computer and Information Technology|Internet Service Provider (ISP)|Validating RPKI ROV
49425,ISP,Not Validating RPKI ROV|Internet Service Provider (ISP)|Computer and Information Technology
196881,ISP,Not Validating RPKI ROV|Computer and Information Technology|Internet Service Provider (ISP)
205072,ISP,Hosting and Cloud Provider|Internet Service Provider (ISP)|Computer and Information Technology
8468,ISP,Eyeball|Internet Service Provider (ISP)|Computer and Information Technology|Validating RPKI ROV
213262,Academic/Edu,IPv6 only|Education and Research
213265,Other,Service
8472,Other,Service
57624,ISP,Not Validating RPKI ROV|Internet Service Provider (ISP)|Computer and Information Technology
213272,Content/CDN,Computer and Information Technology|Finance and Insurance|Hosting and Cloud Provider|Software Development
41246,ISP,"Media, Publishing, and Broadcasting|Internet Service Provider (ISP)|Computer and Information Technology|Online Informational Content"
49438,ISP,Computer and Information Technology|Internet Service Provider (ISP)|Technology Consulting Services
49440,ISP,Internet Service Provider (ISP)|Computer and Information Technology
24865,ISP,Computer and Network Security|Internet Service Provider (ISP)|Computer and Information Technology|Personal ASN
205090,Content/CDN,Server Hosting|Computer and Information Technology|Hosting and Cloud Provider|Tor services
24867,ISP,"Not Validating RPKI ROV|Computer and Information Technology|Law, Business, and Consulting Services|Hosting and Cloud Provider"
205091,Unknown,
196902,Academic/Edu,Elementary and Secondary Schools|Education and Research|Not Validating RPKI ROV|Government
41255,Academic/Edu,Education and Research|IPv6 only
49448,ISP,Computer and Information Technology|Software Development|Internet Service Provider (ISP)
213287,ISP,Internet Service Provider (ISP)|Computer and Information Technology
205098,Other,Software Development|Computer and Information Technology
213289,ISP,"Computer and Information Technology|Law, Business, and Consulting Services|Internet Service Provider (ISP)|Service"
57650,Academic/Edu,"Service|Law, Business, and Consulting Services|Community Groups and Nonprofits|Research and Development Organizations"
205106,ISP,"Media, Publishing, and Broadcasting|Internet Service Provider (ISP)|Computer and Information Technology|Hosting and Cloud Provider"
57653,ISP,Not Validating RPKI ROV|Internet Service Provider (ISP)|Computer and Information Technology
205114,Other,"Buildings, Repair, Maintenance (Pest Control, Landscaping, Cleaning, Locksmiths, Car Washes, etc)|Service|Not Validating RPKI ROV"
41276,Other,"Service|Media, Publishing, and Broadcasting"
213308,Academic/Edu,"Finance and Insurance|Software Development|Banks, Credit Card Companies, Mortgage Providers|Education and Research"
24894,Enterprise,"Law, Business, and Consulting Services|Media, Publishing, and Broadcasting|Service"
205120,ISP,Computer and Information Technology|Internet Service Provider (ISP)
41281,Content/CDN,Tor services|Community Groups and Nonprofits|VPN Host|Server Hosting
57672,ISP,Computer and Information Technology|Internet Service Provider (ISP)|Personal ASN
205131,Unknown,
49485,ISP,Not Validating RPKI ROV|Computer and Information Technology|Internet Service Provider (ISP)
49487,ISP,Internet Service Provider (ISP)|Computer and Information Technology
49490,ISP,Software Development|Internet Service Provider (ISP)|Computer and Information Technology
24916,ISP,Business Broadband|Computer and Information Technology|Internet Service Provider (ISP)|Not Validating RPKI ROV
57688,Other,Service
139610,Other,Computer and Information Technology
49503,ISP,Internet Service Provider (ISP)|Computer and Information Technology
8546,ISP,Computer and Information Technology|Internet Service Provider (ISP)
196962,ISP,"Service|Personal Care and Lifestyle (Barber Shops, Nail Salons, Diet Centers, Laundry, etc)|Computer and Information Technology|Hosting and Cloud Provider"
8548,Academic/Edu,"Community Groups and Nonprofits|Human Rights and Social Advocacy (Human Rights, Environment and Wildlife Conservation, Other)|Education and Research"
213349,ISP,Internet Service Provider (ISP)|Computer and Information Technology|Hosting and Cloud Provider|IPv6 only
8550,Other,Service
8553,ISP,Internet Service Provider (ISP)|Computer and Information Technology|Validating RPKI ROV|VPN Host
213354,Content/CDN,Server Hosting|Hosting and Cloud Provider|Computer and Information Technology|Not Validating RPKI ROV
16755,Other,Software Development|Technology Consulting Services|Computer and Information Technology
24949,ISP,"Finance and Insurance|Banks, Credit Card Companies, Mortgage Providers|Insurance Carriers and Agencies"
205177,ISP,Software Development|Computer and Information Technology|Technology Consulting Services|Internet Service Provider (ISP)
24958,ISP,Not Validating RPKI ROV|Computer and Information Technology|Internet Service Provider (ISP)
196990,Other,"Banks, Credit Card Companies, Mortgage Providers|Finance and Insurance"
8576,ISP,Internet Service Provider (ISP)|Computer and Information Technology|Validating RPKI ROV
8577,Other,Computer and Information Technology
205182,Enterprise,"Personal Care and Lifestyle (Barber Shops, Nail Salons, Diet Centers, Laundry, etc)|Service|Law, Business, and Consulting Services|Computer and Network Security"
213385,ISP,Internet Service Provider (ISP)|Computer and Information Technology
8586,ISP,Not Validating RPKI ROV|Internet Service Provider (ISP)|Computer and Information Technology
41354,ISP,Validating RPKI ROV|Computer and Information Technology|Phone Provider|Internet Service Provider (ISP)
41355,ISP,Computer and Information Technology|Hosting and Cloud Provider|Software Development|Internet Service Provider (ISP)
41357,ISP,VPN Host|Internet Service Provider (ISP)|Computer and Information Technology|Hosting and Cloud Provider
49546,ISP,Internet Service Provider (ISP)|Computer and Information Technology|Validating RPKI ROV
57740,ISP,Computer and Information Technology|Internet Service Provider (ISP)
24976,ISP,Computer and Network Security|Service|Hosting and Cloud Provider|Internet Service Provider (ISP)
205197,Other,"Travel and Accommodation|Retail Stores, Wholesale, and E-commerce Sites|Food Services and Drinking Places|Food, Grocery, Beverages"
41362,Enterprise,"Law, Business, and Consulting Services|Service"
205200,Other,Electronics and Computer Components|Manufacturing
213388,Other,Content|Hospitals and Medical Centers|Health Care Services
57750,ISP,"Internet Service Provider (ISP)|Computer and Information Technology|Military, Defense, National Security, and International Affairs|Media, Publishing, and Broadcasting"
41367,Other,Service|Validating RPKI ROV
57751,Other,Computer and Information Technology|Technology Consulting Services
205210,Other,"Agriculture, Mining, and Refineries (Farming, Greenhouses, Mining, Forestry, and Animal Farming)"
41373,ISP,Hosting and Cloud Provider|Computer and Information Technology|Phone Provider|Internet Service Provider (ISP)
8607,ISP,Eyeball|Internet Service Provider (ISP)|Computer and Information Technology|Not Validating RPKI ROV
41379,ISP,Internet Service Provider (ISP)|Computer and Information Technology|Software Development
41380,Other,Service
8613,ISP,Validating RPKI ROV|Computer and Information Technology|Internet Service Provider (ISP)
49572,ISP,Validating RPKI ROV|Internet Service Provider (ISP)|Computer and Information Technology
41383,Other,"Household Appliances and Electronics|Retail Stores, Wholesale, and E-commerce Sites|Real Estate (Residential and/or Commercial)|Computer and Information Technology"
205220,ISP,Service|Computer and Information Technology|Internet Service Provider (ISP)|Hosting and Cloud Provider
205224,Enterprise,"Service|Law, Business, and Consulting Services|Personal ASN"
57770,Enterprise,"Law, Business, and Consulting Services|Service"
8619,Enterprise,"Finance and Insurance|Investment, Portfolio Management, Pensions and Funds|Service|Law, Business, and Consulting Services"
8622,ISP,Server Hosting|Validating RPKI ROV|Hosting and Cloud Provider|Computer and Information Technology
25006,ISP,"Media, Publishing, and Broadcasting|Phone Provider|Radio and Television Providers|Service"
197039,Other,"Validating RPKI ROV|Banks, Credit Card Companies, Mortgage Providers|Finance and Insurance"
41393,ISP,Internet Service Provider (ISP)|Hosting and Cloud Provider|Computer and Information Technology|Software Development
197040,Enterprise,"Law, Business, and Consulting Services|Buildings, Repair, Maintenance (Pest Control, Landscaping, Cleaning, Locksmiths, Car Washes, etc)|Retail Stores, Wholesale, and E-commerce Sites|Finance and Insurance"
205237,Other,Real Estate (Residential and/or Commercial)|Construction and Real Estate|Not Validating RPKI ROV
213431,Unknown,
41400,ISP,Not Validating RPKI ROV|Computer and Information Technology|Internet Service Provider (ISP)
49592,Content/CDN,Hosting and Cloud Provider|Travel and Accommodation|Food Services and Drinking Places|Real Estate (Residential and/or Commercial)
213434,Eyeball,Personal ASN|IPv6 only|Eyeball
213436,Unknown,
25022,ISP,Software Development|Internet Service Provider (ISP)|Computer and Information Technology
57793,ISP,Home ISP|Computer and Information Technology|Internet Service Provider (ISP)
213441,Unknown,
25030,ISP,"Insurance Carriers and Agencies|Investment, Portfolio Management, Pensions and Funds|Finance and Insurance|Banks, Credit Card Companies, Mortgage Providers"
41415,Other,"Computer and Information Technology|Software Development|Museums, Libraries, and Entertainment|Not Validating RPKI ROV"
49606,Enterprise,"Law, Business, and Consulting Services|Service"
49607,Other,"Banks, Credit Card Companies, Mortgage Providers|Finance and Insurance"
213447,Eyeball,IPv6 only|Eyeball
8651,Other,Validating RPKI ROV|Service|Finance and Insurance
213448,Unknown,
213451,Unknown,
49615,Other,Buildings (Residential or Commercial)|Construction and Real Estate
8656,ISP,Computer and Information Technology|Internet Service Provider (ISP)
25041,ISP,Internet Service Provider (ISP)|Computer and Information Technology
205265,Other,Service
213460,Unknown,
25048,ISP,Computer and Information Technology|Internet Service Provider (ISP)
25050,ISP,Internet Service Provider (ISP)|Computer and Information Technology|Software Development|Technology Consulting Services
8669,ISP,Computer and Information Technology|Internet Service Provider (ISP)|Software Development|Validating RPKI ROV
197085,Enterprise,"Service|Law, Business, and Consulting Services"
205281,ISP,Software Development|Internet Service Provider (ISP)|Computer and Information Technology|Construction and Real Estate
205283,Other,Software Development|Computer and Information Technology
8676,Eyeball,"Eyeball|Media, Publishing, and Broadcasting|Validating RPKI ROV|Server Hosting"
25061,ISP,Internet Service Provider (ISP)|Computer and Information Technology|Validating RPKI ROV
205286,Enterprise,"Service|Law, Business, and Consulting Services"
8680,ISP,Eyeball|Computer and Information Technology|Internet Service Provider (ISP)|Not Validating RPKI ROV
41448,ISP,"Media, Publishing, and Broadcasting|Computer and Information Technology|Internet Service Provider (ISP)|Service"
205290,Other,"Agriculture, Mining, and Refineries (Farming, Greenhouses, Mining, Forestry, and Animal Farming)"
8683,ISP,Validating RPKI ROV|Hosting and Cloud Provider|Computer and Information Technology|Internet Service Provider (ISP)
205292,Other,"Finance and Insurance|Banks, Credit Card Companies, Mortgage Providers"
213482,Content/CDN,Server Hosting
8686,Other,"Service|Computer and Information Technology|Retail Stores, Wholesale, and E-commerce Sites|Travel and Accommodation"
205294,Other,Service
197104,ISP,Internet Service Provider (ISP)|Computer and Information Technology
8689,ISP,Internet Service Provider (ISP)|Computer and Information Technology|Validating RPKI ROV|Eyeball
197106,Enterprise,"Investment, Portfolio Management, Pensions and Funds|Service|Law, Business, and Consulting Services|Finance and Insurance"
197107,ISP,Validating RPKI ROV|Internet Service Provider (ISP)|Computer and Information Technology|Software Development
213493,Unknown,
213495,Other,Content|Validating RPKI ROV
49657,ISP,"Computer and Information Technology|Finance and Insurance|Software Development|Banks, Credit Card Companies, Mortgage Providers"
8698,ISP,"Validating RPKI ROV|Finance and Insurance|Banks, Credit Card Companies, Mortgage Providers|Insurance Carriers and Agencies"
57850,Academic/Edu,"Agriculture, Mining, and Refineries (Farming, Greenhouses, Mining, Forestry, and Animal Farming)|Education and Research|Utilities (Excluding Internet Service)"
205309,ISP,Internet Service Provider (ISP)|Computer and Information Technology
213502,Unknown,
205311,ISP,Computer and Information Technology|Internet Service Provider (ISP)|Not Validating RPKI ROV
213507,Other,IPv6 only
8709,ISP,Computer and Information Technology|Internet Service Provider (ISP)
41477,Other,Finance and Insurance|Computer and Information Technology
213509,Unknown,
213513,Unknown,
8714,Other,"Human Rights and Social Advocacy (Human Rights, Environment and Wildlife Conservation, Other)|Computer and Information Technology|Search|Community Groups and Nonprofits"
25098,ISP,Server Hosting|Computer and Information Technology|Internet Service Provider (ISP)|Home ISP
8716,ISP,"Service|Law, Business, and Consulting Services|Internet Service Provider (ISP)|Computer and Information Technology"
41484,ISP,Not Validating RPKI ROV|Computer and Information Technology|Internet Service Provider (ISP)
8718,Other,"Finance and Insurance|Investment, Portfolio Management, Pensions and Funds"
213515,Unknown,
205328,Other,"Retail Stores, Wholesale, and E-commerce Sites|Computer and Information Technology|Software Development"
41489,ISP,Internet Service Provider (ISP)|Computer and Information Technology
213520,Content/CDN,Server Hosting
49683,ISP,Tor services|Internet Service Provider (ISP)|Hosting and Cloud Provider|Computer and Information Technology
25108,ISP,Content|Computer and Information Technology|Hosting and Cloud Provider|Internet Service Provider (ISP)
41493,Other,"Investment, Portfolio Management, Pensions and Funds|Finance and Insurance"
213525,Unknown,
41495,ISP,Carrier|Internet Service Provider (ISP)|Computer and Information Technology|Not Validating RPKI ROV
213526,Unknown,
205337,Other,Software Development|Computer and Information Technology
213529,Unknown,
49694,Other,Phone Provider|Computer and Information Technology|Software Development
213534,Unknown,
25127,Other,Service
213543,Eyeball,Eyeball|IPv6 only|Personal ASN
213546,Unknown,
213549,Unknown,
25135,ISP,Eyeball|Computer and Information Technology|Internet Service Provider (ISP)|Not Validating RPKI ROV
197167,ISP,Internet Service Provider (ISP)|Computer and Information Technology
205359,ISP,Computer and Information Technology|Software Development|Internet Service Provider (ISP)
205360,Other,Service
57907,ISP,Computer and Information Technology|Internet Service Provider (ISP)
8760,ISP,Internet Service Provider (ISP)|Computer and Information Technology
205372,ISP,Internet Service Provider (ISP)|Computer and Information Technology|Not Validating RPKI ROV
205373,Other,Tranco 10k Host|Buildings (Residential or Commercial)|Construction and Real Estate|Real Estate (Residential and/or Commercial)
205374,ISP,Internet Service Provider (ISP)|Software Development|Computer and Information Technology|Validating RPKI ROV
213565,Unknown,
49728,Government,"Government and Public Administration|Government and Regulatory Agencies, Administrations, Departments, and Services|Government"
41538,Other,"Software Development|Museums, Libraries, and Entertainment|Computer and Information Technology|Casinos and Gambling"
57927,Other,"Retail Stores, Wholesale, and E-commerce Sites|Travel and Accommodation|Service|Computer and Information Technology"
25160,ISP,Carrier|Internet Service Provider (ISP)|Computer and Information Technology|Validating RPKI ROV
205383,ISP,Internet Service Provider (ISP)|Computer and Information Technology|Anycast|IPv6 only
49738,Other,Computer and Information Technology
213578,Unknown,
41548,Academic/Edu,"Education and Research|Government and Public Administration|Media, Publishing, and Broadcasting|Government and Regulatory Agencies, Administrations, Departments, and Services"
57932,Other,Community Groups and Nonprofits|Computer and Information Technology
139853,ISP,Computer and Information Technology|Internet Service Provider (ISP)|Hosting and Cloud Provider
205389,ISP,Internet Service Provider (ISP)|Computer and Information Technology|Validating RPKI ROV|Eyeball
49744,Content/CDN,"Software Development|Accountants, Tax Preparers, Payroll Services|Computer and Information Technology|Hosting and Cloud Provider"
41553,Other,Other|Not Validating RPKI ROV
205394,ISP,"Buildings, Repair, Maintenance (Pest Control, Landscaping, Cleaning, Locksmiths, Car Washes, etc)|Computer and Information Technology|Service|Internet Service Provider (ISP)"
213580,Unknown,
213583,Unknown,
8789,ISP,Computer and Information Technology|Internet Service Provider (ISP)|Validating RPKI ROV
213584,Unknown,
8791,ISP,Computer and Information Technology|Internet Service Provider (ISP)|Software Development
213585,Unknown,
25178,ISP,Computer and Information Technology|Internet Service Provider (ISP)|Eyeball
205402,Other,"Not Validating RPKI ROV|Online Music and Video Streaming Services|Media, Publishing, and Broadcasting"
25180,ISP,Eyeball|Internet Service Provider (ISP)|Computer and Information Technology|Not Validating RPKI ROV
41564,ISP,Eyeball|Internet Service Provider (ISP)|Computer and Information Technology|Hosting and Cloud Provider
49758,Other,"Banks, Credit Card Companies, Mortgage Providers|Finance and Insurance"
8801,ISP,"Home ISP|Computer and Information Technology|Hosting and Cloud Provider|Retail Stores, Wholesale, and E-commerce Sites"
8802,ISP,"Finance and Insurance|Internet Service Provider (ISP)|Computer and Information Technology|Investment, Portfolio Management, Pensions and Funds"
41570,Other,"Museums, Libraries, and Entertainment|Community Groups and Nonprofits"
213603,Unknown,
49765,ISP,Validating RPKI ROV|Internet Service Provider (ISP)|Computer and Information Technology
213607,Unknown,
213608,Unknown,
213613,Unknown,
49775,ISP,"Retail Stores, Wholesale, and E-commerce Sites|Buildings (Residential or Commercial)|Computer and Information Technology|Internet Service Provider (ISP)"
213615,Other,Content
213618,Unknown,
213620,Unknown,
49781,Other,Real Estate (Residential and/or Commercial)|Construction and Real Estate
205434,Other,"Museums, Libraries, and Entertainment|Computer and Information Technology|Software Development|Retail Stores, Wholesale, and E-commerce Sites"
213626,Other,IPv6 only
41596,ISP,Insurance Carriers and Agencies|Finance and Insurance
33408,ISP,Computer and Information Technology|Internet Service Provider (ISP)
49793,Other,Service
205441,Other,"Retail Stores, Wholesale, and E-commerce Sites"
8835,ISP,Internet Service Provider (ISP)|Computer and Information Technology
8838,ISP,Validating RPKI ROV|Hosting and Cloud Provider|Internet Service Provider (ISP)|Computer and Information Technology
57994,Other,Computer and Information Technology
8844,ISP,Validating RPKI ROV|Computer and Information Technology|Internet Service Provider (ISP)
41612,Other,"Media, Publishing, and Broadcasting|Online Informational Content|Museums, Libraries, and Entertainment"
41614,Unknown,
49807,Other,Computer and Information Technology|Technology Consulting Services
213646,Unknown,
213650,Other,IPv6 only
8851,ISP,Eyeball|Computer and Information Technology|Internet Service Provider (ISP)|Not Validating RPKI ROV
58007,ISP,Computer and Information Technology|Internet Service Provider (ISP)|Software Development|Postal Services and Couriers
205464,ISP,Phone Provider|Internet Service Provider (ISP)|Computer and Information Technology
49819,Enterprise,"Media, Publishing, and Broadcasting|Computer and Information Technology|Service|Retail Stores, Wholesale, and E-commerce Sites"
205468,Other,"Finance and Insurance|Service|Investment, Portfolio Management, Pensions and Funds"
213660,Other,Personal ASN|IPv6 only
49823,ISP,Eyeball|Computer and Information Technology|Internet Service Provider (ISP)
41633,Other,"Media, Publishing, and Broadcasting|Service|Computer and Information Technology|Software Development"
197282,Other,Service|Not Validating RPKI ROV
205474,Other,IPv6 only|Content
205475,ISP,Computer and Information Technology|Internet Service Provider (ISP)
49829,ISP,Computer and Information Technology|Internet Service Provider (ISP)
205479,ISP,Eyeball|Computer and Information Technology|Internet Service Provider (ISP)|Personal ASN
213671,Unknown,
213673,Other,IPv6 only
205492,Other,"Investment, Portfolio Management, Pensions and Funds|Finance and Insurance"
58040,Content/CDN,Hosting and Cloud Provider|Software Development|Computer and Information Technology
213692,Unknown,
205502,Other,"Retail Stores, Wholesale, and E-commerce Sites|Civil Engineering Construction (Utility Lines, Roads and Bridges)|Service|Construction and Real Estate"
49856,ISP,Computer and Information Technology|Software Development|Internet Service Provider (ISP)
8897,ISP,Internet Service Provider (ISP)|Computer and Information Technology|Validating RPKI ROV|Home ISP
8898,Other,"Human Rights and Social Advocacy (Human Rights, Environment and Wildlife Conservation, Other)|Community Groups and Nonprofits"
58051,Other,"Construction and Real Estate|Travel and Accommodation|Buildings (Residential or Commercial)|Hotels, Motels, Inns, Other Traveler Accommodation"
58052,ISP,Internet Service Provider (ISP)|Computer and Information Technology|Not Validating RPKI ROV|IPv6 only
213696,Unknown,
8902,ISP,Not Validating RPKI ROV|Internet Service Provider (ISP)|Computer and Information Technology
213702,Content/CDN,Server Hosting
197320,Other,"Community Groups and Nonprofits|Health Care Services|Human Rights and Social Advocacy (Human Rights, Environment and Wildlife Conservation, Other)"
213707,Eyeball,Personal ASN|Eyeball
49868,Other,Service
205517,ISP,Internet Service Provider (ISP)|Computer and Information Technology|Not Validating RPKI ROV
17102,ISP,Internet Service Provider (ISP)|Hosting and Cloud Provider|Computer and Information Technology
41678,ISP,Server Hosting|Internet Service Provider (ISP)|Computer and Information Technology|Software Development
8912,ISP,Internet Service Provider (ISP)|Computer and Information Technology|VPN Host
58062,Other,"Retail Stores, Wholesale, and E-commerce Sites"
58064,Enterprise,"Service|Machinery|Manufacturing|Law, Business, and Consulting Services"
58065,ISP,VPN Host|Computer and Information Technology|Internet Service Provider (ISP)|Validating RPKI ROV
8916,ISP,Content|Internet Service Provider (ISP)|Computer and Information Technology|Not Validating RPKI ROV
213712,Unknown,
49882,Enterprise,"Phone Provider|Software Development|Retail Stores, Wholesale, and E-commerce Sites|Banks, Credit Card Companies, Mortgage Providers"
25307,ISP,Hosting and Cloud Provider|Computer and Information Technology|Internet Service Provider (ISP)
205533,Enterprise,"Service|Banks, Credit Card Companies, Mortgage Providers|Law, Business, and Consulting Services|Finance and Insurance"
25310,ISP,Eyeball|Not Validating RPKI ROV|Computer and Information Technology|Internet Service Provider (ISP)
41695,ISP,Not Validating RPKI ROV|Internet Service Provider (ISP)|Computer and Information Technology
197342,ISP,Internet Service Provider (ISP)|Computer and Information Technology|Hosting and Cloud Provider|Software Development
213725,Other,Tor services
25314,Content/CDN,Hosting and Cloud Provider|Computer and Information Technology
213728,Unknown,
213729,Unknown,
213734,Unknown,
205544,ISP,Server Hosting|Hosting and Cloud Provider|Software Development|Computer and Information Technology
205545,ISP,Computer and Information Technology|Internet Service Provider (ISP)|Not Validating RPKI ROV
49898,Other,Computer and Information Technology
197355,Other,Finance and Insurance
49900,Other,Service
205548,Content/CDN,Hosting and Cloud Provider|Software Development|Computer and Information Technology
8942,Other,Finance and Insurance|Real Estate (Residential and/or Commercial)|Construction and Real Estate
8943,ISP,Carrier|Computer and Information Technology|Internet Service Provider (ISP)|Not Validating RPKI ROV
205552,Other,"Utilities (Excluding Internet Service)|Construction and Real Estate|Civil Engineering Construction (Utility Lines, Roads and Bridges)|Water Supply and Irrigation"
213737,Unknown,
58101,ISP,"Media, Publishing, and Broadcasting|Online Informational Content|Internet Service Provider (ISP)|Computer and Information Technology"
58102,ISP,"Internet Service Provider (ISP)|Computer and Information Technology|Software Development|Retail Stores, Wholesale, and E-commerce Sites"
25335,ISP,Computer and Information Technology|Internet Service Provider (ISP)
8952,Unknown,
49911,Other,"Finance and Insurance|Banks, Credit Card Companies, Mortgage Providers"
197370,Government,"Government and Regulatory Agencies, Administrations, Departments, and Services|Government and Public Administration|Government"
49915,ISP,Software Development|Internet Service Provider (ISP)|Computer and Information Technology|Hosting and Cloud Provider
213750,Unknown,
205565,ISP,Computer and Information Technology|Internet Service Provider (ISP)
205566,ISP,Internet Service Provider (ISP)|Computer and Information Technology
25343,Academic/Edu,"Education and Research|Colleges, Universities, and Professional Schools|Academic"
213755,Unknown,
213756,Unknown,
25346,ISP,Internet Service Provider (ISP)|Computer and Information Technology
213760,Unknown,
58117,ISP,Software Development|Computer and Information Technology|Internet Service Provider (ISP)
49926,ISP,Internet Service Provider (ISP)|Computer and Information Technology|Community Groups and Nonprofits
213767,Other,IPv6 only|Personal ASN
58120,ISP,Internet Service Provider (ISP)|Computer and Information Technology
197387,Other,Service
58124,Content/CDN,Computer and Information Technology|Hosting and Cloud Provider
213771,Eyeball,IPv6 only|Eyeball
49937,ISP,Computer and Information Technology|Internet Service Provider (ISP)
786,Eyeball,"Eyeball|Human Rights and Social Advocacy (Human Rights, Environment and Wildlife Conservation, Other)|Colleges, Universities, and Professional Schools|Education and Research"
205586,ISP,Internet Service Provider (ISP)|Computer and Information Technology
41751,Other,"Retail Stores, Wholesale, and E-commerce Sites|Validating RPKI ROV"
25369,ISP,Content|Computer and Information Technology|Internet Service Provider (ISP)|Validating RPKI ROV
213786,Unknown,
58140,Other,Manufacturing
213790,Unknown,
197407,ISP,Internet Service Provider (ISP)|Computer and Information Technology
25376,ISP,Server Hosting|Computer and Information Technology|Hosting and Cloud Provider|Internet Service Provider (ISP)
58144,Other,"Media, Publishing, and Broadcasting|Service|Online Music and Video Streaming Services|Computer and Information Technology"
197409,ISP,"Retail Stores, Wholesale, and E-commerce Sites|Food Services and Drinking Places|Finance and Insurance|Travel and Accommodation"
205599,Other,"Food, Grocery, Beverages|Retail Stores, Wholesale, and E-commerce Sites"
58148,Other,Computer and Information Technology|IPv6 only
49958,Other,"Museums, Libraries, and Entertainment|Casinos and Gambling|Not Validating RPKI ROV"
197414,ISP,Computer and Information Technology|Manufacturing|Software Development|Machinery
213798,Other,Personal ASN|Anycast
9002,ISP,Carrier|Internet Service Provider (ISP)|Computer and Information Technology|Validating RPKI ROV
197419,ISP,"Service|Law, Business, and Consulting Services|Computer and Information Technology|Internet Service Provider (ISP)"
213803,Unknown,
49967,Government,Community Groups and Nonprofits|Construction and Real Estate|Real Estate (Residential and/or Commercial)|Government and Public Administration
205615,Other,Computer and Information Technology|Finance and Insurance|Software Development
213809,Unknown,
9011,Government,"Validating RPKI ROV|Government and Public Administration|Government and Regulatory Agencies, Administrations, Departments, and Services"
9014,ISP,Internet Service Provider (ISP)|Computer and Information Technology|Hosting and Cloud Provider
49978,Other,"Banks, Credit Card Companies, Mortgage Providers|Computer and Information Technology|Software Development|Finance and Insurance"
58173,ISP,Computer and Information Technology|Internet Service Provider (ISP)
205630,ISP,"Media, Publishing, and Broadcasting|Computer and Information Technology|Service|Internet Service Provider (ISP)"
213831,Other,Personal ASN
58188,ISP,Software Development|Computer and Information Technology|Internet Service Provider (ISP)
25421,Other,"Not Validating RPKI ROV|Retail Stores, Wholesale, and E-commerce Sites"
197452,ISP,Internet Service Provider (ISP)|Computer and Information Technology
49999,Other,"Media, Publishing, and Broadcasting|Service"
205648,ISP,"Computer and Information Technology|Internet Service Provider (ISP)|Retail Stores, Wholesale, and E-commerce Sites|IPv6 only"
205649,ISP,Personal ASN|IPv6 only|Internet Service Provider (ISP)|Computer and Information Technology
213840,Unknown,
41811,ISP,Not Validating RPKI ROV|Computer and Information Technology|Internet Service Provider (ISP)
213843,Unknown,
205654,ISP,Validating RPKI ROV|Computer and Information Technology|Internet Service Provider (ISP)
213854,Unknown,
9057,ISP,Internet Service Provider (ISP)|Computer and Information Technology|Computer and Network Security
50023,ISP,Validating RPKI ROV|Internet Service Provider (ISP)|Computer and Information Technology
213863,Unknown,
213867,Unknown,
205676,Content/CDN,Computer and Information Technology|Hosting and Cloud Provider|Technology Consulting Services|Not Validating RPKI ROV
41839,ISP,"Service|Computer and Information Technology|Internet Service Provider (ISP)|Law, Business, and Consulting Services"
58223,Other,Software Development|Computer and Information Technology
58226,Other,Computer and Information Technology|Software Development
25460,ISP,Validating RPKI ROV|Computer and Information Technology|Internet Service Provider (ISP)
213877,Content/CDN,Server Hosting
25462,ISP,Computer and Information Technology|Internet Service Provider (ISP)|Content
41847,ISP,Not Validating RPKI ROV|Computer and Information Technology|Internet Service Provider (ISP)
25464,ISP,Hosting and Cloud Provider|Internet Service Provider (ISP)|Computer and Information Technology|Software Development
9084,Other,"Banks, Credit Card Companies, Mortgage Providers|Finance and Insurance"
205693,Government,"Automotive and Transportation|Government and Public Administration|Government and Regulatory Agencies, Administrations, Departments, and Services|Manufacturing"
9086,ISP,Validating RPKI ROV|Computer and Information Technology|Internet Service Provider (ISP)
25470,ISP,Internet Service Provider (ISP)|Computer and Information Technology
213885,Unknown,
213887,Content/CDN,Server Hosting|Tor services
9090,Other,"Online Informational Content|Finance and Insurance|Media, Publishing, and Broadcasting"
213888,Unknown,
213889,Unknown,
213893,ISP,Carrier
58246,ISP,"Validating RPKI ROV|Media, Publishing, and Broadcasting|Computer and Information Technology|Internet Service Provider (ISP)"
50056,ISP,VPN Host|Internet Service Provider (ISP)|Computer and Information Technology|Server Hosting
205705,ISP,"Software Development|Media, Publishing, and Broadcasting|Computer and Information Technology|Internet Service Provider (ISP)"
213897,Other,IPv6 only
213898,Unknown,
50063,Other,"Travel and Accommodation|Retail Stores, Wholesale, and E-commerce Sites|Food, Grocery, Beverages|Food Services and Drinking Places"
9105,ISP,Eyeball|Home ISP|Not Validating RPKI ROV|Computer and Information Technology
213905,Content/CDN,Server Hosting
205719,Unknown,
50077,ISP,Computer and Information Technology|Internet Service Provider (ISP)
50078,Other,"Retail Stores, Wholesale, and E-commerce Sites"
58270,ISP,Software Development|Computer and Information Technology|Internet Service Provider (ISP)|IPv6 only
58273,ISP,Eyeball|Community Groups and Nonprofits|Not Validating RPKI ROV|Home ISP
213921,Unknown,
9126,ISP,Internet Service Provider (ISP)|Hosting and Cloud Provider|Computer and Information Technology
132006,ISP,Internet Service Provider (ISP)|Computer and Information Technology
41896,ISP,Internet Service Provider (ISP)|Computer and Information Technology
205734,Other,"Motor Vehicles and Parts|Automotive and Transportation|Retail Stores, Wholesale, and E-commerce Sites|Manufacturing"
205739,ISP,Internet Service Provider (ISP)|Computer and Information Technology
58285,ISP,"Internet Service Provider (ISP)|Computer and Information Technology|Construction and Real Estate|Retail Stores, Wholesale, and E-commerce Sites"
9140,ISP,Internet Service Provider (ISP)|Computer and Information Technology|Validating RPKI ROV
205749,ISP,Internet Service Provider (ISP)|Computer and Information Technology|IPv6 only
9142,ISP,Validating RPKI ROV|Internet Service Provider (ISP)|Computer and Information Technology
205750,Enterprise,"Retail Stores, Wholesale, and E-commerce Sites|Service|Law, Business, and Consulting Services|Media, Publishing, and Broadcasting"
197560,Content/CDN,Finance and Insurance|Hosting and Cloud Provider|Software Development|Computer and Information Technology
50108,Other,"Software Development|Phone Provider|Media, Publishing, and Broadcasting|Computer and Information Technology"
205756,Other,"Motor Vehicles and Parts|Retail Stores, Wholesale, and E-commerce Sites"
197568,ISP,Insurance Carriers and Agencies|Computer and Information Technology|Finance and Insurance
9153,ISP,Not Validating RPKI ROV|Computer and Information Technology|Internet Service Provider (ISP)
50113,ISP,Eyeball|Internet Service Provider (ISP)|Computer and Information Technology|Hosting and Cloud Provider
58305,ISP,Eyeball|Internet Service Provider (ISP)|Computer and Information Technology
9156,Other,"Media, Publishing, and Broadcasting|Online Informational Content|Online Music and Video Streaming Services"
213955,Unknown,
205767,Other,"Finance and Insurance|Investment, Portfolio Management, Pensions and Funds|Utilities (Excluding Internet Service)|Electric Power Generation, Transmission, Distribution"
9161,ISP,Internet Service Provider (ISP)|Computer and Information Technology|Not Validating RPKI ROV|Validating RPKI ROV
25546,ISP,Computer and Information Technology|Internet Service Provider (ISP)
205771,ISP,Home ISP|Internet Service Provider (ISP)|Computer and Information Technology|Validating RPKI ROV
41936,ISP,Computer and Information Technology|Software Development|Service|Internet Service Provider (ISP)
50131,ISP,Server Hosting|Internet Service Provider (ISP)|Computer and Information Technology|Hosting and Cloud Provider
50132,ISP,"Travel and Accommodation|Retail Stores, Wholesale, and E-commerce Sites|Other Schools, Instruction, and Exam Preparation (Trade Schools, Art Schools, Driving Instruction, etc.)|Education and Research"
58325,Other,"Validating RPKI ROV|Service|Media, Publishing, and Broadcasting"
25562,Other,Software Development|Computer and Information Technology
9179,ISP,Hosting and Cloud Provider|Internet Service Provider (ISP)|Computer and Information Technology|Anycast
197594,ISP,Computer and Information Technology|Internet Service Provider (ISP)|Software Development
213982,Other,IPv6 only|Personal ASN
41951,Academic/Edu,Education and Research|Online Music and Video Streaming Services|Online Informational Content|Education Software
58338,Other,"Retail Stores, Wholesale, and E-commerce Sites"
58339,Other,"IPv6 only|Retail Stores, Wholesale, and E-commerce Sites"
213989,Unknown,
213990,Unknown,
9191,ISP,Computer and Information Technology|Internet Service Provider (ISP)
50152,ISP,Internet Service Provider (ISP)|Computer and Information Technology
25577,ISP,Carrier|Computer and Information Technology|Internet Service Provider (ISP)|Validating RPKI ROV
50156,Enterprise,Corporate/Enterprise
58349,ISP,Internet Service Provider (ISP)|Computer and Information Technology
25582,ISP,Not Validating RPKI ROV|Internet Service Provider (ISP)|Computer and Information Technology
205804,ISP,Server Hosting|Software Development|Internet Service Provider (ISP)|Computer and Information Technology
25585,ISP,Internet Service Provider (ISP)|Computer and Information Technology|Not Validating RPKI ROV|Home ISP
50162,ISP,Computer and Information Technology|Internet Service Provider (ISP)
25588,Content/CDN,Hosting and Cloud Provider|Computer and Information Technology
214005,Unknown,
41977,Other,Technology Consulting Services|Computer and Information Technology|Software Development
50173,ISP,Hosting and Cloud Provider|Internet Service Provider (ISP)|Software Development|Computer and Information Technology
214013,Unknown,
205826,Unknown,
214018,Other,IPv6 only
41988,Other,"Nursing, Residential Care Facilities, Assisted Living, and Home Health Care|Health Care Services"
214026,Unknown,
50193,ISP,Computer and Information Technology|Internet Service Provider (ISP)
205842,ISP,Computer and Information Technology|Internet Service Provider (ISP)
197651,Other,"Retail Stores, Wholesale, and E-commerce Sites"
42004,ISP,Not Validating RPKI ROV|Computer and Information Technology|Internet Service Provider (ISP)
205847,ISP,Validating RPKI ROV|Computer and Information Technology|Internet Service Provider (ISP)
42009,Other,"Buildings, Repair, Maintenance (Pest Control, Landscaping, Cleaning, Locksmiths, Car Washes, etc)|Service"
42010,ISP,Not Validating RPKI ROV|Internet Service Provider (ISP)|Computer and Information Technology
50202,ISP,Finance and Insurance|Insurance Carriers and Agencies
33820,ISP,"Manufacturing|Law, Business, and Consulting Services|Finance and Insurance|Service"
50203,ISP,Software Development|Computer and Information Technology|Internet Service Provider (ISP)
214045,Unknown,
205855,Other,"Museums, Libraries, and Entertainment|Casinos and Gambling"
9248,Other,"Retail Stores, Wholesale, and E-commerce Sites|Food, Grocery, Beverages"
197669,ISP,Validating RPKI ROV|Computer and Information Technology|Internet Service Provider (ISP)|Hosting and Cloud Provider
214055,Unknown,
214056,Unknown,
197677,Unknown,
50224,Eyeball,Eyeball|Manufacturing|Chemical and Pharmaceutical Manufacturing|Anycast
214064,Unknown,
197685,ISP,Hosting and Cloud Provider|Internet Service Provider (ISP)|Service|Computer and Information Technology
205878,ISP,Software Development|Internet Service Provider (ISP)|Computer and Information Technology|IPv6 only
214073,Unknown,
42044,ISP,Tranco 10k Host|Internet Service Provider (ISP)|Computer and Information Technology
205885,ISP,Internet Service Provider (ISP)|Computer and Information Technology|Not Validating RPKI ROV
33854,ISP,Internet Service Provider (ISP)|Computer and Information Technology|Not Validating RPKI ROV
42046,Other,"Media, Publishing, and Broadcasting|Online Informational Content"
205886,Other,"Construction and Real Estate|Civil Engineering Construction (Utility Lines, Roads and Bridges)|Buildings (Residential or Commercial)|Real Estate (Residential and/or Commercial)"
214079,Content/CDN,Content|Server Hosting
33860,Other,Finance and Insurance
42053,Other,"Computer and Information Technology|Online Informational Content|Phone Provider|Media, Publishing, and Broadcasting"
205892,ISP,Eyeball|Internet Service Provider (ISP)|Computer and Information Technology|Business Broadband
205896,Other,"Passenger Transit (Car, Bus, Taxi, Subway)|Freight, Shipment, and Postal Services"
205897,Content/CDN,Hosting and Cloud Provider|Computer and Information Technology|Server Hosting|IPv6 only
205900,ISP,Phone Provider|Service|Internet Service Provider (ISP)|Computer and Information Technology
214098,Content/CDN,Server Hosting
197715,ISP,Computer and Information Technology|Internet Service Provider (ISP)
205909,Academic/Edu,Education and Research|IPv6 only
33879,Other,Computer and Information Technology|Search
197723,Unknown,
205917,ISP,Not Validating RPKI ROV|Software Development|Internet Service Provider (ISP)|Computer and Information Technology
205918,Other,Finance and Insurance
42081,Academic/Edu,"Agriculture, Mining, and Refineries (Farming, Greenhouses, Mining, Forestry, and Animal Farming)|Online Informational Content|Media, Publishing, and Broadcasting|Utilities (Excluding Internet Service)"
214116,Unknown,
33898,ISP,Computer and Information Technology|Manufacturing|Internet Service Provider (ISP)|Service
205932,ISP,Computer and Information Technology|Internet Service Provider (ISP)
50287,ISP,Software Development|Internet Service Provider (ISP)|Computer and Information Technology
205936,Other,Computer and Network Security|Computer and Information Technology
50292,ISP,Not Validating RPKI ROV|Internet Service Provider (ISP)|Computer and Information Technology
205944,Enterprise,"Finance and Insurance|Service|Law, Business, and Consulting Services|Investment, Portfolio Management, Pensions and Funds"
197753,Eyeball,Computer and Information Technology|Computer and Network Security|Software Development|Event
50300,ISP,Content|Computer and Information Technology|Internet Service Provider (ISP)|Validating RPKI ROV
214143,Unknown,
33920,ISP,"Not Validating RPKI ROV|Government and Public Administration|Military, Defense, National Security, and International Affairs|Media, Publishing, and Broadcasting"
33921,ISP,Computer and Information Technology|Phone Provider|Internet Service Provider (ISP)
214160,Other,IPv6 only
42129,Content/CDN,Computer and Information Technology|Hosting and Cloud Provider
214162,Unknown,
33941,ISP,Eyeball|Computer and Information Technology|Internet Service Provider (ISP)|Validating RPKI ROV
205975,ISP,Eyeball|Validating RPKI ROV|Business Broadband|Home ISP
214168,Other,IPv6 only
50329,Academic/Edu,Education and Research
33953,Other,"Finance and Insurance|Banks, Credit Card Companies, Mortgage Providers|Computer and Information Technology|Software Development"
205986,Other,Computer and Information Technology
214177,Unknown,
205996,ISP,Carrier|Internet Service Provider (ISP)|Computer and Information Technology
214188,Unknown,
33967,Government,"Government|Government and Public Administration|Government and Regulatory Agencies, Administrations, Departments, and Services"
33968,ISP,Internet Service Provider (ISP)|Hosting and Cloud Provider|Computer and Information Technology|Software Development
206000,ISP,"Retail Stores, Wholesale, and E-commerce Sites|Finance and Insurance|Internet Service Provider (ISP)|Computer and Information Technology"
33970,ISP,Internet Service Provider (ISP)|Computer and Information Technology
206003,Eyeball,"Retail Stores, Wholesale, and E-commerce Sites|Eyeball"
33975,ISP,Hosting and Cloud Provider|Internet Service Provider (ISP)|Computer and Information Technology
214199,Content/CDN,Server Hosting
50363,ISP,Finance and Insurance|Computer and Information Technology|Internet Service Provider (ISP)
33981,Other,"Banks, Credit Card Companies, Mortgage Providers|Computer and Information Technology|Finance and Insurance|Software Development"
42173,Other,"Media, Publishing, and Broadcasting|Service"
206016,Other,Manufacturing|Chemical and Pharmaceutical Manufacturing|Finance and Insurance
214214,Unknown,
206024,ISP,"Chemical and Pharmaceutical Manufacturing|Service|Investment, Portfolio Management, Pensions and Funds|Computer and Information Technology"
197839,Enterprise,"Law, Business, and Consulting Services|Service"
42192,Enterprise,"Computer and Information Technology|Law, Business, and Consulting Services|Service|IPv6 only"
50385,Other,"Anycast|Museums, Libraries, and Entertainment"
206033,Content/CDN,Server Hosting|Community Groups and Nonprofits|Computer and Information Technology|Churches and Religious Organizations
206036,Other,Service
214228,Unknown,
50391,Eyeball,Server Hosting|Computer and Information Technology|Eyeball
17626,ISP,Computer and Information Technology|Internet Service Provider (ISP)
34010,ISP,Computer and Information Technology|Internet Service Provider (ISP)
197852,Other,"Investment, Portfolio Management, Pensions and Funds|Banks, Credit Card Companies, Mortgage Providers|Finance and Insurance"
214238,Unknown,
214240,Unknown,
206049,ISP,Internet Service Provider (ISP)|Computer and Information Technology
214242,Other,IPv6 only
197860,Unknown,
42214,Other,Anycast|Computer and Information Technology
42217,Other,"Museums, Libraries, and Entertainment|Real Estate (Residential and/or Commercial)|Construction and Real Estate|Travel and Accommodation"
34026,ISP,Computer and Information Technology|Internet Service Provider (ISP)
50412,Other,"Human Rights and Social Advocacy (Human Rights, Environment and Wildlife Conservation, Other)|Construction and Real Estate|Community Groups and Nonprofits"
206062,ISP,Internet Service Provider (ISP)|Computer and Information Technology
197872,Other,"Software Development|Phone Provider|Computer and Information Technology|Media, Publishing, and Broadcasting"
50419,Enterprise,"Service|Law, Business, and Consulting Services"
42228,ISP,Not Validating RPKI ROV|Internet Service Provider (ISP)|Computer and Information Technology
206067,ISP,Eyeball|Computer and Information Technology|Internet Service Provider (ISP)|Validating RPKI ROV
50422,ISP,Phone Provider|Computer and Information Technology|Internet Service Provider (ISP)
206071,Other,"Phone Provider|Computer and Information Technology|Media, Publishing, and Broadcasting|Software Development"
214260,Unknown,
34041,Academic/Edu,"Health Care Services|Community Groups and Nonprofits|Education and Research|Human Rights and Social Advocacy (Human Rights, Environment and Wildlife Conservation, Other)"
206074,ISP,"Human Rights and Social Advocacy (Human Rights, Environment and Wildlife Conservation, Other)|Computer and Information Technology|Community Groups and Nonprofits|Internet Service Provider (ISP)"
42237,ISP,VPN Host|Computer and Information Technology|Internet Service Provider (ISP)|Not Validating RPKI ROV
206078,ISP,Not Validating RPKI ROV|Computer and Information Technology|Internet Service Provider (ISP)
214271,Unknown,
50432,ISP,Internet Service Provider (ISP)|Computer and Information Technology|Phone Provider
214280,Unknown,
197898,ISP,Validating RPKI ROV|Computer and Information Technology|Internet Service Provider (ISP)|Hosting and Cloud Provicer
206092,ISP,Eyeball|Community Groups and Nonprofits|Computer and Information Technology|Internet Service Provider (ISP)
50445,Other,"Media, Publishing, and Broadcasting|Service|Computer and Information Technology"
214284,Unknown,
214285,Unknown,
206097,ISP,Internet Service Provider (ISP)|Computer and Information Technology
34066,ISP,Computer and Information Technology|Internet Service Provider (ISP)
214293,Unknown,
214294,Unknown,
214295,Unknown,
197913,ISP,Internet Service Provider (ISP)|Computer and Information Technology
50461,Other,Technology Consulting Services|Computer and Information Technology
34079,Academic/Edu,"Human Rights and Social Advocacy (Human Rights, Environment and Wildlife Conservation, Other)|Education and Research|Colleges, Universities, and Professional Schools|Community Groups and Nonprofits"
42271,ISP,Computer and Information Technology|Internet Service Provider (ISP)|Hosting and Cloud Provider
34082,Other,"Service|Media, Publishing, and Broadcasting"
214307,Unknown,
50468,ISP,Internet Service Provider (ISP)|Computer and Information Technology
214309,Unknown,
214311,Unknown,
214314,Unknown,
214315,Unknown,
34099,Other,"Computer and Information Technology|Travel and Accommodation|Software Development|Media, Publishing, and Broadcasting"
214323,Unknown,
206136,ISP,Internet Service Provider (ISP)|Computer and Information Technology|Software Development|Online Informational Content
50489,ISP,Phone Provider|Internet Service Provider (ISP)|Community Groups and Nonprofits|Computer and Information Technology
214332,Unknown,
206143,ISP,Internet Service Provider (ISP)|Computer and Information Technology
206144,ISP,"Online Informational Content|Media, Publishing, and Broadcasting|Internet Service Provider (ISP)|Computer and Information Technology"
42305,ISP,Computer and Information Technology|Internet Service Provider (ISP)
206146,Other,"Finance and Insurance|Media, Publishing, and Broadcasting|Banks, Credit Card Companies, Mortgage Providers|Service"
9540,ISP,Software Development|Computer and Information Technology|Internet Service Provider (ISP)
197958,ISP,Computer and Information Technology|Internet Service Provider (ISP)
34119,ISP,Content|Internet Service Provider (ISP)|Computer and Information Technology|Not Validating RPKI ROV
206150,ISP,"Computer and Information Technology|Human Rights and Social Advocacy (Human Rights, Environment and Wildlife Conservation, Other)|Internet Service Provider (ISP)|Community Groups and Nonprofits"
214347,Other,Validating RPKI ROV
50510,Other,Community Groups and Nonprofits|Health Care Services
214351,Unknown,
206160,Other,"Online Informational Content|Media, Publishing, and Broadcasting|Personal ASN"
206164,Other,Finance and Insurance|Anycast
34134,ISP,Computer and Information Technology|Internet Service Provider (ISP)|Validating RPKI ROV
206166,Other,"Finance and Insurance|Investment, Portfolio Management, Pensions and Funds"
197976,Other,"Museums, Libraries, and Entertainment|Casinos and Gambling"
42330,ISP,Eyeball|Internet Service Provider (ISP)|Computer and Information Technology
42332,ISP,Software Development|Internet Service Provider (ISP)|Computer and Information Technology
214365,Other,Content
50534,ISP,Computer and Information Technology|Internet Service Provider (ISP)
42344,ISP,Computer and Information Technology|Internet Service Provider (ISP)
206187,Other,Finance and Insurance
9580,Academic/Edu,Education and Research|Validating RPKI ROV
34158,Other,"Media, Publishing, and Broadcasting|Online Informational Content|Online Music and Video Streaming Services"
42353,ISP,Internet Service Provider (ISP)|Computer and Information Technology
42359,ISP,Computer and Information Technology|Internet Service Provider (ISP)
198010,Other,"Retail Stores, Wholesale, and E-commerce Sites"
206202,ISP,Internet Service Provider (ISP)|Computer and Information Technology|IPv6 only
34178,Government,"Government and Public Administration|Computer and Network Security|Computer and Information Technology|Military, Defense, National Security, and International Af-"
206210,ISP,Internet Service Provider (ISP)|Computer and Information Technology|Hosting and Cloud Provider
214402,Eyeball,Eyeball
214409,Unknown,
206223,Other,Service
198032,Academic/Edu,Education and Research
214416,Unknown,
214420,Eyeball,IPv6 only|Personal ASN|Eyeball
198037,Content/CDN,Content|Server Hosting
206229,Other,"Agriculture, Mining, and Refineries (Farming, Greenhouses, Mining, Forestry, and Animal Farming)|Utilities (Excluding Internet Service)"
206232,ISP,Computer and Information Technology|Internet Service Provider (ISP)|Phone Provider
214424,Unknown,
34202,ISP,"Media, Publishing, and Broadcasting|Internet Service Provider (ISP)|Computer and Information Technology|Software Development"
214425,Unknown,
214426,Unknown,
206237,Other,"Finance and Insurance|Banks, Credit Card Companies, Mortgage Providers"
214432,Unknown,
206245,ISP,Not Validating RPKI ROV|Computer and Information Technology|Internet Service Provider (ISP)
206246,ISP,Software Development|Internet Service Provider (ISP)|Computer and Information Technology
214437,Unknown,
214438,Unknown,
42412,Other,Service
50605,Unknown,
198063,Enterprise,"Law, Business, and Consulting Services|Service|Media, Publishing, and Broadcasting"
214451,Other,Personal ASN
214453,Unknown,
198071,Unknown,
214455,Other,Content
50617,Other,Computer and Information Technology|Hospitals and Medical Centers|Health Care Services
214457,Other,IPv6 only
42427,Government,"Military, Defense, National Security, and International Affairs|Finance and Insurance|Law, Business, and Consulting Services|Computer and Network Security"
206269,Other,"Construction and Real Estate|Freight, Shipment, and Postal Services|Real Estate (Residential and/or Commercial)|Personal ASN"
214462,Unknown,
214471,Unknown,
50632,ISP,Internet Service Provider (ISP)|Computer and Information Technology|Software Development
214480,Content/CDN,Content|Server Hosting
206289,Other,"Finance and Insurance|Banks, Credit Card Companies, Mortgage Providers"
198100,Content/CDN,VPN Host|Server Hosting
198104,ISP,"Media, Publishing, and Broadcasting|Internet Service Provider (ISP)|Computer and Information Technology"
42457,Other,Computer and Information Technology
206300,ISP,Internet Service Provider (ISP)|Computer and Information Technology|Computer and Network Security
34270,ISP,Not Validating RPKI ROV|Computer and Information Technology|Internet Service Provider (ISP)
50656,ISP,Service|Internet Service Provider (ISP)|Computer and Information Technology|Software Development
42465,Government,"Software Development|Computer and Network Security|Government and Public Administration|Military, Defense, National Security, and International Affairs"
42466,Enterprise,"Law, Business, and Consulting Services|Computer and Information Technology|Service"
206307,ISP,Phone Provider|Internet Service Provider (ISP)|Computer and Information Technology|Search
214496,Unknown,
214498,Unknown,
34282,Content/CDN,Server Hosting|Hosting and Cloud Provider|Computer and Information Technology|Not Validating RPKI ROV
148971,Other,IPv6 only
214506,Unknown,
42479,ISP,Software Development|Computer and Information Technology|Internet Service Provider (ISP)
214512,Unknown,
214514,Eyeball,IPv6 only|Personal ASN|Eyeball
206324,ISP,Internet Service Provider (ISP)|Computer and Information Technology
214519,Unknown,
198136,ISP,Internet Service Provider (ISP)|Computer and Information Technology|Construction and Real Estate
206332,ISP,Internet Service Provider (ISP)|Computer and Information Technology
198142,Academic/Edu,"Education and Research|Elementary and Secondary Schools|Government and Regulatory Agencies, Administrations, Departments, and Services|Government and Public Administration"
206335,ISP,Internet Service Provider (ISP)|Computer and Information Technology
214534,Unknown,
50697,Other,Service
206347,ISP,Business Broadband|Construction and Real Estate|Phone Provider|Computer and Information Technology
206352,ISP,Computer and Information Technology|Internet Service Provider (ISP)
42513,Other,Service
214544,Unknown,
50711,ISP,Internet Service Provider (ISP)|Computer and Information Technology
214555,Unknown,
214557,Unknown,
214558,Other,IPv6 only
214559,Other,IPv6 only
206371,ISP,Computer and Information Technology|Internet Service Provider (ISP)
206372,ISP,"Finance and Insurance|Accountants, Tax Preparers, Payroll Services|Internet Service Provider (ISP)|Computer and Information Technology"
214565,Unknown,
214566,Unknown,
34344,Other,"Water Transportation|Freight, Shipment, and Postal Services"
42536,Enterprise,"Finance and Insurance|Accountants, Tax Preparers, Payroll Services|Service|Investment, Portfolio Management, Pensions and Funds"
34350,ISP,Computer and Information Technology|Internet Service Provider (ISP)|Health Care Services
42543,ISP,"Retail Stores, Wholesale, and E-commerce Sites|Finance and Insurance|Software Development|Computer and Information Technology"
214579,Unknown,
50743,ISP,Software Development|Internet Service Provider (ISP)|Computer and Information Technology|Eyeball
206392,Eyeball,"Banks, Credit Card Companies, Mortgage Providers|Finance and Insurance|IPv6 only|Eyeball"
214583,Other,IPv6 only
9786,Content/CDN,Hosting and Cloud Provider|Computer and Information Technology
50746,ISP,Software Development|Internet Service Provider (ISP)|Computer and Information Technology|Validating RPKI ROV
206397,Content/CDN,Computer and Information Technology|Hosting and Cloud Provider
214590,Unknown,
214592,Other,IPv6 only
214594,Other,IPv6 only
214595,Other,IPv6 only
214596,Other,IPv6 only
42565,ISP,Computer and Information Technology|Internet Service Provider (ISP)|Software Development|Hosting and Cloud Provider
206405,ISP,Computer and Information Technology|Internet Service Provider (ISP)
214599,Other,IPv6 only
214600,Other,IPv6 only
214602,Other,IPv6 only
198219,Eyeball,Eyeball|Personal ASN|Buildings (Residential or Commercial)|Construction and Real Estate
198220,ISP,Internet Service Provider (ISP)|Computer and Information Technology|Hosting and Cloud Provider|Software Development
206411,Other,"Buildings (Residential or Commercial)|Construction and Real Estate|Civil Engineering Construction (Utility Lines, Roads and Bridges)"
198222,Academic/Edu,"Education and Research|Colleges, Universities, and Professional Schools|Other Schools, Instruction, and Exam Preparation (Trade Schools, Art Schools, Driving Instruction, etc.)"
214604,Other,IPv6 only
214605,Other,IPv6 only
214606,Unknown,
42579,ISP,Computer and Information Technology|Internet Service Provider (ISP)
50773,Other,Software Development|Computer and Information Technology
198231,ISP,Internet Service Provider (ISP)|Computer and Information Technology
214618,Other,Anycast
206427,Other,"Freight, Shipment, and Postal Services|Civil Engineering Construction (Utility Lines, Roads and Bridges)|Buildings (Residential or Commercial)|Metal, Glass, Wood, and Paper Manufacturing"
214627,Unknown,
50788,Other,Computer and Information Technology|Software Development
34406,ISP,Internet Service Provider (ISP)|Computer and Information Technology|Hosting and Cloud Provider
34407,Other,Service
198250,ISP,"Internet Service Provider (ISP)|Civil Engineering Construction (Utility Lines, Roads and Bridges)|Computer and Information Technology|Electronics and Computer Components"
214634,Eyeball,Eyeball
34413,ISP,"Internet Service Provider (ISP)|Computer and Information Technology|Media, Publishing, and Broadcasting|Online Informational Content"
214637,Unknown,
50799,Other,Software Development|Computer and Information Technology
42611,ISP,Home ISP|Internet Service Provider (ISP)|Computer and Information Technology|Business Broadband
50807,ISP,"Content|Media, Publishing, and Broadcasting|Computer and Information Technology|Service"
214647,Unknown,
206457,Other,"Computer and Information Technology|Software Development|Media, Publishing, and Broadcasting|Phone Provider"
214654,Unknown,
206467,Other,Service|Not Validating RPKI ROV
214661,Unknown,
50823,ISP,Computer and Information Technology|Internet Service Provider (ISP)|Server Hosting|Content
214663,Unknown,
214665,Unknown,
34442,ISP,Server Hosting|Internet Service Provider (ISP)|Computer and Information Technology|Not Validating RPKI ROV
42635,Other,Computer and Information Technology
50826,Other,"Banks, Credit Card Companies, Mortgage Providers|Finance and Insurance"
214670,Unknown,
206479,Other,Computer and Information Technology|Service|Content
214672,Other,IPv6 only
206483,ISP,Computer and Information Technology|Software Development|Phone Provider|Internet Service Provider (ISP)
206490,Government,"Government and Public Administration|Government and Regulatory Agencies, Administrations, Departments, and Services|Government"
198299,Other,Computer and Information Technology
198300,Other,Construction and Real Estate
198306,ISP,"Insurance Carriers and Agencies|Finance and Insurance|Investment, Portfolio Management, Pensions and Funds"
206499,ISP,Content|Internet Service Provider (ISP)|Computer and Information Technology|Personal ASN
198312,ISP,Computer and Network Security|Computer and Information Technology|Internet Service Provider (ISP)
198313,ISP,Computer and Information Technology|Internet Service Provider (ISP)
206509,ISP,Eyeball|Home ISP|Validating RPKI ROV|Internet Service Provider (ISP)
206512,Content/CDN,Hosting and Cloud Provider|Computer and Information Technology|Not Validating RPKI ROV
214705,Unknown,
149172,Other,IPv6 only
50871,ISP,"Human Rights and Social Advocacy (Human Rights, Environment and Wildlife Conservation, Other)|Internet Service Provider (ISP)|Community Groups and Nonprofits|Computer and Information Technology"
198328,ISP,"Online Informational Content|Internet Service Provider (ISP)|Computer and Information Technology|Media, Publishing, and Broadcasting"
214713,Unknown,
214714,Unknown,
214715,Other,IPv6 only
198332,Other,Other
214716,Content/CDN,Server Hosting|Content
42689,ISP,Eyeball|Computer and Information Technology|Internet Service Provider (ISP)|Not Validating RPKI ROV
50882,ISP,Computer and Information Technology|Internet Service Provider (ISP)
34499,ISP,Computer and Information Technology|Internet Service Provider (ISP)|Hosting and Cloud Provider
198337,Content/CDN,"Hosting and Cloud Provider|Computer and Information Technology|Software Development|Retail Stores, Wholesale, and E-commerce Sites"
206530,ISP,Eyeball|Internet Service Provider (ISP)|Computer and Information Technology
214722,Unknown,
50888,ISP,Internet Service Provider (ISP)|Computer and Information Technology
50889,ISP,"Content|Museums, Libraries, and Entertainment|Software Development|Internet Service Provider (ISP)"
214731,Eyeball,Eyeball|Anycast|IPv6 only
198351,ISP,"Computer and Information Technology|Internet Service Provider (ISP)|Media, Publishing, and Broadcasting"
42705,ISP,Validating RPKI ROV|Computer and Information Technology|Internet Service Provider (ISP)
198353,ISP,Internet Service Provider (ISP)|Computer and Information Technology
206547,Other,Computer and Information Technology|Software Development|Technology Consulting Services
214745,Unknown,
198362,Unknown,
34523,ISP,Internet Service Provider (ISP)|Computer and Information Technology
214749,Other,IPv6 only|Anycast|Personal ASN
50910,Other,Computer and Information Technology
206573,ISP,"Computer and Information Technology|Internet Service Provider (ISP)|Freight, Shipment, and Postal Services|Hosting and Cloud Provider"
198382,Other,Computer and Information Technology
206576,ISP,Not Validating RPKI ROV|Internet Service Provider (ISP)|Education and Research|Computer and Information Technology
50930,ISP,Government and Public Administration|Computer and Information Technology|Internet Service Provider (ISP)|Hosting and Cloud Provider
198386,ISP,Software Development|Health Care Services|Internet Service Provider (ISP)|Computer and Information Technology
214770,Unknown,
50935,Content/CDN,Computer and Information Technology|Hosting and Cloud Provider
34555,ISP,Content|Internet Service Provider (ISP)|Computer and Information Technology|Validating RPKI ROV
132865,ISP,Computer and Information Technology|Internet Service Provider (ISP)
50948,ISP,Computer and Information Technology|Service|Software Development|Internet Service Provider (ISP)
42761,Other,"Banks, Credit Card Companies, Mortgage Providers|Merchant Wholesalers|Finance and Insurance|Retail Stores, Wholesale, and E-commerce Sites"
198412,ISP,Anycast|Hosting and Cloud Provider|Computer and Information Technology|Internet Service Provider (ISP)
50957,ISP,Computer and Information Technology|Internet Service Provider (ISP)|Hosting and Cloud Provider
42775,Content/CDN,"VPN Host|Computer and Information Technology|Hosting and Cloud Provider|Freight, Shipment, and Postal Services"
214808,Unknown,
198426,ISP,Internet Service Provider (ISP)|Computer and Information Technology|Not Validating RPKI ROV
34587,Content/CDN,Hosting and Cloud Provider|Computer and Information Technology
50972,Other,"Food, Grocery, Beverages|Retail Stores, Wholesale, and E-commerce Sites|Media, Publishing, and Broadcasting|Online Informational Content"
214811,Unknown,
206626,ISP,Not Validating RPKI ROV|Internet Service Provider (ISP)|Computer and Information Technology
214818,Eyeball,Personal ASN|IPv6 only|Eyeball
214819,Other,IPv6 only
206629,Government,"Law, Business, and Consulting Services|Service|Government"
214820,Unknown,
198440,ISP,Eyeball|Computer and Information Technology|Internet Service Provider (ISP)|Not Validating RPKI ROV
50985,Other,"Media, Publishing, and Broadcasting|Computer and Information Technology|Software Development|Phone Provider"
206634,Content/CDN,"Media, Publishing, and Broadcasting|Service|Server Hosting"
214826,Unknown,
206637,ISP,"Computer and Information Technology|Government and Public Administration|Military, Defense, National Security, and International Affairs|Internet Service Provider (ISP)"
214834,Content/CDN,Server Hosting|Content
34611,Other,"Retail Stores, Wholesale, and E-commerce Sites"
214835,Unknown,
1849,ISP,Computer and Information Technology|Internet Service Provider (ISP)|Phone Provider
206650,Enterprise,"Law, Business, and Consulting Services|Service|Software Development|Computer and Information Technology"
51005,ISP,"Computer and Information Technology|Media, Publishing, and Broadcasting|Internet Service Provider (ISP)|Service"
34623,Government,"Military, Defense, National Security, and International Affairs|Government and Public Administration|Computer and Information Technology"
34625,ISP,Computer and Information Technology|Internet Service Provider (ISP)
198466,Other,"Online Informational Content|Media, Publishing, and Broadcasting|Museums, Libraries, and Entertainment"
198472,Government,Government and Public Administration|Government
206664,ISP,"Software Development|Investment, Portfolio Management, Pensions and Funds|Internet Service Provider (ISP)|Computer and Information Technology"
42831,ISP,Content|Hosting and Cloud Provider|Internet Service Provider (ISP)|Computer and Information Technology
34640,Enterprise,"Service|Law, Business, and Consulting Services"
206671,ISP,Internet Service Provider (ISP)|Computer and Information Technology|Personal ASN
51031,ISP,Internet Service Provider (ISP)|Computer and Information Technology|Eyeball
34649,ISP,Hosting and Cloud Provider|Computer and Information Technology|Internet Service Provider (ISP)
206681,Enterprise,"Law, Business, and Consulting Services|Service"
206682,ISP,Software Development|Computer and Information Technology|Internet Service Provider (ISP)
34654,ISP,Internet Service Provider (ISP)|Computer and Information Technology
206686,ISP,Internet Service Provider (ISP)|Hosting and Cloud Provider|Computer and Information Technology
206688,Other,"Finance and Insurance|Investment, Portfolio Management, Pensions and Funds"
206689,Content/CDN,Computer and Information Technology|Hosting and Cloud Provider|Finance and Insurance|Software Development
206690,Content/CDN,Finance and Insurance|Hosting and Cloud Provider|Software Development|Computer and Information Technology
51043,ISP,Eyeball|Computer and Information Technology|Internet Service Provider (ISP)|Validating RPKI ROV
34660,ISP,Internet Service Provider (ISP)|Content|Server Hosting|Validating RPKI ROV
42853,ISP,Computer and Information Technology|Internet Service Provider (ISP)
214880,Unknown,
51047,ISP,"Government and Public Administration|Military, Defense, National Security, and International Affairs|Hosting and Cloud Provider|Computer and Information Technology"
51048,ISP,Carrier|Computer and Network Security|Internet Service Provider (ISP)|Computer and Information Technology
214894,Unknown,
51055,ISP,Not Validating RPKI ROV|Internet Service Provider (ISP)|Computer and Information Technology
34675,ISP,Internet Service Provider (ISP)|Computer and Information Technology|Hosting and Cloud Provider|Software Development
51059,ISP,Content|Internet Service Provider (ISP)|Hosting and Cloud Provider|Computer and Information Technology
51063,ISP,Internet Service Provider (ISP)|Computer and Information Technology
42875,ISP,Software Development|Computer and Information Technology|Internet Service Provider (ISP)
206715,Enterprise,"Clothing, Fashion, Luggage|Retail Stores, Wholesale, and E-commerce Sites|Food, Grocery, Beverages|Service"
214910,Unknown,
42880,Content/CDN,Hosting and Cloud Provider|Computer and Information Technology
34693,Other,Finance and Insurance|Software Development|Computer and Information Technology
34697,ISP,Internet Service Provider (ISP)|Computer and Information Technology|Electronics and Computer Components|Manufacturing
51082,ISP,Computer and Information Technology|Internet Service Provider (ISP)
214924,Unknown,
206733,Content/CDN,Software Development|Finance and Insurance|Computer and Information Technology|Hosting and Cloud Provider
51087,ISP,"Carrier|Finance and Insurance|Banks, Credit Card Companies, Mortgage Providers|Personal ASN"
214927,Unknown,
214931,Other,Personal ASN|IPv6 only
42902,ISP,"Online Informational Content|Software Development|Internet Service Provider (ISP)|Media, Publishing, and Broadcasting"
206745,Other,"Banks, Credit Card Companies, Mortgage Providers|Finance and Insurance|Retail Stores, Wholesale, and E-commerce Sites"
198554,ISP,Anycast|Internet Service Provider (ISP)|Computer and Information Technology|Software Development
206747,Government,"Government and Public Administration|Government and Regulatory Agencies, Administrations, Departments, and Services|Government"
34716,Unknown,
42909,ISP,Content|Service|Computer and Information Technology|Internet Service Provider (ISP)
51100,Other,"Construction and Real Estate|Utilities (Excluding Internet Service)|Agriculture, Mining, and Refineries (Farming, Greenhouses, Mining, Forestry, and Animal Farming)|Online Informational Content"
206754,Academic/Edu,Education and Research|Personal ASN
198567,Other,"Finance and Insurance|Banks, Credit Card Companies, Mortgage Providers|Investment, Portfolio Management, Pensions and Funds"
34728,ISP,"Investment, Portfolio Management, Pensions and Funds|Finance and Insurance|Internet Service Provider (ISP)|Health Care Services"
34737,Government,"Computer and Network Security|Computer and Information Technology|Military, Defense, National Security, and International Af-|Government and Public Administration"
206773,Academic/Edu,"Service|Law, Business, and Consulting Services|Education and Research"
34745,ISP,Internet Service Provider (ISP)|Computer and Information Technology|Electronics and Computer Components|Manufacturing
34746,Other,Not Validating RPKI ROV|Computer and Information Technology
214974,Other,IPv6 only
42944,Enterprise,"Museums, Libraries, and Entertainment|Recreation, Sports, and Performing Arts|Service|Media, Publishing, and Broadcasting"
42952,Other,"Recreation, Sports, and Performing Arts|Health Care Services|Museums, Libraries, and Entertainment"
206792,Other,"Online Informational Content|Media, Publishing, and Broadcasting|IPv6 only|Personal ASN"
214984,Unknown,
206798,ISP,Phone Provider|Internet Service Provider (ISP)|Computer and Information Technology|Hosting and Cloud Provider
206800,Other,"Phone Provider|Media, Publishing, and Broadcasting|Computer and Information Technology|Software Development"
51159,ISP,"Service|Media, Publishing, and Broadcasting|Computer and Information Technology|Internet Service Provider (ISP)"
215000,Unknown,
215002,Other,IPv6 only
215003,Unknown,
133084,Academic/Edu,"Human Rights and Social Advocacy (Human Rights, Environment and Wildlife Conservation, Other)|Education and Research|Community Groups and Nonprofits"
42973,ISP,Eyeball|Computer and Information Technology|Internet Service Provider (ISP)|Validating RPKI ROV
215005,Unknown,
198623,ISP,Internet Service Provider (ISP)|Computer and Information Technology
215008,Unknown,
51170,ISP,Software Development|Computer and Information Technology|Phone Provider|Internet Service Provider (ISP)
198628,Other,Finance and Insurance|Software Development|Computer and Information Technology|Community Groups and Nonprofits
215012,Unknown,
34790,ISP,Not Validating RPKI ROV|Computer and Information Technology|Internet Service Provider (ISP)
206822,ISP,"Online Informational Content|Computer and Information Technology|Media, Publishing, and Broadcasting|Internet Service Provider (ISP)"
42987,ISP,"Media, Publishing, and Broadcasting|Internet Service Provider (ISP)|Computer and Information Technology"
198636,ISP,Internet Service Provider (ISP)|Computer and Information Technology
215022,Other,IPv6 only
215023,Unknown,
43006,ISP,Internet Service Provider (ISP)|Computer and Information Technology
34816,Other,"Media, Publishing, and Broadcasting|Museums, Libraries, and Entertainment|Music and Video Industry|Construction and Real Estate"
43009,ISP,"Internet Service Provider (ISP)|Media, Publishing, and Broadcasting|Service|Computer and Information Technology"
206848,ISP,"Media, Publishing, and Broadcasting|Internet Service Provider (ISP)|Online Informational Content|Computer and Information Technology"
59395,ISP,Not Validating RPKI ROV|Internet Service Provider (ISP)|Computer and Information Technology
43013,ISP,Internet Service Provider (ISP)|Computer and Information Technology
215047,Unknown,
59402,ISP,Software Development|Computer and Information Technology|Internet Service Provider (ISP)
34827,Academic/Edu,Education and Research
51212,Other,"Retail Stores, Wholesale, and E-commerce Sites|Service|Software Development|Computer and Information Technology"
59410,ISP,Computer and Information Technology|Internet Service Provider (ISP)
215058,Unknown,
51221,Other,Finance and Insurance
51222,Other,Computer and Information Technology|Finance and Insurance|Not Validating RPKI ROV
206870,Other,Service
215066,ISP,Eyeball|Home ISP|Business Broadband
206877,ISP,Computer and Information Technology|Internet Service Provider (ISP)|IPv6 only
34846,Other,"Music and Video Industry|Online Informational Content|Museums, Libraries, and Entertainment|Media, Publishing, and Broadcasting"
215071,Unknown,
59426,Other,Computer and Information Technology|Search
198690,ISP,Internet Service Provider (ISP)|Computer and Information Technology
34854,ISP,Carrier|Computer and Information Technology|Internet Service Provider (ISP)
215086,Other,IPv6 only|Content
59439,ISP,Online Informational Content|Internet Service Provider (ISP)|Computer and Information Technology|Software Development
206895,Eyeball,Service|Personal ASN|Eyeball
215089,Unknown,
43059,ISP,"Internet Service Provider (ISP)|Computer and Information Technology|Retail Stores, Wholesale, and E-commerce Sites"
206900,Other,"Human Rights and Social Advocacy (Human Rights, Environment and Wildlife Conservation, Other)|Community Groups and Nonprofits"
59445,ISP,Computer and Information Technology|Internet Service Provider (ISP)|Software Development
51263,ISP,Home ISP|Internet Service Provider (ISP)|Computer and Information Technology|Validating RPKI ROV
59455,ISP,Server Hosting|Computer and Information Technology|Internet Service Provider (ISP)|Validating RPKI ROV
198722,ISP,Internet Service Provider (ISP)|Computer and Information Technology|Not Validating RPKI ROV|Home ISP
198723,Academic/Edu,"Colleges, Universities, and Professional Schools|Education Software|Education and Research|Not Validating RPKI ROV"
206918,Government,"Government and Regulatory Agencies, Administrations, Departments, and Services|Government and Public Administration|Government"
43079,Other,Other
215112,Unknown,
198729,ISP,"Online Informational Content|Internet Service Provider (ISP)|Computer and Information Technology|Media, Publishing, and Broadcasting"
34890,Enterprise,"Retail Stores, Wholesale, and E-commerce Sites|Law, Business, and Consulting Services|Software Development|Service"
43082,ISP,Hosting and Cloud Provider|Internet Service Provider (ISP)|Computer and Information Technology
206924,Eyeball,"Eyeball|Software Development|Computer and Information Technology|Media, Publishing, and Broadcasting"
206925,ISP,Internet Service Provider (ISP)|Computer and Information Technology
215113,Unknown,
198736,ISP,Validating RPKI ROV|Internet Service Provider (ISP)|Computer and Information Technology|Business Broadband
2129,Content/CDN,Hosting and Cloud Provider|Computer and Information Technology|Validating RPKI ROV
34900,Other,Computer and Information Technology|Finance and Insurance|Software Development
198740,ISP,"Retail Stores, Wholesale, and E-commerce Sites|Internet Service Provider (ISP)|Computer and Information Technology"
206933,ISP,"Retail Stores, Wholesale, and E-commerce Sites|Internet Service Provider (ISP)|Computer and Information Technology"
51287,Other,"Clothing, Fashion, Luggage|Retail Stores, Wholesale, and E-commerce Sites"
206934,ISP,Server Hosting|Computer and Information Technology|Internet Service Provider (ISP)|Hosting and Cloud Provider
215127,Other,IPv6 only
215128,Eyeball,Eyeball
206939,ISP,Computer and Information Technology|Internet Service Provider (ISP)|Software Development|Phone Provider
34914,Other,Finance and Insurance
2147,Other,"Validating RPKI ROV|Radio and Television Providers|Service|Media, Publishing, and Broadcasting"
43108,ISP,Internet Service Provider (ISP)|Hosting and Cloud Provider|Computer and Information Technology
59493,ISP,Computer and Information Technology|Internet Service Provider (ISP)
51303,ISP,Internet Service Provider (ISP)|Computer and Information Technology
34920,ISP,Computer and Information Technology|Hosting and Cloud Provider|Internet Service Provider (ISP)
34922,Other,Computer and Information Technology|Computer and Network Security
198768,Eyeball,IPv6 only|Eyeball
215152,Unknown,
34930,Other,"Freight, Shipment, and Postal Services|Community Groups and Nonprofits|Not Validating RPKI ROV"
34931,ISP,VPN Host|Software Development|Internet Service Provider (ISP)|Technology Consulting Services
34934,ISP,Internet Service Provider (ISP)|Computer and Information Technology|Hosting and Cloud Provider|VPN Host
51318,Other,"Finance and Insurance|Investment, Portfolio Management, Pensions and Funds|Banks, Credit Card Companies, Mortgage Providers"
51320,ISP,Internet Service Provider (ISP)|Computer and Information Technology
215158,Unknown,
215159,Unknown,
43131,ISP,Computer and Information Technology|Internet Service Provider (ISP)
34940,ISP,Software Development|Internet Service Provider (ISP)|Computer and Information Technology|Hosting and Cloud Provider
198781,ISP,Not Validating RPKI ROV|Internet Service Provider (ISP)|Computer and Information Technology
206974,ISP,"Computer and Information Technology|Buildings, Repair, Maintenance (Pest Control, Landscaping, Cleaning, Locksmiths, Car Washes, etc)|Internet Service Provider (ISP)|Civil Engineering Construction (Utility Lines, Roads and Bridges)"
215162,Unknown,
206976,Other,Service
51329,ISP,Internet Service Provider (ISP)|Computer and Information Technology
215172,Other,Content|Personal ASN
198789,Other,Computer and Information Technology
206981,Academic/Edu,Education and Research|Personal ASN|Content
206984,Content/CDN,Hosting and Cloud Provider|Computer and Information Technology
59529,Other,Finance and Insurance|Software Development|Computer and Information Technology
206985,Other,"Human Rights and Social Advocacy (Human Rights, Environment and Wildlife Conservation, Other)|Community Groups and Nonprofits"
206986,ISP,"Online Informational Content|Software Development|Media, Publishing, and Broadcasting|Computer and Information Technology"
198796,Other,Computer and Information Technology|Software Development
206987,ISP,Personal ASN|Hosting and Cloud Provider|Computer and Information Technology|Internet Service Provider (ISP)
215176,Unknown,
215184,Unknown,
198801,Other,"Investment, Portfolio Management, Pensions and Funds|Finance and Insurance"
59538,Eyeball,Eyeball|Buildings (Residential or Commercial)|Construction and Real Estate|Server Hosting
215187,Unknown,
43157,ISP,Computer and Information Technology|Internet Service Provider (ISP)|Phone Provider
34967,ISP,Internet Service Provider (ISP)|Computer and Information Technology
206999,ISP,Internet Service Provider (ISP)|Computer and Information Technology
215195,Unknown,
207009,Other,"Print Media (Newspapers, Magazines, Books)|Media, Publishing, and Broadcasting"
34979,Content/CDN,Server Hosting|Validating RPKI ROV
198823,ISP,"Internet Service Provider (ISP)|Government and Public Administration|Computer and Information Technology|Military, Defense, National Security, and International Affairs"
43178,Unknown,
207019,ISP,Internet Service Provider (ISP)|Computer and Information Technology|Software Development|Online Informational Content
215210,Other,IPv6 only
59565,ISP,Internet Service Provider (ISP)|Computer and Information Technology|Hosting and Cloud Provider
59566,ISP,Computer and Information Technology|Internet Service Provider (ISP)|IPv6 only
59581,Government,"Government and Public Administration|Government and Regulatory Agencies, Administrations, Departments, and Services"
43198,ISP,Software Development|Computer and Information Technology|Internet Service Provider (ISP)
51391,Academic/Edu,Education and Research|Personal ASN
51392,ISP,Content|Computer and Information Technology|Internet Service Provider (ISP)|Server Hosting
207039,ISP,"Internet Service Provider (ISP)|Computer and Information Technology|Human Rights and Social Advocacy (Human Rights, Environment and Wildlife Conservation, Other)|Community Groups and Nonprofits"
198850,ISP,"Media, Publishing, and Broadcasting|Law, Business, and Consulting Services|Music and Video Industry|Service"
207043,ISP,"Government and Public Administration|Computer and Information Technology|Internet Service Provider (ISP)|Military, Defense, National Security, and International Affairs"
215231,Unknown,
207045,ISP,Internet Service Provider (ISP)|Computer and Information Technology|Software Development
43207,ISP,Internet Service Provider (ISP)|Computer and Information Technology|Not Validating RPKI ROV
215242,Other,Content
215243,Unknown,
59597,ISP,Eyeball|Internet Service Provider (ISP)|Computer and Information Technology|Software Development
51406,ISP,Computer and Information Technology|Internet Service Provider (ISP)
198862,ISP,"Internet Service Provider (ISP)|Computer and Information Technology|Retail Stores, Wholesale, and E-commerce Sites"
198863,Academic/Edu,"Colleges, Universities, and Professional Schools|Education and Research|Academic"
51409,ISP,Internet Service Provider (ISP)|Computer and Information Technology
198864,Academic/Edu,"Validating RPKI ROV|Academic|Not Validating RPKI ROV|Colleges, Universities, and Professional Schools"
43219,ISP,Computer and Information Technology|Internet Service Provider (ISP)|Software Development
215252,Unknown,
59608,Other,Real Estate (Residential and/or Commercial)|Construction and Real Estate
207067,Enterprise,"Radio and Television Providers|Media, Publishing, and Broadcasting|Service|Music and Video Industry"
215262,Unknown,
207072,Other,Computer and Information Technology
59617,ISP,Computer and Information Technology|Internet Service Provider (ISP)|Personal ASN|Validating RPKI ROV
59619,Government,"Government and Public Administration|Government and Regulatory Agencies, Administrations, Departments, and Services|Validating RPKI ROV|Government"
43236,Enterprise,"Service|Law, Business, and Consulting Services"
35045,Other,Phone Provider|Computer and Information Technology
59621,Unknown,
215268,Unknown,
207080,Eyeball,Eyeball|Education and Research|Personal ASN
215269,Unknown,
215276,Unknown,
207086,Other,"Construction and Real Estate|Civil Engineering Construction (Utility Lines, Roads and Bridges)|Real Estate (Residential and/or Commercial)"
51439,ISP,"Insurance Carriers and Agencies|Finance and Insurance|Investment, Portfolio Management, Pensions and Funds"
198895,Eyeball,Eyeball
207087,Other,"Finance and Insurance|Banks, Credit Card Companies, Mortgage Providers"
59634,Other,Software Development|Computer and Information Technology
43251,Other,Software Development|Computer and Network Security|Computer and Information Technology
207089,ISP,Internet Service Provider (ISP)|Computer and Information Technology
59638,Other,Service
43255,Other,Finance and Insurance
207096,ISP,Computer and Information Technology|Internet Service Provider (ISP)
215286,Unknown,
215287,Unknown,
43259,Other,Service
35069,Unknown,
35071,ISP,Validating RPKI ROV|Travel and Accommodation|Internet Service Provider (ISP)|Computer and Information Technology
207108,ISP,Content|Computer and Information Technology|Internet Service Provider (ISP)|Validating RPKI ROV
215303,Eyeball,Eyeball
215304,Unknown,
35082,ISP,Internet Service Provider (ISP)|Computer and Information Technology|Computer and Network Security
59659,ISP,Server Hosting|Internet Service Provider (ISP)|Computer and Information Technology|Validating RPKI ROV
59660,Content/CDN,"Law, Business, and Consulting Services|Computer and Information Technology|Hosting and Cloud Provider|Retail Stores, Wholesale, and E-commerce Sites"
207120,ISP,Internet Service Provider (ISP)|Computer and Information Technology|Not Validating RPKI ROV
207121,ISP,Internet Service Provider (ISP)|Computer and Information Technology
215316,Unknown,
215320,Unknown,
215322,Eyeball,Eyeball
215323,Other,IPv6 only
59676,Other,Computer and Information Technology
59680,ISP,Internet Service Provider (ISP)|Computer and Information Technology|Software Development
35106,Content/CDN,Other|Service|Hosting and Cloud Provider|Computer and Information Technology
51490,ISP,"Computer and Information Technology|Internet Service Provider (ISP)|Service|Media, Publishing, and Broadcasting"
51491,ISP,Computer and Information Technology|Internet Service Provider (ISP)
207140,Other,"Agriculture, Mining, and Refineries (Farming, Greenhouses, Mining, Forestry, and Animal Farming)|Community Groups and Nonprofits|Utilities (Excluding Internet Service)|Human Rights and Social Advocacy (Human Rights, Environment and Wildlife Conservation, Other)"
215332,Eyeball,Eyeball|Personal ASN
51498,ISP,Computer and Information Technology|Internet Service Provider (ISP)
198957,ISP,Hosting and Cloud Provider|Computer and Information Technology|Internet Service Provider (ISP)|Computer and Network Security
35120,ISP,Mobile Data/Carrier|Computer and Information Technology|Internet Service Provider (ISP)
43313,ISP,Internet Service Provider (ISP)|Computer and Information Technology
207155,ISP,"Media, Publishing, and Broadcasting|Computer and Information Technology|Software Development|Internet Service Provider (ISP)"
207158,ISP,"Media, Publishing, and Broadcasting|Online Informational Content|Software Development|Internet Service Provider (ISP)"
59705,ISP,Internet Service Provider (ISP)|Hosting and Cloud Provider|Computer and Information Technology|Software Development
207162,ISP,Software Development|Internet Service Provider (ISP)|Computer and Information Technology
207163,Other,"Media, Publishing, and Broadcasting"
215355,Content/CDN,Content|Server Hosting
215363,Other,IPv6 only
59717,Other,"Retail Stores, Wholesale, and E-commerce Sites|Construction and Real Estate|Not Validating RPKI ROV"
51526,Other,Community Groups and Nonprofits|Computer and Information Technology
35143,Other,"Retail Stores, Wholesale, and E-commerce Sites"
43336,Unknown,
198981,Content/CDN,"Computer and Information Technology|Service|Buildings, Repair, Maintenance (Pest Control, Landscaping, Cleaning, Locksmiths, Car Washes, etc)|Hosting and Cloud Provider"
207173,Government,"Government and Public Administration|Service|Military, Defense, National Security, and International Affairs"
215368,Other,IPv6 only|Personal ASN
59724,Academic/Edu,Education and Research|Not Validating RPKI ROV
198990,Other,Content|Validating RPKI ROV|Manufacturing|Computer and Information Technology
207183,ISP,Software Development|Computer and Information Technology|Internet Service Provider (ISP)
59730,ISP,"Internet Service Provider (ISP)|Computer and Information Technology|Retail Stores, Wholesale, and E-commerce Sites|Eyeball"
215378,Unknown,
59736,Other,Real Estate (Residential and/or Commercial)|Construction and Real Estate
51545,ISP,Computer and Information Technology|Internet Service Provider (ISP)|Software Development
207194,ISP,Software Development|Internet Service Provider (ISP)|Computer and Information Technology
43355,ISP,Corporate/Enterprise|Internet Service Provider (ISP)|Computer and Information Technology|Not Validating RPKI ROV
207195,ISP,Software Development|Computer and Information Technology|Internet Service Provider (ISP)
215387,Other,Personal ASN
215388,Unknown,
51551,ISP,Validating RPKI ROV|Computer and Information Technology|Internet Service Provider (ISP)
207200,Unknown,
51553,ISP,Internet Service Provider (ISP)|Computer and Information Technology
215397,Unknown,
43367,Other,Computer and Information Technology|Software Development
133479,Other,Computer and Information Technology|Software Development|Technology Consulting Services
51561,ISP,Eyeball|Computer and Information Technology|Internet Service Provider (ISP)|Validating RPKI ROV
35180,ISP,"Law, Business, and Consulting Services|Service|Internet Service Provider (ISP)|Computer and Information Technology"
59756,ISP,Computer and Information Technology|Internet Service Provider (ISP)
51572,Other,Computer and Information Technology
215413,Content/CDN,Server Hosting|Content
215415,Unknown,
215419,Content/CDN,Server Hosting|Validating RPKI ROV
35196,Content/CDN,"Computer and Information Technology|Law, Business, and Consulting Services|Hosting and Cloud Provider|Museums, Libraries, and Entertainment"
35200,ISP,Computer and Information Technology|Internet Service Provider (ISP)
43392,Other,"Finance and Insurance|Investment, Portfolio Management, Pensions and Funds"
59778,ISP,Server Hosting|Computer and Information Technology|Internet Service Provider (ISP)
215429,Other,Validating RPKI ROV
59783,ISP,Computer and Information Technology|Internet Service Provider (ISP)
199052,Unknown,
207245,Other,Computer and Information Technology|Software Development|Service
215439,Other,Tor services
43408,Other,Validating RPKI ROV|Computer and Information Technology|Computer and Network Security
51601,ISP,Computer and Information Technology|Internet Service Provider (ISP)
199058,ISP,Server Hosting|Internet Service Provider (ISP)|Computer and Information Technology|Tor services
51603,Unknown,
199066,ISP,"Computer and Information Technology|Hosting and Cloud Provider|Retail Stores, Wholesale, and E-commerce Sites|Software Development"
59803,Other,Software Development|Computer and Information Technology
35228,ISP,Mobile Data/Carrier|Internet Service Provider (ISP)|Computer and Information Technology|Validating RPKI ROV
215450,Content/CDN,Server Hosting
59806,Other,Computer and Information Technology|Construction and Real Estate|Real Estate (Residential and/or Commercial)
215453,Unknown,
59809,ISP,Internet Service Provider (ISP)|Computer and Information Technology
59811,ISP,Computer and Information Technology|Phone Provider|Internet Service Provider (ISP)
43428,ISP,Computer and Information Technology|Internet Service Provider (ISP)
59813,ISP,Personal ASN|Internet Service Provider (ISP)|Computer and Information Technology
207268,ISP,IPv6 only|Internet Service Provider (ISP)|Computer and Information Technology
59816,ISP,Not Validating RPKI ROV|Computer and Information Technology|Internet Service Provider (ISP)
35241,Other,Service
43433,Other,"Service|Media, Publishing, and Broadcasting|Personal ASN"
59817,Other,Computer and Information Technology
59820,Other,Service
207273,Other,"Media, Publishing, and Broadcasting|Online Informational Content"
215468,Unknown,
215470,Content/CDN,Server Hosting
215471,Unknown,
43442,ISP,"Internet Service Provider (ISP)|Computer and Information Technology|Retail Stores, Wholesale, and E-commerce Sites"
215474,Unknown,
215476,Unknown,
35259,Unknown,
59836,Enterprise,Manufacturing|Real Estate (Residential and/or Commercial)|Service|Construction and Real Estate
59839,ISP,"Internet Service Provider (ISP)|Computer and Information Technology|Retail Stores, Wholesale, and E-commerce Sites|Computer and Network Security"
207295,ISP,"Finance and Insurance|Investment, Portfolio Management, Pensions and Funds|Insurance Carriers and Agencies"
35266,ISP,Not Validating RPKI ROV|Internet Service Provider (ISP)|Computer and Information Technology
35269,ISP,Computer and Information Technology|Internet Service Provider (ISP)|Software Development
199109,ISP,IPv6 only|Computer and Information Technology|Internet Service Provider (ISP)|Personal ASN
43463,Other,Manufacturing|Machinery|Electronics and Computer Components
199111,ISP,"Media, Publishing, and Broadcasting|Computer and Information Technology|Online Informational Content|Software Development"
215497,Unknown,
215499,Other,Personal ASN
207310,ISP,Computer and Information Technology|Internet Service Provider (ISP)
207312,Other,"Retail Stores, Wholesale, and E-commerce Sites|Motor Vehicles and Parts"
43475,Government,"Retail Stores, Wholesale, and E-commerce Sites|Government"
199131,Government,"Government and Public Administration|Government and Regulatory Agencies, Administrations, Departments, and Services|Validating RPKI ROV|Government"
43486,Other,"Finance and Insurance|Banks, Credit Card Companies, Mortgage Providers"
207328,Content/CDN,Hosting and Cloud Provider|Computer and Information Technology
2529,ISP,Internet Service Provider (ISP)|Computer and Information Technology
35299,ISP,Computer and Information Technology|Internet Service Provider (ISP)
59876,Other,Community Groups and Nonprofits|Personal ASN
215523,ISP,Eyeball|Business Broadband|Tor services|Home ISP
215527,Other,Anycast|IPv6 only
207339,ISP,Internet Service Provider (ISP)|Computer and Information Technology|Software Development
51692,ISP,Content|Internet Service Provider (ISP)|Computer and Information Technology|Validating RPKI ROV
59888,ISP,Eyeball|Validating RPKI ROV|Computer and Information Technology|Internet Service Provider (ISP)
215540,Content/CDN,Anycast|Validating RPKI ROV|Server Hosting|Tranco 10k Host
59893,ISP,"Hosting and Cloud Provider|Computer and Information Technology|Retail Stores, Wholesale, and E-commerce Sites|Internet Service Provider (ISP)"
59894,Other,Computer and Information Technology
59895,ISP,Server Hosting|Internet Service Provider (ISP)|Computer and Information Technology|Validating RPKI ROV
51704,Academic/Edu,Education and Research
59897,Content/CDN,Computer and Information Technology|Hosting and Cloud Provider
215543,Unknown,
51707,Academic/Edu,"Government and Public Administration|Media, Publishing, and Broadcasting|Government and Regulatory Agencies, Administrations, Departments, and Services|Education and Research"
199164,ISP,Internet Service Provider (ISP)|Computer and Information Technology
199165,Enterprise,"Law, Business, and Consulting Services|Service"
59902,ISP,Computer and Information Technology|Internet Service Provider (ISP)
35327,ISP,Computer and Information Technology|Internet Service Provider (ISP)
43519,ISP,Content|Computer and Information Technology|Internet Service Provider (ISP)|Hosting and Cloud Provider
51713,Other,"Tranco 10k Host|Retail Stores, Wholesale, and E-commerce Sites|Service"
59904,ISP,Insurance Carriers and Agencies|Finance and Insurance
59907,ISP,Internet Service Provider (ISP)|Computer and Information Technology
215551,Unknown,
43525,ISP,Service|Internet Service Provider (ISP)|Computer and Information Technology|Computer and Network Security
215560,Unknown,
43534,ISP,"Anycast|Software Development|Retail Stores, Wholesale, and E-commerce Sites|Internet Service Provider (ISP)"
59920,Other,Computer and Information Technology
43539,Content/CDN,Hosting and Cloud Provider|Computer and Information Technology
215575,Other,IPv6 only
43545,ISP,Not Validating RPKI ROV|Internet Service Provider (ISP)|Computer and Information Technology
2589,ISP,Validating RPKI ROV|Service|Internet Service Provider (ISP)|Computer and Information Technology
59933,ISP,Internet Service Provider (ISP)|Computer and Information Technology
43551,Unknown,
215587,Unknown,
199204,ISP,Internet Service Provider (ISP)|Computer and Information Technology
215590,Unknown,
199208,Other,"Investment, Portfolio Management, Pensions and Funds|Accountants, Tax Preparers, Payroll Services|Finance and Insurance"
215592,Other,IPv6 only
199210,Other,"Finance and Insurance|Accountants, Tax Preparers, Payroll Services|Investment, Portfolio Management, Pensions and Funds"
43565,ISP,Computer and Information Technology|Internet Service Provider (ISP)
35375,Other,Real Estate (Residential and/or Commercial)|Construction and Real Estate
59952,Other,"Travel and Accommodation|Air Travel|Hotels, Motels, Inns, Other Traveler Accommodation"
59953,ISP,Eyeball|Computer and Information Technology|Internet Service Provider (ISP)|Validating RPKI ROV
51762,ISP,Computer and Information Technology|Internet Service Provider (ISP)
215600,Other,IPv6 only
51766,Government,"Government and Regulatory Agencies, Administrations, Departments, and Services|Buildings, Repair, Maintenance (Pest Control, Landscaping, Cleaning, Locksmiths, Car Washes, etc)|Service|Government and Public Administration"
207416,ISP,"Tor services|Internet Service Provider (ISP)|Buildings, Repair, Maintenance (Pest Control, Landscaping, Cleaning, Locksmiths, Car Washes, etc)|Service"
43584,ISP,Service|Internet Service Provider (ISP)|Hosting and Cloud Provider|Computer and Information Technology
215617,Unknown,
207427,ISP,Computer and Information Technology|Internet Service Provider (ISP)|Hosting and Cloud Provider|IPv6 only
51782,ISP,Internet Service Provider (ISP)|Computer and Information Technology|Not Validating RPKI ROV|Eyeball
35399,ISP,Internet Service Provider (ISP)|Computer and Information Technology|Software Development
43599,ISP,Validating RPKI ROV|Computer and Information Technology|Internet Service Provider (ISP)
215631,Unknown,
215635,Unknown,
215636,Unknown,
215638,Eyeball,Eyeball|Server Hosting
51805,Other,"Finance and Insurance|Investment, Portfolio Management, Pensions and Funds"
199262,Government,"Travel and Accommodation|Freight, Shipment, and Postal Services|Government and Regulatory Agencies, Administrations, Departments, and Services|Government and Public Administration"
207456,ISP,Computer and Information Technology|Internet Service Provider (ISP)
51809,ISP,Eyeball|Other|Business Broadband|Home ISP
35425,ISP,Content|Hosting and Cloud Provider|Computer and Information Technology|Internet Service Provider (ISP)
43620,Other,"Travel and Accommodation|Retail Stores, Wholesale, and E-commerce Sites|Service|Computer and Information Technology"
60004,Other,"Civil Engineering Construction (Utility Lines, Roads and Bridges)|Construction and Real Estate|Buildings (Residential or Commercial)|Retail Stores, Wholesale, and E-commerce Sites"
199269,ISP,Internet Service Provider (ISP)|Computer and Information Technology|Hosting and Cloud Provider|Computer and Network Security
207461,Other,"Clothing, Fashion, Luggage|Retail Stores, Wholesale, and E-commerce Sites|Manufacturing"
35433,ISP,Internet Service Provider (ISP)|Computer and Information Technology|Validating RPKI ROV
215657,Unknown,
60011,ISP,Server Hosting|Computer and Information Technology|Internet Service Provider (ISP)|Hosting and Cloud Provider
60012,ISP,Computer and Information Technology|Internet Service Provider (ISP)
35437,ISP,Computer and Information Technology|Internet Service Provider (ISP)|Not Validating RPKI ROV|Home ISP
43629,ISP,"Internet Service Provider (ISP)|Computer and Information Technology|Media, Publishing, and Broadcasting"
51823,ISP,Internet Service Provider (ISP)|Computer and Information Technology
60013,ISP,Internet Service Provider (ISP)|Computer and Information Technology|Hosting and Cloud Provider
60015,ISP,Software Development|Internet Service Provider (ISP)|Computer and Information Technology
215660,Other,IPv6 only
199283,ISP,Eyeball|Internet Service Provider (ISP)|Computer and Information Technology|Validating RPKI ROV
215661,Unknown,
199285,ISP,Software Development|Internet Service Provider (ISP)|Computer and Information Technology
199286,ISP,Internet Service Provider (ISP)|Computer and Information Technology
215662,Unknown,
215672,Unknown,
215674,Unknown,
199291,ISP,Software Development|Internet Service Provider (ISP)|Computer and Information Technology
215675,Unknown,
27263,Other,"Computer and Information Technology|Technology Consulting Services|Manufacturing|Retail Stores, Wholesale, and E-commerce Sites"
60036,ISP,Computer and Information Technology|Eyeball|Home ISP|Not Validating RPKI ROV
51845,Enterprise,"Technology Consulting Services|Computer and Information Technology|Law, Business, and Consulting Services|Computer and Network Security"
35462,Other,"Media, Publishing, and Broadcasting|Online Informational Content"
60038,Other,"Food Services and Drinking Places|Retail Stores, Wholesale, and E-commerce Sites|Travel and Accommodation|Air Travel"
60045,ISP,Computer and Information Technology|Not Validating RPKI ROV|Internet Service Provider (ISP)
215698,Unknown,
43669,ISP,Internet Service Provider (ISP)|Service|Hosting and Cloud Provider|Computer and Information Technology
133782,Academic/Edu,Education and Research|Validating RPKI ROV
207511,Other,"Finance and Insurance|Online Informational Content|Media, Publishing, and Broadcasting"
215703,Content/CDN,Content|Server Hosting|Tor services
60060,Government,"Utilities (Excluding Internet Service)|Construction and Real Estate|Law, Business, and Consulting Services|Electric Power Generation, Transmission, Distribution"
60064,ISP,"Server Hosting|Media, Publishing, and Broadcasting|Service|Computer and Information Technology"
207520,Other,Finance and Insurance|Computer and Information Technology|Software Development
199330,ISP,Anycast|Internet Service Provider (ISP)|Computer and Information Technology|Internet Critical Infra
60068,ISP,"Carrier|Media, Publishing, and Broadcasting|Computer and Information Technology|Internet Service Provider (ISP)"
207524,Other,"Online Informational Content|Finance and Insurance|Media, Publishing, and Broadcasting"
207525,Other,Computer and Information Technology
199335,ISP,Computer and Information Technology|Internet Service Provider (ISP)
215720,Other,Service
207529,ISP,"Carrier|Retail Stores, Wholesale, and E-commerce Sites|Anycast|Personal ASN"
207534,ISP,Computer and Information Technology|Internet Service Provider (ISP)
60079,Eyeball,"Museums, Libraries, and Entertainment|Community Groups and Nonprofits|Event|Eyeball"
207536,Other,"Online Informational Content|Media, Publishing, and Broadcasting"
215730,Content/CDN,Server Hosting|VPN Host|Tor services
207543,ISP,Anycast|Computer and Information Technology|Internet Service Provider (ISP)|Software Development
51901,Other,"Computer and Information Technology|Retail Stores, Wholesale, and E-commerce Sites|Travel and Accommodation|Service"
207549,ISP,Computer and Information Technology|Internet Service Provider (ISP)
215742,ISP,Internet Service Provider (ISP)|Computer and Information Technology|Software Development
207552,ISP,"Internet Service Provider (ISP)|Technology Consulting Services|Law, Business, and Consulting Services|Software Development"
51905,ISP,Internet Service Provider (ISP)|Hosting and Cloud Provider|Computer and Information Technology
60102,Other,Finance and Insurance
60103,ISP,Computer and Information Technology|Internet Service Provider (ISP)
35528,ISP,"Finance and Insurance|Software Development|Investment, Portfolio Management, Pensions and Funds|Computer and Information Technology"
215754,Unknown,
51918,ISP,Eyeball|Computer and Information Technology|Internet Service Provider (ISP)|Not Validating RPKI ROV
207567,Eyeball,"Eyeball|Clothing, Fashion, Luggage|Retail Stores, Wholesale, and E-commerce Sites|Server Hosting"
215758,Unknown,
207569,Content/CDN,Server Hosting|Computer and Information Technology|Hosting and Cloud Provider
215759,ISP,"Content|Media, Publishing, and Broadcasting|Internet Service Provider (ISP)|Computer and Information Technology"
199379,ISP,Computer and Information Technology|Software Development|Internet Service Provider (ISP)
51926,ISP,"Software Development|Computer and Information Technology|Internet Service Provider (ISP)|Media, Publishing, and Broadcasting"
215766,Unknown,
60120,ISP,Computer and Information Technology|Internet Service Provider (ISP)
35545,ISP,Internet Service Provider (ISP)|Computer and Information Technology|Online Informational Content|Software Development
215768,ISP,Computer and Information Technology|Internet Service Provider (ISP)|IPv6 only|Personal ASN
35551,ISP,Computer and Information Technology|Hosting and Cloud Provider|Internet Service Provider (ISP)
207586,ISP,Internet Service Provider (ISP)|Computer and Information Technology|IPv6 only
51939,ISP,IPv6 only|Internet Service Provider (ISP)|Computer and Information Technology|Corporate/Enterprise
215780,Content/CDN,"Media, Publishing, and Broadcasting|IPv6 only|VPN Host|Server Hosting"
35559,Academic/Edu,Education and Research
51945,ISP,Server Hosting|Computer and Information Technology|Internet Service Provider (ISP)|Not Validating RPKI ROV
51946,Academic/Edu,"Community Groups and Nonprofits|Colleges, Universities, and Professional Schools|Human Rights and Social Advocacy (Human Rights, Environment and Wildlife Conservation, Other)|Education and Research"
199404,Other,"Service|Retail Stores, Wholesale, and E-commerce Sites"
51953,Other,Service|Not Validating RPKI ROV
207601,Other,"Computer and Information Technology|Software Development|Media, Publishing, and Broadcasting|Phone Provider"
207602,Other,"Phone Provider|Media, Publishing, and Broadcasting|Computer and Information Technology|Software Development"
35575,ISP,Business Broadband|Computer and Information Technology|Internet Service Provider (ISP)|Validating RPKI ROV
60157,ISP,Internet Service Provider (ISP)|Computer and Information Technology|Software Development
60160,Other,"Investment, Portfolio Management, Pensions and Funds|Construction and Real Estate|Finance and Insurance|Service"
2818,Content/CDN,"Content|Online Informational Content|Online Music and Video Streaming Services|Media, Publishing, and Broadcasting"
207625,Government,"Government and Public Administration|Government and Regulatory Agencies, Administrations, Departments, and Services"
215817,Other,"Computer and Information Technology|Media, Publishing, and Broadcasting"
215821,Unknown,
51983,ISP,Software Development|Computer and Information Technology|Internet Service Provider (ISP)
215826,Content/CDN,Server Hosting
215827,ISP,Computer and Information Technology|Internet Service Provider (ISP)
60180,ISP,Internet Service Provider (ISP)|Computer and Information Technology
150296,ISP,Computer and Information Technology|Software Development|Internet Service Provider (ISP)
199448,ISP,Computer and Information Technology|Internet Service Provider (ISP)
215833,Eyeball,"Community Groups and Nonprofits|Human Rights and Social Advocacy (Human Rights, Environment and Wildlife Conservation, Other)|Corporate/Enterprise|Eyeball"
60187,Academic/Edu,Academic|Education and Research|Not Validating RPKI ROV
199452,ISP,Home ISP|Internet Service Provider (ISP)|Computer and Information Technology|Validating RPKI ROV
207645,ISP,Home ISP|Internet Service Provider (ISP)|Computer and Information Technology|Business Broadband
51999,ISP,Carrier|IPv6 only|Internet Service Provider (ISP)|Computer and Information Technology
199455,ISP,Internet Service Provider (ISP)|Computer and Information Technology
60193,ISP,Not Validating RPKI ROV|Internet Service Provider (ISP)|Computer and Information Technology
60194,Other,Software Development|Computer and Information Technology|Finance and Insurance
199456,Other,"Personal Care and Lifestyle (Barber Shops, Nail Salons, Diet Centers, Laundry, etc)|Service"
207652,Other,Computer and Information Technology
215845,Content/CDN,Computer and Information Technology|Hosting and Cloud Provider
199462,ISP,Computer and Information Technology|Internet Service Provider (ISP)
2855,Other,Service
2856,ISP,Eyeball|Internet Service Provider (ISP)|Computer and Information Technology|Not Validating RPKI ROV
60200,ISP,Software Development|Internet Service Provider (ISP)|Computer and Information Technology|Hosting and Cloud Provider
199464,Other,Computer and Information Technology|Buildings (Residential or Commercial)|Construction and Real Estate
199468,ISP,Business Broadband|Internet Service Provider (ISP)|Computer and Information Technology|Not Validating RPKI ROV
215854,ISP,Computer and Information Technology|Internet Service Provider (ISP)
207663,Content/CDN,Hosting and Cloud Provider|Computer and Information Technology|Personal ASN
215857,Unknown,
60210,Content/CDN,Hosting and Cloud Provider|Computer and Information Technology
43827,Government,"Government and Public Administration|Government and Regulatory Agencies, Administrations, Departments, and Services|Service|Community Groups and Nonprofits"
150325,Government,"Personal ASN|Government and Public Administration|Military, Defense, National Security, and International Affairs"
52024,Other,"Automotive and Transportation|Manufacturing|Retail Stores, Wholesale, and E-commerce Sites"
52025,ISP,Carrier|Software Development|Computer and Information Technology|Internet Service Provider (ISP)
199481,ISP,Hosting and Cloud Provider|Computer and Information Technology|Software Development|Internet Service Provider (ISP)
43835,Enterprise,"Computer and Information Technology|Computer and Network Security|Law, Business, and Consulting Services|Service"
60220,Other,"Software Development|Media, Publishing, and Broadcasting|Phone Provider|Computer and Information Technology"
207673,ISP,"Recreation, Sports, and Performing Arts|Museums, Libraries, and Entertainment|Internet Service Provider (ISP)|Computer and Information Technology"
43838,Academic/Edu,"Education and Research|Colleges, Universities, and Professional Schools|Not Validating RPKI ROV|Government"
60223,ISP,Content|Internet Service Provider (ISP)|Computer and Information Technology|Server Hosting
215870,Academic/Edu,Education and Research
60228,Content/CDN,Hosting and Cloud Provider|Computer and Information Technology
52037,Other,Real Estate (Residential and/or Commercial)|Construction and Real Estate
207687,ISP,Internet Service Provider (ISP)|Computer and Information Technology
52041,ISP,Content|Computer and Information Technology|Internet Service Provider (ISP)|Server Hosting
43851,Other,Computer and Information Technology
60237,Other,"Banks, Credit Card Companies, Mortgage Providers|Finance and Insurance"
35662,ISP,Computer and Information Technology|Internet Service Provider (ISP)|VPN Host
60241,ISP,Not Validating RPKI ROV|Internet Service Provider (ISP)|Computer and Information Technology
215889,ISP,Computer and Information Technology|Internet Service Provider (ISP)|IPv6 only
199507,Other,Service
207701,ISP,Internet Service Provider (ISP)|Computer and Information Technology
35670,ISP,Internet Service Provider (ISP)|Computer and Information Technology
199516,ISP,Computer and Information Technology|Internet Service Provider (ISP)
52063,ISP,"Media, Publishing, and Broadcasting|Computer and Information Technology|Internet Service Provider (ISP)"
43872,ISP,Eyeball|Computer and Information Technology|Internet Service Provider (ISP)|Not Validating RPKI ROV
60255,ISP,Eyeball|Internet Service Provider (ISP)|Computer and Information Technology|Validating RPKI ROV
60257,ISP,Internet Service Provider (ISP)|Computer and Information Technology|Not Validating RPKI ROV|Home ISP
199519,ISP,Internet Service Provider (ISP)|Computer and Information Technology|Personal ASN|IPv6 only
215905,ISP,"Computer and Information Technology|Internet Service Provider (ISP)|Retail Stores, Wholesale, and E-commerce Sites|IPv6 only"
215909,Content/CDN,Hosting and Cloud Provicer|Computer and Information Technology
43878,ISP,"Media, Publishing, and Broadcasting|Online Informational Content|Computer and Information Technology|Internet Service Provider (ISP)"
215913,Other,"Retail Stores, Wholesale, and E-commerce Sites|Personal ASN"
215915,ISP,Computer and Information Technology|Internet Service Provider (ISP)
52076,ISP,Computer and Information Technology|Internet Service Provider (ISP)|Software Development
35694,ISP,Software Development|Hosting and Cloud Provider|Computer and Information Technology|Internet Service Provider (ISP)
199535,ISP,Internet Service Provider (ISP)|Computer and Information Technology|Anycast
215925,Academic/Edu,Education and Research|Tor services
199542,ISP,Hosting and Cloud Provider|Computer and Information Technology|Internet Service Provider (ISP)
207734,ISP,"Media, Publishing, and Broadcasting|Online Informational Content|Computer and Information Technology|Internet Service Provider (ISP)"
215926,Other,Service
60282,Government,Community Groups and Nonprofits|Computer and Information Technology|Travel and Accommodation|Government and Public Administration
35707,Other,Service
199548,ISP,Internet Service Provider (ISP)|Computer and Information Technology
199555,Other,"Investment, Portfolio Management, Pensions and Funds|Finance and Insurance"
207748,Academic/Edu,Personal ASN|Education and Research
60297,Enterprise,"Technology Consulting Services|Media, Publishing, and Broadcasting|Computer and Information Technology|Law, Business, and Consulting Services"
207754,Enterprise,"Law, Business, and Consulting Services|Service|IPv6 only"
43915,ISP,Validating RPKI ROV|Internet Service Provider (ISP)|Computer and Information Technology|Community Groups and Nonprofits
207755,Other,Personal ASN
207756,Other,Computer and Information Technology
199569,ISP,"Law, Business, and Consulting Services|Computer and Information Technology|Internet Service Provider (ISP)|Service"
43924,Other,Computer and Information Technology|Software Development
207765,Other,Computer and Information Technology
215959,ISP,Computer and Information Technology|Internet Service Provider (ISP)|Software Development
35736,ISP,Phone Provider|Service|Internet Service Provider (ISP)|Computer and Information Technology
215963,ISP,Internet Service Provider (ISP)|Computer and Information Technology
215965,Other,IPv6 only
43935,ISP,Internet Service Provider (ISP)|Computer and Information Technology
207784,ISP,Computer and Information Technology|Internet Service Provider (ISP)
43949,ISP,Insurance Carriers and Agencies|Finance and Insurance
43950,Other,Validating RPKI ROV
60333,Academic/Edu,"Education and Research|Colleges, Universities, and Professional Schools|Academic"
150448,ISP,Computer and Information Technology|Internet Service Provider (ISP)
215981,Other,Construction and Real Estate
60339,ISP,Internet Service Provider (ISP)|Computer and Information Technology|Eyeball
52148,Content/CDN,Hosting and Cloud Provider|Computer and Information Technology
215989,ISP,Internet Service Provider (ISP)|Computer and Information Technology
199614,Unknown,
216001,Other,Construction and Real Estate
52167,ISP,Internet Service Provider (ISP)|Computer and Information Technology|Software Development
35788,Government,"Computer and Information Technology|Military, Defense, National Security, and International Affairs|Software Development|Government and Public Administration"
199629,ISP,Internet Service Provider (ISP)|Computer and Information Technology
216014,Unknown,
142290,Other,IPv6 only
207827,ISP,"Computer and Network Security|Civil Engineering Construction (Utility Lines, Roads and Bridges)|Museums, Libraries, and Entertainment|Internet Service Provider (ISP)"
35801,Enterprise,"Law, Business, and Consulting Services|Service"
60377,ISP,Eyeball|Computer and Information Technology|Internet Service Provider (ISP)|Validating RPKI ROV
216026,Unknown,
60381,Enterprise,"Service|Real Estate (Residential and/or Commercial)|Construction and Real Estate|Law, Business, and Consulting Services"
60382,Academic/Edu,"Education and Research|Colleges, Universities, and Professional Schools|Validating RPKI ROV|Academic"
207841,ISP,Carrier|Computer and Information Technology|Validating RPKI ROV
216036,ISP,Computer and Information Technology|Internet Service Provider (ISP)
199654,ISP,Content|Internet Service Provider (ISP)|Computer and Information Technology|Tor services
207846,Eyeball,Eyeball|Personal ASN
52200,Unknown,
44008,Government,"Government and Public Administration|Government and Regulatory Agencies, Administrations, Departments, and Services"
44009,ISP,Hosting and Cloud Provider|Software Development|Internet Service Provider (ISP)|Computer and Information Technology
60395,ISP,Internet Service Provider (ISP)|Computer and Information Technology
199659,ISP,Internet Service Provider (ISP)|Computer and Information Technology|Not Validating RPKI ROV
216039,Other,Computer and Network Security|Computer and Information Technology
216047,Unknown,
35825,ISP,"Content|Finance and Insurance|Insurance Carriers and Agencies|Media, Publishing, and Broadcasting"
35826,ISP,Validating RPKI ROV|Computer and Information Technology|Internet Service Provider (ISP)
44022,Enterprise,"Corporate/Enterprise|Banks, Credit Card Companies, Mortgage Providers|Finance and Insurance"
35831,ISP,"Computer and Information Technology|Media, Publishing, and Broadcasting|Internet Service Provider (ISP)|Service"
35832,Government,"Government and Public Administration|Government and Regulatory Agencies, Administrations, Departments, and Services"
216055,ISP,Computer and Information Technology|Internet Service Provider (ISP)|Personal ASN|IPv6 only
199675,ISP,Finance and Insurance|Insurance Carriers and Agencies|Not Validating RPKI ROV
216059,ISP,Computer and Information Technology|Internet Service Provider (ISP)|Software Development
35838,ISP,Computer and Information Technology|Internet Service Provider (ISP)|Not Validating RPKI ROV
199688,Unknown,
216073,Unknown,
60426,ISP,Not Validating RPKI ROV|Computer and Information Technology|Internet Service Provider (ISP)
60431,Other,Service
207890,Other,"Agriculture, Mining, and Refineries (Farming, Greenhouses, Mining, Forestry, and Animal Farming)|Personal ASN|IPv6 only"
44052,ISP,Software Development|Internet Service Provider (ISP)|Computer and Information Technology
216085,Other,Service|Personal ASN
60439,Content/CDN,Server Hosting|Community Groups and Nonprofits
60440,ISP,Internet Service Provider (ISP)|Computer and Information Technology
199706,ISP,"Service|Internet Service Provider (ISP)|Computer and Information Technology|Law, Business, and Consulting Services"
207899,Other,Service
207900,Government,"Military, Defense, National Security, and International Affairs|Service|Government and Public Administration"
199710,Other,"Museums, Libraries, and Entertainment|Online Music and Video Streaming Services|Media, Publishing, and Broadcasting|Recreation, Sports, and Performing Arts"
199713,ISP,Not Validating RPKI ROV|Internet Service Provider (ISP)|Computer and Information Technology
199716,ISP,Computer and Information Technology|Internet Service Provider (ISP)
199717,Eyeball,Business Broadband|Computer and Information Technology
199720,Unknown,
216104,Other,Validating RPKI ROV
207916,ISP,Computer and Information Technology|Internet Service Provider (ISP)|Tor services
216111,Unknown,
60464,Other,"Agriculture, Mining, and Refineries (Farming, Greenhouses, Mining, Forestry, and Animal Farming)|Construction and Real Estate|Retail Stores, Wholesale, and E-commerce Sites"
216115,Unknown,
207924,Other,Manufacturing
207925,ISP,Computer and Information Technology|Internet Service Provider (ISP)
216116,Enterprise,"Service|Law, Business, and Consulting Services"
207927,Unknown,
216121,Unknown,
60477,Content/CDN,Hosting and Cloud Provider|Computer and Information Technology
216126,ISP,"Eyeball|Media, Publishing, and Broadcasting|Internet Service Provider (ISP)|Computer and Information Technology"
216127,ISP,Server Hosting|Internet Service Provider (ISP)|Computer and Information Technology|Tor services
207936,Other,Community Groups and Nonprofits
199748,ISP,Phone Provider|Internet Service Provider (ISP)|Computer and Information Technology
216138,ISP,"Computer and Information Technology|Retail Stores, Wholesale, and E-commerce Sites|Internet Service Provider (ISP)"
216139,ISP,Validating RPKI ROV|Computer and Information Technology|Internet Service Provider (ISP)|Server Hosting
60492,Government,"Military, Defense, National Security, and International Affairs|Government and Public Administration|Accountants, Tax Preparers, Payroll Services|Service"
44110,Academic/Edu,"Government and Public Administration|Education and Research|Elementary and Secondary Schools|Government and Regulatory Agencies, Administrations, Departments, and Services"
199764,Other,"Computer and Information Technology|Software Development|Phone Provider|Media, Publishing, and Broadcasting"
207957,Content/CDN,Tor services|Server Hosting
216149,ISP,Internet Service Provider (ISP)|Computer and Information Technology
207960,ISP,Eyeball|Internet Service Provider (ISP)|Computer and Information Technology
60507,Content/CDN,Computer and Information Technology|Hosting and Cloud Provider
207965,Academic/Edu,Education and Research
216157,ISP,Internet Service Provider (ISP)|Computer and Information Technology|IPv6 only
199775,ISP,Eyeball|Internet Service Provider (ISP)|Computer and Information Technology|Validating RPKI ROV
3170,ISP,Carrier|Hosting and Cloud Provider|Computer and Information Technology|Internet Service Provider (ISP)
216167,Unknown,
199785,Other,Tor services
199788,Other,"Museums, Libraries, and Entertainment"
216179,Other,Service|Personal ASN
216180,Other,"Retail Stores, Wholesale, and E-commerce Sites|Service"
199799,Other,Software Development|Computer and Information Technology
207993,ISP,"Internet Service Provider (ISP)|Computer and Information Technology|Retail Stores, Wholesale, and E-commerce Sites"
216186,Other,"Computer and Network Security|Online Informational Content|Computer and Information Technology|Media, Publishing, and Broadcasting"
207995,ISP,Eyeball|Internet Service Provider (ISP)|Computer and Information Technology|Validating RPKI ROV
60542,Other,Service
60547,ISP,Computer and Information Technology|Internet Service Provider (ISP)|Hosting and Cloud Provider
3206,Other,Travel and Accommodation|Validating RPKI ROV
3213,ISP,Validating RPKI ROV|Internet Service Provider (ISP)|Computer and Information Technology|Not Validating RPKI ROV
216207,Government,"Government and Public Administration|Government and Regulatory Agencies, Administrations, Departments, and Services"
44176,ISP,"Tor services|Buildings (Residential or Commercial)|Human Rights and Social Advocacy (Human Rights, Environment and Wildlife Conservation, Other)|Real Estate (Residential and/or Commercial)"
3220,ISP,Computer and Information Technology|Internet Service Provider (ISP)
199828,ISP,Software Development|Computer and Information Technology|Internet Service Provider (ISP)
208021,Other,Personal ASN
3223,ISP,Content|Internet Service Provider (ISP)|Computer and Information Technology|Validating RPKI ROV
216212,Other,IPv6 only
216217,ISP,Internet Service Provider (ISP)|Computer and Information Technology
208026,Other,"Retail Stores, Wholesale, and E-commerce Sites"
3232,Other,Service
208035,ISP,Computer and Network Security|Internet Service Provider (ISP)|Computer and Information Technology
44205,ISP,Internet Service Provider (ISP)|Computer and Information Technology
199856,Unknown,
60593,Other,Travel and Accommodation|Automotive and Transportation|Manufacturing
216240,Other,Other
208051,Other,"Computer and Information Technology|Human Rights and Social Advocacy (Human Rights, Environment and Wildlife Conservation, Other)|Software Development|Museums, Libraries, and Entertainment"
3252,ISP,Validating RPKI ROV|Internet Service Provider (ISP)|Computer and Information Technology
216243,Eyeball,Personal ASN|Eyeball
44218,ISP,Internet Service Provider (ISP)|Computer and Information Technology|Not Validating RPKI ROV
216254,ISP,Internet Service Provider (ISP)|Computer and Information Technology|Personal ASN
44226,ISP,Insurance Carriers and Agencies|Internet Service Provider (ISP)|Computer and Information Technology|Software Development
60610,ISP,Server Hosting|Internet Service Provider (ISP)|Computer and Information Technology|Validating RPKI ROV
199875,Other,"Media, Publishing, and Broadcasting|Software Development|Computer and Information Technology|Phone Provider"
216265,Other,Content
199883,ISP,VPN Host|Internet Service Provider (ISP)|Hosting and Cloud Provider|Computer and Information Technology
199886,ISP,Internet Service Provider (ISP)|Computer and Information Technology
208079,ISP,Computer and Information Technology|Internet Service Provider (ISP)|Computer and Network Security
216274,Unknown,
199903,ISP,Service|Software Development|Government and Public Administration|Computer and Information Technology
60640,ISP,Hosting and Cloud Provider|Computer and Information Technology|Internet Service Provider (ISP)
208098,Other,Computer and Information Technology|Software Development|Validating RPKI ROV
3300,ISP,Not Validating RPKI ROV|Internet Service Provider (ISP)|Computer and Information Technology
199909,ISP,Computer and Information Technology|Internet Service Provider (ISP)|Software Development
60648,ISP,Software Development|Computer and Information Technology|Internet Service Provider (ISP)|Hosting and Cloud Provider
44268,Other,"Retail Stores, Wholesale, and E-commerce Sites"
199916,Other,Finance and Insurance
60654,Other,Computer and Information Technology
216307,ISP,Internet Service Provider (ISP)|Computer and Information Technology
208118,ISP,Internet Service Provider (ISP)|Computer and Information Technology
208120,ISP,Internet Service Provider (ISP)|Computer and Information Technology
208121,ISP,Internet Service Provider (ISP)|Computer and Information Technology
208123,ISP,Internet Service Provider (ISP)|Computer and Information Technology
60670,ISP,Eyeball|Internet Service Provider (ISP)|Computer and Information Technology|Not Validating RPKI ROV
60672,ISP,Server Hosting|Internet Service Provider (ISP)|Computer and Information Technology|Not Validating RPKI ROV
142594,ISP,Content|Computer and Information Technology|Internet Service Provider (ISP)|Server Hosting
44292,Other,Service|Software Development|Computer and Information Technology|Health Care Services
60677,Other,Finance and Insurance
216324,ISP,Carrier|Anycast
199944,ISP,Internet Service Provider (ISP)|Computer and Information Technology|Not Validating RPKI ROV
199946,ISP,Hosting and Cloud Provider|Computer and Information Technology|Software Development|Internet Service Provider (ISP)
3344,ISP,Computer and Information Technology|Utilities (Excluding Internet Service)|Internet Service Provider (ISP)
44305,Content/CDN,Computer and Information Technology|Hosting and Cloud Provider
60688,Other,"Retail Stores, Wholesale, and E-commerce Sites"
44307,ISP,Software Development|Internet Service Provider (ISP)|Computer and Information Technology
44308,ISP,Software Development|Computer and Information Technology|Internet Service Provider (ISP)
216338,ISP,Computer and Information Technology|Internet Service Provider (ISP)
199954,Other,"Finance and Insurance|Banks, Credit Card Companies, Mortgage Providers"
199957,ISP,Hosting and Cloud Provider|Computer and Information Technology|Internet Service Provider (ISP)|Personal ASN
208147,ISP,Internet Service Provider (ISP)|Computer and Information Technology
208150,Other,"Online Informational Content|Media, Publishing, and Broadcasting"
44314,Other,Service
60698,ISP,Internet Service Provider (ISP)|Computer and Information Technology
208160,ISP,Internet Service Provider (ISP)|Computer and Information Technology
216354,ISP,Computer and Information Technology|Internet Service Provider (ISP)
60710,ISP,Computer and Information Technology|Internet Service Provider (ISP)
216361,Unknown,
60714,ISP,Computer and Information Technology|Software Development|Internet Service Provider (ISP)
44332,Content/CDN,Hosting and Cloud Provider|Computer and Information Technology
216364,Other,"Museums, Libraries, and Entertainment|IPv6 only"
208174,Other,Electronics and Computer Components|Manufacturing
199984,ISP,Internet Service Provider (ISP)|Computer and Information Technology|Validating RPKI ROV
208176,ISP,Hosting and Cloud Provider|Computer and Information Technology|Internet Service Provider (ISP)
208180,ISP,"Law, Business, and Consulting Services|Service|Hosting and Cloud Provider|Internet Service Provider (ISP)"
216376,Unknown,
134458,Other,Computer and Information Technology
208189,ISP,Eyeball|Internet Service Provider (ISP)|Computer and Information Technology|Business Broadband
60735,ISP,Computer and Information Technology|Internet Service Provider (ISP)
60736,ISP,"Military, Defense, National Security, and International Affairs|Government and Public Administration|Computer and Network Security|Software Development"
208191,Other,Computer and Information Technology|Software Development
44355,Other,"Retail Stores, Wholesale, and E-commerce Sites|Motor Vehicles and Parts|Other|Automotive and Transportation"
44356,ISP,Server Hosting|Computer and Information Technology|Internet Service Provider (ISP)|Not Validating RPKI ROV
60739,ISP,Internet Service Provider (ISP)|Computer and Information Technology
44360,Other,"Computer and Information Technology|Retail Stores, Wholesale, and E-commerce Sites"
200008,Other,Finance and Insurance|Computer and Information Technology
44366,Other,Computer and Information Technology
44369,ISP,Internet Service Provider (ISP)|Computer and Information Technology|Not Validating RPKI ROV|Academic
44371,ISP,Computer and Information Technology|Internet Service Provider (ISP)|Software Development|Finance and Insurance
44372,Other,"Civil Engineering Construction (Utility Lines, Roads and Bridges)|Buildings (Residential or Commercial)|Construction and Real Estate"
216405,Unknown,
44374,ISP,Internet Service Provider (ISP)|Computer and Information Technology
60758,Enterprise,"Computer and Information Technology|Online Music and Video Streaming Services|Service|Law, Business, and Consulting Services"
60760,Other,"Finance and Insurance|Banks, Credit Card Companies, Mortgage Providers"
60759,ISP,Software Development|Internet Service Provider (ISP)|Computer and Information Technology
200039,Other,"Service|Media, Publishing, and Broadcasting"
216424,ISP,Computer and Information Technology|Internet Service Provider (ISP)|Software Development
216425,Other,Content
44402,Other,Finance and Insurance
44403,Government,Government|Service|Community Groups and Nonprofits|Government and Public Administration
60787,ISP,Computer and Information Technology|Internet Service Provider (ISP)
60788,ISP,Internet Service Provider (ISP)|Service|Computer and Information Technology
200052,Content/CDN,Content|Computer and Information Technology|Hosting and Cloud Provider|Server Hosting
208242,Eyeball,Education and Research|Personal ASN|Eyeball
216437,Unknown,
60793,ISP,Validating RPKI ROV|Computer and Information Technology|Internet Service Provider (ISP)
36218,ISP,"Online Informational Content|Internet Service Provider (ISP)|Computer and Information Technology|Media, Publishing, and Broadcasting"
216442,ISP,Internet Service Provider (ISP)|Computer and Information Technology
60800,ISP,Carrier|Internet Service Provider (ISP)|Computer and Information Technology|Not Validating RPKI ROV
216454,ISP,Insurance Carriers and Agencies|Finance and Insurance
134536,ISP,"Law, Business, and Consulting Services|Internet Service Provider (ISP)|Computer and Information Technology|Service"
44426,Other,Service
60819,ISP,Anycast|Internet Service Provider (ISP)|Computer and Information Technology|Hosting and Cloud Provider
200083,ISP,Computer and Information Technology|Internet Service Provider (ISP)|Hosting and Cloud Provider
60825,Other,Software Development|Service|Computer and Information Technology
44442,Government,"Government and Public Administration|Government and Regulatory Agencies, Administrations, Departments, and Services|Validating RPKI ROV|Government"
44444,ISP,Tranco 10k Host|Internet Service Provider (ISP)|Computer and Information Technology|Validating RPKI ROV
44445,Other,"Real Estate (Residential and/or Commercial)|Construction and Real Estate|Civil Engineering Construction (Utility Lines, Roads and Bridges)"
200099,Unknown,
60841,Content/CDN,"Content|Computer and Information Technology|Law, Business, and Consulting Services|Service"
208302,Eyeball,"Retail Stores, Wholesale, and E-commerce Sites|Personal ASN|Eyeball"
200113,ISP,"Retail Stores, Wholesale, and E-commerce Sites|Computer and Information Technology|Internet Service Provider (ISP)"
60851,Other,Finance and Insurance
208307,ISP,Internet Service Provider (ISP)|Software Development|Computer and Information Technology
208309,Other,Computer and Information Technology|Software Development
44471,Other,"Museums, Libraries, and Entertainment"
208311,Other,"Service|Museums, Libraries, and Entertainment|Food Services and Drinking Places|Computer and Information Technology"
44474,Other,"Investment, Portfolio Management, Pensions and Funds|Electric Power Generation, Transmission, Distribution|Utilities (Excluding Internet Service)|Finance and Insurance"
200124,ISP,Finance and Insurance|Software Development|Internet Service Provider (ISP)|Computer and Information Technology
36287,ISP,Hosting and Cloud Provider|Computer and Information Technology|Internet Service Provider (ISP)
44480,Enterprise,"Service|Computer and Information Technology|Law, Business, and Consulting Services|Computer and Network Security"
200131,Enterprise,"Service|Music and Video Industry|Computer and Information Technology|Law, Business, and Consulting Services"
60868,Enterprise,"Software Development|Media, Publishing, and Broadcasting|Service|Computer and Information Technology"
44488,Other,"Online Informational Content|Media, Publishing, and Broadcasting"
208330,ISP,Computer and Information Technology|Internet Service Provider (ISP)|Not Validating RPKI ROV
208335,Other,"Construction and Real Estate|Food, Grocery, Beverages|Freight, Shipment, and Postal Services|Retail Stores, Wholesale, and E-commerce Sites"
200147,ISP,Hosting and Cloud Provider|Internet Service Provider (ISP)|Computer and Information Technology|Not Validating RPKI ROV
60885,Other,Computer and Information Technology|Software Development|Tranco 10k Host
208341,ISP,Computer and Information Technology|Internet Service Provider (ISP)
44504,ISP,Internet Service Provider (ISP)|Computer and Information Technology|Server Hosting|Content
60890,ISP,Anycast|Computer and Information Technology|Internet Service Provider (ISP)|Internet Critical Infra
44509,ISP,Internet Service Provider (ISP)|Computer and Information Technology
60894,Other,"Utilities (Excluding Internet Service)|Civil Engineering Construction (Utility Lines, Roads and Bridges)|Construction and Real Estate|Buildings (Residential or Commercial)"
60897,Other,"Retail Stores, Wholesale, and E-commerce Sites"
60898,Other,"Freight, Shipment, and Postal Services"
60899,ISP,Internet Service Provider (ISP)|Hosting and Cloud Provider|Computer and Information Technology
44516,ISP,Computer and Information Technology|Internet Service Provider (ISP)
200164,ISP,Insurance Carriers and Agencies|Health Care Services|Finance and Insurance
44521,Other,"Tranco 10k Host|Software Development|Museums, Libraries, and Entertainment|Computer and Information Technology"
200174,ISP,Computer and Information Technology|Internet Service Provider (ISP)|Not Validating RPKI ROV
60912,Other,"Buildings, Repair, Maintenance (Pest Control, Landscaping, Cleaning, Locksmiths, Car Washes, etc)|Service"
208368,Other,"Media, Publishing, and Broadcasting|Computer and Information Technology|Computer and Network Security|Online Informational Content"
60914,ISP,Internet Service Provider (ISP)|Computer and Information Technology
60922,ISP,"Tranco 10k Host|Media, Publishing, and Broadcasting|Software Development|Hosting and Cloud Provider"
60925,Academic/Edu,Education and Research|Service|Education Software
208386,Content/CDN,Computer and Information Technology|Hosting and Cloud Provider
44548,Other,Finance and Insurance|Computer and Information Technology
60933,ISP,Internet Service Provider (ISP)|Phone Provider|Computer and Information Technology|Manufacturing
60934,ISP,"Human Rights and Social Advocacy (Human Rights, Environment and Wildlife Conservation, Other)|Community Groups and Nonprofits|Internet Service Provider (ISP)|Computer and Information Technology"
200198,ISP,Computer and Information Technology|Hosting and Cloud Provider|Internet Service Provider (ISP)|Online Informational Content
208393,Content/CDN,Hosting and Cloud Provider|Computer and Information Technology
208394,Academic/Edu,Education and Research
60945,ISP,Computer and Information Technology|Internet Service Provider (ISP)
208402,Other,Computer and Information Technology|Health Care Services|Software Development
60949,Other,Not Validating RPKI ROV|Service
60952,Other,Buildings (Residential or Commercial)|Construction and Real Estate|Anycast
208408,Other,"Freight, Shipment, and Postal Services|Trucking|Computer and Information Technology"
44574,Other,Validating RPKI ROV|Travel and Accommodation
208417,ISP,Internet Service Provider (ISP)|Computer and Information Technology|Software Development
60962,Government,"Government and Public Administration|Government and Regulatory Agencies, Administrations, Departments, and Services|Not Validating RPKI ROV"
208420,ISP,Internet Service Provider (ISP)|Computer and Information Technology
60969,ISP,Hosting and Cloud Provider|Computer and Information Technology|Internet Service Provider (ISP)|Software Development
60977,ISP,"Museums, Libraries, and Entertainment|Internet Service Provider (ISP)|Computer and Information Technology|Software Development"
200241,Unknown,
60981,ISP,Computer and Information Technology|Internet Service Provider (ISP)
208442,ISP,"Software Development|Service|Phone Provider|Media, Publishing, and Broadcasting"
200251,Unknown,
200260,Unknown,
44617,Other,Finance and Insurance
11856,ISP,"Media, Publishing, and Broadcasting|Music and Video Industry|Internet Service Provider (ISP)|Computer and Information Technology"
61012,Content/CDN,Content|Hosting and Cloud Provicer|Computer and Information Technology
200280,Eyeball,"Law, Business, and Consulting Services|Service|Personal ASN|Eyeball"
61024,ISP,Internet Service Provider (ISP)|Computer and Information Technology
36454,Content/CDN,Hosting and Cloud Provider|Computer and Information Technology
44646,Other,Service
200299,Other,Finance and Insurance|Computer and Information Technology|Software Development|IPv6 only
200304,ISP,"Computer and Information Technology|Internet Service Provider (ISP)|Online Informational Content|Media, Publishing, and Broadcasting"
61049,ISP,Carrier|Computer and Information Technology|Internet Service Provider (ISP)|Not Validating RPKI ROV
208507,Other,"Investment, Portfolio Management, Pensions and Funds|Construction and Real Estate|Banks, Credit Card Companies, Mortgage Providers|Finance and Insurance"
44671,ISP,Computer and Information Technology|Internet Service Provider (ISP)
208522,ISP,Computer and Information Technology|Internet Service Provider (ISP)
44684,ISP,Content|Hosting and Cloud Provider|Internet Service Provider (ISP)|Computer and Information Technology
208524,ISP,Computer and Information Technology|Software Development|Internet Service Provider (ISP)
61070,Other,"Finance and Insurance|Accountants, Tax Preparers, Payroll Services"
208533,Content/CDN,Computer and Information Technology|Hosting and Cloud Provider|Not Validating RPKI ROV
44697,ISP,"Internet Service Provider (ISP)|Computer and Information Technology|Software Development|Media, Publishing, and Broadcasting"
61081,ISP,Internet Service Provider (ISP)|Computer and Information Technology
61087,ISP,Internet Service Provider (ISP)|Computer and Information Technology|Software Development
44706,ISP,Computer and Information Technology|Internet Service Provider (ISP)
61093,ISP,Internet Service Provider (ISP)|Computer and Information Technology
61097,ISP,Computer and Information Technology|Internet Service Provider (ISP)
200365,Academic/Edu,IPv6 only|Education and Research
61105,Other,"Software Development|Media, Publishing, and Broadcasting|Computer and Information Technology|Online Music and Video Streaming Services"
200371,ISP,Internet Service Provider (ISP)|Computer and Information Technology|IPv6 only
208563,ISP,Eyeball|Computer and Information Technology|Education and Research|Internet Service Provider (ISP)
208564,Other,"Media, Publishing, and Broadcasting|Service"
61112,Content/CDN,"Content|Media, Publishing, and Broadcasting|Online Informational Content|VPN Host"
208576,Other,"Museums, Libraries, and Entertainment"
61124,ISP,Eyeball|Internet Service Provider (ISP)|Computer and Information Technology|Not Validating RPKI ROV
61126,Academic/Edu,Education and Research|Anycast|IPv6 only
44745,Other,Community Groups and Nonprofits|Computer and Information Technology|Software Development|Finance and Insurance
208585,Other,"Retail Stores, Wholesale, and E-commerce Sites"
44749,ISP,Computer and Information Technology|Internet Service Provider (ISP)
208589,ISP,Internet Service Provider (ISP)|Computer and Information Technology|IPv6 only
61135,ISP,Computer and Information Technology|Internet Service Provider (ISP)|Hosting and Cloud Provider|Not Validating RPKI ROV
208590,Academic/Edu,Education and Research|Personal ASN|Validating RPKI ROV
44754,ISP,"Internet Service Provider (ISP)|Service|Media, Publishing, and Broadcasting|Computer and Information Technology"
200416,Other,Service|Software Development|Computer and Information Technology|Not Validating RPKI ROV
200418,ISP,Computer and Information Technology|Internet Service Provider (ISP)|Hosting and Cloud Provider|Software Development
208612,Eyeball,Education and Research|Personal ASN|Eyeball
200425,Other,Computer and Information Technology|Software Development|Service
200427,ISP,Computer and Information Technology|Internet Service Provider (ISP)
208621,ISP,"Server Hosting|Media, Publishing, and Broadcasting|Software Development|Computer and Information Technology"
44782,Other,Finance and Insurance
208623,Content/CDN,Computer and Information Technology|Hosting and Cloud Provider
44791,Other,Computer and Information Technology
208632,ISP,Computer and Information Technology|Internet Service Provider (ISP)
208634,Other,Computer and Information Technology
208636,Content/CDN,Server Hosting|Computer and Information Technology|Hosting and Cloud Provider
208638,Government,"Law, Business, and Consulting Services|Military, Defense, National Security, and International Affairs|Finance and Insurance|Software Development"
200455,ISP,IPv6 only|Internet Service Provider (ISP)|Computer and Information Technology|Personal ASN
44810,Content/CDN,Community Groups and Nonprofits|Server Hosting
200468,Enterprise,"Service|Law, Business, and Consulting Services"
44824,Other,Computer and Information Technology
200473,ISP,"Household Appliances and Electronics|Phone Provider|Retail Stores, Wholesale, and E-commerce Sites|Media, Publishing, and Broadcasting"
61215,ISP,Not Validating RPKI ROV|Computer and Information Technology|Internet Service Provider (ISP)
208680,Other,"Travel and Accommodation|Retail Stores, Wholesale, and E-commerce Sites"
61231,ISP,Not Validating RPKI ROV|Computer and Information Technology|Internet Service Provider (ISP)
208687,ISP,Eyeball|Internet Service Provider (ISP)|Computer and Information Technology|Home ISP
200498,Other,Finance and Insurance
208697,Other,"Retail Stores, Wholesale, and E-commerce Sites|Not Validating RPKI ROV"
208699,Other,IPv6 only|Personal ASN|Real Estate (Residential and/or Commercial)|Construction and Real Estate
200508,ISP,Internet Service Provider (ISP)|Computer and Information Technology|Content
61245,ISP,Internet Service Provider (ISP)|Computer and Information Technology
200514,ISP,Server Hosting|Internet Service Provider (ISP)|Computer and Information Technology|Tranco 10k Host
208707,Enterprise,"Service|Law, Business, and Consulting Services"
208711,ISP,Server Hosting|Computer and Information Technology|Hosting and Cloud Provider|Internet Service Provider (ISP)
61257,Enterprise,"Service|Computer and Information Technology|Law, Business, and Consulting Services"
44874,ISP,"Media, Publishing, and Broadcasting|Computer and Information Technology|Internet Service Provider (ISP)|Online Informational Content"
208723,Content/CDN,Content|Service|Server Hosting|Tor services
200535,Unknown,
44891,ISP,Computer and Information Technology|Internet Service Provider (ISP)
200541,ISP,Internet Service Provider (ISP)|Computer and Network Security|Computer and Information Technology|Not Validating RPKI ROV
61281,ISP,"Museums, Libraries, and Entertainment|Internet Service Provider (ISP)|Computer and Information Technology|Online Informational Content"
61283,Content/CDN,Computer and Information Technology|Hosting and Cloud Provider
200552,Content/CDN,Hosting and Cloud Provider|Computer and Information Technology
208755,Eyeball,Service|Buildings (Residential or Commercial)|Construction and Real Estate|Personal ASN
200564,Other,Service
208756,ISP,Internet Service Provider (ISP)|Computer and Information Technology
208765,ISP,Computer and Information Technology|Internet Service Provider (ISP)
44934,ISP,Computer and Information Technology|Internet Service Provider (ISP)
61323,ISP,VPN Host|Internet Service Provider (ISP)|Hosting and Cloud Provider|Computer and Information Technology
208781,Other,Service|Not Validating RPKI ROV
208784,Other,Computer and Information Technology|Software Development|Finance and Insurance|Service
44948,Other,"Online Music and Video Streaming Services|Music and Video Industry|Software Development|Media, Publishing, and Broadcasting"
200597,ISP,"Software Development|Computer and Information Technology|Internet Service Provider (ISP)|Freight, Shipment, and Postal Services"
61337,ISP,Server Hosting|Internet Service Provider (ISP)|Computer and Information Technology|Validating RPKI ROV
44955,ISP,Computer and Information Technology|Internet Service Provider (ISP)
61341,ISP,Software Development|Internet Service Provider (ISP)|Hosting and Cloud Provider|Computer and Information Technology
208802,Other,Manufacturing|Electronics and Computer Components
208804,ISP,Internet Service Provider (ISP)|Computer and Information Technology|Not Validating RPKI ROV
200614,Content/CDN,Hosting and Cloud Provider|Software Development|Service|Computer and Information Technology
44971,Academic/Edu,"Colleges, Universities, and Professional Schools|Education and Research|Not Validating RPKI ROV|Academic"
44980,Other,Community Groups and Nonprofits|Personal ASN
44981,ISP,Internet Service Provider (ISP)|Computer and Information Technology|Validating RPKI ROV
200636,Content/CDN,Content|Server Hosting
61373,ISP,Computer and Information Technology|Internet Service Provider (ISP)
200639,Academic/Edu,Education and Research
208833,ISP,Internet Service Provider (ISP)|Computer and Information Technology
200652,ISP,Hosting and Cloud Provider|Service|Internet Service Provider (ISP)|Computer and Information Technology
45014,ISP,Content|Computer and Information Technology|Internet Service Provider (ISP)|Not Validating RPKI ROV
200675,Other,"Utilities (Excluding Internet Service)|Agriculture, Mining, and Refineries (Farming, Greenhouses, Mining, Forestry, and Animal Farming)"
45028,ISP,Hosting and Cloud Provider|Software Development|Internet Service Provider (ISP)|Computer and Information Technology
61414,ISP,"Server Hosting|Law, Business, and Consulting Services|Software Development|Service"
45033,ISP,Software Development|Internet Service Provider (ISP)|Computer and Information Technology|Not Validating RPKI ROV
200682,ISP,Computer and Information Technology|Internet Service Provider (ISP)|Software Development
61419,ISP,Computer and Information Technology|Internet Service Provider (ISP)
61427,ISP,Internet Service Provider (ISP)|Computer and Information Technology
200692,ISP,Software Development|Internet Service Provider (ISP)|Computer and Information Technology
208886,Other,Real Estate (Residential and/or Commercial)|Construction and Real Estate
200700,ISP,Internet Service Provider (ISP)|Computer and Information Technology
208893,Other,Content
208895,ISP,Internet Service Provider (ISP)|Computer and Information Technology|Hosting and Cloud Provider
28673,Content/CDN,Hosting and Cloud Provider|Computer and Information Technology
12290,ISP,Internet Service Provider (ISP)|Computer and Information Technology|Server Hosting
200707,ISP,Computer and Information Technology|Internet Service Provider (ISP)|Hosting and Cloud Provicer|IPv6 only
200708,Other,"Service|Computer and Information Technology|Software Development|Media, Publishing, and Broadcasting"
208902,Other,Service
208907,ISP,Personal ASN|Internet Service Provider (ISP)|Computer and Information Technology
208908,ISP,Software Development|Computer and Information Technology|Internet Service Provider (ISP)
28690,Other,"Banks, Credit Card Companies, Mortgage Providers|Finance and Insurance"
208915,Other,Anycast|Manufacturing|Automotive and Transportation
20500,ISP,Computer and Information Technology|Internet Service Provider (ISP)
28705,ISP,Internet Service Provider (ISP)|Computer and Information Technology|Software Development|Corporate/Enterprise
200740,Content/CDN,Content|Hosting and Cloud Provider|Computer and Information Technology|Not Validating RPKI ROV
20517,Other,"Service|Computer and Information Technology|Online Music and Video Streaming Services|Media, Publishing, and Broadcasting"
28715,Other,"Not Validating RPKI ROV|Human Rights and Social Advocacy (Human Rights, Environment and Wildlife Conservation, Other)|Community Groups and Nonprofits"
200747,ISP,Internet Service Provider (ISP)|Computer and Information Technology
200751,ISP,Internet Service Provider (ISP)|Computer and Information Technology
200754,ISP,IPv6 only|Hosting and Cloud Provider|Computer and Information Technology|Internet Service Provider (ISP)
208949,Enterprise,"Media, Publishing, and Broadcasting|Computer and Information Technology|Law, Business, and Consulting Services|Music and Video Industry"
28729,Other,"Motor Vehicles and Parts|Retail Stores, Wholesale, and E-commerce Sites|Validating RPKI ROV"
200769,Other,"Museums, Libraries, and Entertainment|Recreation, Sports, and Performing Arts"
20547,ISP,Internet Service Provider (ISP)|Computer and Information Technology
208970,Other,Electronics and Computer Components|Manufacturing|Automotive and Transportation
28757,ISP,Eyeball|Internet Service Provider (ISP)|Computer and Information Technology|Validating RPKI ROV
53335,Other,"Food, Beverage, and Tobacco|Manufacturing"
200800,Other,IPv6 only
20577,Other,"Retail Stores, Wholesale, and E-commerce Sites|Finance and Insurance|Investment, Portfolio Management, Pensions and Funds"
28772,Other,Computer and Information Technology
12390,ISP,Eyeball|Computer and Information Technology|Internet Service Provider (ISP)|Not Validating RPKI ROV
209003,ISP,Computer and Information Technology|Internet Service Provider (ISP)
28780,ISP,Software Development|Service|Internet Service Provider (ISP)|Computer and Information Technology
28786,ISP,Software Development|Computer and Information Technology|Service|Internet Service Provider (ISP)
20596,ISP,"Tranco 10k Host|Media, Publishing, and Broadcasting|Computer and Information Technology|Internet Service Provider (ISP)"
209015,Academic/Edu,"Media, Publishing, and Broadcasting|Education and Research|Music and Video Industry"
28792,ISP,Server Hosting|Computer and Information Technology|Internet Service Provider (ISP)
209022,ISP,Eyeball|Computer and Information Technology|Internet Service Provider (ISP)|IPv6 only
209035,Other,"Media, Publishing, and Broadcasting"
28816,ISP,Internet Service Provider (ISP)|Computer and Network Security|Computer and Information Technology|IPv6 only
12433,ISP,Internet Service Provider (ISP)|Computer and Information Technology
20629,Content/CDN,Computer and Information Technology|Hosting and Cloud Provider
200870,ISP,Internet Service Provider (ISP)|Computer and Information Technology|Not Validating RPKI ROV
20652,ISP,Phone Provider|Computer and Information Technology|Internet Service Provider (ISP)|Not Validating RPKI ROV
200876,ISP,Not Validating RPKI ROV|Internet Service Provider (ISP)|Computer and Information Technology
28846,Other,"Radio and Television Providers|Media, Publishing, and Broadcasting|Online Music and Video Streaming Services|Online Informational Content"
12471,ISP,Internet Service Provider (ISP)|Computer and Information Technology
209080,Enterprise,"Service|Law, Business, and Consulting Services|Food Services and Drinking Places|Retail Stores, Wholesale, and E-commerce Sites"
209082,Content/CDN,Hosting and Cloud Provider|Computer and Information Technology
45244,Other,"Media, Publishing, and Broadcasting|Print Media (Newspapers, Magazines, Books)|Computer and Information Technology|Freight, Shipment, and Postal Services"
28863,Other,Service
200898,Other,"Human Rights and Social Advocacy (Human Rights, Environment and Wildlife Conservation, Other)|Community Groups and Nonprofits"
20679,ISP,Hosting and Cloud Provider|Internet Service Provider (ISP)|Computer and Information Technology
12488,ISP,Content|Hosting and Cloud Provider|Internet Service Provider (ISP)|Computer and Information Technology
200904,ISP,Server Hosting|Internet Service Provider (ISP)|Computer and Information Technology|Hosting and Cloud Provider
12496,ISP,Eyeball|Computer and Information Technology|Internet Service Provider (ISP)|Validating RPKI ROV
28886,ISP,Carrier|Internet Service Provider (ISP)|Computer and Information Technology|Validating RPKI ROV
20695,Other,Finance and Insurance
209113,Academic/Edu,Education and Research
135392,Content/CDN,Computer and Information Technology|Hosting and Cloud Provider
20705,Other,"Tranco 10k Host|Finance and Insurance|Banks, Credit Card Companies, Mortgage Providers"
12519,ISP,Server Hosting|Internet Service Provider (ISP)|Computer and Information Technology|Validating RPKI ROV
20712,ISP,Eyeball|Internet Service Provider (ISP)|Computer and Information Technology|Validating RPKI ROV
209134,ISP,Computer and Information Technology|Internet Service Provider (ISP)
28914,ISP,Software Development|Service|Computer and Information Technology|Internet Service Provider (ISP)
200950,Content/CDN,"Content|Retail Stores, Wholesale, and E-commerce Sites|Tor services|Anycast"
200961,Other,Computer and Information Technology
20738,ISP,VPN Host|Computer and Information Technology|Internet Service Provider (ISP)
28934,ISP,Phone Provider|Internet Service Provider (ISP)|Computer and Information Technology
12554,ISP,Hosting and Cloud Provider|Computer and Information Technology|Internet Service Provider (ISP)|Software Development
28939,ISP,Not Validating RPKI ROV|Computer and Information Technology|Internet Service Provider (ISP)
200973,ISP,Internet Service Provider (ISP)|Computer and Information Technology
209181,ISP,Server Hosting|Internet Service Provider (ISP)|Computer and Information Technology|Not Validating RPKI ROV
28959,Other,"Investment, Portfolio Management, Pensions and Funds|Finance and Insurance"
12576,ISP,Internet Service Provider (ISP)|Computer and Information Technology|Not Validating RPKI ROV|Home ISP
200994,ISP,Internet Service Provider (ISP)|Computer and Information Technology|Validating RPKI ROV
201002,ISP,Computer and Information Technology|Internet Service Provider (ISP)|Eyeball
209198,Eyeball,Validating RPKI ROV|Eyeball
209199,ISP,Content|Internet Service Provider (ISP)|Computer and Information Technology|Anycast
209210,ISP,Internet Service Provider (ISP)|Computer and Information Technology
12606,ISP,Software Development|Hosting and Cloud Provider|Internet Service Provider (ISP)|Computer and Information Technology
20799,ISP,Eyeball|Internet Service Provider (ISP)|Computer and Information Technology|Not Validating RPKI ROV
201024,Unknown,
209215,Other,"Online Informational Content|Media, Publishing, and Broadcasting"
135492,ISP,Internet Service Provider (ISP)|Computer and Information Technology
12613,Enterprise,Electronics and Computer Components|Manufacturing|Corporate/Enterprise
209220,ISP,Computer and Information Technology|Internet Service Provider (ISP)|Hosting and Cloud Provider|Server Hosting
29006,Content/CDN,Computer and Information Technology|Hosting and Cloud Provider
209230,Other,"Computer and Information Technology|Retail Stores, Wholesale, and E-commerce Sites|Software Development"
29009,ISP,Eyeball|Computer and Information Technology|Internet Service Provider (ISP)|Not Validating RPKI ROV
12628,ISP,Validating RPKI ROV|Computer and Information Technology|Service|Internet Service Provider (ISP)
209237,ISP,Computer and Information Technology|Internet Service Provider (ISP)
29016,Academic/Edu,Education and Research
29017,ISP,Carrier|Internet Service Provider (ISP)|Computer and Information Technology|Server Hosting
29019,Academic/Edu,"Law, Business, and Consulting Services|Finance and Insurance|Software Development|Education and Research"
209243,Content/CDN,Server Hosting
12640,ISP,Computer and Information Technology|Internet Service Provider (ISP)|Hosting and Cloud Provider
12641,Other,Service
20832,ISP,Internet Service Provider (ISP)|Computer and Information Technology
29026,ISP,Insurance Carriers and Agencies|Finance and Insurance
201060,Other,Computer and Information Technology
4455,ISP,Carrier|Hosting and Cloud Provider|Computer and Information Technology|Internet Service Provider (ISP)
12647,ISP,Hosting and Cloud Provider|Computer and Information Technology|Internet Service Provider (ISP)|IPv6 only
29033,ISP,Internet Service Provider (ISP)|Computer and Information Technology|Finance and Insurance|Software Development
20842,Other,"Retail Stores, Wholesale, and E-commerce Sites|Not Validating RPKI ROV"
209260,Other,"Retail Stores, Wholesale, and E-commerce Sites"
29045,ISP,Software Development|Internet Service Provider (ISP)|Computer and Information Technology
29048,Other,"Finance and Insurance|Retail Stores, Wholesale, and E-commerce Sites|Investment, Portfolio Management, Pensions and Funds|Computer and Information Technology"
209274,ISP,Internet Service Provider (ISP)|Computer and Information Technology|Not Validating RPKI ROV|Tranco 10k Host
20859,Other,"Banks, Credit Card Companies, Mortgage Providers|Finance and Insurance"
20860,ISP,Content|Hosting and Cloud Provider|Internet Service Provider (ISP)|Computer and Information Technology
201093,ISP,Phone Provider|Computer and Information Technology|Software Development|Travel and Accommodation
12678,ISP,"Corporate/Enterprise|Human Rights and Social Advocacy (Human Rights, Environment and Wildlife Conservation, Other)|Personal Care and Lifestyle (Barber Shops, Nail Salons, Diet Centers, Laundry, etc)|Software Development"
201101,Other,Service
20878,ISP,Internet Service Provider (ISP)|Computer and Information Technology
209297,Other,Computer and Information Technology|Anycast
201106,ISP,Not Validating RPKI ROV|Hosting and Cloud Provider|Computer and Information Technology|Internet Service Provider (ISP)
201115,Unknown,
12701,Other,"Finance and Insurance|Banks, Credit Card Companies, Mortgage Providers"
12703,ISP,Not Validating RPKI ROV|Computer and Information Technology|Internet Service Provider (ISP)
12708,ISP,Computer and Information Technology|Internet Service Provider (ISP)|Not Validating RPKI ROV|Home ISP
201126,ISP,Corporate/Enterprise|Computer and Information Technology|Internet Service Provider (ISP)
209318,Other,"Human Rights and Social Advocacy (Human Rights, Environment and Wildlife Conservation, Other)|Community Groups and Nonprofits"
209324,Other,Computer and Information Technology|Software Development|Service|Not Validating RPKI ROV
209326,Other,"Chemical and Pharmaceutical Manufacturing|Retail Stores, Wholesale, and E-commerce Sites|Manufacturing"
209329,ISP,"Computer and Information Technology|Internet Service Provider (ISP)|Service|Media, Publishing, and Broadcasting"
20915,ISP,Internet Service Provider (ISP)|Computer and Information Technology
29107,ISP,Eyeball|Computer and Information Technology|Internet Service Provider (ISP)|Not Validating RPKI ROV
209336,ISP,Internet Service Provider (ISP)|Computer and Information Technology
209340,Unknown,
209341,ISP,Tor services|Internet Service Provider (ISP)|Computer and Information Technology
29120,Enterprise,"Service|Law, Business, and Consulting Services"
29131,ISP,Computer and Information Technology|Internet Service Provider (ISP)|VPN Host
12755,ISP,Internet Service Provider (ISP)|Hosting and Cloud Provider|Computer and Information Technology
209363,Content/CDN,"Service|Computer and Information Technology|Hosting and Cloud Provider|Retail Stores, Wholesale, and E-commerce Sites"
209364,Eyeball,Computer and Information Technology|Eyeball
12761,ISP,Validating RPKI ROV|Hosting and Cloud Provider|Computer and Information Technology|Internet Service Provider (ISP)
20955,Academic/Edu,Education and Research
12775,ISP,Server Hosting|Internet Service Provider (ISP)|Computer and Information Technology|Validating RPKI ROV
29164,ISP,Hosting and Cloud Provider|Internet Service Provider (ISP)|Computer and Information Technology
209391,Other,Computer and Information Technology
20976,ISP,Computer and Information Technology|Internet Service Provider (ISP)
12789,Enterprise,"Not Validating RPKI ROV|Media, Publishing, and Broadcasting|Law, Business, and Consulting Services|Online Music and Video Streaming Services"
29180,ISP,Eyeball|Internet Service Provider (ISP)|Computer and Information Technology
209413,ISP,Computer and Information Technology|Internet Service Provider (ISP)
209414,Other,"Agriculture, Mining, and Refineries (Farming, Greenhouses, Mining, Forestry, and Animal Farming)|Content"
209417,ISP,Internet Service Provider (ISP)|Computer and Information Technology|Personal ASN
201226,Other,Automotive and Transportation|Manufacturing
29197,Other,"Banks, Credit Card Companies, Mortgage Providers|Finance and Insurance"
201230,ISP,"Finance and Insurance|Other Government and Regulatory Agencies, Administrations, Departments, and Services|Government and Public Administration|Insurance Carriers and Agencies"
29200,ISP,Software Development|Phone Provider|Computer and Information Technology|Internet Service Provider (ISP)
29202,Other,"Media, Publishing, and Broadcasting|Service"
61972,ISP,Computer and Information Technology|Manufacturing|Internet Service Provider (ISP)|Automotive and Transportation
61977,Eyeball,Computer and Information Technology|Software Development|Corporate/Enterprise|Eyeball
61978,Unknown,
29214,Government,"Government and Regulatory Agencies, Administrations, Departments, and Services|Community Groups and Nonprofits|Government and Public Administration|Human Rights and Social Advocacy (Human Rights, Environment and Wildlife Conservation, Other)"
29219,Unknown,
209447,ISP,Internet Service Provider (ISP)|Computer and Information Technology|Content
209452,ISP,Internet Service Provider (ISP)|Computer and Information Technology|Construction and Real Estate
201261,Other,"Recreation, Sports, and Performing Arts|Media, Publishing, and Broadcasting|Music and Video Industry|Museums, Libraries, and Entertainment"
201266,Other,Service
12852,ISP,Internet Service Provider (ISP)|Software Development|Computer and Information Technology|Hosting and Cloud Provider
201277,ISP,Validating RPKI ROV|Software Development|Internet Service Provider (ISP)|Computer and Information Technology
21054,ISP,Internet Service Provider (ISP)|Computer and Information Technology
62016,ISP,"Media, Publishing, and Broadcasting|Computer and Information Technology|Internet Service Provider (ISP)"
201280,ISP,Software Development|Service|Computer and Information Technology|Internet Service Provider (ISP)
12870,ISP,Internet Service Provider (ISP)|Computer and Information Technology|Hosting and Cloud Provider
201289,ISP,"Computer and Information Technology|Internet Service Provider (ISP)|Law, Business, and Consulting Services|Media, Publishing, and Broadcasting"
12878,ISP,Internet Service Provider (ISP)|Hosting and Cloud Provider|Computer and Information Technology|VPN Host
12884,Other,Service
21077,ISP,Not Validating RPKI ROV|Software Development|Internet Service Provider (ISP)|Computer and Information Technology
201301,Other,Software Development|Computer and Information Technology
201303,ISP,Internet Critical Infra|Anycast|Internet Service Provider (ISP)|Computer and Information Technology
201304,ISP,Internet Critical Infra|Anycast|Internet Service Provider (ISP)|Computer and Information Technology
209493,ISP,"Internet Service Provider (ISP)|Computer and Information Technology|Retail Stores, Wholesale, and E-commerce Sites|Validating RPKI ROV"
209503,Content/CDN,Server Hosting|Anycast
209505,ISP,Computer and Information Technology|Internet Service Provider (ISP)
209507,ISP,Internet Service Provider (ISP)|Computer and Information Technology|IPv6 only|Content
21099,Other,"Computer and Information Technology|Retail Stores, Wholesale, and E-commerce Sites|Software Development"
62059,ISP,Not Validating RPKI ROV|Internet Service Provider (ISP)|Computer and Information Technology
29297,ISP,Computer and Information Technology|Internet Service Provider (ISP)|Not Validating RPKI ROV
201335,Other,Community Groups and Nonprofits|IPv6 only
62079,Other,Computer and Information Technology
209536,Enterprise,"Investment, Portfolio Management, Pensions and Funds|Finance and Insurance|Law, Business, and Consulting Services|Service"
209540,Other,"Air Travel|Hotels, Motels, Inns, Other Traveler Accommodation|Travel and Accommodation|Not Validating RPKI ROV"
201351,Other,Construction and Real Estate|Buildings (Residential or Commercial)
21130,ISP,VPN Host|Validating RPKI ROV|Internet Service Provider (ISP)|Computer and Information Technology
201358,Other,"Investment, Portfolio Management, Pensions and Funds|Finance and Insurance|Computer and Information Technology"
12953,ISP,"Investment, Portfolio Management, Pensions and Funds|Computer and Information Technology|Finance and Insurance|Internet Service Provider (ISP)"
201375,ISP,Software Development|Computer and Information Technology|Service|Internet Service Provider (ISP)
62112,ISP,"Music and Video Industry|Media, Publishing, and Broadcasting|Internet Service Provider (ISP)|Computer and Information Technology"
21160,ISP,Finance and Insurance|Insurance Carriers and Agencies
4785,ISP,Validating RPKI ROV|Internet Service Provider (ISP)|Computer and Information Technology
209594,Other,Software Development|Computer and Information Technology
209600,Other,"Computer and Information Technology|Media, Publishing, and Broadcasting|Print Media (Newspapers, Magazines, Books)|IPv6 only"
62145,Other,"Metal, Glass, Wood, and Paper Manufacturing|Other"
201409,Content/CDN,Tor services|Server Hosting
21188,Other,Service
209606,Content/CDN,IPv6 only|Computer and Information Technology|Hosting and Cloud Provider
209609,ISP,Internet Service Provider (ISP)|Computer and Information Technology
13002,ISP,Internet Service Provider (ISP)|Computer and Information Technology
209611,ISP,Internet Service Provider (ISP)|Computer and Information Technology|Not Validating RPKI ROV
13005,ISP,Computer and Information Technology|Internet Service Provider (ISP)
13009,ISP,Carrier|Computer and Information Technology|Internet Service Provider (ISP)|Not Validating RPKI ROV
62163,ISP,Computer and Information Technology|Internet Service Provider (ISP)
21206,Other,Computer and Information Technology
29400,Other,Validating RPKI ROV|Finance and Insurance
13017,ISP,Internet Service Provider (ISP)|Computer and Information Technology
201432,ISP,Internet Service Provider (ISP)|Computer and Information Technology
201433,Other,"Service|Personal Care and Lifestyle (Barber Shops, Nail Salons, Diet Centers, Laundry, etc)"
62172,Other,"Freight, Shipment, and Postal Services|Trucking"
201437,Other,Computer and Information Technology
29409,ISP,Internet Service Provider (ISP)|Computer and Information Technology
21218,Content/CDN,Computer and Information Technology|Hosting and Cloud Provider|Not Validating RPKI ROV
209635,ISP,Phone Provider|Computer and Information Technology|Software Development|Internet Service Provider (ISP)
209641,Content/CDN,Server Hosting|Education and Research|Tor services
13037,ISP,Eyeball|Computer and Information Technology|Internet Service Provider (ISP)|Validating RPKI ROV
62189,ISP,Internet Service Provider (ISP)|Computer and Information Technology
21233,ISP,"Computer and Information Technology|Internet Service Provider (ISP)|Media, Publishing, and Broadcasting|Online Informational Content"
62195,Other,"Agriculture, Mining, and Refineries (Farming, Greenhouses, Mining, Forestry, and Animal Farming)|Utilities (Excluding Internet Service)|Construction and Real Estate"
201467,Other,Construction and Real Estate|Manufacturing|Real Estate (Residential and/or Commercial)
201471,ISP,Hosting and Cloud Provider|Software Development|Computer and Information Technology|Internet Service Provider (ISP)
45828,ISP,Computer and Information Technology|Internet Service Provider (ISP)
209669,Other,Content|Personal ASN|Service
29446,ISP,Not Validating RPKI ROV|Computer and Information Technology|Internet Service Provider (ISP)
201478,Other,"Finance and Insurance|Investment, Portfolio Management, Pensions and Funds"
62217,ISP,Tor services|Software Development|Internet Service Provider (ISP)|Computer and Information Technology
21260,ISP,Validating RPKI ROV|Internet Service Provider (ISP)|Computer and Information Technology|Hosting and Cloud Provider
29452,ISP,Server Hosting|Internet Service Provider (ISP)|Computer and Information Technology|Hosting and Cloud Provider
62224,ISP,Service|Computer and Information Technology|Internet Service Provider (ISP)|Hosting and Cloud Provider
29457,ISP,Not Validating RPKI ROV|Software Development|Internet Service Provider (ISP)|Hosting and Cloud Provider
21267,ISP,Validating RPKI ROV|Internet Service Provider (ISP)|Computer and Information Technology
13076,ISP,"Internet Service Provider (ISP)|Computer and Information Technology|Media, Publishing, and Broadcasting"
62227,ISP,Validating RPKI ROV|Computer and Information Technology|Internet Service Provider (ISP)
201493,ISP,"Internet Service Provider (ISP)|Computer and Information Technology|Software Development|Media, Publishing, and Broadcasting"
209693,Other,Service
62240,ISP,Content|Internet Service Provider (ISP)|Online Informational Content|Computer and Information Technology
29474,ISP,Internet Service Provider (ISP)|Computer and Information Technology
201506,ISP,Internet Service Provider (ISP)|Computer and Information Technology
62244,Other,"Content|Music and Video Industry|Freight, Shipment, and Postal Services|Community Groups and Nonprofits"
201508,ISP,Computer and Information Technology|Internet Service Provider (ISP)|Validating RPKI ROV|Eyeball
29478,Other,Personal ASN|IPv6 only|Anycast
62246,ISP,Personal ASN|Software Development|Service|Computer and Information Technology
62249,Other,Automotive and Transportation|Manufacturing|Travel and Accommodation
209710,Content/CDN,"Server Hosting|Museums, Libraries, and Entertainment|Recreation, Sports, and Performing Arts"
21296,Other,"Accountants, Tax Preparers, Payroll Services|Finance and Insurance"
21301,ISP,Computer and Information Technology|Phone Provider|Internet Service Provider (ISP)
201528,Other,Health Care Services|Manufacturing
201529,Other,Health Care Services|Manufacturing|IPv6 only
62267,ISP,Computer and Information Technology|Internet Service Provider (ISP)|Validating RPKI ROV
209723,ISP,Internet Service Provider (ISP)|Computer and Information Technology
201536,ISP,Software Development|Internet Service Provider (ISP)|Computer and Information Technology|Hosting and Cloud Provider
62273,Unknown,
29506,ISP,"Investment, Portfolio Management, Pensions and Funds|Computer and Information Technology|Finance and Insurance|Software Development"
13126,ISP,Validating RPKI ROV|Internet Service Provider (ISP)|Computer and Information Technology
201542,ISP,"Hosting and Cloud Provider|Software Development|Law, Business, and Consulting Services|Internet Service Provider (ISP)"
209735,ISP,Validating RPKI ROV|Internet Service Provider (ISP)|Computer and Information Technology
21321,ISP,Computer and Information Technology|Internet Service Provider (ISP)
209738,ISP,"Law, Business, and Consulting Services|Hosting and Cloud Provider|Retail Stores, Wholesale, and E-commerce Sites|Software Development"
21327,ISP,Internet Service Provider (ISP)|Computer and Information Technology|Phone Provider|Manufacturing
29527,ISP,"Eyeball|Internet Service Provider (ISP)|Computer and Information Technology|Military, Defense, National Security, and International Affairs"
13144,ISP,Computer and Information Technology|Internet Service Provider (ISP)
21339,ISP,Validating RPKI ROV|Computer and Information Technology|Internet Service Provider (ISP)
62299,Other,Service
209756,Content/CDN,Computer and Information Technology|Hosting and Cloud Provider
45919,Other,Construction and Real Estate|Finance and Insurance|Real Estate (Residential and/or Commercial)
201567,ISP,Computer and Information Technology|Internet Service Provider (ISP)|IPv6 only
21345,ISP,Computer and Information Technology|Internet Service Provider (ISP)
21346,Content/CDN,Computer and Information Technology|Hosting and Cloud Provider
45921,Other,Finance and Insurance
209761,Other,Service|Not Validating RPKI ROV
209762,ISP,"Computer and Information Technology|Internet Service Provider (ISP)|Retail Stores, Wholesale, and E-commerce Sites"
209765,Enterprise,"Computer and Information Technology|Law, Business, and Consulting Services|Service"
62313,ISP,Not Validating RPKI ROV|Computer and Information Technology|Internet Service Provider (ISP)
201579,ISP,Computer and Information Technology|Internet Service Provider (ISP)
21356,ISP,Software Development|Computer and Information Technology|Hosting and Cloud Provider|Internet Service Provider (ISP)
201580,ISP,Software Development|Computer and Information Technology|Internet Service Provider (ISP)|Hosting and Cloud Provider
29550,ISP,Eyeball|Internet Service Provider (ISP)|Computer and Information Technology|Not Validating RPKI ROV
209771,ISP,IPv6 only|Computer and Information Technology|Internet Service Provider (ISP)|Technology Consulting Services
209777,ISP,Internet Service Provider (ISP)|Computer and Information Technology
13173,Other,Computer and Information Technology
21369,ISP,"Law, Business, and Consulting Services|Computer and Information Technology|Software Development|Service"
21371,ISP,Computer and Information Technology|Internet Service Provider (ISP)
29575,Other,"Online Informational Content|Finance and Insurance|Media, Publishing, and Broadcasting"
62346,Other,Computer and Information Technology
209808,Academic/Edu,Education and Research|IPv6 only|Personal ASN
209809,Other,Service
21396,ISP,Server Hosting|Computer and Information Technology|Internet Service Provider (ISP)|Internet Critical Infra
13205,ISP,Not Validating RPKI ROV|Internet Service Provider (ISP)|Computer and Information Technology
62364,Government,"Government and Regulatory Agencies, Administrations, Departments, and Services|Government and Public Administration|Government"
13213,Content/CDN,Content|Hosting and Cloud Provider|Computer and Information Technology|Validating RPKI ROV
13217,ISP,Computer and Information Technology|Internet Service Provider (ISP)
13218,Other,Software Development|Computer and Information Technology
29606,ISP,VPN Host|Computer and Information Technology|Internet Service Provider (ISP)|Not Validating RPKI ROV
62374,Other,Buildings (Residential or Commercial)|Construction and Real Estate|Personal ASN
29611,ISP,Eyeball|Computer and Information Technology|Internet Service Provider (ISP)|Validating RPKI ROV
21422,ISP,Internet Service Provider (ISP)|Computer and Information Technology|Software Development
209838,ISP,Computer and Information Technology|Internet Service Provider (ISP)
21433,ISP,Internet Service Provider (ISP)|Computer and Information Technology|Construction and Real Estate|Service
29626,Government,"Government and Public Administration|Government and Regulatory Agencies, Administrations, Departments, and Services|Government"
201657,ISP,Internet Service Provider (ISP)|Computer and Information Technology
21439,Enterprise,"Investment, Portfolio Management, Pensions and Funds|Service|Finance and Insurance|Law, Business, and Consulting Services"
201664,Unknown,
209858,ISP,Internet Service Provider (ISP)|Computer and Information Technology
62403,Enterprise,"Service|Law, Business, and Consulting Services"
29636,ISP,VPN Host|Not Validating RPKI ROV|Internet Service Provider (ISP)|Software Development
21448,ISP,Hosting and Cloud Provicer|Internet Service Provider (ISP)|Computer and Information Technology
62408,ISP,Computer and Information Technology|Internet Service Provider (ISP)
209869,Content/CDN,Hosting and Cloud Provider|Computer and Information Technology|Personal ASN
29646,ISP,"Software Development|Investment, Portfolio Management, Pensions and Funds|Computer and Information Technology|Internet Service Provider (ISP)"
209870,ISP,Carrier|Computer and Information Technology
62417,ISP,"Computer and Information Technology|Software Development|Freight, Shipment, and Postal Services|Internet Service Provider (ISP)"
21459,ISP,"Computer and Information Technology|Health Care Services|Internet Service Provider (ISP)|Law, Business, and Consulting Services"
21464,Other,Service
201690,ISP,Internet Service Provider (ISP)|Computer and Information Technology
62428,Other,Manufacturing|Machinery|Electronics and Computer Components
21470,ISP,Internet Service Provider (ISP)|Hosting and Cloud Provider|Computer and Information Technology|Computer and Network Security
21472,ISP,Not Validating RPKI ROV|Internet Service Provider (ISP)|Computer and Information Technology
5089,ISP,Eyeball|Internet Service Provider (ISP)|Computer and Information Technology|Validating RPKI ROV
29664,ISP,Computer and Information Technology|Internet Service Provider (ISP)|Hosting and Cloud Provider|Not Validating RPKI ROV
136162,ISP,Internet Service Provider (ISP)|Computer and Information Technology
29668,ISP,Server Hosting|Computer and Information Technology|Internet Service Provider (ISP)
13285,ISP,Eyeball|Internet Service Provider (ISP)|Computer and Information Technology|Not Validating RPKI ROV
209888,ISP,Software Development|Service|Computer and Information Technology|Internet Service Provider (ISP)
209899,ISP,Computer and Network Security|Internet Service Provider (ISP)|Hosting and Cloud Provider|Computer and Information Technology
29676,ISP,Computer and Information Technology|Internet Service Provider (ISP)
201714,Other,Not Validating RPKI ROV
201715,ISP,Internet Service Provider (ISP)|Computer and Information Technology
21493,ISP,Hosting and Cloud Provider|Internet Service Provider (ISP)|Computer and Information Technology|Software Development
201739,ISP,Internet Service Provider (ISP)|Computer and Information Technology
209931,ISP,Internet Service Provider (ISP)|Computer and Information Technology|Not Validating RPKI ROV
201755,ISP,Internet Service Provider (ISP)|Computer and Information Technology|Software Development|Service
201762,Government,"Government and Public Administration|Government and Regulatory Agencies, Administrations, Departments, and Services|Government"
201773,Academic/Edu,"Education and Research|Colleges, Universities, and Professional Schools|Tranco 10k Host|Academic"
29754,ISP,Internet Service Provider (ISP)|Computer and Information Technology
201798,ISP,Internet Service Provider (ISP)|Computer and Information Technology|Home ISP|Server Hosting
201799,ISP,Computer and Information Technology|Internet Service Provider (ISP)
201802,Other,Computer and Information Technology
209997,Other,"Retail Stores, Wholesale, and E-commerce Sites"
209999,Other,"Museums, Libraries, and Entertainment|Recreation, Sports, and Performing Arts"
210005,ISP,"Computer and Information Technology|Internet Service Provider (ISP)|Service|Law, Business, and Consulting Services"
201831,Other,Finance and Insurance
210025,Academic/Edu,Validating RPKI ROV|Education and Research|Personal ASN
201838,ISP,Eyeball|Internet Service Provider (ISP)|Computer and Information Technology|Validating RPKI ROV
201854,ISP,Internet Service Provider (ISP)|Computer and Information Technology
201855,Other,"Investment, Portfolio Management, Pensions and Funds|Finance and Insurance|Not Validating RPKI ROV"
201862,ISP,Computer and Information Technology|Internet Service Provider (ISP)|Hosting and Cloud Provider
210054,ISP,Not Validating RPKI ROV|Computer and Information Technology|Internet Service Provider (ISP)|Software Development
201864,ISP,Computer and Information Technology|Internet Service Provider (ISP)
201867,ISP,Computer and Information Technology|Internet Service Provider (ISP)|Phone Provider
210062,ISP,Internet Service Provider (ISP)|Computer and Information Technology
210087,ISP,Computer and Information Technology|Internet Service Provider (ISP)
210090,Other,"Food Services and Drinking Places|Museums, Libraries, and Entertainment|Recreation, Sports, and Performing Arts|Travel and Accommodation"
201902,ISP,Software Development|Computer and Information Technology|Internet Service Provider (ISP)
201903,ISP,Computer and Information Technology|Internet Service Provider (ISP)|Software Development
210096,ISP,Internet Service Provider (ISP)|Computer and Information Technology
46257,ISP,"Internet Service Provider (ISP)|Media, Publishing, and Broadcasting|Computer and Information Technology|Software Development"
210097,ISP,Hosting and Cloud Provider|Computer and Information Technology|Internet Service Provider (ISP)|Phone Provider
210099,Other,Not Validating RPKI ROV|Computer and Information Technology
210101,Other,Computer and Information Technology
54470,Enterprise,"Phone Provider|Law, Business, and Consulting Services|Media, Publishing, and Broadcasting|Museums, Libraries, and Entertainment"
201930,Other,"Media, Publishing, and Broadcasting|Service"
201933,ISP,Not Validating RPKI ROV|Computer and Information Technology|Internet Service Provider (ISP)
201941,Other,Health Care Services|Hospitals and Medical Centers
201949,ISP,Computer and Information Technology|Internet Service Provider (ISP)
201971,ISP,Content|Software Development|Internet Service Provider (ISP)|Computer and Information Technology
210164,ISP,"Internet Service Provider (ISP)|Computer and Information Technology|Retail Stores, Wholesale, and E-commerce Sites|Hosting and Cloud Provider"
201980,ISP,Internet Service Provider (ISP)|Computer and Information Technology
5378,ISP,Eyeball|Internet Service Provider (ISP)|Computer and Information Technology|Not Validating RPKI ROV
210187,ISP,Finance and Insurance|Software Development|Internet Service Provider (ISP)|Computer and Information Technology
5388,ISP,Internet Service Provider (ISP)|Computer and Information Technology
210192,Other,"Media, Publishing, and Broadcasting|Online Informational Content"
5400,ISP,Carrier|Internet Service Provider (ISP)|Computer and Information Technology|Not Validating RPKI ROV
210203,ISP,Computer and Information Technology|Internet Service Provider (ISP)|Carrier
202013,ISP,Not Validating RPKI ROV|Software Development|Internet Service Provider (ISP)|Computer and Information Technology
210206,ISP,"Computer and Information Technology|Internet Service Provider (ISP)|Buildings, Repair, Maintenance (Pest Control, Landscaping, Cleaning, Locksmiths, Car Washes, etc)|Service"
210208,Other,"Phone Provider|Media, Publishing, and Broadcasting|Computer and Information Technology|Software Development"
202020,ISP,Business Broadband|Internet Service Provider (ISP)|Computer and Information Technology|Not Validating RPKI ROV
5413,ISP,Eyeball|Internet Service Provider (ISP)|Computer and Information Technology|Not Validating RPKI ROV
210216,ISP,"Law, Business, and Consulting Services|Computer and Information Technology|Internet Service Provider (ISP)|Community Groups and Nonprofits"
5428,ISP,Internet Service Provider (ISP)|Computer and Information Technology
202038,Other,"Not Validating RPKI ROV|Media, Publishing, and Broadcasting|Online Music and Video Streaming Services"
202052,ISP,Software Development|Computer and Information Technology|Internet Service Provider (ISP)|Not Validating RPKI ROV
210253,ISP,Computer and Information Technology|Internet Service Provider (ISP)
210258,ISP,Validating RPKI ROV|Computer and Information Technology|Internet Service Provider (ISP)|Phone Provider
5459,Other,"Validating RPKI ROV|Human Rights and Social Advocacy (Human Rights, Environment and Wildlife Conservation, Other)|Search|Computer and Information Technology"
202067,ISP,Computer and Information Technology|Internet Service Provider (ISP)
5462,ISP,Internet Service Provider (ISP)|Computer and Information Technology
5464,ISP,Hosting and Cloud Provider|Computer and Information Technology|Internet Service Provider (ISP)
38237,ISP,Internet Service Provider (ISP)|Computer and Information Technology
210277,Other,"Utilities (Excluding Internet Service)|Computer and Information Technology|Electric Power Generation, Transmission, Distribution"
210279,ISP,Computer and Information Technology|Software Development|Internet Service Provider (ISP)
5482,ISP,Eyeball|Computer and Information Technology|Internet Service Provider (ISP)|Validating RPKI ROV
210282,ISP,Software Development|Internet Service Provider (ISP)|Computer and Information Technology|Hosting and Cloud Provider
5497,ISP,Computer and Information Technology|Internet Service Provider (ISP)
202107,Enterprise,"Computer and Information Technology|Service|Software Development|Law, Business, and Consulting Services"
5500,ISP,Validating RPKI ROV|Computer and Information Technology|Internet Service Provider (ISP)
202110,Other,Service
5503,ISP,Business Broadband|Internet Service Provider (ISP)|Computer and Information Technology|Not Validating RPKI ROV
202114,ISP,Education and Research|Computer and Information Technology|Internet Service Provider (ISP)
210310,ISP,Computer and Information Technology|Internet Service Provider (ISP)|Not Validating RPKI ROV
5519,ISP,Internet Service Provider (ISP)|Computer and Information Technology
210329,Content/CDN,Validating RPKI ROV|Software Development|Service|Hosting and Cloud Provider
210338,Other,"Media, Publishing, and Broadcasting|Personal ASN|IPv6 only"
202149,ISP,Computer and Information Technology|Internet Service Provider (ISP)|Computer and Network Security|Service
202154,Enterprise,"Computer and Information Technology|Computer and Network Security|Service|Law, Business, and Consulting Services"
136620,ISP,Internet Service Provider (ISP)|Computer and Information Technology|Not Validating RPKI ROV|Server Hosting
5551,ISP,Computer and Information Technology|Internet Service Provider (ISP)
5552,ISP,Server Hosting|Not Validating RPKI ROV|Internet Service Provider (ISP)|Computer and Information Technology
202161,Other,"Investment, Portfolio Management, Pensions and Funds|Finance and Insurance"
5555,ISP,Validating RPKI ROV|Software Development|Computer and Information Technology|Technology Consulting Services
202166,ISP,Computer and Information Technology|Internet Service Provider (ISP)|Hosting and Cloud Provider|Service
5564,ISP,Validating RPKI ROV|Internet Service Provider (ISP)|Computer and Information Technology|Hosting and Cloud Provider
202176,Other,Finance and Insurance
210369,Unknown,
210370,Unknown,
5571,ISP,Software Development|Hosting and Cloud Provider|Computer and Information Technology|Internet Service Provider (ISP)
210377,Other,"Media, Publishing, and Broadcasting|Service|Software Development|Community Groups and Nonprofits"
202190,Other,"Retail Stores, Wholesale, and E-commerce Sites"
5586,ISP,Phone Provider|Computer and Information Technology|Internet Service Provider (ISP)|Validating RPKI ROV
5587,ISP,Validating RPKI ROV|Computer and Information Technology|Internet Service Provider (ISP)
210386,Content/CDN,"Online Informational Content|Law, Business, and Consulting Services|Service|Software Development"
210387,Eyeball,IPv6 only|Eyeball
210396,Other,Service
202206,Content/CDN,Computer and Information Technology|Hosting and Cloud Provider
5600,ISP,Internet Service Provider (ISP)|Computer and Information Technology
5604,ISP,Internet Service Provider (ISP)|Computer and Information Technology
202212,ISP,Internet Service Provider (ISP)|Computer and Information Technology
210404,ISP,Internet Service Provider (ISP)|Computer and Information Technology
5607,ISP,Eyeball|Internet Service Provider (ISP)|Computer and Information Technology|Not Validating RPKI ROV
210411,ISP,Computer and Information Technology|Internet Service Provider (ISP)
210412,Eyeball,Eyeball
210415,Other,"Media, Publishing, and Broadcasting|Service"
5622,ISP,"Investment, Portfolio Management, Pensions and Funds|Internet Service Provider (ISP)|Finance and Insurance|Software Development"
210425,Other,Service
202235,Other,Computer and Information Technology|Not Validating RPKI ROV|IPv6 only
5631,ISP,Validating RPKI ROV|Computer and Information Technology|Internet Service Provider (ISP)
202241,Other,"Museums, Libraries, and Entertainment"
62979,ISP,Internet Service Provider (ISP)|Computer and Information Technology|Hosting and Cloud Provider
62980,ISP,Internet Service Provider (ISP)|Hosting and Cloud Provider|Computer and Information Technology
210440,Other,IPv6 only
202255,Other,"Human Rights and Social Advocacy (Human Rights, Environment and Wildlife Conservation, Other)|Community Groups and Nonprofits"
210450,Other,"Museums, Libraries, and Entertainment|Recreation, Sports, and Performing Arts|Health Care Services"
210453,ISP,Internet Service Provider (ISP)|Computer and Information Technology
210456,Unknown,
210457,Unknown,
202275,ISP,"Casinos and Gambling|Museums, Libraries, and Entertainment|Computer and Information Technology|Software Development"
210467,ISP,"Buildings, Repair, Maintenance (Pest Control, Landscaping, Cleaning, Locksmiths, Car Washes, etc)|Computer and Information Technology|Service|Internet Service Provider (ISP)"
202282,ISP,Eyeball|Internet Service Provider (ISP)|Computer and Information Technology|Validating RPKI ROV
63022,ISP,Internet Service Provider (ISP)|Computer and Information Technology|Hosting and Cloud Provider
63024,ISP,Internet Service Provider (ISP)|Hosting and Cloud Provider|Computer and Information Technology
202288,ISP,Internet Service Provider (ISP)|Computer and Information Technology|Personal ASN|Validating RPKI ROV
202297,ISP,Content|Computer and Information Technology|Internet Service Provider (ISP)|Not Validating RPKI ROV
210495,Unknown,
63041,ISP,Hosting and Cloud Provider|Computer and Information Technology|Internet Service Provider (ISP)
63042,ISP,Internet Service Provider (ISP)|Computer and Information Technology|Hosting and Cloud Provider
202306,ISP,Tor services|Server Hosting|Software Development|Internet Service Provider (ISP)
202310,ISP,Computer and Information Technology|Hosting and Cloud Provider|Internet Service Provider (ISP)
202312,Other,"Finance and Insurance|Banks, Credit Card Companies, Mortgage Providers"
63053,ISP,Hosting and Cloud Provider|Internet Service Provider (ISP)|Computer and Information Technology
210511,Enterprise,"Law, Business, and Consulting Services|Service"
210516,ISP,Computer and Information Technology|Internet Service Provider (ISP)
46681,Enterprise,"Service|Museums, Libraries, and Entertainment|Software Development|Computer and Information Technology"
22108,Academic/Edu,Education and Research|Research and Development Organizations
210533,ISP,Internet Service Provider (ISP)|Computer and Information Technology|Personal ASN
202355,Enterprise,Service|Utilities (Excluding Internet Service)|Machinery|Manufacturing
210549,ISP,Computer and Information Technology|Manufacturing|Software Development|Service
202359,ISP,Server Hosting|Computer and Information Technology|Internet Service Provider (ISP)
210551,Government,"Government and Public Administration|Government and Regulatory Agencies, Administrations, Departments, and Services"
202363,Other,Finance and Insurance
202364,ISP,Internet Service Provider (ISP)|Computer and Information Technology
202370,ISP,Insurance Carriers and Agencies|Finance and Insurance
30351,ISP,Computer and Information Technology|Hosting and Cloud Provider|Internet Service Provider (ISP)
210584,Other,"Accountants, Tax Preparers, Payroll Services|Finance and Insurance"
202400,ISP,"Computer and Information Technology|Internet Service Provider (ISP)|Retail Stores, Wholesale, and E-commerce Sites|Content"
202408,Unknown,
202415,ISP,Internet Service Provider (ISP)|Computer and Information Technology|Hosting and Cloud Provicer
202416,Unknown,
210619,ISP,Home ISP|Computer and Information Technology|Internet Service Provider (ISP)
210627,ISP,Internet Service Provider (ISP)|Computer and Information Technology
202443,Other,"Retail Stores, Wholesale, and E-commerce Sites"
210644,Content/CDN,Content|VPN Host|Server Hosting
202454,ISP,Validating RPKI ROV|Internet Service Provider (ISP)|Computer and Information Technology
202455,Other,Construction and Real Estate|Finance and Insurance
202459,Other,Finance and Insurance|Construction and Real Estate
202466,ISP,Insurance Carriers and Agencies|Finance and Insurance|Service
210667,ISP,Validating RPKI ROV|Internet Service Provider (ISP)|Computer and Information Technology|Software Development
202487,ISP,Computer and Information Technology|Internet Service Provider (ISP)
202488,Other,"Media, Publishing, and Broadcasting|Retail Stores, Wholesale, and E-commerce Sites|Online Informational Content"
202489,Enterprise,"Service|Computer and Information Technology|Law, Business, and Consulting Services"
210683,Enterprise,"Service|Law, Business, and Consulting Services|IPv6 only"
202517,Other,"Finance and Insurance|Banks, Credit Card Companies, Mortgage Providers|Computer and Information Technology"
202519,Government,Community Groups and Nonprofits|Government
202525,Other,"Retail Stores, Wholesale, and E-commerce Sites"
202529,ISP,Computer and Information Technology|Software Development|Manufacturing|Internet Service Provider (ISP)
202532,ISP,Internet Service Provider (ISP)|Computer and Information Technology|Hosting and Cloud Provider|IPv6 only
210727,Other,"Media, Publishing, and Broadcasting|Anycast"
202548,ISP,Computer and Information Technology|Software Development|Internet Service Provider (ISP)
210751,Other,"Online Music and Video Streaming Services|Media, Publishing, and Broadcasting"
210757,Other,"Retail Stores, Wholesale, and E-commerce Sites"
137037,Enterprise,"Law, Business, and Consulting Services|Service|Computer and Information Technology"
202574,Other,"Hotels, Motels, Inns, Other Traveler Accommodation|Travel and Accommodation|Not Validating RPKI ROV"
202575,Academic/Edu,"Education and Research|Education Software|Colleges, Universities, and Professional Schools|Academic"
210767,Content/CDN,Server Hosting
210773,Other,Manufacturing|Automotive and Transportation
202587,Other,"Travel and Accommodation|Freight, Shipment, and Postal Services"
202590,Other,"Museums, Libraries, and Entertainment|Community Groups and Nonprofits"
202595,Other,Computer and Information Technology|Software Development
202596,ISP,Eyeball|Internet Service Provider (ISP)|Phone Provider|Computer and Information Technology
202610,Content/CDN,"Computer and Information Technology|Hosting and Cloud Provider|Law, Business, and Consulting Services|Software Development"
202615,ISP,"Computer and Information Technology|Internet Service Provider (ISP)|Retail Stores, Wholesale, and E-commerce Sites|IPv6 only"
210812,Other,IPv6 only|Personal ASN
210814,Unknown,
202627,ISP,Computer and Information Technology|Internet Service Provider (ISP)|IPv6 only
153476,Unknown,
202630,ISP,Online Informational Content|Computer and Information Technology|Internet Service Provider (ISP)|Technology Consulting Services
202631,ISP,Computer and Information Technology|Internet Service Provider (ISP)|Phone Provider
202665,ISP,"Media, Publishing, and Broadcasting|Software Development|Service|Internet Service Provider (ISP)"
55212,ISP,Internet Service Provider (ISP)|Hosting and Cloud Provider|Computer and Information Technology
210870,Unknown,
210874,ISP,Home ISP|Internet Service Provider (ISP)|Computer and Information Technology|Business Broadband
202695,ISP,Internet Service Provider (ISP)|Computer and Information Technology|Not Validating RPKI ROV
210892,ISP,Validating RPKI ROV|Computer and Information Technology|Internet Service Provider (ISP)
210893,ISP,Tor services|Computer and Information Technology|Internet Service Provider (ISP)|Software Development
38870,Other,Real Estate (Residential and/or Commercial)|Finance and Insurance|Construction and Real Estate
210919,ISP,Computer and Information Technology|Internet Service Provider (ISP)
210920,ISP,Computer and Information Technology|Internet Service Provider (ISP)|Server Hosting
210924,ISP,Internet Service Provider (ISP)|Computer and Information Technology
210938,Other,Service
202751,ISP,Software Development|Computer and Information Technology|Internet Service Provider (ISP)|IPv6 only
47113,Other,Real Estate (Residential and/or Commercial)|Finance and Insurance|Construction and Real Estate
202762,Eyeball,"Service|Media, Publishing, and Broadcasting|Event|Eyeball"
210961,Other,Machinery|Manufacturing|IPv6 only
30740,ISP,Validating RPKI ROV|Internet Service Provider (ISP)|Computer and Information Technology
38936,Other,"Retail Stores, Wholesale, and E-commerce Sites|furniture"
202776,ISP,IPv6 only|Personal ASN|Internet Service Provider (ISP)|Computer and Information Technology
30746,Academic/Edu,Education and Research|Personal ASN
202783,Other,Hospitals and Medical Centers|Health Care Services
202787,Enterprise,"Law, Business, and Consulting Services|Service"
30756,Other,"Travel and Accommodation|Media, Publishing, and Broadcasting|Computer and Information Technology|Service"
47143,ISP,Computer and Information Technology|Internet Service Provider (ISP)
202791,ISP,"Online Informational Content|Media, Publishing, and Broadcasting|Internet Service Provider (ISP)|Computer and Information Technology"
202792,ISP,Internet Service Provider (ISP)|Computer and Information Technology|Online Informational Content|Software Development
210985,Content/CDN,Personal ASN|Server Hosting|IPv6 only
210988,ISP,"Media, Publishing, and Broadcasting|Computer and Information Technology|Internet Service Provider (ISP)"
202797,Other,"Software Development|Media, Publishing, and Broadcasting|Online Informational Content|Service"
30769,Other,Buildings (Residential or Commercial)|Real Estate (Residential and/or Commercial)|Construction and Real Estate
210993,Content/CDN,Computer and Information Technology|Hosting and Cloud Provider|Server Hosting|Content
210996,Government,"Government and Regulatory Agencies, Administrations, Departments, and Services|Government and Public Administration"
38966,ISP,Internet Service Provider (ISP)|Computer and Information Technology
202808,Other,"Community Groups and Nonprofits|Human Rights and Social Advocacy (Human Rights, Environment and Wildlife Conservation, Other)"
38973,Other,"Retail Stores, Wholesale, and E-commerce Sites|Travel and Accommodation|Service|Computer and Information Technology"
202818,ISP,Computer and Information Technology|Internet Service Provider (ISP)|Finance and Insurance|Software Development
211015,Government,"Government and Public Administration|Government and Regulatory Agencies, Administrations, Departments, and Services"
55369,Content/CDN,Computer and Information Technology|Hosting and Cloud Provider
211020,ISP,Finance and Insurance|Internet Service Provider (ISP)|Computer and Information Technology
30803,ISP,Internet Service Provider (ISP)|Computer and Information Technology
211029,Enterprise,"Law, Business, and Consulting Services|Service"
38998,Other,"Community Groups and Nonprofits|Human Rights and Social Advocacy (Human Rights, Environment and Wildlife Conservation, Other)"
211032,Other,"Media, Publishing, and Broadcasting|Service"
211035,ISP,IPv6 only|Computer and Information Technology|Internet Service Provider (ISP)
211036,Other,Service|Personal ASN
211044,Unknown,
211049,Other,Service
30827,ISP,"Eyeball|Media, Publishing, and Broadcasting|Software Development|Online Informational Content"
211058,ISP,Computer and Information Technology|Software Development|Internet Service Provider (ISP)
47219,ISP,Computer and Information Technology|Internet Service Provider (ISP)
202867,ISP,Internet Service Provider (ISP)|Computer and Information Technology|Not Validating RPKI ROV
47227,Other,"Buildings, Repair, Maintenance (Pest Control, Landscaping, Cleaning, Locksmiths, Car Washes, etc)|Service"
30844,ISP,Carrier|Internet Service Provider (ISP)|Computer and Information Technology|Not Validating RPKI ROV
211067,Government,"Government and Public Administration|Government and Regulatory Agencies, Administrations, Departments, and Services"
30847,ISP,Computer and Network Security|Internet Service Provider (ISP)|Service|Government and Public Administration
211077,Government,"Government and Public Administration|Government and Regulatory Agencies, Administrations, Departments, and Services"
202888,ISP,"Carrier|Retail Stores, Wholesale, and E-commerce Sites|Manufacturing|Construction and Real Estate"
211091,ISP,Hosting and Cloud Provider|Computer and Information Technology|Internet Service Provider (ISP)|Construction and Real Estate
39060,Other,"Retail Stores, Wholesale, and E-commerce Sites|Food Services and Drinking Places|Travel and Accommodation|Food, Grocery, Beverages"
202901,ISP,Service|Internet Service Provider (ISP)|Computer and Information Technology|Software Development
47255,Enterprise,"Law, Business, and Consulting Services|Service"
211097,Other,Service
202907,ISP,Computer and Information Technology|Internet Service Provider (ISP)
47264,ISP,Not Validating RPKI ROV|Computer and Information Technology|Internet Service Provider (ISP)
211108,ISP,Finance and Insurance|Service|Insurance Carriers and Agencies
47272,ISP,Carrier|Computer and Information Technology|Internet Service Provider (ISP)|Anycast
30894,ISP,"Phone Provider|Internet Service Provider (ISP)|Computer and Information Technology|Media, Publishing, and Broadcasting"
211118,Enterprise,"Law, Business, and Consulting Services|Service"
211120,Other,Computer and Information Technology
30897,ISP,Computer and Information Technology|Internet Service Provider (ISP)
211121,Content/CDN,Computer and Information Technology|Hosting and Cloud Provider
211123,Other,"Museums, Libraries, and Entertainment|Recreation, Sports, and Performing Arts"
211126,Other,Real Estate (Residential and/or Commercial)|Construction and Real Estate
39097,ISP,Not Validating RPKI ROV|Software Development|Service|Internet Service Provider (ISP)
202937,Other,"Radio and Television Providers|Media, Publishing, and Broadcasting|Online Music and Video Streaming Services"
202939,ISP,Eyeball|Internet Service Provider (ISP)|Computer and Information Technology|IPv6 only
211131,Content/CDN,Hosting and Cloud Provider|Computer and Information Technology
30909,ISP,Computer and Information Technology|Internet Service Provider (ISP)
39103,Other,Construction and Real Estate|Real Estate (Residential and/or Commercial)|Computer and Information Technology
47296,Other,Computer and Information Technology|Finance and Insurance
202944,ISP,Computer and Information Technology|Internet Service Provider (ISP)
30914,Other,Not Validating RPKI ROV|Software Development|Computer and Information Technology
211140,Content/CDN,Hosting and Cloud Provider|Computer and Information Technology
211142,Other,Computer and Information Technology
202953,Other,Travel and Accommodation|Not Validating RPKI ROV
39116,ISP,Government and Public Administration|Internet Service Provider (ISP)|Computer and Information Technology|Software Development
211149,ISP,Internet Service Provider (ISP)|Computer and Information Technology|Computer and Network Security
30931,Other,Tranco 10k Host|Software Development|Finance and Insurance|Computer and Information Technology
30933,ISP,Computer and Information Technology|Internet Service Provider (ISP)
47318,Government,"Service|Health Care Services|Government and Public Administration|Government and Regulatory Agencies, Administrations, Departments, and Services"
30938,ISP,Internet Service Provider (ISP)|Computer and Information Technology|Server Hosting
211165,Other,Computer and Information Technology
47326,Content/CDN,Computer and Information Technology|Hosting and Cloud Provider|IPv6 only
211166,Other,Computer and Information Technology
211167,ISP,Software Development|Computer and Information Technology|Internet Service Provider (ISP)
202978,Other,Service
39139,Other,Service
211175,ISP,"Service|Internet Service Provider (ISP)|Computer and Information Technology|Law, Business, and Consulting Services"
153833,Unknown,
211178,ISP,Computer and Information Technology|Internet Service Provider (ISP)
39148,ISP,Internet Service Provider (ISP)|Computer and Information Technology
39150,ISP,Validating RPKI ROV|Computer and Information Technology|Internet Service Provider (ISP)
202990,Content/CDN,"Automotive and Transportation|Hosting and Cloud Provider|Retail Stores, Wholesale, and E-commerce Sites|Computer and Information Technology"
211188,Other,"Finance and Insurance|Investment, Portfolio Management, Pensions and Funds"
211189,Other,Service
30967,ISP,Mobile Data/Carrier|Phone Provider|Computer and Information Technology|Internet Service Provider (ISP)
47351,ISP,"Software Development|Retail Stores, Wholesale, and E-commerce Sites|Media, Publishing, and Broadcasting|Internet Service Provider (ISP)"
203001,ISP,Internet Service Provider (ISP)|Computer and Information Technology|Software Development
211198,Other,Computer and Information Technology
203011,ISP,Software Development|Internet Service Provider (ISP)|Computer and Information Technology
39173,ISP,Computer and Information Technology|Internet Service Provider (ISP)|Phone Provider
39175,ISP,Not Validating RPKI ROV|Internet Service Provider (ISP)|Computer and Information Technology
47367,ISP,"Media, Publishing, and Broadcasting|Computer and Information Technology|Internet Service Provider (ISP)"
39179,ISP,Computer and Information Technology|Internet Service Provider (ISP)
203031,Other,"Agriculture, Mining, and Refineries (Farming, Greenhouses, Mining, Forestry, and Animal Farming)"
39192,Eyeball,Education and Research|Personal ASN|Eyeball
211224,Eyeball,"Museums, Libraries, and Entertainment|Museums, Historical Sites, Zoos, Nature Parks|Personal ASN|IPv6 only"
47386,ISP,Internet Service Provider (ISP)|Computer and Information Technology|Hosting and Cloud Provider
31003,ISP,Computer and Information Technology|Internet Service Provider (ISP)|Software Development|Validating RPKI ROV
203035,Other,Computer and Information Technology
203036,Other,Computer and Information Technology|Software Development
137502,ISP,Content|Hosting and Cloud Provider|Computer and Information Technology|Internet Service Provider (ISP)
47391,ISP,Internet Service Provider (ISP)|Computer and Information Technology
39202,Other,"Content|Music and Video Industry|Online Music and Video Streaming Services|Media, Publishing, and Broadcasting"
39208,ISP,Internet Service Provider (ISP)|Computer and Information Technology
203048,Other,Computer and Information Technology
211244,ISP,"Eyeball|Internet Service Provider (ISP)|Computer and Information Technology|Media, Publishing, and Broadcasting"
203054,Other,"Construction and Real Estate|Retail Stores, Wholesale, and E-commerce Sites|Service|Civil Engineering Construction (Utility Lines, Roads and Bridges)"
39215,ISP,Internet Service Provider (ISP)|Computer and Information Technology|Software Development|Government and Public Administration
203056,ISP,Internet Service Provider (ISP)|Computer and Information Technology
203057,ISP,Software Development|Travel and Accommodation|Internet Service Provider (ISP)|Computer and Information Technology
203064,Eyeball,Technology Consulting Services|Computer and Information Technology|Eyeball
203067,ISP,Hosting and Cloud Provider|Service|Software Development|Computer and Information Technology
203070,ISP,Internet Service Provider (ISP)|Computer and Information Technology
47426,Other,Service
203074,Other,Service|Personal ASN
203075,ISP,Computer and Information Technology|Internet Service Provider (ISP)
203076,ISP,"Computer and Information Technology|Law, Business, and Consulting Services|Software Development|Service"
211271,Other,Computer and Information Technology
31048,Other,Computer and Information Technology|Software Development
211272,Content/CDN,"Software Development|Service|Investment, Portfolio Management, Pensions and Funds|Technology Consulting Services"
31050,Other,Not Validating RPKI ROV|Online Music and Video Streaming Services|Music and Video Industry|Service
203082,Enterprise,"Service|Law, Business, and Consulting Services"
14670,Other,"Tor services|Retail Stores, Wholesale, and E-commerce Sites|Service"
211284,ISP,"Internet Service Provider (ISP)|Computer and Information Technology|Software Development|Media, Publishing, and Broadcasting"
203094,Other,"Museums, Libraries, and Entertainment|Recreation, Sports, and Performing Arts|Health Care Services"
211289,Eyeball,Personal ASN|Eyeball
203105,ISP,"Internet Service Provider (ISP)|Service|Media, Publishing, and Broadcasting|Computer and Information Technology"
203106,Enterprise,"Print Media (Newspapers, Magazines, Books)|Computer and Information Technology|Service|Media, Publishing, and Broadcasting"
203107,ISP,Internet Service Provider (ISP)|Computer and Information Technology|Finance and Insurance
203108,Other,Computer and Information Technology
203109,ISP,Internet Service Provider (ISP)|Service|Hosting and Cloud Provider|Computer and Information Technology
211298,ISP,Computer and Information Technology|Real Estate (Residential and/or Commercial)|Construction and Real Estate|Internet Service Provider (ISP)
211303,Other,"Computer and Information Technology|Software Development|Phone Provider|Media, Publishing, and Broadcasting"
203113,Eyeball,"Automotive and Transportation|Manufacturing|Retail Stores, Wholesale, and E-commerce Sites|Eyeball"
211307,Other,Construction and Real Estate|Real Estate (Residential and/or Commercial)|Not Validating RPKI ROV
31084,ISP,Internet Service Provider (ISP)|Computer and Information Technology
203121,ISP,Internet Service Provider (ISP)|Computer and Information Technology
47474,ISP,Eyeball|Internet Service Provider (ISP)|Computer and Information Technology|Not Validating RPKI ROV
47480,Content/CDN,Server Hosting|Computer and Information Technology|Hosting and Cloud Provider|Not Validating RPKI ROV
203128,ISP,"Insurance Carriers and Agencies|Service|Law, Business, and Consulting Services|Finance and Insurance"
211323,ISP,"Media, Publishing, and Broadcasting|Internet Service Provider (ISP)|Computer and Information Technology|Radio and Television Providers"
203133,Other,"Buildings, Repair, Maintenance (Pest Control, Landscaping, Cleaning, Locksmiths, Car Washes, etc)|Service"
39295,ISP,Internet Service Provider (ISP)|Computer and Information Technology
47492,Enterprise,"Computer and Information Technology|Law, Business, and Consulting Services|Service|Software Development"
203141,Other,Buildings (Residential or Commercial)|Construction and Real Estate
203146,Academic/Edu,Education and Research
211339,Other,Computer and Information Technology
203149,ISP,Computer and Information Technology|Internet Service Provider (ISP)|Not Validating RPKI ROV
203154,Unknown,
47508,ISP,Internet Service Provider (ISP)|Computer and Information Technology
47509,Other,IPv6 only|Construction and Real Estate
203164,Other,"Manufacturing|Automotive and Transportation|Travel and Accommodation|Retail Stores, Wholesale, and E-commerce Sites"
39326,ISP,Eyeball|Computer and Information Technology|Internet Service Provider (ISP)|Validating RPKI ROV
203168,ISP,Internet Service Provider (ISP)|Computer and Information Technology|IPv6 only|Personal ASN
203171,Other,Health Care Services
203177,Other,"Online Music and Video Streaming Services|Media, Publishing, and Broadcasting"
211371,ISP,Computer and Information Technology|Internet Service Provider (ISP)
39341,Other,"Media, Publishing, and Broadcasting|Software Development|Technology Consulting Services|Service"
47534,ISP,Internet Service Provider (ISP)|Computer and Information Technology|Finance and Insurance|Software Development
31151,Other,"Tranco 10k Host|Computer and Information Technology|Media, Publishing, and Broadcasting|Service"
47535,ISP,Internet Service Provider (ISP)|Computer and Information Technology|Not Validating RPKI ROV
203184,Content/CDN,Service|Server Hosting
203185,ISP,Internet Service Provider (ISP)|Computer and Information Technology
211374,Other,Software Development|Computer and Information Technology
211386,Other,"Human Rights and Social Advocacy (Human Rights, Environment and Wildlife Conservation, Other)|Community Groups and Nonprofits|Computer and Information Technology|Search"
39356,ISP,Eyeball|Service|Computer and Information Technology|Internet Service Provider (ISP)
47549,Content/CDN,Hosting and Cloud Provider|Computer and Information Technology
211389,ISP,"Not Validating RPKI ROV|Computer and Information Technology|Online Informational Content|Media, Publishing, and Broadcasting"
211392,ISP,Computer and Information Technology|Internet Service Provider (ISP)
211393,ISP,Computer and Information Technology|Software Development|Internet Service Provider (ISP)
47556,Other,Software Development|Computer and Information Technology
203204,Other,Computer and Information Technology
47561,Enterprise,"Service|Law, Business, and Consulting Services"
47563,Other,Service
211409,Content/CDN,"Service|Law, Business, and Consulting Services|Server Hosting|Content"
47571,ISP,Internet Service Provider (ISP)|Computer and Information Technology
47572,Enterprise,"Law, Business, and Consulting Services|Media, Publishing, and Broadcasting|Service|Museums, Libraries, and Entertainment"
203219,ISP,Computer and Information Technology|Internet Service Provider (ISP)
39382,ISP,Internet Service Provider (ISP)|Computer and Information Technology
203220,ISP,Computer and Information Technology|Internet Service Provider (ISP)
47578,Other,"Media, Publishing, and Broadcasting"
39389,Other,Computer and Information Technology
31198,ISP,"Law, Business, and Consulting Services|Service|Computer and Information Technology|Internet Service Provider (ISP)"
47581,Other,Computer and Network Security|Software Development|Computer and Information Technology|Anycast
47582,ISP,Internet Service Provider (ISP)|Computer and Information Technology
47584,Content/CDN,Hosting and Cloud Provider|Computer and Information Technology
31202,ISP,Not Validating RPKI ROV|Phone Provider|Manufacturing|Electronics and Computer Components
203231,ISP,Computer and Information Technology|Internet Service Provider (ISP)
203232,Other,Service|Buildings (Residential or Commercial)|Construction and Real Estate|Computer and Information Technology
203235,ISP,Internet Service Provider (ISP)|Computer and Information Technology
203237,ISP,Computer and Information Technology|Internet Service Provider (ISP)
211427,ISP,Computer and Information Technology|Internet Service Provider (ISP)
39400,Government,"Government and Public Administration|Community Groups and Nonprofits|Media, Publishing, and Broadcasting|Government and Regulatory Agencies, Administrations, Departments, and Services"
211431,Other,Content|Personal ASN
211437,Other,"Human Rights and Social Advocacy (Human Rights, Environment and Wildlife Conservation, Other)|Museums, Libraries, and Entertainment|Community Groups and Nonprofits|Personal ASN"
211438,Unknown,
203251,Other,Computer and Network Security|Service|Computer and Information Technology
31220,Content/CDN,Computer and Information Technology|Hosting and Cloud Provider
203253,Other,"Agriculture, Mining, and Refineries (Farming, Greenhouses, Mining, Forestry, and Animal Farming)|Anycast|Content"
39414,Other,Computer and Information Technology
31223,Other,"Phone Provider|Software Development|Computer and Information Technology|Media, Publishing, and Broadcasting"
203258,ISP,Computer and Information Technology|Internet Service Provider (ISP)|Construction and Real Estate|Software Development
47611,Other,"Music and Video Industry|Media, Publishing, and Broadcasting"
6656,ISP,Internet Service Provider (ISP)|Computer and Information Technology
6660,ISP,Not Validating RPKI ROV|Internet Service Provider (ISP)|Computer and Information Technology
211460,Other,Finance and Insurance
47622,ISP,Technology Consulting Services|Internet Service Provider (ISP)|Computer and Information Technology
47625,ISP,Internet Service Provider (ISP)|Computer and Information Technology|Hosting and Cloud Provider|Software Development
203276,Other,Other|Personal ASN
47631,ISP,Computer and Information Technology|Internet Service Provider (ISP)
6675,ISP,Computer and Information Technology|Internet Service Provider (ISP)|Hosting and Cloud Provider
211476,ISP,Computer and Information Technology|Internet Service Provider (ISP)
47638,ISP,Eyeball|Computer and Information Technology|Internet Service Provider (ISP)|Validating RPKI ROV
31256,Government,"Government and Public Administration|Government and Regulatory Agencies, Administrations, Departments, and Services|Community Groups and Nonprofits|Government"
39451,ISP,Internet Service Provider (ISP)|Hosting and Cloud Provider|Computer and Information Technology|VPN Host
39458,ISP,Not Validating RPKI ROV|Computer and Information Technology|Internet Service Provider (ISP)
39459,ISP,Computer and Information Technology|Internet Service Provider (ISP)
39461,ISP,Internet Service Provider (ISP)|Computer and Information Technology
31270,ISP,Computer and Information Technology|Internet Service Provider (ISP)
31273,ISP,Internet Service Provider (ISP)|Computer and Information Technology
211500,Other,Computer and Information Technology
211501,ISP,Eyeball|Internet Service Provider (ISP)|Computer and Information Technology|Hosting and Cloud Provider
39470,ISP,Internet Service Provider (ISP)|Computer and Information Technology
203315,ISP,Server Hosting|Hosting and Cloud Provider|Service|Internet Service Provider (ISP)
39477,ISP,Internet Service Provider (ISP)|Computer and Information Technology|Phone Provider|Validating RPKI ROV
47669,Other,"Casinos and Gambling|Museums, Libraries, and Entertainment"
47671,Eyeball,Computer and Information Technology|Event|Eyeball
203317,Other,Service
211511,ISP,Computer and Information Technology|Internet Service Provider (ISP)
6717,ISP,Business Broadband|Computer and Information Technology|Internet Service Provider (ISP)|Not Validating RPKI ROV
211522,Other,"Trucking|Freight, Shipment, and Postal Services"
47685,ISP,"Internet Service Provider (ISP)|Media, Publishing, and Broadcasting|Online Informational Content|Computer and Information Technology"
6727,ISP,Software Development|Computer and Information Technology|Hosting and Cloud Provider|Internet Service Provider (ISP)
6728,ISP,Computer and Information Technology|Internet Service Provider (ISP)
47693,ISP,Computer and Information Technology|Internet Service Provider (ISP)|Not Validating RPKI ROV
64080,ISP,Internet Service Provider (ISP)|Computer and Information Technology
203346,ISP,"Computer and Information Technology|Service|Media, Publishing, and Broadcasting|Internet Service Provider (ISP)"
47704,ISP,Internet Service Provider (ISP)|Computer and Information Technology
6745,ISP,Finance and Insurance|Internet Service Provider (ISP)|Computer and Information Technology|Software Development
203354,Other,Other
6749,ISP,Internet Service Provider (ISP)|Computer and Information Technology
47712,ISP,Computer and Information Technology|Internet Service Provider (ISP)|Software Development
39520,Other,"Museums, Libraries, and Entertainment|Casinos and Gambling"
39522,ISP,Validating RPKI ROV|Service|Internet Service Provider (ISP)|Computer and Information Technology
203363,ISP,Content|Computer and Information Technology|Internet Service Provider (ISP)|Software Development
47716,ISP,Internet Service Provider (ISP)|Computer and Information Technology
6757,ISP,Computer and Information Technology|Internet Service Provider (ISP)
47718,ISP,Internet Service Provider (ISP)|Computer and Information Technology
6759,ISP,Computer and Information Technology|Internet Service Provider (ISP)|Software Development|Validating RPKI ROV
211552,ISP,Computer and Information Technology|Internet Service Provider (ISP)|Server Hosting
39530,ISP,Computer and Information Technology|Internet Service Provider (ISP)
6763,Other,"Media, Publishing, and Broadcasting"
203372,Eyeball,"Eyeball|Banks, Credit Card Companies, Mortgage Providers|Finance and Insurance|Investment, Portfolio Management, Pensions and Funds"
39537,ISP,Server Hosting|Computer and Information Technology|Internet Service Provider (ISP)|Not Validating RPKI ROV
211576,ISP,Internet Service Provider (ISP)|Computer and Information Technology|IPv6 only
39545,ISP,Not Validating RPKI ROV|Computer and Information Technology|Internet Service Provider (ISP)
47738,Academic/Edu,Education and Research|Elementary and Secondary Schools
6779,ISP,Eyeball|Not Validating RPKI ROV|Internet Service Provider (ISP)|Computer and Information Technology
211577,Unknown,
47741,Other,"Retail Stores, Wholesale, and E-commerce Sites"
39550,Other,Service|Validating RPKI ROV
39552,Enterprise,"Service|Law, Business, and Consulting Services|Not Validating RPKI ROV"
39553,Other,"Phone Provider|Museums, Libraries, and Entertainment|Computer and Information Technology|Casinos and Gambling"
47744,ISP,Software Development|Service|Internet Service Provider (ISP)|Computer and Information Technology
203397,ISP,Internet Service Provider (ISP)|Computer and Information Technology
211591,ISP,"Retail Stores, Wholesale, and E-commerce Sites|Computer and Information Technology|Internet Service Provider (ISP)"
203403,Other,"Media, Publishing, and Broadcasting|Online Informational Content"
211597,ISP,Content|Service|Validating RPKI ROV|Home ISP
47762,Other,Computer and Information Technology
39576,ISP,Internet Service Provider (ISP)|Computer and Information Technology|Content
47768,ISP,"Tranco 10k Host|Media, Publishing, and Broadcasting|Phone Provider|Service"
203416,ISP,Internet Service Provider (ISP)|Computer and Information Technology
211612,ISP,Computer and Information Technology|Internet Service Provider (ISP)
203421,ISP,Internet Service Provider (ISP)|Computer and Information Technology
203423,Other,Service
39584,Other,"Investment, Portfolio Management, Pensions and Funds|Finance and Insurance"
203425,ISP,Internet Service Provider (ISP)|Computer and Information Technology
39588,Government,Anycast|Service|Government and Public Administration|Computer and Information Technology
31398,ISP,Software Development|Internet Service Provider (ISP)|Computer and Information Technology
39592,Unknown,
31402,Other,"Media, Publishing, and Broadcasting|Museums, Libraries, and Entertainment|Service|Casinos and Gambling"
31404,ISP,Eyeball|Internet Service Provider (ISP)|Computer and Information Technology|Validating RPKI ROV
203438,Other,Construction and Real Estate|Service|Real Estate (Residential and/or Commercial)|IPv6 only
47791,Other,"Media, Publishing, and Broadcasting|Software Development|Computer and Information Technology|Phone Provider"
39602,Eyeball,"Eyeball|Service|Buildings, Repair, Maintenance (Pest Control, Landscaping, Cleaning, Locksmiths, Car Washes, etc)|Business Broadband"
203443,ISP,Internet Service Provider (ISP)|Computer and Information Technology
47797,Government,"Government and Regulatory Agencies, Administrations, Departments, and Services|Government and Public Administration|Government"
6838,Other,"Personal ASN|Utilities (Excluding Internet Service)|Agriculture, Mining, and Refineries (Farming, Greenhouses, Mining, Forestry, and Animal Farming)"
203446,ISP,Carrier|Hosting and Cloud Provider|Software Development|Service
203449,ISP,Computer and Information Technology|Software Development|Internet Service Provider (ISP)
39610,Enterprise,"Service|Law, Business, and Consulting Services"
203452,Other,"Metal, Glass, Wood, and Paper Manufacturing|Manufacturing|Chemical and Pharmaceutical Manufacturing"
203453,ISP,Computer and Information Technology|Internet Service Provider (ISP)|Eyeball
31422,Enterprise,"Finance and Insurance|Law, Business, and Consulting Services|Service|Investment, Portfolio Management, Pensions and Funds"
6847,ISP,Computer and Information Technology|Internet Service Provider (ISP)
39617,ISP,Computer and Information Technology|Internet Service Provider (ISP)
39620,Unknown,
39621,Enterprise,"Service|Media, Publishing, and Broadcasting|Online Music and Video Streaming Services|Law, Business, and Consulting Services"
203460,ISP,Internet Service Provider (ISP)|Computer and Information Technology|Not Validating RPKI ROV
203465,Other,"Personal Care and Lifestyle (Barber Shops, Nail Salons, Diet Centers, Laundry, etc)|Clothing, Fashion, Luggage|Computer and Information Technology|Retail Stores, Wholesale, and E-commerce Sites"
211658,ISP,Computer and Information Technology|Internet Service Provider (ISP)
6859,Other,"Service|Media, Publishing, and Broadcasting|Validating RPKI ROV"
39627,Other,"Media, Publishing, and Broadcasting"
39630,ISP,Computer and Information Technology|Internet Service Provider (ISP)
47823,Other,Computer and Information Technology
39633,ISP,Electronics and Computer Components|Computer and Information Technology|Software Development|Manufacturing
211667,Other,"Music and Video Industry|Media, Publishing, and Broadcasting"
31445,ISP,Not Validating RPKI ROV|Computer and Information Technology|Internet Service Provider (ISP)
6871,ISP,Eyeball|Internet Service Provider (ISP)|Computer and Information Technology|Validating RPKI ROV
211675,ISP,Internet Service Provider (ISP)|Computer and Information Technology|Hosting and Cloud Provider
211678,ISP,Not Validating RPKI ROV|Computer and Information Technology|Internet Service Provider (ISP)
31459,Academic/Edu,Education and Research
31463,ISP,Content|Computer and Information Technology|Internet Service Provider (ISP)|Not Validating RPKI ROV
211687,ISP,Internet Service Provider (ISP)|Computer and Information Technology|Not Validating RPKI ROV
6894,ISP,Not Validating RPKI ROV|Internet Service Provider (ISP)|Computer and Information Technology
31472,ISP,Eyeball|Computer and Information Technology|Internet Service Provider (ISP)|Validating RPKI ROV
203504,ISP,"Computer and Information Technology|Internet Service Provider (ISP)|Service|Law, Business, and Consulting Services"
31474,Unknown,
39674,ISP,Internet Service Provider (ISP)|Computer and Information Technology
6908,ISP,Carrier|Internet Service Provider (ISP)|Computer and Information Technology|Not Validating RPKI ROV
6911,ISP,Internet Service Provider (ISP)|Computer and Information Technology|Validating RPKI ROV
31487,ISP,Computer and Information Technology|Internet Service Provider (ISP)
47871,Other,Service|Search|Computer and Information Technology
31493,ISP,"Internet Service Provider (ISP)|Media, Publishing, and Broadcasting|Computer and Information Technology|Validating RPKI ROV"
47890,ISP,Carrier|Technology Consulting Services|Computer and Information Technology|Not Validating RPKI ROV
31515,ISP,Eyeball|Computer and Information Technology|Internet Service Provider (ISP)|Satellite Communication
39715,Other,Computer and Information Technology
39717,ISP,Internet Service Provider (ISP)|Computer and Information Technology
211754,Other,Personal ASN
31532,Other,"Museums, Libraries, and Entertainment|Casinos and Gambling"
47918,Enterprise,"Service|Law, Business, and Consulting Services"
31535,Other,"Media, Publishing, and Broadcasting|Museums, Libraries, and Entertainment|Music and Video Industry"
203568,ISP,Eyeball|Internet Service Provider (ISP)|Computer and Information Technology|Validating RPKI ROV
211760,Enterprise,"Service|Law, Business, and Consulting Services"
39730,Content/CDN,Computer and Information Technology|Hosting and Cloud Provider
203573,ISP,"Computer and Information Technology|Internet Service Provider (ISP)|Online Informational Content|Media, Publishing, and Broadcasting"
47933,ISP,Internet Service Provider (ISP)|Computer and Information Technology|Software Development
203582,ISP,Not Validating RPKI ROV|Computer and Information Technology|Internet Service Provider (ISP)
47935,ISP,"Computer and Information Technology|Retail Stores, Wholesale, and E-commerce Sites|Internet Service Provider (ISP)"
211775,Academic/Edu,Education and Research
203589,Other,Software Development|Computer and Information Technology
31562,ISP,"Software Development|Retail Stores, Wholesale, and E-commerce Sites|Finance and Insurance|Phone Provider"
47947,ISP,Internet Service Provider (ISP)|Computer and Information Technology
211787,ISP,Software Development|Service|Computer and Information Technology|Internet Service Provider (ISP)
211789,Other,Computer and Information Technology|Software Development
39767,ISP,Validating RPKI ROV|Internet Service Provider (ISP)|Computer and Information Technology
211803,Other,Computer and Information Technology
47971,Content/CDN,Hosting and Cloud Provider|Computer and Information Technology
31595,ISP,Computer and Information Technology|Internet Service Provider (ISP)|Validating RPKI ROV
203631,ISP,"Buildings (Residential or Commercial)|Computer and Information Technology|Internet Service Provider (ISP)|Civil Engineering Construction (Utility Lines, Roads and Bridges)"
47988,Other,"Museums, Libraries, and Entertainment"
211829,Other,"Online Informational Content|Construction and Real Estate|Museums, Libraries, and Entertainment|Media, Publishing, and Broadcasting"
47992,ISP,"Software Development|Education and Research|Media, Publishing, and Broadcasting|Phone Provider"
47998,Other,Content
47999,Other,Service|Computer and Information Technology|Software Development
203649,ISP,Eyeball|Computer and Information Technology|Internet Service Provider (ISP)|Not Validating RPKI ROV
7042,ISP,Computer and Information Technology|Internet Service Provider (ISP)
48003,Other,"Food, Grocery, Beverages|Retail Stores, Wholesale, and E-commerce Sites|Not Validating RPKI ROV"
203652,ISP,Computer and Information Technology|Software Development|Internet Service Provider (ISP)|Service
211844,Academic/Edu,"Agriculture, Mining, and Refineries (Farming, Greenhouses, Mining, Forestry, and Animal Farming)|Education and Research|Utilities (Excluding Internet Service)"
31631,ISP,Business Broadband|Internet Service Provider (ISP)|Computer and Information Technology|Not Validating RPKI ROV
31632,Other,"Freight, Shipment, and Postal Services|Travel and Accommodation"
203665,Government,"Government and Public Administration|Government and Regulatory Agencies, Administrations, Departments, and Services|Government"
211855,Other,Computer and Information Technology
31641,ISP,Not Validating RPKI ROV|Internet Service Provider (ISP)|Computer and Information Technology
203676,ISP,"Media, Publishing, and Broadcasting|Computer and Information Technology|Internet Service Provider (ISP)"
64415,ISP,Computer and Information Technology|Internet Service Provider (ISP)
39846,ISP,Computer and Information Technology|Internet Service Provider (ISP)
31655,ISP,Eyeball|Computer and Information Technology|Internet Service Provider (ISP)|Not Validating RPKI ROV
211878,Content/CDN,"Computer and Information Technology|Online Informational Content|Hosting and Cloud Provider|Retail Stores, Wholesale, and E-commerce Sites"
211879,ISP,Computer and Information Technology|Internet Service Provider (ISP)|Computer and Network Security|IPv6 only
31659,Content/CDN,Computer and Information Technology|Hosting and Cloud Provider
203691,Eyeball,Other|Eyeball
31665,Other,"Investment, Portfolio Management, Pensions and Funds|Finance and Insurance"
64435,ISP,"Online Informational Content|Internet Service Provider (ISP)|Media, Publishing, and Broadcasting|Computer and Information Technology"
211893,Other,"Trucking|Freight, Shipment, and Postal Services|Retail Stores, Wholesale, and E-commerce Sites|Agriculture, Mining, and Refineries (Farming, Greenhouses, Mining, Forestry, and Animal Farming)"
216336,Unknown,
211900,Other,"Civil Engineering Construction (Utility Lines, Roads and Bridges)|Construction and Real Estate"
203710,Other,"Computer and Information Technology|Software Development|Retail Stores, Wholesale, and E-commerce Sites"
64448,ISP,Internet Service Provider (ISP)|Computer and Information Technology|Hosting and Cloud Provider|Service
138177,ISP,Computer and Information Technology|Hosting and Cloud Provider|Internet Service Provider (ISP)
39875,ISP,Validating RPKI ROV|Computer and Information Technology|Internet Service Provider (ISP)
48070,ISP,Carrier|Computer and Information Technology|Internet Service Provider (ISP)|Hosting and Cloud Provider
48071,Other,Computer and Information Technology
211912,Other,Real Estate (Residential and/or Commercial)|Construction and Real Estate
39884,ISP,Internet Service Provider (ISP)|Computer and Information Technology
203728,Unknown,
48090,Content/CDN,Content|Tor services|Server Hosting|Service
64474,ISP,"Computer and Information Technology|Retail Stores, Wholesale, and E-commerce Sites|Internet Service Provider (ISP)"
31708,ISP,VPN Host|Hosting and Cloud Provider|Computer and Information Technology|Software Development
31712,ISP,Validating RPKI ROV|Internet Service Provider (ISP)|Computer and Information Technology
31716,Eyeball,"Colleges, Universities, and Professional Schools|Education and Research|Eyeball"
48101,ISP,Validating RPKI ROV|Computer and Information Technology|Internet Service Provider (ISP)|Home ISP
64485,ISP,"Service|Internet Service Provider (ISP)|Computer and Information Technology|Media, Publishing, and Broadcasting"
203758,Content/CDN,Content|Construction and Real Estate|Buildings (Residential or Commercial)|Server Hosting
31727,ISP,Content|Computer and Information Technology|Internet Service Provider (ISP)|Not Validating RPKI ROV
39921,ISP,Content|Internet Service Provider (ISP)|Computer and Information Technology|Hosting and Cloud Provider
211955,Other,"Retail Stores, Wholesale, and E-commerce Sites"
211956,Eyeball,"Computer and Information Technology|Software Development|Online Informational Content|Media, Publishing, and Broadcasting"
203766,Content/CDN,"Software Development|Banks, Credit Card Companies, Mortgage Providers|Finance and Insurance|Computer and Information Technology"
203767,ISP,Internet Service Provider (ISP)|Computer and Information Technology
31742,ISP,Not Validating RPKI ROV|Internet Service Provider (ISP)|Computer and Information Technology
31743,Enterprise,"Law, Business, and Consulting Services|Service|VPN Host"
211966,ISP,"Media, Publishing, and Broadcasting|Internet Service Provider (ISP)|Computer and Information Technology|Service"
56328,Other,Construction and Real Estate|Buildings (Residential or Commercial)
56329,ISP,Eyeball|Internet Service Provider (ISP)|Computer and Information Technology|Validating RPKI ROV
56335,ISP,Internet Service Provider (ISP)|Computer and Information Technology
203795,ISP,Insurance Carriers and Agencies|Finance and Insurance
211987,ISP,Computer and Information Technology|Software Development|Internet Service Provider (ISP)
211998,Government,"Government and Regulatory Agencies, Administrations, Departments, and Services|Government and Public Administration"
15395,ISP,Content|Internet Service Provider (ISP)|Hosting and Cloud Provider|Computer and Information Technology
203812,Other,Computer and Information Technology|Software Development
48165,Other,"Print Media (Newspapers, Magazines, Books)|Media, Publishing, and Broadcasting"
203818,Other,Service
212010,ISP,"Service|Internet Service Provider (ISP)|Computer and Information Technology|Law, Business, and Consulting Services"
15404,ISP,Validating RPKI ROV|Hosting and Cloud Provider|Internet Service Provider (ISP)|Computer and Information Technology
56365,Other,Finance and Insurance|Computer and Information Technology|Software Development
48177,Other,"Computer and Information Technology|Manufacturing|Casinos and Gambling|Museums, Libraries, and Entertainment"
203826,Other,Service
212018,Enterprise,"Service|Law, Business, and Consulting Services"
15412,ISP,Carrier|Internet Service Provider (ISP)|Computer and Information Technology|Not Validating RPKI ROV
212019,Other,Construction and Real Estate|Real Estate (Residential and/or Commercial)
48182,ISP,"Media, Publishing, and Broadcasting|Internet Service Provider (ISP)|Computer and Information Technology|Online Music and Video Streaming Services"
15418,ISP,Internet Service Provider (ISP)|Hosting and Cloud Provider|Computer and Information Technology|Anycast
212027,ISP,Content|Hosting and Cloud Provider|Internet Service Provider (ISP)|Computer and Information Technology
15421,Content/CDN,Hosting and Cloud Provider|Computer and Information Technology|Service
56382,ISP,Server Hosting|Computer and Information Technology|Internet Service Provider (ISP)|Not Validating RPKI ROV
212029,Other,Other
212031,Enterprise,"Service|Law, Business, and Consulting Services"
212032,ISP,Insurance Carriers and Agencies|Finance and Insurance
203842,ISP,Internet Service Provider (ISP)|Computer and Information Technology|Hosting and Cloud Provider|Software Development
212035,Other,Construction and Real Estate|Buildings (Residential or Commercial)|Validating RPKI ROV
203850,ISP,"Retail Stores, Wholesale, and E-commerce Sites|Internet Service Provider (ISP)|Computer and Information Technology"
203851,ISP,"Not Validating RPKI ROV|Law, Business, and Consulting Services|Service|Internet Service Provider (ISP)"
56396,ISP,"Service|Media, Publishing, and Broadcasting|Phone Provider|Internet Service Provider (ISP)"
212047,Content/CDN,"Server Hosting|Service|Law, Business, and Consulting Services"
203861,Other,IPv6 only
203867,Other,Chemical and Pharmaceutical Manufacturing|Manufacturing|Content
203873,Other,Personal ASN|IPv6 only
212068,ISP,Eyeball|Computer and Information Technology|Construction and Real Estate|Internet Service Provider (ISP)
15463,ISP,Internet Service Provider (ISP)|Computer and Information Technology
203880,Other,"Human Rights and Social Advocacy (Human Rights, Environment and Wildlife Conservation, Other)|Community Groups and Nonprofits"
56438,ISP,Internet Service Provider (ISP)|Computer and Information Technology
203897,Other,Computer and Information Technology
15482,ISP,Internet Service Provider (ISP)|Hosting and Cloud Provider|Computer and Information Technology|Software Development
56444,ISP,Not Validating RPKI ROV|Computer and Information Technology|Internet Service Provider (ISP)
48254,ISP,Content|Hosting and Cloud Provider|Computer and Information Technology|Internet Service Provider (ISP)
203902,Academic/Edu,"Colleges, Universities, and Professional Schools|Education and Research"
15490,Other,Community Groups and Nonprofits|Personal ASN
203910,ISP,Computer and Information Technology|Internet Service Provider (ISP)|Software Development|Personal ASN
48266,Eyeball,"Business Broadband|Service|Research and Development Organizations|Law, Business, and Consulting Services"
56460,ISP,Internet Service Provider (ISP)|Computer and Information Technology
212109,ISP,Business Broadband|Internet Service Provider (ISP)|Computer and Information Technology|Validating RPKI ROV
203919,Academic/Edu,"Manufacturing|Colleges, Universities, and Professional Schools|Construction and Real Estate|Chemical and Pharmaceutical Manufacturing"
48273,ISP,Validating RPKI ROV|Internet Service Provider (ISP)|Computer and Information Technology
203923,Other,Other
15510,ISP,Content|Computer and Information Technology|Hosting and Cloud Provider|Internet Service Provider (ISP)
212121,Other,"Personal ASN|IPv6 only|Retail Stores, Wholesale, and E-commerce Sites"
56474,ISP,"Software Development|Media, Publishing, and Broadcasting|Internet Service Provider (ISP)|Service"
212124,Other,Construction and Real Estate
56478,ISP,Eyeball|Internet Service Provider (ISP)|Computer and Information Technology|Not Validating RPKI ROV
203938,ISP,Computer and Information Technology|Software Development|Technology Consulting Services|Internet Service Provider (ISP)
48294,ISP,Eyeball|Computer and Information Technology|Internet Service Provider (ISP)|Not Validating RPKI ROV
48297,Eyeball,"Motor Vehicles and Parts|Retail Stores, Wholesale, and E-commerce Sites|Metal, Glass, Wood, and Paper Manufacturing|Manufacturing"
203945,ISP,Computer and Information Technology|Internet Service Provider (ISP)|Personal ASN
15533,ISP,Not Validating RPKI ROV|Computer and Information Technology|Service|Internet Service Provider (ISP)
212152,ISP,Insurance Carriers and Agencies|Finance and Insurance
203961,ISP,Internet Service Provider (ISP)|Computer and Information Technology|Anycast
212158,ISP,Finance and Insurance|Computer and Information Technology|Internet Service Provider (ISP)|Software Development
48325,ISP,Internet Service Provider (ISP)|Computer and Information Technology
212169,Other,Computer and Information Technology
212171,Content/CDN,Hosting and Cloud Provider|Computer and Information Technology
15565,ISP,Internet Service Provider (ISP)|Computer and Information Technology|Software Development|Hosting and Cloud Provider
203981,Other,"Finance and Insurance|Software Development|Service|Banks, Credit Card Companies, Mortgage Providers"
212174,ISP,Computer and Information Technology|Internet Service Provider (ISP)
15568,Other,"Utilities (Excluding Internet Service)|Agriculture, Mining, and Refineries (Farming, Greenhouses, Mining, Forestry, and Animal Farming)|Finance and Insurance"
212175,ISP,Carrier|Hosting and Cloud Provider|Computer and Information Technology
15570,Content/CDN,Computer and Information Technology|Hosting and Cloud Provider|Service
203987,ISP,Computer and Information Technology|Internet Service Provider (ISP)
15572,ISP,Phone Provider|Internet Service Provider (ISP)|Computer and Information Technology
56533,ISP,Software Development|Service|Phone Provider|Internet Service Provider (ISP)
212177,ISP,Content|Internet Service Provider (ISP)|Computer and Information Technology|Business Broadband
212180,ISP,Other|Internet Service Provider (ISP)|Computer and Information Technology|Health Care Services
212182,ISP,Internet Service Provider (ISP)|Computer and Information Technology
56540,Other,"Clothing, Fashion, Luggage|Retail Stores, Wholesale, and E-commerce Sites"
204000,Other,"Service|Media, Publishing, and Broadcasting"
212194,Unknown,
212195,ISP,"Online Informational Content|Media, Publishing, and Broadcasting|Internet Service Provider (ISP)|Computer and Information Technology"
15601,Other,Real Estate (Residential and/or Commercial)|Construction and Real Estate
204018,ISP,"Finance and Insurance|Education and Research|Human Rights and Social Advocacy (Human Rights, Environment and Wildlife Conservation, Other)|Insurance Carriers and Agencies"
48375,Unknown,
204024,ISP,Internet Service Provider (ISP)|Computer and Information Technology
212217,ISP,Anycast|Internet Service Provider (ISP)|Computer and Information Technology|Hosting and Cloud Provider
212222,ISP,Computer and Information Technology|Internet Service Provider (ISP)
204037,ISP,Internet Service Provider (ISP)|Computer and Information Technology
15622,Other,Service
212232,ISP,"Computer and Information Technology|Online Informational Content|Media, Publishing, and Broadcasting|Internet Service Provider (ISP)"
204044,Other,Not Validating RPKI ROV
48397,Enterprise,"Freight, Shipment, and Postal Services|Service|Manufacturing|Law, Business, and Consulting Services"
212238,ISP,Content|Internet Service Provider (ISP)|Computer and Information Technology|Validating RPKI ROV
204045,Other,Finance and Insurance
204047,Other,Service
212240,Content/CDN,Computer and Information Technology|Hosting and Cloud Provider
204050,Other,Software Development|Computer and Information Technology|Computer and Network Security
15635,Enterprise,"Media, Publishing, and Broadcasting|Service|Law, Business, and Consulting Services"
15636,ISP,Insurance Carriers and Agencies|Finance and Insurance
56595,ISP,Carrier|Internet Service Provider (ISP)|Computer and Information Technology|Not Validating RPKI ROV
212244,ISP,Internet Service Provider (ISP)|Computer and Information Technology
204055,ISP,Internet Service Provider (ISP)|Computer and Information Technology|Anycast
15641,ISP,"Not Validating RPKI ROV|Computer and Information Technology|Media, Publishing, and Broadcasting|Satellite Communication"
48412,ISP,Computer and Information Technology|Internet Service Provider (ISP)|Software Development
204069,Academic/Edu,Elementary and Secondary Schools|Education and Research
15654,Enterprise,"Computer and Information Technology|Software Development|Law, Business, and Consulting Services|Service"
56614,Enterprise,"Service|Law, Business, and Consulting Services"
212263,ISP,"Online Informational Content|Media, Publishing, and Broadcasting|Not Validating RPKI ROV|Business Broadband"
212265,ISP,Internet Service Provider (ISP)|Computer and Information Technology
204078,ISP,Computer and Information Technology|Internet Service Provider (ISP)|Hosting and Cloud Provider
204089,Other,"Retail Stores, Wholesale, and E-commerce Sites|IPv6 only"
48444,ISP,Eyeball|Computer and Information Technology|Internet Service Provider (ISP)
56637,Content/CDN,Computer and Information Technology|Hosting and Cloud Provider
212286,Other,"Civil Engineering Construction (Utility Lines, Roads and Bridges)|Construction and Real Estate"
48447,Other,Anycast|Tranco 10k Host|Computer and Information Technology|Computer and Network Security
204097,ISP,Computer and Information Technology|Internet Service Provider (ISP)|Hosting and Cloud Provider
56644,Other,Software Development|Computer and Information Technology|Finance and Insurance
48455,ISP,Internet Service Provider (ISP)|Computer and Information Technology|Health Care Services
204103,ISP,Internet Service Provider (ISP)|Computer and Information Technology|Not Validating RPKI ROV
15689,ISP,Internet Service Provider (ISP)|Computer and Information Technology
212295,Unknown,
15692,ISP,Not Validating RPKI ROV|Computer and Information Technology|Internet Service Provider (ISP)
48460,ISP,"Media, Publishing, and Broadcasting|Hosting and Cloud Provider|Service|Internet Service Provider (ISP)"
48463,Other,Finance and Insurance
56670,Government,"Government and Regulatory Agencies, Administrations, Departments, and Services|Government and Public Administration|Not Validating RPKI ROV|Government"
212329,ISP,Government and Public Administration|Computer and Network Security|Computer and Information Technology|Internet Service Provider (ISP)
204139,ISP,Computer and Information Technology|Internet Service Provider (ISP)
48493,ISP,"Media, Publishing, and Broadcasting|Online Informational Content|Computer and Information Technology|Internet Service Provider (ISP)"
15727,Other,"Travel and Accommodation|Retail Stores, Wholesale, and E-commerce Sites|Service|Computer and Information Technology"
212342,ISP,"Internet Service Provider (ISP)|Service|Computer and Information Technology|Media, Publishing, and Broadcasting"
56696,ISP,Eyeball|Internet Service Provider (ISP)|Hosting and Cloud Provider|Computer and Information Technology
204154,Content/CDN,Server Hosting|Not Validating RPKI ROV|Computer and Information Technology|Hosting and Cloud Provider
204167,ISP,Computer and Information Technology|Hosting and Cloud Provider|Internet Service Provider (ISP)
15752,Other,"Utilities (Excluding Internet Service)|Agriculture, Mining, and Refineries (Farming, Greenhouses, Mining, Forestry, and Animal Farming)"
15753,Other,"Not Validating RPKI ROV|Agriculture, Mining, and Refineries (Farming, Greenhouses, Mining, Forestry, and Animal Farming)|Utilities (Excluding Internet Service)"
212365,Other,"Retail Stores, Wholesale, and E-commerce Sites"
56718,Other,"Human Rights and Social Advocacy (Human Rights, Environment and Wildlife Conservation, Other)|Community Groups and Nonprofits"
48529,Enterprise,"Service|Law, Business, and Consulting Services"
56723,ISP,Internet Service Provider (ISP)|Computer and Information Technology
56726,ISP,Internet Service Provider (ISP)|Computer and Information Technology
15768,Other,"Media, Publishing, and Broadcasting|Service"
15770,ISP,Computer and Information Technology|Internet Service Provider (ISP)|Not Validating RPKI ROV|Government
56730,ISP,"Law, Business, and Consulting Services|Media, Publishing, and Broadcasting|Internet Service Provider (ISP)|Computer and Information Technology"
7583,ISP,Computer and Information Technology|Internet Service Provider (ISP)
204193,ISP,Internet Service Provider (ISP)|Computer and Information Technology
212385,Other,Software Development|Computer and Information Technology
56739,Other,"Media, Publishing, and Broadcasting"
48549,ISP,Internet Service Provider (ISP)|Computer and Information Technology
48550,Academic/Edu,Education and Research
212390,ISP,Computer and Information Technology|Internet Service Provider (ISP)
212391,ISP,Internet Service Provider (ISP)|Computer and Information Technology
48553,Other,"Finance and Insurance|Investment, Portfolio Management, Pensions and Funds"
56745,ISP,Computer and Information Technology|Internet Service Provider (ISP)
204204,Other,"Finance and Insurance|Investment, Portfolio Management, Pensions and Funds"
212396,Content/CDN,Content|Hosting and Cloud Provider|Computer and Information Technology|Not Validating RPKI ROV
7598,Content/CDN,Computer and Information Technology|Government and Public Administration|Hosting and Cloud Provider|Software Development
212399,ISP,Computer and Information Technology|Internet Service Provider (ISP)
48562,ISP,Hosting and Cloud Provider|Internet Service Provider (ISP)|Computer and Information Technology
7603,ISP,Internet Service Provider (ISP)|Computer and Information Technology
212404,Other,Construction and Real Estate
56758,ISP,IPv6 only|Computer and Information Technology|Internet Service Provider (ISP)
212406,ISP,Finance and Insurance|Software Development|Computer and Information Technology|Internet Service Provider (ISP)
48570,ISP,Computer and Information Technology|Internet Service Provider (ISP)
204220,ISP,"Internet Service Provider (ISP)|Buildings (Residential or Commercial)|Computer and Information Technology|Civil Engineering Construction (Utility Lines, Roads and Bridges)"
212413,Government,"Government and Regulatory Agencies, Administrations, Departments, and Services|Government and Public Administration"
204222,Government,Government|Community Groups and Nonprofits
212419,ISP,"Computer and Information Technology|Insurance Carriers and Agencies|Retail Stores, Wholesale, and E-commerce Sites|Finance and Insurance"
212426,Other,Not Validating RPKI ROV
212427,Other,"Clothing, Fashion, Luggage|Retail Stores, Wholesale, and E-commerce Sites|Travel and Accommodation|Manufacturing"
204236,ISP,"Service|Internet Service Provider (ISP)|Media, Publishing, and Broadcasting|Computer and Information Technology"
48589,Other,"Metal, Glass, Wood, and Paper Manufacturing|Real Estate (Residential and/or Commercial)|Service|Construction and Real Estate"
212429,ISP,Internet Service Provider (ISP)|Computer and Information Technology|Not Validating RPKI ROV
204239,ISP,Internet Service Provider (ISP)|Computer and Information Technology|Not Validating RPKI ROV
204242,ISP,Internet Service Provider (ISP)|Computer and Information Technology
212434,ISP,"Government and Public Administration|Internet Service Provider (ISP)|Computer and Information Technology|Military, Defense, National Security, and International Affairs"
204247,Other,"Retail Stores, Wholesale, and E-commerce Sites"
212446,ISP,Service|Internet Service Provider (ISP)|Computer and Information Technology|Software Development
56802,ISP,Internet Service Provider (ISP)|Computer and Information Technology|Not Validating RPKI ROV
48611,ISP,Computer and Information Technology|Internet Service Provider (ISP)
204258,ISP,Computer and Information Technology|Internet Service Provider (ISP)
15845,ISP,"Internet Service Provider (ISP)|Computer and Information Technology|Law, Business, and Consulting Services|Service"
204260,Government,"Government|Government and Public Administration|Government and Regulatory Agencies, Administrations, Departments, and Services|Law, Business, and Consulting Services"
204264,ISP,Computer and Information Technology|Internet Service Provider (ISP)
212459,Enterprise,"Computer and Information Technology|Finance and Insurance|Law, Business, and Consulting Services|Software Development"
48620,ISP,Validating RPKI ROV|Computer and Information Technology|Internet Service Provider (ISP)
212465,ISP,Internet Service Provider (ISP)|Computer and Information Technology|Radio and Television Providers|Computer and Network Security
48628,ISP,"Internet Service Provider (ISP)|Computer and Information Technology|Media, Publishing, and Broadcasting|Online Informational Content"
212469,Eyeball,"Agriculture, Mining, and Refineries (Farming, Greenhouses, Mining, Forestry, and Animal Farming)|Eyeball"
48632,ISP,Computer and Information Technology|Internet Service Provider (ISP)|Software Development
15865,Other,Finance and Insurance
212474,ISP,Internet Service Provider (ISP)|Computer and Information Technology
212475,ISP,"Media, Publishing, and Broadcasting|Computer and Network Security|Phone Provider|Radio and Television Providers"
212479,ISP,Computer and Information Technology|Internet Service Provider (ISP)|Not Validating RPKI ROV
204291,Other,"Retail Stores, Wholesale, and E-commerce Sites|Casinos and Gambling|Personal ASN|IPv6 only"
212483,ISP,Eyeball|Internet Service Provider (ISP)|Computer and Information Technology|IPv6 only
204293,Other,"Media, Publishing, and Broadcasting|IPv6 only"
212486,ISP,Computer and Information Technology|Internet Service Provider (ISP)
48655,Other,"Service|Personal Care and Lifestyle (Barber Shops, Nail Salons, Diet Centers, Laundry, etc)"
56850,Enterprise,"Law, Business, and Consulting Services|Service"
48663,ISP,Computer and Information Technology|Internet Service Provider (ISP)
15896,Other,"Media, Publishing, and Broadcasting|Service"
204316,ISP,Internet Service Provider (ISP)|Computer and Information Technology
204318,ISP,"Computer and Information Technology|Media, Publishing, and Broadcasting|Online Informational Content|Internet Service Provider (ISP)"
212511,Other,"Personal Care and Lifestyle (Barber Shops, Nail Salons, Diet Centers, Laundry, etc)|Service"
212512,Other,"Media, Publishing, and Broadcasting|Service"
204321,Enterprise,"Online Informational Content|Media, Publishing, and Broadcasting|Service|Computer and Information Technology"
204322,Enterprise,"Media, Publishing, and Broadcasting|Computer and Information Technology|Online Informational Content|Service"
15914,Other,Content|Air Travel|Travel and Accommodation
48682,Other,Computer and Information Technology
204330,Enterprise,"Law, Business, and Consulting Services|Service"
15917,Other,Software Development|Computer and Information Technology
48686,ISP,"Software Development|Law, Business, and Consulting Services|Internet Service Provider (ISP)|Service"
48688,Other,Service
204339,Content/CDN,Computer and Information Technology|Hosting and Cloud Provider
204340,Unknown,
212534,Other,Other
204345,Eyeball,Eyeball|Personal ASN|IPv6 only|Education and Research
48700,Content/CDN,Software Development|Computer and Information Technology|Technology Consulting Services|Service
48704,ISP,"Media, Publishing, and Broadcasting|Online Informational Content|Internet Service Provider (ISP)|Computer and Information Technology"
48706,ISP,Internet Service Provider (ISP)|Computer and Information Technology|Software Development
212551,ISP,"Internet Service Provider (ISP)|Media, Publishing, and Broadcasting|Computer and Network Security|Online Informational Content"
212556,Other,Service
204375,ISP,Software Development|Computer and Information Technology|Internet Service Provider (ISP)|IPv6 only
147036,Enterprise,"Service|Law, Business, and Consulting Services"
56929,Government,"Government and Public Administration|Government and Regulatory Agencies, Administrations, Departments, and Services|Government"
204387,Other,"Casinos and Gambling|Museums, Libraries, and Entertainment"
212581,Other,Software Development|Computer and Information Technology|Finance and Insurance
40550,ISP,Internet Service Provider (ISP)|Computer and Information Technology|Hosting and Cloud Provider
204407,Other,Service
15992,Other,"Banks, Credit Card Companies, Mortgage Providers|Finance and Insurance|Computer and Information Technology|Retail Stores, Wholesale, and E-commerce Sites"
48761,Content/CDN,Hosting and Cloud Provider|Computer and Information Technology
212601,Other,Finance and Insurance|Computer and Information Technology
204413,ISP,Computer and Information Technology|Hosting and Cloud Provider|Internet Service Provider (ISP)
204414,Other,"Finance and Insurance|Software Development|Computer and Information Technology|Investment, Portfolio Management, Pensions and Funds"
204415,ISP,Internet Service Provider (ISP)|Computer and Information Technology
212606,Other,"Software Development|Finance and Insurance|Banks, Credit Card Companies, Mortgage Providers|Computer and Information Technology"
48771,Other,"Computer and Information Technology|Software Development|Media, Publishing, and Broadcasting|IPv6 only"
56979,ISP,"Media, Publishing, and Broadcasting|Internet Service Provider (ISP)|Computer and Information Technology"
204436,Other,Computer and Information Technology
48791,ISP,Internet Service Provider (ISP)|Hosting and Cloud Provider|Computer and Information Technology
204440,Other,"Museums, Libraries, and Entertainment"
212633,Unknown,
56990,ISP,Server Hosting|Internet Service Provider (ISP)|Computer and Information Technology|Validating RPKI ROV
204446,Academic/Edu,Personal ASN|IPv6 only|Education and Research
16032,Other,"Media, Publishing, and Broadcasting|Computer and Information Technology|Not Validating RPKI ROV"
16034,Other,"Computer and Information Technology|Service|Retail Stores, Wholesale, and E-commerce Sites|Travel and Accommodation"
16036,ISP,"Investment, Portfolio Management, Pensions and Funds|Internet Service Provider (ISP)|Computer and Information Technology|Finance and Insurance"
48804,Government,"Government and Public Administration|Computer and Information Technology|Military, Defense, National Security, and International Affairs|Computer and Network Security"
212646,Other,"Museums, Libraries, and Entertainment|Casinos and Gambling"
57002,Other,"Casinos and Gambling|Recreation, Sports, and Performing Arts|Museums, Libraries, and Entertainment"
212655,ISP,Home ISP|Computer and Information Technology|Internet Service Provider (ISP)|Tor services
212656,ISP,Computer and Information Technology|Internet Service Provider (ISP)
16050,Other,"Anycast|Finance and Insurance|Investment, Portfolio Management, Pensions and Funds"
212660,Other,Real Estate (Residential and/or Commercial)|Construction and Real Estate
57014,ISP,Internet Service Provider (ISP)|Computer and Information Technology
48825,ISP,Content|Computer and Information Technology|Internet Service Provider (ISP)|Server Hosting
204476,ISP,Internet Service Provider (ISP)|Service|Online Informational Content|Computer and Network Security
57022,Other,Not Validating RPKI ROV|Computer and Information Technology
204486,Government,Construction and Real Estate|Real Estate (Residential and/or Commercial)|Not Validating RPKI ROV|Government
212683,ISP,"Eyeball|Law, Business, and Consulting Services|Service|Business Broadband"
16082,ISP,Server Hosting|Internet Service Provider (ISP)|Computer and Information Technology|Not Validating RPKI ROV
212694,Other,Service
212701,Enterprise,"Service|Law, Business, and Consulting Services|Computer and Information Technology"
16096,Other,"Not Validating RPKI ROV|Finance and Insurance|Museums, Libraries, and Entertainment|Casinos and Gambling"
212705,Academic/Edu,Education and Research
48866,ISP,Phone Provider|Software Development|Service|Computer and Information Technology
204519,Other,"Retail Stores, Wholesale, and E-commerce Sites|Not Validating RPKI ROV"
212711,Content/CDN,"Media, Publishing, and Broadcasting|Online Informational Content|Server Hosting|Content"
48875,Other,"Finance and Insurance|Banks, Credit Card Companies, Mortgage Providers"
48883,ISP,"Computer and Information Technology|Internet Service Provider (ISP)|Buildings, Repair, Maintenance (Pest Control, Landscaping, Cleaning, Locksmiths, Car Washes, etc)|Service"
212729,ISP,Other|Internet Service Provider (ISP)|Computer and Information Technology|Health Care Services
204539,ISP,"IPv6 only|Software Development|Retail Stores, Wholesale, and E-commerce Sites|Internet Service Provider (ISP)"
212733,ISP,Internet Service Provider (ISP)|Computer and Information Technology
204545,ISP,Internet Service Provider (ISP)|Hosting and Cloud Provider|Computer and Information Technology
48901,Content/CDN,Hosting and Cloud Provider|Computer and Information Technology
204550,ISP,Insurance Carriers and Agencies|Finance and Insurance
212743,Other,"Retail Stores, Wholesale, and E-commerce Sites|Buildings (Residential or Commercial)|Manufacturing|Construction and Real Estate"
57099,ISP,Business Broadband|Internet Service Provider (ISP)|Computer and Information Technology|Not Validating RPKI ROV
48910,Content/CDN,Computer and Information Technology|Service|Hosting and Cloud Provider
204558,ISP,Internet Service Provider (ISP)|Computer and Information Technology
204562,ISP,Internet Service Provider (ISP)|Computer and Information Technology|Validating RPKI ROV
57110,Other,"Media, Publishing, and Broadcasting|Online Informational Content|Personal ASN"
212759,ISP,Computer and Information Technology|Internet Service Provider (ISP)
57114,Other,Computer and Information Technology
16162,ISP,Computer and Information Technology|Internet Service Provider (ISP)
16164,ISP,Not Validating RPKI ROV|Internet Service Provider (ISP)|Computer and Information Technology
16166,Other,"Service|Media, Publishing, and Broadcasting"
204585,Unknown,
212781,ISP,Not Validating RPKI ROV|Internet Service Provider (ISP)|Computer and Information Technology
16174,Other,Software Development|Computer and Information Technology
204592,ISP,Validating RPKI ROV|Internet Service Provider (ISP)|Computer and Information Technology
48945,ISP,Eyeball|Internet Service Provider (ISP)|Computer and Information Technology|Validating RPKI ROV
57138,ISP,Internet Service Provider (ISP)|Computer and Information Technology|Anycast
212784,ISP,Internet Service Provider (ISP)|Computer and Information Technology|Not Validating RPKI ROV
212788,Other,Computer and Information Technology|Anycast
48950,Enterprise,"Service|Law, Business, and Consulting Services"
204598,ISP,Computer and Information Technology|Internet Service Provider (ISP)
212791,Content/CDN,Computer and Information Technology|Hosting and Cloud Provider|Finance and Insurance|Software Development
48954,Other,Food Services and Drinking Places|Travel and Accommodation
57148,ISP,Hosting and Cloud Provider|Computer and Information Technology|Internet Service Provider (ISP)
212797,ISP,"Computer and Information Technology|Museums, Libraries, and Entertainment|Internet Service Provider (ISP)|Recreation, Sports, and Performing Arts"
48961,ISP,Internet Service Provider (ISP)|Computer and Information Technology|Eyeball
57155,Eyeball,"Law, Business, and Consulting Services|Service|Eyeball"
16197,ISP,Computer and Information Technology|Internet Service Provider (ISP)|Hosting and Cloud Provider
212806,ISP,Internet Service Provider (ISP)|Hosting and Cloud Provider|Computer and Information Technology|Validating RPKI ROV
48967,Other,"Investment, Portfolio Management, Pensions and Funds|Finance and Insurance"
212807,ISP,Computer and Information Technology|Internet Service Provider (ISP)
57161,ISP,Computer and Information Technology|Internet Service Provider (ISP)|Hosting and Cloud Provider
16204,Other,Computer and Information Technology
48973,Content/CDN,Computer and Information Technology|Hosting and Cloud Provider
57168,ISP,"Computer and Information Technology|Retail Stores, Wholesale, and E-commerce Sites|Hosting and Cloud Provider|Internet Service Provider (ISP)"
204624,Other,"Food, Beverage, and Tobacco|Manufacturing"
16212,Other,"Community Groups and Nonprofits|Human Rights and Social Advocacy (Human Rights, Environment and Wildlife Conservation, Other)"
204630,ISP,Computer and Information Technology|Internet Service Provider (ISP)|Hosting and Cloud Provider
212826,ISP,Internet Service Provider (ISP)|Computer and Information Technology
48987,Eyeball,"Postal Services and Couriers|Buildings (Residential or Commercial)|Construction and Real Estate|Freight, Shipment, and Postal Services"
16224,ISP,Phone Provider|Internet Service Provider (ISP)|Computer and Information Technology
48993,Other,"Media, Publishing, and Broadcasting|Computer and Network Security|Service|Computer and Information Technology"
204640,ISP,Software Development|Internet Service Provider (ISP)|Education and Research|Computer and Information Technology
16238,ISP,"Internet Service Provider (ISP)|Computer and Information Technology|Radio and Television Providers|Media, Publishing, and Broadcasting"
204660,Other,IPv6 only
212852,Other,"Clothing, Fashion, Luggage|Retail Stores, Wholesale, and E-commerce Sites"
16247,ISP,Content|Computer and Information Technology|Service|Internet Service Provider (ISP)
212857,ISP,Internet Service Provider (ISP)|Computer and Information Technology|Health Care Services
204670,Unknown,
49026,ISP,"Media, Publishing, and Broadcasting|Internet Service Provider (ISP)|Service|Computer and Information Technology"
204675,Other,"Real Estate (Residential and/or Commercial)|Construction and Real Estate|Retail Stores, Wholesale, and E-commerce Sites|Buildings (Residential or Commercial)"
16260,ISP,Carrier|Internet Service Provider (ISP)|Computer and Information Technology|Hosting and Cloud Provider
212867,ISP,Internet Service Provider (ISP)|Computer and Information Technology
212868,Other,Service|Personal ASN
57228,Other,Computer and Information Technology
204688,Other,Computer and Information Technology|Software Development
212880,ISP,Internet Service Provider (ISP)|Computer and Information Technology
212885,ISP,Computer and Information Technology|Internet Service Provider (ISP)
49049,Government,"Government and Public Administration|Government and Regulatory Agencies, Administrations, Departments, and Services|Not Validating RPKI ROV|Government"
212890,Other,Service
212902,Other,Computer and Information Technology
212903,Other,Service
16303,Other,Computer and Information Technology
204725,Content/CDN,Computer and Information Technology|Hosting and Cloud Provider
204731,ISP,Eyeball|Computer and Information Technology|Internet Service Provider (ISP)|Validating RPKI ROV
57276,ISP,Computer and Information Technology|Internet Service Provider (ISP)|Validating RPKI ROV
40897,ISP,Internet Service Provider (ISP)|Hosting and Cloud Provider|Computer and Information Technology
212931,Unknown,
32708,ISP,Anycast|Hosting and Cloud Provider|Computer and Information Technology|Internet Service Provider (ISP)
16334,ISP,Software Development|Computer and Information Technology|Internet Service Provider (ISP)|Validating RPKI ROV
49105,Other,"Media, Publishing, and Broadcasting|Online Informational Content"
16339,ISP,Computer and Information Technology|Internet Service Provider (ISP)|Hosting and Cloud Provider
204755,Other,"Software Development|Media, Publishing, and Broadcasting|Computer and Information Technology|Online Informational Content"
57307,ISP,Computer and Information Technology|Software Development|Internet Service Provider (ISP)|Validating RPKI ROV
16349,ISP,Phone Provider|Internet Service Provider (ISP)|Computer and Information Technology
16351,Other,"Online Music and Video Streaming Services|Music and Video Industry|Media, Publishing, and Broadcasting|Computer and Information Technology"
204767,ISP,Internet Service Provider (ISP)|Computer and Information Technology
16353,ISP,Eyeball|Computer and Information Technology|Internet Service Provider (ISP)|Not Validating RPKI ROV
204776,Eyeball,Personal ASN|Eyeball
204777,ISP,Computer and Information Technology|Internet Service Provider (ISP)
16362,Other,Computer and Information Technology
204778,Academic/Edu,Education and Research|Validating RPKI ROV|Personal ASN
49134,Academic/Edu,IPv6 only|Education and Research
8180,ISP,"Retail Stores, Wholesale, and E-commerce Sites|Internet Service Provider (ISP)|Computer and Information Technology|Validating RPKI ROV"
204789,Other,Anycast|Finance and Insurance|Construction and Real Estate|IPv6 only
16376,ISP,Computer and Information Technology|Internet Service Provider (ISP)
