asn,category,tags
196608,ISP,Internet Service Provider (ISP)|Hosting and Cloud Provider|Computer and Information Technology
57345,Enterprise,"Freight, Shipment, and Postal Services|Natural Gas Distribution|Law, Business, and Consulting Services|Service"
196609,Academic/Edu,"Computer and Information Technology|Retail Stores, Wholesale, and E-commerce Sites|Education and Research"
196610,ISP,Validating RPKI ROV|Internet Service Provider (ISP)|Utilities (Excluding Internet Service)|Computer and Information Technology
8196,ISP,Computer and Information Technology|Internet Service Provider (ISP)|Hosting and Cloud Provider
24581,Content/CDN,Computer and Information Technology|Hosting and Cloud Provider
24582,ISP,Internet Service Provider (ISP)|Computer and Information Technology|Software Development
40967,Other,"Software Development|Computer and Information Technology|Freight, Shipment, and Postal Services"
196612,ISP,Internet Service Provider (ISP)|Computer and Information Technology
49161,ISP,Computer and Information Technology|Internet Service Provider (ISP)
57353,ISP,Eyeball|Not Validating RPKI ROV|Computer and Information Technology|Internet Service Provider (ISP)
40971,Other,"Computer and Information Technology|Software Development|Music and Video Industry|Media, Publishing, and Broadcasting"
8204,ISP,Computer and Information Technology|Internet Service Provider (ISP)
196616,ISP,Internet Service Provider (ISP)|Computer and Information Technology
24590,ISP,"Not Validating RPKI ROV|Internet Service Provider (ISP)|Service|Law, Business, and Consulting Services"
49166,Other,"Civil Engineering Construction (Utility Lines, Roads and Bridges)|Construction and Real Estate|Buildings (Residential or Commercial)|Buildings, Repair, Maintenance (Pest Control, Landscaping, Cleaning, Locksmiths, Car Washes, etc)"
8208,ISP,"Validating RPKI ROV|Retail Stores, Wholesale, and E-commerce Sites|Software Development|Civil Engineering Construction (Utility Lines, Roads and Bridges)"
40976,Other,Computer and Information Technology
57358,Content/CDN,"Server Hosting|Freight, Shipment, and Postal Services"
196624,Other,Service|Real Estate (Residential and/or Commercial)|Construction and Real Estate
213003,Other,Health Care Services|Personal ASN
24603,ISP,Internet Service Provider (ISP)|Computer and Information Technology
28,Eyeball,Education and Research|Research and Development Organizations|Community Groups and Nonprofits|Eyeball
40988,Content/CDN,Not Validating RPKI ROV|Software Development|Hosting and Cloud Provider|Computer and Information Technology
8222,ISP,Computer and Information Technology|Internet Service Provider (ISP)
24606,Government,"Service|Government and Public Administration|Computer and Information Technology|Military, Defense, National Security, and International Affairs"
57376,Other,"Retail Stores, Wholesale, and E-commerce Sites|Clothing, Fashion, Luggage"
196636,Other,"Finance and Insurance|Investment, Portfolio Management, Pensions and Funds|Service"
213027,Other,Community Groups and Nonprofits
40999,ISP,Internet Service Provider (ISP)|Computer and Information Technology
49192,ISP,Computer and Information Technology|Internet Service Provider (ISP)
213033,Other,"Civil Engineering Construction (Utility Lines, Roads and Bridges)|Construction and Real Estate|IPv6 only"
213036,Eyeball,Eyeball|IPv6 only|Computer and Information Technology
57395,Other,Computer and Information Technology|Not Validating RPKI ROV|Software Development
57399,ISP,"Technology Consulting Services|Civil Engineering Construction (Utility Lines, Roads and Bridges)|Construction and Real Estate|Computer and Information Technology"
24632,ISP,Computer and Information Technology|Internet Service Provider (ISP)
139321,ISP,Computer and Information Technology|Phone Provider|Internet Service Provider (ISP)|IPv6 only
213049,ISP,Computer and Information Technology|Internet Service Provider (ISP)
24635,ISP,Not Validating RPKI ROV|Hosting and Cloud Provider|Service|Software Development
24637,ISP,Carrier|Not Validating RPKI ROV|Service|Computer and Information Technology
24639,Academic/Edu,Validating RPKI ROV|Research and Development Organizations|Education and Research
24640,ISP,"Internet Service Provider (ISP)|Retail Stores, Wholesale, and E-commerce Sites|Computer and Information Technology"
57407,ISP,Validating RPKI ROV|Computer and Information Technology|Internet Service Provider (ISP)|Software Development
213056,ISP,Computer and Information Technology|Software Development|Internet Service Provider (ISP)
204867,Other,"Retail Stores, Wholesale, and E-commerce Sites|IPv6 only"
49220,Other,Computer and Information Technology|Validating RPKI ROV|Software Development
213062,Enterprise,"Health Care Services|Service|Hospitals and Medical Centers|Retail Stores, Wholesale, and E-commerce Sites"
213064,Enterprise,"Service|Law, Business, and Consulting Services|Computer and Information Technology|Retail Stores, Wholesale, and E-commerce Sites"
49225,Other,Community Groups and Nonprofits
8268,ISP,Internet Service Provider (ISP)|Computer and Information Technology
204877,ISP,Education and Research|Computer and Information Technology|Internet Service Provider (ISP)|Research and Development Organizations
213068,Academic/Edu,"Colleges, Universities, and Professional Schools|Education and Research"
41040,ISP,Internet Service Provider (ISP)|Computer and Information Technology|Hosting and Cloud Provider
24657,ISP,Server Hosting|Manufacturing|Internet Service Provider (ISP)|Service
49234,Content/CDN,Government|Service|Computer and Information Technology|Hosting and Cloud Provider
204881,Enterprise,"Service|Law, Business, and Consulting Services|Computer and Information Technology|Computer and Network Security"
204883,Other,Computer and Information Technology|Personal ASN
213314,ISP,Service|Internet Service Provider (ISP)|Computer and Information Technology
196694,Other,"Manufacturing|Food, Grocery, Beverages|Retail Stores, Wholesale, and E-commerce Sites|Freight, Shipment, and Postal Services"
57433,ISP,Internet Service Provider (ISP)|Validating RPKI ROV|Computer and Information Technology
57437,Content/CDN,"Finance and Insurance|Banks, Credit Card Companies, Mortgage Providers|Computer and Information Technology|Law, Business, and Consulting Services"
213087,Other,Computer and Information Technology
8292,ISP,Technology Consulting Services|Internet Service Provider (ISP)|Computer and Information Technology|Software Development
24676,ISP,"Retail Stores, Wholesale, and E-commerce Sites|Computer and Information Technology|Education and Research|Internet Service Provider (ISP)"
24679,ISP,Content|Validating RPKI ROV|Computer and Information Technology|Internet Service Provider (ISP)
213097,Other,Buildings (Residential or Commercial)|Construction and Real Estate|Real Estate (Residential and/or Commercial)
196714,ISP,Home ISP|Not Validating RPKI ROV|Internet Service Provider (ISP)|Computer and Information Technology
8303,Academic/Edu,"Validating RPKI ROV|Museums, Libraries, and Entertainment|Government and Public Administration|Radio and Television Providers"
204911,Other,Content|Community Groups and Nonprofits|Tor services
204913,ISP,Internet Service Provider (ISP)|Computer and Information Technology
213106,Other,Not Validating RPKI ROV|Community Groups and Nonprofits
41078,ISP,Computer and Information Technology|Internet Service Provider (ISP)
49274,Other,Computer and Information Technology|Health Care Services|Manufacturing|Software Development
49275,ISP,"Internet Service Provider (ISP)|Software Development|Freight, Shipment, and Postal Services|Computer and Information Technology"
196731,Eyeball,Validating RPKI ROV|Manufacturing|Chemical and Pharmaceutical Manufacturing|Corporate/Enterprise
204924,ISP,Internet Service Provider (ISP)|Software Development|Computer and Information Technology
41086,ISP,Education and Research|Service|Computer and Information Technology|Internet Service Provider (ISP)
8319,ISP,Computer and Information Technology|Validating RPKI ROV|Internet Service Provider (ISP)
213118,Enterprise,"Law, Business, and Consulting Services|Service"
213125,ISP,Computer and Information Technology|Internet Service Provider (ISP)|Phone Provider|Software Development
213126,Other,Other
57481,Other,"Online Informational Content|Media, Publishing, and Broadcasting"
49294,Other,"Manufacturing|Electronics and Computer Components|Machinery|Metal, Glass, Wood, and Paper Manufacturing"
49296,ISP,Internet Service Provider (ISP)|Not Validating RPKI ROV|Computer and Information Technology
41108,ISP,Eyeball|Computer and Information Technology|Internet Service Provider (ISP)|Server Hosting
213140,ISP,"Service|Internet Service Provider (ISP)|Computer and Information Technology|Law, Business, and Consulting Services"
41110,ISP,Business Broadband|Validating RPKI ROV|Internet Service Provider (ISP)|Computer and Information Technology
213141,Other,Manufacturing|Chemical and Pharmaceutical Manufacturing
196763,ISP,Computer and Information Technology|Internet Service Provider (ISP)
8351,ISP,Internet Service Provider (ISP)|Validating RPKI ROV|Computer and Information Technology
49312,Content/CDN,"Computer and Network Security|Online Informational Content|Media, Publishing, and Broadcasting|Hosting and Cloud Provider"
213151,Other,"Personal ASN|Social Assistance (Temporary Shelters, Emergency Relief, Child Day Care, etc)|Community Groups and Nonprofits|Service"
8354,Other,"Validating RPKI ROV|Investment, Portfolio Management, Pensions and Funds|Finance and Insurance"
204965,Enterprise,"Real Estate (Residential and/or Commercial)|Construction and Real Estate|Law, Business, and Consulting Services|Service"
8360,ISP,"Finance and Insurance|Service|Law, Business, and Consulting Services|Insurance Carriers and Agencies"
49321,Other,"Construction and Real Estate|Manufacturing|Buildings (Residential or Commercial)|Civil Engineering Construction (Utility Lines, Roads and Bridges)"
213162,Government,"Military, Defense, National Security, and International Affairs|Government and Public Administration|Computer and Information Technology|Software Development"
8365,ISP,Eyeball|Validating RPKI ROV|Computer and Information Technology|Software Development
204977,Enterprise,"Metal, Glass, Wood, and Paper Manufacturing|Law, Business, and Consulting Services|Retail Stores, Wholesale, and E-commerce Sites|Service"
41139,ISP,Computer and Information Technology|Internet Service Provider (ISP)
213171,Other,Computer and Information Technology
8373,Enterprise,"Corporate/Enterprise|Not Validating RPKI ROV|Finance and Insurance|Banks, Credit Card Companies, Mortgage Providers"
8375,ISP,Server Hosting|Validating RPKI ROV|Internet Service Provider (ISP)|Software Development
24764,Other,"Software Development|Retail Stores, Wholesale, and E-commerce Sites|Electronics and Computer Components|Computer and Information Technology"
57533,Other,"Retail Stores, Wholesale, and E-commerce Sites|Manufacturing|Automotive and Transportation|Motor Vehicles and Parts"
24766,Enterprise,"Service|Law, Business, and Consulting Services"
204989,ISP,Eyeball|Computer and Information Technology|Internet Service Provider (ISP)|Home ISP
57537,ISP,Internet Service Provider (ISP)|Computer and Information Technology
8391,ISP,Eyeball|Validating RPKI ROV|Technology Consulting Services|Computer and Information Technology
41163,ISP,Software Development|Computer and Information Technology|Internet Service Provider (ISP)
57548,Other,Real Estate (Residential and/or Commercial)|Construction and Real Estate
41167,ISP,Computer and Information Technology|Manufacturing|Internet Service Provider (ISP)|Electronics and Computer Components
213200,Other,Content|Computer and Information Technology
24786,Other,Computer and Information Technology|Validating RPKI ROV|Software Development
57555,ISP,Technology Consulting Services|Computer and Information Technology|Internet Service Provider (ISP)
196819,ISP,Validating RPKI ROV|Not Validating RPKI ROV|Computer and Information Technology|Internet Service Provider (ISP)
8405,ISP,Internet Service Provider (ISP)|Computer and Information Technology
49366,Other,Community Groups and Nonprofits
213204,Other,"IPv6 only|Media, Publishing, and Broadcasting|Print Media (Newspapers, Magazines, Books)"
213209,Other,"Freight, Shipment, and Postal Services"
41179,ISP,"Internet Service Provider (ISP)|Service|Software Development|Military, Defense, National Security, and International Affairs"
205020,ISP,Computer and Information Technology|Software Development|Internet Service Provider (ISP)
213211,Other,Buildings (Residential or Commercial)|Construction and Real Estate
213213,Content/CDN,Computer and Network Security|Computer and Information Technology|Hosting and Cloud Provider
57568,Other,Computer and Information Technology
8422,ISP,Eyeball|Not Validating RPKI ROV|Computer and Information Technology|Internet Service Provider (ISP)
57575,Other,"Food Services and Drinking Places|Not Validating RPKI ROV|Food, Grocery, Beverages|Retail Stores, Wholesale, and E-commerce Sites"
205033,Government,"Government and Regulatory Agencies, Administrations, Departments, and Services|Government and Public Administration|Government"
205037,ISP,Corporate/Enterprise|Software Development|Computer and Information Technology|Internet Service Provider (ISP)
213230,ISP,Content|Validating RPKI ROV|Internet Service Provider (ISP)|Hosting and Cloud Provider
205042,ISP,Internet Service Provider (ISP)|Software Development|Computer and Information Technology
213237,Other,"Retail Stores, Wholesale, and E-commerce Sites|Service|Personal ASN"
205046,Academic/Edu,"Research and Development Organizations|Human Rights and Social Advocacy (Human Rights, Environment and Wildlife Conservation, Other)|Community Groups and Nonprofits|Software Development"
213238,Government,"Government and Regulatory Agencies, Administrations, Departments, and Services|Government and Public Administration|Government"
205050,Other,"Buildings, Repair, Maintenance (Pest Control, Landscaping, Cleaning, Locksmiths, Car Washes, etc)|Buildings (Residential or Commercial)|Service|Construction and Real Estate"
213242,Content/CDN,Hosting and Cloud Provider|Computer and Information Technology
41213,Other,"Manufacturing|Media, Publishing, and Broadcasting|Retail Stores, Wholesale, and E-commerce Sites|Print Media (Newspapers, Magazines, Books)"
24833,Other,"Banks, Credit Card Companies, Mortgage Providers|Construction and Real Estate|Finance and Insurance|Real Estate (Residential and/or Commercial)"
213249,Other,"Retail Stores, Wholesale, and E-commerce Sites|Clothing, Fashion, Luggage|IPv6 only"
213250,Content/CDN,"Content|Retail Stores, Wholesale, and E-commerce Sites|Tor services|VPN Host"
24836,Other,"Software Development|Retail Stores, Wholesale, and E-commerce Sites|Computer and Information Technology"
213251,Other,Tor services|Automotive and Transportation|Real Estate (Residential and/or Commercial)|Construction and Real Estate
8454,Eyeball,"Validating RPKI ROV|Freight, Shipment, and Postal Services|Corporate/Enterprise|Eyeball"
57607,Other,"Retail Stores, Wholesale, and E-commerce Sites|Construction and Real Estate|Manufacturing"
24840,ISP,Validating RPKI ROV|Computer and Information Technology|Hosting and Cloud Provider|Software Development
196870,Government,"Online Informational Content|Media, Publishing, and Broadcasting|Community Groups and Nonprofits|Human Rights and Social Advocacy (Human Rights, Environment and Wildlife Conservation, Other)"
24845,Government,"Government|Utilities (Excluding Internet Service)|Electric Power Generation, Transmission, Distribution"
57618,ISP,"Computer and Information Technology|Retail Stores, Wholesale, and E-commerce Sites|Education and Research|Internet Service Provider (ISP)"
8469,ISP,Eyeball|Not Validating RPKI ROV|Computer and Information Technology|Internet Service Provider (ISP)
213273,ISP,Internet Service Provider (ISP)|Computer and Information Technology
49435,ISP,Internet Service Provider (ISP)|Computer and Information Technology
49436,Other,"Sewage Treatment|Agriculture, Mining, and Refineries (Farming, Greenhouses, Mining, Forestry, and Animal Farming)|Electric Power Generation, Transmission, Distribution|Water Supply and Irrigation"
24861,Enterprise,"Law, Business, and Consulting Services|Service"
213275,Academic/Edu,Education and Research
213276,Enterprise,"Law, Business, and Consulting Services|Civil Engineering Construction (Utility Lines, Roads and Bridges)|Construction and Real Estate|Service"
288,Eyeball,Eyeball|Validating RPKI ROV|Manufacturing|Education and Research
8481,ISP,Internet Service Provider (ISP)|Computer and Information Technology
57632,Other,"Civil Engineering Construction (Utility Lines, Roads and Bridges)|Retail Stores, Wholesale, and E-commerce Sites|Construction and Real Estate|IPv6 only"
213280,Enterprise,"Law, Business, and Consulting Services|Service"
24868,Other,"Service|Online Music and Video Streaming Services|Media, Publishing, and Broadcasting"
213281,ISP,Eyeball|Internet Service Provider (ISP)|Computer and Information Technology|Tor services
205094,Other,Validating RPKI ROV
213283,Government,"Government and Public Administration|Law Enforcement, Public Safety, and Justice|Government and Regulatory Agencies, Administrations, Departments, and Services|Government"
8489,Academic/Edu,Computer and Information Technology|Validating RPKI ROV|Education and Research|Software Development
205100,Academic/Edu,Tor services|Validating RPKI ROV|Computer and Information Technology|Education and Research
49453,ISP,Eyeball|Not Validating RPKI ROV|Hosting and Cloud Provider|Computer and Information Technology
213292,ISP,Computer and Information Technology|Internet Service Provider (ISP)|IPv6 only|Personal ASN
8495,ISP,VPN Host|Not Validating RPKI ROV|Computer and Information Technology|Internet Service Provider (ISP)
57648,Content/CDN,"Hosting and Cloud Provider|Education and Research|Service|Law, Business, and Consulting Services"
205103,ISP,Computer and Information Technology|Internet Service Provider (ISP)
213297,Other,Community Groups and Nonprofits|IPv6 only
49459,ISP,Internet Service Provider (ISP)|Computer and Information Technology
213299,Other,Service
213300,ISP,"Computer and Information Technology|Retail Stores, Wholesale, and E-commerce Sites|Internet Service Provider (ISP)"
49464,ISP,Computer and Information Technology|Service|Internet Service Provider (ISP)
205112,ISP,Eyeball|Validating RPKI ROV|Internet Service Provider (ISP)|Computer and Information Technology
196922,ISP,Internet Service Provider (ISP)|Computer and Information Technology
205115,ISP,Internet Service Provider (ISP)|Computer and Information Technology
213305,ISP,"Finance and Insurance|Insurance Carriers and Agencies|Freight, Shipment, and Postal Services"
205117,Other,"Machinery|Metal, Glass, Wood, and Paper Manufacturing|Retail Stores, Wholesale, and E-commerce Sites|Manufacturing"
213312,ISP,Internet Service Provider (ISP)|Computer and Information Technology|Content
49473,Enterprise,Service|Utilities (Excluding Internet Service)|Community Groups and Nonprofits|Sewage Treatment
24898,Content/CDN,Computer and Information Technology|Hosting and Cloud Provider
24899,Other,"Media, Publishing, and Broadcasting|Health Care Services|Online Informational Content"
24900,Content/CDN,Computer and Information Technology|Hosting and Cloud Provider
24901,Content/CDN,Hosting and Cloud Provider|Computer and Information Technology
24902,Other,"Media, Publishing, and Broadcasting|Online Informational Content|Health Care Services"
8519,Academic/Edu,"Government and Regulatory Agencies, Administrations, Departments, and Services|Education and Research|Manufacturing|Research and Development Organizations"
8520,Content/CDN,Validating RPKI ROV|Computer and Information Technology|Software Development|Hosting and Cloud Provider
41289,Government,Government|Not Validating RPKI ROV|Government and Public Administration|Community Groups and Nonprofits
57667,ISP,Hosting and Cloud Provider|Internet Service Provider (ISP)|Computer and Information Technology|Software Development
196932,ISP,Computer and Information Technology|Internet Service Provider (ISP)|Eyeball
213319,ISP,Internet Service Provider (ISP)|Computer and Information Technology|Software Development
24909,Enterprise,"Freight, Shipment, and Postal Services|Service|Software Development|Computer and Information Technology"
41293,Other,Computer and Information Technology
205137,Eyeball,"Clothing, Fashion, Luggage|Retail Stores, Wholesale, and E-commerce Sites|Eyeball"
41298,Other,Computer and Information Technology|Service
213330,Other,Manufacturing
57684,Other,"Agriculture, Mining, and Refineries (Farming, Greenhouses, Mining, Forestry, and Animal Farming)|Water Supply and Irrigation|Utilities (Excluding Internet Service)"
49494,Enterprise,Service|Software Development|Computer and Information Technology|Machinery
213335,Other,"Freight, Shipment, and Postal Services|Water Transportation|Service"
196954,ISP,Eyeball|Validating RPKI ROV|Internet Service Provider (ISP)|Software Development
41307,ISP,Computer and Information Technology|Not Validating RPKI ROV|Internet Service Provider (ISP)
49499,Other,Community Groups and Nonprofits
213341,ISP,Computer and Information Technology|Internet Service Provider (ISP)|Technology Consulting Services|IPv6 only
24926,Other,"Service|Machinery|Buildings, Repair, Maintenance (Pest Control, Landscaping, Cleaning, Locksmiths, Car Washes, etc)|Retail Stores, Wholesale, and E-commerce Sites"
213342,Eyeball,"Online Informational Content|Education and Research|Museums, Libraries, and Entertainment|Research and Development Organizations"
205154,Other,"Computer and Information Technology|Retail Stores, Wholesale, and E-commerce Sites"
8549,Enterprise,"Validating RPKI ROV|Computer and Information Technology|Service|Law, Business, and Consulting Services"
205159,Content/CDN,"Law, Business, and Consulting Services|Service|Computer and Information Technology|Software Development"
196968,ISP,Eyeball|Not Validating RPKI ROV|Computer and Information Technology|Internet Service Provider (ISP)
41321,ISP,"Software Development|Service|Law, Business, and Consulting Services|Internet Service Provider (ISP)"
213353,Enterprise,"Finance and Insurance|Accountants, Tax Preparers, Payroll Services|Service|Law, Business, and Consulting Services"
24939,Content/CDN,Hosting and Cloud Provider|Computer and Information Technology
24940,ISP,Content|Validating RPKI ROV|Software Development|Computer and Information Technology
205165,Enterprise,"Service|Law, Business, and Consulting Services|Personal ASN|IPv6 only"
213358,Other,Computer and Information Technology
8560,ISP,Content|Validating RPKI ROV|Computer and Information Technology|Internet Service Provider (ISP)
8561,ISP,Internet Critical Infra|Hosting and Cloud Provider|Internet Service Provider (ISP)|Computer and Information Technology
49523,Other,"Agriculture, Mining, and Refineries (Farming, Greenhouses, Mining, Forestry, and Animal Farming)|Electric Power Generation, Transmission, Distribution|Service|Utilities (Excluding Internet Service)"
8569,ISP,Education and Research|Not Validating RPKI ROV|Internet Service Provider (ISP)|Research and Development Organizations
24956,Other,"Validating RPKI ROV|Retail Stores, Wholesale, and E-commerce Sites|Clothing, Fashion, Luggage"
205184,Other,"Anycast|Media, Publishing, and Broadcasting|Service"
24961,ISP,Content|Not Validating RPKI ROV|Computer and Information Technology|Internet Service Provider (ISP)
213386,Other,"Retail Stores, Wholesale, and E-commerce Sites|IPv6 only|Personal ASN"
57739,ISP,Internet Service Provider (ISP)|Hosting and Cloud Provider|Computer and Information Technology|VPN Host
24973,Content/CDN,Computer and Information Technology|Hosting and Cloud Provider|VPN Host
8590,Other,"Banks, Credit Card Companies, Mortgage Providers|Finance and Insurance|Automotive and Transportation|Manufacturing"
49552,Academic/Edu,"Education and Research|Other Schools, Instruction, and Exam Preparation (Trade Schools, Art Schools, Driving Instruction, etc.)|Corporate/Enterprise"
213392,Other,Personal ASN|Construction and Real Estate|Service|Buildings (Residential or Commercial)
24978,ISP,Computer and Information Technology|Not Validating RPKI ROV|Radio and Television Providers|Internet Service Provider (ISP)
33171,Other,"Media, Publishing, and Broadcasting|Online Informational Content"
197008,ISP,"Not Validating RPKI ROV|Computer and Information Technology|Retail Stores, Wholesale, and E-commerce Sites|Internet Service Provider (ISP)"
41365,Other,"Agriculture, Mining, and Refineries (Farming, Greenhouses, Mining, Forestry, and Animal Farming)|Manufacturing|Metal, Glass, Wood, and Paper Manufacturing"
213396,Other,Computer and Information Technology|Software Development
205208,Other,Health Care Services|Hospitals and Medical Centers|IPv6 only
24989,ISP,Eyeball|Not Validating RPKI ROV|Computer and Information Technology|Internet Service Provider (ISP)
205214,Other,IPv6 only|Computer and Information Technology
213408,Other,Computer and Information Technology|Software Development|Personal ASN
24993,ISP,Internet Service Provider (ISP)|Computer and Information Technology
213416,Other,IPv6 only|Personal ASN
57769,ISP,Utilities (Excluding Internet Service)|Internet Service Provider (ISP)|Computer and Information Technology
49581,Content/CDN,"Content|Computer and Information Technology|Retail Stores, Wholesale, and E-commerce Sites|Software Development"
213422,ISP,Personal ASN|IPv6 only|Computer and Information Technology|Internet Service Provider (ISP)
213423,Other,Computer and Information Technology|Personal ASN|IPv6 only
49585,Content/CDN,Server Hosting|Computer and Network Security|Computer and Information Technology
213425,Enterprise,"Law, Business, and Consulting Services|Service"
213426,ISP,"Computer and Information Technology|Hosting, Cloud Provider, Data Center, Server Colocation|Server Hosting|Internet Service Provider (ISP)"
57780,Other,Computer and Information Technology|Software Development
41399,Content/CDN,"Hosting and Cloud Provider|Retail Stores, Wholesale, and E-commerce Sites|Software Development|Computer and Information Technology"
205240,Other,"Personal ASN|Buildings (Residential or Commercial)|Construction and Real Estate|Retail Stores, Wholesale, and E-commerce Sites"
205242,Government,"Government and Public Administration|Government and Regulatory Agencies, Administrations, Departments, and Services"
8638,ISP,Computer and Information Technology|Internet Service Provider (ISP)
205249,ISP,"Government and Public Administration|Military, Defense, National Security, and International Affairs|Computer and Information Technology|Internet Service Provider (ISP)"
49603,ISP,"Retail Stores, Wholesale, and E-commerce Sites|Computer and Information Technology|Education and Research|Internet Service Provider (ISP)"
41412,Content/CDN,Computer and Information Technology|Hosting and Cloud Provider|Software Development
197063,ISP,Internet Service Provider (ISP)|Not Validating RPKI ROV|Computer and Information Technology
8648,ISP,Tranco 10k Host|Not Validating RPKI ROV|Computer and Information Technology|Internet Service Provider (ISP)
8649,Other,"Validating RPKI ROV|Computer and Information Technology|Retail Stores, Wholesale, and E-commerce Sites"
41416,Other,"Banks, Credit Card Companies, Mortgage Providers|Finance and Insurance"
49609,ISP,Internet Service Provider (ISP)|Computer and Information Technology|Software Development
57802,ISP,Computer and Information Technology|Utilities (Excluding Internet Service)|Internet Service Provider (ISP)
213449,ISP,"Carrier|Hosting, Cloud Provider, Data Center, Server Colocation|Computer and Information Technology|Server Hosting"
25038,ISP,Internet Service Provider (ISP)|Hosting and Cloud Provider|Computer and Information Technology
25039,Other,Machinery|Manufacturing|Service|Chemical and Pharmaceutical Manufacturing
197071,ISP,Content|Not Validating RPKI ROV|Internet Service Provider (ISP)|Computer and Information Technology
213450,Other,"Freight, Shipment, and Postal Services"
41431,Other,Computer and Information Technology|Software Development
205272,Academic/Edu,"Tranco 10k Host|Computer and Network Security|Military, Defense, National Security, and International Affairs|Government and Public Administration"
57821,Other,Personal ASN|Community Groups and Nonprofits|Validating RPKI ROV
25054,ISP,"Law, Business, and Consulting Services|Other Schools, Instruction, and Exam Preparation (Trade Schools, Art Schools, Driving Instruction, etc.)|Retail Stores, Wholesale, and E-commerce Sites|Internet Service Provider (ISP)"
213472,Enterprise,"Service|Law, Business, and Consulting Services|IPv6 only"
25058,ISP,Health Care Services|Computer and Information Technology|Internet Service Provider (ISP)|Software Development
25063,ISP,Internet Service Provider (ISP)|Hosting and Cloud Provider|Computer and Information Technology
49639,ISP,Insurance Carriers and Agencies|Finance and Insurance|Hospitals and Medical Centers|Health Care Services
197095,ISP,"Technology Consulting Services|Retail Stores, Wholesale, and E-commerce Sites|Internet Service Provider (ISP)|Computer and Information Technology"
205287,Other,"Retail Stores, Wholesale, and E-commerce Sites|Computer and Information Technology"
41451,Other,"Food, Grocery, Beverages|Retail Stores, Wholesale, and E-commerce Sites|Travel and Accommodation|Food Services and Drinking Places"
25068,Other,"Computer and Information Technology|Retail Stores, Wholesale, and E-commerce Sites"
57837,ISP,"Internet Service Provider (ISP)|Software Development|Government and Public Administration|Military, Defense, National Security, and International Affairs"
57838,ISP,"Software Development|Retail Stores, Wholesale, and E-commerce Sites|Computer and Information Technology|Buildings, Repair, Maintenance (Pest Control, Landscaping, Cleaning, Locksmiths, Car Washes, etc)"
8687,ISP,Internet Service Provider (ISP)|Validating RPKI ROV|Computer and Information Technology
205291,ISP,Internet Service Provider (ISP)|Computer and Information Technology
41457,Enterprise,"Law, Business, and Consulting Services|Service"
25074,ISP,Internet Service Provider (ISP)|Computer and Information Technology|VPN Host
49651,ISP,"Law, Business, and Consulting Services|Manufacturing|Agriculture, Mining, and Refineries (Farming, Greenhouses, Mining, Forestry, and Animal Farming)|Automotive and Transportation"
213490,Other,Computer and Network Security|Computer and Information Technology
213484,Other,Computer and Information Technology
213491,ISP,Computer and Information Technology|Internet Service Provider (ISP)
213492,ISP,"Internet Service Provider (ISP)|Computer and Information Technology|Hosting, Cloud Provider, Data Center, Server Colocation"
25081,ISP,Computer and Information Technology|Not Validating RPKI ROV|Internet Service Provider (ISP)
25083,ISP,Software Development|Computer and Information Technology|Internet Service Provider (ISP)|Utilities (Excluding Internet Service)
205310,Enterprise,"Corporate/Enterprise|Service|Computer and Information Technology|Law, Business, and Consulting Services"
213512,Other,Computer and Information Technology
205321,ISP,"Internet Service Provider (ISP)|Retail Stores, Wholesale, and E-commerce Sites|Computer and Information Technology"
25102,ISP,"Software Development|Retail Stores, Wholesale, and E-commerce Sites|Internet Service Provider (ISP)|Computer and Information Technology"
213518,Other,Utilities (Excluding Internet Service)
25109,ISP,Finance and Insurance|Insurance Carriers and Agencies|Health Care Services
213527,Other,Content|Computer and Information Technology
8731,Enterprise,"Computer and Information Technology|Law, Business, and Consulting Services|Service"
25115,ISP,"Manufacturing|Utilities (Excluding Internet Service)|Electric Power Generation, Transmission, Distribution|Internet Service Provider (ISP)"
8735,ISP,Technology Consulting Services|Validating RPKI ROV|Internet Service Provider (ISP)|Service
41504,ISP,"Software Development|Internet Service Provider (ISP)|Service|Buildings, Repair, Maintenance (Pest Control, Landscaping, Cleaning, Locksmiths, Car Washes, etc)"
49696,Other,Computer and Information Technology
49697,Academic/Edu,Education and Research|Personal ASN|IPv6 only
57891,ISP,Utilities (Excluding Internet Service)|Computer and Information Technology|Internet Service Provider (ISP)
57892,Other,"Retail Stores, Wholesale, and E-commerce Sites|Clothing, Fashion, Luggage"
8741,ISP,Computer and Information Technology|Validating RPKI ROV|Content|VPN Host
197157,Enterprise,"Service|Software Development|Online Music and Video Streaming Services|Media, Publishing, and Broadcasting"
197160,Other,"Trucking|Freight, Shipment, and Postal Services|Personal ASN"
553,Eyeball,"Eyeball|Validating RPKI ROV|Colleges, Universities, and Professional Schools|Education and Research"
41514,Other,"Service|Electronics and Computer Components|Machinery|Retail Stores, Wholesale, and E-commerce Sites"
197164,ISP,Validating RPKI ROV|Internet Service Provider (ISP)|Software Development|Computer and Information Technology
205356,Content/CDN,"Law, Business, and Consulting Services|Service|Computer and Information Technology|Hosting and Cloud Provider"
213554,Other,Health Care Services|Community Groups and Nonprofits
205365,Enterprise,"Personal ASN|Service|Law, Business, and Consulting Services"
205366,Academic/Edu,"Research and Development Organizations|Education and Research|Law, Business, and Consulting Services|Service"
57911,ISP,"Internet Service Provider (ISP)|Retail Stores, Wholesale, and E-commerce Sites|Computer and Information Technology|Electronics and Computer Components"
8763,ISP,Internet Critical Infra|Validating RPKI ROV|Computer and Information Technology|Internet Service Provider (ISP)
213566,Other,"Finance and Insurance|Investment, Portfolio Management, Pensions and Funds|IPv6 only"
8767,ISP,Eyeball|Validating RPKI ROV|Internet Service Provider (ISP)|Computer and Information Technology
205376,Other,"Manufacturing|Machinery|Metal, Glass, Wood, and Paper Manufacturing"
213569,Unknown,
205382,Other,Service
49735,Content/CDN,Not Validating RPKI ROV|Manufacturing|Hosting and Cloud Provider|Electronics and Computer Components
41546,ISP,"Computer and Information Technology|Retail Stores, Wholesale, and E-commerce Sites|Internet Service Provider (ISP)|Software Development"
49739,Enterprise,"Health Care Services|Service|Hospitals and Medical Centers|Law, Business, and Consulting Services"
205388,Other,Construction and Real Estate|Automotive and Transportation|Manufacturing|Real Estate (Residential and/or Commercial)
213579,Other,Personal ASN
205390,ISP,Internet Service Provider (ISP)|Hosting and Cloud Provider|Software Development|Computer and Information Technology
25167,Other,"Retail Stores, Wholesale, and E-commerce Sites"
49745,Academic/Edu,Personal ASN|Not Validating RPKI ROV|Education and Research
213587,ISP,Computer and Information Technology|Service|Internet Service Provider (ISP)|Software Development
213589,Enterprise,"Computer and Information Technology|Law, Business, and Consulting Services|Service"
8792,Enterprise,"Media, Publishing, and Broadcasting|Not Validating RPKI ROV|Print Media (Newspapers, Magazines, Books)|Service"
8793,ISP,Internet Service Provider (ISP)|Not Validating RPKI ROV|Computer and Information Technology
8794,Other,"Print Media (Newspapers, Magazines, Books)|Media, Publishing, and Broadcasting|Online Informational Content"
197208,ISP,Internet Service Provider (ISP)|Software Development|Computer and Information Technology
49756,Government,"Government and Public Administration|Government and Regulatory Agencies, Administrations, Departments, and Services"
205411,ISP,Tranco 10k Host|Computer and Information Technology|Hosting and Cloud Provider|Internet Service Provider (ISP)
8804,ISP,Computer and Information Technology|Validating RPKI ROV|Internet Service Provider (ISP)
213611,Other,Personal ASN
41585,ISP,"Internet Service Provider (ISP)|Not Validating RPKI ROV|Radio and Television Providers|Media, Publishing, and Broadcasting"
57969,ISP,"Internet Service Provider (ISP)|Hosting, Cloud Provider, Data Center, Server Colocation|Computer and Information Technology|Technology Consulting Services"
41587,Other,"Machinery|Metal, Glass, Wood, and Paper Manufacturing|Automotive and Transportation|Manufacturing"
8820,ISP,Tor services|Not Validating RPKI ROV|Internet Service Provider (ISP)|Computer and Information Technology
205425,Other,"Museums, Libraries, and Entertainment|Retail Stores, Wholesale, and E-commerce Sites|Validating RPKI ROV"
205426,Content/CDN,"Software Development|Computer and Information Technology|Hosting and Cloud Provider|Law, Business, and Consulting Services"
8823,ISP,Server Hosting|Validating RPKI ROV|Internet Service Provider (ISP)|Computer and Information Technology
205427,ISP,Internet Service Provider (ISP)|Computer and Information Technology
8826,ISP,Not Validating RPKI ROV|Electronics and Computer Components|Automotive and Transportation|Health Care Services
197242,Other,"Service|Retail Stores, Wholesale, and E-commerce Sites"
205435,ISP,"Not Validating RPKI ROV|Electric Power Generation, Transmission, Distribution|Hosting and Cloud Provider|Utilities (Excluding Internet Service)"
25220,ISP,"Server Hosting|Hosting and Cloud Provider|Internet Service Provider (ISP)|Retail Stores, Wholesale, and E-commerce Sites"
197252,ISP,"Manufacturing|Not Validating RPKI ROV|Retail Stores, Wholesale, and E-commerce Sites|Banks, Credit Card Companies, Mortgage Providers"
213641,ISP,Content|Internet Service Provider (ISP)|Computer and Information Technology|Personal ASN
205453,ISP,Internet Service Provider (ISP)|Computer and Information Technology
213648,Content/CDN,"Computer and Information Technology|Hosting, Cloud Provider, Data Center, Server Colocation"
213651,Unknown,
197269,ISP,Computer and Information Technology|Internet Service Provider (ISP)|Software Development
58010,ISP,Tor services|Not Validating RPKI ROV|Computer and Information Technology|Internet Service Provider (ISP)
8859,Content/CDN,"Validating RPKI ROV|Retail Stores, Wholesale, and E-commerce Sites|Computer and Information Technology|Other Schools, Instruction, and Exam Preparation (Trade Schools, Art Schools, Driving Instruction, etc.)"
25245,ISP,"Retail Stores, Wholesale, and E-commerce Sites|Computer and Information Technology|Law, Business, and Consulting Services|Internet Service Provider (ISP)"
213661,Content/CDN,"Hosting, Cloud Provider, Data Center, Server Colocation|Computer and Information Technology"
58015,ISP,Carrier|Manufacturing|DDoS Mitigation
41637,ISP,Computer and Information Technology|Internet Service Provider (ISP)|Hosting and Cloud Provider|Anycast
25254,Enterprise,"Agriculture, Mining, and Refineries (Farming, Greenhouses, Mining, Forestry, and Animal Farming)|Electric Power Generation, Transmission, Distribution|Service|Utilities (Excluding Internet Service)"
205477,Other,"Retail Stores, Wholesale, and E-commerce Sites|Manufacturing|Electronics and Computer Components"
680,ISP,Eyeball|Validating RPKI ROV|Computer and Information Technology|Internet Service Provider (ISP)
8874,ISP,Internet Service Provider (ISP)|Software Development|Research and Development Organizations|Computer and Information Technology
8875,ISP,Internet Service Provider (ISP)|Validating RPKI ROV|Hosting and Cloud Provider|Computer and Information Technology
25260,ISP,"Print Media (Newspapers, Magazines, Books)|Computer and Information Technology|Internet Service Provider (ISP)|Hosting and Cloud Provider"
49836,ISP,Computer and Information Technology|Technology Consulting Services|Internet Service Provider (ISP)
8878,ISP,Internet Service Provider (ISP)|Validating RPKI ROV|Computer and Information Technology
8879,ISP,Computer and Information Technology|Validating RPKI ROV|Internet Service Provider (ISP)
205487,ISP,"Computer and Information Technology|Law, Business, and Consulting Services|Manufacturing|Education and Research"
8881,ISP,Eyeball|Not Validating RPKI ROV|Internet Service Provider (ISP)|Computer and Information Technology
197297,Other,"Museums, Libraries, and Entertainment|Computer and Information Technology"
213674,Other,"Computer and Information Technology|Other|Automotive and Transportation|Recreation, Sports, and Performing Arts"
8885,ISP,Internet Service Provider (ISP)|Computer and Information Technology
205496,ISP,Computer and Information Technology|Hosting and Cloud Provider|Internet Service Provider (ISP)|Software Development
205497,Enterprise,"Law, Business, and Consulting Services|Computer and Information Technology|Service"
25276,ISP,"Media, Publishing, and Broadcasting|Computer and Information Technology|Online Informational Content|Internet Service Provider (ISP)"
8893,ISP,Eyeball|Validating RPKI ROV|Computer and Information Technology|Internet Service Provider (ISP)
25279,ISP,Computer and Information Technology|Education and Research|Internet Service Provider (ISP)|Research and Development Organizations
49855,ISP,Tor services|Not Validating RPKI ROV|Internet Service Provider (ISP)|Hosting and Cloud Provider
205505,Enterprise,"Finance and Insurance|Service|Banks, Credit Card Companies, Mortgage Providers|Law, Business, and Consulting Services"
8899,ISP,Internet Service Provider (ISP)|Hosting and Cloud Provider|Computer and Information Technology|Electronics and Computer Components
205511,ISP,"Media, Publishing, and Broadcasting|Computer and Network Security|Computer and Information Technology|Service"
25291,ISP,Content|Validating RPKI ROV|Internet Service Provider (ISP)|Computer and Information Technology
49871,Other,"Computer and Information Technology|Finance and Insurance|Phone Provider|Banks, Credit Card Companies, Mortgage Providers"
205519,ISP,Not Validating RPKI ROV|Computer and Information Technology|Service|Internet Service Provider (ISP)
58069,Academic/Edu,"Academic|Education and Research|Colleges, Universities, and Professional Schools"
197334,ISP,Internet Service Provider (ISP)|Computer and Information Technology
213718,Enterprise,"Service|Law, Business, and Consulting Services|Software Development|Computer and Information Technology"
213720,Enterprise,"Law, Business, and Consulting Services|Service"
205529,ISP,Computer and Information Technology|Utilities (Excluding Internet Service)|Internet Service Provider (ISP)
205530,ISP,Internet Service Provider (ISP)|Computer and Information Technology|Utilities (Excluding Internet Service)
213721,ISP,Computer and Information Technology|Internet Service Provider (ISP)
41692,ISP,Computer and Information Technology|Internet Service Provider (ISP)
8925,ISP,"Media, Publishing, and Broadcasting|Validating RPKI ROV|Computer and Information Technology|Online Informational Content"
49885,Enterprise,"Computer and Information Technology|Software Development|Retail Stores, Wholesale, and E-commerce Sites|Law, Business, and Consulting Services"
213726,Other,Computer and Network Security|Computer and Information Technology
41698,Academic/Edu,"Education and Research|Service|Other Schools, Instruction, and Exam Preparation (Trade Schools, Art Schools, Driving Instruction, etc.)|Postal Services and Couriers"
41699,Other,"Finance and Insurance|Banks, Credit Card Companies, Mortgage Providers"
41700,Enterprise,"Real Estate (Residential and/or Commercial)|Service|Law, Business, and Consulting Services|Construction and Real Estate"
25317,ISP,"Computer and Information Technology|Service|Law, Business, and Consulting Services|Internet Service Provider (ISP)"
197347,Enterprise,"Museums, Libraries, and Entertainment|Law, Business, and Consulting Services|Service|Corporate/Enterprise"
58087,ISP,"Tor services|Internet Service Provider (ISP)|Investment, Portfolio Management, Pensions and Funds|Service"
205542,ISP,"Media, Publishing, and Broadcasting|Computer and Information Technology|Internet Service Provider (ISP)|Hosting and Cloud Provider"
8937,ISP,Computer and Information Technology|Not Validating RPKI ROV|Internet Service Provider (ISP)
205543,ISP,"Law, Business, and Consulting Services|Hosting and Cloud Provider|Service|Internet Service Provider (ISP)"
213731,Enterprise,"Computer and Information Technology|Law, Business, and Consulting Services|Technology Consulting Services|Software Development"
8940,Enterprise,"Computer and Information Technology|Law, Business, and Consulting Services|Service"
25325,ISP,Computer and Information Technology|Hosting and Cloud Provider|Software Development|Internet Service Provider (ISP)
58092,Academic/Edu,"Computer and Information Technology|Law, Business, and Consulting Services|Manufacturing|Education and Research"
213735,ISP,Computer and Information Technology|Software Development|Internet Service Provider (ISP)|Hosting and Cloud Provider
213736,Unknown,
213740,ISP,Internet Service Provider (ISP)|Hosting and Cloud Provider|Software Development|Computer and Information Technology
213741,Other,Service
213748,Other,IPv6 only|Personal ASN
197365,Other,"Computer and Information Technology|Retail Stores, Wholesale, and E-commerce Sites"
49910,Academic/Edu,"Computer and Information Technology|Education and Research|Other Schools, Instruction, and Exam Preparation (Trade Schools, Art Schools, Driving Instruction, etc.)|Retail Stores, Wholesale, and E-commerce Sites"
58106,Enterprise,"Finance and Insurance|Law, Business, and Consulting Services|Service|Investment, Portfolio Management, Pensions and Funds"
41723,Enterprise,"Service|Law, Business, and Consulting Services"
8956,Government,"Government and Public Administration|Government and Regulatory Agencies, Administrations, Departments, and Services|Government"
41731,Academic/Edu,Education and Research|Search|Computer and Information Technology|Personal ASN
205571,Other,Not Validating RPKI ROV|Computer and Information Technology
213764,Other,IPv6 only|Personal ASN
213768,Content/CDN,"Content|Computer and Information Technology|Hosting, Cloud Provider, Data Center, Server Colocation|Validating RPKI ROV"
8972,ISP,Eyeball|Not Validating RPKI ROV|Internet Service Provider (ISP)|Hosting and Cloud Provider
49933,ISP,IPv6 only|Internet Service Provider (ISP)|Computer and Information Technology|Personal ASN
205582,ISP,Internet Service Provider (ISP)|Not Validating RPKI ROV|Computer and Information Technology
58129,Content/CDN,"Computer and Information Technology|Hosting and Cloud Provider|Software Development|Freight, Shipment, and Postal Services"
58132,ISP,Hosting and Cloud Provider|Internet Service Provider (ISP)|Computer and Information Technology|IPv6 only
205591,ISP,Personal ASN|Computer and Information Technology|Internet Service Provider (ISP)
205597,Other,"Personal ASN|Retail Stores, Wholesale, and E-commerce Sites|Buildings, Repair, Maintenance (Pest Control, Landscaping, Cleaning, Locksmiths, Car Washes, etc)|Service"
213792,Other,"Tours and Sightseeing|Museums, Libraries, and Entertainment"
58145,Enterprise,"Law, Business, and Consulting Services|Service|Personal ASN"
49956,ISP,Internet Service Provider (ISP)|Computer and Information Technology
49957,Academic/Edu,"Education and Research|Other Schools, Instruction, and Exam Preparation (Trade Schools, Art Schools, Driving Instruction, etc.)|Service|Law, Business, and Consulting Services"
58149,ISP,Finance and Insurance|Insurance Carriers and Agencies
41767,ISP,"Computer and Information Technology|Hosting, Cloud Provider, Data Center, Server Colocation|Technology Consulting Services|Internet Service Provider (ISP)"
205612,Other,"Investment, Portfolio Management, Pensions and Funds|Finance and Insurance|Banks, Credit Card Companies, Mortgage Providers"
205614,Eyeball,"Business Broadband|Computer and Information Technology|Service|Law, Business, and Consulting Services"
9007,Other,"Validating RPKI ROV|Service|Software Development|Media, Publishing, and Broadcasting"
41776,Enterprise,"Service|Law, Business, and Consulting Services|Construction and Real Estate|Civil Engineering Construction (Utility Lines, Roads and Bridges)"
25394,ISP,Eyeball|Validating RPKI ROV|Computer and Information Technology|Internet Service Provider (ISP)
213815,Other,Manufacturing|Chemical and Pharmaceutical Manufacturing
197434,ISP,"Media, Publishing, and Broadcasting|Online Informational Content|Computer and Information Technology|Internet Service Provider (ISP)"
197435,Other,Manufacturing
9020,ISP,Academic|Internet Service Provider (ISP)|Computer and Information Technology
205626,ISP,"Internet Service Provider (ISP)|Hosting and Cloud Provider|Retail Stores, Wholesale, and E-commerce Sites|Construction and Real Estate"
9022,ISP,"Hosting and Cloud Provider|Not Validating RPKI ROV|Retail Stores, Wholesale, and E-commerce Sites|Construction and Real Estate"
197438,Eyeball,Education and Research|IPv6 only|Personal ASN|Eyeball
205627,Enterprise,"Corporate/Enterprise|Retail Stores, Wholesale, and E-commerce Sites"
205632,Academic/Edu,"furniture|Retail Stores, Wholesale, and E-commerce Sites|Computer and Information Technology|Construction and Real Estate"
205634,Other,"Content|Retail Stores, Wholesale, and E-commerce Sites|Anycast"
25411,ISP,Software Development|Internet Service Provider (ISP)|Computer and Information Technology
9030,ISP,"Validating RPKI ROV|Online Informational Content|Media, Publishing, and Broadcasting|Computer and Information Technology"
25415,ISP,VPN Host|Validating RPKI ROV|Internet Service Provider (ISP)|Computer and Information Technology
9033,ISP,"Computer and Information Technology|Human Rights and Social Advocacy (Human Rights, Environment and Wildlife Conservation, Other)|Internet Service Provider (ISP)|Community Groups and Nonprofits"
25419,Enterprise,"Music and Video Industry|Manufacturing|Print Media (Newspapers, Magazines, Books)|Service"
213836,Other,Finance and Insurance
25423,ISP,"Computer and Information Technology|Retail Stores, Wholesale, and E-commerce Sites|Service|Buildings, Repair, Maintenance (Pest Control, Landscaping, Cleaning, Locksmiths, Car Washes, etc)"
213842,Content/CDN,"Hosting, Cloud Provider, Data Center, Server Colocation|Computer and Information Technology"
25432,ISP,"Utilities (Excluding Internet Service)|Internet Service Provider (ISP)|Research and Development Organizations|Retail Stores, Wholesale, and E-commerce Sites"
213850,Content/CDN,Computer and Information Technology|Server Hosting
213851,Unknown,
205660,Other,"Retail Stores, Wholesale, and E-commerce Sites"
41821,ISP,"Internet Service Provider (ISP)|Software Development|Service|Media, Publishing, and Broadcasting"
58206,Other,Computer and Information Technology
197469,Other,IPv6 only|Personal ASN|Computer and Information Technology
205661,Other,"Computer and Information Technology|Computer and Network Security|Retail Stores, Wholesale, and E-commerce Sites|Software Development"
50017,Other,"Validating RPKI ROV|Service|Buildings, Repair, Maintenance (Pest Control, Landscaping, Cleaning, Locksmiths, Car Washes, etc)"
58209,Eyeball,"Retail Stores, Wholesale, and E-commerce Sites|Eyeball"
58211,Other,"Service|Buildings, Repair, Maintenance (Pest Control, Landscaping, Cleaning, Locksmiths, Car Washes, etc)"
58212,ISP,VPN Host|Validating RPKI ROV|Computer and Information Technology|Internet Service Provider (ISP)
197473,Other,"Music and Video Industry|Media, Publishing, and Broadcasting|Computer and Information Technology"
197477,Content/CDN,"Content|Civil Engineering Construction (Utility Lines, Roads and Bridges)|Construction and Real Estate|Retail Stores, Wholesale, and E-commerce Sites"
9063,ISP,Eyeball|Not Validating RPKI ROV|Internet Service Provider (ISP)|Computer and Information Technology
205666,ISP,"Software Development|Retail Stores, Wholesale, and E-commerce Sites|Internet Service Provider (ISP)|Computer and Information Technology"
9066,ISP,Not Validating RPKI ROV|Internet Service Provider (ISP)|Computer and Information Technology|Eyeball
205675,ISP,"Retail Stores, Wholesale, and E-commerce Sites|Law, Business, and Consulting Services|Buildings, Repair, Maintenance (Pest Control, Landscaping, Cleaning, Locksmiths, Car Washes, etc)|Service"
25452,Other,Software Development|Computer and Information Technology
9067,ISP,Validating RPKI ROV|Internet Service Provider (ISP)|Computer and Information Technology|Software Development
50030,ISP,"Buildings, Repair, Maintenance (Pest Control, Landscaping, Cleaning, Locksmiths, Car Washes, etc)|Internet Service Provider (ISP)|Service|Computer and Information Technology"
50034,Enterprise,"Service|Computer and Information Technology|Law, Business, and Consulting Services"
197491,ISP,"Software Development|Retail Stores, Wholesale, and E-commerce Sites|Law, Business, and Consulting Services|Computer and Information Technology"
58234,Other,"Food, Grocery, Beverages|Retail Stores, Wholesale, and E-commerce Sites"
9083,ISP,Software Development|Validating RPKI ROV|Computer and Information Technology|Internet Service Provider (ISP)
205691,ISP,Not Validating RPKI ROV|Software Development|Computer and Information Technology|Electronics and Computer Components
50050,ISP,Computer and Information Technology|Not Validating RPKI ROV|Internet Service Provider (ISP)
58243,ISP,Carrier|Not Validating RPKI ROV|Computer and Information Technology|Internet Service Provider (ISP)
205700,Other,"Retail Stores, Wholesale, and E-commerce Sites|Travel and Accommodation"
197509,Other,Computer and Information Technology
205703,Other,"Not Validating RPKI ROV|Electric Power Generation, Transmission, Distribution|Natural Gas Distribution|Buildings, Repair, Maintenance (Pest Control, Landscaping, Cleaning, Locksmiths, Car Washes, etc)"
25481,ISP,Computer and Information Technology|Internet Service Provider (ISP)|Software Development|Hosting and Cloud Provider
9099,Government,Content|Service|Government and Public Administration|Computer and Information Technology
25484,ISP,"Computer and Information Technology|Law, Business, and Consulting Services|Service|Internet Service Provider (ISP)"
50061,Other,"Finance and Insurance|Not Validating RPKI ROV|Accountants, Tax Preparers, Payroll Services"
25486,ISP,Internet Service Provider (ISP)|Computer and Information Technology
50064,ISP,"Construction and Real Estate|Civil Engineering Construction (Utility Lines, Roads and Bridges)|Internet Service Provider (ISP)|Computer and Information Technology"
50068,ISP,"Retail Stores, Wholesale, and E-commerce Sites|Computer and Information Technology|Internet Service Provider (ISP)|Software Development"
197524,ISP,Business Broadband|Validating RPKI ROV|Computer and Information Technology|Internet Service Provider (ISP)
58265,ISP,Internet Service Provider (ISP)|Computer and Information Technology
205723,Other,Computer and Information Technology|Software Development
50076,ISP,Computer and Information Technology|Internet Service Provider (ISP)
213915,Unknown,
25504,ISP,VPN Host|Education and Research|Manufacturing|Software Development
197539,Other,Service
197540,ISP,Content|Validating RPKI ROV|Computer and Information Technology|Hosting and Cloud Provider
41893,ISP,"Computer and Information Technology|Internet Service Provider (ISP)|Retail Stores, Wholesale, and E-commerce Sites|Electronics and Computer Components"
205731,ISP,Internet Service Provider (ISP)|Computer and Information Technology
213925,Enterprise,"Law, Business, and Consulting Services|Service|Computer and Information Technology"
205736,ISP,Not Validating RPKI ROV|Software Development|Phone Provider|Service
213928,Other,Computer and Information Technology|IPv6 only|Personal ASN
9132,ISP,Internet Service Provider (ISP)|Computer and Information Technology
25516,ISP,Computer and Information Technology|Internet Service Provider (ISP)
197549,ISP,Internet Service Provider (ISP)|Computer and Information Technology
9135,Other,Computer and Information Technology|Validating RPKI ROV
9136,ISP,Carrier|Validating RPKI ROV|Computer and Information Technology|Internet Service Provider (ISP)
205740,Other,Computer and Information Technology|Personal ASN|IPv6 only
205741,ISP,Computer and Information Technology|Validating RPKI ROV|Internet Service Provider (ISP)
213939,ISP,Computer and Information Technology|Internet Service Provider (ISP)
197558,ISP,Eyeball|Not Validating RPKI ROV|Internet Service Provider (ISP)|Computer and Information Technology
9145,ISP,Eyeball|Validating RPKI ROV|Computer and Information Technology|Internet Service Provider (ISP)
205758,ISP,"Internet Service Provider (ISP)|Computer and Information Technology|Hosting, Cloud Provider, Data Center, Server Colocation|Technology Consulting Services"
25538,Other,Validating RPKI ROV|Community Groups and Nonprofits
205764,Other,Health Care Services|Hospitals and Medical Centers
41926,Other,Computer and Information Technology|Manufacturing|Automotive and Transportation
205766,ISP,Internet Service Provider (ISP)|Hosting and Cloud Provider|Computer and Information Technology|Server Hosting
50120,ISP,Computer and Information Technology|Software Development|Internet Service Provider (ISP)
205769,ISP,Business Broadband|Not Validating RPKI ROV|Computer and Information Technology|Internet Service Provider (ISP)
9163,ISP,Computer and Information Technology|Validating RPKI ROV|Internet Service Provider (ISP)|Satellite Communication
58323,Other,"Computer and Information Technology|Retail Stores, Wholesale, and E-commerce Sites"
41941,Other,Other
213973,ISP,"Computer and Information Technology|Human Rights and Social Advocacy (Human Rights, Environment and Wildlife Conservation, Other)|Community Groups and Nonprofits|Internet Service Provider (ISP)"
9175,ISP,"Validating RPKI ROV|Media, Publishing, and Broadcasting|Internet Service Provider (ISP)|Computer and Information Technology"
25560,ISP,"Server Hosting|Not Validating RPKI ROV|Social Assistance (Temporary Shelters, Emergency Relief, Child Day Care, etc)|Retail Stores, Wholesale, and E-commerce Sites"
58329,ISP,Server Hosting|Computer and Information Technology|Hosting and Cloud Provider|Internet Service Provider (ISP)
197593,Other,"Retail Stores, Wholesale, and E-commerce Sites"
205785,Other,"Machinery|Metal, Glass, Wood, and Paper Manufacturing|Manufacturing"
41948,Other,Machinery|Manufacturing|IPv6 only
9182,ISP,Computer and Information Technology|Internet Service Provider (ISP)|Software Development
9183,Eyeball,Eyeball|Validating RPKI ROV|Computer and Information Technology|Manufacturing
205790,Enterprise,"Computer and Network Security|Computer and Information Technology|Law, Business, and Consulting Services|Online Informational Content"
50145,Other,"Computer and Information Technology|Manufacturing|Metal, Glass, Wood, and Paper Manufacturing"
205791,ISP,Internet Service Provider (ISP)|Computer and Information Technology|IPv6 only
41955,Other,Validating RPKI ROV|Software Development|Computer and Information Technology
9188,Enterprise,"Law, Business, and Consulting Services|Not Validating RPKI ROV|Service|Software Development"
213985,Enterprise,"Computer and Information Technology|Law, Business, and Consulting Services|Service"
213986,Enterprise,"Community Groups and Nonprofits|Human Rights and Social Advocacy (Human Rights, Environment and Wildlife Conservation, Other)|Law, Business, and Consulting Services|Service"
41961,ISP,"Software Development|Internet Service Provider (ISP)|Freight, Shipment, and Postal Services|Computer and Information Technology"
58346,Enterprise,"Community Groups and Nonprofits|Law, Business, and Consulting Services|Service"
25579,ISP,Service|Computer and Information Technology|Internet Service Provider (ISP)
205802,Other,"Agriculture, Mining, and Refineries (Farming, Greenhouses, Mining, Forestry, and Animal Farming)|Utilities (Excluding Internet Service)"
9197,ISP,Internet Service Provider (ISP)|Validating RPKI ROV|Computer and Information Technology
197614,ISP,Internet Service Provider (ISP)|Computer and Information Technology|Personal ASN|IPv6 only
205806,ISP,Eyeball|Computer and Information Technology|Water Supply and Irrigation|Internet Service Provider (ISP)
205807,Content/CDN,Computer and Information Technology|Not Validating RPKI ROV|Service|Hosting and Cloud Provider
41969,Other,"Radio and Television Providers|Media, Publishing, and Broadcasting|Online Informational Content"
213997,Other,Personal ASN|IPv6 only
214002,ISP,Computer and Information Technology|Internet Service Provider (ISP)|Hosting and Cloud Provider
205818,ISP,Internet Service Provider (ISP)|Utilities (Excluding Internet Service)|Computer and Information Technology
9211,ISP,Server Hosting|Not Validating RPKI ROV|Computer and Information Technology|Internet Service Provider (ISP)
41981,Other,Validating RPKI ROV|Community Groups and Nonprofits
214014,Other,Construction and Real Estate|Real Estate (Residential and/or Commercial)
50179,Other,Software Development|Computer and Information Technology
214019,Enterprise,"Service|Law, Business, and Consulting Services|Content"
197637,ISP,Eyeball|Validating RPKI ROV|Internet Service Provider (ISP)|Computer and Information Technology
197639,Other,"Media, Publishing, and Broadcasting|Print Media (Newspapers, Magazines, Books)|Health Care Services"
205831,ISP,Hosting and Cloud Provider|Internet Service Provider (ISP)|Computer and Information Technology
197641,ISP,Internet Service Provider (ISP)|Computer and Information Technology
50189,ISP,Internet Service Provider (ISP)|Computer and Information Technology
33806,Other,"Service|Retail Stores, Wholesale, and E-commerce Sites|Computer and Information Technology|Software Development"
41998,ISP,Eyeball|Not Validating RPKI ROV|Internet Service Provider (ISP)|Computer and Information Technology
33808,ISP,Internet Service Provider (ISP)|Computer and Information Technology
205840,ISP,Internet Service Provider (ISP)|Computer and Information Technology|Eyeball
214033,Other,Personal ASN
33811,Content/CDN,Computer and Information Technology|Hosting and Cloud Provider
205843,Other,"Media, Publishing, and Broadcasting|Radio and Television Providers|Retail Stores, Wholesale, and E-commerce Sites|Service"
205844,ISP,Computer and Information Technology|Internet Service Provider (ISP)|Home ISP|Eyeball
33814,Eyeball,Manufacturing|Electronics and Computer Components|Machinery|Automotive and Transportation
50198,Other,Chemical and Pharmaceutical Manufacturing|Manufacturing|Tranco 10k Host
42008,ISP,"Internet Service Provider (ISP)|Media, Publishing, and Broadcasting|Computer and Information Technology|Online Informational Content"
205848,Content/CDN,Content|Hosting and Cloud Provider|Computer and Information Technology|Anycast
214036,ISP,Tor services|Internet Service Provider (ISP)|Computer and Information Technology|Tranco 10k Host
197659,Other,"Electronics and Computer Components|Manufacturing|Machinery|Civil Engineering Construction (Utility Lines, Roads and Bridges)"
205854,Other,Not Validating RPKI ROV|Electronics and Computer Components|Manufacturing
33824,ISP,"Software Development|Law, Business, and Consulting Services|Computer and Information Technology|Service"
33828,ISP,"Retail Stores, Wholesale, and E-commerce Sites|Computer and Information Technology|Internet Service Provider (ISP)"
33832,Enterprise,"Law, Business, and Consulting Services|Service"
50216,Other,"Retail Stores, Wholesale, and E-commerce Sites"
205867,ISP,Computer and Information Technology|Internet Service Provider (ISP)
205868,ISP,Hosting and Cloud Provider|Internet Service Provider (ISP)|Computer and Information Technology
205869,Other,"Utilities (Excluding Internet Service)|Freight, Shipment, and Postal Services|Natural Gas Distribution"
42034,Other,Computer and Information Technology|Software Development
33843,ISP,Validating RPKI ROV|Not Validating RPKI ROV|Computer and Information Technology|Internet Service Provider (ISP)
42035,ISP,"Computer and Information Technology|Retail Stores, Wholesale, and E-commerce Sites|Education and Research|Internet Service Provider (ISP)"
214068,ISP,Computer and Information Technology|Internet Service Provider (ISP)
33846,ISP,Server Hosting|Not Validating RPKI ROV|Computer and Information Technology|Internet Service Provider (ISP)
33848,Other,Manufacturing|Not Validating RPKI ROV|Motor Vehicles and Parts|Service
205881,Other,Manufacturing|Machinery|Automotive and Transportation
205887,ISP,Computer and Information Technology|Internet Service Provider (ISP)
205890,Other,"Computer and Information Technology|Software Development|Construction and Real Estate|Civil Engineering Construction (Utility Lines, Roads and Bridges)"
50246,ISP,"Banks, Credit Card Companies, Mortgage Providers|Internet Service Provider (ISP)|Finance and Insurance|Computer and Information Technology"
214093,Content/CDN,"Technology Consulting Services|Service|Hosting, Cloud Provider, Data Center, Server Colocation|Law, Business, and Consulting Services"
42063,Other,"Software Development|Retail Stores, Wholesale, and E-commerce Sites|Computer and Information Technology"
197711,ISP,Internet Service Provider (ISP)|Hosting and Cloud Provider|Computer and Information Technology
33873,ISP,"Software Development|Not Validating RPKI ROV|Internet Service Provider (ISP)|Media, Publishing, and Broadcasting"
205908,Academic/Edu,Education and Research
214101,Unknown,
214104,Enterprise,"Law, Business, and Consulting Services|Service"
214106,Unknown,
197729,Academic/Edu,"Computer and Information Technology|Technology Consulting Services|Elementary and Secondary Schools|Retail Stores, Wholesale, and E-commerce Sites"
33891,ISP,Carrier|Computer and Information Technology|Internet Service Provider (ISP)|DDoS Mitigation
33896,Other,"Machinery|Manufacturing|Buildings (Residential or Commercial)|Retail Stores, Wholesale, and E-commerce Sites"
205931,Enterprise,"Law, Business, and Consulting Services|Service|Media, Publishing, and Broadcasting"
197745,ISP,Internet Service Provider (ISP)|Computer and Information Technology
214131,Unknown,
42102,Content/CDN,Computer and Information Technology|Hosting and Cloud Provider
214138,Content/CDN,Server Hosting|Manufacturing|Electronics and Computer Components|Computer and Information Technology
205948,ISP,Content|Internet Service Provider (ISP)|Computer and Information Technology|Server Hosting
197759,Eyeball,Computer and Information Technology|Hosting and Cloud Provider|Software Development|Chemical and Pharmaceutical Manufacturing
33921,ISP,Phone Provider|Computer and Information Technology|Internet Service Provider (ISP)
197762,Academic/Edu,"Education and Research|Online Informational Content|Media, Publishing, and Broadcasting|IPv6 only"
50307,Enterprise,"Media, Publishing, and Broadcasting|Law, Business, and Consulting Services|Service|Music and Video Industry"
33933,Enterprise,"Service|Law, Business, and Consulting Services|Technology Consulting Services|Media, Publishing, and Broadcasting"
197777,ISP,"Electronics and Computer Components|Retail Stores, Wholesale, and E-commerce Sites|Computer and Information Technology|Manufacturing"
205969,Other,Community Groups and Nonprofits|Personal ASN|IPv6 only
205970,Academic/Edu,"Education and Research|Law, Business, and Consulting Services|Service|Personal ASN"
33940,ISP,"Computer and Information Technology|Internet Service Provider (ISP)|Retail Stores, Wholesale, and E-commerce Sites"
50324,ISP,Eyeball|Not Validating RPKI ROV|Computer and Information Technology|Internet Service Provider (ISP)
197782,Eyeball,"Online Informational Content|Media, Publishing, and Broadcasting|Eyeball"
205973,ISP,Government and Public Administration|Hosting and Cloud Provider|Computer and Information Technology|Internet Service Provider (ISP)
50332,ISP,Validating RPKI ROV|Manufacturing|Internet Service Provider (ISP)|Hosting and Cloud Provider
33950,Other,Service
33956,ISP,Internet Service Provider (ISP)|Computer and Information Technology|Hosting and Cloud Provider
214181,ISP,Internet Service Provider (ISP)|Computer and Information Technology
50343,Content/CDN,Hosting and Cloud Provider|Software Development|Computer and Information Technology|Tranco 10k Host
197803,Other,"Museums, Libraries, and Entertainment|Recreation, Sports, and Performing Arts"
214187,Other,Utilities (Excluding Internet Service)
214191,Other,Service
214194,Eyeball,Personal ASN|Eyeball
214197,Content/CDN,"Service|Hosting, Cloud Provider, Data Center, Server Colocation|Computer and Information Technology|Law, Business, and Consulting Services"
42166,Other,"Steam and Air-Conditioning Supply|Electric Power Generation, Transmission, Distribution|Utilities (Excluding Internet Service)"
197814,Other,"IPv6 only|Media, Publishing, and Broadcasting|Online Music and Video Streaming Services|Personal ASN"
33984,ISP,Validating RPKI ROV|Not Validating RPKI ROV|Internet Service Provider (ISP)|Hosting and Cloud Provider
33988,ISP,Health Care Services|Insurance Carriers and Agencies|Finance and Insurance|Hospitals and Medical Centers
50372,ISP,Internet Service Provider (ISP)|Computer and Information Technology
42184,ISP,Carrier|Validating RPKI ROV|Computer and Information Technology|Internet Service Provider (ISP)
206028,ISP,Internet Service Provider (ISP)|Computer and Information Technology
214223,Eyeball,Eyeball|IPv6 only|Personal ASN
42197,Other,"Not Validating RPKI ROV|Manufacturing|Service|Media, Publishing, and Broadcasting"
34009,Academic/Edu,"Print Media (Newspapers, Magazines, Books)|Media, Publishing, and Broadcasting|Education and Research"
50393,ISP,Internet Service Provider (ISP)|Computer and Information Technology
34011,Content/CDN,Tranco 10k Host|Not Validating RPKI ROV|Computer and Information Technology|Hosting and Cloud Provider
50395,Other,"Finance and Insurance|Investment, Portfolio Management, Pensions and Funds|IPv6 only"
34015,Other,Not Validating RPKI ROV|Water Supply and Irrigation|Steam and Air-Conditioning Supply|Natural Gas Distribution
214239,Enterprise,"Computer and Information Technology|Law, Business, and Consulting Services|Service"
214243,Other,Personal ASN|Computer and Network Security|Computer and Information Technology
42215,Other,"Online Informational Content|Media, Publishing, and Broadcasting"
50407,Enterprise,"Law, Business, and Consulting Services|Computer and Information Technology|Service"
206058,Content/CDN,"Computer and Information Technology|Hosting, Cloud Provider, Data Center, Server Colocation|Manufacturing|Electronics and Computer Components"
42221,Other,"Retail Stores, Wholesale, and E-commerce Sites|Computer and Information Technology"
214253,Other,Service
206063,Other,Software Development|Computer and Information Technology
197874,Government,Travel and Accommodation|Government
214266,Unknown,
1275,Other,"Museums, Libraries, and Entertainment|Recreation, Sports, and Performing Arts|Community Groups and Nonprofits"
206075,Content/CDN,Content|Computer and Information Technology|Server Hosting|Tor services
197885,Other,Personal ASN|IPv6 only
206080,Other,"Online Music and Video Streaming Services|Media, Publishing, and Broadcasting|Computer and Information Technology|Software Development"
197890,ISP,Computer and Information Technology|Internet Service Provider (ISP)
34051,ISP,"Air Travel|Computer and Information Technology|Media, Publishing, and Broadcasting|Hotels, Motels, Inns, Other Traveler Accommodation"
50436,ISP,"Tor services|Retail Stores, Wholesale, and E-commerce Sites|Internet Service Provider (ISP)|Computer and Information Technology"
214278,Enterprise,"Service|Software Development|Computer and Information Technology|Law, Business, and Consulting Services"
42249,Government,"Government and Public Administration|Computer and Information Technology|Law, Business, and Consulting Services|Service"
50441,ISP,Computer and Information Technology|Internet Service Provider (ISP)
214289,Enterprise,"Service|Law, Business, and Consulting Services"
206099,ISP,"Finance and Insurance|Freight, Shipment, and Postal Services|Insurance Carriers and Agencies"
214291,ISP,Computer and Information Technology|Internet Service Provider (ISP)|Software Development
197909,Government,"Military, Defense, National Security, and International Affairs|Government and Public Administration"
214292,ISP,Computer and Information Technology|Utilities (Excluding Internet Service)|Internet Service Provider (ISP)
42263,ISP,Content|Internet Service Provider (ISP)|Computer and Information Technology|Software Development
50455,Enterprise,"Buildings, Repair, Maintenance (Pest Control, Landscaping, Cleaning, Locksmiths, Car Washes, etc)|Law, Business, and Consulting Services|Electronics and Computer Components|Manufacturing"
50458,Other,"Service|Retail Stores, Wholesale, and E-commerce Sites|Buildings, Repair, Maintenance (Pest Control, Landscaping, Cleaning, Locksmiths, Car Washes, etc)"
197915,Content/CDN,Hosting and Cloud Provider|Not Validating RPKI ROV|Software Development|Computer and Information Technology
50462,Enterprise,"Retail Stores, Wholesale, and E-commerce Sites|Buildings,Repair,Maintenance(PestControl,Landscaping,Cleaning, Locksmiths, Car Washes, etc)|Construction and Real Estate|Manufacturing"
42274,Other,Computer and Information Technology|Software Development
50469,ISP,Validating RPKI ROV|Computer and Information Technology|Internet Service Provider (ISP)
34086,ISP,"Tranco 10k Host|Not Validating RPKI ROV|Law, Business, and Consulting Services|Computer and Information Technology"
34088,ISP,Server Hosting|Software Development|Internet Service Provider (ISP)|Hosting and Cloud Provider
42281,ISP,"Computer and Information Technology|Retail Stores, Wholesale, and E-commerce Sites|Internet Service Provider (ISP)"
50472,Other,Tranco 10k Host|Community Groups and Nonprofits|Computer and Information Technology|Technology Consulting Services
214312,Other,Computer and Information Technology|Personal ASN
197932,Other,"Software Development|Computer and Information Technology|Retail Stores, Wholesale, and E-commerce Sites"
214316,ISP,Computer and Information Technology|Internet Service Provider (ISP)
214318,Unknown,
214319,Enterprise,"Technology Consulting Services|Service|Computer and Information Technology|Law, Business, and Consulting Services"
42290,ISP,Internet Service Provider (ISP)|Software Development|Technology Consulting Services|Clothing and Textiles
197938,Other,"Museums, Libraries, and Entertainment|Computer and Information Technology|Manufacturing|Software Development"
206131,Other,"Retail Stores, Wholesale, and E-commerce Sites|Computer and Information Technology|Software Development"
206138,ISP,Education and Research|Internet Service Provider (ISP)|Software Development|Research and Development Organizations
206141,ISP,Corporate/Enterprise|Not Validating RPKI ROV|Computer and Information Technology|Internet Service Provider (ISP)
50495,ISP,Internet Service Provider (ISP)|Computer and Information Technology
214339,Other,"Music and Video Industry|Media, Publishing, and Broadcasting|Content"
206149,ISP,Insurance Carriers and Agencies|Finance and Insurance
42312,Other,"Music and Video Industry|Media, Publishing, and Broadcasting"
50508,Enterprise,"Service|Law, Business, and Consulting Services"
34125,ISP,"Military, Defense, National Security, and International Affairs|Law, Business, and Consulting Services|Computer and Information Technology|Retail Stores, Wholesale, and E-commerce Sites"
197965,Other,Service|Not Validating RPKI ROV|Software Development|Computer and Information Technology
34127,ISP,Not Validating RPKI ROV|Computer and Information Technology|Internet Service Provider (ISP)
206161,Other,"Service|Personal Care and Lifestyle (Barber Shops, Nail Salons, Diet Centers, Laundry, etc)|Personal ASN"
50518,ISP,Radio and Television Providers|Music and Video Industry|Software Development|Internet Service Provider (ISP)
197975,ISP,"Service|Law, Business, and Consulting Services|Media, Publishing, and Broadcasting|Software Development"
206167,ISP,Software Development|Computer and Information Technology|Internet Service Provider (ISP)
50524,ISP,"Computer and Information Technology|Law, Business, and Consulting Services|Software Development|Internet Service Provider (ISP)"
206172,Other,Travel and Accommodation
42335,ISP,Computer and Information Technology|Internet Service Provider (ISP)|Hosting and Cloud Provider
50533,ISP,Internet Service Provider (ISP)|Not Validating RPKI ROV|Computer and Information Technology
197990,ISP,"Retail Stores, Wholesale, and E-commerce Sites|Computer and Information Technology|Internet Service Provider (ISP)"
34154,ISP,Computer and Information Technology|Not Validating RPKI ROV|Internet Service Provider (ISP)
34156,ISP,Computer and Information Technology|Not Validating RPKI ROV|Internet Service Provider (ISP)|Software Development
206196,ISP,"Not Validating RPKI ROV|Electric Power Generation, Transmission, Distribution|Natural Gas Distribution|Sewage Treatment"
214389,Enterprise,"Law, Business, and Consulting Services|Media, Publishing, and Broadcasting|Service"
34171,ISP,Internet Service Provider (ISP)|Computer and Information Technology
34172,Other,"Community Groups and Nonprofits|Churches and Religious Organizations|Human Rights and Social Advocacy (Human Rights, Environment and Wildlife Conservation, Other)"
42366,ISP,Internet Service Provider (ISP)|Validating RPKI ROV|Computer and Information Technology
214398,Other,Utilities (Excluding Internet Service)
198016,ISP,Personal ASN|Computer and Information Technology|Internet Service Provider (ISP)|Computer and Network Security
214401,Content/CDN,"Service|Computer and Information Technology|Hosting, Cloud Provider, Data Center, Server Colocation|Law, Business, and Consulting Services"
198018,Enterprise,"Hotels, Motels, Inns, Other Traveler Accommodation|Computer and Information Technology|Travel and Accommodation|Law, Business, and Consulting Services"
206211,Enterprise,"Agriculture, Mining, and Refineries (Farming, Greenhouses, Mining, Forestry, and Animal Farming)|Computer and Information Technology|Automotive and Transportation|Machinery"
214403,Other,Computer and Information Technology|Software Development
214405,Enterprise,"Law, Business, and Consulting Services|Service|Anycast"
50566,ISP,"Internet Service Provider (ISP)|Software Development|Computer and Information Technology|Retail Stores, Wholesale, and E-commerce Sites"
198022,ISP,Computer and Information Technology|Internet Service Provider (ISP)
206216,ISP,"Content|Hosting, Cloud Provider, Data Center, Server Colocation|Manufacturing|Internet Service Provider (ISP)"
214410,Other,"Electric Power Generation, Transmission, Distribution|Utilities (Excluding Internet Service)"
34191,ISP,"Computer and Information Technology|Software Development|Education and Research|Other Schools, Instruction, and Exam Preparation (Trade Schools, Art Schools, Driving Instruction, etc.)"
50575,ISP,Computer and Information Technology|Internet Service Provider (ISP)
34193,Other,Manufacturing|Technology Consulting Services|Computer and Information Technology|Electronics and Computer Components
214421,Content/CDN,"Service|Hosting, Cloud Provider, Data Center, Server Colocation|Computer and Information Technology|Law, Business, and Consulting Services"
42390,ISP,Internet Service Provider (ISP)|Validating RPKI ROV|Computer and Information Technology
206231,ISP,"Computer and Information Technology|Internet Service Provider (ISP)|Education and Research|Law, Business, and Consulting Services"
198041,ISP,"Software Development|Computer and Information Technology|Service|Media, Publishing, and Broadcasting"
206236,Other,Health Care Services|Hospitals and Medical Centers
214428,Other,Computer and Information Technology|IPv6 only|Personal ASN
198047,ISP,VPN Host|Internet Service Provider (ISP)|Computer and Information Technology|Hosting and Cloud Provider
206240,ISP,Technology Consulting Services|Internet Service Provider (ISP)|Software Development|Computer and Information Technology
50595,Academic/Edu,"Education and Research|Colleges, Universities, and Professional Schools|Academic"
34213,ISP,"Computer and Information Technology|Software Development|Service|Law, Business, and Consulting Services"
34219,ISP,Phone Provider|Not Validating RPKI ROV|Internet Service Provider (ISP)|Computer and Information Technology
206253,Other,"Service|Social Assistance (Temporary Shelters, Emergency Relief, Child Day Care, etc)|Personal ASN"
34225,ISP,Internet Service Provider (ISP)|Software Development|Computer and Information Technology
214450,Other,Personal ASN|IPv6 only
50611,ISP,Internet Critical Infra|Hosting and Cloud Provider|Computer and Information Technology|Technology Consulting Services
206266,ISP,Insurance Carriers and Agencies|Finance and Insurance|Health Care Services
214459,ISP,Internet Service Provider (ISP)|Computer and Information Technology
50621,ISP,Manufacturing|Internet Service Provider (ISP)|Phone Provider|Software Development
34240,ISP,"Education and Research|Other Schools, Instruction, and Exam Preparation (Trade Schools, Art Schools, Driving Instruction, etc.)|Internet Service Provider (ISP)|Retail Stores, Wholesale, and E-commerce Sites"
206272,Eyeball,"Eyeball|Service|Law, Business, and Consulting Services"
206274,ISP,"Banks, Credit Card Companies, Mortgage Providers|Insurance Carriers and Agencies|Finance and Insurance"
214464,ISP,Computer and Information Technology|Internet Service Provider (ISP)
50629,ISP,Carrier|Validating RPKI ROV|Internet Service Provider (ISP)|Computer and Information Technology
206277,Content/CDN,"Computer and Information Technology|Software Development|Hosting and Cloud Provider|Law, Business, and Consulting Services"
34247,ISP,Internet Service Provider (ISP)|Hosting and Cloud Provider|Software Development|Computer and Information Technology
42442,ISP,Validating RPKI ROV|Computer and Information Technology|Hosting and Cloud Provider|Internet Service Provider (ISP)
206285,Other,"Clothing and Textiles|Personal Care and Lifestyle (Barber Shops, Nail Salons, Diet Centers, Laundry, etc)|Retail Stores, Wholesale, and E-commerce Sites|Manufacturing"
34256,Other,"Museums, Libraries, and Entertainment|Recreation, Sports, and Performing Arts|Retail Stores, Wholesale, and E-commerce Sites|Travel and Accommodation"
50642,ISP,Computer and Information Technology|Service|Internet Service Provider (ISP)
206293,ISP,Internet Service Provider (ISP)|Computer and Information Technology
214493,Other,Computer and Information Technology|IPv6 only
206303,ISP,Computer and Information Technology|Internet Service Provider (ISP)|Hosting and Cloud Provider
42464,Other,Construction and Real Estate|Real Estate (Residential and/or Commercial)
198116,ISP,Computer and Information Technology|Utilities (Excluding Internet Service)|Internet Service Provider (ISP)
198119,Other,"Computer and Information Technology|Media, Publishing, and Broadcasting|Service|Software Development"
206313,Eyeball,Eyeball|Not Validating RPKI ROV|Community Groups and Nonprofits
34289,ISP,VPN Host|Software Development|Computer and Information Technology|Internet Service Provider (ISP)
214513,Other,IPv6 only|Personal ASN|Service
214517,Other,"Media, Publishing, and Broadcasting|IPv6 only"
50681,Other,Service
198139,ISP,Computer and Information Technology|Internet Service Provider (ISP)
198145,Other,"Water Supply and Irrigation|Validating RPKI ROV|Steam and Air-Conditioning Supply|Recreation, Sports, and Performing Arts"
206339,Other,Manufacturing|Machinery
34308,ISP,Not Validating RPKI ROV|Computer and Information Technology|Internet Service Provider (ISP)
34309,ISP,DDoS Mitigation|Computer and Information Technology|Internet Service Provider (ISP)|Tranco 10k Host
206341,Government,"Not Validating RPKI ROV|Government and Public Administration|Government and Regulatory Agencies, Administrations, Departments, and Services|Government"
214533,Other,IPv6 only|Personal ASN
50696,ISP,Computer and Information Technology|Education and Research|Internet Service Provider (ISP)|Software Development
198160,ISP,Computer and Information Technology|Internet Service Provider (ISP)|Server Hosting
206356,Other,Community Groups and Nonprofits
214554,Other,"Banks, Credit Card Companies, Mortgage Providers|Finance and Insurance"
214556,Content/CDN,"Server Hosting|Computer and Information Technology|Software Development|Retail Stores, Wholesale, and E-commerce Sites"
206374,ISP,Internet Service Provider (ISP)|Software Development|Computer and Information Technology
214568,Other,Utilities (Excluding Internet Service)
206384,Academic/Edu,"Education and Research|Service|Law, Business, and Consulting Services|IPv6 only"
198196,ISP,Internet Service Provider (ISP)|Computer and Information Technology
214580,Unknown,
214585,Enterprise,"Software Development|Computer and Information Technology|Service|Law, Business, and Consulting Services"
206394,Content/CDN,"Service|Hosting and Cloud Provider|Media, Publishing, and Broadcasting|Computer and Information Technology"
198205,Enterprise,"Finance and Insurance|Law, Business, and Consulting Services|Service|Banks, Credit Card Companies, Mortgage Providers"
214591,ISP,Internet Service Provider (ISP)|Computer and Information Technology
42562,Other,"Freight, Shipment, and Postal Services"
34372,ISP,"Server Hosting|Media, Publishing, and Broadcasting|Computer and Information Technology|Hosting and Cloud Provider"
214598,Enterprise,"Computer and Information Technology|Law, Business, and Consulting Services|Service|Software Development"
198218,ISP,Computer and Information Technology|Internet Service Provider (ISP)
214603,Unknown,
50768,Other,"Retail Stores, Wholesale, and E-commerce Sites|Computer and Information Technology|Service|Buildings, Repair, Maintenance (Pest Control, Landscaping, Cleaning, Locksmiths, Car Washes, etc)"
198225,ISP,Computer and Information Technology|Internet Service Provider (ISP)
34386,Other,Chemical and Pharmaceutical Manufacturing|Manufacturing
206423,ISP,"Buildings, Repair, Maintenance (Pest Control, Landscaping, Cleaning, Locksmiths, Car Washes, etc)|Internet Service Provider (ISP)|Service|Computer and Information Technology"
34396,ISP,Internet Service Provider (ISP)|Computer and Information Technology
214622,ISP,Internet Service Provider (ISP)|Computer and Information Technology|Utilities (Excluding Internet Service)
214626,Academic/Edu,"Colleges, Universities, and Professional Schools|Education and Research"
42596,ISP,Not Validating RPKI ROV|Internet Service Provider (ISP)|Computer and Information Technology
206437,ISP,Internet Service Provider (ISP)|Computer and Information Technology
214628,Content/CDN,Computer and Information Technology|Hosting and Cloud Provider
206441,Enterprise,"Freight, Shipment, and Postal Services|Service|Law, Business, and Consulting Services|Travel and Accommodation"
42605,ISP,Computer and Information Technology|Not Validating RPKI ROV|Internet Service Provider (ISP)
214639,Content/CDN,"Content|Online Informational Content|Media, Publishing, and Broadcasting|Server Hosting"
50800,ISP,"Computer and Information Technology|Education and Research|Service|Other Schools, Instruction, and Exam Preparation (Trade Schools, Art Schools, Driving Instruction, etc.)"
50801,Other,"Civil Engineering Construction (Utility Lines, Roads and Bridges)|Buildings, Repair, Maintenance (Pest Control, Landscaping, Cleaning, Locksmiths, Car Washes, etc)|Service|Manufacturing"
34419,ISP,Computer and Information Technology|Internet Service Provider (ISP)
206452,ISP,"Service|Computer and Information Technology|Law, Business, and Consulting Services|Internet Service Provider (ISP)"
214646,Other,Service|IPv6 only|Personal ASN
198264,Other,"Media, Publishing, and Broadcasting|Online Informational Content"
214651,ISP,Computer and Information Technology|Construction and Real Estate|Internet Service Provider (ISP)
34432,ISP,Internet Service Provider (ISP)|Computer and Information Technology|VPN Host|Server Hosting
206470,Eyeball,Computer and Information Technology|Corporate/Enterprise|Eyeball
34439,Enterprise,"Law, Business, and Consulting Services|Manufacturing|Service"
34440,ISP,Software Development|Internet Service Provider (ISP)|Computer and Information Technology
50824,Enterprise,"Not Validating RPKI ROV|Service|Law, Business, and Consulting Services"
34445,Other,Service
198287,Unknown,
206480,Other,"Service|Personal Care and Lifestyle (Barber Shops, Nail Salons, Diet Centers, Laundry, etc)|Personal ASN|IPv6 only"
214671,Unknown,
34452,Enterprise,"Law, Business, and Consulting Services|Service"
34453,ISP,Internet Service Provider (ISP)|Computer and Information Technology
34455,ISP,Internet Service Provider (ISP)|Computer and Information Technology|Software Development
198296,Other,"Not Validating RPKI ROV|Media, Publishing, and Broadcasting|Online Informational Content|Online Music and Video Streaming Services"
34457,ISP,"Insurance Carriers and Agencies|Service|Buildings, Repair, Maintenance (Pest Control, Landscaping, Cleaning, Locksmiths, Car Washes, etc)|Finance and Insurance"
34460,Other,"Retail Stores, Wholesale, and E-commerce Sites|Chemical and Pharmaceutical Manufacturing|Manufacturing"
34461,ISP,"Service|Software Development|Internet Service Provider (ISP)|Law, Business, and Consulting Services"
42652,ISP,Eyeball|Validating RPKI ROV|Internet Service Provider (ISP)|Computer and Information Technology
214684,Other,Manufacturing|Chemical and Pharmaceutical Manufacturing
206497,ISP,Computer and Information Technology|Not Validating RPKI ROV|Software Development|Electronics and Computer Components
198311,Other,Air Travel|Travel and Accommodation
206506,Other,"Banks, Credit Card Companies, Mortgage Providers|Finance and Insurance|IPv6 only|Personal ASN"
198315,Other,Personal ASN
50873,Other,VPN Host|Travel and Accommodation|Food Services and Drinking Places
198333,ISP,"Law, Business, and Consulting Services|Internet Service Provider (ISP)|Computer and Information Technology|Software Development"
42691,ISP,"Retail Stores, Wholesale, and E-commerce Sites|Computer and Information Technology|Internet Service Provider (ISP)|Utilities (Excluding Internet Service)"
42698,Other,Other
42699,ISP,Validating RPKI ROV|Internet Service Provider (ISP)|Hosting and Cloud Provider|Software Development
206545,Other,"Banks, Credit Card Companies, Mortgage Providers|Finance and Insurance"
206549,Other,"Computer and Information Technology|Media, Publishing, and Broadcasting|Radio and Television Providers|Manufacturing"
206551,Other,"Service|Buildings, Repair, Maintenance (Pest Control, Landscaping, Cleaning, Locksmiths, Car Washes, etc)|Personal ASN"
34520,Academic/Edu,Education and Research|Research and Development Organizations
50905,Other,Software Development|Computer and Information Technology
1754,ISP,Validating RPKI ROV|Internet Service Provider (ISP)|Computer and Information Technology
206555,ISP,Insurance Carriers and Agencies|Finance and Insurance
214753,Unknown,
57338,Academic/Edu,"Service|Boarding Houses, Dormitories, Workers’ Camps|Media, Publishing, and Broadcasting|Travel and Accommodation"
34531,Other,Software Development|Computer and Information Technology
206564,ISP,VPN Host|Computer and Information Technology|Hosting and Cloud Provider|Internet Service Provider (ISP)
42730,Content/CDN,Server Hosting|Computer and Information Technology|Hosting and Cloud Provider|Tor services
206578,ISP,Computer and Information Technology|Internet Service Provider (ISP)
214771,Unknown,
34548,Other,"Retail Stores, Wholesale, and E-commerce Sites"
34549,ISP,Content|Validating RPKI ROV|Computer and Information Technology|Internet Service Provider (ISP)
50932,ISP,Computer and Information Technology|Software Development|Internet Service Provider (ISP)
206583,ISP,Computer and Information Technology|Internet Service Provider (ISP)
214778,Enterprise,"Computer and Information Technology|Service|Law, Business, and Consulting Services"
50943,Enterprise,"Not Validating RPKI ROV|Real Estate (Residential and/or Commercial)|Freight, Shipment, and Postal Services|Construction and Real Estate"
214784,Other,IPv6 only|Personal ASN
34564,Other,Not Validating RPKI ROV|Software Development|Computer and Information Technology
206597,Other,Manufacturing|Electronics and Computer Components|Machinery
34568,ISP,Computer and Information Technology|Not Validating RPKI ROV|Internet Service Provider (ISP)
214792,Enterprise,"Law, Business, and Consulting Services|Service|Corporate/Enterprise"
214801,ISP,Internet Service Provider (ISP)|Computer and Information Technology|Personal ASN
50964,Content/CDN,"Law, Business, and Consulting Services|Computer and Information Technology|Hosting and Cloud Provider|Service"
50965,Other,Service
42777,Government,"Not Validating RPKI ROV|Service|Government and Public Administration|Government and Regulatory Agencies, Administrations, Departments, and Services"
206618,Other,"Manufacturing|Automotive and Transportation|Retail Stores, Wholesale, and E-commerce Sites|Motor Vehicles and Parts"
206620,Enterprise,"Service|Law, Business, and Consulting Services|Retail Stores, Wholesale, and E-commerce Sites"
34591,ISP,Software Development|Computer and Information Technology|Internet Service Provider (ISP)
50978,Enterprise,"Law, Business, and Consulting Services|Service"
198435,ISP,Government|Computer and Information Technology|Internet Service Provider (ISP)
214827,ISP,Internet Service Provider (ISP)|Computer and Information Technology
198444,Academic/Edu,Not Validating RPKI ROV|Construction and Real Estate|Buildings (Residential or Commercial)|Education and Research
198453,Content/CDN,Computer and Information Technology|Hosting and Cloud Provider|Personal ASN|IPv6 only
34614,Other,Computer and Information Technology
214840,Other,Personal ASN|IPv6 only
214844,Eyeball,"Education and Research|Colleges, Universities, and Professional Schools|Eyeball"
34624,ISP,Content|Computer and Information Technology|Internet Service Provider (ISP)|Tranco 10k Host
206659,ISP,"Motor Vehicles and Parts|Finance and Insurance|Retail Stores, Wholesale, and E-commerce Sites|Insurance Carriers and Agencies"
42821,ISP,"Education and Research|Other Schools, Instruction, and Exam Preparation (Trade Schools, Art Schools, Driving Instruction, etc.)|Internet Service Provider (ISP)|Software Development"
51022,ISP,"Retail Stores, Wholesale, and E-commerce Sites|Computer and Information Technology|Technology Consulting Services|Internet Service Provider (ISP)"
214862,Other,Personal ASN|IPv6 only
214865,Other,Personal ASN|Electronics and Computer Components|Manufacturing
34646,Other,"Service|Software Development|Retail Stores, Wholesale, and E-commerce Sites|Computer and Information Technology"
42840,ISP,Internet Service Provider (ISP)|Hosting and Cloud Provider|Computer and Information Technology
1893,ISP,"Museums, Libraries, and Entertainment|Service|Buildings, Repair, Maintenance (Pest Control, Landscaping, Cleaning, Locksmiths, Car Washes, etc)|Computer and Information Technology"
1895,Academic/Edu,"Colleges, Universities, and Professional Schools|Education and Research"
42856,Other,Software Development|Computer and Information Technology|Anycast
1898,Other,Validating RPKI ROV|Personal ASN
198506,Other,Construction and Real Estate|Real Estate (Residential and/or Commercial)
214892,ISP,Computer and Information Technology|Internet Service Provider (ISP)|Personal ASN
51053,ISP,Finance and Insurance|Insurance Carriers and Agencies
214895,Other,"Retail Stores, Wholesale, and E-commerce Sites"
51057,ISP,Computer and Information Technology|Internet Service Provider (ISP)|Software Development
51058,Other,Personal ASN|Computer and Information Technology|Service
214900,Other,"Museums, Libraries, and Entertainment"
51061,ISP,Internet Service Provider (ISP)|Computer and Information Technology
42873,Academic/Edu,Education and Research|Research and Development Organizations
214906,Other,IPv6 only|Personal ASN
34685,Content/CDN,Computer and Information Technology|Hosting and Cloud Provider|IPv6 only
42879,Other,"Retail Stores, Wholesale, and E-commerce Sites|Metal, Glass, Wood, and Paper Manufacturing|Manufacturing|Automotive and Transportation"
214915,ISP,Content|Computer and Information Technology|Internet Service Provider (ISP)|Server Hosting
198533,ISP,Internet Service Provider (ISP)|Computer and Information Technology
42886,ISP,Computer and Information Technology|Internet Service Provider (ISP)
206727,Other,Service
34701,Enterprise,"Service|Manufacturing|Automotive and Transportation|Metal, Glass, Wood, and Paper Manufacturing"
214928,Other,IPv6 only|Personal ASN|Content
206740,Academic/Edu,Education and Research|Personal ASN
214932,ISP,Internet Service Provider (ISP)|Computer and Information Technology
206742,ISP,"Internet Service Provider (ISP)|Service|Law, Business, and Consulting Services|Computer and Information Technology"
34722,Enterprise,"Software Development|Computer and Information Technology|Law, Business, and Consulting Services|Service"
206761,ISP,Validating RPKI ROV|Internet Service Provider (ISP)|Computer and Information Technology
51114,Other,Computer and Information Technology
198570,ISP,Eyeball|Not Validating RPKI ROV|Computer and Information Technology|Internet Service Provider (ISP)
133036,ISP,"Hotels, Motels, Inns, Other Traveler Accommodation|Travel and Accommodation|Service|Internet Service Provider (ISP)"
198571,ISP,Internet Service Provider (ISP)|Software Development|Computer and Information Technology|IPv6 only
198573,ISP,"Internet Service Provider (ISP)|Software Development|Electric Power Generation, Transmission, Distribution|Computer and Information Technology"
214953,Other,Personal ASN|Computer and Information Technology|IPv6 only
214958,Other,"Online Music and Video Streaming Services|Media, Publishing, and Broadcasting|Personal ASN|IPv6 only"
214960,Unknown,
42931,Other,Service
198582,ISP,Computer and Information Technology|Internet Service Provider (ISP)
51127,Content/CDN,"Software Development|Hosting and Cloud Provider|Computer and Information Technology|Retail Stores, Wholesale, and E-commerce Sites"
198584,Content/CDN,Content|Community Groups and Nonprofits|Server Hosting
206775,ISP,Software Development|Internet Service Provider (ISP)|Computer and Information Technology
51131,ISP,Computer and Information Technology|Internet Service Provider (ISP)
206780,ISP,Computer and Information Technology|Internet Service Provider (ISP)|Utilities (Excluding Internet Service)
214971,ISP,"Computer and Information Technology|Internet Service Provider (ISP)|Hosting, Cloud Provider, Data Center, Server Colocation|Content"
51137,Content/CDN,"Hosting and Cloud Provider|Service|Law, Business, and Consulting Services|Computer and Information Technology"
214985,Enterprise,"Law, Business, and Consulting Services|Service"
34764,ISP,Electronics and Computer Components|Manufacturing|Computer and Information Technology|Internet Service Provider (ISP)
214992,Other,Personal ASN
214996,ISP,Content|Validating RPKI ROV|Internet Service Provider (ISP)|Computer and Information Technology
42965,ISP,Business Broadband|Not Validating RPKI ROV|Internet Service Provider (ISP)|Computer and Information Technology
214997,ISP,Computer and Information Technology|Internet Service Provider (ISP)
214999,ISP,IPv6 only|Internet Service Provider (ISP)|Computer and Information Technology
42969,Academic/Edu,Education and Research|Service|Computer and Network Security|Computer and Information Technology
215004,Other,Personal ASN|Computer and Information Technology
206813,Other,Community Groups and Nonprofits
51167,ISP,Content|Validating RPKI ROV|Hosting and Cloud Provider|Internet Service Provider (ISP)
51169,ISP,"Service|Computer and Information Technology|Law, Business, and Consulting Services|Internet Service Provider (ISP)"
215010,Other,"Health Care Services|Software Development|Museums, Libraries, and Entertainment|Recreation, Sports, and Performing Arts"
34788,ISP,Tranco 10k Host|Internet Service Provider (ISP)|Hosting and Cloud Provider|Software Development
51176,ISP,"Internet Service Provider (ISP)|Hosting and Cloud Provider|Service|Retail Stores, Wholesale, and E-commerce Sites"
34793,Other,Computer and Information Technology|Electronics and Computer Components|Manufacturing|Machinery
206825,ISP,Not Validating RPKI ROV|Internet Service Provider (ISP)|Computer and Information Technology
42989,ISP,Computer and Information Technology|Internet Service Provider (ISP)
206834,Enterprise,"Law, Business, and Consulting Services|Media, Publishing, and Broadcasting|Computer and Information Technology|Service"
206835,Eyeball,Not Validating RPKI ROV|Construction and Real Estate|Real Estate (Residential and/or Commercial)|Service
51191,Other,"Retail Stores, Wholesale, and E-commerce Sites|Not Validating RPKI ROV"
34807,Other,Health Care Services|Hospitals and Medical Centers
215034,Unknown,
34817,Enterprise,"Service|Law, Business, and Consulting Services"
51201,Other,Community Groups and Nonprofits
51202,ISP,Eyeball|Internet Service Provider (ISP)|Computer and Information Technology|Server Hosting
51205,Other,"Media, Publishing, and Broadcasting|Retail Stores, Wholesale, and E-commerce Sites|Music and Video Industry"
206855,Content/CDN,Computer and Information Technology|Software Development|Hosting and Cloud Provider
215051,Other,Computer and Information Technology|Computer and Network Security|IPv6 only
51215,Other,"Not Validating RPKI ROV|Freight, Shipment, and Postal Services|Passenger Transit (Car, Bus, Taxi, Subway)"
198672,Other,Validating RPKI ROV|Software Development|Computer and Information Technology
51217,Other,Service
34834,Content/CDN,Computer and Information Technology|Hosting and Cloud Provider|Software Development
59411,ISP,Internet Service Provider (ISP)|Computer and Information Technology
198673,Other,"Automotive and Transportation|Freight, Shipment, and Postal Services|Travel and Accommodation|Manufacturing"
215061,Other,Finance and Insurance
198678,Other,"Retail Stores, Wholesale, and E-commerce Sites"
34839,Enterprise,"Service|Print Media (Newspapers, Magazines, Books)|Law, Business, and Consulting Services|Media, Publishing, and Broadcasting"
51224,Unknown,
43033,ISP,"Computer and Information Technology|Retail Stores, Wholesale, and E-commerce Sites|Internet Service Provider (ISP)|Manufacturing"
198680,Other,Computer and Information Technology|Software Development
206872,ISP,Manufacturing|Automotive and Transportation|Computer and Information Technology|Internet Service Provider (ISP)
215064,Government,"Government and Public Administration|Service|Government and Regulatory Agencies, Administrations, Departments, and Services|Law, Business, and Consulting Services"
206880,ISP,Computer and Information Technology|Internet Service Provider (ISP)
43043,Other,Manufacturing|Electronics and Computer Components
34854,ISP,Content|Computer and Information Technology|Internet Service Provider (ISP)
215080,Other,"Museums, Libraries, and Entertainment|IPv6 only"
51242,Other,"Hotels, Motels, Inns, Other Traveler Accommodation|Travel and Accommodation"
59437,ISP,Computer and Information Technology|Internet Service Provider (ISP)
198703,Government,"Media, Publishing, and Broadcasting|Government and Public Administration|Government and Regulatory Agencies, Administrations, Departments, and Services|Radio and Television Providers"
206899,Content/CDN,"Computer and Information Technology|Retail Stores, Wholesale, and E-commerce Sites|Construction and Real Estate|Software Development"
34868,ISP,Computer and Information Technology|Internet Service Provider (ISP)
215093,Eyeball,"Electronics and Computer Components|Manufacturing|Hosting, Cloud Provider, Data Center, Server Colocation|Computer and Information Technology"
198710,ISP,Internet Service Provider (ISP)|Computer and Information Technology
43066,Content/CDN,"Tranco 10k Host|Not Validating RPKI ROV|Hosting and Cloud Provider|Government and Regulatory Agencies, Administrations, Departments, and Services"
206906,Eyeball,Water Supply and Irrigation|Natural Gas Distribution|Utilities (Excluding Internet Service)|Steam and Air-Conditioning Supply
34878,Academic/Edu,"Validating RPKI ROV|Education and Research|Colleges, Universities, and Professional Schools|Tranco 10k Host"
206915,ISP,Computer and Information Technology|Internet Service Provider (ISP)|Software Development
2117,Academic/Edu,Education and Research
198726,ISP,Eyeball|Not Validating RPKI ROV|Computer and Information Technology|Internet Service Provider (ISP)
206917,ISP,"Finance and Insurance|Law, Business, and Consulting Services|Computer and Information Technology|Health Care Services"
215110,ISP,Hosting and Cloud Provider|Internet Service Provider (ISP)|Computer and Information Technology|Personal ASN
2125,ISP,Computer and Information Technology|Manufacturing|Internet Service Provider (ISP)|Electronics and Computer Components
34895,ISP,"Tranco 10k Host|Internet Service Provider (ISP)|Retail Stores, Wholesale, and E-commerce Sites|Computer and Information Technology"
59474,ISP,Internet Service Provider (ISP)|Computer and Information Technology|Validating RPKI ROV
34899,ISP,Internet Service Provider (ISP)|Computer and Information Technology
206936,Other,Software Development|Computer and Information Technology
198745,Other,Service
34906,Enterprise,"Law, Business, and Consulting Services|Service"
215134,Other,Computer and Network Security|Computer and Information Technology|IPv6 only|Personal ASN
215137,Enterprise,"Technology Consulting Services|Computer and Information Technology|Service|Law, Business, and Consulting Services"
206946,Other,"Retail Stores, Wholesale, and E-commerce Sites|IPv6 only"
215147,Eyeball,Eyeball|Finance and Insurance|Server Hosting|Validating RPKI ROV
34924,ISP,Travel and Accommodation|Internet Service Provider (ISP)|Computer and Information Technology
34928,ISP,Hosting and Cloud Provider|Software Development|Internet Service Provider (ISP)|Computer and Information Technology
59507,ISP,Tranco 10k Host|Computer and Information Technology|Internet Service Provider (ISP)
198775,Other,"Museums, Libraries, and Entertainment"
34936,Other,Travel and Accommodation
206970,ISP,"Computer and Network Security|Military, Defense, National Security, and International Affairs|Computer and Information Technology|Internet Service Provider (ISP)"
215163,ISP,Computer and Information Technology|Internet Service Provider (ISP)|Personal ASN
51324,ISP,"Content|Service|Law, Business, and Consulting Services|Internet Service Provider (ISP)"
206978,ISP,Validating RPKI ROV|Steam and Air-Conditioning Supply|Utilities (Excluding Internet Service)|Sewage Treatment
43140,ISP,Internet Service Provider (ISP)|Technology Consulting Services|Computer and Information Technology
34953,ISP,Carrier|Not Validating RPKI ROV|Computer and Information Technology|Internet Service Provider (ISP)
43150,ISP,Tor services|Hosting and Cloud Provider|Internet Service Provider (ISP)|Computer and Information Technology
206990,ISP,Software Development|Computer and Information Technology|Internet Service Provider (ISP)
215185,Other,"Retail Stores, Wholesale, and E-commerce Sites|Event"
43155,Enterprise,Water Supply and Irrigation|Steam and Air-Conditioning Supply|Service|Natural Gas Distribution
206996,Other,Tor services|Other
34966,ISP,Personal ASN|Not Validating RPKI ROV|Computer and Information Technology|Internet Service Provider (ISP)
198807,ISP,"Service|Law, Business, and Consulting Services|Finance and Insurance|Internet Service Provider (ISP)"
34972,Other,Service
215197,Content/CDN,"Hosting, Cloud Provider, Data Center, Server Colocation|Computer and Information Technology"
59552,Other,"Service|Buildings (Residential or Commercial)|Construction and Real Estate|Retail Stores, Wholesale, and E-commerce Sites"
198818,ISP,Computer and Information Technology|Internet Service Provider (ISP)
207010,ISP,Internet Service Provider (ISP)|Software Development|Service|Technology Consulting Services
51364,Enterprise,"Retail Stores, Wholesale, and E-commerce Sites|Service|Law, Business, and Consulting Services"
34982,Other,Computer and Information Technology|Manufacturing|Electronics and Computer Components
59567,ISP,Computer and Information Technology|Construction and Real Estate|Service|Technology Consulting Services
59568,Academic/Edu,"Retail Stores, Wholesale, and E-commerce Sites|Research and Development Organizations|Software Development|Computer and Information Technology"
43186,ISP,Internet Service Provider (ISP)|Computer and Information Technology
51378,Other,"Media, Publishing, and Broadcasting|Hospitals and Medical Centers|Health Care Services|Nursing, Residential Care Facilities, Assisted Living, and Home Health Care"
51379,Other,Software Development|Computer and Information Technology
34997,ISP,Internet Service Provider (ISP)|Computer and Information Technology
59570,Academic/Edu,Content|Education and Research|Personal ASN
215218,Enterprise,"Computer and Information Technology|Law, Business, and Consulting Services|Service|Software Development"
43193,Government,"Government and Regulatory Agencies, Administrations, Departments, and Services|Government and Public Administration|Tranco 10k Host|Government"
35003,Enterprise,"Personal ASN|Service|Law, Business, and Consulting Services"
51396,ISP,"Content|Civil Engineering Construction (Utility Lines, Roads and Bridges)|Retail Stores, Wholesale, and E-commerce Sites|Software Development"
215236,Other,Personal ASN|IPv6 only|Software Development|Computer and Information Technology
59592,ISP,Computer and Information Technology|Internet Service Provider (ISP)
51401,ISP,"Media, Publishing, and Broadcasting|Internet Service Provider (ISP)|Software Development|Computer and Information Technology"
51402,ISP,"Eyeball|Not Validating RPKI ROV|Retail Stores, Wholesale, and E-commerce Sites|Home ISP"
207048,Enterprise,"Law, Business, and Consulting Services|Buildings, Repair, Maintenance (Pest Control, Landscaping, Cleaning, Locksmiths, Car Washes, etc)|Service"
207053,Enterprise,Finance and Insurance|Computer and Information Technology|Software Development|Service
215245,Other,Construction and Real Estate|Real Estate (Residential and/or Commercial)
215250,Academic/Edu,Education and Research|Personal ASN|Validating RPKI ROV
207061,Other,"Media, Publishing, and Broadcasting|Print Media (Newspapers, Magazines, Books)"
198870,Enterprise,"Computer and Information Technology|Software Development|Law, Business, and Consulting Services|Service"
51417,ISP,"Internet Service Provider (ISP)|Service|Hosting and Cloud Provider|Law, Business, and Consulting Services"
215258,Academic/Edu,"IPv6 only|Media, Publishing, and Broadcasting|Education and Research|Elementary and Secondary Schools"
35039,Content/CDN,"Tranco 10k Host|Service|Law, Business, and Consulting Services|Computer and Information Technology"
35042,Content/CDN,VPN Host|Validating RPKI ROV|Computer and Information Technology|Software Development
35044,Other,"Investment, Portfolio Management, Pensions and Funds|Finance and Insurance"
207077,Content/CDN,Computer and Information Technology|Hosting and Cloud Provider|Personal ASN
207079,Other,"Personal ASN|Not Validating RPKI ROV|IPv6 only|Freight, Shipment, and Postal Services"
43241,Other,Service|Computer and Information Technology
198889,Other,Personal ASN|IPv6 only
43243,Other,"Metal, Glass, Wood, and Paper Manufacturing|Machinery|Manufacturing"
207082,Other,Computer and Information Technology|Software Development
35053,ISP,"Internet Service Provider (ISP)|Banks, Credit Card Companies, Mortgage Providers|Computer and Information Technology|Hosting and Cloud Provider"
198893,Enterprise,"Service|Law, Business, and Consulting Services"
215275,Eyeball,"Community Groups and Nonprofits|Human Rights and Social Advocacy (Human Rights, Environment and Wildlife Conservation, Other)|Eyeball"
215282,Content/CDN,"Computer and Information Technology|Hosting, Cloud Provider, Data Center, Server Colocation"
43252,ISP,Utilities (Excluding Internet Service)|Internet Service Provider (ISP)|Computer and Information Technology
35061,Content/CDN,"Postal Services and Couriers|Hosting and Cloud Provider|Computer and Information Technology|Freight, Shipment, and Postal Services"
35062,ISP,"Computer and Information Technology|Service|Law, Business, and Consulting Services|Internet Service Provider (ISP)"
198904,ISP,"Computer and Information Technology|Electric Power Generation, Transmission, Distribution|Internet Service Provider (ISP)|Utilities (Excluding Internet Service)"
35065,Enterprise,"Validating RPKI ROV|Not Validating RPKI ROV|Service|Museums, Libraries, and Entertainment"
59645,Academic/Edu,Personal ASN|Education and Research|Validating RPKI ROV
215293,Other,"Museums, Libraries, and Entertainment"
198913,ISP,"Content|Technology Consulting Services|Service|Media, Publishing, and Broadcasting"
207110,ISP,Internet Service Provider (ISP)|Computer and Information Technology
207111,Other,"Retail Stores, Wholesale, and E-commerce Sites|Personal ASN"
207116,Other,Manufacturing
215310,Content/CDN,Computer and Information Technology|Server Hosting|IPv6 only
198930,ISP,Home ISP|Not Validating RPKI ROV|Computer and Information Technology|Internet Service Provider (ISP)
207126,Other,"Freight, Shipment, and Postal Services|IPv6 only|Personal ASN"
207130,ISP,Internet Service Provider (ISP)|Computer and Information Technology
51483,ISP,"Server Hosting|Service|Law, Business, and Consulting Services|Computer and Information Technology"
43292,Academic/Edu,Education and Research|Software Development|Computer and Information Technology
59675,ISP,Computer and Information Technology|Validating RPKI ROV|Software Development|Internet Service Provider (ISP)
198939,ISP,Computer and Information Technology|Internet Service Provider (ISP)|Computer and Network Security
207139,Other,Service
51492,ISP,Internet Service Provider (ISP)|Computer and Information Technology
43304,Content/CDN,Phone Provider|Hosting and Cloud Provider|Software Development|Computer and Information Technology
43305,Other,"Investment, Portfolio Management, Pensions and Funds|Finance and Insurance"
51496,ISP,"Computer and Information Technology|Retail Stores, Wholesale, and E-commerce Sites|Manufacturing|Internet Service Provider (ISP)"
215338,ISP,Computer and Information Technology|Internet Service Provider (ISP)
198956,Other,"Computer and Information Technology|Technology Consulting Services|Retail Stores, Wholesale, and E-commerce Sites"
35117,Content/CDN,"Computer and Information Technology|Hosting and Cloud Provider|Retail Stores, Wholesale, and E-commerce Sites|Software Development"
215341,Other,Computer and Information Technology
215344,Enterprise,"Computer and Information Technology|Service|Law, Business, and Consulting Services|Technology Consulting Services"
198967,ISP,Eyeball|Not Validating RPKI ROV|Computer and Information Technology|Internet Service Provider (ISP)
207160,ISP,Eyeball|Computer and Information Technology|Internet Service Provider (ISP)|Validating RPKI ROV
215357,Enterprise,"Law, Business, and Consulting Services|Service|Software Development|Computer and Information Technology"
59710,ISP,Not Validating RPKI ROV|Internet Service Provider (ISP)|Computer and Information Technology
43329,ISP,"Service|Law, Business, and Consulting Services|Computer and Information Technology|Internet Service Provider (ISP)"
59716,ISP,Computer and Information Technology|Internet Service Provider (ISP)
215365,Content/CDN,Content|Tor services|Server Hosting
51527,Other,Software Development|Computer and Information Technology|Tranco 10k Host
198983,Content/CDN,"Server Hosting|Retail Stores, Wholesale, and E-commerce Sites"
51531,ISP,Utilities (Excluding Internet Service)|Computer and Information Technology|Internet Service Provider (ISP)
207180,ISP,Manufacturing|Service|Internet Service Provider (ISP)|Hosting and Cloud Provider
43341,ISP,Eyeball|Not Validating RPKI ROV|Computer and Information Technology|Internet Service Provider (ISP)
215372,Other,Computer and Information Technology|Computer and Network Security
35151,Other,"Retail Stores, Wholesale, and E-commerce Sites|Trucking|Freight, Shipment, and Postal Services"
215375,Content/CDN,Content|Computer and Information Technology|Computer and Network Security|Server Hosting
198996,Other,"Service|Retail Stores, Wholesale, and E-commerce Sites|Buildings, Repair, Maintenance (Pest Control, Landscaping, Cleaning, Locksmiths, Car Washes, etc)"
43353,Enterprise,"Buildings (Residential or Commercial)|Service|Law, Business, and Consulting Services|Construction and Real Estate"
43354,Other,"Tranco 10k Host|Media, Publishing, and Broadcasting|Online Music and Video Streaming Services|Music and Video Industry"
35163,Other,Not Validating RPKI ROV|Other
133466,Other,Manufacturing|Automotive and Transportation|Computer and Information Technology
207196,Eyeball,"Retail Stores, Wholesale, and E-commerce Sites|Personal ASN|Eyeball"
207197,Other,"Computer and Information Technology|Retail Stores, Wholesale, and E-commerce Sites|Software Development"
215389,Enterprise,"Personal ASN|Computer and Information Technology|Law, Business, and Consulting Services|Service"
215392,ISP,Internet Service Provider (ISP)|Computer and Information Technology|IPv6 only
59745,ISP,Hosting and Cloud Provider|Computer and Information Technology|Internet Service Provider (ISP)
35170,Enterprise,"Law, Business, and Consulting Services|Service|Real Estate (Residential and/or Commercial)|Construction and Real Estate"
215398,Enterprise,"Service|Law, Business, and Consulting Services"
59752,Other,"Computer and Information Technology|Retail Stores, Wholesale, and E-commerce Sites"
215400,Unknown,
207210,Other,"Utilities (Excluding Internet Service)|Electric Power Generation, Transmission, Distribution"
51567,Other,Computer and Information Technology|Software Development
215407,Unknown,
215412,ISP,"Computer and Information Technology|Manufacturing|Hosting, Cloud Provider, Data Center, Server Colocation|Electronics and Computer Components"
51576,ISP,Education and Research|Research and Development Organizations|Internet Service Provider (ISP)|Software Development
199033,Enterprise,"Law, Business, and Consulting Services|Service"
59775,Enterprise,"Law, Business, and Consulting Services|Service"
207234,ISP,Internet Service Provider (ISP)|Computer and Information Technology
59780,ISP,"Research and Development Organizations|Computer and Information Technology|Education and Research|Retail Stores, Wholesale, and E-commerce Sites"
35205,ISP,Business Broadband|Computer and Information Technology|Internet Service Provider (ISP)|Home ISP
43397,Eyeball,Computer and Information Technology|Software Development|Corporate/Enterprise|Eyeball
35207,ISP,Software Development|Not Validating RPKI ROV|Computer and Information Technology|Internet Service Provider (ISP)
35208,Other,Manufacturing|Electronics and Computer Components|Software Development|Computer and Information Technology
59785,Other,"Food, Beverage, and Tobacco|Manufacturing"
215431,Other,"Museums, Libraries, and Entertainment"
207243,Other,Manufacturing|Electronics and Computer Components|Computer and Information Technology
51598,Content/CDN,Computer and Information Technology|Service|Hosting and Cloud Provider
43407,ISP,"Media, Publishing, and Broadcasting|Internet Service Provider (ISP)|Computer and Information Technology|Online Music and Video Streaming Services"
59790,ISP,Business Broadband|Not Validating RPKI ROV|Computer and Information Technology|Internet Service Provider (ISP)
199056,Content/CDN,"Law, Business, and Consulting Services|Service|Hosting and Cloud Provider|Computer and Information Technology"
207248,ISP,"Computer and Information Technology|Hosting, Cloud Provider, Data Center, Server Colocation|Law, Business, and Consulting Services|Technology Consulting Services"
207252,ISP,Content|Internet Service Provider (ISP)|Computer and Information Technology|Server Hosting
207253,ISP,"Internet Service Provider (ISP)|Electric Power Generation, Transmission, Distribution|Utilities (Excluding Internet Service)|Computer and Information Technology"
215444,Enterprise,"Validating RPKI ROV|Travel and Accommodation|Hotels, Motels, Inns, Other Traveler Accommodation|Corporate/Enterprise"
207258,Other,"Not Validating RPKI ROV|Utilities (Excluding Internet Service)|Freight, Shipment, and Postal Services|Water Transportation"
35227,Other,"Steam and Air-Conditioning Supply|Museums, Libraries, and Entertainment|Natural Gas Distribution|Electric Power Generation, Transmission, Distribution"
207262,Other,"Chemical and Pharmaceutical Manufacturing|Food, Beverage, and Tobacco|Retail Stores, Wholesale, and E-commerce Sites|Manufacturing"
215458,Unknown,
215459,Unknown,
199079,ISP,"Electronics and Computer Components|Manufacturing|Hosting, Cloud Provider, Data Center, Server Colocation|Computer and Information Technology"
215464,ISP,Computer and Information Technology|Internet Service Provider (ISP)|IPv6 only
35242,ISP,Internet Service Provider (ISP)|Computer and Information Technology|Software Development
59819,Other,"Community Groups and Nonprofits|Freight, Shipment, and Postal Services|Computer and Information Technology|Churches and Religious Organizations"
35244,ISP,Eyeball|Not Validating RPKI ROV|Computer and Information Technology|Internet Service Provider (ISP)
207277,Other,Computer and Information Technology|Software Development
59822,Other,"Retail Stores, Wholesale, and E-commerce Sites|Clothing, Fashion, Luggage"
199086,Enterprise,"Service|Banks, Credit Card Companies, Mortgage Providers|Law, Business, and Consulting Services|Media, Publishing, and Broadcasting"
207278,Other,"Construction and Real Estate|Civil Engineering Construction (Utility Lines, Roads and Bridges)|IPv6 only"
215466,Enterprise,"Technology Consulting Services|Service|Computer and Information Technology|Law, Business, and Consulting Services"
199090,ISP,Not Validating RPKI ROV|Internet Service Provider (ISP)|Computer and Information Technology
35252,Other,"Retail Stores, Wholesale, and E-commerce Sites|Manufacturing"
207289,Enterprise,"Law, Business, and Consulting Services|Service"
35258,ISP,Validating RPKI ROV|Not Validating RPKI ROV|Computer and Information Technology|Internet Service Provider (ISP)
43450,Enterprise,"Service|Software Development|Computer and Information Technology|Law, Business, and Consulting Services"
215482,Enterprise,"Law, Business, and Consulting Services|Manufacturing|Service|Electronics and Computer Components"
43453,Enterprise,"Law, Business, and Consulting Services|Computer and Information Technology|Service|Software Development"
215485,Unknown,
43455,Other,Manufacturing|Chemical and Pharmaceutical Manufacturing
199104,Other,"Banks, Credit Card Companies, Mortgage Providers|Finance and Insurance"
35265,Other,"Electric Power Generation, Transmission, Distribution|Utilities (Excluding Internet Service)"
207297,Other,"Service|Retail Stores, Wholesale, and E-commerce Sites|Buildings, Repair, Maintenance (Pest Control, Landscaping, Cleaning, Locksmiths, Car Washes, etc)"
59843,ISP,"Retail Stores, Wholesale, and E-commerce Sites|Computer and Information Technology|Law, Business, and Consulting Services|Internet Service Provider (ISP)"
207298,ISP,Internet Service Provider (ISP)|Hosting and Cloud Provider|Software Development|Computer and Information Technology
59845,ISP,Computer and Information Technology|Internet Service Provider (ISP)
207302,Other,"Community Groups and Nonprofits|Human Rights and Social Advocacy (Human Rights, Environment and Wildlife Conservation, Other)"
215491,Other,Service
199114,Other,"Manufacturing|Retail Stores, Wholesale, and E-commerce Sites|Chemical and Pharmaceutical Manufacturing"
43467,Other,"Retail Stores, Wholesale, and E-commerce Sites"
215500,Other,IPv6 only|Personal ASN
207309,Other,"Service|Software Development|Retail Stores, Wholesale, and E-commerce Sites|Computer and Information Technology"
199118,ISP,"Server Hosting|Other Schools, Instruction, and Exam Preparation (Trade Schools, Art Schools, Driving Instruction, etc.)|Internet Service Provider (ISP)|Elementary and Secondary Schools"
215504,ISP,Computer and Information Technology|Internet Service Provider (ISP)
199121,ISP,"Electronics and Computer Components|Retail Stores, Wholesale, and E-commerce Sites|Manufacturing|Software Development"
215509,Other,Personal ASN|IPv6 only
51671,Other,"Travel and Accommodation|Hotels, Motels, Inns, Other Traveler Accommodation"
51673,Other,"Finance and Insurance|Freight, Shipment, and Postal Services|Banks, Credit Card Companies, Mortgage Providers|Travel and Accommodation"
35292,Other,Computer and Information Technology|Personal ASN
215517,Other,Computer and Information Technology|IPv6 only
215518,ISP,Computer and Information Technology|Internet Service Provider (ISP)|Hosting and Cloud Provider
207327,ISP,"Law, Business, and Consulting Services|Service|Internet Service Provider (ISP)|Computer and Information Technology"
207334,ISP,"Software Development|Computer and Information Technology|Internet Service Provider (ISP)|Retail Stores, Wholesale, and E-commerce Sites"
59881,Other,"Railroad Transportation|Passenger Transit (Car, Bus, Taxi, Subway)|Freight, Shipment, and Postal Services"
149993,ISP,Computer and Information Technology|Internet Service Provider (ISP)
35309,Other,"Utilities (Excluding Internet Service)|Phone Provider|Retail Stores, Wholesale, and E-commerce Sites|Computer and Information Technology"
43503,ISP,Computer and Information Technology|Internet Service Provider (ISP)
51699,ISP,Computer and Information Technology|Internet Service Provider (ISP)
43509,Other,"Banks, Credit Card Companies, Mortgage Providers|Finance and Insurance"
215544,Unknown,
35321,Other,Construction and Real Estate
199163,ISP,"Internet Service Provider (ISP)|Not Validating RPKI ROV|Computer and Information Technology|Retail Stores, Wholesale, and E-commerce Sites"
215547,ISP,Internet Service Provider (ISP)|Computer and Information Technology
215550,Unknown,
35329,ISP,Software Development|Internet Service Provider (ISP)|Hosting and Cloud Provider|Computer and Information Technology
51714,ISP,Internet Service Provider (ISP)|Software Development|Computer and Information Technology|Education and Research
43524,ISP,Computer and Information Technology|Internet Service Provider (ISP)
207364,ISP,Internet Service Provider (ISP)|Computer and Information Technology|Software Development
215556,Enterprise,"Service|Law, Business, and Consulting Services|Computer and Information Technology"
51720,ISP,Computer and Information Technology|Internet Service Provider (ISP)
215561,Other,Personal ASN|IPv6 only
215562,Other,Computer and Information Technology|IPv6 only
215563,Content/CDN,"Hosting, Cloud Provider, Data Center, Server Colocation|Computer and Information Technology"
43536,ISP,"Internet Service Provider (ISP)|Service|Investment, Portfolio Management, Pensions and Funds|Phone Provider"
59921,Eyeball,Validating RPKI ROV|Steam and Air-Conditioning Supply|Sewage Treatment|Utilities (Excluding Internet Service)
215569,Eyeball,Community Groups and Nonprofits|Eyeball
51733,ISP,Computer and Network Security|Not Validating RPKI ROV|Government and Public Administration|Computer and Information Technology
215576,Other,Computer and Information Technology|IPv6 only
35366,ISP,Content|Not Validating RPKI ROV|Internet Service Provider (ISP)|Elementary and Secondary Schools
35368,Enterprise,"Buildings, Repair, Maintenance (Pest Control, Landscaping, Cleaning, Locksmiths, Car Washes, etc)|Freight, Shipment, and Postal Services|Law, Business, and Consulting Services|Railroad Transportation"
207404,Enterprise,"Not Validating RPKI ROV|Metal, Glass, Wood, and Paper Manufacturing|Chemical and Pharmaceutical Manufacturing|Automotive and Transportation"
43566,ISP,Computer and Information Technology|Internet Service Provider (ISP)|Phone Provider|Software Development
207407,Other,Electronics and Computer Components|Manufacturing|Machinery
207408,ISP,Server Hosting|Not Validating RPKI ROV|Internet Service Provider (ISP)|Hosting and Cloud Provider
207411,Enterprise,"Law, Business, and Consulting Services|Construction and Real Estate|Service|Real Estate (Residential and/or Commercial)"
215606,ISP,Computer and Information Technology|Internet Service Provider (ISP)
215607,Other,Tor services|Computer and Information Technology
35388,ISP,"Computer and Information Technology|Retail Stores, Wholesale, and E-commerce Sites|Software Development|Internet Service Provider (ISP)"
59965,ISP,Internet Service Provider (ISP)|Computer and Information Technology
35391,Enterprise,"Machinery|Manufacturing|Law, Business, and Consulting Services|Service"
59971,Enterprise,"Law, Business, and Consulting Services|Service|Freight, Shipment, and Postal Services"
199241,Other,Personal ASN
207436,ISP,Internet Service Provider (ISP)|Computer and Information Technology
51795,Other,"Media, Publishing, and Broadcasting|Radio and Television Providers"
43607,Eyeball,Community Groups and Nonprofits|Server Hosting|Eyeball
59991,Other,Service
215641,Enterprise,"Computer and Information Technology|Software Development|Service|Law, Business, and Consulting Services"
207455,Other,Service
43617,Other,"Museums, Libraries, and Entertainment|Personal ASN"
215649,Other,"Museums, Libraries, and Entertainment"
60003,Academic/Edu,"Retail Stores, Wholesale, and E-commerce Sites|Other Schools, Instruction, and Exam Preparation (Trade Schools, Art Schools, Driving Instruction, etc.)|Computer and Information Technology|Education and Research"
207460,ISP,Internet Service Provider (ISP)|Computer and Information Technology
215653,ISP,Internet Service Provider (ISP)|Computer and Information Technology
43623,ISP,"Content|Not Validating RPKI ROV|Music and Video Industry|Law, Business, and Consulting Services"
199271,ISP,"Law, Business, and Consulting Services|Finance and Insurance|Insurance Carriers and Agencies|Service"
215658,Other,"Automotive and Transportation|Manufacturing|Trucking|Freight, Shipment, and Postal Services"
215665,ISP,"Internet Service Provider (ISP)|Computer and Information Technology|Hosting, Cloud Provider, Data Center, Server Colocation|Personal ASN"
215666,Other,Personal ASN|Computer and Information Technology|Computer and Network Security
51827,ISP,Computer and Information Technology|Internet Service Provider (ISP)
60020,Content/CDN,Hosting and Cloud Provider|Computer and Information Technology
199284,ISP,Eyeball|Validating RPKI ROV|Internet Service Provider (ISP)|Computer and Information Technology
207481,ISP,Not Validating RPKI ROV|Internet Service Provider (ISP)|Software Development|Computer and Information Technology
51834,Other,"Retail Stores, Wholesale, and E-commerce Sites"
199294,ISP,Software Development|Internet Service Provider (ISP)|Computer and Information Technology
51839,Academic/Edu,"Other Schools, Instruction, and Exam Preparation (Trade Schools, Art Schools, Driving Instruction, etc.)|Education and Research"
207486,ISP,"Service|Computer and Information Technology|Law, Business, and Consulting Services|Internet Service Provider (ISP)"
215681,Other,Personal ASN|IPv6 only
207491,Other,"Clothing, Fashion, Luggage|Retail Stores, Wholesale, and E-commerce Sites|Personal ASN"
215685,Eyeball,"Eyeball|Hosting, Cloud Provider, Data Center, Server Colocation|Computer and Information Technology|Personal ASN"
199306,Other,"Freight, Shipment, and Postal Services|Travel and Accommodation|Electric Power Generation, Transmission, Distribution|Manufacturing"
207498,ISP,"Retail Stores, Wholesale, and E-commerce Sites|Computer and Information Technology|Internet Service Provider (ISP)"
60044,ISP,Computer and Information Technology|Internet Service Provider (ISP)
207499,Other,Service|Finance and Insurance|Real Estate (Residential and/or Commercial)|Computer and Information Technology
207503,Other,"Retail Stores, Wholesale, and E-commerce Sites"
51861,Enterprise,"IPv6 only|Service|Law, Business, and Consulting Services|Freight, Shipment, and Postal Services"
51862,ISP,Internet Service Provider (ISP)|Computer and Information Technology
207510,Other,IPv6 only|Personal ASN
215703,Content/CDN,"Content|Recreation, Sports, and Performing Arts|Museums, Libraries, and Entertainment|Media, Publishing, and Broadcasting"
51871,ISP,Internet Service Provider (ISP)|Computer and Information Technology
60063,Other,"Electric Power Generation, Transmission, Distribution|Utilities (Excluding Internet Service)"
60069,Academic/Edu,Education and Research|Manufacturing|Research and Development Organizations|Automotive and Transportation
215717,Other,Health Care Services|Hospitals and Medical Centers
207530,ISP,"Personal ASN|IPv6 only|Computer and Information Technology|Hosting, Cloud Provider, Data Center, Server Colocation"
51887,ISP,"Computer and Information Technology|Software Development|Retail Stores, Wholesale, and E-commerce Sites|Internet Service Provider (ISP)"
207535,ISP,Internet Service Provider (ISP)|Computer and Information Technology
43701,Other,"Machinery|Electronics and Computer Components|Metal, Glass, Wood, and Paper Manufacturing|Automotive and Transportation"
51895,ISP,"Media, Publishing, and Broadcasting|Computer and Information Technology|Internet Service Provider (ISP)|Hosting and Cloud Provider"
199354,Academic/Edu,"Research and Development Organizations|Colleges, Universities, and Professional Schools|Education and Research|Academic"
35515,ISP,"Not Validating RPKI ROV|Law, Business, and Consulting Services|Computer and Information Technology|Hosting and Cloud Provider"
215738,Content/CDN,"Manufacturing|Electronics and Computer Components|Computer and Information Technology|Hosting, Cloud Provider, Data Center, Server Colocation"
215741,Other,Computer and Information Technology|Computer and Network Security
215744,Other,"Retail Stores, Wholesale, and E-commerce Sites"
51906,ISP,"Computer and Information Technology|Internet Service Provider (ISP)|Retail Stores, Wholesale, and E-commerce Sites|Hosting and Cloud Provider"
43722,Academic/Edu,"Service|Retail Stores, Wholesale, and E-commerce Sites|Education and Research"
215756,ISP,Computer and Information Technology|Internet Service Provider (ISP)|Corporate/Enterprise|Eyeball
35536,ISP,"Software Development|Hosting, Cloud Provider, Data Center, Server Colocation|Computer and Information Technology|Technology Consulting Services"
35537,ISP,IPv6 only|Internet Service Provider (ISP)|Computer and Information Technology
43729,ISP,Internet Service Provider (ISP)|Computer and Information Technology|Utilities (Excluding Internet Service)
51922,Enterprise,"Service|Law, Business, and Consulting Services|Retail Stores, Wholesale, and E-commerce Sites|Clothing, Fashion, Luggage"
207570,ISP,"Computer and Information Technology|Software Development|Internet Service Provider (ISP)|Retail Stores, Wholesale, and E-commerce Sites"
2773,ISP,"Internet Service Provider (ISP)|Service|Phone Provider|Retail Stores, Wholesale, and E-commerce Sites"
207572,ISP,Water Supply and Irrigation|Not Validating RPKI ROV|Computer and Information Technology|Steam and Air-Conditioning Supply
2775,ISP,"Phone Provider|Service|Computer and Information Technology|Retail Stores, Wholesale, and E-commerce Sites"
2776,ISP,Computer and Information Technology|Internet Service Provider (ISP)|Service|Phone Provider
2777,ISP,"Service|Phone Provider|Computer and Information Technology|Retail Stores, Wholesale, and E-commerce Sites"
2778,ISP,"Computer and Information Technology|Phone Provider|Retail Stores, Wholesale, and E-commerce Sites|Internet Service Provider (ISP)"
60123,Government,"Government and Public Administration|Government and Regulatory Agencies, Administrations, Departments, and Services"
2780,ISP,"Retail Stores, Wholesale, and E-commerce Sites|Computer and Information Technology|Internet Service Provider (ISP)|Service"
35548,ISP,"Retail Stores, Wholesale, and E-commerce Sites|Computer and Information Technology|Internet Service Provider (ISP)|Software Development"
2782,ISP,"Phone Provider|Computer and Information Technology|Retail Stores, Wholesale, and E-commerce Sites|Internet Service Provider (ISP)"
207580,ISP,Computer and Information Technology|Internet Service Provider (ISP)|Software Development|Computer and Network Security
60128,Content/CDN,"Service|Law, Business, and Consulting Services|Computer and Information Technology|Finance and Insurance"
207584,Other,"Media, Publishing, and Broadcasting|Computer and Information Technology|Music and Video Industry|Software Development"
215770,Other,Service
215774,ISP,Computer and Information Technology|Internet Service Provider (ISP)
215775,Unknown,
215778,Eyeball,"Buildings, Repair, Maintenance (Pest Control, Landscaping, Cleaning, Locksmiths, Car Washes, etc)|Computer and Information Technology|Law, Business, and Consulting Services|Computer and Network Security"
2792,ISP,Validating RPKI ROV|Computer and Information Technology|Internet Service Provider (ISP)
207592,ISP,Tranco 10k Host|Hosting and Cloud Provider|Internet Service Provider (ISP)|Software Development
215787,Content/CDN,Server Hosting|Computer and Information Technology
207596,Other,Computer and Information Technology|Personal ASN|IPv6 only
207597,Other,Manufacturing|Chemical and Pharmaceutical Manufacturing
215792,Other,"Agriculture, Mining, and Refineries (Farming, Greenhouses, Mining, Forestry, and Animal Farming)|Utilities (Excluding Internet Service)"
215797,Academic/Edu,Education and Research|Academic
60150,Other,"Validating RPKI ROV|Retail Stores, Wholesale, and E-commerce Sites"
199414,Other,"Retail Stores, Wholesale, and E-commerce Sites|Content"
207610,Other,Computer and Information Technology
207611,Academic/Edu,Education and Research
199421,ISP,Computer and Information Technology|Internet Service Provider (ISP)
207613,ISP,Internet Service Provider (ISP)|Computer and Information Technology|Personal ASN
60164,Enterprise,Technology Consulting Services|Computer and Information Technology|Software Development|Service
207622,Other,Service
60167,ISP,"Computer and Information Technology|Software Development|Internet Service Provider (ISP)|Retail Stores, Wholesale, and E-commerce Sites"
2822,Other,"Retail Stores, Wholesale, and E-commerce Sites|Food, Grocery, Beverages|Personal ASN"
60169,ISP,Carrier|Internet Service Provider (ISP)|Computer and Information Technology
51978,ISP,Business Broadband|Validating RPKI ROV|Internet Service Provider (ISP)|Computer and Information Technology
207626,Other,"Banks, Credit Card Companies, Mortgage Providers|Finance and Insurance"
43788,ISP,Software Development|Internet Service Provider (ISP)|Computer and Information Technology
215820,ISP,Computer and Information Technology|Internet Service Provider (ISP)|Personal ASN
199438,ISP,Internet Service Provider (ISP)|Computer and Information Technology
60175,ISP,Tranco 10k Host|Not Validating RPKI ROV|Manufacturing|Computer and Information Technology
207630,Other,"Service|Buildings, Repair, Maintenance (Pest Control, Landscaping, Cleaning, Locksmiths, Car Washes, etc)|Computer and Information Technology|Retail Stores, Wholesale, and E-commerce Sites"
215828,ISP,Eyeball|Internet Service Provider (ISP)|Computer and Information Technology|Anycast
60181,Content/CDN,"Software Development|Hosting and Cloud Provider|Law, Business, and Consulting Services|Service"
199446,Other,"Computer and Information Technology|Media, Publishing, and Broadcasting|Software Development|Service"
35607,ISP,Manufacturing|Machinery|Computer and Information Technology|Internet Service Provider (ISP)
215835,ISP,Computer and Information Technology|Internet Service Provider (ISP)
215837,ISP,Content|Server Hosting|Internet Service Provider (ISP)|Computer and Information Technology
215838,ISP,Computer and Information Technology|Internet Service Provider (ISP)
52001,Other,"Retail Stores, Wholesale, and E-commerce Sites|Computer and Information Technology|Service"
35618,Content/CDN,"Media, Publishing, and Broadcasting|Computer and Information Technology|Print Media (Newspapers, Magazines, Books)|Hosting and Cloud Provider"
2851,ISP,Internet Service Provider (ISP)|Computer and Information Technology
133924,Other,Manufacturing
199460,ISP,Internet Service Provider (ISP)|Computer and Information Technology
207654,Content/CDN,Hosting and Cloud Provider|Computer and Information Technology
2857,Eyeball,"Eyeball|Validating RPKI ROV|Colleges, Universities, and Professional Schools|Education and Research"
215849,ISP,Eyeball|Internet Service Provider (ISP)|Computer and Information Technology|Personal ASN
52012,Other,Manufacturing|Machinery|Automotive and Transportation
2861,Other,Validating RPKI ROV|Buildings (Residential or Commercial)|Construction and Real Estate
199471,Eyeball,"Eyeball|Media, Publishing, and Broadcasting|Online Informational Content|Validating RPKI ROV"
60209,ISP,Computer and Information Technology|Internet Service Provider (ISP)|Service
60211,ISP,Internet Service Provider (ISP)|Computer and Information Technology
199476,ISP,Computer and Information Technology|Internet Service Provider (ISP)
215859,ISP,Content|Internet Service Provider (ISP)|Computer and Information Technology|Server Hosting
215866,ISP,Computer and Information Technology|Internet Service Provider (ISP)
207678,Other,"Museums, Libraries, and Entertainment|Recreation, Sports, and Performing Arts"
199488,ISP,IPv6 only|Personal ASN|Internet Service Provider (ISP)|Manufacturing
215876,Other,Service
52038,Other,"Freight, Shipment, and Postal Services|Retail Stores, Wholesale, and E-commerce Sites|Food, Beverage, and Tobacco|Food, Grocery, Beverages"
43847,ISP,Hosting and Cloud Provider|Not Validating RPKI ROV|Internet Service Provider (ISP)|Computer and Information Technology
207686,ISP,Internet Service Provider (ISP)|Computer and Information Technology
35657,Other,"Retail Stores, Wholesale, and E-commerce Sites"
215879,ISP,Internet Service Provider (ISP)|Computer and Information Technology
35659,Other,Computer and Information Technology|Software Development
60235,Other,"Retail Stores, Wholesale, and E-commerce Sites|Computer and Information Technology"
207695,ISP,"Server Hosting|Service|Online Informational Content|Media, Publishing, and Broadcasting"
43857,ISP,Internet Service Provider (ISP)|Validating RPKI ROV|Computer and Information Technology
52051,ISP,Internet Service Provider (ISP)|Computer and Information Technology
207706,Other,"Retail Stores, Wholesale, and E-commerce Sites"
35675,Other,Community Groups and Nonprofits
43868,ISP,Internet Service Provider (ISP)|Computer and Information Technology|Software Development
35677,Government,"Banks, Credit Card Companies, Mortgage Providers|Government and Public Administration|Finance and Insurance|Government and Regulatory Agencies, Administrations, Departments, and Services"
60253,ISP,Software Development|Computer and Information Technology|Internet Service Provider (ISP)
35679,Government,"Government and Public Administration|Museums, Libraries, and Entertainment|Government and Regulatory Agencies, Administrations, Departments, and Services"
60254,Content/CDN,Service|Hosting and Cloud Provider|Computer and Information Technology|Corporate/Enterprise
207707,Other,"Automotive and Transportation|Manufacturing|Motor Vehicles and Parts|Retail Stores, Wholesale, and E-commerce Sites"
35684,ISP,"Computer and Information Technology|Computer and Network Security|Military, Defense, National Security, and International Affairs|Government and Public Administration"
207716,Academic/Edu,Education and Research|IPv6 only
60264,Enterprise,"Retail Stores, Wholesale, and E-commerce Sites|Natural Gas Distribution|Freight, Shipment, and Postal Services|Law, Business, and Consulting Services"
207720,Other,Software Development|Computer and Information Technology|Manufacturing|Electronics and Computer Components
207721,Other,Computer and Information Technology
60272,Other,"Chemical and Pharmaceutical Manufacturing|Food, Beverage, and Tobacco|Manufacturing"
207732,ISP,Computer and Information Technology|Software Development|Internet Service Provider (ISP)
35704,Content/CDN,Tranco 10k Host|Government and Public Administration|Computer and Information Technology|Hosting and Cloud Provider
43897,Eyeball,"Machinery|Metal, Glass, Wood, and Paper Manufacturing|Manufacturing|Retail Stores, Wholesale, and E-commerce Sites"
52088,ISP,Internet Service Provider (ISP)|Computer and Information Technology
35708,ISP,Internet Service Provider (ISP)|Computer and Information Technology
207741,Academic/Edu,"Retail Stores, Wholesale, and E-commerce Sites|Education and Research|Service"
35710,ISP,Validating RPKI ROV|Computer and Information Technology|Internet Service Provider (ISP)
43902,ISP,Hosting and Cloud Provider|Computer and Information Technology|Internet Service Provider (ISP)
207749,Other,"Steam and Air-Conditioning Supply|Electric Power Generation, Transmission, Distribution|Utilities (Excluding Internet Service)|Passenger Transit (Car, Bus, Taxi, Subway)"
43910,Other,"Computer and Information Technology|Retail Stores, Wholesale, and E-commerce Sites|Software Development|Computer and Network Security"
43911,ISP,Personal ASN|Internet Service Provider (ISP)|Computer and Information Technology
60294,ISP,Eyeball|Not Validating RPKI ROV|Internet Service Provider (ISP)|Computer and Information Technology
35721,Enterprise,"Finance and Insurance|Law, Business, and Consulting Services|Service|Investment, Portfolio Management, Pensions and Funds"
60295,Other,Other
199563,ISP,"Internet Service Provider (ISP)|Retail Stores, Wholesale, and E-commerce Sites|Metal, Glass, Wood, and Paper Manufacturing|Computer and Information Technology"
35724,ISP,"Internet Service Provider (ISP)|Software Development|Computer and Information Technology|Freight, Shipment, and Postal Services"
52112,Content/CDN,Content|Construction and Real Estate|Buildings (Residential or Commercial)|Anycast
52113,ISP,"Computer and Information Technology|Law, Business, and Consulting Services|Hosting and Cloud Provider|Internet Service Provider (ISP)"
60305,ISP,"Software Development|Computer and Information Technology|Retail Stores, Wholesale, and E-commerce Sites|Internet Service Provider (ISP)"
60307,ISP,Internet Service Provider (ISP)|Computer and Information Technology
199574,Other,Service
215960,Other,Validating RPKI ROV|Tor services|Computer and Information Technology
199578,Academic/Edu,"Academic|Validating RPKI ROV|Education and Research|Colleges, Universities, and Professional Schools"
35739,Other,Not Validating RPKI ROV|Tranco 10k Host|Online Informational Content|Radio and Television Providers
60316,ISP,Internet Service Provider (ISP)|Computer and Information Technology
207775,Other,Manufacturing|Electronics and Computer Components
207776,ISP,Software Development|Internet Service Provider (ISP)|Computer and Information Technology
35746,Academic/Edu,"Other Schools, Instruction, and Exam Preparation (Trade Schools, Art Schools, Driving Instruction, etc.)|Computer and Information Technology|Education and Research|Software Development"
207781,Eyeball,"Eyeball|Machinery|Manufacturing|Metal, Glass, Wood, and Paper Manufacturing"
199597,Other,"Travel and Accommodation|Museums, Libraries, and Entertainment|Food Services and Drinking Places|Recreation, Sports, and Performing Arts"
207790,ISP,Computer and Information Technology|Internet Service Provider (ISP)
207792,Eyeball,"Recreation, Sports, and Performing Arts|Museums, Libraries, and Entertainment|Personal ASN|IPv6 only"
207793,Enterprise,"Computer and Information Technology|Construction and Real Estate|Law, Business, and Consulting Services|Retail Stores, Wholesale, and E-commerce Sites"
215986,Other,"Museums, Libraries, and Entertainment|Recreation, Sports, and Performing Arts"
215987,ISP,Computer and Information Technology|Internet Service Provider (ISP)
43959,ISP,Computer and Information Technology|Hosting and Cloud Provider|Internet Service Provider (ISP)|Technology Consulting Services
60344,Enterprise,"Hospitals and Medical Centers|Buildings, Repair, Maintenance (Pest Control, Landscaping, Cleaning, Locksmiths, Car Washes, etc)|Law, Business, and Consulting Services|Health Care Services"
60345,Eyeball,Eyeball|Computer and Information Technology|Education and Research|Research and Development Organizations
199610,ISP,Content|Computer and Information Technology|Internet Service Provider (ISP)|Software Development
215992,ISP,Computer and Information Technology|Internet Service Provider (ISP)|Software Development
215996,ISP,Internet Service Provider (ISP)|Computer and Information Technology
52158,Other,Construction and Real Estate|Electronics and Computer Components|Machinery|Manufacturing
60351,ISP,Internet Service Provider (ISP)|Computer and Information Technology
215998,Other,Software Development|Computer and Information Technology
43978,ISP,Internet Service Provider (ISP)|Hosting and Cloud Provider|Software Development|Computer and Information Technology
43980,Other,"Food Services and Drinking Places|Retail Stores, Wholesale, and E-commerce Sites|Freight, Shipment, and Postal Services|Travel and Accommodation"
207821,ISP,Internet Service Provider (ISP)|Validating RPKI ROV|Computer and Information Technology
43992,ISP,"Computer and Information Technology|Internet Service Provider (ISP)|Hosting, Cloud Provider, Data Center, Server Colocation|Technology Consulting Services"
207834,Other,"Hotels, Motels, Inns, Other Traveler Accommodation|Travel and Accommodation"
35803,Other,"Banks, Credit Card Companies, Mortgage Providers|Finance and Insurance"
60380,ISP,Computer and Information Technology|Hosting and Cloud Provider|Internet Service Provider (ISP)
199644,Other,"Retail Stores, Wholesale, and E-commerce Sites|Clothing, Fashion, Luggage|Manufacturing"
199645,ISP,Computer and Information Technology|Internet Service Provider (ISP)
44003,Other,"Freight, Shipment, and Postal Services|Travel and Accommodation|Trucking"
60393,Other,"Not Validating RPKI ROV|Retail Stores, Wholesale, and E-commerce Sites|Buildings, Repair, Maintenance (Pest Control, Landscaping, Cleaning, Locksmiths, Car Washes, etc)|Service"
216041,Enterprise,"Service|Law, Business, and Consulting Services"
60400,Enterprise,"Computer and Information Technology|Law, Business, and Consulting Services|Service|Software Development"
44017,Other,Community Groups and Nonprofits
44018,Other,"Computer and Information Technology|Freight, Shipment, and Postal Services|Software Development"
44023,Other,"Media, Publishing, and Broadcasting|Radio and Television Providers|Online Informational Content"
35833,ISP,Internet Service Provider (ISP)|Computer and Information Technology
199679,Other,Electronics and Computer Components|Manufacturing|Personal ASN
207871,ISP,Not Validating RPKI ROV|Internet Service Provider (ISP)|Computer and Information Technology|Eyeball
60417,Academic/Edu,"Real Estate (Residential and/or Commercial)|Service|Buildings, Repair, Maintenance (Pest Control, Landscaping, Cleaning, Locksmiths, Car Washes, etc)|Research and Development Organizations"
199681,Other,Manufacturing|Electronics and Computer Components|IPv6 only|Personal ASN
216063,ISP,Tor services|Computer and Information Technology|Internet Service Provider (ISP)
216065,Other,"Museums, Libraries, and Entertainment|IPv6 only"
216067,ISP,Carrier|Computer and Information Technology|Internet Service Provider (ISP)|Software Development
207878,Other,"Freight, Shipment, and Postal Services"
207882,ISP,Computer and Information Technology|Internet Service Provider (ISP)
216078,Content/CDN,"Server Hosting|Computer and Information Technology|Hosting, Cloud Provider, Data Center, Server Colocation"
216079,Other,"Online Informational Content|Media, Publishing, and Broadcasting|Personal ASN|IPv6 only"
207888,ISP,Computer and Information Technology|Internet Service Provider (ISP)
216081,Content/CDN,"Computer and Information Technology|Hosting, Cloud Provider, Data Center, Server Colocation"
199703,Unknown,
44058,ISP,Computer and Information Technology|Software Development|Internet Service Provider (ISP)
207902,Other,"IPv6 only|Retail Stores, Wholesale, and E-commerce Sites"
216094,ISP,Computer and Information Technology|Internet Service Provider (ISP)
44064,ISP,"Retail Stores, Wholesale, and E-commerce Sites|Computer and Information Technology|Software Development|Internet Service Provider (ISP)"
44066,ISP,Eyeball|Not Validating RPKI ROV|Computer and Information Technology|Internet Service Provider (ISP)
199714,Other,Buildings (Residential or Commercial)|Construction and Real Estate|IPv6 only
207908,Other,"Media, Publishing, and Broadcasting|Music and Video Industry"
60454,Enterprise,"Metal, Glass, Wood, and Paper Manufacturing|Service|Law, Business, and Consulting Services|Manufacturing"
44076,Other,Computer and Information Technology
60461,ISP,Computer and Information Technology|Internet Service Provider (ISP)
199725,Other,"Manufacturing|Retail Stores, Wholesale, and E-commerce Sites|Electronics and Computer Components"
207918,Other,"Retail Stores, Wholesale, and E-commerce Sites"
207921,Other,"Retail Stores, Wholesale, and E-commerce Sites"
216114,Other,Computer and Information Technology|Health Care Services|Software Development|Manufacturing
207926,ISP,Computer and Information Technology|Internet Service Provider (ISP)|Utilities (Excluding Internet Service)
216127,ISP,Server Hosting|Internet Service Provider (ISP)|Computer and Information Technology|Tor services
60480,Other,"Service|Personal Care and Lifestyle (Barber Shops, Nail Salons, Diet Centers, Laundry, etc)"
60481,Enterprise,"Community Groups and Nonprofits|Service|Law, Business, and Consulting Services"
199746,Other,"Retail Stores, Wholesale, and E-commerce Sites"
207939,Enterprise,"Law, Business, and Consulting Services|Service|Computer and Information Technology"
207940,Eyeball,"Education and Research|Colleges, Universities, and Professional Schools|Personal ASN|IPv6 only"
216134,Other,"Manufacturing|Automotive and Transportation|Retail Stores, Wholesale, and E-commerce Sites"
207943,Other,"Civil Engineering Construction (Utility Lines, Roads and Bridges)|Construction and Real Estate"
199753,ISP,"Software Development|VPN Host|Internet Service Provider (ISP)|Other Schools, Instruction, and Exam Preparation (Trade Schools, Art Schools, Driving Instruction, etc.)"
207946,Enterprise,"Computer and Information Technology|Law, Business, and Consulting Services|Freight, Shipment, and Postal Services|Service"
216143,Other,Computer and Information Technology
216150,ISP,Computer and Information Technology|Internet Service Provider (ISP)
207959,ISP,"Service|Internet Service Provider (ISP)|Media, Publishing, and Broadcasting|Retail Stores, Wholesale, and E-commerce Sites"
216152,Other,"Retail Stores, Wholesale, and E-commerce Sites|Other|Food, Grocery, Beverages"
207961,Other,"Freight, Shipment, and Postal Services"
3163,ISP,Validating RPKI ROV|Computer and Information Technology|Internet Service Provider (ISP)|VPN Host
199771,Academic/Edu,"Elementary and Secondary Schools|Education and Research|Colleges, Universities, and Professional Schools"
207963,Other,Real Estate (Residential and/or Commercial)|Buildings (Residential or Commercial)|Construction and Real Estate
199776,ISP,"Service|Computer and Information Technology|Law, Business, and Consulting Services|Internet Service Provider (ISP)"
207968,Other,"Personal ASN|IPv6 only|Social Assistance (Temporary Shelters, Emergency Relief, Child Day Care, etc)|Human Rights and Social Advocacy (Human Rights, Environment and Wildlife Conservation, Other)"
44131,Other,Search|Computer and Information Technology
216168,Other,"Utilities (Excluding Internet Service)|Electric Power Generation, Transmission, Distribution|Agriculture, Mining, and Refineries (Farming, Greenhouses, Mining, Forestry, and Animal Farming)"
60522,ISP,Eyeball|Not Validating RPKI ROV|Internet Service Provider (ISP)|Computer and Information Technology
199786,Other,"Freight, Shipment, and Postal Services"
199789,ISP,Computer and Information Technology|Internet Service Provider (ISP)
216176,Other,Personal ASN
44152,Other,Computer and Information Technology|Software Development
199801,Enterprise,"Law, Business, and Consulting Services|Accountants, Tax Preparers, Payroll Services|Finance and Insurance|Service"
60538,Other,"Software Development|Finance and Insurance|Banks, Credit Card Companies, Mortgage Providers|Computer and Information Technology"
44156,ISP,"Service|Machinery|Construction and Real Estate|Buildings, Repair, Maintenance (Pest Control, Landscaping, Cleaning, Locksmiths, Car Washes, etc)"
216188,ISP,Internet Service Provider (ISP)|Computer and Information Technology
207999,ISP,"Computer and Information Technology|Software Development|Print Media (Newspapers, Magazines, Books)|Service"
216197,Academic/Edu,Education and Research
60550,Content/CDN,Content|Hosting and Cloud Provider|Computer and Information Technology
3209,ISP,Eyeball|Not Validating RPKI ROV|Internet Service Provider (ISP)|Computer and Information Technology
3211,ISP,Computer and Information Technology|Internet Service Provider (ISP)|Phone Provider
208013,Content/CDN,"Retail Stores, Wholesale, and E-commerce Sites|Hosting and Cloud Provider|Software Development|Computer and Information Technology"
3214,ISP,Content|Validating RPKI ROV|Computer and Information Technology|Internet Service Provider (ISP)
199822,ISP,Computer and Information Technology|Internet Service Provider (ISP)
208015,ISP,Hosting and Cloud Provider|Computer and Information Technology|Service|Software Development
44177,Other,Computer and Information Technology
44178,ISP,Internet Service Provider (ISP)|Computer and Information Technology
208016,Other,Computer and Information Technology
44180,ISP,"Eyeball|Not Validating RPKI ROV|Retail Stores, Wholesale, and E-commerce Sites|Internet Service Provider (ISP)"
208025,Other,"Media, Publishing, and Broadcasting"
60571,Other,Food Services and Drinking Places|Travel and Accommodation
208028,Other,"Buildings, Repair, Maintenance (Pest Control, Landscaping, Cleaning, Locksmiths, Car Washes, etc)|Service"
216219,Unknown,
60576,Other,"Computer and Information Technology|Museums, Libraries, and Entertainment|Software Development"
44194,Other,"Community Groups and Nonprofits|Not Validating RPKI ROV|Human Rights and Social Advocacy (Human Rights, Environment and Wildlife Conservation, Other)"
216233,Eyeball,"Eyeball|Museums, Libraries, and Entertainment|Personal ASN"
199854,ISP,Computer and Information Technology|Internet Service Provider (ISP)|IPv6 only|Personal ASN
3247,Academic/Edu,"Buildings, Repair, Maintenance (Pest Control, Landscaping, Cleaning, Locksmiths, Car Washes, etc)|Law, Business, and Consulting Services|Other Schools, Instruction, and Exam Preparation (Trade Schools, Art Schools, Driving Instruction, etc.)|Education and Research"
44207,Enterprise,Computer and Information Technology|Software Development|Online Music and Video Streaming Services|Service
208050,Content/CDN,"Hosting and Cloud Provider|Software Development|Service|Law, Business, and Consulting Services"
208054,ISP,Internet Service Provider (ISP)|Software Development|Computer and Information Technology
44215,Enterprise,"Metal, Glass, Wood, and Paper Manufacturing|Law, Business, and Consulting Services|Manufacturing|Service"
208058,Other,"Agriculture, Mining, and Refineries (Farming, Greenhouses, Mining, Forestry, and Animal Farming)"
208059,Eyeball,Eyeball|Service|Anycast|Personal ASN
44225,ISP,Computer and Information Technology|Internet Service Provider (ISP)
44227,Content/CDN,Computer and Information Technology|Hosting and Cloud Provider|Software Development
199876,ISP,Internet Service Provider (ISP)|Community Groups and Nonprofits|Computer and Information Technology|Software Development
44229,ISP,"Service|Law, Business, and Consulting Services|Phone Provider|Internet Service Provider (ISP)"
199877,Enterprise,"Service|Law, Business, and Consulting Services|Computer and Information Technology"
3271,Content/CDN,Hosting and Cloud Provider|Service|Software Development|Education and Research
44231,Other,"Retail Stores, Wholesale, and E-commerce Sites|Chemical and Pharmaceutical Manufacturing|Manufacturing"
199880,Other,Community Groups and Nonprofits|Churches and Religious Organizations
208068,Other,Service|IPv6 only|Personal ASN
216260,Content/CDN,"Hosting, Cloud Provider, Data Center, Server Colocation|Computer and Information Technology|IPv6 only|Personal ASN"
216262,ISP,Software Development|Internet Service Provider (ISP)|Computer and Information Technology
216267,Eyeball,"Electronics and Computer Components|Computer and Information Technology|Manufacturing|Hosting, Cloud Provider, Data Center, Server Colocation"
3278,Enterprise,Computer and Information Technology|Manufacturing|Service|Machinery
216277,ISP,Computer and Information Technology|Internet Service Provider (ISP)
208089,Other,"Computer and Information Technology|Retail Stores, Wholesale, and E-commerce Sites"
216282,Other,Service
208101,Other,"Service|Retail Stores, Wholesale, and E-commerce Sites|Food, Grocery, Beverages|Tor services"
199912,Other,Tor services|Software Development|Computer and Information Technology
216296,Other,Construction and Real Estate|Buildings (Residential or Commercial)|IPv6 only|Content
208106,Content/CDN,"Hosting and Cloud Provider|Computer and Information Technology|Retail Stores, Wholesale, and E-commerce Sites"
199918,Other,"Tor services|Service|Media, Publishing, and Broadcasting|Anycast"
44273,ISP,"Anycast|Computer and Network Security|Retail Stores, Wholesale, and E-commerce Sites|Computer and Information Technology"
3320,ISP,T1|Validating RPKI ROV|Computer and Information Technology|Internet Service Provider (ISP)
60664,ISP,Eyeball|Computer and Information Technology|Hosting and Cloud Provider|Internet Service Provider (ISP)
199928,Content/CDN,"Hosting and Cloud Provider|Software Development|Computer and Information Technology|Law, Business, and Consulting Services"
44283,Other,Software Development|Computer and Information Technology|Service
60669,Enterprise,"Service|Law, Business, and Consulting Services"
199938,ISP,Content|Internet Service Provider (ISP)|Computer and Information Technology|Server Hosting
3331,ISP,Computer and Information Technology|Not Validating RPKI ROV|Internet Service Provider (ISP)
208134,ISP,"Retail Stores, Wholesale, and E-commerce Sites|Computer and Information Technology|Internet Service Provider (ISP)"
208135,Other,Validating RPKI ROV|Real Estate (Residential and/or Commercial)|Construction and Real Estate|Personal ASN
3337,Other,Validating RPKI ROV|Manufacturing|Service|Machinery
44298,Other,Service
216330,ISP,"Internet Service Provider (ISP)|Hosting, Cloud Provider, Data Center, Server Colocation|Computer and Information Technology|Personal ASN"
216331,ISP,Computer and Information Technology|Internet Service Provider (ISP)
216333,Enterprise,"Content|Law, Business, and Consulting Services|Computer and Information Technology|Service"
60689,ISP,"Service|Internet Service Provider (ISP)|Media, Publishing, and Broadcasting|Law, Business, and Consulting Services"
208146,Academic/Edu,Education and Research|IPv6 only
208151,ISP,Computer and Information Technology|Health Care Services|Insurance Carriers and Agencies|Finance and Insurance
199960,ISP,Computer and Information Technology|Software Development|Internet Service Provider (ISP)
199963,Enterprise,"Service|Law, Business, and Consulting Services|Corporate/Enterprise"
216351,Other,"Food, Beverage, and Tobacco|Manufacturing|Personal ASN"
208162,Content/CDN,"Law, Business, and Consulting Services|Research and Development Organizations|Electric Power Generation, Transmission, Distribution|Hosting and Cloud Provider"
208163,Enterprise,"Law, Business, and Consulting Services|Service"
208169,Other,"Validating RPKI ROV|Community Groups and Nonprofits|Human Rights and Social Advocacy (Human Rights, Environment and Wildlife Conservation, Other)"
199982,ISP,Internet Service Provider (ISP)|Computer and Information Technology|Personal ASN
44335,ISP,Computer and Information Technology|Hosting and Cloud Provider|Internet Service Provider (ISP)
208175,Content/CDN,Software Development|Computer and Information Technology|Phone Provider|Hosting and Cloud Provider
216367,Eyeball,Computer and Information Technology|Eyeball
44339,ISP,Technology Consulting Services|Internet Service Provider (ISP)|Computer and Information Technology
208183,Eyeball,"Eyeball|Retail Stores, Wholesale, and E-commerce Sites|Computer and Information Technology|Validating RPKI ROV"
60729,Eyeball,Eyeball|Validating RPKI ROV|Community Groups and Nonprofits|Tor services
208187,Content/CDN,Phone Provider|Hosting and Cloud Provider|Software Development|Computer and Information Technology
200003,Other,Not Validating RPKI ROV|Real Estate (Residential and/or Commercial)|Construction and Real Estate
216387,ISP,Internet Service Provider (ISP)|Computer and Information Technology
216390,Unknown,
200011,Content/CDN,Software Development|Hosting and Cloud Provider|Computer and Information Technology
208203,Other,"Utilities (Excluding Internet Service)|Electric Power Generation, Transmission, Distribution|Computer and Information Technology|Agriculture, Mining, and Refineries (Farming, Greenhouses, Mining, Forestry, and Animal Farming)"
44365,ISP,Not Validating RPKI ROV|Computer and Information Technology|Internet Service Provider (ISP)
208204,ISP,Hosting and Cloud Provider|Computer and Information Technology|Internet Service Provider (ISP)
208206,Other,Computer and Information Technology
208208,Content/CDN,"Tor services|Not Validating RPKI ROV|Agriculture, Mining, and Refineries (Farming, Greenhouses, Mining, Forestry, and Animal Farming)|Manufacturing"
216398,Academic/Edu,"Education and Research|Colleges, Universities, and Professional Schools|Content"
216401,Other,"Personal ASN|Online Informational Content|Media, Publishing, and Broadcasting|IPv6 only"
216403,Other,Health Care Services
216404,Other,Manufacturing
208218,ISP,"Computer and Information Technology|Retail Stores, Wholesale, and E-commerce Sites|Internet Service Provider (ISP)|Hosting and Cloud Provider"
60767,Enterprise,"Personal ASN|Validating RPKI ROV|Law, Business, and Consulting Services|Service"
200032,Other,Churches and Religious Organizations|Community Groups and Nonprofits
208228,Enterprise,"Hospitals and Medical Centers|Health Care Services|Social Assistance (Temporary Shelters, Emergency Relief, Child Day Care, etc)|Nursing, Residential Care Facilities, Assisted Living, and Home Health Care"
60774,ISP,"Service|Law, Business, and Consulting Services|Internet Service Provider (ISP)|Computer and Information Technology"
208230,Other,Community Groups and Nonprofits|Hospitals and Medical Centers|Health Care Services
60776,Enterprise,"Computer and Information Technology|Law, Business, and Consulting Services|Service"
208235,ISP,Not Validating RPKI ROV|Computer and Information Technology|Internet Service Provider (ISP)
208236,Other,"Retail Stores, Wholesale, and E-commerce Sites"
216427,Other,Computer and Information Technology|Software Development|Personal ASN|IPv6 only
208238,Enterprise,"Computer and Information Technology|Service|Law, Business, and Consulting Services"
44404,Other,Not Validating RPKI ROV|Computer and Information Technology|Software Development
60789,ISP,Software Development|Internet Service Provider (ISP)|Computer and Information Technology
44409,Other,"Banks, Credit Card Companies, Mortgage Providers|Finance and Insurance"
208250,ISP,"Internet Service Provider (ISP)|Hosting and Cloud Provider|Retail Stores, Wholesale, and E-commerce Sites|Software Development"
44414,ISP,"Retail Stores, Wholesale, and E-commerce Sites|Computer and Information Technology|Internet Service Provider (ISP)"
44415,ISP,"Internet Service Provider (ISP)|Computer and Information Technology|Retail Stores, Wholesale, and E-commerce Sites"
60799,Other,"Banks, Credit Card Companies, Mortgage Providers|Finance and Insurance"
200062,ISP,Server Hosting|Internet Service Provider (ISP)|Computer and Information Technology|Hosting and Cloud Provider
60802,Other,Personal ASN|Music and Video Industry|Online Music and Video Streaming Services|Computer and Information Technology
216451,ISP,Internet Service Provider (ISP)|Computer and Information Technology
208262,Other,Community Groups and Nonprofits
216459,Enterprise,"Law, Business, and Consulting Services|Service"
200081,ISP,VPN Host|Validating RPKI ROV|Hosting and Cloud Provider|Software Development
216466,Other,Computer and Information Technology|Technology Consulting Services
44438,Other,"Museums, Libraries, and Entertainment"
200086,ISP,Computer and Information Technology|Internet Service Provider (ISP)
60824,ISP,Academic|Internet Service Provider (ISP)|Computer and Information Technology
216474,Other,"Retail Stores, Wholesale, and E-commerce Sites|Civil Engineering Construction (Utility Lines, Roads and Bridges)|Agriculture, Mining, and Refineries (Farming, Greenhouses, Mining, Forestry, and Animal Farming)|Manufacturing"
200093,ISP,"Service|Retail Stores, Wholesale, and E-commerce Sites|Law, Business, and Consulting Services|Computer and Information Technology"
208290,ISP,Not Validating RPKI ROV|Computer and Information Technology|Phone Provider|Internet Service Provider (ISP)
44458,Other,Software Development|Computer and Information Technology
60845,ISP,"Insurance Carriers and Agencies|Law, Business, and Consulting Services|Banks, Credit Card Companies, Mortgage Providers|Finance and Insurance"
200109,Other,"Retail Stores, Wholesale, and E-commerce Sites|Computer and Information Technology|Tranco 10k Host"
208301,Government,"Government and Public Administration|Government and Regulatory Agencies, Administrations, Departments, and Services|Personal ASN"
200117,Other,Computer and Network Security|Computer and Information Technology
200119,ISP,Internet Service Provider (ISP)|Computer and Information Technology|Home ISP|Business Broadband
208321,Enterprise,"Law, Business, and Consulting Services|Service"
44486,ISP,Content|Not Validating RPKI ROV|Computer and Information Technology|Internet Service Provider (ISP)
44496,ISP,Computer and Information Technology|Internet Service Provider (ISP)|Personal ASN|IPv6 only
44497,ISP,"Computer and Information Technology|Internet Service Provider (ISP)|Software Development|Retail Stores, Wholesale, and E-commerce Sites"
44499,ISP,"Service|Media, Publishing, and Broadcasting|Computer and Information Technology|Internet Service Provider (ISP)"
208340,Other,"Print Media (Newspapers, Magazines, Books)|Media, Publishing, and Broadcasting|Personal ASN"
208342,Other,"Human Rights and Social Advocacy (Human Rights, Environment and Wildlife Conservation, Other)|Community Groups and Nonprofits"
44510,ISP,"Internet Service Provider (ISP)|Computer and Information Technology|Service|Law, Business, and Consulting Services"
200159,ISP,Computer and Information Technology|Hosting and Cloud Provider|Internet Service Provider (ISP)
208366,ISP,Anycast|Computer and Information Technology|Internet Service Provider (ISP)|Internet Critical Infra
208372,Academic/Edu,Computer and Information Technology|Education and Research|Elementary and Secondary Schools
200183,Enterprise,"Software Development|Media, Publishing, and Broadcasting|Law, Business, and Consulting Services|Computer and Information Technology"
200187,ISP,Internet Service Provider (ISP)|Computer and Information Technology
60926,Other,Health Care Services
44545,ISP,Finance and Insurance|Computer and Information Technology|Education and Research|Software Development
208395,Enterprise,"Service|Law, Business, and Consulting Services|Buildings, Repair, Maintenance (Pest Control, Landscaping, Cleaning, Locksmiths, Car Washes, etc)"
200207,Enterprise,"Law, Business, and Consulting Services|Computer and Information Technology|Service"
200209,Enterprise,"Law, Business, and Consulting Services|Service"
60948,Enterprise,"Buildings (Residential or Commercial)|Law, Business, and Consulting Services|Construction and Real Estate|Online Informational Content"
44569,Other,"Automotive and Transportation|Retail Stores, Wholesale, and E-commerce Sites|Manufacturing"
60955,Enterprise,"Content|Law, Business, and Consulting Services|Service|Buildings, Repair, Maintenance (Pest Control, Landscaping, Cleaning, Locksmiths, Car Washes, etc)"
200220,ISP,Hosting and Cloud Provider|Computer and Information Technology|Internet Service Provider (ISP)
200224,Unknown,
200225,ISP,Computer and Information Technology|Internet Service Provider (ISP)|Utilities (Excluding Internet Service)
200229,ISP,Computer and Information Technology|Internet Service Provider (ISP)|Personal ASN|Content
200230,Other,Personal ASN
3624,ISP,Internet Service Provider (ISP)|Not Validating RPKI ROV|Computer and Information Technology
200237,Other,Personal ASN
200238,ISP,Internet Service Provider (ISP)|Software Development|Computer and Information Technology
208431,ISP,"Technology Consulting Services|Service|Computer and Information Technology|Law, Business, and Consulting Services"
200242,Eyeball,Eyeball|Computer and Information Technology|Anycast|Validating RPKI ROV
60979,Content/CDN,"Retail Stores, Wholesale, and E-commerce Sites|Computer and Information Technology|Hosting and Cloud Provider"
208434,Other,"Personal ASN|Retail Stores, Wholesale, and E-commerce Sites|IPv6 only"
44599,Other,"Buildings, Repair, Maintenance (Pest Control, Landscaping, Cleaning, Locksmiths, Car Washes, etc)|Retail Stores, Wholesale, and E-commerce Sites|Service|Clothing, Fashion, Luggage"
200249,Enterprise,"Content|Online Informational Content|Media, Publishing, and Broadcasting|Corporate/Enterprise"
208444,Content/CDN,Computer and Information Technology|Hosting and Cloud Provider
60991,ISP,Computer and Information Technology|Internet Service Provider (ISP)
200258,Other,IPv6 only
208451,Other,"Not Validating RPKI ROV|Retail Stores, Wholesale, and E-commerce Sites|Buildings, Repair, Maintenance (Pest Control, Landscaping, Cleaning, Locksmiths, Car Washes, etc)|Construction and Real Estate"
208452,Other,"Radio and Television Providers|Media, Publishing, and Broadcasting|Music and Video Industry"
60997,Government,"Health Care Services|Nursing, Residential Care Facilities, Assisted Living, and Home Health Care|Government"
208454,Academic/Edu,Education and Research|IPv6 only|Personal ASN
208460,ISP,Internet Service Provider (ISP)|Computer and Information Technology|Personal ASN|IPv6 only
208462,ISP,"Software Development|Service|Buildings, Repair, Maintenance (Pest Control, Landscaping, Cleaning, Locksmiths, Car Washes, etc)|Law, Business, and Consulting Services"
208463,Other,Service|Electronics and Computer Components|Automotive and Transportation|Manufacturing
200275,ISP,Computer and Information Technology|Internet Service Provider (ISP)|Software Development
200278,ISP,Personal ASN|Not Validating RPKI ROV|Internet Service Provider (ISP)|Computer and Information Technology
208470,Other,"Not Validating RPKI ROV|Retail Stores, Wholesale, and E-commerce Sites|Service|Buildings, Repair, Maintenance (Pest Control, Landscaping, Cleaning, Locksmiths, Car Washes, etc)"
208474,Content/CDN,Hosting and Cloud Provider|Computer and Information Technology
208477,Other,Software Development|Computer and Information Technology|Personal ASN
208480,Enterprise,"Retail Stores, Wholesale, and E-commerce Sites|Law, Business, and Consulting Services|Service"
200291,Content/CDN,"Law, Business, and Consulting Services|Not Validating RPKI ROV|Hosting and Cloud Provider|Computer and Information Technology"
61028,ISP,"Electric Power Generation, Transmission, Distribution|Construction and Real Estate|Computer and Information Technology|Civil Engineering Construction (Utility Lines, Roads and Bridges)"
44645,ISP,"Computer and Information Technology|Construction and Real Estate|Civil Engineering Construction (Utility Lines, Roads and Bridges)|Internet Service Provider (ISP)"
208484,ISP,Internet Service Provider (ISP)|Computer and Information Technology
208488,ISP,Internet Service Provider (ISP)|Phone Provider|Computer and Information Technology|Service
200297,Content/CDN,Hosting and Cloud Provider|Computer and Information Technology
61038,Other,"Banks, Credit Card Companies, Mortgage Providers|Finance and Insurance"
200303,ISP,Server Hosting|Not Validating RPKI ROV|Internet Service Provider (ISP)|Computer and Information Technology
44656,ISP,Business Broadband|Validating RPKI ROV|Computer and Information Technology|Home ISP
208498,Enterprise,"Law, Business, and Consulting Services|Social Assistance (Temporary Shelters, Emergency Relief, Child Day Care, etc)|Service"
208500,Other,Computer and Information Technology
208508,Government,"Government and Public Administration|Government and Regulatory Agencies, Administrations, Departments, and Services|Government"
200319,ISP,Computer and Information Technology|Internet Service Provider (ISP)|Software Development
61057,ISP,Computer and Information Technology|Internet Service Provider (ISP)
208513,Other,Computer and Information Technology|Software Development
208517,ISP,"Not Validating RPKI ROV|Software Development|Computer and Information Technology|Retail Stores, Wholesale, and E-commerce Sites"
61063,Other,Health Care Services|Hospitals and Medical Centers
44683,Other,"Manufacturing|Metal, Glass, Wood, and Paper Manufacturing|Electronics and Computer Components|Chemical and Pharmaceutical Manufacturing"
208527,Other,"Manufacturing|Metal, Glass, Wood, and Paper Manufacturing"
208535,Content/CDN,"Computer and Information Technology|Hosting, Cloud Provider, Data Center, Server Colocation"
61083,Enterprise,"Law, Business, and Consulting Services|Service"
44700,ISP,Server Hosting|Not Validating RPKI ROV|Computer and Information Technology|Internet Service Provider (ISP)
208545,Other,"Computer and Information Technology|Retail Stores, Wholesale, and E-commerce Sites"
208546,ISP,Internet Service Provider (ISP)|Computer and Information Technology
208549,Other,Health Care Services|Community Groups and Nonprofits|Hospitals and Medical Centers
44716,ISP,Tor services|Internet Service Provider (ISP)|Computer and Information Technology|Tranco 10k Host
208559,ISP,Computer and Information Technology|Internet Service Provider (ISP)
208562,Academic/Edu,"Research and Development Organizations|Education and Research|Government and Regulatory Agencies, Administrations, Departments, and Services|Government and Public Administration"
200372,Other,"Content|Media, Publishing, and Broadcasting|Online Informational Content|IPv6 only"
200373,ISP,Computer and Information Technology|Internet Service Provider (ISP)|Software Development
200374,Other,"Print Media (Newspapers, Magazines, Books)|Retail Stores, Wholesale, and E-commerce Sites|Online Informational Content|Media, Publishing, and Broadcasting"
200377,Academic/Edu,Not Validating RPKI ROV|Education and Research|Software Development|Computer and Information Technology
208571,ISP,"Manufacturing|Computer and Information Technology|Retail Stores, Wholesale, and E-commerce Sites|Law, Business, and Consulting Services"
208582,ISP,Internet Service Provider (ISP)|Hosting and Cloud Provider|Computer and Information Technology
200392,ISP,Computer and Information Technology|Manufacturing|Internet Service Provider (ISP)|Service
200393,ISP,Computer and Information Technology|Internet Service Provider (ISP)|Anycast
200394,Content/CDN,"Computer and Information Technology|Hosting, Cloud Provider, Data Center, Server Colocation"
200395,Other,"Manufacturing|Electronics and Computer Components|Civil Engineering Construction (Utility Lines, Roads and Bridges)|Construction and Real Estate"
200397,Academic/Edu,Health Care Services|Education and Research|Medical Laboratories and Diagnostic Centers|Research and Development Organizations
200402,Other,"Manufacturing|Not Validating RPKI ROV|Retail Stores, Wholesale, and E-commerce Sites"
61142,Other,"IPv6 only|Personal ASN|Passenger Transit (Car, Bus, Taxi, Subway)|Freight, Shipment, and Postal Services"
208606,Enterprise,Manufacturing|Water Supply and Irrigation|Steam and Air-Conditioning Supply|Service
61153,Other,Other|Not Validating RPKI ROV
61157,ISP,Content|Not Validating RPKI ROV|Computer and Information Technology|Internet Service Provider (ISP)
208614,ISP,"Service|Law, Business, and Consulting Services|Internet Service Provider (ISP)|Computer and Information Technology"
200423,Other,Clothing and Textiles|Manufacturing
44780,Content/CDN,"Hosting and Cloud Provider|Computer and Information Technology|Service|Law, Business, and Consulting Services"
200439,Other,Automotive and Transportation|Manufacturing|Electronics and Computer Components
208633,ISP,Internet Service Provider (ISP)|Computer and Information Technology
44795,Other,"Construction and Real Estate|Retail Stores, Wholesale, and E-commerce Sites"
61183,ISP,Hosting and Cloud Provider|Software Development|Computer and Information Technology|Internet Service Provider (ISP)
208644,Enterprise,"Computer and Information Technology|Law, Business, and Consulting Services|Service"
200461,ISP,Server Hosting|Computer and Information Technology|Internet Service Provider (ISP)
200462,ISP,Server Hosting|Computer and Information Technology|Internet Service Provider (ISP)|Validating RPKI ROV
208653,ISP,Insurance Carriers and Agencies|Finance and Insurance
200465,ISP,Insurance Carriers and Agencies|Service|Finance and Insurance|Real Estate (Residential and/or Commercial)
208658,Other,"Retail Stores, Wholesale, and E-commerce Sites|Personal ASN"
44819,Enterprise,"Service|Not Validating RPKI ROV|Computer and Information Technology|Law, Business, and Consulting Services"
44833,Other,Computer and Information Technology|Computer and Network Security
61218,ISP,IPv6 only|Internet Service Provider (ISP)|Computer and Information Technology|Server Hosting
200482,ISP,Tor services|Internet Service Provider (ISP)|Computer and Information Technology|Server Hosting
208676,Other,"Finance and Insurance|Banks, Credit Card Companies, Mortgage Providers"
200486,Other,"Food, Grocery, Beverages|Retail Stores, Wholesale, and E-commerce Sites|Service"
208681,Other,"Tranco 10k Host|Computer and Information Technology|Retail Stores, Wholesale, and E-commerce Sites|Travel and Accommodation"
200490,Other,"Tor services|Personal ASN|Retail Stores, Wholesale, and E-commerce Sites"
200491,ISP,"Service|Law, Business, and Consulting Services|Computer and Information Technology|Internet Service Provider (ISP)"
208694,Academic/Edu,"Colleges, Universities, and Professional Schools|Education and Research|IPv6 only|Personal ASN"
208696,Other,Other
61244,ISP,Home ISP|Internet Service Provider (ISP)|Computer and Information Technology
208702,Other,"Personal ASN|Manufacturing|Machinery|Retail Stores, Wholesale, and E-commerce Sites"
200512,Other,"Museums, Libraries, and Entertainment|Software Development|Computer and Information Technology|Casinos and Gambling"
20292,ISP,Validating RPKI ROV|Internet Service Provider (ISP)|Computer and Information Technology
200517,ISP,Online Music and Video Streaming Services|Internet Service Provider (ISP)|Computer and Information Technology|Other
208709,Academic/Edu,Content|IPv6 only|Personal ASN|Education and Research
200519,ISP,Internet Service Provider (ISP)|Not Validating RPKI ROV|Computer and Information Technology
200520,Other,Other
208713,Other,Service|IPv6 only|Personal ASN
200527,ISP,"Computer and Information Technology|Retail Stores, Wholesale, and E-commerce Sites|Internet Service Provider (ISP)"
44880,ISP,Internet Service Provider (ISP)|Computer and Information Technology
61266,Other,"Freight, Shipment, and Postal Services|Music and Video Industry|Media, Publishing, and Broadcasting|Computer and Information Technology"
208727,Other,Community Groups and Nonprofits|Not Validating RPKI ROV
61273,Other,"Software Development|Phone Provider|Retail Stores, Wholesale, and E-commerce Sites|Computer and Information Technology"
208733,ISP,Internet Service Provider (ISP)|Computer and Information Technology|IPv6 only|Personal ASN
200548,ISP,Hosting and Cloud Provider|Computer and Information Technology|Internet Service Provider (ISP)
208743,Other,Construction and Real Estate|Personal ASN
200561,ISP,Computer and Information Technology|Internet Service Provider (ISP)
208758,Other,"Civil Engineering Construction (Utility Lines, Roads and Bridges)|Construction and Real Estate|Real Estate (Residential and/or Commercial)"
61303,Other,"Retail Stores, Wholesale, and E-commerce Sites|Civil Engineering Construction (Utility Lines, Roads and Bridges)|Computer and Information Technology|Construction and Real Estate"
200567,Enterprise,"Corporate/Enterprise|Retail Stores, Wholesale, and E-commerce Sites"
208759,Enterprise,"Anycast|Service|Law, Business, and Consulting Services"
200570,Government,"Government and Regulatory Agencies, Administrations, Departments, and Services|Government and Public Administration"
208763,Content/CDN,Computer and Information Technology|Software Development|Hosting and Cloud Provider|IPv6 only
61310,Enterprise,"Law, Business, and Consulting Services|Freight, Shipment, and Postal Services|Computer and Information Technology|Service"
208766,Other,"Real Estate (Residential and/or Commercial)|Buildings, Repair, Maintenance (Pest Control, Landscaping, Cleaning, Locksmiths, Car Washes, etc)|Construction and Real Estate|Retail Stores, Wholesale, and E-commerce Sites"
200576,Other,Software Development|Computer and Information Technology
208772,Eyeball,Eyeball|Community Groups and Nonprofits|Validating RPKI ROV
44946,Content/CDN,"Server Hosting|Computer and Information Technology|Law, Business, and Consulting Services|Service"
44949,Content/CDN,"Content|Military, Defense, National Security, and International Affairs|Hosting and Cloud Provider|Government and Public Administration"
61333,ISP,Computer and Information Technology|Internet Service Provider (ISP)
44951,Enterprise,"Service|Law, Business, and Consulting Services|Computer and Information Technology|Finance and Insurance"
200599,ISP,Validating RPKI ROV|Chemical and Pharmaceutical Manufacturing|Search|Manufacturing
200603,Enterprise,"Computer and Information Technology|Law, Business, and Consulting Services|Service|Software Development"
200605,Other,"Retail Stores, Wholesale, and E-commerce Sites|IPv6 only|Personal ASN|Content"
61343,Other,"Computer and Information Technology|Investment, Portfolio Management, Pensions and Funds|Software Development|Finance and Insurance"
200615,ISP,Computer and Information Technology|Hosting and Cloud Provider|Internet Service Provider (ISP)
61352,Government,"Buildings, Repair, Maintenance (Pest Control, Landscaping, Cleaning, Locksmiths, Car Washes, etc)|Computer and Information Technology|Service|Government"
44973,ISP,Server Hosting|Computer and Information Technology|Internet Service Provider (ISP)|Validating RPKI ROV
44974,ISP,Computer and Information Technology|Not Validating RPKI ROV|Internet Service Provider (ISP)
208814,Other,"Validating RPKI ROV|Museums, Libraries, and Entertainment|Recreation, Sports, and Performing Arts|Service"
208818,Enterprise,"Service|Law, Business, and Consulting Services|Personal ASN"
208819,Eyeball,"Not Validating RPKI ROV|Retail Stores, Wholesale, and E-commerce Sites|Business Broadband|Content"
44986,ISP,"Service|Hotels, Motels, Inns, Other Traveler Accommodation|Computer and Information Technology|Media, Publishing, and Broadcasting"
61374,ISP,Internet Service Provider (ISP)|Computer and Information Technology
200638,ISP,Internet Service Provider (ISP)|Computer and Information Technology
61377,Other,"Retail Stores, Wholesale, and E-commerce Sites"
61381,ISP,Internet Service Provider (ISP)|Computer and Information Technology
208840,Enterprise,"Retail Stores, Wholesale, and E-commerce Sites|Computer and Information Technology|Corporate/Enterprise|IPv6 only"
208843,Enterprise,"Service|Buildings, Repair, Maintenance (Pest Control, Landscaping, Cleaning, Locksmiths, Car Washes, etc)|Law, Business, and Consulting Services|Computer and Information Technology"
200657,Government,"Government and Regulatory Agencies, Administrations, Departments, and Services|Community Groups and Nonprofits|Government and Public Administration|Human Rights and Social Advocacy (Human Rights, Environment and Wildlife Conservation, Other)"
208849,Other,Automotive and Transportation|Manufacturing
45012,Content/CDN,Content|Computer and Information Technology|Hosting and Cloud Provider|Software Development
208854,Other,"Retail Stores, Wholesale, and E-commerce Sites"
200667,ISP,"Internet Service Provider (ISP)|Software Development|Computer and Information Technology|Retail Stores, Wholesale, and E-commerce Sites"
61407,Other,"Retail Stores, Wholesale, and E-commerce Sites|Freight, Shipment, and Postal Services|Construction and Real Estate|Civil Engineering Construction (Utility Lines, Roads and Bridges)"
208868,Enterprise,"Agriculture, Mining, and Refineries (Farming, Greenhouses, Mining, Forestry, and Animal Farming)|Automotive and Transportation|Manufacturing|Machinery"
200677,Other,Computer and Information Technology|Computer and Network Security
45031,ISP,Computer and Information Technology|Hosting and Cloud Provider|Internet Service Provider (ISP)|VPN Host
61415,Enterprise,"Retail Stores, Wholesale, and E-commerce Sites|Computer and Information Technology|Law, Business, and Consulting Services|Buildings, Repair, Maintenance (Pest Control, Landscaping, Cleaning, Locksmiths, Car Washes, etc)"
45034,Other,Travel and Accommodation
208875,ISP,Computer and Information Technology|Internet Service Provider (ISP)
45038,Enterprise,"Software Development|Computer and Information Technology|Law, Business, and Consulting Services|Service"
208878,Enterprise,Software Development|Construction and Real Estate|Computer and Information Technology|Service
61430,ISP,Computer and Information Technology|Not Validating RPKI ROV|Internet Service Provider (ISP)
208887,Other,"Freight, Shipment, and Postal Services"
208889,Enterprise,"Computer and Information Technology|Law, Business, and Consulting Services|Service"
200703,Enterprise,"Service|Law, Business, and Consulting Services|Retail Stores, Wholesale, and E-commerce Sites"
28674,Content/CDN,Hosting and Cloud Provider|Computer and Information Technology
12291,Enterprise,"Corporate/Enterprise|Travel and Accommodation|Service|Freight, Shipment, and Postal Services"
12292,ISP,"Retail Stores, Wholesale, and E-commerce Sites|Service|Buildings, Repair, Maintenance (Pest Control, Landscaping, Cleaning, Locksmiths, Car Washes, etc)|Civil Engineering Construction (Utility Lines, Roads and Bridges)"
28676,ISP,Carrier|Not Validating RPKI ROV|Computer and Information Technology|Internet Service Provider (ISP)
20488,ISP,Internet Service Provider (ISP)|Computer and Information Technology
12298,Academic/Edu,Education and Research|Manufacturing|Machinery|Health Care Services
200715,Enterprise,"Service|Chemical and Pharmaceutical Manufacturing|Media, Publishing, and Broadcasting|Print Media (Newspapers, Magazines, Books)"
200718,ISP,Computer and Information Technology|Internet Service Provider (ISP)|Software Development|Personal ASN
12306,ISP,Business Broadband|Not Validating RPKI ROV|Internet Service Provider (ISP)|Computer and Information Technology
28693,Other,Machinery|Manufacturing
28694,ISP,Computer and Information Technology|Internet Service Provider (ISP)|Manufacturing
12312,ISP,Eyeball|Validating RPKI ROV|Internet Service Provider (ISP)|Computer and Information Technology
12313,ISP,Internet Service Provider (ISP)|Computer and Information Technology
200728,ISP,Computer and Information Technology|Internet Service Provider (ISP)|IPv6 only
12316,ISP,Internet Service Provider (ISP)|Not Validating RPKI ROV|Computer and Information Technology
28701,Content/CDN,"Server Hosting|Construction and Real Estate|Buildings, Repair, Maintenance (Pest Control, Landscaping, Cleaning, Locksmiths, Car Washes, etc)|Buildings (Residential or Commercial)"
208924,Other,"Retail Stores, Wholesale, and E-commerce Sites"
200735,ISP,"Eyeball|Validating RPKI ROV|Media, Publishing, and Broadcasting|Radio and Television Providers"
208927,Other,"Not Validating RPKI ROV|Buildings, Repair, Maintenance (Pest Control, Landscaping, Cleaning, Locksmiths, Car Washes, etc)|Manufacturing|Service"
208929,ISP,"Service|Software Development|Internet Service Provider (ISP)|Law, Business, and Consulting Services"
200739,Other,Travel and Accommodation|Manufacturing|Automotive and Transportation
12329,ISP,Tranco 10k Host|Not Validating RPKI ROV|Computer and Information Technology|Internet Service Provider (ISP)
28714,Academic/Edu,Academic|Validating RPKI ROV|Education and Research
12331,Other,Not Validating RPKI ROV|Automotive and Transportation|Manufacturing
12337,ISP,Eyeball|Validating RPKI ROV|Computer and Information Technology|Internet Service Provider (ISP)
200757,Enterprise,"Service|Law, Business, and Consulting Services|Media, Publishing, and Broadcasting|Online Music and Video Streaming Services"
28731,Other,"Retail Stores, Wholesale, and E-commerce Sites|Service"
12348,ISP,Tranco 10k Host|Not Validating RPKI ROV|Internet Service Provider (ISP)|Computer and Information Technology
12349,Other,"Chemical and Pharmaceutical Manufacturing|Agriculture, Mining, and Refineries (Farming, Greenhouses, Mining, Forestry, and Animal Farming)|Manufacturing|Health Care Services"
208958,Other,"Retail Stores, Wholesale, and E-commerce Sites|Construction and Real Estate"
200768,Other,Natural Gas Distribution|Utilities (Excluding Internet Service)|Real Estate (Residential and/or Commercial)|Construction and Real Estate
20546,ISP,"DDoS Mitigation|Law, Business, and Consulting Services|Computer and Network Security|Military, Defense, National Security, and International Affairs"
12355,ISP,Eyeball|Not Validating RPKI ROV|Computer and Information Technology|Internet Service Provider (ISP)
200770,Academic/Edu,Education and Research|Software Development|Service|Computer and Information Technology
208964,Other,Real Estate (Residential and/or Commercial)|Construction and Real Estate
208967,Other,"Retail Stores, Wholesale, and E-commerce Sites|Recreation, Sports, and Performing Arts|Computer and Information Technology|Museums, Libraries, and Entertainment"
12360,ISP,Eyeball|Validating RPKI ROV|Internet Service Provider (ISP)|Computer and Information Technology
200776,ISP,Computer and Information Technology|Internet Service Provider (ISP)
200777,ISP,Internet Service Provider (ISP)|Computer and Information Technology|Tranco 10k Host|Government
200779,ISP,"Utilities (Excluding Internet Service)|Investment, Portfolio Management, Pensions and Funds|Internet Service Provider (ISP)|Banks, Credit Card Companies, Mortgage Providers"
28748,ISP,Eyeball|Not Validating RPKI ROV|Computer and Information Technology|Internet Service Provider (ISP)
208968,Other,"Civil Engineering Construction (Utility Lines, Roads and Bridges)|Service|Computer and Information Technology|Construction and Real Estate"
208974,Other,"Validating RPKI ROV|Buildings (Residential or Commercial)|Construction and Real Estate|Retail Stores, Wholesale, and E-commerce Sites"
208976,ISP,Server Hosting|Internet Service Provider (ISP)|Computer and Information Technology
20561,Academic/Edu,Education and Research|Manufacturing|Automotive and Transportation|Research and Development Organizations
28753,ISP,Content|Internet Service Provider (ISP)|Computer and Information Technology|Software Development
12371,ISP,Internet Service Provider (ISP)|Service|Technology Consulting Services|Computer and Information Technology
28756,Government,"Human Rights and Social Advocacy (Human Rights, Environment and Wildlife Conservation, Other)|Government and Public Administration|Government and Regulatory Agencies, Administrations, Departments, and Services|Law, Business, and Consulting Services"
12374,ISP,Eyeball|Not Validating RPKI ROV|Computer and Information Technology|Internet Service Provider (ISP)
28759,Other,Software Development|Computer and Information Technology
208982,ISP,"Technology Consulting Services|Internet Service Provider (ISP)|Hosting, Cloud Provider, Data Center, Server Colocation|Computer and Information Technology"
208985,Other,"Personal ASN|Media, Publishing, and Broadcasting|Online Informational Content"
20570,ISP,Computer and Information Technology|Not Validating RPKI ROV|Internet Service Provider (ISP)
12379,ISP,Internet Service Provider (ISP)|Software Development|Computer and Information Technology
20572,ISP,"Media, Publishing, and Broadcasting|Computer and Information Technology|Internet Service Provider (ISP)|Phone Provider"
200797,Other,"Software Development|Not Validating RPKI ROV|Retail Stores, Wholesale, and E-commerce Sites|Computer and Information Technology"
208988,ISP,Tor services|Validating RPKI ROV|Computer and Information Technology|Internet Service Provider (ISP)
208989,ISP,"Media, Publishing, and Broadcasting|Retail Stores, Wholesale, and E-commerce Sites|Computer and Information Technology|Online Informational Content"
200801,ISP,Hosting and Cloud Provider|Internet Service Provider (ISP)|Computer and Information Technology
28770,Academic/Edu,"Other Schools, Instruction, and Exam Preparation (Trade Schools, Art Schools, Driving Instruction, etc.)|Computer and Information Technology|Software Development|Education and Research"
208994,Other,"Buildings, Repair, Maintenance (Pest Control, Landscaping, Cleaning, Locksmiths, Car Washes, etc)|Service"
20588,Other,"Human Rights and Social Advocacy (Human Rights, Environment and Wildlife Conservation, Other)|Community Groups and Nonprofits"
12399,ISP,Content|Validating RPKI ROV|Internet Service Provider (ISP)|Computer and Information Technology
20594,ISP,"Technology Consulting Services|Law, Business, and Consulting Services|Computer and Information Technology|Internet Service Provider (ISP)"
20595,Other,"Banks, Credit Card Companies, Mortgage Providers|Finance and Insurance"
12404,Other,"Media, Publishing, and Broadcasting|Print Media (Newspapers, Magazines, Books)|Manufacturing|Computer and Information Technology"
209014,Other,Computer and Information Technology
200825,ISP,Computer and Information Technology|Internet Service Provider (ISP)
200827,Other,Computer and Information Technology|Personal ASN|IPv6 only
28801,Other,Travel and Accommodation
12422,Enterprise,"Law, Business, and Consulting Services|Manufacturing|Service|Chemical and Pharmaceutical Manufacturing"
200842,Other,"Retail Stores, Wholesale, and E-commerce Sites"
209034,ISP,Not Validating RPKI ROV|Computer and Information Technology|Internet Service Provider (ISP)
20621,ISP,Computer and Information Technology|Hosting and Cloud Provider|Internet Service Provider (ISP)|Software Development
200846,ISP,Corporate/Enterprise|Internet Service Provider (ISP)|Computer and Information Technology|Software Development
12431,ISP,Server Hosting|Not Validating RPKI ROV|Internet Service Provider (ISP)|Computer and Information Technology
209039,ISP,"Computer and Information Technology|Internet Service Provider (ISP)|Retail Stores, Wholesale, and E-commerce Sites"
209040,Other,"Validating RPKI ROV|Computer and Information Technology|Service|Buildings, Repair, Maintenance (Pest Control, Landscaping, Cleaning, Locksmiths, Car Washes, etc)"
209044,ISP,Hosting and Cloud Provider|Service|Computer and Network Security|Computer and Information Technology
12437,ISP,Not Validating RPKI ROV|Software Development|Service|Internet Service Provider (ISP)
12440,ISP,Computer and Information Technology|Internet Service Provider (ISP)
20633,Academic/Edu,"Academic|Colleges, Universities, and Professional Schools|Health Care Services|Education and Research"
200856,Other,"Health Care Services|Nursing, Residential Care Facilities, Assisted Living, and Home Health Care"
200861,ISP,"Media, Publishing, and Broadcasting|Computer and Information Technology|Software Development|Internet Service Provider (ISP)"
20640,ISP,Internet Service Provider (ISP)|Not Validating RPKI ROV|Computer and Information Technology
209056,ISP,Computer and Information Technology|Software Development|Internet Service Provider (ISP)|Chemical and Pharmaceutical Manufacturing
20646,Other,"Health Care Services|Online Informational Content|Media, Publishing, and Broadcasting"
20647,ISP,Carrier|Computer and Information Technology|Internet Service Provider (ISP)|Server Hosting
12460,ISP,Internet Service Provider (ISP)|Computer and Information Technology
20653,Academic/Edu,"Education and Research|Computer and Information Technology|Other Schools, Instruction, and Exam Preparation (Trade Schools, Art Schools, Driving Instruction, etc.)"
12466,ISP,"Computer and Information Technology|Buildings, Repair, Maintenance (Pest Control, Landscaping, Cleaning, Locksmiths, Car Washes, etc)|Education and Research|Software Development"
209074,Other,Content|Not Validating RPKI ROV|Personal ASN|IPv6 only
12470,ISP,Internet Service Provider (ISP)|Not Validating RPKI ROV|Computer and Information Technology
209081,Other,"Retail Stores, Wholesale, and E-commerce Sites|Clothing, Fashion, Luggage"
12480,ISP,Validating RPKI ROV|Computer and Information Technology|Internet Service Provider (ISP)
20676,ISP,Eyeball|Validating RPKI ROV|Computer and Information Technology|Internet Service Provider (ISP)
20677,ISP,Internet Service Provider (ISP)|Not Validating RPKI ROV|Computer and Information Technology
209093,ISP,Internet Service Provider (ISP)|Computer and Information Technology
28876,ISP,Computer and Information Technology|Not Validating RPKI ROV|Internet Service Provider (ISP)
20686,ISP,VPN Host|Validating RPKI ROV|Internet Service Provider (ISP)|Computer and Information Technology
28879,Enterprise,"Electronics and Computer Components|Law, Business, and Consulting Services|Retail Stores, Wholesale, and E-commerce Sites|Manufacturing"
200912,Content/CDN,"Hosting, Cloud Provider, Data Center, Server Colocation|Content|Tor services|Server Hosting"
20692,Other,Construction and Real Estate|Real Estate (Residential and/or Commercial)|Buildings (Residential or Commercial)
200916,Unknown,
12502,ISP,Validating RPKI ROV|Not Validating RPKI ROV|Internet Service Provider (ISP)|Computer and Information Technology
20694,Eyeball,Eyeball|Not Validating RPKI ROV|Hosting and Cloud Provider|Computer and Information Technology
209110,Other,"Technology Consulting Services|Computer and Information Technology|Software Development|Retail Stores, Wholesale, and E-commerce Sites"
200921,Enterprise,"Law, Business, and Consulting Services|Software Development|Computer and Information Technology|Service"
209114,Other,"Clothing and Textiles|Retail Stores, Wholesale, and E-commerce Sites|Manufacturing"
200924,ISP,Home ISP|Not Validating RPKI ROV|Internet Service Provider (ISP)|Computer and Information Technology
12510,Content/CDN,Service|Not Validating RPKI ROV|Computer and Information Technology|Hosting and Cloud Provider
12512,ISP,Internet Service Provider (ISP)|Not Validating RPKI ROV|Computer and Information Technology
209122,Enterprise,"Media, Publishing, and Broadcasting|Online Music and Video Streaming Services|Manufacturing|Service"
200931,Other,Machinery|Manufacturing|Electronics and Computer Components
28902,Other,"Software Development|Retail Stores, Wholesale, and E-commerce Sites|Computer and Information Technology"
20715,ISP,Internet Service Provider (ISP)|Utilities (Excluding Internet Service)|Software Development|Computer and Information Technology
20717,ISP,Utilities (Excluding Internet Service)|Software Development|Internet Service Provider (ISP)|Computer and Information Technology
200941,ISP,"Media, Publishing, and Broadcasting|Law, Business, and Consulting Services|Hotels, Motels, Inns, Other Traveler Accommodation|Computer and Information Technology"
200943,ISP,Academic|Computer and Information Technology|Internet Service Provider (ISP)
28918,ISP,Validating RPKI ROV|Computer and Information Technology|Internet Service Provider (ISP)
209148,Academic/Edu,"Military, Defense, National Security, and International Affairs|Other Schools, Instruction, and Exam Preparation (Trade Schools, Art Schools, Driving Instruction, etc.)|Government and Public Administration|Software Development"
209149,ISP,"Internet Service Provider (ISP)|Retail Stores, Wholesale, and E-commerce Sites|Computer and Information Technology"
12546,Other,"Manufacturing|Water Transportation|Freight, Shipment, and Postal Services"
20740,Enterprise,"Service|Tranco 10k Host|Media, Publishing, and Broadcasting|Law, Business, and Consulting Services"
28932,Academic/Edu,"Media, Publishing, and Broadcasting|Retail Stores, Wholesale, and E-commerce Sites|Computer and Information Technology|Law, Business, and Consulting Services"
28940,Government,"Government and Public Administration|Law, Business, and Consulting Services|Computer and Information Technology|Service"
12557,Content/CDN,Service|Technology Consulting Services|Computer and Information Technology|Hosting and Cloud Provider
209164,Other,"Service|Buildings, Repair, Maintenance (Pest Control, Landscaping, Cleaning, Locksmiths, Car Washes, etc)|Agriculture, Mining, and Refineries (Farming, Greenhouses, Mining, Forestry, and Animal Farming)|Personal ASN"
200975,Content/CDN,Computer and Information Technology|Hosting and Cloud Provider
209169,Academic/Edu,"Research and Development Organizations|Software Development|Computer and Information Technology|Retail Stores, Wholesale, and E-commerce Sites"
200978,ISP,"Computer and Information Technology|Law, Business, and Consulting Services|Retail Stores, Wholesale, and E-commerce Sites|Internet Service Provider (ISP)"
20755,ISP,Computer and Information Technology|Hosting and Cloud Provider|Internet Service Provider (ISP)
12571,ISP,"Computer and Information Technology|Buildings, Repair, Maintenance (Pest Control, Landscaping, Cleaning, Locksmiths, Car Washes, etc)|Internet Service Provider (ISP)|Service"
20765,Other,Chemical and Pharmaceutical Manufacturing|Manufacturing
12574,Content/CDN,"Hosting and Cloud Provider|Computer and Information Technology|Service|Law, Business, and Consulting Services"
20768,Other,"Retail Stores, Wholesale, and E-commerce Sites"
28961,Enterprise,"Law, Business, and Consulting Services|Clothing, Fashion, Luggage|Service|Retail Stores, Wholesale, and E-commerce Sites"
209185,Other,"Personal ASN|Manufacturing|Food, Grocery, Beverages|Retail Stores, Wholesale, and E-commerce Sites"
12579,Content/CDN,Computer and Network Security|Hosting and Cloud Provider|Computer and Information Technology
12581,ISP,"Computer and Information Technology|Service|Law, Business, and Consulting Services|Internet Service Provider (ISP)"
20773,ISP,VPN Host|Not Validating RPKI ROV|Internet Service Provider (ISP)|Computer and Information Technology
20775,ISP,"Service|Media, Publishing, and Broadcasting|Internet Service Provider (ISP)|Research and Development Organizations"
12586,ISP,Content|Validating RPKI ROV|Computer and Information Technology|Internet Service Provider (ISP)
20783,ISP,Internet Service Provider (ISP)|Not Validating RPKI ROV|Computer and Information Technology
201010,ISP,Computer and Information Technology|Education and Research|Internet Service Provider (ISP)|Research and Development Organizations
28979,Enterprise,"Corporate/Enterprise|Not Validating RPKI ROV|Retail Stores, Wholesale, and E-commerce Sites|Household Appliances and Electronics"
201011,ISP,"Eyeball|Validating RPKI ROV|Buildings, Repair, Maintenance (Pest Control, Landscaping, Cleaning, Locksmiths, Car Washes, etc)|Computer and Information Technology"
12598,Other,"Media, Publishing, and Broadcasting|Print Media (Newspapers, Magazines, Books)"
20791,ISP,Computer and Information Technology|Internet Service Provider (ISP)
20792,ISP,Machinery|Internet Service Provider (ISP)|Computer and Information Technology|Manufacturing
201014,ISP,Software Development|Computer and Information Technology|Internet Service Provider (ISP)|Hosting and Cloud Provider
20795,ISP,"Retail Stores, Wholesale, and E-commerce Sites|Software Development|Computer and Information Technology|Internet Service Provider (ISP)"
209216,Other,Computer and Information Technology
12610,ISP,Internet Service Provider (ISP)|Hosting and Cloud Provider|Computer and Information Technology
12611,ISP,Eyeball|Validating RPKI ROV|Computer and Information Technology|Internet Service Provider (ISP)
20802,Enterprise,"Service|Law, Business, and Consulting Services"
20805,ISP,Computer and Information Technology|Internet Service Provider (ISP)
135492,ISP,Computer and Information Technology|Internet Service Provider (ISP)
201026,Other,"Clothing, Fashion, Luggage|Retail Stores, Wholesale, and E-commerce Sites|Personal Care and Lifestyle (Barber Shops, Nail Salons, Diet Centers, Laundry, etc)|Service"
201028,Other,"Software Development|Retail Stores, Wholesale, and E-commerce Sites|Computer and Information Technology"
201033,Academic/Edu,"Other Schools, Instruction, and Exam Preparation (Trade Schools, Art Schools, Driving Instruction, etc.)|Education and Research|IPv6 only|Personal ASN"
20810,ISP,Home ISP|Not Validating RPKI ROV|Internet Service Provider (ISP)|Computer and Information Technology
201035,ISP,Computer and Information Technology|Not Validating RPKI ROV|Internet Service Provider (ISP)
209224,Content/CDN,Computer and Information Technology|Hosting and Cloud Provider
29008,Other,Validating RPKI ROV|Computer and Information Technology
12625,ISP,Hosting and Cloud Provider|Not Validating RPKI ROV|Service|Software Development
29010,ISP,Construction and Real Estate|Computer and Information Technology|Internet Service Provider (ISP)|Software Development
209232,ISP,"Internet Service Provider (ISP)|Government and Public Administration|Retail Stores, Wholesale, and E-commerce Sites|Computer and Information Technology"
29014,ISP,Content|Not Validating RPKI ROV|Computer and Information Technology|Internet Service Provider (ISP)
20825,ISP,Computer and Information Technology|Internet Service Provider (ISP)
29018,ISP,"Validating RPKI ROV|Computer and Information Technology|Software Development|Retail Stores, Wholesale, and E-commerce Sites"
209244,Other,"Museums, Libraries, and Entertainment|Clothing, Fashion, Luggage|Recreation, Sports, and Performing Arts|Retail Stores, Wholesale, and E-commerce Sites"
12638,ISP,Not Validating RPKI ROV|Computer and Information Technology|Internet Service Provider (ISP)
20830,ISP,Internet Service Provider (ISP)|Computer and Information Technology
209247,Other,"Retail Stores, Wholesale, and E-commerce Sites"
12643,ISP,Computer and Information Technology|Internet Service Provider (ISP)
201059,Academic/Edu,"Education and Research|Computer and Information Technology|Technology Consulting Services|Other Schools, Instruction, and Exam Preparation (Trade Schools, Art Schools, Driving Instruction, etc.)"
209257,ISP,Computer and Information Technology|Internet Service Provider (ISP)
201066,ISP,Software Development|Internet Service Provider (ISP)|Computer and Information Technology
29037,ISP,Not Validating RPKI ROV|Internet Service Provider (ISP)|Computer and Information Technology|Server Hosting
12655,Other,"Print Media (Newspapers, Magazines, Books)|Service|Media, Publishing, and Broadcasting"
12657,ISP,Computer and Information Technology|Education and Research|Internet Service Provider (ISP)|Software Development
20849,ISP,Computer and Information Technology|Internet Service Provider (ISP)|Hosting and Cloud Provider
29042,ISP,"Service|Computer and Information Technology|Internet Service Provider (ISP)|Freight, Shipment, and Postal Services"
209270,ISP,"Computer and Information Technology|Retail Stores, Wholesale, and E-commerce Sites|Internet Service Provider (ISP)|IPv6 only"
20855,ISP,"Service|Civil Engineering Construction (Utility Lines, Roads and Bridges)|Construction and Real Estate|Computer and Information Technology"
12665,Content/CDN,"Hosting and Cloud Provider|Computer and Information Technology|Retail Stores, Wholesale, and E-commerce Sites"
209282,ISP,"Service|Media, Publishing, and Broadcasting|Retail Stores, Wholesale, and E-commerce Sites|Computer and Information Technology"
12676,ISP,Content|Not Validating RPKI ROV|Internet Service Provider (ISP)|Computer and Information Technology
12680,Other,"Media, Publishing, and Broadcasting|Computer and Information Technology|Print Media (Newspapers, Magazines, Books)|Service"
29066,Eyeball,"Eyeball|Not Validating RPKI ROV|Manufacturing|Hosting, Cloud Provider, Data Center, Server Colocation"
20880,ISP,Eyeball|Not Validating RPKI ROV|Internet Service Provider (ISP)|Computer and Information Technology
12693,ISP,Eyeball|Not Validating RPKI ROV|Computer and Information Technology|Internet Service Provider (ISP)
20886,ISP,Eyeball|Not Validating RPKI ROV|Internet Service Provider (ISP)|Computer and Information Technology
29088,Other,Not Validating RPKI ROV|Health Care Services|Chemical and Pharmaceutical Manufacturing|Manufacturing
20899,Other,Computer and Information Technology
201124,ISP,"Radio and Television Providers|Media, Publishing, and Broadcasting|Internet Service Provider (ISP)|Computer and Information Technology"
20902,ISP,"Internet Service Provider (ISP)|Computer and Information Technology|Retail Stores, Wholesale, and E-commerce Sites|Software Development"
209322,Other,Computer and Information Technology
29105,ISP,Insurance Carriers and Agencies|Finance and Insurance|Health Care Services
29108,ISP,Internet Service Provider (ISP)|Computer and Information Technology
12726,Content/CDN,Computer and Information Technology|Hosting and Cloud Provider|Software Development
20918,ISP,"Internet Service Provider (ISP)|Software Development|Retail Stores, Wholesale, and E-commerce Sites|Computer and Information Technology"
201142,Other,"Retail Stores, Wholesale, and E-commerce Sites|Chemical and Pharmaceutical Manufacturing|Manufacturing"
209335,Academic/Edu,"Research and Development Organizations|Colleges, Universities, and Professional Schools|Education and Research"
12731,ISP,Carrier|Not Validating RPKI ROV|Computer and Information Technology|Internet Service Provider (ISP)
12732,ISP,Tor services|Internet Service Provider (ISP)|Computer and Information Technology|Tranco 10k Host
209347,Other,"Human Rights and Social Advocacy (Human Rights, Environment and Wildlife Conservation, Other)|Community Groups and Nonprofits"
201157,Other,Real Estate (Residential and/or Commercial)|Construction and Real Estate
201158,Other,"Computer and Information Technology|Retail Stores, Wholesale, and E-commerce Sites|Software Development"
209350,Other,"Agriculture, Mining, and Refineries (Farming, Greenhouses, Mining, Forestry, and Animal Farming)|Utilities (Excluding Internet Service)|Food, Grocery, Beverages|Retail Stores, Wholesale, and E-commerce Sites"
20936,ISP,"Service|Phone Provider|Computer and Information Technology|Retail Stores, Wholesale, and E-commerce Sites"
12748,Enterprise,"Corporate/Enterprise|Retail Stores, Wholesale, and E-commerce Sites|Construction and Real Estate|Buildings (Residential or Commercial)"
29140,ISP,Content|Hosting and Cloud Provider|Internet Service Provider (ISP)|Computer and Information Technology
29141,ISP,Content|Internet Service Provider (ISP)|Hosting and Cloud Provider|Computer and Information Technology
201173,Eyeball,"Community Groups and Nonprofits|Human Rights and Social Advocacy (Human Rights, Environment and Wildlife Conservation, Other)|IPv6 only|Eyeball"
12759,ISP,Eyeball|Not Validating RPKI ROV|Computer and Information Technology|Internet Service Provider (ISP)
29145,ISP,"Law, Business, and Consulting Services|Service|Banks, Credit Card Companies, Mortgage Providers|Insurance Carriers and Agencies"
209379,Eyeball,Software Development|Computer and Information Technology|Corporate/Enterprise|Eyeball
201203,Other,"Freight, Shipment, and Postal Services|Trucking"
20980,Enterprise,"Service|Music and Video Industry|Media, Publishing, and Broadcasting|Law, Business, and Consulting Services"
201206,ISP,Internet Service Provider (ISP)|Computer and Information Technology
201208,Other,"Software Development|Investment, Portfolio Management, Pensions and Funds|Finance and Insurance|Accountants, Tax Preparers, Payroll Services"
209400,ISP,Home ISP|Internet Service Provider (ISP)|Computer and Information Technology
29178,ISP,Computer and Information Technology|Hosting and Cloud Provider|Internet Service Provider (ISP)|Software Development
201212,Eyeball,Hosting and Cloud Provider|Computer and Information Technology|IPv6 only|Personal ASN
201213,ISP,Internet Service Provider (ISP)|Computer and Information Technology
20990,Enterprise,"Law, Business, and Consulting Services|Service"
209405,Other,"Retail Stores, Wholesale, and E-commerce Sites|Chemical and Pharmaceutical Manufacturing|Electric Power Generation, Transmission, Distribution|Travel and Accommodation"
61955,ISP,Computer and Information Technology|Internet Service Provider (ISP)
201222,ISP,Personal ASN|Internet Service Provider (ISP)|Computer and Information Technology
12808,Enterprise,"Computer and Information Technology|Service|Media, Publishing, and Broadcasting|Law, Business, and Consulting Services"
29192,Content/CDN,"Computer and Information Technology|Electric Power Generation, Transmission, Distribution|Service|Utilities (Excluding Internet Service)"
209419,Other,"Investment, Portfolio Management, Pensions and Funds|Finance and Insurance|Personal ASN|IPv6 only"
12813,ISP,Electronics and Computer Components|Research and Development Organizations|Internet Service Provider (ISP)|Computer and Information Technology
61967,Academic/Edu,"Computer and Information Technology|Education and Research|Service|Other Schools, Instruction, and Exam Preparation (Trade Schools, Art Schools, Driving Instruction, etc.)"
12816,ISP,Tranco 10k Host|Validating RPKI ROV|Education and Research|Research and Development Organizations
12817,Academic/Edu,Education and Research
61969,Enterprise,"Media, Publishing, and Broadcasting|Law, Business, and Consulting Services|Computer and Information Technology|Service"
209427,ISP,"Internet Service Provider (ISP)|Retail Stores, Wholesale, and E-commerce Sites|Computer and Information Technology|Construction and Real Estate"
209432,Other,Health Care Services|Hospitals and Medical Centers|Personal ASN
12830,ISP,Computer and Information Technology|Manufacturing|Electronics and Computer Components|Internet Service Provider (ISP)
21026,ISP,"Technology Consulting Services|Law, Business, and Consulting Services|Computer and Information Technology|Hosting and Cloud Provider"
61987,Enterprise,"Law, Business, and Consulting Services|Service"
201251,Other,"Electronics and Computer Components|Construction and Real Estate|Civil Engineering Construction (Utility Lines, Roads and Bridges)|Manufacturing"
21032,ISP,Eyeball|Not Validating RPKI ROV|Computer and Information Technology|Internet Service Provider (ISP)
29224,Other,"Freight, Shipment, and Postal Services"
201257,Enterprise,"Service|Law, Business, and Consulting Services|IPv6 only"
12843,ISP,Eyeball|Not Validating RPKI ROV|Computer and Information Technology|Internet Service Provider (ISP)
21044,ISP,Internet Service Provider (ISP)|Computer and Information Technology|Phone Provider
12853,Academic/Edu,"Education and Research|Service|Buildings, Repair, Maintenance (Pest Control, Landscaping, Cleaning, Locksmiths, Car Washes, etc)|Utilities (Excluding Internet Service)"
29236,Enterprise,"Service|Law, Business, and Consulting Services"
29239,ISP,Server Hosting|Computer and Information Technology|Hosting and Cloud Provider|Internet Service Provider (ISP)
12857,ISP,"Education and Research|Internet Service Provider (ISP)|Retail Stores, Wholesale, and E-commerce Sites|Computer and Information Technology"
209467,Other,"Print Media (Newspapers, Magazines, Books)|Manufacturing|Service|Media, Publishing, and Broadcasting"
201284,Other,"Finance and Insurance|Investment, Portfolio Management, Pensions and Funds"
209477,ISP,Construction and Real Estate|Real Estate (Residential and/or Commercial)|Computer and Information Technology|Internet Service Provider (ISP)
21063,Other,"Freight, Shipment, and Postal Services|Water Transportation"
62023,ISP,Eyeball|Not Validating RPKI ROV|Internet Service Provider (ISP)|Computer and Information Technology
209480,ISP,Internet Service Provider (ISP)|Software Development|Computer and Information Technology
29259,ISP,Internet Service Provider (ISP)|Computer and Information Technology
62028,Academic/Edu,"Not Validating RPKI ROV|Chemical and Pharmaceutical Manufacturing|Retail Stores, Wholesale, and E-commerce Sites|Manufacturing"
201291,ISP,"Law, Business, and Consulting Services|Retail Stores, Wholesale, and E-commerce Sites|Service|Software Development"
201299,ISP,Internet Service Provider (ISP)|Computer and Information Technology|Computer and Network Security|Government and Public Administration
12886,ISP,Server Hosting|Not Validating RPKI ROV|Internet Service Provider (ISP)|Computer and Information Technology
12888,ISP,"Air Travel|Hotels, Motels, Inns, Other Traveler Accommodation|Computer and Information Technology|Travel and Accommodation"
21080,ISP,Not Validating RPKI ROV|Internet Service Provider (ISP)|Computer and Information Technology
21083,ISP,Computer and Information Technology|Internet Service Provider (ISP)
209499,ISP,"Freight, Shipment, and Postal Services|Computer and Information Technology|Law, Business, and Consulting Services|Construction and Real Estate"
12894,Content/CDN,Hosting and Cloud Provider|Software Development|Computer and Information Technology
12897,ISP,Eyeball|Validating RPKI ROV|Computer and Information Technology|Internet Service Provider (ISP)
12898,Other,Computer and Information Technology
209509,Other,"Civil Engineering Construction (Utility Lines, Roads and Bridges)|Service|Construction and Real Estate|Computer and Information Technology"
201318,Government,"Government and Public Administration|Government and Regulatory Agencies, Administrations, Departments, and Services"
12907,ISP,Validating RPKI ROV|Internet Service Provider (ISP)|Computer and Information Technology
21100,ISP,Content|Validating RPKI ROV|Service|Internet Service Provider (ISP)
29298,ISP,Tranco 10k Host|Computer and Information Technology|Health Care Services|Internet Service Provider (ISP)
12915,ISP,Computer and Information Technology|Software Development|Internet Service Provider (ISP)|Hosting and Cloud Provider
209530,Other,"Retail Stores, Wholesale, and E-commerce Sites|Buildings (Residential or Commercial)|Construction and Real Estate|Service"
12923,ISP,Computer and Information Technology|Internet Service Provider (ISP)|Software Development
29308,Other,Computer and Information Technology|Health Care Services|Software Development
62075,Other,"Personal ASN|Finance and Insurance|Investment, Portfolio Management, Pensions and Funds"
62078,Other,"Retail Stores, Wholesale, and E-commerce Sites|Construction and Real Estate|Buildings (Residential or Commercial)|Personal ASN"
201339,Government,"Government and Public Administration|Government and Regulatory Agencies, Administrations, Departments, and Services"
12931,ISP,Eyeball|Not Validating RPKI ROV|Internet Service Provider (ISP)|Service
29316,Enterprise,"Law, Business, and Consulting Services|Computer and Information Technology|Service"
29317,Other,"Freight, Shipment, and Postal Services|Personal ASN"
62086,ISP,Hosting and Cloud Provider|Computer and Information Technology|Internet Service Provider (ISP)|Software Development
62087,ISP,Computer and Information Technology|Hosting and Cloud Provider|Software Development|Internet Service Provider (ISP)
209545,ISP,Internet Service Provider (ISP)|Computer and Network Security|Computer and Information Technology
201354,ISP,Content|Computer and Information Technology|Internet Service Provider (ISP)|Personal ASN
12941,ISP,Business Broadband|Validating RPKI ROV|Computer and Information Technology|Internet Service Provider (ISP)
209551,ISP,Home ISP|Validating RPKI ROV|Internet Service Provider (ISP)|Computer and Information Technology
201370,ISP,"Government and Public Administration|Online Informational Content|Media, Publishing, and Broadcasting|Internet Service Provider (ISP)"
201371,Other,"IPv6 only|Personal ASN|Agriculture, Mining, and Refineries (Farming, Greenhouses, Mining, Forestry, and Animal Farming)|Construction and Real Estate"
209564,ISP,Computer and Information Technology|Software Development|Internet Service Provider (ISP)
29341,Other,"Service|Social Assistance (Temporary Shelters, Emergency Relief, Child Day Care, etc)"
21150,ISP,"Service|Not Validating RPKI ROV|Law, Business, and Consulting Services|Internet Service Provider (ISP)"
62109,Other,"Trucking|Agriculture, Mining, and Refineries (Farming, Greenhouses, Mining, Forestry, and Animal Farming)|Freight, Shipment, and Postal Services"
201377,Other,"Media, Publishing, and Broadcasting|Online Informational Content|IPv6 only"
209569,Academic/Edu,"Other Schools, Instruction, and Exam Preparation (Trade Schools, Art Schools, Driving Instruction, etc.)|Education and Research|IPv6 only|Personal ASN"
29347,ISP,Internet Service Provider (ISP)|Computer and Information Technology|Hosting and Cloud Provider|Software Development
201379,Other,Other|Personal ASN|IPv6 only
21158,Other,Personal ASN|Buildings (Residential or Commercial)|Construction and Real Estate
21161,ISP,"Military, Defense, National Security, and International Affairs|Not Validating RPKI ROV|Hosting and Cloud Provider|Internet Service Provider (ISP)"
29358,ISP,Internet Service Provider (ISP)|Software Development|Computer and Information Technology
209585,ISP,Computer and Information Technology|Software Development|Hosting and Cloud Provider|Internet Service Provider (ISP)
201396,ISP,Not Validating RPKI ROV|Internet Service Provider (ISP)|Computer and Information Technology
21173,ISP,Software Development|Computer and Information Technology|Internet Service Provider (ISP)
29367,Enterprise,"Service|Law, Business, and Consulting Services|Computer and Information Technology|Media, Publishing, and Broadcasting"
201399,ISP,Software Development|Health Care Services|Computer and Information Technology|Internet Service Provider (ISP)
21180,Other,Manufacturing|Health Care Services|Chemical and Pharmaceutical Manufacturing
29373,Enterprise,"Media, Publishing, and Broadcasting|Service|Print Media (Newspapers, Magazines, Books)|Law, Business, and Consulting Services"
209598,ISP,Internet Service Provider (ISP)|Computer and Information Technology
201410,ISP,Computer and Information Technology|Internet Service Provider (ISP)|Utilities (Excluding Internet Service)
21192,Other,"Media, Publishing, and Broadcasting|Radio and Television Providers|Service"
209610,ISP,Internet Service Provider (ISP)|Computer and Information Technology
21197,Other,Manufacturing|Electronics and Computer Components|Machinery
21198,ISP,Internet Service Provider (ISP)|Computer and Information Technology|Software Development
13010,ISP,"Retail Stores, Wholesale, and E-commerce Sites|Computer and Information Technology|Internet Service Provider (ISP)"
29394,Content/CDN,Computer and Information Technology|Hosting and Cloud Provider
13012,ISP,Eyeball|Not Validating RPKI ROV|Internet Service Provider (ISP)|Computer and Information Technology
209620,ISP,"Computer and Information Technology|Validating RPKI ROV|Law, Business, and Consulting Services|Service"
21207,Other,"Anycast|Retail Stores, Wholesale, and E-commerce Sites|Agriculture, Mining, and Refineries (Farming, Greenhouses, Mining, Forestry, and Animal Farming)|Manufacturing"
209623,Enterprise,"Clothing, Fashion, Luggage|Retail Stores, Wholesale, and E-commerce Sites|Corporate/Enterprise"
201435,ISP,Internet Service Provider (ISP)|Computer and Information Technology|Eyeball
13020,Eyeball,Computer and Information Technology|Community Groups and Nonprofits|Event|Eyeball
29404,ISP,Computer and Information Technology|Not Validating RPKI ROV|Internet Service Provider (ISP)|Software Development
201438,Other,"Metal, Glass, Wood, and Paper Manufacturing|Manufacturing|Buildings (Residential or Commercial)|Retail Stores, Wholesale, and E-commerce Sites"
29408,Other,Manufacturing
209632,Content/CDN,Not Validating RPKI ROV|Computer and Information Technology|Hosting and Cloud Provider|IPv6 only
29413,ISP,Validating RPKI ROV|Computer and Information Technology|Internet Service Provider (ISP)|Home ISP
201445,Other,Content|Personal ASN|IPv6 only|Other
13031,ISP,"Buildings, Repair, Maintenance (Pest Control, Landscaping, Cleaning, Locksmiths, Car Washes, etc)|Internet Service Provider (ISP)|Service|Software Development"
13039,ISP,Server Hosting|Computer and Information Technology|Internet Service Provider (ISP)
13040,Academic/Edu,Computer and Information Technology|Research and Development Organizations|Education and Research
29423,Content/CDN,Validating RPKI ROV|Computer and Information Technology|Hosting and Cloud Provider|Software Development
21234,Enterprise,"Service|Law, Business, and Consulting Services"
13043,Other,Chemical and Pharmaceutical Manufacturing|Not Validating RPKI ROV|Health Care Services|Manufacturing
21235,ISP,"Internet Service Provider (ISP)|Retail Stores, Wholesale, and E-commerce Sites|Computer and Information Technology|Construction and Real Estate"
13045,ISP,Eyeball|Validating RPKI ROV|Computer and Information Technology|Internet Service Provider (ISP)
62193,ISP,Computer and Information Technology|Internet Service Provider (ISP)
201458,Other,Software Development|Computer and Information Technology
201463,Enterprise,"Validating RPKI ROV|Retail Stores, Wholesale, and E-commerce Sites|Banks, Credit Card Companies, Mortgage Providers|Investment, Portfolio Management, Pensions and Funds"
62204,Other,"Freight, Shipment, and Postal Services"
13054,ISP,Business Broadband|Not Validating RPKI ROV|Internet Service Provider (ISP)|Computer and Information Technology
13058,ISP,Eyeball|Internet Service Provider (ISP)|Computer and Information Technology|Event
209673,Other,Other
21263,ISP,Eyeball|Validating RPKI ROV|Computer and Information Technology|Internet Service Provider (ISP)
201491,Other,"Computer and Information Technology|Buildings, Repair, Maintenance (Pest Control, Landscaping, Cleaning, Locksmiths, Car Washes, etc)|Software Development|Service"
201492,Content/CDN,Hosting and Cloud Provider|Computer and Information Technology
209689,Other,"Computer and Information Technology|Retail Stores, Wholesale, and E-commerce Sites|Finance and Insurance|Banks, Credit Card Companies, Mortgage Providers"
13083,ISP,Computer and Information Technology|Phone Provider|Internet Service Provider (ISP)
29471,Enterprise,"Retail Stores, Wholesale, and E-commerce Sites|Computer and Information Technology|Technology Consulting Services|Manufacturing"
29473,Other,Computer and Information Technology
209707,ISP,Computer and Information Technology|Internet Service Provider (ISP)
29484,Academic/Edu,"Validating RPKI ROV|Not Validating RPKI ROV|Colleges, Universities, and Professional Schools|Education and Research"
13101,ISP,Eyeball|Validating RPKI ROV|Internet Service Provider (ISP)|Computer and Information Technology
62253,ISP,Internet Service Provider (ISP)|Service|Construction and Real Estate|Real Estate (Residential and/or Commercial)
29487,Other,Health Care Services|Manufacturing|Chemical and Pharmaceutical Manufacturing
29488,ISP,Internet Service Provider (ISP)|Computer and Information Technology
209715,Other,"Construction and Real Estate|Computer and Information Technology|Civil Engineering Construction (Utility Lines, Roads and Bridges)"
29494,Other,"Finance and Insurance|Banks, Credit Card Companies, Mortgage Providers"
201526,ISP,Internet Service Provider (ISP)|Utilities (Excluding Internet Service)|Computer and Information Technology
201530,ISP,Insurance Carriers and Agencies|Not Validating RPKI ROV|Finance and Insurance
13115,ISP,"Service|Law, Business, and Consulting Services|Software Development|Internet Service Provider (ISP)"
209724,ISP,Computer and Information Technology|Internet Service Provider (ISP)
62269,Other,Personal ASN|Construction and Real Estate|Buildings (Residential or Commercial)
62270,Other,"Machinery|Retail Stores, Wholesale, and E-commerce Sites|Metal, Glass, Wood, and Paper Manufacturing|Manufacturing"
29505,ISP,Validating RPKI ROV|Computer and Information Technology|Internet Service Provider (ISP)|Home ISP
201537,ISP,Computer and Information Technology|Utilities (Excluding Internet Service)|Internet Service Provider (ISP)
29507,Other,"Freight, Shipment, and Postal Services"
209729,Other,Computer and Information Technology|Software Development
29510,Other,Community Groups and Nonprofits
201543,Other,"Food, Grocery, Beverages|Clothing, Fashion, Luggage|Retail Stores, Wholesale, and E-commerce Sites"
13128,Other,"Buildings, Repair, Maintenance (Pest Control, Landscaping, Cleaning, Locksmiths, Car Washes, etc)|Service|Computer and Information Technology"
201545,Other,"Retail Stores, Wholesale, and E-commerce Sites|Freight, Shipment, and Postal Services"
13130,Enterprise,"Automotive and Transportation|Manufacturing|Service|Law, Business, and Consulting Services"
29515,ISP,Hosting and Cloud Provider|Government and Public Administration|Computer and Information Technology|Internet Service Provider (ISP)
13132,ISP,Computer and Information Technology|Not Validating RPKI ROV|Internet Service Provider (ISP)
209740,ISP,Validating RPKI ROV|Internet Service Provider (ISP)|Computer and Information Technology
13135,ISP,Server Hosting|Not Validating RPKI ROV|Computer and Information Technology|Internet Service Provider (ISP)
201552,Other,Computer and Network Security|Computer and Information Technology|Software Development
209744,ISP,Internet Service Provider (ISP)|Service|Software Development|Computer and Information Technology
209745,ISP,Computer and Information Technology|Internet Service Provider (ISP)|Hosting and Cloud Provider|IPv6 only
62291,Other,"Construction and Real Estate|Civil Engineering Construction (Utility Lines, Roads and Bridges)"
13140,ISP,Internet Service Provider (ISP)|Computer and Information Technology
21336,ISP,Validating RPKI ROV|Internet Service Provider (ISP)|Computer and Information Technology|Tor services
62297,ISP,Software Development|Computer and Information Technology|Internet Service Provider (ISP)
201560,ISP,Utilities (Excluding Internet Service)|Internet Service Provider (ISP)|Computer and Information Technology
201561,ISP,Computer and Information Technology|Utilities (Excluding Internet Service)|Internet Service Provider (ISP)
13148,Enterprise,"Law, Business, and Consulting Services|Retail Stores, Wholesale, and E-commerce Sites|Construction and Real Estate|Computer and Information Technology"
29532,Enterprise,"Computer and Information Technology|Law, Business, and Consulting Services|Software Development|Service"
13157,ISP,Computer and Information Technology|Not Validating RPKI ROV|Internet Service Provider (ISP)
62310,ISP,Validating RPKI ROV|Internet Service Provider (ISP)|Software Development|Hosting and Cloud Provider
21352,Other,"Phone Provider|Civil Engineering Construction (Utility Lines, Roads and Bridges)|Retail Stores, Wholesale, and E-commerce Sites|Computer and Information Technology"
21355,Enterprise,"Computer and Information Technology|Freight, Shipment, and Postal Services|Software Development|Law, Business, and Consulting Services"
13167,ISP,Internet Service Provider (ISP)|Chemical and Pharmaceutical Manufacturing|Computer and Information Technology|Manufacturing
29551,ISP,Tor services|Validating RPKI ROV|Computer and Information Technology|Internet Service Provider (ISP)
209781,Other,"Utilities (Excluding Internet Service)|Agriculture, Mining, and Refineries (Farming, Greenhouses, Mining, Forestry, and Animal Farming)"
209784,ISP,Internet Service Provider (ISP)|Computer and Information Technology|Eyeball
29562,ISP,Computer and Information Technology|Internet Service Provider (ISP)|Home ISP|Eyeball
13184,ISP,Computer and Information Technology|Internet Service Provider (ISP)
62336,ISP,Eyeball|Validating RPKI ROV|Internet Service Provider (ISP)|Computer and Information Technology
29570,Enterprise,"Law, Business, and Consulting Services|Service"
13187,Other,Chemical and Pharmaceutical Manufacturing|Manufacturing
62338,Enterprise,"Law, Business, and Consulting Services|Service|Travel and Accommodation"
62341,ISP,"Internet Service Provider (ISP)|Software Development|Service|Media, Publishing, and Broadcasting"
21382,Enterprise,Finance and Insurance|Computer and Information Technology|Software Development|Service
201600,Other,Computer and Information Technology
209793,Enterprise,"Utilities (Excluding Internet Service)|Service|Law, Business, and Consulting Services|Finance and Insurance"
21385,ISP,Carrier|Not Validating RPKI ROV|Internet Service Provider (ISP)|Computer and Information Technology
201609,Enterprise,"Service|Real Estate (Residential and/or Commercial)|Law, Business, and Consulting Services|Banks, Credit Card Companies, Mortgage Providers"
21387,ISP,"Service|Computer and Information Technology|Internet Service Provider (ISP)|Retail Stores, Wholesale, and E-commerce Sites"
209800,ISP,"Retail Stores, Wholesale, and E-commerce Sites|Hosting and Cloud Provider|Software Development|Internet Service Provider (ISP)"
13201,ISP,"Internet Service Provider (ISP)|Hosting and Cloud Provider|Computer and Information Technology|Retail Stores, Wholesale, and E-commerce Sites"
62354,Other,Computer and Information Technology
62359,ISP,"Service|Software Development|Media, Publishing, and Broadcasting|Law, Business, and Consulting Services"
62365,ISP,Eyeball|Not Validating RPKI ROV|Internet Service Provider (ISP)|Construction and Real Estate
209824,Content/CDN,"Server Hosting|Computer and Information Technology|Media, Publishing, and Broadcasting|Print Media (Newspapers, Magazines, Books)"
21413,ISP,Eyeball|Validating RPKI ROV|Computer and Information Technology|Internet Service Provider (ISP)
209830,ISP,"Finance and Insurance|Banks, Credit Card Companies, Mortgage Providers|Insurance Carriers and Agencies"
13233,Content/CDN,"Media, Publishing, and Broadcasting|Retail Stores, Wholesale, and E-commerce Sites|Computer and Information Technology|Law, Business, and Consulting Services"
62387,ISP,Internet Service Provider (ISP)|Computer and Information Technology
201652,ISP,"Internet Service Provider (ISP)|Construction and Real Estate|Computer and Information Technology|Civil Engineering Construction (Utility Lines, Roads and Bridges)"
13237,ISP,Eyeball|Not Validating RPKI ROV|Computer and Information Technology|Internet Service Provider (ISP)
209844,ISP,Internet Service Provider (ISP)|Computer and Information Technology|IPv6 only
209846,ISP,Corporate/Enterprise|Not Validating RPKI ROV|Internet Service Provider (ISP)|Water Supply and Irrigation
29624,ISP,Computer and Information Technology|Internet Service Provider (ISP)
29627,Other,"Banks, Credit Card Companies, Mortgage Providers|Finance and Insurance|Investment, Portfolio Management, Pensions and Funds"
62396,Other,Travel and Accommodation|IPv6 only|Personal ASN
201660,ISP,Internet Service Provider (ISP)|Computer and Information Technology|Hosting and Cloud Provider
13246,ISP,Validating RPKI ROV|Internet Service Provider (ISP)|Computer and Information Technology
13247,ISP,Internet Service Provider (ISP)|Not Validating RPKI ROV|Computer and Information Technology
209857,ISP,Content|Computer and Information Technology|Internet Service Provider (ISP)
13251,Other,"Retail Stores, Wholesale, and E-commerce Sites|Computer and Information Technology|Validating RPKI ROV"
62403,Enterprise,"Service|Law, Business, and Consulting Services"
209859,Enterprise,"Personal ASN|Retail Stores, Wholesale, and E-commerce Sites|Law, Business, and Consulting Services|Freight, Shipment, and Postal Services"
62407,Enterprise,"Service|Law, Business, and Consulting Services"
201672,Content/CDN,Software Development|Hosting and Cloud Provider|Computer and Information Technology|Service
201681,ISP,Software Development|Computer and Information Technology|Hosting and Cloud Provider|Internet Service Provider (ISP)
21458,Other,"Finance and Insurance|Banks, Credit Card Companies, Mortgage Providers"
21461,ISP,Internet Service Provider (ISP)|Computer and Information Technology
201685,Other,Service
201687,Content/CDN,"Finance and Insurance|Investment, Portfolio Management, Pensions and Funds|Media, Publishing, and Broadcasting|Computer and Information Technology"
209877,ISP,Internet Service Provider (ISP)|Software Development|Finance and Insurance|Computer and Information Technology
29658,ISP,"Internet Service Provider (ISP)|Computer and Information Technology|Retail Stores, Wholesale, and E-commerce Sites"
13275,ISP,Internet Service Provider (ISP)|Hosting and Cloud Provider|Software Development|Computer and Information Technology
21467,Academic/Edu,Education and Research
21473,ISP,Carrier|Not Validating RPKI ROV|Internet Service Provider (ISP)|Computer and Information Technology
13282,Content/CDN,Service|Software Development|Hosting and Cloud Provider|Government and Public Administration
62434,Other,"Freight, Shipment, and Postal Services"
21476,ISP,"Server Hosting|Electronics and Computer Components|Media, Publishing, and Broadcasting|Retail Stores, Wholesale, and E-commerce Sites"
201698,Enterprise,"Law, Business, and Consulting Services|Service|Computer and Information Technology|Software Development"
29670,ISP,Validating RPKI ROV|Not Validating RPKI ROV|Internet Service Provider (ISP)|Computer and Information Technology
201701,Eyeball,Eyeball|Not Validating RPKI ROV|Community Groups and Nonprofits
209891,Other,"Retail Stores, Wholesale, and E-commerce Sites"
13289,ISP,Computer and Information Technology|Not Validating RPKI ROV|Internet Service Provider (ISP)
209894,Other,"Validating RPKI ROV|Community Groups and Nonprofits|Human Rights and Social Advocacy (Human Rights, Environment and Wildlife Conservation, Other)"
201709,ISP,Computer and Information Technology|Internet Service Provider (ISP)
29682,Other,"Banks, Credit Card Companies, Mortgage Providers|Finance and Insurance"
13301,Enterprise,"Service|Computer and Information Technology|Law, Business, and Consulting Services"
29686,ISP,Content|Internet Service Provider (ISP)|Computer and Information Technology|Server Hosting
62454,ISP,Computer and Information Technology|Internet Service Provider (ISP)|IPv6 only
21499,ISP,Tor services|Computer and Information Technology|Hosting and Cloud Provider|Internet Service Provider (ISP)
62460,Other,"Media, Publishing, and Broadcasting|Museums, Libraries, and Entertainment|Print Media (Newspapers, Magazines, Books)"
21501,ISP,Hosting and Cloud Provider|Computer and Information Technology|Internet Service Provider (ISP)
209915,Enterprise,"Validating RPKI ROV|Service|Hotels, Motels, Inns, Other Traveler Accommodation|Law, Business, and Consulting Services"
209917,Other,"Manufacturing|Metal, Glass, Wood, and Paper Manufacturing"
201729,Enterprise,"Not Validating RPKI ROV|Service|Law, Business, and Consulting Services|Utilities (Excluding Internet Service)"
201734,Other,Health Care Services|Manufacturing
209935,Other,Computer and Information Technology|Software Development|IPv6 only
209943,Other,"Construction and Real Estate|Retail Stores, Wholesale, and E-commerce Sites|Civil Engineering Construction (Utility Lines, Roads and Bridges)"
209949,Other,Service|IPv6 only
209953,Other,"Construction and Real Estate|Retail Stores, Wholesale, and E-commerce Sites|Real Estate (Residential and/or Commercial)"
201764,Enterprise,"Computer and Information Technology|Software Development|Service|Law, Business, and Consulting Services"
201779,ISP,Hosting and Cloud Provider|Internet Service Provider (ISP)|Software Development|Service
29752,ISP,Internet Service Provider (ISP)|Software Development|Computer and Information Technology|Hosting and Cloud Provider
201785,Other,Service
209979,Other,"Retail Stores, Wholesale, and E-commerce Sites|Clothing, Fashion, Luggage"
209981,Other,"Retail Stores, Wholesale, and E-commerce Sites|Computer and Information Technology"
201790,Other,"Freight, Shipment, and Postal Services|Retail Stores, Wholesale, and E-commerce Sites|Food, Beverage, and Tobacco|Trucking"
209991,Other,Software Development|Computer and Information Technology|Finance and Insurance
136264,ISP,"Law, Business, and Consulting Services|Service|Insurance Carriers and Agencies|Finance and Insurance"
201807,Content/CDN,"Law, Business, and Consulting Services|Computer and Information Technology|Software Development|Hosting and Cloud Provider"
201809,Other,"Manufacturing|Food, Grocery, Beverages|Food Services and Drinking Places|Food, Beverage, and Tobacco"
201829,ISP,Computer and Information Technology|Phone Provider|Internet Service Provider (ISP)
210023,Content/CDN,Computer and Information Technology|Hosting and Cloud Provider
201832,ISP,Internet Service Provider (ISP)|Hosting and Cloud Provider|Software Development|Computer and Information Technology
210029,ISP,"Finance and Insurance|Civil Engineering Construction (Utility Lines, Roads and Bridges)|Computer and Information Technology|Banks, Credit Card Companies, Mortgage Providers"
201840,ISP,"Internet Service Provider (ISP)|Media, Publishing, and Broadcasting|Computer and Information Technology|Radio and Television Providers"
210035,Eyeball,Education and Research|Corporate/Enterprise|Eyeball
201846,ISP,"Internet Service Provider (ISP)|Software Development|Automotive and Transportation|Retail Stores, Wholesale, and E-commerce Sites"
210044,ISP,"Not Validating RPKI ROV|Agriculture, Mining, and Refineries (Farming, Greenhouses, Mining, Forestry, and Animal Farming)|Electric Power Generation, Transmission, Distribution|Internet Service Provider (ISP)"
201853,Other,"Food, Beverage, and Tobacco|Manufacturing|IPv6 only|Personal ASN"
201856,Other,Construction and Real Estate|Buildings (Residential or Commercial)
201878,Other,"Freight, Shipment, and Postal Services|Passenger Transit (Car, Bus, Taxi, Subway)|Water Supply and Irrigation|Museums, Libraries, and Entertainment"
210070,Other,"Software Development|Validating RPKI ROV|Computer and Information Technology|Civil Engineering Construction (Utility Lines, Roads and Bridges)"
201886,Enterprise,"Law, Business, and Consulting Services|Service|Investment, Portfolio Management, Pensions and Funds|Finance and Insurance"
201901,Other,Software Development|Computer and Information Technology
210098,ISP,Software Development|Internet Service Provider (ISP)|Electronics and Computer Components|Machinery
210106,Eyeball,Eyeball|IPv6 only|Personal ASN|Computer and Information Technology
201917,ISP,Phone Provider|Computer and Information Technology|Internet Service Provider (ISP)
210120,ISP,Internet Service Provider (ISP)|Computer and Information Technology
210122,ISP,Computer and Information Technology|Internet Service Provider (ISP)
210127,Other,Computer and Information Technology|Software Development
201938,ISP,Internet Service Provider (ISP)|Computer and Information Technology
201950,ISP,Eyeball|Internet Service Provider (ISP)|Computer and Information Technology|Personal ASN
210143,Other,"Not Validating RPKI ROV|Human Rights and Social Advocacy (Human Rights, Environment and Wildlife Conservation, Other)|Community Groups and Nonprofits"
201955,ISP,"Internet Service Provider (ISP)|Computer and Information Technology|Software Development|Law, Business, and Consulting Services"
201962,ISP,Eyeball|Not Validating RPKI ROV|Internet Service Provider (ISP)|Computer and Information Technology
201963,Other,Software Development|Computer and Information Technology|IPv6 only
210168,Unknown,
210173,Other,Computer and Information Technology|Personal ASN
210183,Other,"Not Validating RPKI ROV|Real Estate (Residential and/or Commercial)|Retail Stores, Wholesale, and E-commerce Sites|Construction and Real Estate"
210198,Other,"Software Development|Retail Stores, Wholesale, and E-commerce Sites|Computer and Information Technology"
210199,Other,Computer and Information Technology|Software Development|IPv6 only|Personal ASN
38168,Other,"Service|Media, Publishing, and Broadcasting"
5401,Other,Personal ASN|Validating RPKI ROV|Software Development|Computer and Information Technology
5405,ISP,Carrier|Validating RPKI ROV|Computer and Information Technology|Internet Service Provider (ISP)
5409,ISP,Computer and Information Technology|Validating RPKI ROV|Internet Service Provider (ISP)
152868,Unknown,
210214,Other,Construction and Real Estate|Real Estate (Residential and/or Commercial)
210217,Academic/Edu,"Retail Stores, Wholesale, and E-commerce Sites|Software Development|Education and Research|Service"
210222,ISP,Internet Service Provider (ISP)|Computer and Information Technology
210226,Content/CDN,Content|Real Estate (Residential and/or Commercial)|Hosting and Cloud Provider|Computer and Information Technology
5430,ISP,Computer and Information Technology|Validating RPKI ROV|Internet Service Provider (ISP)
202040,Other,"Retail Stores, Wholesale, and E-commerce Sites|Software Development|Computer and Information Technology"
210235,Other,"Freight, Shipment, and Postal Services|IPv6 only|Personal ASN"
210236,ISP,Internet Service Provider (ISP)|Computer and Information Technology
202046,Enterprise,"Computer and Information Technology|Service|Law, Business, and Consulting Services"
210249,Other,"Service|Buildings, Repair, Maintenance (Pest Control, Landscaping, Cleaning, Locksmiths, Car Washes, etc)"
210251,ISP,"Service|Computer and Information Technology|Internet Service Provider (ISP)|Law, Business, and Consulting Services"
210261,ISP,"Law, Business, and Consulting Services|Service|Internet Service Provider (ISP)|Computer and Information Technology"
202077,ISP,Internet Service Provider (ISP)|Hosting and Cloud Provider|Software Development|Computer and Information Technology
210274,ISP,Hosting and Cloud Provider|Internet Service Provider (ISP)|Software Development|Computer and Information Technology
202084,Enterprise,"Investment, Portfolio Management, Pensions and Funds|Service|Real Estate (Residential and/or Commercial)|Law, Business, and Consulting Services"
202092,Other,"Finance and Insurance|Banks, Credit Card Companies, Mortgage Providers"
210285,ISP,Education and Research|Internet Service Provider (ISP)|Computer and Information Technology
210286,ISP,"Internet Service Provider (ISP)|Media, Publishing, and Broadcasting|Print Media (Newspapers, Magazines, Books)|Freight, Shipment, and Postal Services"
202099,Other,"Retail Stores, Wholesale, and E-commerce Sites"
210298,ISP,Validating RPKI ROV|Computer and Information Technology|Internet Service Provider (ISP)|Technology Consulting Services
202108,ISP,Internet Service Provider (ISP)|Service|Software Development|Computer and Information Technology
5501,Academic/Edu,"Academic|Validating RPKI ROV|Law, Business, and Consulting Services|Community Groups and Nonprofits"
210303,Government,"Government and Public Administration|Freight, Shipment, and Postal Services|Government and Regulatory Agencies, Administrations, Departments, and Services|Corporate/Enterprise"
210304,ISP,Internet Service Provider (ISP)|Computer and Information Technology
202113,ISP,Internet Service Provider (ISP)|Computer and Information Technology
30083,Eyeball,Eyeball|Validating RPKI ROV|Manufacturing|Electronics and Computer Components
5517,ISP,Server Hosting|Tranco 10k Host|Hosting and Cloud Provider|Internet Service Provider (ISP)
5520,Academic/Edu,"Academic|Validating RPKI ROV|Law, Business, and Consulting Services|Education and Research"
5521,ISP,"Internet Service Provider (ISP)|Hosting and Cloud Provider|Software Development|Media, Publishing, and Broadcasting"
210326,Enterprise,"Buildings, Repair, Maintenance (Pest Control, Landscaping, Cleaning, Locksmiths, Car Washes, etc)|Law, Business, and Consulting Services|Service"
202135,Other,"Metal, Glass, Wood, and Paper Manufacturing|Manufacturing|IPv6 only|Personal ASN"
210333,Enterprise,Corporate/Enterprise|Finance and Insurance
210336,ISP,Computer and Information Technology|Internet Service Provider (ISP)
5539,ISP,Server Hosting|Not Validating RPKI ROV|Computer and Information Technology|Internet Service Provider (ISP)
202147,ISP,Eyeball|Not Validating RPKI ROV|Computer and Information Technology|Internet Service Provider (ISP)
5549,Other,Service
202157,Content/CDN,"Investment, Portfolio Management, Pensions and Funds|Hosting and Cloud Provider|Software Development|Finance and Insurance"
210351,Content/CDN,"Computer and Information Technology|Hosting, Cloud Provider, Data Center, Server Colocation"
202167,Other,"Content|Software Development|Museums, Libraries, and Entertainment|Computer and Information Technology"
202168,ISP,Computer and Information Technology|Internet Service Provider (ISP)
202182,ISP,Software Development|Computer and Information Technology|Internet Service Provider (ISP)|Hosting and Cloud Provider
202186,Enterprise,"Retail Stores, Wholesale, and E-commerce Sites|Law, Business, and Consulting Services|Service"
202195,ISP,"Computer and Information Technology|Radio and Television Providers|Media, Publishing, and Broadcasting|Internet Service Provider (ISP)"
202200,ISP,Software Development|Service|Internet Service Provider (ISP)|Electronics and Computer Components
210397,ISP,Computer and Information Technology|Internet Service Provider (ISP)
202208,ISP,Eyeball|Not Validating RPKI ROV|Internet Service Provider (ISP)|Service
5605,ISP,Computer and Information Technology|Validating RPKI ROV|Internet Service Provider (ISP)
202217,ISP,Computer and Information Technology|Software Development|Internet Service Provider (ISP)
202219,Academic/Edu,Computer and Information Technology|Education and Research|Software Development|Research and Development Organizations
398830,ISP,Eyeball|Validating RPKI ROV|Computer and Information Technology|Travel and Accommodation
202231,ISP,"Civil Engineering Construction (Utility Lines, Roads and Bridges)|Retail Stores, Wholesale, and E-commerce Sites|Internet Service Provider (ISP)|Freight, Shipment, and Postal Services"
210424,Other,"Food Services and Drinking Places|Travel and Accommodation|Hotels, Motels, Inns, Other Traveler Accommodation"
210428,Other,Electronics and Computer Components|Manufacturing
202238,ISP,"Buildings, Repair, Maintenance (Pest Control, Landscaping, Cleaning, Locksmiths, Car Washes, etc)|Civil Engineering Construction (Utility Lines, Roads and Bridges)|Internet Service Provider (ISP)|Service"
210430,Academic/Edu,"Education and Research|Other Schools, Instruction, and Exam Preparation (Trade Schools, Art Schools, Driving Instruction, etc.)"
202245,ISP,Internet Service Provider (ISP)|Computer and Information Technology
210437,ISP,"Internet Service Provider (ISP)|Retail Stores, Wholesale, and E-commerce Sites|Computer and Information Technology|Software Development"
210438,Other,Service|Personal ASN|IPv6 only
202252,ISP,Computer and Information Technology|Internet Service Provider (ISP)
210446,Content/CDN,Computer and Information Technology|Computer and Network Security|Hosting and Cloud Provider
210463,Other,Computer and Information Technology|Software Development
202278,ISP,Computer and Information Technology|Internet Service Provider (ISP)
202283,Other,Computer and Information Technology
202284,Content/CDN,"Finance and Insurance|Hosting and Cloud Provider|Retail Stores, Wholesale, and E-commerce Sites|Software Development"
202285,Content/CDN,"Computer and Information Technology|Hosting, Cloud Provider, Data Center, Server Colocation"
210482,ISP,Internet Service Provider (ISP)|Computer and Information Technology
202295,ISP,Computer and Information Technology|Internet Service Provider (ISP)
210489,ISP,Computer and Information Technology|Internet Service Provider (ISP)
202298,ISP,Internet Service Provider (ISP)|Computer and Information Technology|Software Development
136767,Other,"Travel and Accommodation|Automotive and Transportation|Freight, Shipment, and Postal Services|Manufacturing"
210496,Other,"Retail Stores, Wholesale, and E-commerce Sites|Clothing, Fashion, Luggage"
202322,Other,Computer and Information Technology|Personal ASN|IPv6 only
202329,Eyeball,Eyeball|Validating RPKI ROV|Tor services|Service
210521,Other,Computer and Information Technology
210522,ISP,Computer and Information Technology|Internet Service Provider (ISP)|Personal ASN
202333,Other,"Electric Power Generation, Transmission, Distribution|Steam and Air-Conditioning Supply|Natural Gas Distribution|Agriculture, Mining, and Refineries (Farming, Greenhouses, Mining, Forestry, and Animal Farming)"
202343,ISP,"Internet Service Provider (ISP)|Computer and Information Technology|Retail Stores, Wholesale, and E-commerce Sites"
210537,Other,Construction and Real Estate|Real Estate (Residential and/or Commercial)|Personal ASN|Content
202351,Other,Health Care Services|Hospitals and Medical Centers
210544,Other,Service
210545,Other,Computer and Information Technology
202358,Content/CDN,"Retail Stores, Wholesale, and E-commerce Sites|Computer and Information Technology|Hosting and Cloud Provider|IPv6 only"
210558,Content/CDN,"Content|Government and Public Administration|Law Enforcement, Public Safety, and Justice|Tor services"
210561,ISP,"Computer and Information Technology|Hosting, Cloud Provider, Data Center, Server Colocation|Internet Service Provider (ISP)|Personal ASN"
202373,ISP,Internet Service Provider (ISP)|Not Validating RPKI ROV|Computer and Information Technology
210570,Unknown,
210577,ISP,"Service|Computer and Information Technology|Law, Business, and Consulting Services|Personal ASN"
210582,Other,Computer and Information Technology
210585,Other,Manufacturing
210586,ISP,Computer and Information Technology|Internet Service Provider (ISP)|Utilities (Excluding Internet Service)
210589,Other,Computer and Information Technology|Software Development
202401,ISP,Hosting and Cloud Provider|Not Validating RPKI ROV|Internet Service Provider (ISP)|Computer and Information Technology
210596,ISP,Computer and Information Technology|Internet Service Provider (ISP)|IPv6 only
202409,ISP,Computer and Information Technology|Internet Service Provider (ISP)
202420,Content/CDN,"Computer and Information Technology|Hosting, Cloud Provider, Data Center, Server Colocation"
210617,Other,"Freight, Shipment, and Postal Services|Personal ASN"
202429,Academic/Edu,"Colleges, Universities, and Professional Schools|Education and Research"
202435,Enterprise,"Law, Business, and Consulting Services|Service"
210632,Content/CDN,Content|IPv6 only|Computer and Information Technology|Hosting and Cloud Provider
210633,Content/CDN,"Retail Stores, Wholesale, and E-commerce Sites|Law, Business, and Consulting Services|Computer and Information Technology|Service"
210651,Content/CDN,Computer and Information Technology|Hosting and Cloud Provider
210653,Other,Community Groups and Nonprofits|Churches and Religious Organizations
202462,ISP,Computer and Information Technology|Internet Service Provider (ISP)
202473,Eyeball,"Media, Publishing, and Broadcasting|IPv6 only|Eyeball"
202476,Enterprise,"Service|Law, Business, and Consulting Services|IPv6 only"
202499,ISP,Computer and Information Technology|Internet Service Provider (ISP)
210696,Other,Computer and Information Technology
210701,Content/CDN,Hosting and Cloud Provider|Computer and Information Technology|Computer and Network Security
210711,ISP,Internet Service Provider (ISP)|Computer and Information Technology
202524,Other,"Construction and Real Estate|Retail Stores, Wholesale, and E-commerce Sites|Buildings (Residential or Commercial)"
202526,ISP,Not Validating RPKI ROV|Computer and Information Technology|Machinery|Manufacturing
210729,ISP,"Hosting, Cloud Provider, Data Center, Server Colocation|Computer and Information Technology|Manufacturing|Internet Service Provider (ISP)"
202539,Other,"Clothing, Fashion, Luggage|Retail Stores, Wholesale, and E-commerce Sites|Tor services"
202545,ISP,"Technology Consulting Services|Retail Stores, Wholesale, and E-commerce Sites|Internet Service Provider (ISP)|Computer and Information Technology"
202560,Enterprise,"Law, Business, and Consulting Services|Service|Utilities (Excluding Internet Service)|Electric Power Generation, Transmission, Distribution"
202566,ISP,Computer and Information Technology|Internet Service Provider (ISP)
210759,ISP,Internet Service Provider (ISP)|Computer and Information Technology
202577,Academic/Edu,"Elementary and Secondary Schools|Education and Research|Social Assistance (Temporary Shelters, Emergency Relief, Child Day Care, etc)|Service"
202579,Other,"Computer and Information Technology|Personal Care and Lifestyle (Barber Shops, Nail Salons, Diet Centers, Laundry, etc)|Service"
202584,ISP,Computer and Information Technology|Internet Service Provider (ISP)|Hosting and Cloud Provider|Personal ASN
210780,Other,Travel and Accommodation
202592,ISP,Internet Service Provider (ISP)|Computer and Information Technology
210785,Unknown,
210793,ISP,Validating RPKI ROV|Computer and Information Technology|Internet Service Provider (ISP)
210795,Other,Manufacturing|Automotive and Transportation|Chemical and Pharmaceutical Manufacturing
210796,ISP,IPv6 only|Internet Service Provider (ISP)|Computer and Information Technology|Personal ASN
210803,ISP,Computer and Information Technology|Internet Service Provider (ISP)
210804,Unknown,
210809,ISP,Internet Service Provider (ISP)|Computer and Information Technology
210819,ISP,Hosting and Cloud Provider|Internet Service Provider (ISP)|Computer and Information Technology
30598,Other,Travel and Accommodation|Validating RPKI ROV|Service|Water Travel
210833,ISP,IPv6 only|Internet Service Provider (ISP)|Computer and Information Technology
210849,Other,"Online Informational Content|Media, Publishing, and Broadcasting"
210852,Enterprise,"Computer and Information Technology|Service|Technology Consulting Services|Law, Business, and Consulting Services"
202661,Unknown,
210860,Other,"Food Services and Drinking Places|Food, Grocery, Beverages|Computer and Information Technology|Retail Stores, Wholesale, and E-commerce Sites"
202680,Enterprise,"Buildings, Repair, Maintenance (Pest Control, Landscaping, Cleaning, Locksmiths, Car Washes, etc)|Software Development|Service|Law, Business, and Consulting Services"
210881,Other,"Online Informational Content|Media, Publishing, and Broadcasting|Museums, Libraries, and Entertainment|Anycast"
210884,Content/CDN,Hosting and Cloud Provider|Computer and Information Technology
202693,Other,Validating RPKI ROV|Real Estate (Residential and/or Commercial)|Construction and Real Estate
202694,ISP,Finance and Insurance|Health Care Services|Insurance Carriers and Agencies
210887,Other,Personal ASN|IPv6 only
210888,Other,Personal ASN
202698,Enterprise,"Retail Stores, Wholesale, and E-commerce Sites|Law, Business, and Consulting Services|Service"
202701,Other,"Retail Stores, Wholesale, and E-commerce Sites|Service|Food, Grocery, Beverages"
202702,Enterprise,"Computer and Information Technology|Software Development|Service|Law, Business, and Consulting Services"
202707,ISP,Eyeball|Internet Service Provider (ISP)|Computer and Information Technology
202716,ISP,Finance and Insurance|Insurance Carriers and Agencies|Validating RPKI ROV
210908,Academic/Edu,Education and Research
210909,Other,Computer and Information Technology
210916,Other,"IPv6 only|Media, Publishing, and Broadcasting|Music and Video Industry"
202729,ISP,"Computer and Information Technology|Personal ASN|IPv6 only|Media, Publishing, and Broadcasting"
202730,Other,"Museums, Libraries, and Entertainment|Recreation, Sports, and Performing Arts|Retail Stores, Wholesale, and E-commerce Sites|Clothing, Fashion, Luggage"
202731,ISP,Computer and Information Technology|Education and Research|Manufacturing|Internet Service Provider (ISP)
202732,Academic/Edu,Research and Development Organizations|Education and Research
210922,ISP,Internet Service Provider (ISP)|Computer and Information Technology
202739,Other,"Retail Stores, Wholesale, and E-commerce Sites|Personal ASN|IPv6 only"
202741,ISP,"Retail Stores, Wholesale, and E-commerce Sites|Construction and Real Estate|Computer and Information Technology|Internet Service Provider (ISP)"
210934,ISP,Computer and Information Technology|Internet Service Provider (ISP)
210937,Other,Software Development|Computer and Information Technology
210941,ISP,"Media, Publishing, and Broadcasting|Computer and Information Technology|Online Informational Content|Internet Service Provider (ISP)"
38914,ISP,Internet Service Provider (ISP)|Computer and Information Technology
47108,ISP,Internet Service Provider (ISP)|Computer and Information Technology
210957,Other,Personal ASN|Computer and Information Technology
38927,ISP,Content|Computer and Information Technology|Internet Service Provider (ISP)|Hosting and Cloud Provider
30742,ISP,Validating RPKI ROV|Not Validating RPKI ROV|Internet Service Provider (ISP)|Software Development
210967,ISP,Computer and Information Technology|Internet Service Provider (ISP)
210969,Other,"Museums, Libraries, and Entertainment|Personal ASN|IPv6 only"
38938,ISP,"Electric Power Generation, Transmission, Distribution|Validating RPKI ROV|Water Supply and Irrigation|Agriculture, Mining, and Refineries (Farming, Greenhouses, Mining, Forestry, and Animal Farming)"
38943,Other,"Automotive and Transportation|Machinery|Freight, Shipment, and Postal Services|Computer and Information Technology"
202784,ISP,Software Development|Computer and Information Technology|Internet Service Provider (ISP)
47138,ISP,Server Hosting|Internet Service Provider (ISP)|Computer and Information Technology
38948,ISP,"Computer and Information Technology|Law, Business, and Consulting Services|Software Development|Service"
202789,Other,"Service|Civil Engineering Construction (Utility Lines, Roads and Bridges)|Construction and Real Estate"
38953,Academic/Edu,"Government and Public Administration|Military, Defense, National Security, and International Affairs|Retail Stores, Wholesale, and E-commerce Sites|Other Schools, Instruction, and Exam Preparation (Trade Schools, Art Schools, Driving Instruction, etc.)"
30766,ISP,Eyeball|Validating RPKI ROV|Internet Service Provider (ISP)|Computer and Information Technology
210994,Other,Software Development|Computer and Information Technology
30774,Other,Computer and Information Technology
202810,Other,"Manufacturing|Automotive and Transportation|Retail Stores, Wholesale, and E-commerce Sites"
202815,ISP,Internet Service Provider (ISP)|Computer and Information Technology
211007,Other,Utilities (Excluding Internet Service)
30787,Other,Manufacturing|Machinery
30791,ISP,Computer and Information Technology|Internet Service Provider (ISP)|Hosting and Cloud Provider|Software Development
38988,Other,"Electric Power Generation, Transmission, Distribution|Utilities (Excluding Internet Service)"
38989,Other,"Finance and Insurance|Investment, Portfolio Management, Pensions and Funds"
211023,Other,"Media, Publishing, and Broadcasting|Service|Museums, Libraries, and Entertainment|IPv6 only"
30800,ISP,"Not Validating RPKI ROV|Computer and Information Technology|Retail Stores, Wholesale, and E-commerce Sites|Software Development"
211026,ISP,Internet Service Provider (ISP)|Computer and Information Technology
211030,ISP,Internet Service Provider (ISP)|Computer and Information Technology
47195,Other,"Media, Publishing, and Broadcasting|Computer and Information Technology|Manufacturing|Museums, Libraries, and Entertainment"
202847,ISP,"Finance and Insurance|Insurance Carriers and Agencies|Investment, Portfolio Management, Pensions and Funds|Health Care Services"
202851,Content/CDN,"Retail Stores, Wholesale, and E-commerce Sites|Computer and Information Technology|Buildings, Repair, Maintenance (Pest Control, Landscaping, Cleaning, Locksmiths, Car Washes, etc)|Law, Business, and Consulting Services"
30823,ISP,Carrier|Not Validating RPKI ROV|Internet Service Provider (ISP)|Computer and Information Technology
47208,ISP,Internet Service Provider (ISP)|Computer and Information Technology
30825,Other,"Food, Beverage, and Tobacco|Retail Stores, Wholesale, and E-commerce Sites|Manufacturing|Food, Grocery, Beverages"
39018,ISP,"Internet Service Provider (ISP)|Computer and Information Technology|Software Development|Retail Stores, Wholesale, and E-commerce Sites"
47215,ISP,Content|Computer and Information Technology|Internet Service Provider (ISP)|Server Hosting
30834,ISP,Computer and Information Technology|Internet Service Provider (ISP)
39035,Other,"Retail Stores, Wholesale, and E-commerce Sites"
47228,ISP,Utilities (Excluding Internet Service)|Internet Service Provider (ISP)|Computer and Information Technology
211069,Other,IPv6 only|Content
202878,ISP,Computer and Information Technology|Internet Service Provider (ISP)|IPv6 only
211075,Government,"Service|Government and Regulatory Agencies, Administrations, Departments, and Services|Government and Public Administration|Buildings, Repair, Maintenance (Pest Control, Landscaping, Cleaning, Locksmiths, Car Washes, etc)"
211083,ISP,Computer and Information Technology|Internet Service Provider (ISP)
211088,Other,Personal ASN|IPv6 only
39063,ISP,Computer and Information Technology|Internet Service Provider (ISP)
211095,Content/CDN,Computer and Information Technology|Hosting and Cloud Provider
47261,Other,"Online Informational Content|Media, Publishing, and Broadcasting|Print Media (Newspapers, Magazines, Books)"
202909,ISP,"IPv6 only|Computer and Information Technology|Retail Stores, Wholesale, and E-commerce Sites|Internet Service Provider (ISP)"
47263,ISP,"Carrier|Computer and Information Technology|Internet Service Provider (ISP)|Hosting, Cloud Provider, Data Center, Server Colocation"
39077,Enterprise,"Law, Business, and Consulting Services|Print Media (Newspapers, Magazines, Books)|Media, Publishing, and Broadcasting|Service"
47274,Academic/Edu,Research and Development Organizations|Education and Research|Health Care Services|Manufacturing
39083,ISP,Corporate/Enterprise|Internet Service Provider (ISP)|Computer and Information Technology
211115,Other,Computer and Information Technology|Software Development
47277,ISP,Internet Service Provider (ISP)|Computer and Information Technology
202926,Content/CDN,"Law, Business, and Consulting Services|Computer and Information Technology|Hosting and Cloud Provider|Software Development"
47279,ISP,"Internet Service Provider (ISP)|Computer and Information Technology|Software Development|Retail Stores, Wholesale, and E-commerce Sites"
202929,Content/CDN,"IPv6 only|Media, Publishing, and Broadcasting|Real Estate (Residential and/or Commercial)|Radio and Television Providers"
39090,ISP,Eyeball|Not Validating RPKI ROV|Internet Service Provider (ISP)|Computer and Information Technology
39100,Government,"Not Validating RPKI ROV|Government and Regulatory Agencies, Administrations, Departments, and Services|Government and Public Administration"
202941,Other,Hospitals and Medical Centers|Health Care Services
47295,ISP,Online Informational Content|Internet Service Provider (ISP)|Software Development|Computer and Information Technology
47297,ISP,Computer and Information Technology|Business Broadband|Internet Service Provider (ISP)
202946,ISP,Computer and Information Technology|Computer and Network Security|Internet Service Provider (ISP)|Software Development
30915,Enterprise,Manufacturing|Construction and Real Estate|Corporate/Enterprise
211144,Other,Chemical and Pharmaceutical Manufacturing|Manufacturing
47309,ISP,Internet Service Provider (ISP)|Computer and Information Technology
202957,Other,"Water Supply and Irrigation|Steam and Air-Conditioning Supply|Service|Electric Power Generation, Transmission, Distribution"
39123,ISP,Internet Service Provider (ISP)|Computer and Information Technology|Software Development|Technology Consulting Services
211161,Enterprise,"Law, Business, and Consulting Services|Service"
30941,Other,Machinery|Manufacturing
39138,ISP,Not Validating RPKI ROV|Internet Service Provider (ISP)|Computer and Information Technology|Carrier
211170,ISP,Computer and Information Technology|Internet Service Provider (ISP)
202986,ISP,Eyeball|Computer and Information Technology|Internet Service Provider (ISP)|Personal ASN
211179,Other,Computer and Information Technology|Software Development
47340,Other,Manufacturing|Chemical and Pharmaceutical Manufacturing
39151,ISP,Satellite Internet|Not Validating RPKI ROV|Internet Service Provider (ISP)|Hosting and Cloud Provider
30962,ISP,Content|Not Validating RPKI ROV|Computer and Information Technology|Internet Service Provider (ISP)
47347,ISP,"Internet Service Provider (ISP)|Retail Stores, Wholesale, and E-commerce Sites|Computer and Information Technology"
211187,Content/CDN,Service|Computer and Information Technology|Hosting and Cloud Provider
203005,Other,"Online Informational Content|Media, Publishing, and Broadcasting"
39170,Enterprise,Service|Software Development|Finance and Insurance|Computer and Information Technology
204801,ISP,"Not Validating RPKI ROV|Internet Service Provider (ISP)|Computer and Information Technology|Retail Stores, Wholesale, and E-commerce Sites"
203015,Other,Software Development|Computer and Information Technology
47368,Other,"Retail Stores, Wholesale, and E-commerce Sites"
47369,Other,"Technology Consulting Services|Retail Stores, Wholesale, and E-commerce Sites|Computer and Information Technology|Software Development"
203017,Enterprise,"Construction and Real Estate|Law, Business, and Consulting Services|Service"
211207,ISP,Computer and Information Technology|Internet Service Provider (ISP)|Personal ASN|IPv6 only
47372,Other,Computer and Information Technology
203022,Enterprise,"Service|Law, Business, and Consulting Services"
203027,Other,"Media, Publishing, and Broadcasting|Service|IPv6 only|Personal ASN"
203029,Content/CDN,"Electronics and Computer Components|Hosting, Cloud Provider, Data Center, Server Colocation|Computer and Information Technology|Manufacturing"
203038,Other,Community Groups and Nonprofits
31007,Enterprise,"Manufacturing|Service|Metal, Glass, Wood, and Paper Manufacturing|Law, Business, and Consulting Services"
31010,ISP,"Internet Service Provider (ISP)|Software Development|Retail Stores, Wholesale, and E-commerce Sites|Computer and Information Technology"
203043,ISP,Anycast|Internet Service Provider (ISP)|Computer and Information Technology|Construction and Real Estate
203045,Other,"Retail Stores, Wholesale, and E-commerce Sites|Manufacturing|IPv6 only"
203046,Other,"Freight, Shipment, and Postal Services"
39209,ISP,Computer and Information Technology|Internet Service Provider (ISP)|Hosting and Cloud Provider
31025,ISP,Computer and Information Technology|Internet Service Provider (ISP)
39218,ISP,Not Validating RPKI ROV|Computer and Information Technology|Internet Service Provider (ISP)|Service
47409,Other,Software Development|Computer and Information Technology
39220,ISP,"Computer and Information Technology|Hosting, Cloud Provider, Data Center, Server Colocation|Technology Consulting Services|Internet Service Provider (ISP)"
211255,Other,Service
39225,Other,Community Groups and Nonprofits
39227,ISP,Hosting and Cloud Provider|Not Validating RPKI ROV|Tranco 10k Host|Computer and Information Technology
203078,Content/CDN,"Law, Business, and Consulting Services|Service|Software Development|Computer and Information Technology"
47432,Other,"Hospitals and Medical Centers|Health Care Services|Nursing, Residential Care Facilities, Assisted Living, and Home Health Care"
31049,Other,Machinery|Manufacturing
203080,Content/CDN,"Law, Business, and Consulting Services|Not Validating RPKI ROV|Service|Computer and Information Technology"
47435,Government,"Not Validating RPKI ROV|Law, Business, and Consulting Services|Law Enforcement, Public Safety, and Justice|Service"
203085,ISP,Hosting and Cloud Provider|Software Development|Internet Service Provider (ISP)|Computer and Information Technology
31054,Government,"Computer and Network Security|Service|Law Enforcement, Public Safety, and Justice|Government and Public Administration"
31055,ISP,Computer and Information Technology|Internet Service Provider (ISP)
31056,Other,Community Groups and Nonprofits
211280,Other,"Investment, Portfolio Management, Pensions and Funds|Finance and Insurance|Software Development|Computer and Information Technology"
211286,Academic/Edu,Tranco 10k Host|Education and Research
47447,ISP,Content|Validating RPKI ROV|Internet Service Provider (ISP)|Computer and Information Technology
39257,ISP,Computer and Information Technology|Validating RPKI ROV|Internet Service Provider (ISP)
211292,Other,"Phone Provider|Service|Technology Consulting Services|Media, Publishing, and Broadcasting"
211296,ISP,"Freight, Shipment, and Postal Services|Law, Business, and Consulting Services|Service|Computer and Information Technology"
211301,Content/CDN,Content|Electronics and Computer Components|Manufacturing|Server Hosting
31078,ISP,Internet Service Provider (ISP)|Computer and Information Technology
47462,Academic/Edu,Education and Research|Manufacturing|Machinery|IPv6 only
203123,ISP,Internet Service Provider (ISP)|Computer and Information Technology
211319,Government,Government|Computer and Information Technology
31098,Other,"Buildings, Repair, Maintenance (Pest Control, Landscaping, Cleaning, Locksmiths, Car Washes, etc)|Software Development|Computer and Information Technology|Retail Stores, Wholesale, and E-commerce Sites"
39290,ISP,Computer and Information Technology|Internet Service Provider (ISP)|Software Development
31100,ISP,VPN Host|Computer and Information Technology|Internet Service Provider (ISP)
39291,ISP,Internet Service Provider (ISP)|Computer and Information Technology
203132,Content/CDN,Software Development|Hosting and Cloud Provider|Computer and Information Technology|Education and Research
31103,ISP,Content|Not Validating RPKI ROV|Computer and Information Technology|Internet Service Provider (ISP)
47487,Enterprise,"Retail Stores, Wholesale, and E-commerce Sites|Food, Grocery, Beverages|Law, Business, and Consulting Services|Service"
47488,Other,Computer and Information Technology|Software Development
47491,Content/CDN,Hosting and Cloud Provider|Computer and Information Technology
211331,Other,"Retail Stores, Wholesale, and E-commerce Sites"
47496,Other,"Hotels, Motels, Inns, Other Traveler Accommodation|Travel and Accommodation|Personal ASN"
211337,Unknown,
203155,ISP,Internet Service Provider (ISP)|Computer and Information Technology
211357,ISP,Not Validating RPKI ROV|Internet Service Provider (ISP)|Computer and Information Technology
47518,ISP,"Media, Publishing, and Broadcasting|Computer and Information Technology|Online Informational Content|Internet Service Provider (ISP)"
211364,ISP,"Internet Service Provider (ISP)|Computer and Information Technology|Media, Publishing, and Broadcasting|IPv6 only"
31142,ISP,Computer and Information Technology|Internet Service Provider (ISP)|IPv6 only
47526,ISP,Content|Computer and Information Technology|Internet Service Provider (ISP)|Validating RPKI ROV
203175,Enterprise,"Media, Publishing, and Broadcasting|Law, Business, and Consulting Services|Computer and Information Technology|Service"
31147,Content/CDN,"Hosting and Cloud Provider|Software Development|Computer and Information Technology|Retail Stores, Wholesale, and E-commerce Sites"
47536,Content/CDN,"Corporate/Enterprise|Technology Consulting Services|Computer and Information Technology|Law, Business, and Consulting Services"
211376,Other,Not Validating RPKI ROV|Computer and Information Technology|Software Development
47540,Content/CDN,Computer and Information Technology|Not Validating RPKI ROV|Hosting and Cloud Provider
203196,ISP,"Agriculture, Mining, and Refineries (Farming, Greenhouses, Mining, Forestry, and Animal Farming)|Construction and Real Estate|Computer and Information Technology|Civil Engineering Construction (Utility Lines, Roads and Bridges)"
31168,Enterprise,"Law, Business, and Consulting Services|Service|IPv6 only"
203207,Other,Computer and Information Technology
39373,Content/CDN,Computer and Information Technology|Real Estate (Residential and/or Commercial)|Construction and Real Estate|Hosting and Cloud Provider
203215,ISP,Validating RPKI ROV|Internet Service Provider (ISP)|Research and Development Organizations|Software Development
31184,Other,"Retail Stores, Wholesale, and E-commerce Sites"
31186,ISP,Internet Service Provider (ISP)|Computer and Information Technology
39378,ISP,Content|Internet Service Provider (ISP)|Hosting and Cloud Provider|Service
39380,Other,"Buildings, Repair, Maintenance (Pest Control, Landscaping, Cleaning, Locksmiths, Car Washes, etc)|Retail Stores, Wholesale, and E-commerce Sites|Service"
203224,ISP,"Construction and Real Estate|Computer and Information Technology|Civil Engineering Construction (Utility Lines, Roads and Bridges)|Internet Service Provider (ISP)"
211417,ISP,Internet Service Provider (ISP)|Computer and Information Technology|Service
203226,ISP,"Eyeball|Software Development|Computer and Information Technology|Retail Stores, Wholesale, and E-commerce Sites"
203228,ISP,Validating RPKI ROV|Computer and Information Technology|Internet Service Provider (ISP)
31197,ISP,Internet Service Provider (ISP)|Computer and Information Technology
211428,Other,"Retail Stores, Wholesale, and E-commerce Sites"
211429,Other,"Service|Buildings, Repair, Maintenance (Pest Control, Landscaping, Cleaning, Locksmiths, Car Washes, etc)|Construction and Real Estate"
211447,ISP,Computer and Information Technology|Internet Service Provider (ISP)
47610,Academic/Edu,"Academic|Validating RPKI ROV|Research and Development Organizations|Colleges, Universities, and Professional Schools"
203264,Other,"Museums, Libraries, and Entertainment|Personal ASN"
6659,ISP,"Validating RPKI ROV|Media, Publishing, and Broadcasting|Computer and Information Technology|Internet Service Provider (ISP)"
203269,Unknown,
211463,Enterprise,"Law, Business, and Consulting Services|Service"
6666,Other,Service
31243,ISP,Internet Service Provider (ISP)|Computer and Information Technology
203278,Other,Computer and Information Technology
39441,ISP,Validating RPKI ROV|Computer and Information Technology|Internet Service Provider (ISP)
211479,Other,"Personal ASN|IPv6 only|Museums, Libraries, and Entertainment|Online Informational Content"
47641,ISP,"Software Development|Retail Stores, Wholesale, and E-commerce Sites|Computer and Information Technology|Internet Service Provider (ISP)"
39450,Other,"Clothing, Fashion, Luggage|Retail Stores, Wholesale, and E-commerce Sites"
31259,ISP,Internet Service Provider (ISP)|Software Development|Service|Computer and Information Technology
211483,Other,Automotive and Transportation|Manufacturing
203293,ISP,"Retail Stores, Wholesale, and E-commerce Sites|Home ISP|Eyeball"
6687,Content/CDN,Validating RPKI ROV|Software Development|Hosting and Cloud Provider|Computer and Information Technology
211488,Other,"Retail Stores, Wholesale, and E-commerce Sites|Computer and Information Technology|Software Development"
6695,ISP,"Law, Business, and Consulting Services|Internet Service Provider (ISP)|Service|Utilities (Excluding Internet Service)"
211498,ISP,Computer and Information Technology|Internet Service Provider (ISP)|Personal ASN|IPv6 only
31276,ISP,Computer and Information Technology|Internet Service Provider (ISP)
47661,Other,"Finance and Insurance|Accountants, Tax Preparers, Payroll Services"
211507,Content/CDN,"Tor services|Computer and Information Technology|Hosting, Cloud Provider, Data Center, Server Colocation"
31285,Other,"Finance and Insurance|Banks, Credit Card Companies, Mortgage Providers"
203325,Enterprise,"Service|Law, Business, and Consulting Services"
203329,ISP,Server Hosting|Not Validating RPKI ROV|Internet Service Provider (ISP)|Computer and Information Technology
6724,ISP,Content|Validating RPKI ROV|Computer and Information Technology|Internet Service Provider (ISP)
203333,Other,Computer and Information Technology|IPv6 only|Personal ASN
211525,Other,Service|IPv6 only
47691,ISP,Not Validating RPKI ROV|Internet Service Provider (ISP)|Computer and Information Technology
6733,ISP,"Not Validating RPKI ROV|Computer and Information Technology|Government and Regulatory Agencies, Administrations, Departments, and Services|Community Groups and Nonprofits"
203341,ISP,Internet Service Provider (ISP)|Utilities (Excluding Internet Service)|Computer and Information Technology
6735,ISP,Computer and Information Technology|Validating RPKI ROV|Internet Service Provider (ISP)
47696,ISP,"Technology Consulting Services|Computer and Information Technology|Law, Business, and Consulting Services|Internet Service Provider (ISP)"
211536,Content/CDN,"Computer and Information Technology|Law, Business, and Consulting Services|Software Development|Service"
31315,Other,Community Groups and Nonprofits
47700,Other,"Print Media (Newspapers, Magazines, Books)|Media, Publishing, and Broadcasting"
31317,ISP,Eyeball|Not Validating RPKI ROV|Internet Service Provider (ISP)|Computer and Information Technology
203347,Enterprise,"Search|Law, Business, and Consulting Services|Retail Stores, Wholesale, and E-commerce Sites|Service"
47706,Other,Manufacturing|Machinery
211547,Other,Software Development|Computer and Information Technology
211549,Other,"Recreation, Sports, and Performing Arts|Computer and Information Technology|Museums, Libraries, and Entertainment|Personal ASN"
6751,ISP,"Retail Stores, Wholesale, and E-commerce Sites|Computer and Information Technology|Internet Service Provider (ISP)|Hosting and Cloud Provider"
39519,ISP,Hosting and Cloud Provider|VPN Host|Computer and Information Technology|Internet Service Provider (ISP)
31333,ISP,Computer and Information Technology|Hosting and Cloud Provider|Internet Service Provider (ISP)
31334,ISP,Eyeball|Computer and Information Technology|Internet Service Provider (ISP)|Home ISP
39525,ISP,Computer and Information Technology|Internet Service Provider (ISP)
47717,ISP,"Retail Stores, Wholesale, and E-commerce Sites|Law, Business, and Consulting Services|Computer and Information Technology|Internet Service Provider (ISP)"
6766,Other,"Not Validating RPKI ROV|Human Rights and Social Advocacy (Human Rights, Environment and Wildlife Conservation, Other)|Community Groups and Nonprofits|IPv6 only"
211568,Other,"Freight, Shipment, and Postal Services"
39538,Other,Electronics and Computer Components|Software Development|Computer and Information Technology|Manufacturing
31348,ISP,"Internet Service Provider (ISP)|Finance and Insurance|Retail Stores, Wholesale, and E-commerce Sites|Computer and Information Technology"
211573,Eyeball,Computer and Information Technology|Personal ASN|Eyeball
211574,ISP,Internet Service Provider (ISP)|Computer and Information Technology
31352,Other,"Water Supply and Irrigation|Steam and Air-Conditioning Supply|Agriculture, Mining, and Refineries (Farming, Greenhouses, Mining, Forestry, and Animal Farming)|Natural Gas Distribution"
211579,Eyeball,Eyeball|Personal ASN|IPv6 only
211581,Other,Content|Personal ASN|IPv6 only|Online Informational Content
6786,ISP,Server Hosting|Not Validating RPKI ROV|Computer and Information Technology|Manufacturing
6787,ISP,"Computer and Information Technology|Retail Stores, Wholesale, and E-commerce Sites|Software Development|Internet Service Provider (ISP)"
39556,Content/CDN,VPN Host|Hosting and Cloud Provider|Computer and Information Technology
211586,Other,IPv6 only
47751,Other,"Software Development|Retail Stores, Wholesale, and E-commerce Sites|Computer and Information Technology"
31371,Other,Community Groups and Nonprofits|Tor services
211600,Enterprise,"Service|Law, Business, and Consulting Services|Retail Stores, Wholesale, and E-commerce Sites"
203412,Government,"Travel and Accommodation|Government and Regulatory Agencies, Administrations, Departments, and Services|Government and Public Administration"
6805,ISP,Eyeball|Not Validating RPKI ROV|Internet Service Provider (ISP)|Computer and Information Technology
47769,Other,"Banks, Credit Card Companies, Mortgage Providers|Finance and Insurance"
203418,Content/CDN,"Computer and Information Technology|Hosting, Cloud Provider, Data Center, Server Colocation|IPv6 only"
203420,Other,Computer and Information Technology|Software Development
47777,ISP,Technology Consulting Services|Internet Service Provider (ISP)|Service|Government and Public Administration
203427,ISP,Internet Service Provider (ISP)|Computer and Information Technology
31396,Enterprise,"Personal ASN|Law, Business, and Consulting Services|Service"
211622,ISP,Internet Service Provider (ISP)|Computer and Information Technology
31399,ISP,Eyeball|Validating RPKI ROV|Computer and Information Technology|Finance and Insurance
31400,ISP,Eyeball|Not Validating RPKI ROV|Internet Service Provider (ISP)|Computer and Information Technology
6825,Other,Computer and Information Technology
203431,Content/CDN,"Manufacturing|Hosting, Cloud Provider, Data Center, Server Colocation|Computer and Information Technology|Electronics and Computer Components"
211626,Eyeball,IPv6 only|Eyeball
203437,Enterprise,"Service|Law, Business, and Consulting Services"
203440,Other,Service
6833,Enterprise,"Utilities (Excluding Internet Service)|Validating RPKI ROV|Freight, Shipment, and Postal Services|Natural Gas Distribution"
203441,Other,"Print Media (Newspapers, Magazines, Books)|Media, Publishing, and Broadcasting|Online Informational Content"
203442,Other,Construction and Real Estate|Real Estate (Residential and/or Commercial)|Content
211635,Other,IPv6 only|Personal ASN
203446,ISP,Carrier|Service|Internet Service Provider (ISP)|Computer and Information Technology
211643,Enterprise,"Service|Law, Business, and Consulting Services"
211645,Enterprise,"Computer and Information Technology|Service|Law, Business, and Consulting Services"
39614,ISP,"Content|Computer and Information Technology|Software Development|Retail Stores, Wholesale, and E-commerce Sites"
211646,ISP,Internet Service Provider (ISP)|Computer and Information Technology
211651,Government,"Government and Public Administration|Government and Regulatory Agencies, Administrations, Departments, and Services"
47815,Other,Computer and Information Technology
211656,Other,"Freight, Shipment, and Postal Services"
211657,ISP,Not Validating RPKI ROV|Internet Service Provider (ISP)|Computer and Information Technology
211660,ISP,Software Development|Computer and Information Technology|Internet Service Provider (ISP)
31438,ISP,Not Validating RPKI ROV|Internet Service Provider (ISP)|Computer and Information Technology
211662,Other,Computer and Information Technology|Software Development
211664,Other,Computer and Information Technology
47826,Other,"Machinery|Automotive and Transportation|Metal, Glass, Wood, and Paper Manufacturing|Manufacturing"
203478,Other,Personal ASN|Travel and Accommodation
211671,Other,"Personal ASN|Media, Publishing, and Broadcasting|Online Informational Content"
31451,Academic/Edu,"Computer and Information Technology|Retail Stores, Wholesale, and E-commerce Sites|Personal ASN|IPv6 only"
6878,ISP,"Server Hosting|Validating RPKI ROV|Phone Provider|Law, Business, and Consulting Services"
203490,ISP,Computer and Information Technology|Internet Service Provider (ISP)
47846,Content/CDN,Hosting and Cloud Provider|Computer and Information Technology|Tranco 10k Host
211688,Eyeball,Eyeball|Computer and Information Technology|Music and Video Industry|Service
211690,ISP,Internet Service Provider (ISP)|Computer and Information Technology
203507,ISP,Education and Research|Internet Service Provider (ISP)|Software Development|Government and Public Administration
6900,ISP,Validating RPKI ROV|Internet Service Provider (ISP)|Computer and Information Technology
31481,Other,"Retail Stores, Wholesale, and E-commerce Sites"
47865,ISP,Computer and Information Technology|Internet Service Provider (ISP)
211710,ISP,Internet Service Provider (ISP)|Computer and Information Technology
203520,ISP,Computer and Information Technology|Hosting and Cloud Provider|Internet Service Provider (ISP)
211715,Other,"Museums, Libraries, and Entertainment|IPv6 only|Content"
203524,ISP,"Passenger Transit (Car, Bus, Taxi, Subway)|Internet Service Provider (ISP)|Trucking|Freight, Shipment, and Postal Services"
47877,ISP,"Service|Buildings, Repair, Maintenance (Pest Control, Landscaping, Cleaning, Locksmiths, Car Washes, etc)|Internet Service Provider (ISP)|Hosting and Cloud Provider"
47878,Other,"Retail Stores, Wholesale, and E-commerce Sites|Computer and Information Technology"
203526,Other,"Retail Stores, Wholesale, and E-commerce Sites"
31498,Other,"Machinery|Retail Stores, Wholesale, and E-commerce Sites|Manufacturing|Household Appliances and Electronics"
211727,Enterprise,"Retail Stores, Wholesale, and E-commerce Sites|Corporate/Enterprise"
203536,ISP,Computer and Information Technology|Not Validating RPKI ROV|Internet Service Provider (ISP)
39702,ISP,Server Hosting|Validating RPKI ROV|Computer and Information Technology|Internet Service Provider (ISP)
39705,ISP,Internet Service Provider (ISP)|Computer and Information Technology
47897,Enterprise,"Health Care Services|Service|Law, Business, and Consulting Services|Computer and Information Technology"
203546,ISP,"Internet Service Provider (ISP)|Software Development|Retail Stores, Wholesale, and E-commerce Sites|Computer and Information Technology"
211737,Other,Manufacturing
31517,Other,"Motor Vehicles and Parts|Retail Stores, Wholesale, and E-commerce Sites"
31518,Other,"Museums, Libraries, and Entertainment"
31521,Academic/Edu,"Online Music and Video Streaming Services|Service|Research and Development Organizations|Media, Publishing, and Broadcasting"
47906,ISP,Hosting and Cloud Provider|Internet Service Provider (ISP)|Software Development|Computer and Information Technology
211751,ISP,Internet Service Provider (ISP)|Computer and Information Technology
203560,ISP,Internet Service Provider (ISP)|Computer and Information Technology
31529,ISP,Internet Critical Infra|Internet Service Provider (ISP)|Computer and Information Technology|Anycast
31530,ISP,Computer and Information Technology|Internet Service Provider (ISP)
211752,Other,Computer and Information Technology
47924,Other,Computer and Information Technology
211768,Other,Computer and Information Technology
203579,Other,"Media, Publishing, and Broadcasting|Online Informational Content"
31550,Other,"Retail Stores, Wholesale, and E-commerce Sites|Agriculture, Mining, and Refineries (Farming, Greenhouses, Mining, Forestry, and Animal Farming)|Construction and Real Estate|Civil Engineering Construction (Utility Lines, Roads and Bridges)"
203584,ISP,"Computer and Information Technology|Finance and Insurance|Law, Business, and Consulting Services|Insurance Carriers and Agencies"
47937,Other,"Service|Buildings, Repair, Maintenance (Pest Control, Landscaping, Cleaning, Locksmiths, Car Washes, etc)|IPv6 only|Personal ASN"
203588,Other,"Museums, Libraries, and Entertainment"
203592,ISP,Utilities (Excluding Internet Service)|Research and Development Organizations|Software Development|Hosting and Cloud Provider
203593,ISP,Computer and Information Technology|Not Validating RPKI ROV|Internet Service Provider (ISP)
211784,ISP,Computer and Information Technology|Software Development|Internet Service Provider (ISP)
31572,ISP,"Internet Service Provider (ISP)|Buildings, Repair, Maintenance (Pest Control, Landscaping, Cleaning, Locksmiths, Car Washes, etc)|Computer and Information Technology|Service"
203604,ISP,"Internet Service Provider (ISP)|Hosting and Cloud Provider|Computer and Information Technology|Electric Power Generation, Transmission, Distribution"
211800,ISP,Not Validating RPKI ROV|Internet Service Provider (ISP)|Computer and Information Technology
47965,Other,Other
203617,ISP,"Software Development|Computer and Information Technology|Service|Law, Business, and Consulting Services"
39779,ISP,Computer and Information Technology|Hosting and Cloud Provider|Software Development|Internet Service Provider (ISP)
203621,ISP,"Software Development|Retail Stores, Wholesale, and E-commerce Sites|Education and Research|Other Schools, Instruction, and Exam Preparation (Trade Schools, Art Schools, Driving Instruction, etc.)"
31596,Enterprise,"Law, Business, and Consulting Services|Retail Stores, Wholesale, and E-commerce Sites|Online Informational Content|Online Music and Video Streaming Services"
39788,Other,Technology Consulting Services|Computer and Information Technology|Tor services
211820,ISP,Internet Service Provider (ISP)|Hosting and Cloud Provider|Computer and Information Technology
211823,Enterprise,"Law, Business, and Consulting Services|Service"
39795,Other,"Print Media (Newspapers, Magazines, Books)|Computer and Information Technology|Media, Publishing, and Broadcasting"
203636,Eyeball,"Eyeball|Service|Law, Business, and Consulting Services|Personal ASN"
203642,ISP,Internet Service Provider (ISP)|Computer and Information Technology|Phone Provider
31614,ISP,Internet Service Provider (ISP)|Computer and Information Technology
64396,ISP,Computer and Information Technology|Internet Service Provider (ISP)
39828,ISP,Internet Service Provider (ISP)|Computer and Information Technology
39835,ISP,Validating RPKI ROV|Computer and Information Technology|Internet Service Provider (ISP)
211873,ISP,"Home ISP|Utilities (Excluding Internet Service)|Electric Power Generation, Transmission, Distribution"
203682,Enterprise,"Computer and Information Technology|Software Development|Service|Law, Business, and Consulting Services"
48039,ISP,Internet Service Provider (ISP)|Computer and Information Technology
64427,Content/CDN,"Service|Law, Business, and Consulting Services|Software Development|Hosting and Cloud Provider"
203692,Other,"Service|Media, Publishing, and Broadcasting|Retail Stores, Wholesale, and E-commerce Sites|IPv6 only"
203696,Academic/Edu,"Other Schools, Instruction, and Exam Preparation (Trade Schools, Art Schools, Driving Instruction, etc.)|Education and Research|IPv6 only"
48049,Content/CDN,Hosting and Cloud Provider|Computer and Information Technology
203700,ISP,"Computer and Information Technology|Software Development|Retail Stores, Wholesale, and E-commerce Sites|Internet Service Provider (ISP)"
31671,Enterprise,"Service|Law, Business, and Consulting Services"
203703,ISP,"Not Validating RPKI ROV|Print Media (Newspapers, Magazines, Books)|Automotive and Transportation|Media, Publishing, and Broadcasting"
211897,Other,Other
48062,ISP,"Software Development|Media, Publishing, and Broadcasting|Computer and Information Technology|Internet Service Provider (ISP)"
64446,Other,"Media, Publishing, and Broadcasting|Print Media (Newspapers, Magazines, Books)"
211907,Eyeball,"Trucking|Freight, Shipment, and Postal Services|Personal ASN|IPv6 only"
211909,Other,Health Care Services
203719,Other,Health Care Services|Hospitals and Medical Centers
203724,Academic/Edu,Education and Research|Service|Government and Public Administration|Research and Development Organizations
203727,Enterprise,"Law, Business, and Consulting Services|Technology Consulting Services|Computer and Information Technology|Service"
211920,ISP,Internet Service Provider (ISP)|Computer and Information Technology
39892,Other,Software Development|Computer and Information Technology
31705,Content/CDN,Not Validating RPKI ROV|Hosting and Cloud Provider|Community Groups and Nonprofits|Computer and Information Technology
64473,ISP,"Media, Publishing, and Broadcasting|Internet Service Provider (ISP)|Computer and Information Technology|Music and Video Industry"
64475,Eyeball,Eyeball|Not Validating RPKI ROV|Community Groups and Nonprofits
48097,Other,Not Validating RPKI ROV|Manufacturing
211939,ISP,Technology Consulting Services|Internet Service Provider (ISP)|Computer and Information Technology|IPv6 only
211941,Other,Not Validating RPKI ROV|Other
39913,Other,"Service|Retail Stores, Wholesale, and E-commerce Sites"
31722,Enterprise,"Service|Food, Grocery, Beverages|Retail Stores, Wholesale, and E-commerce Sites|Law, Business, and Consulting Services"
31723,ISP,Internet Service Provider (ISP)|Computer and Information Technology
203757,Enterprise,"Law, Business, and Consulting Services|Service|Personal ASN|IPv6 only"
48111,ISP,Computer and Information Technology|Internet Service Provider (ISP)
203759,Other,Computer and Information Technology|Validating RPKI ROV
203761,ISP,Internet Service Provider (ISP)|Hosting and Cloud Provider|Computer and Information Technology
211958,ISP,Internet Service Provider (ISP)|Computer and Information Technology
31735,ISP,Software Development|Computer and Information Technology|Internet Service Provider (ISP)
203777,Academic/Edu,Education and Research|Software Development|Research and Development Organizations|Service
15363,Enterprise,"Investment, Portfolio Management, Pensions and Funds|Computer and Information Technology|Service|Law, Business, and Consulting Services"
48132,ISP,Computer and Information Technology|Electronics and Computer Components|Manufacturing|Internet Service Provider (ISP)
211972,Other,"Personal ASN|Retail Stores, Wholesale, and E-commerce Sites|IPv6 only"
15366,ISP,Eyeball|Validating RPKI ROV|Internet Service Provider (ISP)|Computer and Information Technology
211975,Other,"Food Services and Drinking Places|Travel and Accommodation|Food, Grocery, Beverages|Retail Stores, Wholesale, and E-commerce Sites"
15368,ISP,Computer and Information Technology|Hosting and Cloud Provider|Internet Service Provider (ISP)
203786,Content/CDN,"Hosting, Cloud Provider, Data Center, Server Colocation|Computer and Information Technology"
48139,Enterprise,"Service|Law, Business, and Consulting Services|Computer and Information Technology|Media, Publishing, and Broadcasting"
15372,ISP,Internet Service Provider (ISP)|Not Validating RPKI ROV|Computer and Information Technology
15375,Enterprise,"Service|Law, Business, and Consulting Services"
203792,Other,"Service|Media, Publishing, and Broadcasting"
48145,Other,"Trucking|Freight, Shipment, and Postal Services|Computer and Information Technology"
48152,ISP,Computer and Information Technology|Internet Service Provider (ISP)
48153,Other,Service
48154,ISP,Computer and Information Technology|Internet Service Provider (ISP)|Validating RPKI ROV
15388,ISP,Computer and Information Technology|Internet Service Provider (ISP)|Software Development|Hosting and Cloud Provider
56357,Academic/Edu,"Academic|Validating RPKI ROV|Colleges, Universities, and Professional Schools|Education and Research"
48168,Other,Electronics and Computer Components|Manufacturing
203819,Academic/Edu,Education and Research|Personal ASN
48173,Content/CDN,"Content|Not Validating RPKI ROV|Computer and Information Technology|Retail Stores, Wholesale, and E-commerce Sites"
56368,Other,"Personal ASN|Food, Grocery, Beverages|Retail Stores, Wholesale, and E-commerce Sites"
203829,Enterprise,"Machinery|Metal, Glass, Wood, and Paper Manufacturing|Law, Business, and Consulting Services|Manufacturing"
15415,ISP,"Software Development|Validating RPKI ROV|Service|Law, Business, and Consulting Services"
203833,Content/CDN,VPN Host|Computer and Network Security|Computer and Information Technology|Hosting and Cloud Provider
212026,Other,Service
203836,ISP,"Retail Stores, Wholesale, and E-commerce Sites|Computer and Information Technology|Internet Service Provider (ISP)|Service"
56381,ISP,Content|Computer and Information Technology|Internet Service Provider (ISP)|Server Hosting
203838,Other,Construction and Real Estate|Buildings (Residential or Commercial)|Manufacturing|Chemical and Pharmaceutical Manufacturing
212033,Other,Other|IPv6 only
212038,ISP,Computer and Information Technology|Software Development|Internet Service Provider (ISP)|Corporate/Enterprise
212039,Content/CDN,Computer and Information Technology|Hosting and Cloud Provider|Service
48200,ISP,Server Hosting|Internet Service Provider (ISP)|Computer and Information Technology
15434,ISP,Internet Service Provider (ISP)|Computer and Information Technology
212044,Other,"Personal ASN|Retail Stores, Wholesale, and E-commerce Sites|IPv6 only"
203853,ISP,"Internet Service Provider (ISP)|Service|Media, Publishing, and Broadcasting|Computer and Network Security"
203854,ISP,Computer and Information Technology|Internet Service Provider (ISP)
212049,Eyeball,"Eyeball|Retail Stores, Wholesale, and E-commerce Sites|Food, Grocery, Beverages|Validating RPKI ROV"
15442,Enterprise,"Service|Law, Business, and Consulting Services"
15446,Content/CDN,"Investment, Portfolio Management, Pensions and Funds|Education and Research|Research and Development Organizations|Service"
203865,ISP,Computer and Information Technology|Internet Service Provider (ISP)
212057,Other,Travel and Accommodation
15451,ISP,Eyeball|Computer and Information Technology|Hosting and Cloud Provider|Software Development
56411,Enterprise,"Manufacturing|Service|Law, Business, and Consulting Services|Health Care Services"
212060,Other,Travel and Accommodation
15456,ISP,Server Hosting|Not Validating RPKI ROV|Internet Service Provider (ISP)|Computer and Information Technology
15465,ISP,Eyeball|Electronics and Computer Components|Utilities (Excluding Internet Service)|Computer and Information Technology
203881,Other,"Machinery|Chemical and Pharmaceutical Manufacturing|Metal, Glass, Wood, and Paper Manufacturing|Manufacturing"
203889,Other,"Retail Stores, Wholesale, and E-commerce Sites|Food, Grocery, Beverages"
212085,Other,Anycast|Manufacturing|Chemical and Pharmaceutical Manufacturing
203894,Content/CDN,"Service|Hosting and Cloud Provider|Computer and Information Technology|Freight, Shipment, and Postal Services"
15479,ISP,Internet Service Provider (ISP)|Computer and Information Technology
56440,Other,"Clothing and Textiles|Retail Stores, Wholesale, and E-commerce Sites|Manufacturing|Personal Care and Lifestyle (Barber Shops, Nail Salons, Diet Centers, Laundry, etc)"
212091,Enterprise,"Software Development|Service|Computer and Information Technology|Law, Business, and Consulting Services"
15486,ISP,Computer and Information Technology|Internet Service Provider (ISP)|Software Development
212094,Other,IPv6 only|Content
56448,ISP,Computer and Information Technology|Internet Service Provider (ISP)
15492,Other,"Utilities (Excluding Internet Service)|Agriculture, Mining, and Refineries (Farming, Greenhouses, Mining, Forestry, and Animal Farming)|Sewage Treatment|Natural Gas Distribution"
15495,Enterprise,"Law, Business, and Consulting Services|Manufacturing|Service|Computer and Information Technology"
212103,Enterprise,"Service|Law, Business, and Consulting Services|Print Media (Newspapers, Magazines, Books)|Media, Publishing, and Broadcasting"
15499,ISP,"Media, Publishing, and Broadcasting|Software Development|Service|Internet Service Provider (ISP)"
48269,ISP,Computer and Information Technology|Internet Service Provider (ISP)|Software Development
203924,ISP,Validating RPKI ROV|Internet Service Provider (ISP)|Computer and Information Technology
48280,Enterprise,"Manufacturing|Law, Business, and Consulting Services|Service|Media, Publishing, and Broadcasting"
212120,Other,Personal ASN|IPv6 only|Manufacturing|Machinery
48284,ISP,Validating RPKI ROV|Internet Service Provider (ISP)|Computer and Information Technology
15518,ISP,Computer and Information Technology|Internet Service Provider (ISP)
48290,Academic/Edu,Education and Research|Manufacturing|Health Care Services|Hospitals and Medical Centers
48295,Enterprise,"Media, Publishing, and Broadcasting|Accountants, Tax Preparers, Payroll Services|Print Media (Newspapers, Magazines, Books)|Finance and Insurance"
212137,Other,Software Development|Computer and Information Technology
203947,ISP,"Service|Technology Consulting Services|Law, Business, and Consulting Services|Internet Service Provider (ISP)"
48303,ISP,Computer and Information Technology|Internet Service Provider (ISP)
15540,ISP,Computer and Information Technology|Internet Service Provider (ISP)|Hosting and Cloud Provider|Service
212148,ISP,"Law, Business, and Consulting Services|Service|Internet Service Provider (ISP)|Computer and Information Technology"
56505,Other,"Manufacturing|Retail Stores, Wholesale, and E-commerce Sites"
48314,ISP,Content|Not Validating RPKI ROV|Computer and Information Technology|Internet Service Provider (ISP)
203965,ISP,Computer and Information Technology|Phone Provider|Internet Service Provider (ISP)
15550,Enterprise,"Law, Business, and Consulting Services|Software Development|Service|Computer and Information Technology"
203968,ISP,"Computer and Information Technology|Software Development|Internet Service Provider (ISP)|Retail Stores, Wholesale, and E-commerce Sites"
203969,ISP,"Anycast|Service|Law, Business, and Consulting Services|Hosting and Cloud Provider"
48324,ISP,Tranco 10k Host|Software Development|Computer and Information Technology|Hosting and Cloud Provider
48328,ISP,Validating RPKI ROV|Computer and Information Technology|Internet Service Provider (ISP)
48329,Other,Health Care Services|Hospitals and Medical Centers
212168,Content/CDN,Hosting and Cloud Provider|Computer and Information Technology|IPv6 only
203983,Other,"Museums, Libraries, and Entertainment|Recreation, Sports, and Performing Arts|Service|Buildings, Repair, Maintenance (Pest Control, Landscaping, Cleaning, Locksmiths, Car Washes, etc)"
203986,ISP,Internet Service Provider (ISP)|Computer and Information Technology
212179,Other,"Construction and Real Estate|Buildings (Residential or Commercial)|Civil Engineering Construction (Utility Lines, Roads and Bridges)"
56532,ISP,"Insurance Carriers and Agencies|Service|Social Assistance (Temporary Shelters, Emergency Relief, Child Day Care, etc)|Finance and Insurance"
203988,Content/CDN,Computer and Information Technology|Hosting and Cloud Provider|IPv6 only
203989,Other,Travel and Accommodation
212181,Other,"Retail Stores, Wholesale, and E-commerce Sites|Food, Grocery, Beverages"
48344,ISP,Computer and Information Technology|Internet Service Provider (ISP)
212185,Other,"Retail Stores, Wholesale, and E-commerce Sites"
203994,ISP,Computer and Information Technology|Internet Service Provider (ISP)|Utilities (Excluding Internet Service)
15580,ISP,"Finance and Insurance|Not Validating RPKI ROV|Law, Business, and Consulting Services|Insurance Carriers and Agencies"
48352,Eyeball,Software Development|Computer and Information Technology|Corporate/Enterprise|Eyeball
204003,Other,"Personal ASN|Service|Buildings, Repair, Maintenance (Pest Control, Landscaping, Cleaning, Locksmiths, Car Washes, etc)|Validating RPKI ROV"
204005,Academic/Edu,Education and Research
15590,Eyeball,"Eyeball|Retail Stores, Wholesale, and E-commerce Sites|Software Development|Computer and Information Technology"
48360,Other,"Travel and Accommodation|Software Development|Freight, Shipment, and Postal Services|Computer and Information Technology"
204008,ISP,Computer and Information Technology|Internet Service Provider (ISP)
15594,ISP,Internet Service Provider (ISP)|Computer and Information Technology
204010,ISP,Computer and Information Technology|Internet Service Provider (ISP)
15598,ISP,"Tranco 10k Host|Not Validating RPKI ROV|Retail Stores, Wholesale, and E-commerce Sites|Computer and Information Technology"
212209,Other,"Software Development|Retail Stores, Wholesale, and E-commerce Sites|Construction and Real Estate|Computer and Information Technology"
56567,ISP,Internet Service Provider (ISP)|Computer and Information Technology
212215,ISP,"Media, Publishing, and Broadcasting|Online Informational Content|Internet Service Provider (ISP)|Computer and Information Technology"
204028,ISP,"Internet Service Provider (ISP)|Retail Stores, Wholesale, and E-commerce Sites|Computer and Information Technology"
15613,Other,"Software Development|Finance and Insurance|Retail Stores, Wholesale, and E-commerce Sites|Computer and Information Technology"
204033,Content/CDN,"Hosting, Cloud Provider, Data Center, Server Colocation|Computer and Information Technology"
204034,ISP,Internet Service Provider (ISP)|Computer and Information Technology|Utilities (Excluding Internet Service)
48387,ISP,Computer and Information Technology|Technology Consulting Services|Internet Service Provider (ISP)|Personal ASN
204035,ISP,Server Hosting|Validating RPKI ROV|Computer and Information Technology|Internet Service Provider (ISP)
212225,Other,"Finance and Insurance|Accountants, Tax Preparers, Payroll Services"
204038,ISP,Content|Server Hosting|Computer and Information Technology|Internet Service Provider (ISP)
212226,Enterprise,"Law, Business, and Consulting Services|Service|Personal ASN"
212228,ISP,Computer and Information Technology|Internet Service Provider (ISP)|Hosting and Cloud Provider
56586,ISP,"Service|Buildings, Repair, Maintenance (Pest Control, Landscaping, Cleaning, Locksmiths, Car Washes, etc)|Internet Service Provider (ISP)|Computer and Information Technology"
212239,ISP,Computer and Information Technology|Internet Service Provider (ISP)
204052,Enterprise,"Law, Business, and Consulting Services|Manufacturing|Retail Stores, Wholesale, and E-commerce Sites|Machinery"
204053,Content/CDN,"Hosting and Cloud Provider|Retail Stores, Wholesale, and E-commerce Sites|Computer and Information Technology|Validating RPKI ROV"
212245,Other,Content|Computer and Information Technology|Software Development|Personal ASN
212246,Other,"Computer and Information Technology|Retail Stores, Wholesale, and E-commerce Sites"
204056,ISP,Not Validating RPKI ROV|Computer and Information Technology|Internet Service Provider (ISP)
15644,Other,Manufacturing|Not Validating RPKI ROV|Chemical and Pharmaceutical Manufacturing
204061,ISP,"Media, Publishing, and Broadcasting|Print Media (Newspapers, Magazines, Books)|Computer and Information Technology|Internet Service Provider (ISP)"
204065,Enterprise,"Law, Business, and Consulting Services|Service"
212257,Other,Computer and Information Technology
15657,ISP,Computer and Information Technology|Not Validating RPKI ROV|Internet Service Provider (ISP)|Hosting and Cloud Provider
48425,Other,"Retail Stores, Wholesale, and E-commerce Sites"
204073,ISP,Validating RPKI ROV|Computer and Information Technology|Internet Service Provider (ISP)
212267,Other,Other
56636,Other,Manufacturing|Electronics and Computer Components|Software Development|Computer and Information Technology
204093,Other,IPv6 only|Clothing and Textiles|Machinery|Manufacturing
212284,Other,"Utilities (Excluding Internet Service)|Media, Publishing, and Broadcasting|Passenger Transit (Car, Bus, Taxi, Subway)|Water Supply and Irrigation"
212290,Other,Computer and Information Technology|IPv6 only
48457,Other,Computer and Information Technology
212297,ISP,"Other Schools, Instruction, and Exam Preparation (Trade Schools, Art Schools, Driving Instruction, etc.)|Internet Service Provider (ISP)|Retail Stores, Wholesale, and E-commerce Sites|Computer and Information Technology"
204109,Enterprise,"Law, Business, and Consulting Services|Service"
204110,ISP,"Computer and Information Technology|Internet Service Provider (ISP)|Software Development|Media, Publishing, and Broadcasting"
212302,Academic/Edu,"Education and Research|Software Development|Service|Other Schools, Instruction, and Exam Preparation (Trade Schools, Art Schools, Driving Instruction, etc.)"
56657,Other,Service
15698,Enterprise,"Electric Power Generation, Transmission, Distribution|Utilities (Excluding Internet Service)|Service|Buildings, Repair, Maintenance (Pest Control, Landscaping, Cleaning, Locksmiths, Car Washes, etc)"
204116,Academic/Edu,"Law, Business, and Consulting Services|Technology Consulting Services|Education and Research|Research and Development Organizations"
15702,ISP,Service|Not Validating RPKI ROV|Internet Service Provider (ISP)|Computer and Information Technology
204119,ISP,Internet Service Provider (ISP)|Hosting and Cloud Provider|Computer and Information Technology
15709,ISP,Internet Service Provider (ISP)|Computer and Information Technology|Phone Provider
212317,ISP,Content|Computer and Information Technology|Internet Service Provider (ISP)|VPN Host
204127,Other,"Phone Provider|Software Development|Museums, Libraries, and Entertainment|Media, Publishing, and Broadcasting"
212320,Government,"Service|Government and Public Administration|Law, Business, and Consulting Services|Government and Regulatory Agencies, Administrations, Departments, and Services"
212322,ISP,Internet Service Provider (ISP)|Computer and Information Technology|Technology Consulting Services|Personal ASN
48483,Other,"Buildings, Repair, Maintenance (Pest Control, Landscaping, Cleaning, Locksmiths, Car Washes, etc)|Banks, Credit Card Companies, Mortgage Providers|Finance and Insurance|Computer and Information Technology"
48484,ISP,Eyeball|Internet Service Provider (ISP)|Computer and Information Technology
15717,ISP,Internet Service Provider (ISP)|Computer and Information Technology
204135,Other,Anycast|Computer and Information Technology
15722,ISP,Internet Service Provider (ISP)|Computer and Information Technology|Electronics and Computer Components|Manufacturing
204138,Other,Manufacturing|Not Validating RPKI ROV|Automotive and Transportation|Chemical and Pharmaceutical Manufacturing
15725,ISP,Carrier|Computer and Information Technology|Internet Service Provider (ISP)|Server Hosting
15726,ISP,"Education and Research|Other Schools, Instruction, and Exam Preparation (Trade Schools, Art Schools, Driving Instruction, etc.)|Software Development|Research and Development Organizations"
204146,ISP,"Media, Publishing, and Broadcasting|Computer and Information Technology|Internet Service Provider (ISP)"
15731,Other,Computer and Information Technology
204147,Enterprise,"Retail Stores, Wholesale, and E-commerce Sites|Law, Business, and Consulting Services|Service"
212340,ISP,Computer and Information Technology|Internet Service Provider (ISP)
212341,ISP,Internet Service Provider (ISP)|Computer and Information Technology
204155,ISP,"Media, Publishing, and Broadcasting|Computer and Information Technology|Radio and Television Providers|Internet Service Provider (ISP)"
15743,ISP,Validating RPKI ROV|Not Validating RPKI ROV|Computer and Information Technology|Hosting and Cloud Provider
48519,ISP,Computer and Information Technology|Technology Consulting Services|Hosting and Cloud Provider|Internet Service Provider (ISP)
56719,Other,"Buildings, Repair, Maintenance (Pest Control, Landscaping, Cleaning, Locksmiths, Car Washes, etc)|Service|Buildings,Repair,Maintenance(PestControl,Landscaping,Cleaning, Locksmiths, Car Washes, etc)"
212367,Other,"Utilities (Excluding Internet Service)|Electric Power Generation, Transmission, Distribution|Agriculture, Mining, and Refineries (Farming, Greenhouses, Mining, Forestry, and Animal Farming)|Steam and Air-Conditioning Supply"
15763,ISP,Computer and Information Technology|Not Validating RPKI ROV|Internet Service Provider (ISP)
204181,Other,Personal ASN|IPv6 only
15769,Other,"Banks, Credit Card Companies, Mortgage Providers|Finance and Insurance"
204188,ISP,"Freight, Shipment, and Postal Services|Health Care Services|Insurance Carriers and Agencies|Retail Stores, Wholesale, and E-commerce Sites"
212382,Other,Service
48543,ISP,Internet Service Provider (ISP)|Software Development|Computer and Information Technology
48545,Other,"Banks, Credit Card Companies, Mortgage Providers|Finance and Insurance|Investment, Portfolio Management, Pensions and Funds"
56737,Other,"Electric Power Generation, Transmission, Distribution|Utilities (Excluding Internet Service)"
204195,Enterprise,"Service|Software Development|Computer and Information Technology|Law, Business, and Consulting Services"
204197,Content/CDN,Computer and Information Technology|Hosting and Cloud Provider
204201,Eyeball,Community Groups and Nonprofits|Medical Laboratories and Diagnostic Centers|Research and Development Organizations|Health Care Services
56748,Other,"Retail Stores, Wholesale, and E-commerce Sites|Validating RPKI ROV"
15790,Government,"Computer and Information Technology|Service|Law, Business, and Consulting Services|Military, Defense, National Security, and International Affairs"
212403,Other,Health Care Services|Hospitals and Medical Centers
204218,ISP,Computer and Information Technology|Internet Service Provider (ISP)
48572,Other,"Not Validating RPKI ROV|Freight, Shipment, and Postal Services"
212412,Other,"Museums, Libraries, and Entertainment"
212415,Academic/Edu,"Personal ASN|Other Schools, Instruction, and Exam Preparation (Trade Schools, Art Schools, Driving Instruction, etc.)|Education and Research|Service"
204227,Content/CDN,"Hosting and Cloud Provider|Software Development|Computer and Information Technology|Law, Business, and Consulting Services"
48582,ISP,Software Development|Computer and Information Technology|Internet Service Provider (ISP)|Service
15817,Content/CDN,Validating RPKI ROV|Computer and Information Technology|Hosting and Cloud Provider|Server Hosting
48585,ISP,"Law, Business, and Consulting Services|Validating RPKI ROV|Computer and Information Technology|Internet Service Provider (ISP)"
204233,Other,"Casinos and Gambling|Museums, Libraries, and Entertainment|Computer and Information Technology"
204243,Enterprise,"Computer and Information Technology|Service|Buildings, Repair, Maintenance (Pest Control, Landscaping, Cleaning, Locksmiths, Car Washes, etc)|Law, Business, and Consulting Services"
48596,ISP,"Content|Computer and Information Technology|Law, Business, and Consulting Services|Internet Service Provider (ISP)"
56788,ISP,Internet Service Provider (ISP)|Computer and Information Technology
212440,ISP,Server Hosting|Internet Service Provider (ISP)|Computer and Information Technology|Software Development
204250,ISP,"Media, Publishing, and Broadcasting|Internet Service Provider (ISP)|Computer and Information Technology|Computer and Network Security"
204252,ISP,Not Validating RPKI ROV|Internet Service Provider (ISP)|Software Development|Computer and Information Technology
204253,Enterprise,"Content|Validating RPKI ROV|Finance and Insurance|Media, Publishing, and Broadcasting"
204254,ISP,IPv6 only|Computer and Information Technology|Internet Service Provider (ISP)|Personal ASN
56801,Government,"Government and Regulatory Agencies, Administrations, Departments, and Services|Government and Public Administration"
15844,ISP,Computer and Information Technology|Not Validating RPKI ROV|Internet Service Provider (ISP)
204261,Enterprise,"Law, Business, and Consulting Services|Service"
212455,Enterprise,"Law, Business, and Consulting Services|Buildings (Residential or Commercial)|Construction and Real Estate|Service"
204268,Other,Personal ASN
56813,ISP,Computer and Information Technology|Internet Service Provider (ISP)
15854,Other,"Service|Retail Stores, Wholesale, and E-commerce Sites|Computer and Information Technology|Software Development"
212472,Academic/Edu,Education and Research
15866,ISP,"Construction and Real Estate|Civil Engineering Construction (Utility Lines, Roads and Bridges)|Computer and Information Technology|Other Schools, Instruction, and Exam Preparation (Trade Schools, Art Schools, Driving Instruction, etc.)"
204282,Other,Computer and Information Technology
48646,Academic/Edu,Education and Research
204296,Other,Chemical and Pharmaceutical Manufacturing|Manufacturing
212495,Academic/Edu,Personal ASN|Education and Research|Research and Development Organizations|IPv6 only
15891,ISP,"VPN Host|Internet Service Provider (ISP)|Law, Business, and Consulting Services|Service"
204308,Other,"Retail Stores, Wholesale, and E-commerce Sites|Service|Buildings, Repair, Maintenance (Pest Control, Landscaping, Cleaning, Locksmiths, Car Washes, etc)"
15894,ISP,Validating RPKI ROV|Computer and Information Technology|Internet Service Provider (ISP)
204310,Enterprise,"Validating RPKI ROV|Service|Computer and Information Technology|Law, Business, and Consulting Services"
212509,ISP,Internet Service Provider (ISP)|Computer and Information Technology|Eyeball
56863,ISP,"Community Groups and Nonprofits|Computer and Information Technology|Law, Business, and Consulting Services|Internet Service Provider (ISP)"
15904,Other,Community Groups and Nonprofits
204320,ISP,"Internet Service Provider (ISP)|Computer and Information Technology|Service|Law, Business, and Consulting Services"
212519,Other,"Agriculture, Mining, and Refineries (Farming, Greenhouses, Mining, Forestry, and Animal Farming)"
204328,Other,Software Development|Computer and Information Technology
212520,Other,"Service|Buildings, Repair, Maintenance (Pest Control, Landscaping, Cleaning, Locksmiths, Car Washes, etc)|Metal, Glass, Wood, and Paper Manufacturing|Manufacturing"
212522,ISP,Internet Service Provider (ISP)|Computer and Information Technology
56876,ISP,Internet Service Provider (ISP)|Computer and Information Technology
15925,ISP,Eyeball|Validating RPKI ROV|Internet Service Provider (ISP)|Computer and Information Technology
56890,ISP,Computer and Information Technology|Internet Service Provider (ISP)|Utilities (Excluding Internet Service)
15933,ISP,Computer and Information Technology|Not Validating RPKI ROV|Internet Service Provider (ISP)
204349,Other,"Retail Stores, Wholesale, and E-commerce Sites"
56896,Other,"Banks, Credit Card Companies, Mortgage Providers|Finance and Insurance"
15943,ISP,Eyeball|Validating RPKI ROV|Internet Service Provider (ISP)|Computer and Information Technology
15945,ISP,Computer and Information Technology|Internet Service Provider (ISP)
204361,Other,"Retail Stores, Wholesale, and E-commerce Sites"
56912,ISP,Not Validating RPKI ROV|Internet Service Provider (ISP)|Computer and Information Technology
204368,Other,Travel and Accommodation
56919,ISP,Finance and Insurance|Insurance Carriers and Agencies
15960,ISP,Internet Service Provider (ISP)|Not Validating RPKI ROV|Computer and Information Technology
15961,ISP,"Service|Law, Business, and Consulting Services|Computer and Information Technology|Internet Service Provider (ISP)"
212567,Other,Real Estate (Residential and/or Commercial)|Not Validating RPKI ROV|Construction and Real Estate|Finance and Insurance
204381,Other,"Finance and Insurance|Banks, Credit Card Companies, Mortgage Providers"
15968,Other,Computer and Information Technology
212582,Enterprise,"Content|Software Development|Law, Business, and Consulting Services|Service"
212583,ISP,"Construction and Real Estate|Computer and Information Technology|Civil Engineering Construction (Utility Lines, Roads and Bridges)|Retail Stores, Wholesale, and E-commerce Sites"
212586,Enterprise,"Law, Business, and Consulting Services|Service"
212587,Government,"Government and Regulatory Agencies, Administrations, Departments, and Services|Government and Public Administration"
56942,Enterprise,"Computer and Information Technology|Buildings, Repair, Maintenance (Pest Control, Landscaping, Cleaning, Locksmiths, Car Washes, etc)|Law, Business, and Consulting Services|Service"
204400,Content/CDN,Computer and Information Technology|Hosting and Cloud Provider
212592,Enterprise,"Service|Finance and Insurance|Accountants, Tax Preparers, Payroll Services|Law, Business, and Consulting Services"
212594,Content/CDN,"Retail Stores, Wholesale, and E-commerce Sites|Hosting and Cloud Provider|Software Development|Computer and Information Technology"
15987,ISP,Server Hosting|Computer and Information Technology|Internet Service Provider (ISP)|Hosting and Cloud Provider
56948,Other,Hospitals and Medical Centers|Health Care Services
212596,Other,Manufacturing|Service|Automotive and Transportation|Motor Vehicles and Parts
212603,Other,"Banks, Credit Card Companies, Mortgage Providers|Finance and Insurance"
15996,ISP,Service|Computer and Information Technology|Internet Service Provider (ISP)|Phone Provider
16001,ISP,Software Development|Computer and Information Technology|Internet Service Provider (ISP)|Education and Research
212613,ISP,"Electric Power Generation, Transmission, Distribution|Not Validating RPKI ROV|Utilities (Excluding Internet Service)|Computer and Information Technology"
48777,Other,Validating RPKI ROV|Community Groups and Nonprofits
48778,ISP,Computer and Information Technology|Internet Service Provider (ISP)
16017,Other,Manufacturing|Machinery
48785,Other,Finance and Insurance
16024,ISP,Business Broadband|Not Validating RPKI ROV|Internet Service Provider (ISP)|Hosting and Cloud Provider
48793,ISP,Computer and Information Technology|Internet Service Provider (ISP)|Utilities (Excluding Internet Service)
56984,Enterprise,"Service|Electronics and Computer Components|Retail Stores, Wholesale, and E-commerce Sites|Machinery"
204443,Other,"Media, Publishing, and Broadcasting|Service|Personal ASN"
212634,Enterprise,"Law, Business, and Consulting Services|Service"
204445,ISP,Not Validating RPKI ROV|Computer and Information Technology|Internet Service Provider (ISP)|Software Development
204449,Other,"Agriculture, Mining, and Refineries (Farming, Greenhouses, Mining, Forestry, and Animal Farming)|Utilities (Excluding Internet Service)"
204451,Content/CDN,Computer and Network Security|Computer and Information Technology|Hosting and Cloud Provider
56997,Enterprise,"Computer and Information Technology|Software Development|Service|Law, Business, and Consulting Services"
212647,Other,Other|Content
204464,ISP,Carrier|Not Validating RPKI ROV|Computer and Information Technology|Internet Service Provider (ISP)
204466,Enterprise,"Law, Business, and Consulting Services|Service|Retail Stores, Wholesale, and E-commerce Sites|Food, Grocery, Beverages"
48821,Enterprise,Corporate/Enterprise|Software Development|Chemical and Pharmaceutical Manufacturing|Computer and Information Technology
48823,ISP,Tor services|Hosting and Cloud Provider|Computer and Information Technology|Internet Service Provider (ISP)
48824,Other,Computer and Information Technology|Personal ASN
204480,ISP,Computer and Information Technology|Internet Service Provider (ISP)
204481,ISP,Internet Service Provider (ISP)|Computer and Information Technology
212672,Other,Service
48835,ISP,Internet Service Provider (ISP)|Computer and Information Technology
212674,Academic/Edu,"Education and Research|Colleges, Universities, and Professional Schools"
212678,Other,"Retail Stores, Wholesale, and E-commerce Sites"
204487,ISP,"Online Informational Content|Internet Service Provider (ISP)|Media, Publishing, and Broadcasting|Computer and Information Technology"
16072,ISP,"Retail Stores, Wholesale, and E-commerce Sites|Banks, Credit Card Companies, Mortgage Providers|Internet Service Provider (ISP)|Software Development"
16075,Other,"Tranco 10k Host|Media, Publishing, and Broadcasting|Online Informational Content|Tor services"
57037,Content/CDN,Hosting and Cloud Provider|Computer and Information Technology|Computer and Network Security
212688,Other,Computer and Information Technology|Computer and Network Security
212691,Other,"Retail Stores, Wholesale, and E-commerce Sites|Clothing, Fashion, Luggage|IPv6 only|Personal ASN"
16084,Enterprise,"Service|Software Development|Computer and Information Technology|Law, Business, and Consulting Services"
212693,ISP,Not Validating RPKI ROV|Computer and Information Technology|Internet Service Provider (ISP)
204506,Other,"Manufacturing|Metal, Glass, Wood, and Paper Manufacturing|Service|Personal ASN"
204512,ISP,Internet Service Provider (ISP)|Software Development|Computer and Information Technology
16097,ISP,Eyeball|Not Validating RPKI ROV|Computer and Information Technology|Internet Service Provider (ISP)
212710,Content/CDN,Computer and Information Technology|Software Development|Phone Provider|Hosting and Cloud Provider
16107,Other,"Tranco 10k Host|Banks, Credit Card Companies, Mortgage Providers|Finance and Insurance"
16108,Other,Community Groups and Nonprofits
204527,ISP,"Civil Engineering Construction (Utility Lines, Roads and Bridges)|Computer and Information Technology|Construction and Real Estate|Retail Stores, Wholesale, and E-commerce Sites"
212723,ISP,Utilities (Excluding Internet Service)|Internet Service Provider (ISP)|Computer and Information Technology
138997,ISP,Carrier|Not Validating RPKI ROV|Computer and Information Technology|Internet Service Provider (ISP)
57089,ISP,"Computer and Information Technology|Software Development|Internet Service Provider (ISP)|Retail Stores, Wholesale, and E-commerce Sites"
212737,Other,"Food, Beverage, and Tobacco|Food, Grocery, Beverages|Retail Stores, Wholesale, and E-commerce Sites|Freight, Shipment, and Postal Services"
212739,Other,"Service|Utilities (Excluding Internet Service)|Electric Power Generation, Transmission, Distribution|Software Development"
204548,Content/CDN,Content|Validating RPKI ROV|Computer and Information Technology|Service
57094,Other,"Retail Stores, Wholesale, and E-commerce Sites"
212744,Content/CDN,"Computer and Information Technology|Hosting and Cloud Provider|Hosting, Cloud Provider, Data Center, Server Colocation"
212745,Other,Software Development|Computer and Information Technology
212746,Enterprise,"Personal ASN|Service|Law, Business, and Consulting Services|IPv6 only"
16148,ISP,Software Development|Research and Development Organizations|Computer and Information Technology|Internet Service Provider (ISP)
48918,ISP,Carrier|Validating RPKI ROV|Internet Service Provider (ISP)|Computer and Information Technology
16151,Other,"Retail Stores, Wholesale, and E-commerce Sites|Manufacturing|Electronics and Computer Components|Software Development"
57115,ISP,Internet Service Provider (ISP)|Hosting and Cloud Provider|Computer and Information Technology
48927,ISP,Content|Internet Service Provider (ISP)|Software Development|Search
212779,ISP,Construction and Real Estate|Computer and Information Technology|Education and Research|Service
204591,Other,Computer and Information Technology
57137,ISP,Computer and Information Technology|Technology Consulting Services|Internet Service Provider (ISP)|Hosting and Cloud Provider
48951,ISP,Computer and Information Technology|Not Validating RPKI ROV|Internet Service Provider (ISP)
212794,ISP,Service|Internet Service Provider (ISP)|Finance and Insurance|Software Development
212795,Academic/Edu,"Academic|Research and Development Organizations|Law, Business, and Consulting Services|Education and Research"
16188,ISP,Validating RPKI ROV|Computer and Information Technology|Computer and Network Security|Electronics and Computer Components
212799,Content/CDN,Hosting and Cloud Provider|Computer and Information Technology|IPv6 only|Content
57154,ISP,Corporate/Enterprise|Not Validating RPKI ROV|Internet Service Provider (ISP)|Computer and Information Technology
204612,Other,"Manufacturing|Automotive and Transportation|Metal, Glass, Wood, and Paper Manufacturing"
16202,ISP,Eyeball|Not Validating RPKI ROV|Computer and Information Technology|Internet Service Provider (ISP)
16205,ISP,Eyeball|Not Validating RPKI ROV|Computer and Information Technology|Internet Service Provider (ISP)
204625,Other,Personal ASN|IPv6 only|Community Groups and Nonprofits
212820,ISP,Software Development|Hosting and Cloud Provider|Internet Service Provider (ISP)|Computer and Information Technology
212824,Other,"Museums, Libraries, and Entertainment"
16218,ISP,"Internet Service Provider (ISP)|Hosting and Cloud Provider|Retail Stores, Wholesale, and E-commerce Sites|Computer and Information Technology"
204636,Other,"Museums, Libraries, and Entertainment|Service|Casinos and Gambling"
57183,Other,Computer and Information Technology
57190,Other,"Freight, Shipment, and Postal Services|Trucking|Service|Software Development"
204646,ISP,Internet Service Provider (ISP)|Computer and Information Technology
204653,Content/CDN,"Hosting, Cloud Provider, Data Center, Server Colocation|Computer and Information Technology|Content"
49009,Other,Community Groups and Nonprofits|Not Validating RPKI ROV
204663,ISP,Computer and Information Technology|Internet Service Provider (ISP)|Utilities (Excluding Internet Service)
212858,Enterprise,"Service|Law, Business, and Consulting Services"
49024,ISP,Software Development|Computer and Information Technology|Service|Internet Service Provider (ISP)
204672,Other,"Not Validating RPKI ROV|Utilities (Excluding Internet Service)|Recreation, Sports, and Performing Arts|Electric Power Generation, Transmission, Distribution"
204673,ISP,Computer and Information Technology|Health Care Services|Internet Service Provider (ISP)|Software Development
212864,Content/CDN,"Media, Publishing, and Broadcasting|Hosting and Cloud Provider|Computer and Information Technology|Personal ASN"
204676,Other,"Retail Stores, Wholesale, and E-commerce Sites|IPv6 only"
57222,Other,"Trucking|Freight, Shipment, and Postal Services"
212871,Eyeball,"Eyeball|Law, Business, and Consulting Services|Service"
57224,Other,Computer and Information Technology
204680,Academic/Edu,"Academic|Colleges, Universities, and Professional Schools|Education and Research"
49034,Eyeball,"Print Media (Newspapers, Magazines, Books)|Service|Manufacturing|Law, Business, and Consulting Services"
204681,Enterprise,"Law, Business, and Consulting Services|Service"
204682,ISP,Computer and Information Technology|Utilities (Excluding Internet Service)|Internet Service Provider (ISP)
16277,ISP,Computer and Information Technology|Hosting and Cloud Provider|Internet Service Provider (ISP)|Electronics and Computer Components
212886,Enterprise,"Technology Consulting Services|Service|Computer and Information Technology|Media, Publishing, and Broadcasting"
57243,Other,"Retail Stores, Wholesale, and E-commerce Sites|Service|Social Assistance (Temporary Shelters, Emergency Relief, Child Day Care, etc)"
204702,Eyeball,Computer and Information Technology|Service|Eyeball|Corporate/Enterprise
212894,Academic/Edu,Research and Development Organizations|Computer and Information Technology|Education and Research|IPv6 only
204704,ISP,Computer and Information Technology|Internet Service Provider (ISP)|Software Development|Service
212895,ISP,Carrier|Computer and Information Technology|Internet Service Provider (ISP)|Tor services
204723,ISP,Internet Service Provider (ISP)|Software Development|Computer and Information Technology
204724,Enterprise,"Computer and Information Technology|Law, Business, and Consulting Services|Retail Stores, Wholesale, and E-commerce Sites|Service"
16313,Other,"Banks, Credit Card Companies, Mortgage Providers|Construction and Real Estate|Investment, Portfolio Management, Pensions and Funds|Finance and Insurance"
49081,ISP,Electronics and Computer Components|Manufacturing|Software Development|Computer and Information Technology
16316,ISP,Home ISP|Not Validating RPKI ROV|Computer and Information Technology|Music and Video Industry
212924,Enterprise,"Law, Business, and Consulting Services|Service"
49086,Content/CDN,"Computer and Information Technology|Retail Stores, Wholesale, and E-commerce Sites|Hosting and Cloud Provider"
57282,ISP,"Computer and Information Technology|Buildings, Repair, Maintenance (Pest Control, Landscaping, Cleaning, Locksmiths, Car Washes, etc)|Internet Service Provider (ISP)|Software Development"
212930,Government,"Government and Public Administration|Government and Regulatory Agencies, Administrations, Departments, and Services"
49092,Other,"Recreation, Sports, and Performing Arts|Museums, Libraries, and Entertainment|Media, Publishing, and Broadcasting|Music and Video Industry"
204742,Other,"Finance and Insurance|Investment, Portfolio Management, Pensions and Funds|IPv6 only"
49097,ISP,Software Development|Computer and Information Technology|Internet Service Provider (ISP)
204750,ISP,"Internet Service Provider (ISP)|Computer and Information Technology|Radio and Television Providers|Media, Publishing, and Broadcasting"
212943,Enterprise,"Service|Computer and Information Technology|Law, Business, and Consulting Services|Retail Stores, Wholesale, and E-commerce Sites"
212952,Enterprise,"Computer and Information Technology|Law, Business, and Consulting Services|Service"
204762,Enterprise,"Computer and Information Technology|Service|Law, Business, and Consulting Services"
204768,Other,Computer and Information Technology|IPv6 only
212961,Enterprise,"Service|Machinery|Freight, Shipment, and Postal Services|Law, Business, and Consulting Services"
16356,Other,"Retail Stores, Wholesale, and E-commerce Sites|Manufacturing|Buildings, Repair, Maintenance (Pest Control, Landscaping, Cleaning, Locksmiths, Car Washes, etc)|Service"
57317,ISP,"Manufacturing|Service|Law, Business, and Consulting Services|Internet Service Provider (ISP)"
16358,ISP,Service|Hosting and Cloud Provider|Software Development|Internet Service Provider (ISP)
212966,Other,Computer and Information Technology|Software Development
16360,ISP,"Civil Engineering Construction (Utility Lines, Roads and Bridges)|Internet Service Provider (ISP)|Computer and Information Technology|Construction and Real Estate"
49130,ISP,Computer and Information Technology|Internet Service Provider (ISP)|Hosting and Cloud Provider
16365,Enterprise,"Law, Business, and Consulting Services|Service"
212973,Content/CDN,Computer and Network Security|Computer and Information Technology|Hosting and Cloud Provider
57328,ISP,Not Validating RPKI ROV|Computer and Information Technology|Internet Service Provider (ISP)|Community Groups and Nonprofits
204786,ISP,Internet Service Provider (ISP)|Computer and Information Technology
16374,ISP,Computer and Information Technology|Internet Service Provider (ISP)
16378,Other,"Phone Provider|Retail Stores, Wholesale, and E-commerce Sites|Computer and Information Technology"
204796,Other,"Validating RPKI ROV|Manufacturing|Machinery|Food, Beverage, and Tobacco"
212989,Other,"Community Groups and Nonprofits|Not Validating RPKI ROV|Human Rights and Social Advocacy (Human Rights, Environment and Wildlife Conservation, Other)"
57342,Other,Computer and Information Technology
