asn,category,tags
196638,ISP,Eyeball|Not Validating RPKI ROV|Computer and Information Technology|Internet Service Provider (ISP)
196641,Other,"Civil Engineering Construction (Utility Lines, Roads and Bridges)|Construction and Real Estate|Retail Stores, Wholesale, and E-commerce Sites|Agriculture, Mining, and Refineries (Farming, Greenhouses, Mining, Forestry, and Animal Farming)"
196642,Enterprise,"Manufacturing|Law, Business, and Consulting Services|Civil Engineering Construction (Utility Lines, Roads and Bridges)|Service"
196648,Academic/Edu,"Education and Research|Colleges, Universities, and Professional Schools"
196657,Eyeball,"Not Validating RPKI ROV|Buildings (Residential or Commercial)|Agriculture, Mining, and Refineries (Farming, Greenhouses, Mining, Forestry, and Animal Farming)|Construction and Real Estate"
196660,Other,"Manufacturing|Clothing and Textiles|Retail Stores, Wholesale, and E-commerce Sites"
196665,Eyeball,"Civil Engineering Construction (Utility Lines, Roads and Bridges)|Construction and Real Estate|Agriculture, Mining, and Refineries (Farming, Greenhouses, Mining, Forestry, and Animal Farming)|Electric Power Generation, Transmission, Distribution"
196667,Other,"Not Validating RPKI ROV|Construction and Real Estate|Civil Engineering Construction (Utility Lines, Roads and Bridges)|Postal Services and Couriers"
196673,ISP,"Not Validating RPKI ROV|Computer and Information Technology|Construction and Real Estate|Civil Engineering Construction (Utility Lines, Roads and Bridges)"
196685,ISP,"Not Validating RPKI ROV|Computer and Information Technology|Retail Stores, Wholesale, and E-commerce Sites|Internet Service Provider (ISP)"
196686,ISP,"Banks, Credit Card Companies, Mortgage Providers|Civil Engineering Construction (Utility Lines, Roads and Bridges)|Internet Service Provider (ISP)|Finance and Insurance"
196691,ISP,Computer and Network Security|Computer and Information Technology|Internet Service Provider (ISP)
196695,ISP,Tranco 10k Host|Not Validating RPKI ROV|Computer and Information Technology|Construction and Real Estate
196698,ISP,Not Validating RPKI ROV|Internet Service Provider (ISP)|Computer and Information Technology
196699,Enterprise,"Not Validating RPKI ROV|Media, Publishing, and Broadcasting|Law, Business, and Consulting Services|Service"
196705,ISP,Eyeball|Not Validating RPKI ROV|Computer and Information Technology|Internet Service Provider (ISP)
196716,ISP,Internet Service Provider (ISP)|Computer and Information Technology
196719,ISP,"Electronics and Computer Components|Construction and Real Estate|Computer and Information Technology|Civil Engineering Construction (Utility Lines, Roads and Bridges)"
196721,ISP,"Civil Engineering Construction (Utility Lines, Roads and Bridges)|Computer and Information Technology|Construction and Real Estate|Internet Service Provider (ISP)"
196726,ISP,Not Validating RPKI ROV|Hosting and Cloud Provider|Computer and Information Technology|Software Development
196739,ISP,Eyeball|Not Validating RPKI ROV|Internet Service Provider (ISP)|Trucking
196742,ISP,"Retail Stores, Wholesale, and E-commerce Sites|Not Validating RPKI ROV|Computer and Information Technology|Government and Public Administration"
196747,ISP,Phone Provider|Computer and Information Technology|Internet Service Provider (ISP)
196750,ISP,"Eyeball|Computer and Network Security|Computer and Information Technology|Retail Stores, Wholesale, and E-commerce Sites"
196754,ISP,"Computer and Information Technology|Freight, Shipment, and Postal Services|Internet Service Provider (ISP)|Manufacturing"
196764,Unknown,
196767,ISP,"Media, Publishing, and Broadcasting|Not Validating RPKI ROV|Radio and Television Providers|Computer and Information Technology"
196768,Eyeball,"Not Validating RPKI ROV|Buildings, Repair, Maintenance (Pest Control, Landscaping, Cleaning, Locksmiths, Car Washes, etc)|Freight, Shipment, and Postal Services|Retail Stores, Wholesale, and E-commerce Sites"
196780,ISP,Computer and Information Technology|Internet Service Provider (ISP)
196786,ISP,"Not Validating RPKI ROV|Radio and Television Providers|Media, Publishing, and Broadcasting|Computer and Information Technology"
196791,ISP,"Computer and Information Technology|Internet Service Provider (ISP)|Museums, Libraries, and Entertainment|Buildings, Repair, Maintenance (Pest Control, Landscaping, Cleaning, Locksmiths, Car Washes, etc)"
196796,Other,"Construction and Real Estate|Real Estate (Residential and/or Commercial)|Finance and Insurance|Banks, Credit Card Companies, Mortgage Providers"
196797,ISP,Eyeball|Not Validating RPKI ROV|Internet Service Provider (ISP)|Computer and Information Technology
196798,ISP,Not Validating RPKI ROV|Internet Service Provider (ISP)|Computer and Information Technology
196812,ISP,"Not Validating RPKI ROV|Computer and Information Technology|Hosting, Cloud Provider, Data Center, Server Colocation|Museums, Libraries, and Entertainment"
196847,Other,"Not Validating RPKI ROV|Construction and Real Estate|Freight, Shipment, and Postal Services|Civil Engineering Construction (Utility Lines, Roads and Bridges)"
196879,ISP,Eyeball|Computer and Information Technology|Internet Service Provider (ISP)
196884,Other,"Retail Stores, Wholesale, and E-commerce Sites|Agriculture, Mining, and Refineries (Farming, Greenhouses, Mining, Forestry, and Animal Farming)"
196894,Content/CDN,"Not Validating RPKI ROV|Buildings, Repair, Maintenance (Pest Control, Landscaping, Cleaning, Locksmiths, Car Washes, etc)|Law, Business, and Consulting Services|Computer and Information Technology"
196914,ISP,Hosting and Cloud Provider|Not Validating RPKI ROV|Software Development|Internet Service Provider (ISP)
196936,ISP,Not Validating RPKI ROV|Computer and Information Technology|Internet Service Provider (ISP)|Eyeball
196938,ISP,Eyeball|Not Validating RPKI ROV|Computer and Information Technology|Internet Service Provider (ISP)
196949,ISP,Eyeball|Not Validating RPKI ROV|Computer and Information Technology|Internet Service Provider (ISP)
196963,Other,"Retail Stores, Wholesale, and E-commerce Sites"
196977,ISP,Eyeball|Computer and Information Technology|Internet Service Provider (ISP)
196986,Enterprise,"Law, Business, and Consulting Services|Service|Construction and Real Estate|Real Estate (Residential and/or Commercial)"
196991,ISP,Computer and Information Technology|Not Validating RPKI ROV|Internet Service Provider (ISP)
197007,Other,"Retail Stores, Wholesale, and E-commerce Sites|Freight, Shipment, and Postal Services"
197010,Other,"Finance and Insurance|Banks, Credit Card Companies, Mortgage Providers"
197015,Eyeball,Not Validating RPKI ROV|Other|Eyeball
197023,ISP,Eyeball|Not Validating RPKI ROV|Internet Service Provider (ISP)|Computer and Information Technology
197044,Other,"Trucking|Freight, Shipment, and Postal Services"
197052,ISP,Not Validating RPKI ROV|Internet Service Provider (ISP)|Computer and Information Technology|Eyeball
197062,Eyeball,"Retail Stores, Wholesale, and E-commerce Sites|Manufacturing|Eyeball|Chemical and Pharmaceutical Manufacturing"
197068,Government,"Content|Government and Public Administration|Computer and Network Security|Military, Defense, National Security, and International Affairs"
197070,ISP,Eyeball|Not Validating RPKI ROV|Computer and Information Technology|Internet Service Provider (ISP)
197074,ISP,"Not Validating RPKI ROV|Banks, Credit Card Companies, Mortgage Providers|Print Media (Newspapers, Magazines, Books)|Law, Business, and Consulting Services"
197078,ISP,Eyeball|Not Validating RPKI ROV|Computer and Information Technology|Construction and Real Estate
197080,Other,"Manufacturing|Service|Electronics and Computer Components|Print Media (Newspapers, Magazines, Books)"
197097,ISP,"Service|Law, Business, and Consulting Services|Media, Publishing, and Broadcasting|Internet Service Provider (ISP)"
197120,Eyeball,"Not Validating RPKI ROV|Construction and Real Estate|Civil Engineering Construction (Utility Lines, Roads and Bridges)|Museums, Libraries, and Entertainment"
197129,Eyeball,"Eyeball|Agriculture, Mining, and Refineries (Farming, Greenhouses, Mining, Forestry, and Animal Farming)"
197140,Eyeball,"Eyeball|Service|Law, Business, and Consulting Services"
197150,Other,"Buildings (Residential or Commercial)|Civil Engineering Construction (Utility Lines, Roads and Bridges)|Retail Stores, Wholesale, and E-commerce Sites|Construction and Real Estate"
197152,ISP,Eyeball|Not Validating RPKI ROV|Construction and Real Estate|Computer and Information Technology
197153,Eyeball,"Not Validating RPKI ROV|Law Enforcement, Public Safety, and Justice|Government and Public Administration|Eyeball"
197159,Eyeball,"Not Validating RPKI ROV|Agriculture, Mining, and Refineries (Farming, Greenhouses, Mining, Forestry, and Animal Farming)|Eyeball"
197163,Content/CDN,Not Validating RPKI ROV|Computer and Information Technology|Software Development|Finance and Insurance
197169,ISP,"Internet Service Provider (ISP)|Software Development|Retail Stores, Wholesale, and E-commerce Sites|Computer and Information Technology"
197171,ISP,Internet Service Provider (ISP)|Computer and Information Technology
197175,ISP,Internet Service Provider (ISP)|Computer and Information Technology
197185,Other,"Service|Civil Engineering Construction (Utility Lines, Roads and Bridges)|Finance and Insurance|Construction and Real Estate"
197193,Enterprise,"Service|Banks, Credit Card Companies, Mortgage Providers|Finance and Insurance|Construction and Real Estate"
197204,ISP,Eyeball|Not Validating RPKI ROV|Computer and Information Technology|Internet Service Provider (ISP)
197235,ISP,Internet Service Provider (ISP)|Not Validating RPKI ROV|Computer and Information Technology
197257,ISP,Internet Service Provider (ISP)|Computer and Information Technology
197258,Other,"Banks, Credit Card Companies, Mortgage Providers|Finance and Insurance"
197273,ISP,"Internet Service Provider (ISP)|Electric Power Generation, Transmission, Distribution|Utilities (Excluding Internet Service)|Construction and Real Estate"
197275,ISP,Eyeball|Not Validating RPKI ROV|Internet Service Provider (ISP)|Computer and Information Technology
197276,ISP,"Software Development|Print Media (Newspapers, Magazines, Books)|Media, Publishing, and Broadcasting|Computer and Information Technology"
197280,ISP,Computer and Information Technology|Internet Service Provider (ISP)
197292,Other,Service
197298,ISP,Eyeball|Not Validating RPKI ROV|Computer and Information Technology|Internet Service Provider (ISP)
197303,Enterprise,"Construction and Real Estate|Real Estate (Residential and/or Commercial)|Law, Business, and Consulting Services|Service"
197306,ISP,"Electronics and Computer Components|Software Development|Metal, Glass, Wood, and Paper Manufacturing|Computer and Information Technology"
197309,ISP,"Server Hosting|Media, Publishing, and Broadcasting|Computer and Information Technology|Print Media (Newspapers, Magazines, Books)"
197311,ISP,"Eyeball|Computer and Information Technology|Internet Service Provider (ISP)|Retail Stores, Wholesale, and E-commerce Sites"
197315,Other,"Not Validating RPKI ROV|Civil Engineering Construction (Utility Lines, Roads and Bridges)|Museums, Libraries, and Entertainment|Construction and Real Estate"
197333,ISP,Computer and Information Technology|Internet Service Provider (ISP)
197340,Other,"Not Validating RPKI ROV|Banks, Credit Card Companies, Mortgage Providers|Finance and Insurance"
197349,ISP,"Not Validating RPKI ROV|Buildings (Residential or Commercial)|Civil Engineering Construction (Utility Lines, Roads and Bridges)|Internet Service Provider (ISP)"
197366,ISP,Computer and Information Technology|Internet Service Provider (ISP)|Software Development|Construction and Real Estate
197379,Content/CDN,"Buildings, Repair, Maintenance (Pest Control, Landscaping, Cleaning, Locksmiths, Car Washes, etc)|Service|Computer and Information Technology|Software Development"
197382,ISP,Internet Service Provider (ISP)|Computer and Information Technology
197392,ISP,Construction and Real Estate|Not Validating RPKI ROV|Internet Service Provider (ISP)|Eyeball
197394,ISP,Eyeball|Not Validating RPKI ROV|Internet Service Provider (ISP)|Computer and Information Technology
197404,Other,"Banks, Credit Card Companies, Mortgage Providers|Finance and Insurance"
197406,ISP,"Internet Service Provider (ISP)|Retail Stores, Wholesale, and E-commerce Sites|Computer and Information Technology"
197420,ISP,"Computer and Information Technology|Law, Business, and Consulting Services|Service|Internet Service Provider (ISP)"
197449,Other,Construction and Real Estate|Real Estate (Residential and/or Commercial)
197453,ISP,"Eyeball|Not Validating RPKI ROV|Civil Engineering Construction (Utility Lines, Roads and Bridges)|Buildings (Residential or Commercial)"
197460,Eyeball,"Eyeball|Not Validating RPKI ROV|Law, Business, and Consulting Services|Service"
197461,Other,"Real Estate (Residential and/or Commercial)|Construction and Real Estate|Retail Stores, Wholesale, and E-commerce Sites"
197467,Eyeball,"Eyeball|Not Validating RPKI ROV|Education and Research|Colleges, Universities, and Professional Schools"
197468,Enterprise,"Service|Law, Business, and Consulting Services"
197482,Enterprise,"Tranco 10k Host|Law, Business, and Consulting Services|Service|Media, Publishing, and Broadcasting"
197489,Content/CDN,"Human Rights and Social Advocacy (Human Rights, Environment and Wildlife Conservation, Other)|Education and Research|Law, Business, and Consulting Services|Service"
197498,Eyeball,"Buildings (Residential or Commercial)|Museums, Libraries, and Entertainment|Construction and Real Estate|Retail Stores, Wholesale, and E-commerce Sites"
197499,ISP,"Not Validating RPKI ROV|Hosting, Cloud Provider, Data Center, Server Colocation|Computer and Information Technology|Internet Service Provider (ISP)"
197526,Academic/Edu,"Not Validating RPKI ROV|Education and Research|Colleges, Universities, and Professional Schools|Academic"
197531,Other,Software Development|Computer and Information Technology
197535,ISP,"Civil Engineering Construction (Utility Lines, Roads and Bridges)|Validating RPKI ROV|Internet Service Provider (ISP)|Passenger Transit (Car, Bus, Taxi, Subway)"
197553,Academic/Edu,"Print Media (Newspapers, Magazines, Books)|Buildings (Residential or Commercial)|Civil Engineering Construction (Utility Lines, Roads and Bridges)|Construction and Real Estate"
197559,Other,"Banks, Credit Card Companies, Mortgage Providers|Service|Investment, Portfolio Management, Pensions and Funds|Finance and Insurance"
197567,ISP,Not Validating RPKI ROV|Manufacturing|Internet Service Provider (ISP)|Automotive and Transportation
197571,Unknown,
197574,Other,"Not Validating RPKI ROV|Civil Engineering Construction (Utility Lines, Roads and Bridges)|Construction and Real Estate|Retail Stores, Wholesale, and E-commerce Sites"
197577,ISP,"Not Validating RPKI ROV|Computer and Information Technology|Law, Business, and Consulting Services|Finance and Insurance"
197578,Eyeball,"Not Validating RPKI ROV|Chemical and Pharmaceutical Manufacturing|Retail Stores, Wholesale, and E-commerce Sites|Metal, Glass, Wood, and Paper Manufacturing"
197585,ISP,"Eyeball|Media, Publishing, and Broadcasting|Internet Service Provider (ISP)|Computer and Information Technology"
197591,ISP,Computer and Information Technology|Internet Service Provider (ISP)
197596,Enterprise,"Service|Law, Business, and Consulting Services"
197627,Other,"Clothing, Fashion, Luggage|Real Estate (Residential and/or Commercial)|Finance and Insurance|Retail Stores, Wholesale, and E-commerce Sites"
197628,ISP,"Eyeball|Computer and Information Technology|Freight, Shipment, and Postal Services|Construction and Real Estate"
197632,ISP,"Buildings, Repair, Maintenance (Pest Control, Landscaping, Cleaning, Locksmiths, Car Washes, etc)|Not Validating RPKI ROV|Service|Computer and Information Technology"
33797,ISP,Computer and Information Technology|Internet Service Provider (ISP)
197643,Eyeball,Eyeball|Not Validating RPKI ROV|Radio and Television Providers|Service
33819,Eyeball,"Eyeball|Colleges, Universities, and Professional Schools|Construction and Real Estate|Civil Engineering Construction (Utility Lines, Roads and Bridges)"
197665,Other,"Retail Stores, Wholesale, and E-commerce Sites|Food, Grocery, Beverages"
197668,Government,"Retail Stores, Wholesale, and E-commerce Sites|Freight, Shipment, and Postal Services|Manufacturing|Government"
197673,ISP,Not Validating RPKI ROV|Internet Service Provider (ISP)|Computer and Information Technology
33842,ISP,Internet Service Provider (ISP)|Computer and Information Technology
33844,Enterprise,"Software Development|Service|Computer and Information Technology|Law, Business, and Consulting Services"
197693,Other,"Clothing, Fashion, Luggage|Retail Stores, Wholesale, and E-commerce Sites|Manufacturing|Clothing and Textiles"
197695,ISP,Content|Not Validating RPKI ROV|Internet Service Provider (ISP)|Hosting and Cloud Provider
33871,ISP,Eyeball|Internet Service Provider (ISP)|Construction and Real Estate|Computer and Information Technology
197714,Unknown,
197717,ISP,"Not Validating RPKI ROV|Buildings (Residential or Commercial)|Passenger Transit (Car, Bus, Taxi, Subway)|Internet Service Provider (ISP)"
197718,Other,Real Estate (Residential and/or Commercial)|Not Validating RPKI ROV|Construction and Real Estate
197725,Other,"Freight, Shipment, and Postal Services|Construction and Real Estate|Civil Engineering Construction (Utility Lines, Roads and Bridges)|Trucking"
33887,ISP,Phone Provider|Computer and Information Technology|Internet Service Provider (ISP)
33888,Academic/Edu,"Buildings (Residential or Commercial)|Education and Research|Media, Publishing, and Broadcasting|Research and Development Organizations"
197728,Other,"Construction and Real Estate|Buildings (Residential or Commercial)|Retail Stores, Wholesale, and E-commerce Sites"
33892,ISP,Internet Service Provider (ISP)|Software Development|Computer and Information Technology|Eyeball
197733,ISP,Internet Service Provider (ISP)|Computer and Information Technology
33894,ISP,Eyeball|Not Validating RPKI ROV|Home ISP|Computer and Information Technology
33899,Other,"Health Care Services|Hospitals and Medical Centers|Freight, Shipment, and Postal Services"
33902,ISP,Internet Service Provider (ISP)|Computer and Information Technology|Eyeball
33903,Academic/Edu,"Law, Business, and Consulting Services|Civil Engineering Construction (Utility Lines, Roads and Bridges)|Service|Buildings, Repair, Maintenance (Pest Control, Landscaping, Cleaning, Locksmiths, Car Washes, etc)"
33904,ISP,"Retail Stores, Wholesale, and E-commerce Sites|Computer and Information Technology|Internet Service Provider (ISP)"
33908,ISP,Not Validating RPKI ROV|Internet Service Provider (ISP)|Computer and Information Technology
197756,ISP,Not Validating RPKI ROV|Insurance Carriers and Agencies|Finance and Insurance|Government and Public Administration
197757,Unknown,
197760,Enterprise,"Buildings (Residential or Commercial)|Law, Business, and Consulting Services|Construction and Real Estate|Service"
197765,Other,"Construction and Real Estate|Civil Engineering Construction (Utility Lines, Roads and Bridges)|Computer and Information Technology"
197768,Academic/Edu,"Freight, Shipment, and Postal Services|Education and Research|Elementary and Secondary Schools|Colleges, Universities, and Professional Schools"
197773,Other,Service
33934,ISP,Eyeball|Internet Service Provider (ISP)|Computer and Information Technology|Phone Provider
33936,ISP,"Service|Not Validating RPKI ROV|Buildings, Repair, Maintenance (Pest Control, Landscaping, Cleaning, Locksmiths, Car Washes, etc)|Civil Engineering Construction (Utility Lines, Roads and Bridges)"
197780,Other,"Not Validating RPKI ROV|Construction and Real Estate|Buildings (Residential or Commercial)|Buildings, Repair, Maintenance (Pest Control, Landscaping, Cleaning, Locksmiths, Car Washes, etc)"
197783,ISP,Internet Service Provider (ISP)|Computer and Information Technology|Computer and Network Security
197786,ISP,"Computer and Information Technology|Retail Stores, Wholesale, and E-commerce Sites|Buildings, Repair, Maintenance (Pest Control, Landscaping, Cleaning, Locksmiths, Car Washes, etc)|Internet Service Provider (ISP)"
197793,ISP,Home ISP|Not Validating RPKI ROV|Internet Service Provider (ISP)|Computer and Information Technology
33962,ISP,Eyeball|Internet Service Provider (ISP)|Computer and Information Technology
197808,Other,"Electronics and Computer Components|Construction and Real Estate|Civil Engineering Construction (Utility Lines, Roads and Bridges)|Buildings (Residential or Commercial)"
33972,Government,"Government and Regulatory Agencies, Administrations, Departments, and Services|Government and Public Administration|Finance and Insurance"
197821,Other,"Construction and Real Estate|Food, Beverage, and Tobacco|Freight, Shipment, and Postal Services|Buildings (Residential or Commercial)"
197826,ISP,Eyeball|Not Validating RPKI ROV|Internet Service Provider (ISP)|Computer and Information Technology
33987,ISP,Computer and Information Technology|Internet Service Provider (ISP)|Software Development
33991,ISP,Eyeball|Not Validating RPKI ROV|Internet Service Provider (ISP)|Construction and Real Estate
197831,ISP,Computer and Information Technology|Internet Service Provider (ISP)
33993,ISP,Eyeball|Not Validating RPKI ROV|Internet Service Provider (ISP)|Computer and Information Technology
34017,Academic/Edu,"Education and Research|Colleges, Universities, and Professional Schools"
197857,Content/CDN,"Buildings, Repair, Maintenance (Pest Control, Landscaping, Cleaning, Locksmiths, Car Washes, etc)|Computer and Information Technology|Software Development|Hosting and Cloud Provider"
197865,Other,"Construction and Real Estate|Retail Stores, Wholesale, and E-commerce Sites|Food, Grocery, Beverages|Buildings (Residential or Commercial)"
197868,Other,"Banks, Credit Card Companies, Mortgage Providers|Finance and Insurance"
34033,Other,"Buildings, Repair, Maintenance (Pest Control, Landscaping, Cleaning, Locksmiths, Car Washes, etc)|Computer and Information Technology|Construction and Real Estate|Civil Engineering Construction (Utility Lines, Roads and Bridges)"
197873,Other,"Investment, Portfolio Management, Pensions and Funds|Computer and Information Technology|Finance and Insurance|Banks, Credit Card Companies, Mortgage Providers"
34038,ISP,Eyeball|Not Validating RPKI ROV|Internet Service Provider (ISP)|Phone Provider
197878,Content/CDN,"Manufacturing|Hosting and Cloud Provider|Electronics and Computer Components|Retail Stores, Wholesale, and E-commerce Sites"
197880,ISP,Not Validating RPKI ROV|Finance and Insurance|Computer and Information Technology|Internet Service Provider (ISP)
34042,ISP,Computer and Information Technology|Internet Service Provider (ISP)|Eyeball
34047,Eyeball,Computer and Information Technology|Hosting and Cloud Provider|Eyeball
197888,ISP,"Computer and Information Technology|Radio and Television Providers|Internet Service Provider (ISP)|Museums, Libraries, and Entertainment"
34052,Academic/Edu,Education and Research|Manufacturing|Research and Development Organizations|Electronics and Computer Components
197896,Other,"Investment, Portfolio Management, Pensions and Funds|Computer and Information Technology|Banks, Credit Card Companies, Mortgage Providers|Finance and Insurance"
197905,Content/CDN,"Buildings, Repair, Maintenance (Pest Control, Landscaping, Cleaning, Locksmiths, Car Washes, etc)|Service|Computer and Information Technology|Retail Stores, Wholesale, and E-commerce Sites"
197911,ISP,Software Development|Internet Service Provider (ISP)|Hosting and Cloud Provider|Computer and Information Technology
34085,Enterprise,"Service|Clothing, Fashion, Luggage|Law, Business, and Consulting Services|Buildings, Repair, Maintenance (Pest Control, Landscaping, Cleaning, Locksmiths, Car Washes, etc)"
197934,Other,"Banks, Credit Card Companies, Mortgage Providers|Finance and Insurance|Computer and Information Technology|Investment, Portfolio Management, Pensions and Funds"
34098,Other,"Finance and Insurance|Banks, Credit Card Companies, Mortgage Providers"
34102,Eyeball,Eyeball|Not Validating RPKI ROV|Hosting and Cloud Provider|Computer and Information Technology
197952,Other,"Print Media (Newspapers, Magazines, Books)|Civil Engineering Construction (Utility Lines, Roads and Bridges)|Media, Publishing, and Broadcasting|Retail Stores, Wholesale, and E-commerce Sites"
197955,Other,"Freight, Shipment, and Postal Services|Construction and Real Estate|Automotive and Transportation|Manufacturing"
197960,ISP,Internet Service Provider (ISP)|Computer and Information Technology
34121,Other,Computer and Information Technology
34123,ISP,Eyeball|Not Validating RPKI ROV|Internet Service Provider (ISP)|Computer and Information Technology
197969,ISP,"Buildings, Repair, Maintenance (Pest Control, Landscaping, Cleaning, Locksmiths, Car Washes, etc)|Government and Public Administration|Electronics and Computer Components|Retail Stores, Wholesale, and E-commerce Sites"
197971,Enterprise,"Service|Law, Business, and Consulting Services"
197972,ISP,Internet Service Provider (ISP)|Computer and Information Technology
34137,ISP,Internet Service Provider (ISP)|Computer and Information Technology|Phone Provider
34139,ISP,Eyeball|Not Validating RPKI ROV|Computer and Information Technology|Internet Service Provider (ISP)
34145,ISP,Eyeball|Home ISP|Internet Service Provider (ISP)|Computer and Information Technology
197986,Other,"Real Estate (Residential and/or Commercial)|Buildings (Residential or Commercial)|Civil Engineering Construction (Utility Lines, Roads and Bridges)|Construction and Real Estate"
34147,Other,"Finance and Insurance|Banks, Credit Card Companies, Mortgage Providers"
197987,Enterprise,"Water Transportation|Real Estate (Residential and/or Commercial)|Service|Law, Business, and Consulting Services"
34150,ISP,"Home ISP|Not Validating RPKI ROV|Music and Video Industry|Media, Publishing, and Broadcasting"
34155,Other,"Finance and Insurance|Banks, Credit Card Companies, Mortgage Providers"
197998,Other,"Retail Stores, Wholesale, and E-commerce Sites|Print Media (Newspapers, Magazines, Books)|Media, Publishing, and Broadcasting"
34166,ISP,"Construction and Real Estate|Hosting and Cloud Provider|Retail Stores, Wholesale, and E-commerce Sites|Computer and Information Technology"
34168,ISP,Phone Provider|Internet Service Provider (ISP)|Computer and Information Technology
34180,ISP,"Not Validating RPKI ROV|Computer and Information Technology|Agriculture, Mining, and Refineries (Farming, Greenhouses, Mining, Forestry, and Animal Farming)|Internet Service Provider (ISP)"
198021,Other,"Construction and Real Estate|Computer and Information Technology|Freight, Shipment, and Postal Services|Civil Engineering Construction (Utility Lines, Roads and Bridges)"
198027,Other,Service|IPv6 only
198028,ISP,"Computer and Information Technology|Internet Service Provider (ISP)|Software Development|Retail Stores, Wholesale, and E-commerce Sites"
34192,ISP,Computer and Information Technology|Internet Service Provider (ISP)
198039,Enterprise,"Service|Law, Business, and Consulting Services"
198044,ISP,Computer and Information Technology|Internet Service Provider (ISP)
34205,ISP,Eyeball|Not Validating RPKI ROV|Phone Provider|Computer and Information Technology
34207,Other,"Computer and Information Technology|Manufacturing|Machinery|Buildings, Repair, Maintenance (Pest Control, Landscaping, Cleaning, Locksmiths, Car Washes, etc)"
34211,ISP,Not Validating RPKI ROV|Internet Service Provider (ISP)|Computer and Information Technology|Software Development
198052,Eyeball,"Not Validating RPKI ROV|Retail Stores, Wholesale, and E-commerce Sites|Freight, Shipment, and Postal Services|Food, Grocery, Beverages"
198056,ISP,Eyeball|Not Validating RPKI ROV|Computer and Information Technology|Internet Service Provider (ISP)
34221,ISP,"Electronics and Computer Components|Software Development|Manufacturing|Museums, Libraries, and Entertainment"
198062,Other,"Nursing, Residential Care Facilities, Assisted Living, and Home Health Care|Health Care Services|Service|Museums, Libraries, and Entertainment"
34223,ISP,Eyeball|Not Validating RPKI ROV|Internet Service Provider (ISP)|Computer and Information Technology
198069,Other,"Investment, Portfolio Management, Pensions and Funds|Real Estate (Residential and/or Commercial)|Construction and Real Estate|Computer and Information Technology"
198070,ISP,"Not Validating RPKI ROV|Hosting and Cloud Provider|Retail Stores, Wholesale, and E-commerce Sites|Computer and Information Technology"
34232,ISP,"Internet Service Provider (ISP)|Retail Stores, Wholesale, and E-commerce Sites|Computer and Information Technology|Eyeball"
198074,ISP,Internet Service Provider (ISP)|Computer and Information Technology
198076,Other,"Not Validating RPKI ROV|Service|Retail Stores, Wholesale, and E-commerce Sites|Civil Engineering Construction (Utility Lines, Roads and Bridges)"
34241,ISP,Eyeball|Not Validating RPKI ROV|Internet Service Provider (ISP)|Hosting and Cloud Provider
198083,ISP,"Not Validating RPKI ROV|Computer and Information Technology|Construction and Real Estate|Law, Business, and Consulting Services"
34246,ISP,"Utilities (Excluding Internet Service)|Electric Power Generation, Transmission, Distribution|Civil Engineering Construction (Utility Lines, Roads and Bridges)|Computer and Information Technology"
198086,Other,Not Validating RPKI ROV|Computer and Information Technology
34249,Other,"Electric Power Generation, Transmission, Distribution|Service|Utilities (Excluding Internet Service)"
34267,ISP,Eyeball|Not Validating RPKI ROV|Internet Service Provider (ISP)|Computer and Information Technology
198110,ISP,"Eyeball|Not Validating RPKI ROV|Internet Service Provider (ISP)|Museums, Libraries, and Entertainment"
198117,Enterprise,"Machinery|Computer and Information Technology|Law, Business, and Consulting Services|Freight, Shipment, and Postal Services"
198122,ISP,Not Validating RPKI ROV|Computer and Information Technology|Internet Service Provider (ISP)|Software Development
34287,ISP,Computer and Information Technology|Internet Service Provider (ISP)|Phone Provider
34291,Other,"Finance and Insurance|Banks, Credit Card Companies, Mortgage Providers"
198134,Other,"Construction and Real Estate|Civil Engineering Construction (Utility Lines, Roads and Bridges)|Manufacturing|Buildings (Residential or Commercial)"
34297,ISP,Phone Provider|Internet Service Provider (ISP)|Computer and Information Technology
198137,ISP,"Not Validating RPKI ROV|Computer and Information Technology|Retail Stores, Wholesale, and E-commerce Sites|Internet Service Provider (ISP)"
34300,ISP,Eyeball|Not Validating RPKI ROV|Computer and Information Technology|Internet Service Provider (ISP)
34303,ISP,"Not Validating RPKI ROV|Retail Stores, Wholesale, and E-commerce Sites|Computer and Information Technology|Construction and Real Estate"
34320,Other,Computer and Information Technology
34322,ISP,Not Validating RPKI ROV|Internet Service Provider (ISP)|Computer and Information Technology
34327,Other,"Clothing, Fashion, Luggage|Retail Stores, Wholesale, and E-commerce Sites|Clothing and Textiles|Manufacturing"
34329,Content/CDN,"Service|Software Development|Hosting and Cloud Provider|Buildings, Repair, Maintenance (Pest Control, Landscaping, Cleaning, Locksmiths, Car Washes, etc)"
34336,Other,"Banks, Credit Card Companies, Mortgage Providers|Finance and Insurance|Computer and Information Technology|Investment, Portfolio Management, Pensions and Funds"
198181,Other,"Buildings (Residential or Commercial)|Civil Engineering Construction (Utility Lines, Roads and Bridges)|Construction and Real Estate|Trucking"
198182,ISP,Computer and Information Technology|Internet Service Provider (ISP)|Eyeball
198185,ISP,"Retail Stores, Wholesale, and E-commerce Sites|Not Validating RPKI ROV|Civil Engineering Construction (Utility Lines, Roads and Bridges)|Internet Service Provider (ISP)"
34351,ISP,Computer and Information Technology|Not Validating RPKI ROV|Internet Service Provider (ISP)
34352,ISP,Software Development|Computer and Information Technology|Internet Service Provider (ISP)
198195,Other,"Not Validating RPKI ROV|Retail Stores, Wholesale, and E-commerce Sites|Freight, Shipment, and Postal Services|Buildings, Repair, Maintenance (Pest Control, Landscaping, Cleaning, Locksmiths, Car Washes, etc)"
198201,ISP,Computer and Information Technology|Internet Service Provider (ISP)
198207,ISP,"Computer and Information Technology|Law, Business, and Consulting Services|Internet Service Provider (ISP)|Hosting and Cloud Provider"
198210,Enterprise,"Service|Law, Business, and Consulting Services|Trucking|Freight, Shipment, and Postal Services"
198212,ISP,"Not Validating RPKI ROV|Service|Buildings, Repair, Maintenance (Pest Control, Landscaping, Cleaning, Locksmiths, Car Washes, etc)|Computer and Information Technology"
34381,Other,"Not Validating RPKI ROV|Retail Stores, Wholesale, and E-commerce Sites|Food, Grocery, Beverages"
198226,Other,"Computer and Information Technology|Museums, Libraries, and Entertainment|Tranco 10k Host"
34389,Enterprise,"Not Validating RPKI ROV|Computer and Information Technology|Electric Power Generation, Transmission, Distribution|Service"
34411,Academic/Edu,Education and Research
198255,ISP,"Computer and Information Technology|Retail Stores, Wholesale, and E-commerce Sites|Internet Service Provider (ISP)|Freight, Shipment, and Postal Services"
198258,ISP,Computer and Information Technology|Software Development|Manufacturing|Service
198261,Other,"Machinery|Civil Engineering Construction (Utility Lines, Roads and Bridges)|Construction and Real Estate|Computer and Information Technology"
34434,Other,"Civil Engineering Construction (Utility Lines, Roads and Bridges)|Agriculture, Mining, and Refineries (Farming, Greenhouses, Mining, Forestry, and Animal Farming)|Buildings (Residential or Commercial)|Construction and Real Estate"
198274,ISP,Internet Service Provider (ISP)|Computer and Information Technology|Construction and Real Estate|Buildings (Residential or Commercial)
34441,Other,"Clothing and Textiles|Retail Stores, Wholesale, and E-commerce Sites|Clothing, Fashion, Luggage|Manufacturing"
34449,ISP,Phone Provider|Computer and Information Technology|Internet Service Provider (ISP)
198294,Enterprise,"Law, Business, and Consulting Services|Service"
198295,ISP,"Internet Service Provider (ISP)|Not Validating RPKI ROV|Media, Publishing, and Broadcasting|Music and Video Industry"
34456,ISP,Eyeball|Not Validating RPKI ROV|Computer and Information Technology|Internet Service Provider (ISP)
198297,ISP,Carrier|Not Validating RPKI ROV|Internet Service Provider (ISP)|Hosting and Cloud Provider
198303,Enterprise,"Real Estate (Residential and/or Commercial)|Print Media (Newspapers, Magazines, Books)|Service|Law, Business, and Consulting Services"
34464,ISP,Not Validating RPKI ROV|Computer and Information Technology|Hosting and Cloud Provider|Internet Service Provider (ISP)
34467,Other,"Civil Engineering Construction (Utility Lines, Roads and Bridges)|Buildings (Residential or Commercial)|Construction and Real Estate|Validating RPKI ROV"
34470,ISP,"Construction and Real Estate|Not Validating RPKI ROV|Civil Engineering Construction (Utility Lines, Roads and Bridges)|Buildings (Residential or Commercial)"
198310,ISP,"Computer and Information Technology|Buildings, Repair, Maintenance (Pest Control, Landscaping, Cleaning, Locksmiths, Car Washes, etc)|Internet Service Provider (ISP)|Service"
34479,ISP,Not Validating RPKI ROV|Computer and Information Technology|Internet Service Provider (ISP)|Eyeball
198324,Other,"Print Media (Newspapers, Magazines, Books)|Civil Engineering Construction (Utility Lines, Roads and Bridges)|Media, Publishing, and Broadcasting|Retail Stores, Wholesale, and E-commerce Sites"
34485,Other,"Phone Provider|Retail Stores, Wholesale, and E-commerce Sites|Computer and Information Technology"
34490,ISP,Computer and Information Technology|Internet Service Provider (ISP)|Phone Provider
198338,ISP,"Not Validating RPKI ROV|Hosting, Cloud Provider, Data Center, Server Colocation|Computer and Information Technology|Internet Service Provider (ISP)"
34500,Government,"Government and Regulatory Agencies, Administrations, Departments, and Services|Government and Public Administration"
34503,Eyeball,"Not Validating RPKI ROV|Freight, Shipment, and Postal Services|Manufacturing|Retail Stores, Wholesale, and E-commerce Sites"
34508,ISP,Computer and Information Technology|Not Validating RPKI ROV|Internet Service Provider (ISP)
198348,ISP,Not Validating RPKI ROV|Computer and Information Technology|Internet Service Provider (ISP)
198350,Other,"Clothing and Textiles|Retail Stores, Wholesale, and E-commerce Sites|Manufacturing|Clothing, Fashion, Luggage"
198354,Content/CDN,Software Development|Not Validating RPKI ROV|Hosting and Cloud Provider|Computer and Information Technology
34518,ISP,Eyeball|Not Validating RPKI ROV|Computer and Information Technology|Internet Service Provider (ISP)
34527,ISP,"Print Media (Newspapers, Magazines, Books)|Media, Publishing, and Broadcasting|Internet Service Provider (ISP)|Retail Stores, Wholesale, and E-commerce Sites"
34528,ISP,Service|Internet Service Provider (ISP)|Computer and Information Technology
198367,ISP,Eyeball|Not Validating RPKI ROV|Computer and Information Technology|Construction and Real Estate
198369,Content/CDN,"Computer and Information Technology|Hosting, Cloud Provider, Data Center, Server Colocation"
34533,ISP,Eyeball|Not Validating RPKI ROV|Internet Service Provider (ISP)|Computer and Information Technology
198384,Academic/Edu,"Not Validating RPKI ROV|Colleges, Universities, and Professional Schools|Education and Research|Academic"
34545,Content/CDN,Hosting and Cloud Provider|Computer and Information Technology|Software Development
34550,ISP,Eyeball|Not Validating RPKI ROV|Internet Service Provider (ISP)|Service
198390,Other,Finance and Insurance
34552,ISP,Computer and Information Technology|Internet Service Provider (ISP)
198396,ISP,Internet Service Provider (ISP)|Computer and Information Technology
34559,ISP,Internet Service Provider (ISP)|Computer and Information Technology
34561,ISP,Computer and Information Technology|Internet Service Provider (ISP)
198409,ISP,Computer and Information Technology|Internet Service Provider (ISP)
34573,ISP,Eyeball|Not Validating RPKI ROV|Computer and Information Technology|Software Development
34574,Content/CDN,Software Development|Hosting and Cloud Provider|Computer and Information Technology|Service
198415,Other,Construction and Real Estate|Buildings (Residential or Commercial)|Service
34580,ISP,Internet Service Provider (ISP)|Computer and Information Technology
34582,ISP,"Not Validating RPKI ROV|Buildings, Repair, Maintenance (Pest Control, Landscaping, Cleaning, Locksmiths, Car Washes, etc)|Buildings (Residential or Commercial)|Internet Service Provider (ISP)"
34584,ISP,Eyeball|Not Validating RPKI ROV|Internet Service Provider (ISP)|Phone Provider
34590,ISP,"Eyeball|Internet Service Provider (ISP)|Computer and Information Technology|Media, Publishing, and Broadcasting"
34597,Other,"Not Validating RPKI ROV|Electric Power Generation, Transmission, Distribution|Utilities (Excluding Internet Service)|Merchant Wholesalers"
198437,Other,"Not Validating RPKI ROV|Media, Publishing, and Broadcasting|Radio and Television Providers"
198438,ISP,Not Validating RPKI ROV|Internet Service Provider (ISP)|Computer and Information Technology|Hosting and Cloud Provider
34602,ISP,Eyeball|Computer and Information Technology|Internet Service Provider (ISP)|Home ISP
198445,Other,"Software Development|Finance and Insurance|Construction and Real Estate|Banks, Credit Card Companies, Mortgage Providers"
198449,Other,Travel and Accommodation|Air Travel
198456,ISP,Computer and Information Technology|Internet Service Provider (ISP)
34629,ISP,Eyeball|Not Validating RPKI ROV|Internet Service Provider (ISP)|Computer and Information Technology
34639,Enterprise,"Law, Business, and Consulting Services|Service"
198481,Other,"Not Validating RPKI ROV|Retail Stores, Wholesale, and E-commerce Sites|Finance and Insurance|Construction and Real Estate"
34642,ISP,Computer and Information Technology|Internet Service Provider (ISP)
34644,ISP,Eyeball|Internet Service Provider (ISP)|Computer and Information Technology|Phone Provider
34662,Other,"Finance and Insurance|Banks, Credit Card Companies, Mortgage Providers"
198502,Other,"Banks, Credit Card Companies, Mortgage Providers|Finance and Insurance|Investment, Portfolio Management, Pensions and Funds|Computer and Information Technology"
34665,ISP,Server Hosting|Not Validating RPKI ROV|Computer and Information Technology|Internet Service Provider (ISP)
34671,Other,"Retail Stores, Wholesale, and E-commerce Sites"
198515,ISP,Not Validating RPKI ROV|Internet Service Provider (ISP)|Computer and Information Technology
34682,Other,"Construction and Real Estate|Buildings (Residential or Commercial)|Civil Engineering Construction (Utility Lines, Roads and Bridges)|Trucking"
198523,Other,"Not Validating RPKI ROV|Civil Engineering Construction (Utility Lines, Roads and Bridges)|Utilities (Excluding Internet Service)|Buildings (Residential or Commercial)"
198526,ISP,"Internet Service Provider (ISP)|Retail Stores, Wholesale, and E-commerce Sites|Computer and Information Technology|Construction and Real Estate"
34687,Other,"Museums, Libraries, and Entertainment|Buildings (Residential or Commercial)|Civil Engineering Construction (Utility Lines, Roads and Bridges)|Construction and Real Estate"
34698,Other,"Not Validating RPKI ROV|Freight, Shipment, and Postal Services|Construction and Real Estate|Real Estate (Residential and/or Commercial)"
198539,ISP,Eyeball|Internet Service Provider (ISP)|Computer and Information Technology
198541,ISP,Eyeball|Not Validating RPKI ROV|Internet Service Provider (ISP)|Computer and Information Technology
198542,ISP,Computer and Information Technology|Internet Service Provider (ISP)|Software Development
34703,ISP,Internet Service Provider (ISP)|Computer and Information Technology|Eyeball
198544,Other,Community Groups and Nonprofits
34706,Academic/Edu,"Retail Stores, Wholesale, and E-commerce Sites|Education and Research|Research and Development Organizations"
34707,Academic/Edu,"Colleges, Universities, and Professional Schools|Media, Publishing, and Broadcasting|Print Media (Newspapers, Magazines, Books)|Elementary and Secondary Schools"
198546,Other,Not Validating RPKI ROV|Computer and Information Technology
34709,ISP,Construction and Real Estate|Not Validating RPKI ROV|Computer and Information Technology|Internet Service Provider (ISP)
198563,ISP,Not Validating RPKI ROV|Computer and Information Technology|Construction and Real Estate|Buildings (Residential or Commercial)
34739,Other,"Not Validating RPKI ROV|Buildings, Repair, Maintenance (Pest Control, Landscaping, Cleaning, Locksmiths, Car Washes, etc)|Electric Power Generation, Transmission, Distribution|Service"
198580,ISP,"Eyeball|Not Validating RPKI ROV|Retail Stores, Wholesale, and E-commerce Sites|Freight, Shipment, and Postal Services"
34747,ISP,Eyeball|Internet Service Provider (ISP)|Phone Provider|Computer and Information Technology
198592,ISP,"Not Validating RPKI ROV|Civil Engineering Construction (Utility Lines, Roads and Bridges)|Computer and Information Technology|Internet Service Provider (ISP)"
34757,ISP,Eyeball|Not Validating RPKI ROV|Internet Service Provider (ISP)|Computer and Information Technology
198598,Other,"Agriculture, Mining, and Refineries (Farming, Greenhouses, Mining, Forestry, and Animal Farming)|Chemical and Pharmaceutical Manufacturing|Manufacturing"
198602,ISP,Not Validating RPKI ROV|Computer and Information Technology|Internet Service Provider (ISP)|Phone Provider
198609,Other,"Finance and Insurance|Banks, Credit Card Companies, Mortgage Providers"
198610,ISP,Tranco 10k Host|Not Validating RPKI ROV|Service|Software Development
34771,ISP,"Eyeball|Not Validating RPKI ROV|Software Development|Retail Stores, Wholesale, and E-commerce Sites"
198615,ISP,"Not Validating RPKI ROV|Computer and Information Technology|Law, Business, and Consulting Services|Manufacturing"
198616,ISP,"Eyeball|Not Validating RPKI ROV|Print Media (Newspapers, Magazines, Books)|Media, Publishing, and Broadcasting"
34777,Other,"Agriculture, Mining, and Refineries (Farming, Greenhouses, Mining, Forestry, and Animal Farming)"
198618,ISP,"Internet Service Provider (ISP)|Service|Retail Stores, Wholesale, and E-commerce Sites|Banks, Credit Card Companies, Mortgage Providers"
198619,Content/CDN,"Not Validating RPKI ROV|Computer and Information Technology|Finance and Insurance|Banks, Credit Card Companies, Mortgage Providers"
34784,Eyeball,Not Validating RPKI ROV|Computer and Information Technology|Manufacturing|Education and Research
198626,Other,Postal Services and Couriers|Air Transportation|Construction and Real Estate|Buildings (Residential or Commercial)
198639,Other,"Not Validating RPKI ROV|Finance and Insurance|Real Estate (Residential and/or Commercial)|Retail Stores, Wholesale, and E-commerce Sites"
34802,Other,"Banks, Credit Card Companies, Mortgage Providers|Finance and Insurance"
198643,Other,Service
34804,ISP,Not Validating RPKI ROV|Computer and Information Technology|Internet Service Provider (ISP)|Eyeball
198645,Enterprise,"Freight, Shipment, and Postal Services|Postal Services and Couriers|Law, Business, and Consulting Services|Construction and Real Estate"
198654,Other,Service
34824,ISP,Not Validating RPKI ROV|Internet Service Provider (ISP)|Computer and Information Technology|Eyeball
198667,Content/CDN,"Hosting and Cloud Provider|Media, Publishing, and Broadcasting|Computer and Information Technology|Law, Business, and Consulting Services"
198669,ISP,Not Validating RPKI ROV|Eyeball|Computer and Information Technology|Internet Service Provider (ISP)
198670,ISP,Not Validating RPKI ROV|Internet Service Provider (ISP)|Hosting and Cloud Provider|Computer and Information Technology
34829,ISP,Computer and Information Technology|Not Validating RPKI ROV|Internet Service Provider (ISP)|Phone Provider
34832,ISP,Real Estate (Residential and/or Commercial)|Computer and Information Technology|Internet Service Provider (ISP)|Construction and Real Estate
198675,ISP,Computer and Information Technology|Not Validating RPKI ROV|Internet Service Provider (ISP)
34836,ISP,"Finance and Insurance|Freight, Shipment, and Postal Services|Retail Stores, Wholesale, and E-commerce Sites|Insurance Carriers and Agencies"
198677,ISP,Computer and Information Technology|Internet Service Provider (ISP)
34838,Academic/Edu,Not Validating RPKI ROV|Education and Research
198683,ISP,Not Validating RPKI ROV|Manufacturing|Internet Service Provider (ISP)|Software Development
34843,Enterprise,"Not Validating RPKI ROV|Computer and Information Technology|Service|Law, Business, and Consulting Services"
198688,ISP,"Computer and Network Security|Computer and Information Technology|Law, Business, and Consulting Services|Internet Service Provider (ISP)"
34849,Eyeball,"Not Validating RPKI ROV|Travel and Accommodation|Education and Research|Museums, Libraries, and Entertainment"
34851,ISP,"Human Rights and Social Advocacy (Human Rights, Environment and Wildlife Conservation, Other)|Finance and Insurance|Community Groups and Nonprofits|Insurance Carriers and Agencies"
198693,Other,"Computer and Information Technology|Finance and Insurance|Banks, Credit Card Companies, Mortgage Providers"
34853,Other,"Not Validating RPKI ROV|Construction and Real Estate|Chemical and Pharmaceutical Manufacturing|Agriculture, Mining, and Refineries (Farming, Greenhouses, Mining, Forestry, and Animal Farming)"
34855,ISP,"Internet Service Provider (ISP)|Service|Software Development|Retail Stores, Wholesale, and E-commerce Sites"
34858,ISP,"Civil Engineering Construction (Utility Lines, Roads and Bridges)|Not Validating RPKI ROV|Buildings (Residential or Commercial)|Retail Stores, Wholesale, and E-commerce Sites"
198700,Other,"Not Validating RPKI ROV|Machinery|Construction and Real Estate|Civil Engineering Construction (Utility Lines, Roads and Bridges)"
34862,Academic/Edu,"Human Rights and Social Advocacy (Human Rights, Environment and Wildlife Conservation, Other)|Government and Regulatory Agencies, Administrations, Departments, and Services|Hotels, Motels, Inns, Other Traveler Accommodation|Media, Publishing, and Broadcasting"
198705,Enterprise,"Banks, Credit Card Companies, Mortgage Providers|Service|Law, Business, and Consulting Services|Retail Stores, Wholesale, and E-commerce Sites"
34866,ISP,"Media, Publishing, and Broadcasting|Computer and Information Technology|Retail Stores, Wholesale, and E-commerce Sites|Internet Service Provider (ISP)"
34869,ISP,Not Validating RPKI ROV|Computer and Information Technology|Internet Service Provider (ISP)|Eyeball
198712,Other,Software Development|Computer and Information Technology
34874,ISP,"Computer and Information Technology|Internet Service Provider (ISP)|Retail Stores, Wholesale, and E-commerce Sites"
34875,ISP,Computer and Information Technology|Phone Provider|Internet Service Provider (ISP)
198715,ISP,Not Validating RPKI ROV|Insurance Carriers and Agencies|Finance and Insurance
198716,ISP,"Not Validating RPKI ROV|Service|Software Development|Retail Stores, Wholesale, and E-commerce Sites"
198718,ISP,"Internet Service Provider (ISP)|Media, Publishing, and Broadcasting|Computer and Information Technology|Service"
34879,Other,"Tranco 10k Host|Buildings, Repair, Maintenance (Pest Control, Landscaping, Cleaning, Locksmiths, Car Washes, etc)|Civil Engineering Construction (Utility Lines, Roads and Bridges)|Service"
34881,Other,"Agriculture, Mining, and Refineries (Farming, Greenhouses, Mining, Forestry, and Animal Farming)"
34887,ISP,"Eyeball|Validating RPKI ROV|Internet Service Provider (ISP)|Retail Stores, Wholesale, and E-commerce Sites"
198728,Enterprise,"Service|Law, Business, and Consulting Services|Computer and Information Technology"
34892,ISP,Eyeball|Not Validating RPKI ROV|Computer and Information Technology|Internet Service Provider (ISP)
34894,ISP,Phone Provider|Internet Service Provider (ISP)|Computer and Information Technology
34896,ISP,Not Validating RPKI ROV|Eyeball|Internet Service Provider (ISP)|Computer and Information Technology
34901,ISP,Not Validating RPKI ROV|Education and Research|Software Development|Hosting and Cloud Provider
198755,ISP,Internet Service Provider (ISP)|Not Validating RPKI ROV|Computer and Information Technology
2148,ISP,Validating RPKI ROV|Computer and Information Technology|Internet Service Provider (ISP)
198757,ISP,"Computer and Information Technology|Media, Publishing, and Broadcasting|Law, Business, and Consulting Services|Retail Stores, Wholesale, and E-commerce Sites"
198758,ISP,"Not Validating RPKI ROV|Real Estate (Residential and/or Commercial)|Service|Buildings, Repair, Maintenance (Pest Control, Landscaping, Cleaning, Locksmiths, Car Washes, etc)"
198762,Enterprise,"Banks, Credit Card Companies, Mortgage Providers|Service|Law, Business, and Consulting Services|Finance and Insurance"
34925,ISP,"Music and Video Industry|Internet Service Provider (ISP)|Media, Publishing, and Broadcasting|Computer and Information Technology"
198769,ISP,Computer and Information Technology|Internet Service Provider (ISP)
198770,ISP,"Computer and Information Technology|Hosting, Cloud Provider, Data Center, Server Colocation|Service|Law, Business, and Consulting Services"
198774,ISP,Not Validating RPKI ROV|Computer and Information Technology|Internet Service Provider (ISP)
198778,Other,"Not Validating RPKI ROV|Buildings, Repair, Maintenance (Pest Control, Landscaping, Cleaning, Locksmiths, Car Washes, etc)|Service"
34944,Academic/Edu,"Other Schools, Instruction, and Exam Preparation (Trade Schools, Art Schools, Driving Instruction, etc.)|Construction and Real Estate|Real Estate (Residential and/or Commercial)|Retail Stores, Wholesale, and E-commerce Sites"
198791,ISP,"Museums, Libraries, and Entertainment|Law, Business, and Consulting Services|Service|Computer and Information Technology"
198793,ISP,Home ISP
34959,Content/CDN,"Tranco 10k Host|Service|Hosting, Cloud Provider, Data Center, Server Colocation|Technology Consulting Services"
198806,Other,"Agriculture, Mining, and Refineries (Farming, Greenhouses, Mining, Forestry, and Animal Farming)"
198809,Unknown,
34974,ISP,Phone Provider|Not Validating RPKI ROV|Computer and Information Technology|Internet Service Provider (ISP)
34975,ISP,"Freight, Shipment, and Postal Services|Not Validating RPKI ROV|Manufacturing|Internet Service Provider (ISP)"
198816,ISP,"Not Validating RPKI ROV|Radio and Television Providers|Media, Publishing, and Broadcasting|Computer and Information Technology"
198817,Other,Not Validating RPKI ROV|Travel and Accommodation|Air Travel
198819,Other,"Freight, Shipment, and Postal Services|Construction and Real Estate|Buildings (Residential or Commercial)|Trucking"
198821,Other,"Not Validating RPKI ROV|Banks, Credit Card Companies, Mortgage Providers|Buildings (Residential or Commercial)|Finance and Insurance"
34990,ISP,"Not Validating RPKI ROV|Media, Publishing, and Broadcasting|Machinery|Computer and Information Technology"
198832,ISP,Not Validating RPKI ROV|Internet Service Provider (ISP)|Computer and Information Technology|Eyeball
198833,Other,"Retail Stores, Wholesale, and E-commerce Sites|Freight, Shipment, and Postal Services"
34998,Other,"Finance and Insurance|Banks, Credit Card Companies, Mortgage Providers"
35000,ISP,Eyeball|Not Validating RPKI ROV|Computer and Information Technology|Internet Service Provider (ISP)
198842,Other,"Civil Engineering Construction (Utility Lines, Roads and Bridges)|Buildings (Residential or Commercial)|Food, Grocery, Beverages|Retail Stores, Wholesale, and E-commerce Sites"
198844,Content/CDN,"Search|Government and Regulatory Agencies, Administrations, Departments, and Services|Buildings (Residential or Commercial)|Government and Public Administration"
35005,ISP,Internet Service Provider (ISP)|Computer and Information Technology
35013,Other,"Finance and Insurance|Banks, Credit Card Companies, Mortgage Providers"
198856,Other,"Chemical and Pharmaceutical Manufacturing|Metal, Glass, Wood, and Paper Manufacturing|Manufacturing"
35018,ISP,Not Validating RPKI ROV|Internet Service Provider (ISP)|Computer and Information Technology
198861,Enterprise,"Law, Business, and Consulting Services|Service"
35021,Other,"Software Development|Finance and Insurance|Investment, Portfolio Management, Pensions and Funds|Computer and Information Technology"
35022,Other,Not Validating RPKI ROV|Community Groups and Nonprofits
35025,Eyeball,Eyeball|Not Validating RPKI ROV|Construction and Real Estate|Buildings (Residential or Commercial)
35026,Other,"Construction and Real Estate|Not Validating RPKI ROV|Civil Engineering Construction (Utility Lines, Roads and Bridges)|Buildings, Repair, Maintenance (Pest Control, Landscaping, Cleaning, Locksmiths, Car Washes, etc)"
35032,ISP,Eyeball|Not Validating RPKI ROV|Internet Service Provider (ISP)|Computer and Information Technology
198873,ISP,"Law, Business, and Consulting Services|Real Estate (Residential and/or Commercial)|Service|Finance and Insurance"
35035,ISP,Not Validating RPKI ROV|Internet Service Provider (ISP)|Computer and Information Technology
198877,Other,"Not Validating RPKI ROV|Civil Engineering Construction (Utility Lines, Roads and Bridges)|Postal Services and Couriers|Utilities (Excluding Internet Service)"
35048,ISP,"Content|Law, Business, and Consulting Services|Service|Internet Service Provider (ISP)"
198899,Other,"Not Validating RPKI ROV|Human Rights and Social Advocacy (Human Rights, Environment and Wildlife Conservation, Other)|Buildings (Residential or Commercial)|Community Groups and Nonprofits"
198918,ISP,"Computer and Information Technology|Not Validating RPKI ROV|Internet Service Provider (ISP)|Media, Publishing, and Broadcasting"
35078,ISP,Phone Provider|Computer and Information Technology|Internet Service Provider (ISP)
35083,ISP,"Not Validating RPKI ROV|Computer and Information Technology|Internet Service Provider (ISP)|Freight, Shipment, and Postal Services"
35087,ISP,"Computer and Information Technology|Not Validating RPKI ROV|Real Estate (Residential and/or Commercial)|Banks, Credit Card Companies, Mortgage Providers"
198929,Other,"Service|Construction and Real Estate|Computer and Information Technology|Civil Engineering Construction (Utility Lines, Roads and Bridges)"
198932,Other,"Machinery|Construction and Real Estate|Buildings, Repair, Maintenance (Pest Control, Landscaping, Cleaning, Locksmiths, Car Washes, etc)|Buildings (Residential or Commercial)"
198933,Other,"Retail Stores, Wholesale, and E-commerce Sites|Agriculture, Mining, and Refineries (Farming, Greenhouses, Mining, Forestry, and Animal Farming)"
35102,Other,"Finance and Insurance|Banks, Credit Card Companies, Mortgage Providers"
198947,ISP,Computer and Information Technology|Internet Service Provider (ISP)
198953,Academic/Edu,"Service|Software Development|Retail Stores, Wholesale, and E-commerce Sites|Education and Research"
198955,ISP,Insurance Carriers and Agencies|Finance and Insurance|Computer and Information Technology|Internet Service Provider (ISP)
35119,Other,"Construction and Real Estate|Buildings (Residential or Commercial)|Agriculture, Mining, and Refineries (Farming, Greenhouses, Mining, Forestry, and Animal Farming)"
198960,Other,"Retail Stores, Wholesale, and E-commerce Sites|Clothing and Textiles|Manufacturing|Clothing, Fashion, Luggage"
35125,ISP,Eyeball|Not Validating RPKI ROV|Phone Provider|Internet Service Provider (ISP)
35129,ISP,"Internet Service Provider (ISP)|Retail Stores, Wholesale, and E-commerce Sites|Computer and Information Technology|Construction and Real Estate"
198973,Other,"Retail Stores, Wholesale, and E-commerce Sites|Manufacturing|Clothing, Fashion, Luggage|Clothing and Textiles"
198974,Other,"Clothing, Fashion, Luggage|Clothing and Textiles|Retail Stores, Wholesale, and E-commerce Sites|Manufacturing"
198976,ISP,Computer and Information Technology|Internet Service Provider (ISP)|Phone Provider
35138,ISP,Not Validating RPKI ROV|Computer and Information Technology|Internet Service Provider (ISP)
35140,ISP,"Eyeball|Not Validating RPKI ROV|Print Media (Newspapers, Magazines, Books)|Retail Stores, Wholesale, and E-commerce Sites"
35154,ISP,Eyeball|Not Validating RPKI ROV|Computer and Information Technology|Internet Service Provider (ISP)
199000,Other,"Service|Media, Publishing, and Broadcasting"
35162,Eyeball,"Print Media (Newspapers, Magazines, Books)|Finance and Insurance|Media, Publishing, and Broadcasting|Retail Stores, Wholesale, and E-commerce Sites"
199002,ISP,Internet Service Provider (ISP)|Computer and Information Technology
35165,ISP,"Eyeball|Not Validating RPKI ROV|Computer and Information Technology|Law, Business, and Consulting Services"
199007,ISP,Internet Service Provider (ISP)|Computer and Information Technology|Hosting and Cloud Provider
199008,ISP,"Eyeball|Not Validating RPKI ROV|Internet Service Provider (ISP)|Media, Publishing, and Broadcasting"
199009,ISP,"Computer and Information Technology|Personal Care and Lifestyle (Barber Shops, Nail Salons, Diet Centers, Laundry, etc)|Internet Service Provider (ISP)|Service"
199010,Other,"Food, Grocery, Beverages|Retail Stores, Wholesale, and E-commerce Sites|Travel and Accommodation|Freight, Shipment, and Postal Services"
199014,Other,"Not Validating RPKI ROV|Construction and Real Estate|Civil Engineering Construction (Utility Lines, Roads and Bridges)"
35177,ISP,Phone Provider|Not Validating RPKI ROV|Computer and Information Technology|Internet Service Provider (ISP)
35178,ISP,"Electronics and Computer Components|Freight, Shipment, and Postal Services|Computer and Information Technology|Trucking"
199020,Eyeball,"Eyeball|Not Validating RPKI ROV|Retail Stores, Wholesale, and E-commerce Sites"
199021,Other,"Not Validating RPKI ROV|Retail Stores, Wholesale, and E-commerce Sites|Freight, Shipment, and Postal Services"
199022,Other,"Food, Grocery, Beverages|Retail Stores, Wholesale, and E-commerce Sites|Construction and Real Estate|Buildings (Residential or Commercial)"
199024,Other,"Food, Beverage, and Tobacco|Manufacturing|Food, Grocery, Beverages|Retail Stores, Wholesale, and E-commerce Sites"
199032,Other,"Banks, Credit Card Companies, Mortgage Providers|Finance and Insurance"
35195,Other,"Not Validating RPKI ROV|Construction and Real Estate|Buildings (Residential or Commercial)|Civil Engineering Construction (Utility Lines, Roads and Bridges)"
199040,Other,"Agriculture, Mining, and Refineries (Farming, Greenhouses, Mining, Forestry, and Animal Farming)|Construction and Real Estate|Buildings (Residential or Commercial)|Civil Engineering Construction (Utility Lines, Roads and Bridges)"
199049,ISP,Computer and Information Technology|Internet Service Provider (ISP)
199054,ISP,Computer and Information Technology|Internet Service Provider (ISP)
199063,Other,"Food, Beverage, and Tobacco|Trucking|Retail Stores, Wholesale, and E-commerce Sites|Food, Grocery, Beverages"
199067,ISP,Education and Research|Internet Service Provider (ISP)|Hosting and Cloud Provider|Service
199070,Enterprise,"Service|Computer and Information Technology|Law, Business, and Consulting Services"
199072,Other,Construction and Real Estate|Not Validating RPKI ROV|Real Estate (Residential and/or Commercial)|Chemical and Pharmaceutical Manufacturing
35237,Enterprise,Corporate/Enterprise|Software Development|Finance and Insurance|Computer and Information Technology
199078,ISP,Internet Service Provider (ISP)|Computer and Information Technology
35239,ISP,Not Validating RPKI ROV|Internet Service Provider (ISP)|Hosting and Cloud Provider|Construction and Real Estate
199080,Other,"Finance and Insurance|Banks, Credit Card Companies, Mortgage Providers"
199085,Other,"Manufacturing|Electronics and Computer Components|Civil Engineering Construction (Utility Lines, Roads and Bridges)|Buildings (Residential or Commercial)"
35246,Enterprise,"Law, Business, and Consulting Services|Computer and Information Technology|Service"
199093,Academic/Edu,"Education and Research|Colleges, Universities, and Professional Schools|Academic"
199096,ISP,"Service|Not Validating RPKI ROV|Law, Business, and Consulting Services|Print Media (Newspapers, Magazines, Books)"
35257,Enterprise,"Law, Business, and Consulting Services|Software Development|Service|Retail Stores, Wholesale, and E-commerce Sites"
199110,ISP,Internet Service Provider (ISP)|Computer and Information Technology
35271,ISP,Eyeball|Not Validating RPKI ROV|Computer and Information Technology|Internet Service Provider (ISP)
199112,Other,Software Development|Computer and Information Technology
35273,Content/CDN,Not Validating RPKI ROV|Hosting and Cloud Provider|Computer and Information Technology
35278,ISP,"Tranco 10k Host|Not Validating RPKI ROV|Buildings, Repair, Maintenance (Pest Control, Landscaping, Cleaning, Locksmiths, Car Washes, etc)|Internet Service Provider (ISP)"
199119,ISP,"Retail Stores, Wholesale, and E-commerce Sites|Computer and Information Technology|Internet Service Provider (ISP)"
199120,Other,"Civil Engineering Construction (Utility Lines, Roads and Bridges)|Buildings (Residential or Commercial)|Agriculture, Mining, and Refineries (Farming, Greenhouses, Mining, Forestry, and Animal Farming)|Construction and Real Estate"
199126,Other,"Banks, Credit Card Companies, Mortgage Providers|Finance and Insurance"
35287,ISP,Computer and Information Technology|Internet Service Provider (ISP)
35295,ISP,VPN Host|Computer and Information Technology|Internet Service Provider (ISP)|Hosting and Cloud Provider
199136,Other,"Retail Stores, Wholesale, and E-commerce Sites|Agriculture, Mining, and Refineries (Farming, Greenhouses, Mining, Forestry, and Animal Farming)"
35298,ISP,Eyeball|Internet Service Provider (ISP)|Computer and Information Technology
35301,Enterprise,"Service|Law, Business, and Consulting Services"
35304,Other,"Passenger Transit (Car, Bus, Taxi, Subway)|Freight, Shipment, and Postal Services"
199145,Eyeball,"Not Validating RPKI ROV|Retail Stores, Wholesale, and E-commerce Sites|Eyeball"
199146,Enterprise,"Law, Business, and Consulting Services|Service"
199148,Government,"Validating RPKI ROV|Government and Public Administration|Government and Regulatory Agencies, Administrations, Departments, and Services|Health Care Services"
199153,ISP,Computer and Information Technology|Internet Service Provider (ISP)
199161,Other,"Machinery|Freight, Shipment, and Postal Services|Construction and Real Estate|Civil Engineering Construction (Utility Lines, Roads and Bridges)"
199179,Other,"Freight, Shipment, and Postal Services|Retail Stores, Wholesale, and E-commerce Sites|Trucking|Passenger Transit (Car, Bus, Taxi, Subway)"
2585,ISP,"Not Validating RPKI ROV|Construction and Real Estate|Computer and Information Technology|Retail Stores, Wholesale, and E-commerce Sites"
35354,Enterprise,"Not Validating RPKI ROV|Computer and Information Technology|Law, Business, and Consulting Services|Service"
2587,ISP,Not Validating RPKI ROV|Internet Service Provider (ISP)|Hosting and Cloud Provider|Research and Development Organizations
199194,Other,"Retail Stores, Wholesale, and E-commerce Sites"
2599,ISP,IPv6 only|Computer and Information Technology|Phone Provider|Internet Service Provider (ISP)
35374,ISP,Internet Service Provider (ISP)|Not Validating RPKI ROV|Computer and Information Technology
199214,ISP,"Not Validating RPKI ROV|Computer and Information Technology|Internet Service Provider (ISP)|Museums, Libraries, and Entertainment"
35377,ISP,"Computer and Information Technology|Construction and Real Estate|Civil Engineering Construction (Utility Lines, Roads and Bridges)|Buildings (Residential or Commercial)"
35381,ISP,Eyeball|Not Validating RPKI ROV|Computer and Information Technology|Internet Service Provider (ISP)
35387,Academic/Edu,"Not Validating RPKI ROV|Education and Research|Travel and Accommodation|Museums, Libraries, and Entertainment"
35389,ISP,Computer and Information Technology|Phone Provider|Internet Service Provider (ISP)
35400,ISP,Phone Provider|Computer and Information Technology|Internet Service Provider (ISP)
35401,ISP,"Eyeball|Internet Service Provider (ISP)|Retail Stores, Wholesale, and E-commerce Sites|Real Estate (Residential and/or Commercial)"
2643,ISP,Validating RPKI ROV|Internet Service Provider (ISP)|Computer and Information Technology
199253,ISP,"Media, Publishing, and Broadcasting|Music and Video Industry|Internet Service Provider (ISP)|Computer and Information Technology"
199259,Other,"Not Validating RPKI ROV|Retail Stores, Wholesale, and E-commerce Sites|Freight, Shipment, and Postal Services|Trucking"
35420,ISP,"Service|Not Validating RPKI ROV|Internet Service Provider (ISP)|Law, Business, and Consulting Services"
199261,ISP,Computer and Information Technology|Computer and Network Security|Internet Service Provider (ISP)|Hosting and Cloud Provider
199264,Eyeball,"Retail Stores, Wholesale, and E-commerce Sites|Food, Grocery, Beverages|Eyeball"
199274,ISP,Construction and Real Estate|Finance and Insurance|Computer and Information Technology|Real Estate (Residential and/or Commercial)
199278,Academic/Edu,"Retail Stores, Wholesale, and E-commerce Sites|Education and Research|Manufacturing|Chemical and Pharmaceutical Manufacturing"
199280,ISP,"Manufacturing|Clothing, Fashion, Luggage|Internet Service Provider (ISP)|Electronics and Computer Components"
199287,ISP,Computer and Information Technology|Internet Service Provider (ISP)
2683,ISP,Carrier|Validating RPKI ROV|Academic|Computer and Information Technology
35455,Enterprise,"Not Validating RPKI ROV|Finance and Insurance|Law, Business, and Consulting Services|Banks, Credit Card Companies, Mortgage Providers"
199295,Other,Service
35469,Other,"Finance and Insurance|Banks, Credit Card Companies, Mortgage Providers"
35473,ISP,Internet Service Provider (ISP)|Computer and Information Technology
199314,Other,"Banks, Credit Card Companies, Mortgage Providers|Finance and Insurance"
35475,ISP,Computer and Information Technology|Internet Service Provider (ISP)|Home ISP|Eyeball
199316,Enterprise,"Not Validating RPKI ROV|Computer and Information Technology|Law, Business, and Consulting Services|Service"
199317,Other,"Civil Engineering Construction (Utility Lines, Roads and Bridges)|Buildings (Residential or Commercial)|Construction and Real Estate|Motor Vehicles and Parts"
35479,Enterprise,"Print Media (Newspapers, Magazines, Books)|Media, Publishing, and Broadcasting|Law, Business, and Consulting Services|Service"
199320,ISP,"Electronics and Computer Components|Machinery|Construction and Real Estate|Civil Engineering Construction (Utility Lines, Roads and Bridges)"
35508,ISP,Computer and Information Technology|Internet Service Provider (ISP)
35511,ISP,"Internet Service Provider (ISP)|Clothing, Fashion, Luggage|Computer and Information Technology|Retail Stores, Wholesale, and E-commerce Sites"
35516,ISP,Internet Service Provider (ISP)|Computer and Information Technology|Phone Provider
199361,ISP,Internet Service Provider (ISP)|Hosting and Cloud Provider|Computer and Information Technology
35522,ISP,Internet Service Provider (ISP)|Computer and Information Technology
35526,ISP,"Service|Not Validating RPKI ROV|Media, Publishing, and Broadcasting|Retail Stores, Wholesale, and E-commerce Sites"
35527,ISP,"Media, Publishing, and Broadcasting|Buildings (Residential or Commercial)|Computer and Information Technology|Online Informational Content"
35531,ISP,Computer and Information Technology|Phone Provider|Internet Service Provider (ISP)
35533,ISP,Not Validating RPKI ROV|Internet Service Provider (ISP)|Computer and Information Technology
2766,ISP,IPv6 only|Computer and Information Technology|Phone Provider|Internet Service Provider (ISP)
199377,Other,"Food, Beverage, and Tobacco|Retail Stores, Wholesale, and E-commerce Sites|Agriculture, Mining, and Refineries (Farming, Greenhouses, Mining, Forestry, and Animal Farming)|Manufacturing"
35539,ISP,Eyeball|Not Validating RPKI ROV|Computer and Information Technology|Internet Service Provider (ISP)
199394,Academic/Edu,Education and Research|Service|Research and Development Organizations
35558,ISP,Internet Service Provider (ISP)|Not Validating RPKI ROV|Computer and Information Technology
35564,ISP,"Service|Law, Business, and Consulting Services|Banks, Credit Card Companies, Mortgage Providers|Computer and Information Technology"
35569,ISP,Internet Service Provider (ISP)|Hosting and Cloud Provider|Computer and Information Technology|VPN Host
35571,ISP,"Retail Stores, Wholesale, and E-commerce Sites|Construction and Real Estate|Civil Engineering Construction (Utility Lines, Roads and Bridges)|Computer and Information Technology"
35572,ISP,"Service|Internet Service Provider (ISP)|Retail Stores, Wholesale, and E-commerce Sites|Computer and Information Technology"
35580,Other,"Agriculture, Mining, and Refineries (Farming, Greenhouses, Mining, Forestry, and Animal Farming)|Manufacturing|Freight, Shipment, and Postal Services|Retail Stores, Wholesale, and E-commerce Sites"
199420,Other,Not Validating RPKI ROV|Software Development|Computer and Information Technology
199424,Other,"Computer and Information Technology|Retail Stores, Wholesale, and E-commerce Sites"
199425,Other,"Media, Publishing, and Broadcasting|Online Informational Content"
199427,ISP,"Computer and Information Technology|Hosting and Cloud Provider|Internet Service Provider (ISP)|Retail Stores, Wholesale, and E-commerce Sites"
199430,Other,"Trucking|Retail Stores, Wholesale, and E-commerce Sites|Freight, Shipment, and Postal Services|Agriculture, Mining, and Refineries (Farming, Greenhouses, Mining, Forestry, and Animal Farming)"
35591,ISP,Not Validating RPKI ROV|Internet Service Provider (ISP)|Computer and Information Technology
35598,ISP,Eyeball|Computer and Information Technology|Internet Service Provider (ISP)|Home ISP
199445,Content/CDN,"Electronics and Computer Components|Computer and Information Technology|Hosting, Cloud Provider, Data Center, Server Colocation|Manufacturing"
35608,ISP,"Internet Service Provider (ISP)|Not Validating RPKI ROV|Computer and Information Technology|Retail Stores, Wholesale, and E-commerce Sites"
2848,Eyeball,"Eyeball|Not Validating RPKI ROV|Education and Research|Colleges, Universities, and Professional Schools"
199458,Content/CDN,"Service|Hosting, Cloud Provider, Data Center, Server Colocation|Computer and Information Technology|Law, Business, and Consulting Services"
2854,ISP,Computer and Information Technology|Not Validating RPKI ROV|Internet Service Provider (ISP)
199463,Other,"Finance and Insurance|Banks, Credit Card Companies, Mortgage Providers"
35631,ISP,Internet Service Provider (ISP)|Computer and Information Technology
199472,ISP,Hosting and Cloud Provider|Internet Service Provider (ISP)|Electronics and Computer Components|Software Development
199479,ISP,"Internet Service Provider (ISP)|Online Music and Video Streaming Services|Media, Publishing, and Broadcasting|Computer and Information Technology"
35640,ISP,Eyeball|Not Validating RPKI ROV|Computer and Information Technology|Internet Service Provider (ISP)
35641,ISP,Computer and Information Technology|Internet Service Provider (ISP)
2875,ISP,Validating RPKI ROV|Internet Service Provider (ISP)|Computer and Information Technology|Eyeball
35644,Content/CDN,"Service|Freight, Shipment, and Postal Services|Computer and Information Technology|Hosting and Cloud Provider"
35645,ISP,Eyeball|Not Validating RPKI ROV|Construction and Real Estate|Service
2878,ISP,Internet Service Provider (ISP)|Computer and Information Technology|Phone Provider
35658,Academic/Edu,Service|Research and Development Organizations|Education and Research
199502,ISP,Computer and Information Technology|Internet Service Provider (ISP)
2895,ISP,Internet Service Provider (ISP)|Validating RPKI ROV|Computer and Information Technology
199514,Other,Service
199521,Other,"Not Validating RPKI ROV|Retail Stores, Wholesale, and E-commerce Sites"
35683,Other,"Finance and Insurance|Banks, Credit Card Companies, Mortgage Providers"
199530,ISP,"Not Validating RPKI ROV|Internet Service Provider (ISP)|Software Development|Media, Publishing, and Broadcasting"
199537,Other,"Not Validating RPKI ROV|Finance and Insurance|Banks, Credit Card Companies, Mortgage Providers|Computer and Information Technology"
199546,ISP,Computer and Information Technology|Internet Service Provider (ISP)|Hosting and Cloud Provider|Service
199549,Academic/Edu,"Automotive and Transportation|Retail Stores, Wholesale, and E-commerce Sites|Education and Research|Research and Development Organizations"
35723,ISP,Eyeball|Not Validating RPKI ROV|Computer and Information Technology|Internet Service Provider (ISP)
35728,ISP,Eyeball|Not Validating RPKI ROV|Home ISP|Computer and Information Technology
35730,ISP,Internet Service Provider (ISP)|Service|Hosting and Cloud Provider|Software Development
199572,ISP,"Computer and Information Technology|Construction and Real Estate|Retail Stores, Wholesale, and E-commerce Sites|Civil Engineering Construction (Utility Lines, Roads and Bridges)"
199576,Enterprise,"Computer and Information Technology|Law, Business, and Consulting Services|Service"
35738,Other,"Buildings, Repair, Maintenance (Pest Control, Landscaping, Cleaning, Locksmiths, Car Washes, etc)|Construction and Real Estate|Electronics and Computer Components|Machinery"
199580,Other,IPv6 only
199582,Other,"Retail Stores, Wholesale, and E-commerce Sites|Construction and Real Estate|Freight, Shipment, and Postal Services|Buildings (Residential or Commercial)"
199583,Academic/Edu,"Not Validating RPKI ROV|Education and Research|Elementary and Secondary Schools|Colleges, Universities, and Professional Schools"
199593,ISP,"Internet Service Provider (ISP)|Buildings (Residential or Commercial)|Computer and Information Technology|Civil Engineering Construction (Utility Lines, Roads and Bridges)"
35755,ISP,Hosting and Cloud Provider|Software Development|Internet Service Provider (ISP)|Real Estate (Residential and/or Commercial)
199599,ISP,Tranco 10k Host|Not Validating RPKI ROV|Internet Service Provider (ISP)|Computer and Information Technology
199602,Other,"Not Validating RPKI ROV|Retail Stores, Wholesale, and E-commerce Sites|Food, Beverage, and Tobacco|Food, Grocery, Beverages"
35764,Academic/Edu,Not Validating RPKI ROV|Service|Research and Development Organizations|Education and Research
35768,ISP,"Internet Service Provider (ISP)|Not Validating RPKI ROV|Agriculture, Mining, and Refineries (Farming, Greenhouses, Mining, Forestry, and Animal Farming)|Construction and Real Estate"
35769,Other,Community Groups and Nonprofits
35770,Other,"Freight, Shipment, and Postal Services|Retail Stores, Wholesale, and E-commerce Sites"
35774,Other,"Agriculture, Mining, and Refineries (Farming, Greenhouses, Mining, Forestry, and Animal Farming)|Construction and Real Estate|Civil Engineering Construction (Utility Lines, Roads and Bridges)|Buildings (Residential or Commercial)"
199619,ISP,"Retail Stores, Wholesale, and E-commerce Sites|Freight, Shipment, and Postal Services|Construction and Real Estate|Civil Engineering Construction (Utility Lines, Roads and Bridges)"
35780,ISP,Computer and Information Technology|Internet Service Provider (ISP)|Software Development
199621,ISP,Computer and Information Technology|Internet Service Provider (ISP)
199622,ISP,Internet Service Provider (ISP)|Computer and Information Technology
35783,ISP,Not Validating RPKI ROV|Computer and Information Technology|Internet Service Provider (ISP)
199624,ISP,Eyeball|Not Validating RPKI ROV|Internet Service Provider (ISP)|Computer and Information Technology
199623,ISP,Computer and Information Technology|Internet Service Provider (ISP)
199634,ISP,Not Validating RPKI ROV|Internet Service Provider (ISP)|Computer and Information Technology|Home ISP
199635,ISP,"Construction and Real Estate|Computer and Information Technology|Civil Engineering Construction (Utility Lines, Roads and Bridges)|Internet Service Provider (ISP)"
35802,Other,"Retail Stores, Wholesale, and E-commerce Sites"
35807,ISP,Eyeball|Not Validating RPKI ROV|Computer and Information Technology|Internet Service Provider (ISP)
199647,ISP,Computer and Information Technology|Internet Service Provider (ISP)
35810,ISP,Eyeball|Not Validating RPKI ROV|Computer and Information Technology|Internet Service Provider (ISP)
199651,Other,"Retail Stores, Wholesale, and E-commerce Sites"
35815,Eyeball,Eyeball|Not Validating RPKI ROV|Education and Research|Research and Development Organizations
35816,ISP,Eyeball|Not Validating RPKI ROV|Internet Service Provider (ISP)|Software Development
199658,Other,"Community Groups and Nonprofits|Human Rights and Social Advocacy (Human Rights, Environment and Wildlife Conservation, Other)|Computer and Information Technology"
35824,ISP,"Internet Service Provider (ISP)|Museums, Libraries, and Entertainment|Freight, Shipment, and Postal Services|Computer and Information Technology"
199664,ISP,Computer and Information Technology|Software Development|Internet Service Provider (ISP)
3058,Eyeball,"Not Validating RPKI ROV|Media, Publishing, and Broadcasting|Electronics and Computer Components|Research and Development Organizations"
199668,Other,Service
199669,ISP,Computer and Information Technology|Validating RPKI ROV|Internet Service Provider (ISP)
35830,Enterprise,"Law, Business, and Consulting Services|Service"
35835,Academic/Edu,"Media, Publishing, and Broadcasting|Education and Research|Research and Development Organizations"
199678,ISP,"Computer and Information Technology|Internet Service Provider (ISP)|Retail Stores, Wholesale, and E-commerce Sites|Media, Publishing, and Broadcasting"
199726,ISP,Internet Service Provider (ISP)|Computer and Information Technology
199728,Other,"Not Validating RPKI ROV|Real Estate (Residential and/or Commercial)|Retail Stores, Wholesale, and E-commerce Sites|Construction and Real Estate"
199730,Unknown,
199732,ISP,"Construction and Real Estate|Not Validating RPKI ROV|Civil Engineering Construction (Utility Lines, Roads and Bridges)|Internet Service Provider (ISP)"
3167,Other,"Retail Stores, Wholesale, and E-commerce Sites|Computer and Information Technology|Software Development"
3168,ISP,Eyeball|Not Validating RPKI ROV|Internet Service Provider (ISP)|Computer and Information Technology
199778,Other,"Chemical and Pharmaceutical Manufacturing|Metal, Glass, Wood, and Paper Manufacturing|Construction and Real Estate|Buildings (Residential or Commercial)"
199782,ISP,Buildings (Residential or Commercial)|Not Validating RPKI ROV|Computer and Information Technology|Construction and Real Estate
3175,ISP,Carrier|Validating RPKI ROV|Computer and Information Technology|Internet Service Provider (ISP)
3179,Other,"Civil Engineering Construction (Utility Lines, Roads and Bridges)|Construction and Real Estate|Water Supply and Irrigation|Utilities (Excluding Internet Service)"
3181,Other,"Print Media (Newspapers, Magazines, Books)|Service|Banks, Credit Card Companies, Mortgage Providers|Finance and Insurance"
199798,Content/CDN,Not Validating RPKI ROV|Hosting and Cloud Provider|Computer and Information Technology
3191,Government,"Not Validating RPKI ROV|Computer and Network Security|Military, Defense, National Security, and International Affairs|Government and Public Administration"
199805,Other,"Anycast|Construction and Real Estate|Real Estate (Residential and/or Commercial)|Civil Engineering Construction (Utility Lines, Roads and Bridges)"
3200,Other,"Finance and Insurance|Software Development|Service|Banks, Credit Card Companies, Mortgage Providers"
199809,ISP,"Software Development|Not Validating RPKI ROV|Retail Stores, Wholesale, and E-commerce Sites|Computer and Information Technology"
3203,Eyeball,"Eyeball|Validating RPKI ROV|Museums, Libraries, and Entertainment|Buildings, Repair, Maintenance (Pest Control, Landscaping, Cleaning, Locksmiths, Car Washes, etc)"
3205,Other,"Retail Stores, Wholesale, and E-commerce Sites|Manufacturing|Electronics and Computer Components|Freight, Shipment, and Postal Services"
199814,ISP,Hosting and Cloud Provider|Internet Service Provider (ISP)|Software Development|Phone Provider
199820,ISP,Internet Service Provider (ISP)|Computer and Information Technology|Eyeball
3216,ISP,Eyeball|Validating RPKI ROV|Computer and Information Technology|Internet Service Provider (ISP)
3218,Academic/Edu,"Colleges, Universities, and Professional Schools|Education and Research"
199827,ISP,Computer and Information Technology|Internet Service Provider (ISP)
199833,Eyeball,Not Validating RPKI ROV|Hosting and Cloud Provider|Computer and Information Technology|Eyeball
3226,ISP,Eyeball|Not Validating RPKI ROV|Computer and Information Technology|Internet Service Provider (ISP)
3227,Other,"Validating RPKI ROV|Service|Buildings (Residential or Commercial)|Buildings, Repair, Maintenance (Pest Control, Landscaping, Cleaning, Locksmiths, Car Washes, etc)"
3229,Enterprise,"Not Validating RPKI ROV|Software Development|Service|Retail Stores, Wholesale, and E-commerce Sites"
3235,ISP,Computer and Information Technology|Validating RPKI ROV|Internet Service Provider (ISP)|Phone Provider
3239,ISP,Computer and Information Technology|Phone Provider|Internet Service Provider (ISP)
199851,Unknown,
199858,Other,"Finance and Insurance|Banks, Credit Card Companies, Mortgage Providers"
199860,ISP,Internet Service Provider (ISP)|Computer and Information Technology
3253,ISP,Eyeball|Not Validating RPKI ROV|Computer and Information Technology|Phone Provider
199862,Enterprise,"Finance and Insurance|Computer and Information Technology|Service|Law, Business, and Consulting Services"
199866,Academic/Edu,Education and Research|Service
3267,Eyeball,"Eyeball|Not Validating RPKI ROV|Education and Research|Colleges, Universities, and Professional Schools"
3276,ISP,Not Validating RPKI ROV|Internet Service Provider (ISP)|Computer and Information Technology
3277,ISP,Computer and Information Technology|Internet Service Provider (ISP)
3284,ISP,Internet Service Provider (ISP)|Hosting and Cloud Provider|Software Development|Service
3285,ISP,"Software Development|Validating RPKI ROV|Law, Business, and Consulting Services|Computer and Information Technology"
3287,Other,Validating RPKI ROV|Computer and Information Technology
199901,ISP,"Freight, Shipment, and Postal Services|Construction and Real Estate|Computer and Information Technology|Civil Engineering Construction (Utility Lines, Roads and Bridges)"
199906,Academic/Edu,"Colleges, Universities, and Professional Schools|Education and Research"
199908,Other,Construction and Real Estate|Real Estate (Residential and/or Commercial)|Buildings (Residential or Commercial)
3312,ISP,Validating RPKI ROV|Computer and Information Technology|Internet Service Provider (ISP)
199922,ISP,Not Validating RPKI ROV|Insurance Carriers and Agencies|Finance and Insurance
3315,ISP,"Internet Service Provider (ISP)|Freight, Shipment, and Postal Services|Computer and Information Technology"
3316,ISP,Tranco 10k Host|Not Validating RPKI ROV|Computer and Information Technology|Internet Service Provider (ISP)
3325,Eyeball,"Eyeball|Not Validating RPKI ROV|Education and Research|Colleges, Universities, and Professional Schools"
199933,ISP,Internet Service Provider (ISP)|Not Validating RPKI ROV|Computer and Information Technology|Software Development
199940,Unknown,
3335,Eyeball,"Validating RPKI ROV|Education and Research|Elementary and Secondary Schools|Colleges, Universities, and Professional Schools"
199945,Other,Finance and Insurance
3343,Academic/Edu,"Validating RPKI ROV|Colleges, Universities, and Professional Schools|Education and Research|Academic"
199956,Enterprise,"Computer and Information Technology|Retail Stores, Wholesale, and E-commerce Sites|Law, Business, and Consulting Services|Service"
3351,ISP,"Not Validating RPKI ROV|Real Estate (Residential and/or Commercial)|Print Media (Newspapers, Magazines, Books)|Computer and Information Technology"
199961,Other,Computer and Information Technology
199966,ISP,Computer and Information Technology|Internet Service Provider (ISP)
199970,ISP,"Online Informational Content|Media, Publishing, and Broadcasting|Internet Service Provider (ISP)|Computer and Information Technology"
199975,Enterprise,"Not Validating RPKI ROV|Music and Video Industry|Law, Business, and Consulting Services|Service"
199991,Other,Not Validating RPKI ROV|Search|Computer and Information Technology
199992,Other,"Manufacturing|Chemical and Pharmaceutical Manufacturing|Freight, Shipment, and Postal Services"
200007,Other,Computer and Information Technology|Computer and Network Security
200015,ISP,"Internet Service Provider (ISP)|Media, Publishing, and Broadcasting|Software Development|Retail Stores, Wholesale, and E-commerce Sites"
200022,ISP,"Service|Human Rights and Social Advocacy (Human Rights, Environment and Wildlife Conservation, Other)|Community Groups and Nonprofits|Computer and Information Technology"
200035,Enterprise,"Buildings, Repair, Maintenance (Pest Control, Landscaping, Cleaning, Locksmiths, Car Washes, etc)|Passenger Transit (Car, Bus, Taxi, Subway)|Service|Law, Business, and Consulting Services"
200041,Other,"Banks, Credit Card Companies, Mortgage Providers|Finance and Insurance"
200044,ISP,Eyeball|Hosting and Cloud Provider|Internet Service Provider (ISP)|Computer and Information Technology
200048,Enterprise,"Passenger Transit (Car, Bus, Taxi, Subway)|Service|Freight, Shipment, and Postal Services|Law, Business, and Consulting Services"
200054,Other,"Finance and Insurance|Banks, Credit Card Companies, Mortgage Providers"
200065,Other,"Real Estate (Residential and/or Commercial)|Construction and Real Estate|Agriculture, Mining, and Refineries (Farming, Greenhouses, Mining, Forestry, and Animal Farming)|Buildings (Residential or Commercial)"
200066,ISP,"Not Validating RPKI ROV|Internet Service Provider (ISP)|Retail Stores, Wholesale, and E-commerce Sites|Computer and Information Technology"
200095,ISP,"Not Validating RPKI ROV|Media, Publishing, and Broadcasting|Print Media (Newspapers, Magazines, Books)|Computer and Information Technology"
200110,ISP,Computer and Information Technology|Internet Service Provider (ISP)
200120,Other,"Agriculture, Mining, and Refineries (Farming, Greenhouses, Mining, Forestry, and Animal Farming)"
200121,Content/CDN,Not Validating RPKI ROV|Hosting and Cloud Provider|Software Development|Service
200122,Other,"Computer and Information Technology|Construction and Real Estate|Civil Engineering Construction (Utility Lines, Roads and Bridges)"
200123,Other,"Retail Stores, Wholesale, and E-commerce Sites|Service|Print Media (Newspapers, Magazines, Books)|Media, Publishing, and Broadcasting"
200152,ISP,Internet Service Provider (ISP)|Software Development|Service|Hosting and Cloud Provider
200161,ISP,"Civil Engineering Construction (Utility Lines, Roads and Bridges)|Construction and Real Estate|Computer and Information Technology|Buildings (Residential or Commercial)"
200166,Other,"Manufacturing|Retail Stores, Wholesale, and E-commerce Sites|Buildings (Residential or Commercial)|Construction and Real Estate"
200172,Other,"Service|Civil Engineering Construction (Utility Lines, Roads and Bridges)|Buildings (Residential or Commercial)|Buildings, Repair, Maintenance (Pest Control, Landscaping, Cleaning, Locksmiths, Car Washes, etc)"
200175,Other,"Retail Stores, Wholesale, and E-commerce Sites|Agriculture, Mining, and Refineries (Farming, Greenhouses, Mining, Forestry, and Animal Farming)"
200210,Unknown,
200214,ISP,Internet Service Provider (ISP)|Computer and Information Technology
200215,Other,"Food, Grocery, Beverages|Retail Stores, Wholesale, and E-commerce Sites"
200219,Eyeball,"Hosting, Cloud Provider, Data Center, Server Colocation|Computer and Information Technology|Eyeball"
200235,Unknown,
200264,ISP,Computer and Information Technology|Internet Service Provider (ISP)
200285,Other,"Trucking|Retail Stores, Wholesale, and E-commerce Sites|Passenger Transit (Car, Bus, Taxi, Subway)|Freight, Shipment, and Postal Services"
200293,Other,"Online Informational Content|Media, Publishing, and Broadcasting"
200294,Government,"Government and Regulatory Agencies, Administrations, Departments, and Services|Government and Public Administration"
200302,ISP,Internet Service Provider (ISP)|Computer and Information Technology
200323,Academic/Edu,"Media, Publishing, and Broadcasting|Print Media (Newspapers, Magazines, Books)|Government and Public Administration|Community Groups and Nonprofits"
200328,Other,Not Validating RPKI ROV|Service
200340,ISP,Internet Service Provider (ISP)|Software Development|Computer and Information Technology
200341,Other,"Agriculture, Mining, and Refineries (Farming, Greenhouses, Mining, Forestry, and Animal Farming)|Utilities (Excluding Internet Service)|Electric Power Generation, Transmission, Distribution"
200350,ISP,Eyeball|Validating RPKI ROV|Internet Service Provider (ISP)|Service
200362,Content/CDN,"Retail Stores, Wholesale, and E-commerce Sites|Banks, Credit Card Companies, Mortgage Providers|Trucking|Finance and Insurance"
200364,ISP,"Not Validating RPKI ROV|Media, Publishing, and Broadcasting|Law, Business, and Consulting Services|Computer and Information Technology"
200389,Other,"Retail Stores, Wholesale, and E-commerce Sites|Freight, Shipment, and Postal Services|Manufacturing|Chemical and Pharmaceutical Manufacturing"
200390,Content/CDN,"Retail Stores, Wholesale, and E-commerce Sites|Computer and Information Technology|Software Development|Hosting and Cloud Provider"
200401,Other,"Real Estate (Residential and/or Commercial)|Construction and Real Estate|Banks, Credit Card Companies, Mortgage Providers|Retail Stores, Wholesale, and E-commerce Sites"
200420,ISP,"Service|Not Validating RPKI ROV|Internet Service Provider (ISP)|Buildings, Repair, Maintenance (Pest Control, Landscaping, Cleaning, Locksmiths, Car Washes, etc)"
200430,Other,"Computer and Network Security|Retail Stores, Wholesale, and E-commerce Sites|Software Development|Computer and Information Technology"
200441,Eyeball,Computer and Information Technology|Hosting and Cloud Provider|Eyeball
200442,Eyeball,Not Validating RPKI ROV|Software Development|Computer and Information Technology|Eyeball
200452,Other,"Not Validating RPKI ROV|Freight, Shipment, and Postal Services|Manufacturing|Trucking"
200453,Enterprise,"Law, Business, and Consulting Services|Service"
200457,Content/CDN,Hosting and Cloud Provider|Software Development|Service|Travel and Accommodation
200463,ISP,Not Validating RPKI ROV|Computer and Information Technology|Internet Service Provider (ISP)
200466,Content/CDN,Not Validating RPKI ROV|Computer and Information Technology|Hosting and Cloud Provider
200479,Content/CDN,"Not Validating RPKI ROV|Software Development|Hosting and Cloud Provider|Retail Stores, Wholesale, and E-commerce Sites"
200483,Enterprise,"Construction and Real Estate|Service|Computer and Information Technology|Law, Business, and Consulting Services"
200487,Content/CDN,Hosting and Cloud Provider|Not Validating RPKI ROV|Computer and Information Technology
200496,Government,"Not Validating RPKI ROV|Government and Public Administration|Government and Regulatory Agencies, Administrations, Departments, and Services"
200503,Other,"Automotive and Transportation|Machinery|Manufacturing|Retail Stores, Wholesale, and E-commerce Sites"
200505,Other,"Motor Vehicles and Parts|Retail Stores, Wholesale, and E-commerce Sites"
200513,ISP,Eyeball|Not Validating RPKI ROV|Construction and Real Estate|Real Estate (Residential and/or Commercial)
200515,Other,"Construction and Real Estate|Chemical and Pharmaceutical Manufacturing|Manufacturing|Civil Engineering Construction (Utility Lines, Roads and Bridges)"
200524,ISP,Internet Service Provider (ISP)|Computer and Information Technology
200551,Other,"Food, Grocery, Beverages|Freight, Shipment, and Postal Services|Electric Power Generation, Transmission, Distribution|Retail Stores, Wholesale, and E-commerce Sites"
200563,Content/CDN,Hosting and Cloud Provider|Computer and Information Technology
200575,Enterprise,"Law, Business, and Consulting Services|Banks, Credit Card Companies, Mortgage Providers|Finance and Insurance|Computer and Information Technology"
200579,Eyeball,Computer and Information Technology|Software Development|Eyeball
200593,ISP,Computer and Information Technology|Internet Service Provider (ISP)
200613,ISP,Not Validating RPKI ROV|Computer and Information Technology|Construction and Real Estate|Real Estate (Residential and/or Commercial)
200619,Other,"Finance and Insurance|Retail Stores, Wholesale, and E-commerce Sites|Banks, Credit Card Companies, Mortgage Providers"
200620,Unknown,
200622,Content/CDN,"Radio and Television Providers|Service|Museums, Libraries, and Entertainment|Media, Publishing, and Broadcasting"
200624,Other,"Retail Stores, Wholesale, and E-commerce Sites"
200627,Enterprise,"Service|Media, Publishing, and Broadcasting|Print Media (Newspapers, Magazines, Books)|Computer and Information Technology"
200634,Enterprise,"Law, Business, and Consulting Services|Computer and Information Technology|Service"
200637,ISP,Insurance Carriers and Agencies|Finance and Insurance|Computer and Information Technology
200643,Other,"Agriculture, Mining, and Refineries (Farming, Greenhouses, Mining, Forestry, and Animal Farming)|Civil Engineering Construction (Utility Lines, Roads and Bridges)|Construction and Real Estate|Buildings (Residential or Commercial)"
200644,ISP,Computer and Information Technology|Software Development|Hosting and Cloud Provider|Internet Service Provider (ISP)
200662,ISP,"Hosting and Cloud Provider|Computer and Information Technology|Retail Stores, Wholesale, and E-commerce Sites|Internet Service Provider (ISP)"
200663,ISP,Internet Service Provider (ISP)|Computer and Information Technology
200679,Academic/Edu,"Metal, Glass, Wood, and Paper Manufacturing|Chemical and Pharmaceutical Manufacturing|Manufacturing|Colleges, Universities, and Professional Schools"
200685,ISP,Computer and Information Technology|Internet Service Provider (ISP)
200686,Other,Hospitals and Medical Centers|Machinery|Health Care Services|Manufacturing
200687,Enterprise,"Real Estate (Residential and/or Commercial)|Retail Stores, Wholesale, and E-commerce Sites|Law, Business, and Consulting Services|Buildings (Residential or Commercial)"
200694,Enterprise,"Radio and Television Providers|Service|Investment, Portfolio Management, Pensions and Funds|Media, Publishing, and Broadcasting"
200697,ISP,Not Validating RPKI ROV|Computer and Information Technology|Internet Service Provider (ISP)|Eyeball
200702,Eyeball,Eyeball|Not Validating RPKI ROV|Education and Research
200722,ISP,"Print Media (Newspapers, Magazines, Books)|Retail Stores, Wholesale, and E-commerce Sites|Internet Service Provider (ISP)|Software Development"
200725,ISP,Internet Service Provider (ISP)|Hosting and Cloud Provider|Computer and Information Technology
200733,ISP,Computer and Information Technology|Internet Service Provider (ISP)
200734,Other,"Buildings, Repair, Maintenance (Pest Control, Landscaping, Cleaning, Locksmiths, Car Washes, etc)|Retail Stores, Wholesale, and E-commerce Sites|Service"
200743,Other,"Retail Stores, Wholesale, and E-commerce Sites|Buildings (Residential or Commercial)|Civil Engineering Construction (Utility Lines, Roads and Bridges)|Construction and Real Estate"
200762,Content/CDN,"Media, Publishing, and Broadcasting|Hosting and Cloud Provider|Software Development|Computer and Information Technology"
200778,Other,"Civil Engineering Construction (Utility Lines, Roads and Bridges)|Buildings (Residential or Commercial)|Utilities (Excluding Internet Service)|Electric Power Generation, Transmission, Distribution"
200802,Eyeball,"Eyeball|Not Validating RPKI ROV|Retail Stores, Wholesale, and E-commerce Sites|Freight, Shipment, and Postal Services"
200803,Content/CDN,"Not Validating RPKI ROV|Buildings (Residential or Commercial)|Civil Engineering Construction (Utility Lines, Roads and Bridges)|Phone Provider"
200812,ISP,"Construction and Real Estate|Computer and Information Technology|Civil Engineering Construction (Utility Lines, Roads and Bridges)|Internet Service Provider (ISP)"
200838,ISP,"Computer and Information Technology|Retail Stores, Wholesale, and E-commerce Sites|Internet Service Provider (ISP)"
200847,Other,"Banks, Credit Card Companies, Mortgage Providers|Finance and Insurance|Media, Publishing, and Broadcasting|Computer and Information Technology"
200897,Enterprise,"Service|Law, Business, and Consulting Services"
200902,Other,"Electronics and Computer Components|Manufacturing|Museums, Libraries, and Entertainment"
200907,Unknown,
200922,ISP,"Not Validating RPKI ROV|Retail Stores, Wholesale, and E-commerce Sites|Computer and Information Technology|Internet Service Provider (ISP)"
200926,Other,"Banks, Credit Card Companies, Mortgage Providers|Finance and Insurance"
200928,Other,"Computer and Information Technology|Museums, Libraries, and Entertainment"
200935,Other,"Freight, Shipment, and Postal Services|Retail Stores, Wholesale, and E-commerce Sites"
200938,ISP,Computer and Information Technology|Internet Service Provider (ISP)
200945,ISP,Computer and Information Technology|Internet Service Provider (ISP)
200953,ISP,"Not Validating RPKI ROV|Computer and Information Technology|Construction and Real Estate|Civil Engineering Construction (Utility Lines, Roads and Bridges)"
200954,Other,"Media, Publishing, and Broadcasting|Online Informational Content|IPv6 only"
200955,ISP,Not Validating RPKI ROV|Computer and Information Technology|Internet Service Provider (ISP)|Phone Provider
200976,Other,"Retail Stores, Wholesale, and E-commerce Sites|Museums, Libraries, and Entertainment|Clothing, Fashion, Luggage|Recreation, Sports, and Performing Arts"
200982,ISP,"Computer and Information Technology|Construction and Real Estate|Civil Engineering Construction (Utility Lines, Roads and Bridges)|Internet Service Provider (ISP)"
200988,ISP,Not Validating RPKI ROV|Internet Service Provider (ISP)|Computer and Information Technology
200993,Other,Content|Personal ASN|Validating RPKI ROV
201008,Academic/Edu,Computer and Information Technology|Education and Research|Research and Development Organizations|Software Development
201009,Other,"Retail Stores, Wholesale, and E-commerce Sites|Civil Engineering Construction (Utility Lines, Roads and Bridges)|Construction and Real Estate"
201012,Enterprise,"Tranco 10k Host|Not Validating RPKI ROV|Law, Business, and Consulting Services|Construction and Real Estate"
201016,Content/CDN,"Not Validating RPKI ROV|Media, Publishing, and Broadcasting|Finance and Insurance|Computer and Information Technology"
201018,Other,"Freight, Shipment, and Postal Services|Retail Stores, Wholesale, and E-commerce Sites|Manufacturing|Service"
201022,ISP,"Computer and Information Technology|Buildings (Residential or Commercial)|Construction and Real Estate|Retail Stores, Wholesale, and E-commerce Sites"
201037,Enterprise,"Media, Publishing, and Broadcasting|Freight, Shipment, and Postal Services|Print Media (Newspapers, Magazines, Books)|Law, Business, and Consulting Services"
201052,Other,"Computer and Information Technology|Media, Publishing, and Broadcasting|Print Media (Newspapers, Magazines, Books)"
201065,Other,"Freight, Shipment, and Postal Services|Retail Stores, Wholesale, and E-commerce Sites"
201069,ISP,Eyeball|Not Validating RPKI ROV|Computer and Information Technology|Internet Service Provider (ISP)
201083,ISP,"Internet Service Provider (ISP)|Computer and Information Technology|Museums, Libraries, and Entertainment"
201092,Other,"Freight, Shipment, and Postal Services|Construction and Real Estate|Real Estate (Residential and/or Commercial)|Civil Engineering Construction (Utility Lines, Roads and Bridges)"
201097,ISP,Finance and Insurance|Insurance Carriers and Agencies
201100,Enterprise,"Retail Stores, Wholesale, and E-commerce Sites|Freight, Shipment, and Postal Services|Motor Vehicles and Parts|Service"
201119,Other,"Retail Stores, Wholesale, and E-commerce Sites|Food, Grocery, Beverages"
201123,ISP,"Museums, Libraries, and Entertainment|Civil Engineering Construction (Utility Lines, Roads and Bridges)|Computer and Information Technology|Internet Service Provider (ISP)"
201135,Eyeball,"Not Validating RPKI ROV|Agriculture, Mining, and Refineries (Farming, Greenhouses, Mining, Forestry, and Animal Farming)|Service|Manufacturing"
201137,Content/CDN,"Freight, Shipment, and Postal Services|Computer and Information Technology|Passenger Transit (Car, Bus, Taxi, Subway)|Hosting and Cloud Provider"
201138,Other,Construction and Real Estate|Real Estate (Residential and/or Commercial)
201144,Content/CDN,Manufacturing|Hosting and Cloud Provider|Computer and Information Technology|Electronics and Computer Components
201147,ISP,Eyeball|Not Validating RPKI ROV|Computer and Information Technology|Internet Service Provider (ISP)
201151,ISP,"Not Validating RPKI ROV|Internet Service Provider (ISP)|Computer and Information Technology|Buildings, Repair, Maintenance (Pest Control, Landscaping, Cleaning, Locksmiths, Car Washes, etc)"
201181,Unknown,
201186,Content/CDN,"Hosting, Cloud Provider, Data Center, Server Colocation|Construction and Real Estate|Computer and Information Technology|Law, Business, and Consulting Services"
201193,Other,"Computer and Information Technology|Software Development|Retail Stores, Wholesale, and E-commerce Sites"
201195,ISP,"Computer and Information Technology|Internet Service Provider (ISP)|Investment, Portfolio Management, Pensions and Funds|Hosting and Cloud Provider"
201204,ISP,Computer and Information Technology|Internet Service Provider (ISP)
201211,ISP,"Eyeball|Not Validating RPKI ROV|Print Media (Newspapers, Magazines, Books)|Freight, Shipment, and Postal Services"
201224,Eyeball,Not Validating RPKI ROV|Software Development|Computer and Information Technology|Eyeball
201231,Content/CDN,Not Validating RPKI ROV|Computer and Information Technology|Hosting and Cloud Provider
201244,Other,"Real Estate (Residential and/or Commercial)|Banks, Credit Card Companies, Mortgage Providers|Construction and Real Estate|Finance and Insurance"
201247,Other,"Freight, Shipment, and Postal Services|Construction and Real Estate|Buildings (Residential or Commercial)|Civil Engineering Construction (Utility Lines, Roads and Bridges)"
201250,ISP,"Eyeball|Not Validating RPKI ROV|Internet Service Provider (ISP)|Civil Engineering Construction (Utility Lines, Roads and Bridges)"
201267,Other,"Museums, Libraries, and Entertainment|Media, Publishing, and Broadcasting|Print Media (Newspapers, Magazines, Books)|Libraries and Archives"
201268,ISP,Internet Service Provider (ISP)|Computer and Information Technology
201270,ISP,"Not Validating RPKI ROV|Computer and Information Technology|Civil Engineering Construction (Utility Lines, Roads and Bridges)|Construction and Real Estate"
201275,Enterprise,"Service|Metal, Glass, Wood, and Paper Manufacturing|Retail Stores, Wholesale, and E-commerce Sites|Law, Business, and Consulting Services"
201279,Content/CDN,"Retail Stores, Wholesale, and E-commerce Sites|Server Hosting"
201282,Eyeball,"Not Validating RPKI ROV|Chemical and Pharmaceutical Manufacturing|Retail Stores, Wholesale, and E-commerce Sites|Manufacturing"
201285,ISP,Not Validating RPKI ROV|Internet Service Provider (ISP)|Software Development|Computer and Information Technology
201294,ISP,"Not Validating RPKI ROV|Real Estate (Residential and/or Commercial)|Retail Stores, Wholesale, and E-commerce Sites|Computer and Information Technology"
201296,ISP,Not Validating RPKI ROV|Internet Service Provider (ISP)|Computer and Information Technology|Eyeball
201297,Other,"Retail Stores, Wholesale, and E-commerce Sites"
201298,ISP,"Electronics and Computer Components|Computer and Information Technology|Retail Stores, Wholesale, and E-commerce Sites|Internet Service Provider (ISP)"
201302,Other,"Manufacturing|Not Validating RPKI ROV|Electronics and Computer Components|Freight, Shipment, and Postal Services"
201312,Content/CDN,"Not Validating RPKI ROV|Hosting and Cloud Provider|Software Development|Retail Stores, Wholesale, and E-commerce Sites"
201368,ISP,Computer and Information Technology|Internet Service Provider (ISP)
201389,ISP,Internet Service Provider (ISP)|Computer and Information Technology
201394,Academic/Edu,"Research and Development Organizations|Retail Stores, Wholesale, and E-commerce Sites|Education and Research|Law, Business, and Consulting Services"
201414,ISP,Computer and Information Technology|Internet Service Provider (ISP)
201417,ISP,Internet Service Provider (ISP)|Computer and Information Technology|Hosting and Cloud Provider|Research and Development Organizations
201429,ISP,"Internet Service Provider (ISP)|Computer and Information Technology|Passenger Transit (Car, Bus, Taxi, Subway)|Freight, Shipment, and Postal Services"
201430,Other,"Banks, Credit Card Companies, Mortgage Providers|Finance and Insurance"
201443,ISP,Internet Service Provider (ISP)|Computer and Information Technology
201465,Other,"Retail Stores, Wholesale, and E-commerce Sites"
201468,ISP,Not Validating RPKI ROV|Hosting and Cloud Provider|Computer and Information Technology|Internet Service Provider (ISP)
201469,ISP,"Not Validating RPKI ROV|Service|Law, Business, and Consulting Services|Internet Service Provider (ISP)"
201475,Other,"Civil Engineering Construction (Utility Lines, Roads and Bridges)|Construction and Real Estate|Buildings (Residential or Commercial)|Service"
201477,ISP,"Not Validating RPKI ROV|Retail Stores, Wholesale, and E-commerce Sites|Computer and Information Technology|Manufacturing"
201495,ISP,"Eyeball|Internet Service Provider (ISP)|Computer and Information Technology|Media, Publishing, and Broadcasting"
201496,Other,"Food Services and Drinking Places|Retail Stores, Wholesale, and E-commerce Sites|Travel and Accommodation"
201498,ISP,Internet Service Provider (ISP)|Computer and Information Technology
201499,ISP,"Hosting and Cloud Provider|Service|Software Development|Retail Stores, Wholesale, and E-commerce Sites"
201511,Other,"Freight, Shipment, and Postal Services|Not Validating RPKI ROV|Retail Stores, Wholesale, and E-commerce Sites"
201512,Other,"Clothing, Fashion, Luggage|Retail Stores, Wholesale, and E-commerce Sites"
201513,Other,"Clothing, Fashion, Luggage|Retail Stores, Wholesale, and E-commerce Sites"
201515,Other,"Chemical and Pharmaceutical Manufacturing|Retail Stores, Wholesale, and E-commerce Sites|Manufacturing"
201551,ISP,"Not Validating RPKI ROV|Computer and Information Technology|Construction and Real Estate|Banks, Credit Card Companies, Mortgage Providers"
201555,Other,"Retail Stores, Wholesale, and E-commerce Sites"
201556,ISP,"Eyeball|Not Validating RPKI ROV|Retail Stores, Wholesale, and E-commerce Sites|Construction and Real Estate"
201564,Enterprise,"Finance and Insurance|Computer and Information Technology|Law, Business, and Consulting Services|Banks, Credit Card Companies, Mortgage Providers"
201570,ISP,"Not Validating RPKI ROV|Museums, Libraries, and Entertainment|Internet Service Provider (ISP)|Computer and Information Technology"
201571,Other,"Banks, Credit Card Companies, Mortgage Providers|Finance and Insurance"
201578,ISP,Not Validating RPKI ROV|Computer and Information Technology|Internet Service Provider (ISP)
201582,Other,"Not Validating RPKI ROV|Electronics and Computer Components|Retail Stores, Wholesale, and E-commerce Sites|Civil Engineering Construction (Utility Lines, Roads and Bridges)"
201588,ISP,Internet Service Provider (ISP)|Computer and Information Technology
201593,Eyeball,Eyeball|Not Validating RPKI ROV|Construction and Real Estate|Buildings (Residential or Commercial)
201606,Other,"Retail Stores, Wholesale, and E-commerce Sites"
201610,ISP,Internet Service Provider (ISP)|Computer and Information Technology
201624,ISP,Software Development|Not Validating RPKI ROV|Construction and Real Estate|Computer and Information Technology
201631,Other,"Retail Stores, Wholesale, and E-commerce Sites|Freight, Shipment, and Postal Services"
201643,ISP,Government|Software Development|Internet Service Provider (ISP)|Hosting and Cloud Provider
201646,ISP,"Civil Engineering Construction (Utility Lines, Roads and Bridges)|Construction and Real Estate|Computer and Information Technology|Internet Service Provider (ISP)"
201662,Other,"Finance and Insurance|Banks, Credit Card Companies, Mortgage Providers"
201669,Other,"Buildings (Residential or Commercial)|Civil Engineering Construction (Utility Lines, Roads and Bridges)|Retail Stores, Wholesale, and E-commerce Sites|Construction and Real Estate"
201677,Other,"Freight, Shipment, and Postal Services|Chemical and Pharmaceutical Manufacturing|Manufacturing|Retail Stores, Wholesale, and E-commerce Sites"
201706,Other,"Tranco 10k Host|Metal, Glass, Wood, and Paper Manufacturing|Manufacturing|Service"
201717,ISP,"Civil Engineering Construction (Utility Lines, Roads and Bridges)|Buildings (Residential or Commercial)|Internet Service Provider (ISP)|Retail Stores, Wholesale, and E-commerce Sites"
201721,Other,"Retail Stores, Wholesale, and E-commerce Sites|Travel and Accommodation|Computer and Information Technology"
201745,Other,"Search|Computer and Information Technology|Trucking|Media, Publishing, and Broadcasting"
201752,ISP,"Internet Service Provider (ISP)|Service|Law, Business, and Consulting Services|Computer and Information Technology"
201757,Other,"Banks, Credit Card Companies, Mortgage Providers|Finance and Insurance"
201774,Enterprise,"Service|Construction and Real Estate|Freight, Shipment, and Postal Services|Retail Stores, Wholesale, and E-commerce Sites"
201776,ISP,Eyeball|Not Validating RPKI ROV|Computer and Information Technology|Internet Service Provider (ISP)
201778,Academic/Edu,"Not Validating RPKI ROV|Education and Research|Colleges, Universities, and Professional Schools|Academic"
201781,Other,"Clothing, Fashion, Luggage|Service|Construction and Real Estate|Retail Stores, Wholesale, and E-commerce Sites"
201786,ISP,Internet Service Provider (ISP)|Computer and Information Technology
201788,Eyeball,"Electric Power Generation, Transmission, Distribution|Utilities (Excluding Internet Service)|Eyeball"
201792,Other,Computer and Information Technology
201794,Other,"Construction and Real Estate|Civil Engineering Construction (Utility Lines, Roads and Bridges)|Agriculture, Mining, and Refineries (Farming, Greenhouses, Mining, Forestry, and Animal Farming)|Buildings (Residential or Commercial)"
201797,Other,"Retail Stores, Wholesale, and E-commerce Sites"
201800,Other,"Validating RPKI ROV|Passenger Transit (Car, Bus, Taxi, Subway)|Water Transportation|Freight, Shipment, and Postal Services"
201804,ISP,Finance and Insurance|Community Groups and Nonprofits|Computer and Information Technology|Insurance Carriers and Agencies
201820,Other,"Construction and Real Estate|Freight, Shipment, and Postal Services|Buildings (Residential or Commercial)|Postal Services and Couriers"
201825,ISP,"Computer and Information Technology|Not Validating RPKI ROV|Civil Engineering Construction (Utility Lines, Roads and Bridges)|Buildings (Residential or Commercial)"
201826,ISP,Eyeball|Not Validating RPKI ROV|Internet Service Provider (ISP)|Software Development
201835,Other,"Retail Stores, Wholesale, and E-commerce Sites|Computer and Information Technology"
201839,Enterprise,"Law, Business, and Consulting Services|Computer and Information Technology|Software Development|Service"
201842,Academic/Edu,"Research and Development Organizations|Finance and Insurance|Banks, Credit Card Companies, Mortgage Providers|Education and Research"
201844,Eyeball,"Not Validating RPKI ROV|Chemical and Pharmaceutical Manufacturing|Automotive and Transportation|Metal, Glass, Wood, and Paper Manufacturing"
201848,ISP,Manufacturing|Hosting and Cloud Provider|Internet Service Provider (ISP)|Automotive and Transportation
201851,Enterprise,"Not Validating RPKI ROV|Finance and Insurance|Law, Business, and Consulting Services|Real Estate (Residential and/or Commercial)"
201858,ISP,"Not Validating RPKI ROV|Internet Service Provider (ISP)|Retail Stores, Wholesale, and E-commerce Sites|Construction and Real Estate"
201861,Academic/Edu,"Retail Stores, Wholesale, and E-commerce Sites|Education and Research|Other Schools, Instruction, and Exam Preparation (Trade Schools, Art Schools, Driving Instruction, etc.)|Clothing, Fashion, Luggage"
201874,Other,Manufacturing|Automotive and Transportation
201913,ISP,"Museums, Libraries, and Entertainment|Internet Service Provider (ISP)|Computer and Information Technology"
201914,Other,"Civil Engineering Construction (Utility Lines, Roads and Bridges)|Buildings (Residential or Commercial)|Retail Stores, Wholesale, and E-commerce Sites|Clothing, Fashion, Luggage"
201916,Content/CDN,"Service|Print Media (Newspapers, Magazines, Books)|Finance and Insurance|Media, Publishing, and Broadcasting"
201929,ISP,"Civil Engineering Construction (Utility Lines, Roads and Bridges)|Buildings (Residential or Commercial)|Electric Power Generation, Transmission, Distribution|Internet Service Provider (ISP)"
201945,ISP,Computer and Information Technology|Internet Service Provider (ISP)
201952,ISP,"Internet Service Provider (ISP)|Not Validating RPKI ROV|Buildings (Residential or Commercial)|Civil Engineering Construction (Utility Lines, Roads and Bridges)"
201956,ISP,"Law, Business, and Consulting Services|Service|Computer and Information Technology|Internet Service Provider (ISP)"
201970,Enterprise,"Law, Business, and Consulting Services|Service|Banks, Credit Card Companies, Mortgage Providers|Finance and Insurance"
201972,ISP,"Retail Stores, Wholesale, and E-commerce Sites|Internet Service Provider (ISP)|Computer and Information Technology"
201974,Other,Service
5386,Content/CDN,Research and Development Organizations|Validating RPKI ROV|Manufacturing|Education and Research
5387,ISP,Eyeball|Not Validating RPKI ROV|Internet Service Provider (ISP)|Computer and Information Technology
202000,Other,"Construction and Real Estate|Agriculture, Mining, and Refineries (Farming, Greenhouses, Mining, Forestry, and Animal Farming)|Manufacturing|Food, Beverage, and Tobacco"
202009,ISP,Computer and Information Technology|Internet Service Provider (ISP)
202011,ISP,"Not Validating RPKI ROV|Museums, Libraries, and Entertainment|Civil Engineering Construction (Utility Lines, Roads and Bridges)|Internet Service Provider (ISP)"
5429,ISP,Internet Service Provider (ISP)|Not Validating RPKI ROV|Computer and Information Technology
5431,Academic/Edu,Education and Research
5433,ISP,Not Validating RPKI ROV|Computer and Information Technology|Internet Service Provider (ISP)
202058,ISP,Computer and Information Technology|Internet Service Provider (ISP)|Phone Provider|Software Development
5461,ISP,Real Estate (Residential and/or Commercial)|Internet Service Provider (ISP)|Research and Development Organizations|Computer and Information Technology
202070,Other,"Not Validating RPKI ROV|Chemical and Pharmaceutical Manufacturing|Retail Stores, Wholesale, and E-commerce Sites|Agriculture, Mining, and Refineries (Farming, Greenhouses, Mining, Forestry, and Animal Farming)"
5467,ISP,Eyeball|Not Validating RPKI ROV|Internet Service Provider (ISP)|Computer and Information Technology
5468,Eyeball,"Not Validating RPKI ROV|Colleges, Universities, and Professional Schools|Education and Research|Academic"
202078,Other,"Not Validating RPKI ROV|Retail Stores, Wholesale, and E-commerce Sites|Food, Beverage, and Tobacco|Agriculture, Mining, and Refineries (Farming, Greenhouses, Mining, Forestry, and Animal Farming)"
202079,Academic/Edu,"Education and Research|Elementary and Secondary Schools|Real Estate (Residential and/or Commercial)|Retail Stores, Wholesale, and E-commerce Sites"
5473,Other,"Validating RPKI ROV|Buildings, Repair, Maintenance (Pest Control, Landscaping, Cleaning, Locksmiths, Car Washes, etc)|Real Estate (Residential and/or Commercial)|Buildings (Residential or Commercial)"
202082,ISP,Computer and Information Technology|Internet Service Provider (ISP)
5480,Academic/Edu,Academic|Not Validating RPKI ROV|Elementary and Secondary Schools|Education and Research
202091,Other,"Not Validating RPKI ROV|Retail Stores, Wholesale, and E-commerce Sites"
5495,Eyeball,"Eyeball|Not Validating RPKI ROV|Education and Research|Colleges, Universities, and Professional Schools"
202104,ISP,Not Validating RPKI ROV|Internet Service Provider (ISP)|Hosting and Cloud Provider|Computer and Information Technology
5514,Other,"Retail Stores, Wholesale, and E-commerce Sites|Buildings, Repair, Maintenance (Pest Control, Landscaping, Cleaning, Locksmiths, Car Washes, etc)|Service"
202127,Other,"Metal, Glass, Wood, and Paper Manufacturing|Manufacturing"
5523,ISP,Eyeball|Not Validating RPKI ROV|Computer and Information Technology|Internet Service Provider (ISP)
202136,Eyeball,"Not Validating RPKI ROV|Retail Stores, Wholesale, and E-commerce Sites|Travel and Accommodation|Food Services and Drinking Places"
5537,ISP,"VPN Host|Hosting and Cloud Provider|Internet Service Provider (ISP)|Media, Publishing, and Broadcasting"
202150,Other,"Buildings, Repair, Maintenance (Pest Control, Landscaping, Cleaning, Locksmiths, Car Washes, etc)|Manufacturing|Service|Electronics and Computer Components"
5543,ISP,IPv6 only|Computer and Information Technology|Internet Service Provider (ISP)
5547,ISP,"Eyeball|Not Validating RPKI ROV|Civil Engineering Construction (Utility Lines, Roads and Bridges)|Internet Service Provider (ISP)"
5548,Academic/Edu,"Validating RPKI ROV|Media, Publishing, and Broadcasting|Government and Public Administration|Print Media (Newspapers, Magazines, Books)"
202156,ISP,"Finance and Insurance|Banks, Credit Card Companies, Mortgage Providers|Insurance Carriers and Agencies|Investment, Portfolio Management, Pensions and Funds"
5553,Academic/Edu,Not Validating RPKI ROV|Education and Research|Online Informational Content|Elementary and Secondary Schools
202164,ISP,"Internet Service Provider (ISP)|Software Development|Retail Stores, Wholesale, and E-commerce Sites|Computer and Information Technology"
5563,ISP,Eyeball|Not Validating RPKI ROV|Internet Service Provider (ISP)|Computer and Information Technology
202173,ISP,Computer and Information Technology|Internet Service Provider (ISP)
5567,Eyeball,"Not Validating RPKI ROV|Agriculture, Mining, and Refineries (Farming, Greenhouses, Mining, Forestry, and Animal Farming)|Colleges, Universities, and Professional Schools|Education and Research"
5568,ISP,Computer and Information Technology|Validating RPKI ROV|Internet Service Provider (ISP)
5572,Eyeball,"Eyeball|Not Validating RPKI ROV|Retail Stores, Wholesale, and E-commerce Sites"
5573,ISP,Phone Provider|Validating RPKI ROV|Internet Service Provider (ISP)|Computer and Information Technology
202181,Other,"Banks, Credit Card Companies, Mortgage Providers|Investment, Portfolio Management, Pensions and Funds|Finance and Insurance"
5589,Other,"Banks, Credit Card Companies, Mortgage Providers|Finance and Insurance"
5591,ISP,Phone Provider|Internet Service Provider (ISP)|Computer and Information Technology
202202,Academic/Edu,"Service|Research and Development Organizations|Retail Stores, Wholesale, and E-commerce Sites|Electronics and Computer Components"
5598,ISP,Not Validating RPKI ROV|Internet Service Provider (ISP)|Computer and Information Technology
202216,Academic/Edu,"Service|Law Enforcement, Public Safety, and Justice|Government and Regulatory Agencies, Administrations, Departments, and Services|Government and Public Administration"
202234,ISP,Eyeball|Not Validating RPKI ROV|Hosting and Cloud Provider|Software Development
202248,Academic/Edu,Health Care Services|Research and Development Organizations|Education and Research|Hospitals and Medical Centers
202250,Other,"Freight, Shipment, and Postal Services"
202271,Academic/Edu,Research and Development Organizations|Education and Research|Community Groups and Nonprofits
202273,Content/CDN,"Hosting, Cloud Provider, Data Center, Server Colocation|Computer and Information Technology"
202279,ISP,Eyeball|Not Validating RPKI ROV|Internet Service Provider (ISP)|Computer and Information Technology
202289,ISP,Not Validating RPKI ROV|Computer and Information Technology|Internet Service Provider (ISP)|Eyeball
202290,ISP,Internet Service Provider (ISP)|Hosting and Cloud Provider|Computer and Information Technology
202317,Other,"Agriculture, Mining, and Refineries (Farming, Greenhouses, Mining, Forestry, and Animal Farming)"
202326,Other,Other
202342,Academic/Edu,"Media, Publishing, and Broadcasting|Print Media (Newspapers, Magazines, Books)|Boarding Houses, Dormitories, Workers’ Camps|Travel and Accommodation"
202344,Other,Software Development|Not Validating RPKI ROV|Computer and Information Technology
202378,Other,"Finance and Insurance|Banks, Credit Card Companies, Mortgage Providers"
202406,Other,Construction and Real Estate|Real Estate (Residential and/or Commercial)
202423,ISP,Computer and Information Technology|Not Validating RPKI ROV|Internet Service Provider (ISP)|Hosting and Cloud Provider
202432,Other,Other
202446,Other,"Construction and Real Estate|Buildings (Residential or Commercial)|Civil Engineering Construction (Utility Lines, Roads and Bridges)"
202486,ISP,"Computer and Information Technology|Not Validating RPKI ROV|Internet Service Provider (ISP)|Freight, Shipment, and Postal Services"
202493,Other,"Not Validating RPKI ROV|Civil Engineering Construction (Utility Lines, Roads and Bridges)|Buildings (Residential or Commercial)|Construction and Real Estate"
202497,Enterprise,"Not Validating RPKI ROV|Real Estate (Residential and/or Commercial)|Construction and Real Estate|Law, Business, and Consulting Services"
202498,ISP,"Eyeball|Not Validating RPKI ROV|Banks, Credit Card Companies, Mortgage Providers|Computer and Information Technology"
202501,ISP,Computer and Information Technology|Internet Service Provider (ISP)
202508,Enterprise,"Law, Business, and Consulting Services|Manufacturing|Service"
202510,Other,Computer and Information Technology
202533,Other,Software Development|Computer and Information Technology
202535,ISP,"Internet Service Provider (ISP)|Computer and Information Technology|Retail Stores, Wholesale, and E-commerce Sites"
202537,Enterprise,"Manufacturing|Service|Law, Business, and Consulting Services|Utilities (Excluding Internet Service)"
202542,Government,"Government and Regulatory Agencies, Administrations, Departments, and Services|Government and Public Administration"
202570,Other,Finance and Insurance
202576,Content/CDN,Hosting and Cloud Provider|Computer and Information Technology
202578,Other,Service
202594,ISP,Internet Service Provider (ISP)|Automotive and Transportation|Research and Development Organizations|Buildings (Residential or Commercial)
202599,ISP,Not Validating RPKI ROV|Internet Service Provider (ISP)|Computer and Information Technology
202611,ISP,Computer and Information Technology|Construction and Real Estate|Buildings (Residential or Commercial)|Internet Service Provider (ISP)
202619,ISP,Validating RPKI ROV|Computer and Information Technology|Internet Service Provider (ISP)
202629,Content/CDN,"Software Development|Computer and Information Technology|Buildings, Repair, Maintenance (Pest Control, Landscaping, Cleaning, Locksmiths, Car Washes, etc)|Hosting and Cloud Provider"
202633,Other,"Freight, Shipment, and Postal Services|Trucking"
202642,Other,"Real Estate (Residential and/or Commercial)|Freight, Shipment, and Postal Services|Water Transportation|Construction and Real Estate"
202645,ISP,Computer and Information Technology|Internet Service Provider (ISP)
202650,Other,Computer and Information Technology
202674,Other,"Construction and Real Estate|Civil Engineering Construction (Utility Lines, Roads and Bridges)"
202683,Academic/Edu,Education and Research
202689,Other,"Freight, Shipment, and Postal Services"
202696,Other,"Not Validating RPKI ROV|Retail Stores, Wholesale, and E-commerce Sites|Computer and Information Technology|Software Development"
202700,ISP,Not Validating RPKI ROV|Computer and Information Technology|Computer and Network Security|Internet Service Provider (ISP)
202717,Eyeball,"Eyeball|Not Validating RPKI ROV|Print Media (Newspapers, Magazines, Books)|Media, Publishing, and Broadcasting"
202752,ISP,"Civil Engineering Construction (Utility Lines, Roads and Bridges)|Education and Research|Research and Development Organizations|Internet Service Provider (ISP)"
38917,ISP,Eyeball|Not Validating RPKI ROV|Computer and Information Technology|Internet Service Provider (ISP)
202760,Content/CDN,"Not Validating RPKI ROV|Hosting and Cloud Provider|Food, Grocery, Beverages|Service"
38922,ISP,"Internet Service Provider (ISP)|Real Estate (Residential and/or Commercial)|Retail Stores, Wholesale, and E-commerce Sites|Construction and Real Estate"
202764,ISP,Hosting and Cloud Provider|Internet Service Provider (ISP)|Software Development|Real Estate (Residential and/or Commercial)
38928,ISP,"Service|Internet Service Provider (ISP)|Retail Stores, Wholesale, and E-commerce Sites|Law, Business, and Consulting Services"
202768,Other,"Not Validating RPKI ROV|Retail Stores, Wholesale, and E-commerce Sites"
202770,Other,"Print Media (Newspapers, Magazines, Books)|Media, Publishing, and Broadcasting"
38934,ISP,Eyeball|Internet Service Provider (ISP)|Computer and Information Technology
202778,Content/CDN,"Colleges, Universities, and Professional Schools|Computer and Information Technology|Education and Research|Software Development"
202781,ISP,"Internet Service Provider (ISP)|Software Development|Finance and Insurance|Accountants, Tax Preparers, Payroll Services"
38951,ISP,Phone Provider|Not Validating RPKI ROV|Internet Service Provider (ISP)|Computer and Information Technology
202795,ISP,Internet Service Provider (ISP)|Computer and Information Technology
38958,ISP,"Not Validating RPKI ROV|Construction and Real Estate|Buildings (Residential or Commercial)|Civil Engineering Construction (Utility Lines, Roads and Bridges)"
38959,Other,"Service|Retail Stores, Wholesale, and E-commerce Sites|Civil Engineering Construction (Utility Lines, Roads and Bridges)|Construction and Real Estate"
202800,Other,"Retail Stores, Wholesale, and E-commerce Sites|Construction and Real Estate|Real Estate (Residential and/or Commercial)|Service"
202801,ISP,"Banks, Credit Card Companies, Mortgage Providers|Finance and Insurance|Insurance Carriers and Agencies|Construction and Real Estate"
202802,Other,"Not Validating RPKI ROV|Food, Beverage, and Tobacco|Agriculture, Mining, and Refineries (Farming, Greenhouses, Mining, Forestry, and Animal Farming)|Manufacturing"
202804,ISP,Service|Computer and Information Technology|Software Development|Finance and Insurance
202806,Other,"Clothing, Fashion, Luggage|Retail Stores, Wholesale, and E-commerce Sites|Construction and Real Estate|Travel and Accommodation"
38971,Other,"Service|Retail Stores, Wholesale, and E-commerce Sites"
38972,ISP,Eyeball|Not Validating RPKI ROV|Construction and Real Estate|Computer and Information Technology
38974,Other,"Retail Stores, Wholesale, and E-commerce Sites|Clothing, Fashion, Luggage"
38976,ISP,Eyeball|Not Validating RPKI ROV|Home ISP|Internet Service Provider (ISP)
38978,ISP,Not Validating RPKI ROV|Computer and Information Technology|Internet Service Provider (ISP)
38984,ISP,Eyeball|Not Validating RPKI ROV|Computer and Network Security|Computer and Information Technology
38985,ISP,Computer and Information Technology|Phone Provider|Internet Service Provider (ISP)
202824,Other,"Utilities (Excluding Internet Service)|Electric Power Generation, Transmission, Distribution|Tranco 10k Host"
202832,Other,"Retail Stores, Wholesale, and E-commerce Sites|Computer and Information Technology|Museums, Libraries, and Entertainment|Recreation, Sports, and Performing Arts"
202835,Other,"Retail Stores, Wholesale, and E-commerce Sites|Construction and Real Estate|Civil Engineering Construction (Utility Lines, Roads and Bridges)|Buildings (Residential or Commercial)"
38996,ISP,Internet Service Provider (ISP)|Computer and Information Technology
202838,Other,"Construction and Real Estate|Not Validating RPKI ROV|Civil Engineering Construction (Utility Lines, Roads and Bridges)|Buildings (Residential or Commercial)"
39001,ISP,Eyeball|Internet Service Provider (ISP)|Computer and Information Technology
202852,Other,"Not Validating RPKI ROV|Buildings (Residential or Commercial)|Civil Engineering Construction (Utility Lines, Roads and Bridges)|Construction and Real Estate"
39028,ISP,Eyeball|Not Validating RPKI ROV|Internet Service Provider (ISP)|Music and Video Industry
202871,ISP,Not Validating RPKI ROV|Internet Service Provider (ISP)|Computer and Information Technology
39033,ISP,"Electronics and Computer Components|Construction and Real Estate|Computer and Information Technology|Civil Engineering Construction (Utility Lines, Roads and Bridges)"
39034,Other,"Museums, Libraries, and Entertainment"
202873,Content/CDN,Computer and Information Technology|Hosting and Cloud Provider
202880,ISP,"Hosting and Cloud Provider|Retail Stores, Wholesale, and E-commerce Sites|Computer and Information Technology|Internet Service Provider (ISP)"
39042,ISP,"Service|Internet Service Provider (ISP)|Retail Stores, Wholesale, and E-commerce Sites|Civil Engineering Construction (Utility Lines, Roads and Bridges)"
39045,ISP,Eyeball|Internet Service Provider (ISP)|Computer and Information Technology
39046,ISP,"Computer and Information Technology|Not Validating RPKI ROV|Museums, Libraries, and Entertainment|Internet Service Provider (ISP)"
39047,ISP,"Not Validating RPKI ROV|Buildings, Repair, Maintenance (Pest Control, Landscaping, Cleaning, Locksmiths, Car Washes, etc)|Internet Service Provider (ISP)|Freight, Shipment, and Postal Services"
39048,Other,"Clothing and Textiles|Manufacturing|Trucking|Freight, Shipment, and Postal Services"
39054,ISP,Phone Provider|Computer and Information Technology|Internet Service Provider (ISP)
39058,Other,"Not Validating RPKI ROV|Civil Engineering Construction (Utility Lines, Roads and Bridges)|Construction and Real Estate|Retail Stores, Wholesale, and E-commerce Sites"
39061,ISP,Not Validating RPKI ROV|Internet Service Provider (ISP)|Computer and Information Technology|Software Development
39068,ISP,"Not Validating RPKI ROV|Internet Service Provider (ISP)|Computer and Information Technology|Museums, Libraries, and Entertainment"
39073,ISP,"Not Validating RPKI ROV|Service|Media, Publishing, and Broadcasting|Internet Service Provider (ISP)"
39087,ISP,Eyeball|Not Validating RPKI ROV|Internet Service Provider (ISP)|Computer and Information Technology
39089,ISP,Internet Service Provider (ISP)|Computer and Information Technology
39092,Other,"Not Validating RPKI ROV|Agriculture, Mining, and Refineries (Farming, Greenhouses, Mining, Forestry, and Animal Farming)|Construction and Real Estate|Buildings (Residential or Commercial)"
39101,ISP,Computer and Information Technology|Not Validating RPKI ROV|Internet Service Provider (ISP)
39102,ISP,Eyeball|Not Validating RPKI ROV|Home ISP|Computer and Information Technology
202951,ISP,Computer and Information Technology|Internet Service Provider (ISP)
39113,ISP,"Computer and Information Technology|Service|Banks, Credit Card Companies, Mortgage Providers|Law, Business, and Consulting Services"
39119,ISP,"Trucking|Computer and Information Technology|Freight, Shipment, and Postal Services|Internet Service Provider (ISP)"
39121,Eyeball,Not Validating RPKI ROV|Construction and Real Estate|Computer and Information Technology|Service
202961,Other,"Retail Stores, Wholesale, and E-commerce Sites"
202963,Eyeball,"Service|Computer and Information Technology|Law, Business, and Consulting Services|Server Hosting"
39125,ISP,"Eyeball|Computer and Information Technology|Retail Stores, Wholesale, and E-commerce Sites|Internet Service Provider (ISP)"
39131,Academic/Edu,"Not Validating RPKI ROV|Colleges, Universities, and Professional Schools|Media, Publishing, and Broadcasting|Print Media (Newspapers, Magazines, Books)"
39134,Content/CDN,"VPN Host|Construction and Real Estate|Buildings (Residential or Commercial)|Museums, Libraries, and Entertainment"
202974,Other,"Retail Stores, Wholesale, and E-commerce Sites|Food, Grocery, Beverages"
39143,ISP,Internet Service Provider (ISP)|Computer and Information Technology
202984,ISP,Carrier|Not Validating RPKI ROV|Hosting and Cloud Provider|Internet Service Provider (ISP)
202985,ISP,Education and Research|Hosting and Cloud Provider|Internet Service Provider (ISP)|Research and Development Organizations
202989,Enterprise,"Civil Engineering Construction (Utility Lines, Roads and Bridges)|Construction and Real Estate|Law, Business, and Consulting Services|Buildings (Residential or Commercial)"
39153,ISP,Eyeball|Not Validating RPKI ROV|Internet Service Provider (ISP)|Computer and Information Technology
39154,Content/CDN,Computer and Information Technology|Hosting and Cloud Provider|Government
39156,ISP,"Internet Service Provider (ISP)|Not Validating RPKI ROV|Computer and Information Technology|Retail Stores, Wholesale, and E-commerce Sites"
202999,ISP,"Retail Stores, Wholesale, and E-commerce Sites|Freight, Shipment, and Postal Services|Eyeball|Internet Service Provider (ISP)"
39161,ISP,"Retail Stores, Wholesale, and E-commerce Sites|Civil Engineering Construction (Utility Lines, Roads and Bridges)|Buildings (Residential or Commercial)|Internet Service Provider (ISP)"
203004,ISP,Computer and Information Technology|Service|Software Development|Hosting and Cloud Provider
203006,ISP,Software Development|Service|Internet Service Provider (ISP)|Hosting and Cloud Provider
39167,Other,"Buildings (Residential or Commercial)|Freight, Shipment, and Postal Services|Civil Engineering Construction (Utility Lines, Roads and Bridges)|Construction and Real Estate"
39178,ISP,Internet Service Provider (ISP)|Computer and Information Technology
39186,Academic/Edu,Research and Development Organizations|Education and Research
39191,ISP,"Real Estate (Residential and/or Commercial)|Construction and Real Estate|Computer and Information Technology|Retail Stores, Wholesale, and E-commerce Sites"
203032,Academic/Edu,"Education and Research|Colleges, Universities, and Professional Schools"
203049,ISP,Computer and Information Technology|Internet Service Provider (ISP)
39229,ISP,IPv6 only|Computer and Information Technology|Phone Provider|Internet Service Provider (ISP)
39238,ISP,Computer and Information Technology|Internet Service Provider (ISP)
39240,ISP,Not Validating RPKI ROV|Computer and Information Technology|Internet Service Provider (ISP)
39248,ISP,"Not Validating RPKI ROV|Computer and Information Technology|Retail Stores, Wholesale, and E-commerce Sites|Software Development"
39252,Other,Automotive and Transportation|Manufacturing
203093,Other,"Construction and Real Estate|Chemical and Pharmaceutical Manufacturing|Agriculture, Mining, and Refineries (Farming, Greenhouses, Mining, Forestry, and Animal Farming)|Manufacturing"
39254,Other,"Finance and Insurance|Computer and Information Technology|Banks, Credit Card Companies, Mortgage Providers"
39256,ISP,Internet Service Provider (ISP)|Not Validating RPKI ROV|Computer and Information Technology|Eyeball
203097,Other,"Manufacturing|Food, Beverage, and Tobacco|Food, Grocery, Beverages|Retail Stores, Wholesale, and E-commerce Sites"
39264,ISP,Eyeball|Not Validating RPKI ROV|Internet Service Provider (ISP)|Computer and Information Technology
39266,ISP,"Not Validating RPKI ROV|Finance and Insurance|Health Care Services|Banks, Credit Card Companies, Mortgage Providers"
39267,ISP,"Retail Stores, Wholesale, and E-commerce Sites|Service|Internet Service Provider (ISP)|Software Development"
39269,Enterprise,"Service|Law, Business, and Consulting Services|Buildings (Residential or Commercial)|Construction and Real Estate"
203117,Content/CDN,Not Validating RPKI ROV|Hosting and Cloud Provider|Computer and Information Technology
203118,ISP,Hosting and Cloud Provider|Internet Service Provider (ISP)|Computer and Information Technology
39284,Other,"Buildings (Residential or Commercial)|Construction and Real Estate|Retail Stores, Wholesale, and E-commerce Sites"
39289,ISP,Internet Service Provider (ISP)|Computer and Information Technology|Eyeball
203131,Other,"Agriculture, Mining, and Refineries (Farming, Greenhouses, Mining, Forestry, and Animal Farming)"
39293,Eyeball,"Retail Stores, Wholesale, and E-commerce Sites|Real Estate (Residential and/or Commercial)|Construction and Real Estate|Eyeball"
39294,ISP,Computer and Information Technology|Not Validating RPKI ROV|Internet Service Provider (ISP)
203139,ISP,Internet Service Provider (ISP)|Computer and Information Technology
39303,Other,"Trucking|Freight, Shipment, and Postal Services|Retail Stores, Wholesale, and E-commerce Sites|Water Transportation"
39304,ISP,Computer and Information Technology|Internet Service Provider (ISP)
39317,ISP,"Electronics and Computer Components|Clothing, Fashion, Luggage|Computer and Information Technology|Retail Stores, Wholesale, and E-commerce Sites"
39321,Other,"Finance and Insurance|Banks, Credit Card Companies, Mortgage Providers|Computer and Information Technology|Investment, Portfolio Management, Pensions and Funds"
39323,Other,"Buildings (Residential or Commercial)|Civil Engineering Construction (Utility Lines, Roads and Bridges)|Construction and Real Estate"
203163,ISP,"Eyeball|Not Validating RPKI ROV|Freight, Shipment, and Postal Services|Retail Stores, Wholesale, and E-commerce Sites"
203169,ISP,Internet Service Provider (ISP)|Computer and Information Technology
203173,Enterprise,"Retail Stores, Wholesale, and E-commerce Sites|Law, Business, and Consulting Services|Service"
39337,ISP,"Computer and Information Technology|Law, Business, and Consulting Services|Service|Internet Service Provider (ISP)"
39350,Other,"Finance and Insurance|Banks, Credit Card Companies, Mortgage Providers"
203190,Academic/Edu,"Not Validating RPKI ROV|Service|Other Schools, Instruction, and Exam Preparation (Trade Schools, Art Schools, Driving Instruction, etc.)|Media, Publishing, and Broadcasting"
39360,Enterprise,"Clothing and Textiles|Not Validating RPKI ROV|Food, Beverage, and Tobacco|Buildings (Residential or Commercial)"
203203,Content/CDN,"Banks, Credit Card Companies, Mortgage Providers|Hosting and Cloud Provider|Finance and Insurance|Retail Stores, Wholesale, and E-commerce Sites"
39374,ISP,Computer and Information Technology|Internet Service Provider (ISP)|Phone Provider
39376,ISP,Computer and Information Technology|Not Validating RPKI ROV|Internet Service Provider (ISP)
39379,ISP,"Construction and Real Estate|Computer and Information Technology|Real Estate (Residential and/or Commercial)|Retail Stores, Wholesale, and E-commerce Sites"
39395,ISP,Internet Service Provider (ISP)|Computer and Information Technology
39406,ISP,"Not Validating RPKI ROV|Computer and Information Technology|Construction and Real Estate|Civil Engineering Construction (Utility Lines, Roads and Bridges)"
39407,ISP,Eyeball|Computer and Information Technology|Phone Provider|Internet Service Provider (ISP)
39408,Other,"Civil Engineering Construction (Utility Lines, Roads and Bridges)|Buildings (Residential or Commercial)|Construction and Real Estate"
203252,ISP,Internet Service Provider (ISP)|Service|Construction and Real Estate|Computer and Information Technology
39415,ISP,Internet Service Provider (ISP)|Computer and Information Technology|Tranco 10k Host
39424,ISP,Computer and Information Technology|Internet Service Provider (ISP)|Hosting and Cloud Provider|Software Development
39428,Other,"Finance and Insurance|Banks, Credit Card Companies, Mortgage Providers"
6662,ISP,"Radio and Television Providers|Computer and Information Technology|Internet Service Provider (ISP)|Media, Publishing, and Broadcasting"
203270,ISP,"Trucking|Internet Service Provider (ISP)|Electric Power Generation, Transmission, Distribution|Utilities (Excluding Internet Service)"
39434,ISP,Computer and Information Technology|Internet Service Provider (ISP)|Eyeball
39435,ISP,Eyeball|Not Validating RPKI ROV|Internet Service Provider (ISP)|Computer and Information Technology
6672,ISP,Internet Service Provider (ISP)|Validating RPKI ROV|Computer and Information Technology
39442,Eyeball,"Eyeball|Not Validating RPKI ROV|Computer and Information Technology|Retail Stores, Wholesale, and E-commerce Sites"
6679,ISP,Internet Service Provider (ISP)|Computer and Information Technology|Eyeball
203290,ISP,"Not Validating RPKI ROV|Trucking|Internet Service Provider (ISP)|Retail Stores, Wholesale, and E-commerce Sites"
6694,Other,"Banks, Credit Card Companies, Mortgage Providers|Not Validating RPKI ROV|Finance and Insurance|Retail Stores, Wholesale, and E-commerce Sites"
6699,Academic/Edu,"Government|Validating RPKI ROV|Research and Development Organizations|Colleges, Universities, and Professional Schools"
6704,Eyeball,"Validating RPKI ROV|Food, Beverage, and Tobacco|Manufacturing|Eyeball"
39476,Other,"Service|Buildings, Repair, Maintenance (Pest Control, Landscaping, Cleaning, Locksmiths, Car Washes, etc)"
203319,ISP,Internet Service Provider (ISP)|Computer and Information Technology
6719,Other,"Not Validating RPKI ROV|Construction and Real Estate|Buildings (Residential or Commercial)|Civil Engineering Construction (Utility Lines, Roads and Bridges)"
39488,ISP,Not Validating RPKI ROV|Computer and Information Technology|Internet Service Provider (ISP)|Eyeball
39493,ISP,Eyeball|Not Validating RPKI ROV|Computer and Information Technology|Internet Service Provider (ISP)
39494,ISP,VPN Host|Internet Service Provider (ISP)|Hosting and Cloud Provider|Computer and Information Technology
203337,Other,Construction and Real Estate|Service|Buildings (Residential or Commercial)
6731,ISP,Internet Service Provider (ISP)|Computer and Information Technology
39503,Academic/Edu,Academic|Not Validating RPKI ROV|Travel and Accommodation|Education and Research
203344,ISP,"Media, Publishing, and Broadcasting|Electronics and Computer Components|Retail Stores, Wholesale, and E-commerce Sites|Print Media (Newspapers, Magazines, Books)"
203353,Other,"Metal, Glass, Wood, and Paper Manufacturing|Manufacturing|Machinery|Buildings (Residential or Commercial)"
203359,ISP,Computer and Information Technology|Internet Service Provider (ISP)
39523,Other,"Not Validating RPKI ROV|Agriculture, Mining, and Refineries (Farming, Greenhouses, Mining, Forestry, and Animal Farming)"
6761,Enterprise,Phone Provider|Validating RPKI ROV|Finance and Insurance|Computer and Information Technology
39529,ISP,Eyeball|Not Validating RPKI ROV|Hosting and Cloud Provider|Computer and Information Technology
203371,Other,"Freight, Shipment, and Postal Services"
39539,Other,"Manufacturing|Metal, Glass, Wood, and Paper Manufacturing|Retail Stores, Wholesale, and E-commerce Sites"
203382,ISP,Internet Service Provider (ISP)|Computer and Information Technology
203387,ISP,"Eyeball|Not Validating RPKI ROV|Civil Engineering Construction (Utility Lines, Roads and Bridges)|Finance and Insurance"
39548,ISP,"Print Media (Newspapers, Magazines, Books)|Law, Business, and Consulting Services|Service|Civil Engineering Construction (Utility Lines, Roads and Bridges)"
203395,ISP,"Hosting and Cloud Provider|Civil Engineering Construction (Utility Lines, Roads and Bridges)|Internet Service Provider (ISP)|Computer and Information Technology"
6789,ISP,Eyeball|Not Validating RPKI ROV|Computer and Information Technology|Internet Service Provider (ISP)
39558,Other,Real Estate (Residential and/or Commercial)|Not Validating RPKI ROV|Service|Construction and Real Estate
39561,ISP,"Hosting and Cloud Provider|Computer and Information Technology|Retail Stores, Wholesale, and E-commerce Sites|Law, Business, and Consulting Services"
39562,ISP,Service|Software Development|Internet Service Provider (ISP)|Hosting and Cloud Provider
203401,Other,"Trucking|Freight, Shipment, and Postal Services"
203407,Other,"Postal Services and Couriers|Air Transportation|Retail Stores, Wholesale, and E-commerce Sites|Freight, Shipment, and Postal Services"
6801,ISP,Validating RPKI ROV|Computer and Information Technology|Internet Service Provider (ISP)
39575,Other,"Retail Stores, Wholesale, and E-commerce Sites|Clothing and Textiles|Clothing, Fashion, Luggage|Manufacturing"
39577,ISP,Eyeball|Not Validating RPKI ROV|Computer and Information Technology|Internet Service Provider (ISP)
39578,ISP,"Eyeball|Not Validating RPKI ROV|Freight, Shipment, and Postal Services|Manufacturing"
39580,Eyeball,"Buildings, Repair, Maintenance (Pest Control, Landscaping, Cleaning, Locksmiths, Car Washes, etc)|Hosting and Cloud Provider|Software Development|Service"
39585,Enterprise,"Service|Construction and Real Estate|Civil Engineering Construction (Utility Lines, Roads and Bridges)|Law, Business, and Consulting Services"
39586,ISP,Eyeball|Not Validating RPKI ROV|Phone Provider|Internet Service Provider (ISP)
6820,Eyeball,Eyeball|Computer and Information Technology|Hosting and Cloud Provider
39589,ISP,"Electric Power Generation, Transmission, Distribution|Natural Gas Distribution|Computer and Information Technology|Construction and Real Estate"
39593,ISP,"Computer and Information Technology|Media, Publishing, and Broadcasting|Radio and Television Providers|Internet Service Provider (ISP)"
39594,Other,Service
6828,ISP,Phone Provider|Computer and Information Technology|Internet Service Provider (ISP)
39604,ISP,Not Validating RPKI ROV|Computer and Information Technology|Internet Service Provider (ISP)
203444,Other,"Media, Publishing, and Broadcasting"
203451,ISP,Internet Service Provider (ISP)|Not Validating RPKI ROV|Real Estate (Residential and/or Commercial)|Buildings (Residential or Commercial)
6844,ISP,"Freight, Shipment, and Postal Services|Not Validating RPKI ROV|Internet Service Provider (ISP)|Computer and Information Technology"
39612,Other,"Retail Stores, Wholesale, and E-commerce Sites"
203454,ISP,Computer and Information Technology|Internet Service Provider (ISP)
203456,Other,"Media, Publishing, and Broadcasting|Retail Stores, Wholesale, and E-commerce Sites|Freight, Shipment, and Postal Services|Chemical and Pharmaceutical Manufacturing"
6850,ISP,Computer and Information Technology|Validating RPKI ROV|Internet Service Provider (ISP)
6854,ISP,Eyeball|Not Validating RPKI ROV|Computer and Information Technology|Internet Service Provider (ISP)
6856,ISP,Eyeball|Not Validating RPKI ROV|Computer and Information Technology|Internet Service Provider (ISP)
6858,ISP,Not Validating RPKI ROV|Computer and Information Technology|Internet Service Provider (ISP)|Carrier
6863,ISP,Eyeball|Not Validating RPKI ROV|Internet Service Provider (ISP)|Computer and Information Technology
39631,Content/CDN,"Not Validating RPKI ROV|Service|Print Media (Newspapers, Magazines, Books)|Law, Business, and Consulting Services"
203473,ISP,"Construction and Real Estate|Not Validating RPKI ROV|Civil Engineering Construction (Utility Lines, Roads and Bridges)|Computer and Information Technology"
6868,Eyeball,"Not Validating RPKI ROV|Colleges, Universities, and Professional Schools|Education and Research|Food, Beverage, and Tobacco"
6869,Academic/Edu,Education and Research
6870,Eyeball,Education and Research|Service|Research and Development Organizations|Eyeball
6874,Eyeball,Eyeball|Not Validating RPKI ROV|Education and Research|Buildings (Residential or Commercial)
6880,ISP,Research and Development Organizations|Construction and Real Estate|Computer and Information Technology|Education and Research
39652,Other,"Civil Engineering Construction (Utility Lines, Roads and Bridges)|Retail Stores, Wholesale, and E-commerce Sites|Construction and Real Estate|Manufacturing"
203492,ISP,"Retail Stores, Wholesale, and E-commerce Sites|Construction and Real Estate|Computer and Information Technology|Civil Engineering Construction (Utility Lines, Roads and Bridges)"
203493,Content/CDN,"Buildings, Repair, Maintenance (Pest Control, Landscaping, Cleaning, Locksmiths, Car Washes, etc)|Hosting and Cloud Provider|Software Development|Service"
203498,ISP,Internet Service Provider (ISP)|Real Estate (Residential and/or Commercial)|Computer and Information Technology|Construction and Real Estate
39660,ISP,Internet Service Provider (ISP)|Computer and Information Technology
203502,Other,"Real Estate (Residential and/or Commercial)|Construction and Real Estate|Retail Stores, Wholesale, and E-commerce Sites"
203509,Academic/Edu,"Not Validating RPKI ROV|Law, Business, and Consulting Services|Education and Research|Elementary and Secondary Schools"
203510,ISP,Electronics and Computer Components|Internet Service Provider (ISP)|Computer and Information Technology|Machinery
6903,ISP,VPN Host|Validating RPKI ROV|Computer and Information Technology|Hosting and Cloud Provider
203514,Other,"Freight, Shipment, and Postal Services|Construction and Real Estate|Real Estate (Residential and/or Commercial)|Service"
203517,Other,"Construction and Real Estate|Retail Stores, Wholesale, and E-commerce Sites|Buildings (Residential or Commercial)|Civil Engineering Construction (Utility Lines, Roads and Bridges)"
39678,Other,"Retail Stores, Wholesale, and E-commerce Sites"
39684,ISP,"Eyeball|Internet Service Provider (ISP)|Computer and Information Technology|Retail Stores, Wholesale, and E-commerce Sites"
203527,ISP,Not Validating RPKI ROV|Computer and Information Technology|Internet Service Provider (ISP)|Software Development
39688,Enterprise,"Not Validating RPKI ROV|Computer and Information Technology|Finance and Insurance|Banks, Credit Card Companies, Mortgage Providers"
203533,Other,"Food, Beverage, and Tobacco|Agriculture, Mining, and Refineries (Farming, Greenhouses, Mining, Forestry, and Animal Farming)|Manufacturing"
39697,Enterprise,"Law, Business, and Consulting Services|Civil Engineering Construction (Utility Lines, Roads and Bridges)|Buildings (Residential or Commercial)|Freight, Shipment, and Postal Services"
203542,Content/CDN,"Not Validating RPKI ROV|Buildings, Repair, Maintenance (Pest Control, Landscaping, Cleaning, Locksmiths, Car Washes, etc)|Hosting and Cloud Provider|Service"
39707,ISP,"Eyeball|Not Validating RPKI ROV|Freight, Shipment, and Postal Services|Civil Engineering Construction (Utility Lines, Roads and Bridges)"
39709,ISP,Eyeball|Not Validating RPKI ROV|Computer and Information Technology|Internet Service Provider (ISP)
203549,ISP,Not Validating RPKI ROV|Computer and Network Security|Computer and Information Technology|Internet Service Provider (ISP)
39711,Other,"Food, Beverage, and Tobacco|Manufacturing"
39713,Other,"Service|Retail Stores, Wholesale, and E-commerce Sites|Freight, Shipment, and Postal Services|Travel and Accommodation"
39718,ISP,Not Validating RPKI ROV|Internet Service Provider (ISP)|Computer and Information Technology|Software Development
203561,ISP,Internet Service Provider (ISP)|Real Estate (Residential and/or Commercial)|Construction and Real Estate|Computer and Information Technology
203563,ISP,Not Validating RPKI ROV|Computer and Information Technology|Computer and Network Security|Internet Service Provider (ISP)
203565,Content/CDN,"Hosting, Cloud Provider, Data Center, Server Colocation|Computer and Information Technology"
39728,ISP,Eyeball|Not Validating RPKI ROV|Internet Service Provider (ISP)|Computer and Information Technology
39735,ISP,"Eyeball|Computer and Information Technology|Media, Publishing, and Broadcasting|Radio and Television Providers"
39740,ISP,"Internet Service Provider (ISP)|Service|Law, Business, and Consulting Services|Retail Stores, Wholesale, and E-commerce Sites"
39741,ISP,"Internet Service Provider (ISP)|Computer and Information Technology|Retail Stores, Wholesale, and E-commerce Sites"
39749,ISP,"Retail Stores, Wholesale, and E-commerce Sites|Real Estate (Residential and/or Commercial)|Construction and Real Estate|Computer and Information Technology"
39751,Content/CDN,Computer and Information Technology|Hosting and Cloud Provider
203597,Eyeball,"Eyeball|Technology Consulting Services|Law, Business, and Consulting Services|Service"
203599,Other,"Finance and Insurance|Banks, Credit Card Companies, Mortgage Providers"
39775,Eyeball,Eyeball|Not Validating RPKI ROV|Software Development|Computer and Information Technology
39785,ISP,Eyeball|Not Validating RPKI ROV|Internet Service Provider (ISP)|Computer and Information Technology
203627,Other,"Agriculture, Mining, and Refineries (Farming, Greenhouses, Mining, Forestry, and Animal Farming)"
39789,Other,"Agriculture, Mining, and Refineries (Farming, Greenhouses, Mining, Forestry, and Animal Farming)|Manufacturing|Construction and Real Estate|Media, Publishing, and Broadcasting"
39799,ISP,Eyeball|Not Validating RPKI ROV|Computer and Information Technology|Internet Service Provider (ISP)
39805,ISP,"Computer and Information Technology|Radio and Television Providers|Internet Service Provider (ISP)|Media, Publishing, and Broadcasting"
39811,ISP,Eyeball|Not Validating RPKI ROV|Computer and Information Technology|Internet Service Provider (ISP)
39812,ISP,"Eyeball|Not Validating RPKI ROV|Computer and Information Technology|Retail Stores, Wholesale, and E-commerce Sites"
39818,Other,"Finance and Insurance|Banks, Credit Card Companies, Mortgage Providers"
39821,ISP,Internet Service Provider (ISP)|Not Validating RPKI ROV|Computer and Information Technology
203668,Enterprise,"Computer and Information Technology|Service|Law, Business, and Consulting Services|Food, Grocery, Beverages"
39843,ISP,"Electronics and Computer Components|Computer and Information Technology|Retail Stores, Wholesale, and E-commerce Sites|Internet Service Provider (ISP)"
39850,Other,"Banks, Credit Card Companies, Mortgage Providers|Finance and Insurance"
39853,Other,Service
203695,Eyeball,Not Validating RPKI ROV|Computer and Information Technology|Hosting and Cloud Provider|Eyeball
203697,Other,"Banks, Credit Card Companies, Mortgage Providers|Finance and Insurance"
39858,ISP,Eyeball|Not Validating RPKI ROV|Internet Service Provider (ISP)|Computer and Information Technology
203699,Enterprise,"Service|Law, Business, and Consulting Services|Computer and Information Technology"
39860,Other,"Construction and Real Estate|Civil Engineering Construction (Utility Lines, Roads and Bridges)|Buildings (Residential or Commercial)|Manufacturing"
39864,ISP,"Retail Stores, Wholesale, and E-commerce Sites|Construction and Real Estate|Civil Engineering Construction (Utility Lines, Roads and Bridges)|Computer and Information Technology"
203714,ISP,"Real Estate (Residential and/or Commercial)|Civil Engineering Construction (Utility Lines, Roads and Bridges)|Radio and Television Providers|Media, Publishing, and Broadcasting"
203725,Enterprise,"Media, Publishing, and Broadcasting|Print Media (Newspapers, Magazines, Books)|Law, Business, and Consulting Services|Service"
39901,Other,"Construction and Real Estate|Manufacturing|Civil Engineering Construction (Utility Lines, Roads and Bridges)|Buildings (Residential or Commercial)"
203746,ISP,"Computer and Information Technology|Media, Publishing, and Broadcasting|Retail Stores, Wholesale, and E-commerce Sites|Print Media (Newspapers, Magazines, Books)"
203747,ISP,"Construction and Real Estate|Buildings (Residential or Commercial)|Civil Engineering Construction (Utility Lines, Roads and Bridges)|Internet Service Provider (ISP)"
203748,Other,Finance and Insurance|IPv6 only
203749,ISP,Internet Service Provider (ISP)|Computer and Information Technology
203750,Other,"Media, Publishing, and Broadcasting|Print Media (Newspapers, Magazines, Books)|Libraries and Archives|Museums, Libraries, and Entertainment"
39911,Other,"Retail Stores, Wholesale, and E-commerce Sites|Agriculture, Mining, and Refineries (Farming, Greenhouses, Mining, Forestry, and Animal Farming)|Construction and Real Estate|Buildings (Residential or Commercial)"
203753,Other,"Service|Computer and Information Technology|Buildings, Repair, Maintenance (Pest Control, Landscaping, Cleaning, Locksmiths, Car Washes, etc)"
39920,ISP,Computer and Information Technology|Internet Service Provider (ISP)
39922,Other,"Not Validating RPKI ROV|Buildings (Residential or Commercial)|Civil Engineering Construction (Utility Lines, Roads and Bridges)|Construction and Real Estate"
39927,ISP,Eyeball|Not Validating RPKI ROV|Internet Service Provider (ISP)|Computer and Information Technology
203784,ISP,Eyeball|Not Validating RPKI ROV|Internet Service Provider (ISP)|Computer and Information Technology
203791,Content/CDN,Not Validating RPKI ROV|Computer and Information Technology|Hosting and Cloud Provider
203794,ISP,"Not Validating RPKI ROV|Trucking|Internet Service Provider (ISP)|Passenger Transit (Car, Bus, Taxi, Subway)"
203803,ISP,"Law, Business, and Consulting Services|Print Media (Newspapers, Magazines, Books)|Retail Stores, Wholesale, and E-commerce Sites|Computer and Information Technology"
203805,Other,Real Estate (Residential and/or Commercial)|Construction and Real Estate
203806,Other,"Retail Stores, Wholesale, and E-commerce Sites"
203816,ISP,"Civil Engineering Construction (Utility Lines, Roads and Bridges)|Manufacturing|Internet Service Provider (ISP)|Electronics and Computer Components"
203831,Enterprise,"Service|Law, Business, and Consulting Services"
203832,ISP,Computer and Information Technology|Internet Service Provider (ISP)|Software Development
203841,ISP,Phone Provider|Computer and Information Technology|Internet Service Provider (ISP)
203844,ISP,"Retail Stores, Wholesale, and E-commerce Sites|Construction and Real Estate|Civil Engineering Construction (Utility Lines, Roads and Bridges)|Computer and Information Technology"
203858,Enterprise,"Law, Business, and Consulting Services|Computer and Information Technology|Service|Software Development"
203869,Other,Real Estate (Residential and/or Commercial)|Construction and Real Estate
203870,ISP,"Computer and Information Technology|Law, Business, and Consulting Services|Internet Service Provider (ISP)|Service"
203883,Other,"Banks, Credit Card Companies, Mortgage Providers|Finance and Insurance"
203887,Other,Software Development|Service|Computer and Information Technology
203891,ISP,Eyeball|Hosting and Cloud Provider|Computer and Information Technology|Internet Service Provider (ISP)
203907,Other,Finance and Insurance|Software Development|Computer and Information Technology
203922,ISP,"Retail Stores, Wholesale, and E-commerce Sites|Internet Service Provider (ISP)|Computer and Information Technology"
203948,Content/CDN,Hosting and Cloud Provider|Computer and Information Technology
203956,Other,Computer and Information Technology|Search
203972,ISP,Eyeball|Not Validating RPKI ROV|Internet Service Provider (ISP)|Finance and Insurance
203974,Enterprise,"Law, Business, and Consulting Services|Community Groups and Nonprofits|Computer and Information Technology|Travel and Accommodation"
204014,ISP,Computer and Information Technology|Internet Service Provider (ISP)
204039,ISP,Computer and Information Technology|Internet Service Provider (ISP)
204040,ISP,Computer and Information Technology|Internet Service Provider (ISP)
204041,ISP,Not Validating RPKI ROV|Internet Service Provider (ISP)|Computer and Information Technology
204048,Other,"Not Validating RPKI ROV|Freight, Shipment, and Postal Services|Water Transportation"
204049,ISP,Internet Service Provider (ISP)|Computer and Information Technology
204067,Other,"Museums, Libraries, and Entertainment|Civil Engineering Construction (Utility Lines, Roads and Bridges)|Construction and Real Estate"
204076,ISP,Computer and Information Technology|Internet Service Provider (ISP)
204077,ISP,"Not Validating RPKI ROV|Computer and Information Technology|Law, Business, and Consulting Services|Internet Service Provider (ISP)"
204102,Other,"Not Validating RPKI ROV|Media, Publishing, and Broadcasting|Personal Care and Lifestyle (Barber Shops, Nail Salons, Diet Centers, Laundry, etc)|Print Media (Newspapers, Magazines, Books)"
204108,ISP,"Service|Not Validating RPKI ROV|Computer and Information Technology|Law, Business, and Consulting Services"
204112,Other,"Not Validating RPKI ROV|Print Media (Newspapers, Magazines, Books)|Buildings (Residential or Commercial)|Construction and Real Estate"
204117,ISP,Not Validating RPKI ROV|Hosting and Cloud Provider|Internet Service Provider (ISP)|Computer and Information Technology
204128,ISP,Internet Service Provider (ISP)|Not Validating RPKI ROV|Computer and Information Technology
204137,ISP,Computer and Information Technology|Internet Service Provider (ISP)
204144,ISP,Content|Not Validating RPKI ROV|Computer and Information Technology|Internet Service Provider (ISP)
204153,ISP,Internet Service Provider (ISP)|Computer and Information Technology
204159,Other,"Buildings, Repair, Maintenance (Pest Control, Landscaping, Cleaning, Locksmiths, Car Washes, etc)|Service"
204161,ISP,Eyeball|Not Validating RPKI ROV|Computer and Information Technology|Internet Service Provider (ISP)
204169,ISP,Computer and Information Technology|Internet Service Provider (ISP)
204173,Enterprise,"Law, Business, and Consulting Services|Computer and Information Technology|Service"
204198,Content/CDN,"Software Development|Computer and Information Technology|Banks, Credit Card Companies, Mortgage Providers|Hosting and Cloud Provider"
204199,Content/CDN,Hosting and Cloud Provider|Computer and Information Technology
204217,Other,"Metal, Glass, Wood, and Paper Manufacturing|Civil Engineering Construction (Utility Lines, Roads and Bridges)|Construction and Real Estate|Manufacturing"
204219,Other,"Water Transportation|Freight, Shipment, and Postal Services"
204226,ISP,Not Validating RPKI ROV|Internet Service Provider (ISP)|Computer and Information Technology
204231,Other,"Chemical and Pharmaceutical Manufacturing|Manufacturing|Buildings (Residential or Commercial)|Retail Stores, Wholesale, and E-commerce Sites"
204237,Other,"Metal, Glass, Wood, and Paper Manufacturing|Manufacturing|Buildings (Residential or Commercial)|Retail Stores, Wholesale, and E-commerce Sites"
204259,Eyeball,"Not Validating RPKI ROV|Agriculture, Mining, and Refineries (Farming, Greenhouses, Mining, Forestry, and Animal Farming)|Manufacturing|Civil Engineering Construction (Utility Lines, Roads and Bridges)"
204271,Other,"Recreation, Sports, and Performing Arts|Media, Publishing, and Broadcasting|Computer and Information Technology|Libraries and Archives"
204272,ISP,"Service|Validating RPKI ROV|Retail Stores, Wholesale, and E-commerce Sites|Computer and Information Technology"
204276,ISP,"Not Validating RPKI ROV|Music and Video Industry|Service|Law, Business, and Consulting Services"
204277,Enterprise,"Not Validating RPKI ROV|Service|Retail Stores, Wholesale, and E-commerce Sites|Law, Business, and Consulting Services"
204297,ISP,Internet Service Provider (ISP)|Computer and Information Technology
204298,Other,"Freight, Shipment, and Postal Services|Agriculture, Mining, and Refineries (Farming, Greenhouses, Mining, Forestry, and Animal Farming)|Construction and Real Estate|Civil Engineering Construction (Utility Lines, Roads and Bridges)"
204304,Other,"Not Validating RPKI ROV|Agriculture, Mining, and Refineries (Farming, Greenhouses, Mining, Forestry, and Animal Farming)|Metal, Glass, Wood, and Paper Manufacturing|Manufacturing"
204305,Unknown,
204311,ISP,"Banks, Credit Card Companies, Mortgage Providers|Insurance Carriers and Agencies|Software Development|Retail Stores, Wholesale, and E-commerce Sites"
204314,ISP,"Internet Service Provider (ISP)|Freight, Shipment, and Postal Services|Retail Stores, Wholesale, and E-commerce Sites|Computer and Information Technology"
204323,Other,"Real Estate (Residential and/or Commercial)|Construction and Real Estate|Retail Stores, Wholesale, and E-commerce Sites|Freight, Shipment, and Postal Services"
204337,Other,"Construction and Real Estate|Civil Engineering Construction (Utility Lines, Roads and Bridges)|Buildings (Residential or Commercial)"
204338,ISP,Internet Service Provider (ISP)|Computer and Information Technology
204350,ISP,"Not Validating RPKI ROV|Construction and Real Estate|Civil Engineering Construction (Utility Lines, Roads and Bridges)|Buildings (Residential or Commercial)"
204353,ISP,Not Validating RPKI ROV|Internet Service Provider (ISP)|Hosting and Cloud Provider|Computer and Information Technology
204354,ISP,Eyeball|Computer and Information Technology|Phone Provider|Internet Service Provider (ISP)
204357,Other,"Automotive and Transportation|Retail Stores, Wholesale, and E-commerce Sites|Freight, Shipment, and Postal Services|Manufacturing"
204362,ISP,Internet Service Provider (ISP)|Computer and Information Technology
204424,Other,"Online Music and Video Streaming Services|Music and Video Industry|Media, Publishing, and Broadcasting|Radio and Television Providers"
204435,Other,Service
204459,ISP,Computer and Information Technology|Internet Service Provider (ISP)
204474,ISP,Computer and Information Technology|Internet Service Provider (ISP)
204477,Other,"Not Validating RPKI ROV|Manufacturing|Civil Engineering Construction (Utility Lines, Roads and Bridges)|Trucking"
204489,ISP,Service|Internet Service Provider (ISP)|Hosting and Cloud Provider|Software Development
204490,Content/CDN,Computer and Information Technology|Not Validating RPKI ROV|Hosting and Cloud Provider
204492,ISP,Computer and Information Technology|Internet Service Provider (ISP)
204495,Other,Service
204496,ISP,Buildings (Residential or Commercial)|Not Validating RPKI ROV|Internet Service Provider (ISP)|Computer and Information Technology
204507,Enterprise,"Service|Law, Business, and Consulting Services|Trucking|Freight, Shipment, and Postal Services"
204520,Other,"Service|Media, Publishing, and Broadcasting"
204525,Other,"Retail Stores, Wholesale, and E-commerce Sites|Software Development|Computer and Information Technology|Media, Publishing, and Broadcasting"
204531,ISP,"Not Validating RPKI ROV|Internet Service Provider (ISP)|Media, Publishing, and Broadcasting|Computer and Information Technology"
204551,Other,"Not Validating RPKI ROV|Construction and Real Estate|Buildings (Residential or Commercial)|Civil Engineering Construction (Utility Lines, Roads and Bridges)"
204553,ISP,Internet Service Provider (ISP)|Computer and Information Technology
204564,ISP,"Internet Service Provider (ISP)|Not Validating RPKI ROV|Retail Stores, Wholesale, and E-commerce Sites|Civil Engineering Construction (Utility Lines, Roads and Bridges)"
204574,Other,"Finance and Insurance|Banks, Credit Card Companies, Mortgage Providers"
204576,Government,"Government and Public Administration|Not Validating RPKI ROV|Government and Regulatory Agencies, Administrations, Departments, and Services"
204582,ISP,Computer and Information Technology|Internet Service Provider (ISP)
204587,Eyeball,"Eyeball|Not Validating RPKI ROV|Retail Stores, Wholesale, and E-commerce Sites|Real Estate (Residential and/or Commercial)"
204600,ISP,"Museums, Libraries, and Entertainment|Media, Publishing, and Broadcasting|Internet Service Provider (ISP)|Retail Stores, Wholesale, and E-commerce Sites"
204623,Other,"Retail Stores, Wholesale, and E-commerce Sites"
204656,Content/CDN,"Retail Stores, Wholesale, and E-commerce Sites|Computer and Information Technology|Buildings, Repair, Maintenance (Pest Control, Landscaping, Cleaning, Locksmiths, Car Washes, etc)|Service"
204665,ISP,"Buildings, Repair, Maintenance (Pest Control, Landscaping, Cleaning, Locksmiths, Car Washes, etc)|Hosting and Cloud Provider|Internet Service Provider (ISP)|Service"
204678,Other,Computer and Network Security|Computer and Information Technology
204696,Other,"Not Validating RPKI ROV|Manufacturing|Freight, Shipment, and Postal Services|Food, Beverage, and Tobacco"
204703,Other,Computer and Information Technology|Software Development
204713,Enterprise,"Media, Publishing, and Broadcasting|Print Media (Newspapers, Magazines, Books)|Hotels, Motels, Inns, Other Traveler Accommodation|Retail Stores, Wholesale, and E-commerce Sites"
204720,Other,"Agriculture, Mining, and Refineries (Farming, Greenhouses, Mining, Forestry, and Animal Farming)|Retail Stores, Wholesale, and E-commerce Sites"
204735,ISP,Computer and Information Technology|Not Validating RPKI ROV|Internet Service Provider (ISP)
204738,ISP,"Real Estate (Residential and/or Commercial)|Computer and Information Technology|Construction and Real Estate|Law, Business, and Consulting Services"
204752,ISP,Not Validating RPKI ROV|Computer and Information Technology|Internet Service Provider (ISP)|Eyeball
204791,ISP,"Not Validating RPKI ROV|Retail Stores, Wholesale, and E-commerce Sites|Construction and Real Estate|Computer and Information Technology"
204792,ISP,Not Validating RPKI ROV|Internet Service Provider (ISP)|Hosting and Cloud Provider|Computer and Information Technology
40966,Other,"Anycast|Museums, Libraries, and Entertainment|Media, Publishing, and Broadcasting|Recreation, Sports, and Performing Arts"
40977,Eyeball,"Not Validating RPKI ROV|Buildings (Residential or Commercial)|Construction and Real Estate|Freight, Shipment, and Postal Services"
204820,ISP,Not Validating RPKI ROV|Computer and Information Technology|Internet Service Provider (ISP)|Eyeball
204822,Content/CDN,Computer and Information Technology|Hosting and Cloud Provider|Software Development|Radio and Television Providers
204823,Content/CDN,Computer and Information Technology|Hosting and Cloud Provider
204825,ISP,Internet Service Provider (ISP)|Computer and Information Technology|Eyeball
8219,Other,"Clothing, Fashion, Luggage|Retail Stores, Wholesale, and E-commerce Sites|Buildings (Residential or Commercial)|Construction and Real Estate"
204827,Other,"Banks, Credit Card Companies, Mortgage Providers|Finance and Insurance"
204829,ISP,Internet Service Provider (ISP)|Computer and Information Technology|Eyeball
40993,ISP,Eyeball|Not Validating RPKI ROV|Internet Service Provider (ISP)|Computer and Information Technology
204833,ISP,Computer and Information Technology|Not Validating RPKI ROV|Internet Service Provider (ISP)
40995,ISP,Eyeball|Not Validating RPKI ROV|Internet Service Provider (ISP)|Computer and Information Technology
40997,ISP,"Computer and Information Technology|Internet Service Provider (ISP)|Retail Stores, Wholesale, and E-commerce Sites|Software Development"
41002,ISP,"IPv6 only|Computer and Information Technology|Internet Service Provider (ISP)|Media, Publishing, and Broadcasting"
204846,ISP,"Software Development|Finance and Insurance|Retail Stores, Wholesale, and E-commerce Sites|Internet Service Provider (ISP)"
204848,ISP,Software Development|Internet Service Provider (ISP)|Computer and Information Technology|Service
8241,ISP,Construction and Real Estate|Not Validating RPKI ROV|Manufacturing|Electronics and Computer Components
8242,ISP,"Eyeball|Not Validating RPKI ROV|Internet Service Provider (ISP)|Freight, Shipment, and Postal Services"
8249,ISP,Eyeball|Not Validating RPKI ROV|Internet Service Provider (ISP)|Phone Provider
41022,Enterprise,"Media, Publishing, and Broadcasting|Manufacturing|Print Media (Newspapers, Magazines, Books)|Service"
41024,ISP,Not Validating RPKI ROV|Computer and Information Technology|Internet Service Provider (ISP)
41029,Other,"Computer and Information Technology|Retail Stores, Wholesale, and E-commerce Sites"
8263,ISP,Internet Service Provider (ISP)|Computer and Information Technology
41034,ISP,"Eyeball|Not Validating RPKI ROV|Law, Business, and Consulting Services|Computer and Information Technology"
204878,ISP,Computer and Information Technology|Hosting and Cloud Provider|Internet Service Provider (ISP)|Tranco 10k Host
41039,ISP,Eyeball|Not Validating RPKI ROV|Internet Service Provider (ISP)|Computer and Information Technology
8274,Enterprise,"Not Validating RPKI ROV|Service|Manufacturing|Law, Business, and Consulting Services"
8279,Other,Validating RPKI ROV|Water Supply and Irrigation|Manufacturing|Service
204891,ISP,"Internet Service Provider (ISP)|Service|Buildings, Repair, Maintenance (Pest Control, Landscaping, Cleaning, Locksmiths, Car Washes, etc)|Retail Stores, Wholesale, and E-commerce Sites"
204895,Content/CDN,Hosting and Cloud Provider|Computer and Information Technology
204898,ISP,Internet Service Provider (ISP)|Computer and Information Technology|Anycast
8291,Other,"Tranco 10k Host|Not Validating RPKI ROV|Museums, Libraries, and Entertainment|Print Media (Newspapers, Magazines, Books)"
41060,Other,"Banks, Credit Card Companies, Mortgage Providers|Finance and Insurance"
41065,Other,"Software Development|Computer and Information Technology|Banks, Credit Card Companies, Mortgage Providers|Finance and Insurance"
41066,ISP,Internet Service Provider (ISP)|Hosting and Cloud Provider|Computer and Information Technology
8299,ISP,"Validating RPKI ROV|Law, Business, and Consulting Services|Internet Service Provider (ISP)|Retail Stores, Wholesale, and E-commerce Sites"
41067,Enterprise,"Banks, Credit Card Companies, Mortgage Providers|Finance and Insurance|Corporate/Enterprise"
204909,Enterprise,"Service|IPv6 only|Law, Business, and Consulting Services|Media, Publishing, and Broadcasting"
204908,ISP,Internet Service Provider (ISP)|Computer and Information Technology
8305,ISP,"Law, Business, and Consulting Services|Internet Service Provider (ISP)|Construction and Real Estate|Computer and Information Technology"
204916,ISP,"Electronics and Computer Components|Hosting, Cloud Provider, Data Center, Server Colocation|Computer and Information Technology|Manufacturing"
204919,Other,"Service|Buildings, Repair, Maintenance (Pest Control, Landscaping, Cleaning, Locksmiths, Car Washes, etc)|Postal Services and Couriers|Air Transportation"
41082,ISP,Computer and Information Technology|Not Validating RPKI ROV|Internet Service Provider (ISP)
41085,Other,"Trucking|Computer and Information Technology|Finance and Insurance|Banks, Credit Card Companies, Mortgage Providers"
204925,Other,"Not Validating RPKI ROV|Civil Engineering Construction (Utility Lines, Roads and Bridges)|Buildings (Residential or Commercial)|Manufacturing"
8324,ISP,Eyeball|Not Validating RPKI ROV|Academic|Education and Research
8325,Academic/Edu,Education and Research
41098,ISP,"Print Media (Newspapers, Magazines, Books)|Law, Business, and Consulting Services|Service|Media, Publishing, and Broadcasting"
8331,ISP,Eyeball|Not Validating RPKI ROV|Computer and Information Technology|Internet Service Provider (ISP)
41101,ISP,Internet Service Provider (ISP)|Computer and Information Technology
8334,ISP,"Eyeball|Not Validating RPKI ROV|Civil Engineering Construction (Utility Lines, Roads and Bridges)|Internet Service Provider (ISP)"
41102,ISP,"Not Validating RPKI ROV|Computer and Information Technology|Internet Service Provider (ISP)|Museums, Libraries, and Entertainment"
204941,ISP,Internet Service Provider (ISP)|Computer and Information Technology
41106,ISP,Computer and Information Technology|Internet Service Provider (ISP)|Eyeball
41109,ISP,"Internet Service Provider (ISP)|Computer and Information Technology|Recreation, Sports, and Performing Arts|Personal Care and Lifestyle (Barber Shops, Nail Salons, Diet Centers, Laundry, etc)"
8342,ISP,Eyeball|Not Validating RPKI ROV|Internet Service Provider (ISP)|Computer and Information Technology
204952,Government,"Government and Regulatory Agencies, Administrations, Departments, and Services|Government and Public Administration"
8345,ISP,Eyeball|Not Validating RPKI ROV|Computer and Information Technology|Internet Service Provider (ISP)
8350,ISP,Computer and Information Technology|Not Validating RPKI ROV|Internet Service Provider (ISP)|Phone Provider
41118,Enterprise,"Service|Construction and Real Estate|Law, Business, and Consulting Services|Computer and Information Technology"
41123,ISP,Eyeball|Real Estate (Residential and/or Commercial)|Construction and Real Estate|Computer and Information Technology
8359,ISP,Eyeball|Not Validating RPKI ROV|Computer and Information Technology|Internet Service Provider (ISP)
41127,ISP,"Not Validating RPKI ROV|Retail Stores, Wholesale, and E-commerce Sites|Computer and Information Technology|Buildings, Repair, Maintenance (Pest Control, Landscaping, Cleaning, Locksmiths, Car Washes, etc)"
204968,Content/CDN,"Hosting, Cloud Provider, Data Center, Server Colocation|Software Development|Hosting and Cloud Provider|Computer and Information Technology"
41134,ISP,Phone Provider|Not Validating RPKI ROV|Internet Service Provider (ISP)|Computer and Information Technology
8369,ISP,Eyeball|Not Validating RPKI ROV|Computer and Information Technology|Internet Service Provider (ISP)
8371,ISP,Eyeball|Not Validating RPKI ROV|Home ISP|Computer and Information Technology
204980,ISP,Internet Service Provider (ISP)|Computer and Information Technology
41143,ISP,"Civil Engineering Construction (Utility Lines, Roads and Bridges)|Internet Service Provider (ISP)|Clothing, Fashion, Luggage|Retail Stores, Wholesale, and E-commerce Sites"
41145,ISP,Computer and Information Technology|Internet Service Provider (ISP)
8377,Other,"Validating RPKI ROV|Finance and Insurance|Retail Stores, Wholesale, and E-commerce Sites|Banks, Credit Card Companies, Mortgage Providers"
41148,Eyeball,"Eyeball|Not Validating RPKI ROV|Food, Grocery, Beverages|Freight, Shipment, and Postal Services"
8381,ISP,Not Validating RPKI ROV|Internet Service Provider (ISP)|Computer and Information Technology
8382,ISP,Phone Provider|Validating RPKI ROV|Internet Service Provider (ISP)|Computer and Information Technology
204991,Other,"Not Validating RPKI ROV|Retail Stores, Wholesale, and E-commerce Sites|Construction and Real Estate|Civil Engineering Construction (Utility Lines, Roads and Bridges)"
41162,Other,"Food, Grocery, Beverages|Retail Stores, Wholesale, and E-commerce Sites"
8395,ISP,"Eyeball|Not Validating RPKI ROV|Retail Stores, Wholesale, and E-commerce Sites|Computer and Information Technology"
8398,Academic/Edu,"Validating RPKI ROV|Colleges, Universities, and Professional Schools|Education and Research|Academic"
8402,ISP,Eyeball|Validating RPKI ROV|Computer and Information Technology|Internet Service Provider (ISP)
205014,ISP,Computer and Information Technology|Internet Service Provider (ISP)
8409,Academic/Edu,"Education and Research|Colleges, Universities, and Professional Schools|Research and Development Organizations|Media, Publishing, and Broadcasting"
8410,ISP,Eyeball|Not Validating RPKI ROV|Hosting and Cloud Provider|Computer and Information Technology
8411,Academic/Edu,"Validating RPKI ROV|Education and Research|Elementary and Secondary Schools|Colleges, Universities, and Professional Schools"
205022,ISP,"Internet Service Provider (ISP)|Computer and Information Technology|Freight, Shipment, and Postal Services"
8416,ISP,Eyeball|Not Validating RPKI ROV|Service|Government and Public Administration
41184,Other,"Construction and Real Estate|Banks, Credit Card Companies, Mortgage Providers|Buildings (Residential or Commercial)|Finance and Insurance"
41185,Other,"Finance and Insurance|Banks, Credit Card Companies, Mortgage Providers"
41187,Other,"Finance and Insurance|Banks, Credit Card Companies, Mortgage Providers"
41190,ISP,"Internet Service Provider (ISP)|Not Validating RPKI ROV|Computer and Information Technology|Agriculture, Mining, and Refineries (Farming, Greenhouses, Mining, Forestry, and Animal Farming)"
8427,ISP,"Eyeball|Not Validating RPKI ROV|Buildings (Residential or Commercial)|Civil Engineering Construction (Utility Lines, Roads and Bridges)"
8439,ISP,"Eyeball|Not Validating RPKI ROV|Computer and Information Technology|Personal Care and Lifestyle (Barber Shops, Nail Salons, Diet Centers, Laundry, etc)"
8440,ISP,"Computer and Information Technology|Validating RPKI ROV|Internet Service Provider (ISP)|Freight, Shipment, and Postal Services"
8441,Academic/Edu,"Validating RPKI ROV|Computer and Information Technology|Search|Law, Business, and Consulting Services"
41209,ISP,Eyeball|Computer and Information Technology|Internet Service Provider (ISP)
8443,ISP,Eyeball|Not Validating RPKI ROV|Phone Provider|Internet Service Provider (ISP)
41212,Other,"Finance and Insurance|Automotive and Transportation|Manufacturing|Banks, Credit Card Companies, Mortgage Providers"
205047,Enterprise,"Buildings (Residential or Commercial)|Construction and Real Estate|Law, Business, and Consulting Services|Service"
41217,Other,"Buildings (Residential or Commercial)|Manufacturing|Media, Publishing, and Broadcasting|Metal, Glass, Wood, and Paper Manufacturing"
41220,Other,Not Validating RPKI ROV|Utilities (Excluding Internet Service)|Real Estate (Residential and/or Commercial)|Construction and Real Estate
205060,Government,"Not Validating RPKI ROV|Government and Regulatory Agencies, Administrations, Departments, and Services|Government and Public Administration"
205062,ISP,Not Validating RPKI ROV|Internet Service Provider (ISP)|Computer and Information Technology
41223,Other,"Freight, Shipment, and Postal Services|Agriculture, Mining, and Refineries (Farming, Greenhouses, Mining, Forestry, and Animal Farming)"
205063,Other,"Manufacturing|Retail Stores, Wholesale, and E-commerce Sites|Electronics and Computer Components"
41226,Other,"Finance and Insurance|Banks, Credit Card Companies, Mortgage Providers"
8460,Other,Software Development|Computer and Information Technology
205070,ISP,Internet Service Provider (ISP)|Computer and Information Technology
8470,ISP,Eyeball|Not Validating RPKI ROV|Internet Service Provider (ISP)|Computer and Information Technology
8475,Academic/Edu,"Validating RPKI ROV|Elementary and Secondary Schools|Colleges, Universities, and Professional Schools|Education and Research"
205084,ISP,"Print Media (Newspapers, Magazines, Books)|Internet Service Provider (ISP)|Computer and Information Technology|Media, Publishing, and Broadcasting"
8480,Academic/Edu,"Not Validating RPKI ROV|Colleges, Universities, and Professional Schools|Education and Research|Print Media (Newspapers, Magazines, Books)"
8484,Content/CDN,Computer and Information Technology|Hosting and Cloud Provider|Software Development|Tranco 10k Host
8485,ISP,IPv6 only|Computer and Information Technology|Internet Service Provider (ISP)
41257,Other,"Clothing, Fashion, Luggage|Motor Vehicles and Parts|Retail Stores, Wholesale, and E-commerce Sites|Buildings, Repair, Maintenance (Pest Control, Landscaping, Cleaning, Locksmiths, Car Washes, etc)"
41258,Other,"Finance and Insurance|Banks, Credit Card Companies, Mortgage Providers"
8491,ISP,Computer and Information Technology|Not Validating RPKI ROV|Internet Service Provider (ISP)
8492,ISP,Eyeball|Not Validating RPKI ROV|Internet Service Provider (ISP)|Computer and Information Technology
41259,Other,Buildings (Residential or Commercial)|Construction and Real Estate|Service
8496,ISP,Manufacturing|Validating RPKI ROV|Internet Service Provider (ISP)|Computer and Information Technology
41268,ISP,Eyeball|Not Validating RPKI ROV|Internet Service Provider (ISP)|Computer and Information Technology
41269,ISP,Computer and Information Technology|Internet Service Provider (ISP)
8506,ISP,Validating RPKI ROV|Buildings (Residential or Commercial)|Research and Development Organizations|Computer and Information Technology
8507,ISP,Internet Service Provider (ISP)|Not Validating RPKI ROV|Construction and Real Estate|Computer and Information Technology
41275,ISP,Eyeball|Not Validating RPKI ROV|Internet Service Provider (ISP)|Computer and Information Technology
8510,Eyeball,"Not Validating RPKI ROV|Buildings (Residential or Commercial)|Civil Engineering Construction (Utility Lines, Roads and Bridges)|Agriculture, Mining, and Refineries (Farming, Greenhouses, Mining, Forestry, and Animal Farming)"
41279,ISP,Internet Service Provider (ISP)|Computer and Information Technology
8515,ISP,Validating RPKI ROV|Internet Service Provider (ISP)|Computer and Information Technology
205130,ISP,Internet Service Provider (ISP)|Computer and Information Technology
205135,ISP,"Hosting and Cloud Provider|Service|Civil Engineering Construction (Utility Lines, Roads and Bridges)|Buildings, Repair, Maintenance (Pest Control, Landscaping, Cleaning, Locksmiths, Car Washes, etc)"
41300,Other,"Finance and Insurance|Banks, Credit Card Companies, Mortgage Providers"
41302,Eyeball,"Eyeball|Not Validating RPKI ROV|Buildings (Residential or Commercial)|Civil Engineering Construction (Utility Lines, Roads and Bridges)"
41308,Content/CDN,Not Validating RPKI ROV|Hosting and Cloud Provider|Computer and Information Technology
41310,Other,"Retail Stores, Wholesale, and E-commerce Sites|Food, Grocery, Beverages|Clothing, Fashion, Luggage"
41311,ISP,Internet Service Provider (ISP)|Construction and Real Estate|Computer and Information Technology|Water Transportation
205153,Other,"Not Validating RPKI ROV|Real Estate (Residential and/or Commercial)|Retail Stores, Wholesale, and E-commerce Sites|Construction and Real Estate"
205158,Unknown,
205161,Other,Not Validating RPKI ROV|Computer and Information Technology|Finance and Insurance|Software Development
205162,Content/CDN,Computer and Information Technology|Hosting and Cloud Provider
8557,ISP,Eyeball|Not Validating RPKI ROV|Phone Provider|Computer and Information Technology
41330,ISP,Eyeball|Not Validating RPKI ROV|Phone Provider|Computer and Information Technology
8563,ISP,Internet Service Provider (ISP)|Phone Provider|Computer and Information Technology
8568,ISP,Phone Provider|Validating RPKI ROV|Computer and Information Technology|Internet Service Provider (ISP)
8570,ISP,Computer and Information Technology|Not Validating RPKI ROV|Phone Provider|Internet Service Provider (ISP)
41338,ISP,"Civil Engineering Construction (Utility Lines, Roads and Bridges)|Internet Service Provider (ISP)|Construction and Real Estate|Retail Stores, Wholesale, and E-commerce Sites"
41341,ISP,Internet Service Provider (ISP)|Not Validating RPKI ROV|Computer and Information Technology
41344,ISP,"Computer and Information Technology|Civil Engineering Construction (Utility Lines, Roads and Bridges)|Internet Service Provider (ISP)|Construction and Real Estate"
8580,ISP,Eyeball|Not Validating RPKI ROV|Computer and Information Technology|Internet Service Provider (ISP)
41349,ISP,Eyeball|Not Validating RPKI ROV|Computer and Information Technology|Internet Service Provider (ISP)
205194,ISP,Computer and Information Technology|Internet Service Provider (ISP)
8592,Other,"Retail Stores, Wholesale, and E-commerce Sites|Not Validating RPKI ROV|Food, Grocery, Beverages|Electronics and Computer Components"
41361,Other,"Media, Publishing, and Broadcasting|Manufacturing|Print Media (Newspapers, Magazines, Books)"
8594,ISP,Eyeball|Internet Service Provider (ISP)|Phone Provider|Computer and Information Technology
8595,ISP,Eyeball|Not Validating RPKI ROV|Computer and Information Technology|Internet Service Provider (ISP)
41377,Other,"Not Validating RPKI ROV|Retail Stores, Wholesale, and E-commerce Sites|Agriculture, Mining, and Refineries (Farming, Greenhouses, Mining, Forestry, and Animal Farming)|Service"
205221,Enterprise,"Law, Business, and Consulting Services|Computer and Information Technology|Software Development|Service"
8615,ISP,Eyeball|Not Validating RPKI ROV|Computer and Information Technology|Internet Service Provider (ISP)
205226,ISP,Eyeball|Not Validating RPKI ROV|Internet Service Provider (ISP)|Service
41388,Enterprise,"Service|Law, Business, and Consulting Services|Finance and Insurance"
41389,Other,"Banks, Credit Card Companies, Mortgage Providers|Finance and Insurance"
205236,ISP,Internet Service Provider (ISP)|Service|Computer and Information Technology|Construction and Real Estate
8629,ISP,Internet Service Provider (ISP)|Not Validating RPKI ROV|Computer and Information Technology
8630,Academic/Edu,"Not Validating RPKI ROV|Education and Research|Print Media (Newspapers, Magazines, Books)|Media, Publishing, and Broadcasting"
8631,ISP,"Computer and Information Technology|Freight, Shipment, and Postal Services|Internet Service Provider (ISP)"
41403,ISP,"Media, Publishing, and Broadcasting|Not Validating RPKI ROV|Computer and Information Technology|Internet Service Provider (ISP)"
8636,ISP,Eyeball|Not Validating RPKI ROV|Computer and Information Technology|Internet Service Provider (ISP)
8641,ISP,Eyeball|Not Validating RPKI ROV|Internet Service Provider (ISP)|Computer and Information Technology
41411,ISP,"Freight, Shipment, and Postal Services|Computer and Information Technology|Internet Service Provider (ISP)|Trucking"
8654,ISP,Not Validating RPKI ROV|Computer and Information Technology|Internet Service Provider (ISP)
205264,Other,Computer and Information Technology
41428,Other,"Banks, Credit Card Companies, Mortgage Providers|Finance and Insurance"
8662,Other,Not Validating RPKI ROV|Community Groups and Nonprofits
8663,Academic/Edu,"Not Validating RPKI ROV|Construction and Real Estate|Buildings (Residential or Commercial)|Civil Engineering Construction (Utility Lines, Roads and Bridges)"
41430,Other,"Not Validating RPKI ROV|Banks, Credit Card Companies, Mortgage Providers|Finance and Insurance"
41440,ISP,Computer and Information Technology|Phone Provider|Internet Service Provider (ISP)
8675,ISP,Eyeball|Not Validating RPKI ROV|Phone Provider|Internet Service Provider (ISP)
41443,ISP,"Retail Stores, Wholesale, and E-commerce Sites|Computer and Information Technology|Construction and Real Estate|Civil Engineering Construction (Utility Lines, Roads and Bridges)"
41446,ISP,Computer and Information Technology|Not Validating RPKI ROV|Internet Service Provider (ISP)
8684,Eyeball,"Eyeball|Validating RPKI ROV|Colleges, Universities, and Professional Schools|Media, Publishing, and Broadcasting"
205297,Other,"Banks, Credit Card Companies, Mortgage Providers|Buildings (Residential or Commercial)|Finance and Insurance|Construction and Real Estate"
41460,Enterprise,"Construction and Real Estate|Service|Civil Engineering Construction (Utility Lines, Roads and Bridges)|Law, Business, and Consulting Services"
41465,ISP,Eyeball|Internet Service Provider (ISP)|Computer and Information Technology
41469,ISP,Computer and Information Technology|Internet Service Provider (ISP)|Phone Provider
205312,ISP,Computer and Information Technology|Internet Service Provider (ISP)|Hosting and Cloud Provider|Tranco 10k Host
8706,Other,Validating RPKI ROV|Postal Services and Couriers|Air Transportation|Trucking
41475,Other,"Not Validating RPKI ROV|Agriculture, Mining, and Refineries (Farming, Greenhouses, Mining, Forestry, and Animal Farming)|Construction and Real Estate|Civil Engineering Construction (Utility Lines, Roads and Bridges)"
8711,ISP,Internet Service Provider (ISP)|Not Validating RPKI ROV|Computer and Information Technology
8712,Eyeball,Not Validating RPKI ROV|Construction and Real Estate|Real Estate (Residential and/or Commercial)|Eyeball
205324,Other,"Food, Grocery, Beverages|Retail Stores, Wholesale, and E-commerce Sites|Food, Beverage, and Tobacco|Manufacturing"
205326,ISP,Insurance Carriers and Agencies|Finance and Insurance
8732,ISP,Eyeball|Not Validating RPKI ROV|Computer and Information Technology|Internet Service Provider (ISP)
41500,ISP,"Not Validating RPKI ROV|Computer and Information Technology|Retail Stores, Wholesale, and E-commerce Sites|Internet Service Provider (ISP)"
205349,Other,"Finance and Insurance|Banks, Credit Card Companies, Mortgage Providers"
8742,Other,"Freight, Shipment, and Postal Services|Retail Stores, Wholesale, and E-commerce Sites|Construction and Real Estate|Real Estate (Residential and/or Commercial)"
8744,ISP,Not Validating RPKI ROV|Computer and Information Technology|Internet Service Provider (ISP)|Carrier
41512,Other,"Media, Publishing, and Broadcasting|Print Media (Newspapers, Magazines, Books)|Freight, Shipment, and Postal Services|Real Estate (Residential and/or Commercial)"
41515,ISP,Computer and Information Technology|Internet Service Provider (ISP)
8749,ISP,Eyeball|Not Validating RPKI ROV|Internet Service Provider (ISP)|Buildings (Residential or Commercial)
41517,Other,Real Estate (Residential and/or Commercial)|Construction and Real Estate
8752,ISP,Eyeball|Not Validating RPKI ROV|Computer and Information Technology|Internet Service Provider (ISP)
8753,ISP,Computer and Information Technology|Validating RPKI ROV|Internet Service Provider (ISP)
8755,ISP,IPv6 only|Phone Provider|Computer and Information Technology|Internet Service Provider (ISP)
41525,ISP,"Automotive and Transportation|Electronics and Computer Components|Retail Stores, Wholesale, and E-commerce Sites|Computer and Information Technology"
41535,Content/CDN,VPN Host|Computer and Information Technology|Hosting and Cloud Provider
8773,ISP,IPv6 only|Internet Service Provider (ISP)|Phone Provider|Computer and Information Technology
8774,ISP,"Eyeball|Not Validating RPKI ROV|Computer and Information Technology|Retail Stores, Wholesale, and E-commerce Sites"
8775,Academic/Edu,"Not Validating RPKI ROV|Colleges, Universities, and Professional Schools|Community Groups and Nonprofits|Research and Development Organizations"
205387,Unknown,
41551,Other,"Finance and Insurance|Banks, Credit Card Companies, Mortgage Providers"
205391,Other,"Buildings (Residential or Commercial)|Food, Grocery, Beverages|Retail Stores, Wholesale, and E-commerce Sites|Construction and Real Estate"
41554,ISP,"Not Validating RPKI ROV|Retail Stores, Wholesale, and E-commerce Sites|Computer and Information Technology|Buildings, Repair, Maintenance (Pest Control, Landscaping, Cleaning, Locksmiths, Car Washes, etc)"
41556,ISP,"Computer and Information Technology|Education and Research|Electric Power Generation, Transmission, Distribution|Utilities (Excluding Internet Service)"
205396,Other,"Retail Stores, Wholesale, and E-commerce Sites"
8790,Academic/Edu,"Not Validating RPKI ROV|Elementary and Secondary Schools|Media, Publishing, and Broadcasting|Colleges, Universities, and Professional Schools"
41560,ISP,Eyeball|Not Validating RPKI ROV|Computer and Information Technology|Construction and Real Estate
41566,Academic/Edu,"Not Validating RPKI ROV|Elementary and Secondary Schools|Agriculture, Mining, and Refineries (Farming, Greenhouses, Mining, Forestry, and Animal Farming)|Colleges, Universities, and Professional Schools"
205412,ISP,"Service|Law, Business, and Consulting Services|Software Development|Computer and Information Technology"
41575,ISP,Computer and Information Technology|Not Validating RPKI ROV|Internet Service Provider (ISP)
41578,Other,"Retail Stores, Wholesale, and E-commerce Sites"
205421,Content/CDN,Software Development|Hosting and Cloud Provider|Computer and Information Technology|IPv6 only
8817,ISP,"Validating RPKI ROV|Internet Service Provider (ISP)|Computer and Information Technology|Hosting, Cloud Provider, Data Center, Server Colocation"
205429,ISP,Internet Service Provider (ISP)|Computer and Information Technology
41592,ISP,Computer and Information Technology|Internet Service Provider (ISP)|Phone Provider
205432,Other,"Manufacturing|Retail Stores, Wholesale, and E-commerce Sites|Chemical and Pharmaceutical Manufacturing"
205433,Other,"Retail Stores, Wholesale, and E-commerce Sites|Software Development|Computer and Information Technology"
8828,ISP,Computer and Information Technology|Not Validating RPKI ROV|Internet Service Provider (ISP)|Phone Provider
205438,ISP,Internet Service Provider (ISP)|Computer and Information Technology
41599,Academic/Edu,"Education and Research|Not Validating RPKI ROV|Colleges, Universities, and Professional Schools"
205439,ISP,Internet Service Provider (ISP)|Not Validating RPKI ROV|Computer and Information Technology
41601,ISP,Eyeball|Not Validating RPKI ROV|Computer and Information Technology|Internet Service Provider (ISP)
205442,Other,"Construction and Real Estate|Civil Engineering Construction (Utility Lines, Roads and Bridges)|Buildings (Residential or Commercial)"
8846,Eyeball,"Not Validating RPKI ROV|Construction and Real Estate|Civil Engineering Construction (Utility Lines, Roads and Bridges)|Museums, Libraries, and Entertainment"
41615,Other,"Not Validating RPKI ROV|Banks, Credit Card Companies, Mortgage Providers|Construction and Real Estate|Finance and Insurance"
41616,ISP,Eyeball|Internet Service Provider (ISP)|Computer and Information Technology
41617,Other,"Buildings (Residential or Commercial)|Not Validating RPKI ROV|Civil Engineering Construction (Utility Lines, Roads and Bridges)|Construction and Real Estate"
8848,ISP,Validating RPKI ROV|Finance and Insurance|Computer and Information Technology|Internet Service Provider (ISP)
41619,Other,"Print Media (Newspapers, Magazines, Books)|Media, Publishing, and Broadcasting|Retail Stores, Wholesale, and E-commerce Sites|Online Informational Content"
205460,ISP,Internet Service Provider (ISP)|Computer and Information Technology
8853,ISP,"Law, Business, and Consulting Services|Service|Real Estate (Residential and/or Commercial)|Finance and Insurance"
41636,Government,"Government and Regulatory Agencies, Administrations, Departments, and Services|Government and Public Administration|Government"
41639,ISP,Eyeball|Not Validating RPKI ROV|Buildings (Residential or Commercial)|Construction and Real Estate
8872,Enterprise,"Validating RPKI ROV|Law, Business, and Consulting Services|Food, Grocery, Beverages|Retail Stores, Wholesale, and E-commerce Sites"
205482,Other,"Retail Stores, Wholesale, and E-commerce Sites|Freight, Shipment, and Postal Services|Food, Grocery, Beverages"
41654,ISP,"Hosting and Cloud Provider|Real Estate (Residential and/or Commercial)|Service|Law, Business, and Consulting Services"
205495,ISP,"Internet Service Provider (ISP)|Civil Engineering Construction (Utility Lines, Roads and Bridges)|Buildings (Residential or Commercial)|Computer and Information Technology"
205500,ISP,"Service|Not Validating RPKI ROV|Retail Stores, Wholesale, and E-commerce Sites|Banks, Credit Card Companies, Mortgage Providers"
41661,ISP,"Eyeball|Not Validating RPKI ROV|Media, Publishing, and Broadcasting|Computer and Information Technology"
41667,Other,"Service|Retail Stores, Wholesale, and E-commerce Sites|Hospitals and Medical Centers|Health Care Services"
41668,ISP,"Eyeball|Not Validating RPKI ROV|Media, Publishing, and Broadcasting|Computer and Information Technology"
8901,ISP,Tranco 10k Host|Validating RPKI ROV|Internet Service Provider (ISP)|Computer and Information Technology
8904,Government,"Validating RPKI ROV|Finance and Insurance|Banks, Credit Card Companies, Mortgage Providers|Community Groups and Nonprofits"
8905,ISP,Eyeball|Not Validating RPKI ROV|Internet Service Provider (ISP)|Computer and Information Technology
41673,Other,"Finance and Insurance|Banks, Credit Card Companies, Mortgage Providers"
205515,ISP,Eyeball|Not Validating RPKI ROV|Computer and Information Technology|Internet Service Provider (ISP)
8909,Academic/Edu,"Validating RPKI ROV|Colleges, Universities, and Professional Schools|Media, Publishing, and Broadcasting|Print Media (Newspapers, Magazines, Books)"
41681,Other,"Not Validating RPKI ROV|Online Informational Content|Media, Publishing, and Broadcasting"
41682,ISP,Eyeball|Not Validating RPKI ROV|Internet Service Provider (ISP)|Music and Video Industry
8915,ISP,Validating RPKI ROV|Hosting and Cloud Provider|Service|Internet Service Provider (ISP)
8920,ISP,Eyeball|Not Validating RPKI ROV|Computer and Information Technology|Internet Service Provider (ISP)
41688,Other,"Food, Grocery, Beverages|Retail Stores, Wholesale, and E-commerce Sites"
205528,Other,"Machinery|Retail Stores, Wholesale, and E-commerce Sites|Civil Engineering Construction (Utility Lines, Roads and Bridges)|Construction and Real Estate"
41691,ISP,Eyeball|Computer and Information Technology|Internet Service Provider (ISP)|Home ISP
41704,ISP,Eyeball|Not Validating RPKI ROV|Radio and Television Providers|Computer and Information Technology
41706,Other,"Agriculture, Mining, and Refineries (Farming, Greenhouses, Mining, Forestry, and Animal Farming)|Manufacturing|Chemical and Pharmaceutical Manufacturing|Tranco 10k Host"
8941,Academic/Edu,"Not Validating RPKI ROV|Education and Research|Colleges, Universities, and Professional Schools|Academic"
205553,ISP,"Civil Engineering Construction (Utility Lines, Roads and Bridges)|Not Validating RPKI ROV|Internet Service Provider (ISP)|Construction and Real Estate"
41718,Enterprise,"Law, Business, and Consulting Services|Service"
41719,ISP,"Media, Publishing, and Broadcasting|Internet Service Provider (ISP)|Computer and Information Technology|Print Media (Newspapers, Magazines, Books)"
41722,ISP,Eyeball|Not Validating RPKI ROV|Computer and Information Technology|Internet Service Provider (ISP)
205562,Content/CDN,"Media, Publishing, and Broadcasting|Retail Stores, Wholesale, and E-commerce Sites|Print Media (Newspapers, Magazines, Books)|Computer and Information Technology"
41727,ISP,"Eyeball|Not Validating RPKI ROV|Music and Video Industry|Media, Publishing, and Broadcasting"
205567,Other,"Not Validating RPKI ROV|Retail Stores, Wholesale, and E-commerce Sites|Travel and Accommodation|Health Care Services"
205569,ISP,Eyeball|Not Validating RPKI ROV|Internet Service Provider (ISP)|Computer and Information Technology
41733,ISP,Eyeball|Computer and Information Technology|Internet Service Provider (ISP)|Home ISP
205576,Enterprise,"Investment, Portfolio Management, Pensions and Funds|Service|Computer and Information Technology|Finance and Insurance"
41740,ISP,"Anycast|Freight, Shipment, and Postal Services|Internet Service Provider (ISP)|Computer and Information Technology"
41743,ISP,Eyeball|Computer and Information Technology|Internet Service Provider (ISP)|Hosting and Cloud Provider
41745,ISP,Server Hosting|Internet Service Provider (ISP)|Software Development|Computer and Information Technology
41748,ISP,Computer and Information Technology|Internet Service Provider (ISP)
8981,Academic/Edu,"Construction and Real Estate|Civil Engineering Construction (Utility Lines, Roads and Bridges)|Buildings (Residential or Commercial)|Education and Research"
8985,ISP,"Tranco 10k Host|Not Validating RPKI ROV|Freight, Shipment, and Postal Services|Computer and Information Technology"
41754,ISP,"Eyeball|Internet Service Provider (ISP)|Media, Publishing, and Broadcasting|Music and Video Industry"
205595,ISP,Not Validating RPKI ROV|Computer and Information Technology|Internet Service Provider (ISP)|Hosting and Cloud Provider
41762,Other,"Retail Stores, Wholesale, and E-commerce Sites"
8997,ISP,Eyeball|Computer and Information Technology|Internet Service Provider (ISP)
8998,ISP,Computer and Information Technology|Internet Service Provider (ISP)
41771,ISP,Eyeball|Not Validating RPKI ROV|Internet Service Provider (ISP)|Computer and Information Technology
205611,Other,"Retail Stores, Wholesale, and E-commerce Sites|Freight, Shipment, and Postal Services"
9006,ISP,Validating RPKI ROV|Computer and Information Technology|Real Estate (Residential and/or Commercial)|Buildings (Residential or Commercial)
41774,ISP,"Not Validating RPKI ROV|Insurance Carriers and Agencies|Investment, Portfolio Management, Pensions and Funds|Finance and Insurance"
41775,Other,"Retail Stores, Wholesale, and E-commerce Sites|Freight, Shipment, and Postal Services|Food, Grocery, Beverages|Manufacturing"
205616,Content/CDN,"Buildings, Repair, Maintenance (Pest Control, Landscaping, Cleaning, Locksmiths, Car Washes, etc)|Hosting and Cloud Provider|Software Development|Service"
41783,Other,Not Validating RPKI ROV
41786,ISP,Eyeball|Not Validating RPKI ROV|Internet Service Provider (ISP)|Music and Video Industry
41787,ISP,"Finance and Insurance|Civil Engineering Construction (Utility Lines, Roads and Bridges)|Computer and Information Technology|Construction and Real Estate"
205628,ISP,"Not Validating RPKI ROV|Computer and Information Technology|Construction and Real Estate|Civil Engineering Construction (Utility Lines, Roads and Bridges)"
41789,ISP,Eyeball|Not Validating RPKI ROV|Computer and Information Technology|Internet Service Provider (ISP)
41794,ISP,Eyeball|Not Validating RPKI ROV|Computer and Information Technology|Internet Service Provider (ISP)
205638,ISP,Mobile Data/Carrier|Internet Service Provider (ISP)|Computer and Information Technology|Finance and Insurance
9032,ISP,Not Validating RPKI ROV|Computer and Information Technology|Internet Service Provider (ISP)
205641,Other,"Trucking|Chemical and Pharmaceutical Manufacturing|Freight, Shipment, and Postal Services|Manufacturing"
41802,ISP,Eyeball|Not Validating RPKI ROV|Internet Service Provider (ISP)|Computer and Information Technology
205642,ISP,Software Development|Internet Service Provider (ISP)|Computer and Information Technology
9039,ISP,Internet Service Provider (ISP)|Validating RPKI ROV|Computer and Information Technology
9041,Academic/Edu,"Education and Research|Elementary and Secondary Schools|Colleges, Universities, and Professional Schools|Media, Publishing, and Broadcasting"
41812,Other,Service
205652,ISP,"Internet Service Provider (ISP)|Retail Stores, Wholesale, and E-commerce Sites|Computer and Information Technology|Construction and Real Estate"
41816,ISP,"Internet Service Provider (ISP)|Retail Stores, Wholesale, and E-commerce Sites|Computer and Information Technology"
9049,ISP,Carrier|Internet Service Provider (ISP)|Computer and Information Technology
205657,ISP,"Not Validating RPKI ROV|Civil Engineering Construction (Utility Lines, Roads and Bridges)|Computer and Information Technology|Trucking"
41822,ISP,Eyeball|Not Validating RPKI ROV|Computer and Information Technology|Internet Service Provider (ISP)
9056,Academic/Edu,"Colleges, Universities, and Professional Schools|Education and Research"
9058,Other,"Validating RPKI ROV|Water Transportation|furniture|Retail Stores, Wholesale, and E-commerce Sites"
41826,Other,"Clothing and Textiles|Retail Stores, Wholesale, and E-commerce Sites|Manufacturing|Clothing, Fashion, Luggage"
41829,ISP,"Eyeball|Retail Stores, Wholesale, and E-commerce Sites|Media, Publishing, and Broadcasting|Internet Service Provider (ISP)"
41831,ISP,"Computer and Information Technology|Retail Stores, Wholesale, and E-commerce Sites|Internet Service Provider (ISP)"
9068,ISP,"Buildings (Residential or Commercial)|Civil Engineering Construction (Utility Lines, Roads and Bridges)|Media, Publishing, and Broadcasting|Internet Service Provider (ISP)"
41837,ISP,"Civil Engineering Construction (Utility Lines, Roads and Bridges)|Construction and Real Estate|Hosting and Cloud Provider|Internet Service Provider (ISP)"
41842,Enterprise,"Law, Business, and Consulting Services|Service"
41843,ISP,Eyeball|Not Validating RPKI ROV|Internet Service Provider (ISP)|Computer and Information Technology
205682,Enterprise,"Service|Law, Business, and Consulting Services|Freight, Shipment, and Postal Services|Construction and Real Estate"
9077,Academic/Edu,"Validating RPKI ROV|Media, Publishing, and Broadcasting|Research and Development Organizations|Travel and Accommodation"
9078,Other,Validating RPKI ROV|Service
41845,Other,"Manufacturing|Clothing and Textiles|Retail Stores, Wholesale, and E-commerce Sites|Clothing, Fashion, Luggage"
41853,ISP,Server Hosting|Internet Service Provider (ISP)|Computer and Information Technology
41854,ISP,"Eyeball|Computer and Information Technology|Media, Publishing, and Broadcasting|Music and Video Industry"
41855,Enterprise,"Service|Banks, Credit Card Companies, Mortgage Providers|Law, Business, and Consulting Services|Finance and Insurance"
41861,ISP,Internet Service Provider (ISP)|Computer and Information Technology|Eyeball
41862,ISP,Internet Service Provider (ISP)|Computer and Information Technology
205701,Enterprise,"Media, Publishing, and Broadcasting|Print Media (Newspapers, Magazines, Books)|Service|Law, Business, and Consulting Services"
41864,Content/CDN,"Hosting and Cloud Provider|Service|Software Development|Retail Stores, Wholesale, and E-commerce Sites"
205702,ISP,Computer and Network Security|Internet Service Provider (ISP)|Computer and Information Technology
205711,ISP,Computer and Information Technology|Not Validating RPKI ROV|Internet Service Provider (ISP)
9107,ISP,"Trucking|Retail Stores, Wholesale, and E-commerce Sites|Hosting and Cloud Provider|Internet Service Provider (ISP)"
205717,ISP,Internet Service Provider (ISP)|Computer and Information Technology
9110,ISP,"Retail Stores, Wholesale, and E-commerce Sites|Not Validating RPKI ROV|Internet Service Provider (ISP)|Computer and Information Technology"
9111,Eyeball,"Not Validating RPKI ROV|Health Care Services|Elementary and Secondary Schools|Colleges, Universities, and Professional Schools"
205720,Other,"Freight, Shipment, and Postal Services|Construction and Real Estate|Real Estate (Residential and/or Commercial)|Passenger Transit (Car, Bus, Taxi, Subway)"
9113,Other,"Construction and Real Estate|Validating RPKI ROV|Real Estate (Residential and/or Commercial)|Food, Grocery, Beverages"
9122,ISP,Not Validating RPKI ROV|Computer and Information Technology|Internet Service Provider (ISP)
9123,ISP,Tranco 10k Host|Not Validating RPKI ROV|Hosting and Cloud Provider|Internet Service Provider (ISP)
9124,Academic/Edu,"Not Validating RPKI ROV|Media, Publishing, and Broadcasting|Elementary and Secondary Schools|Colleges, Universities, and Professional Schools"
41892,Other,Not Validating RPKI ROV|Music and Video Industry|Manufacturing|Libraries and Archives
41895,Other,"Not Validating RPKI ROV|Media, Publishing, and Broadcasting|Freight, Shipment, and Postal Services|Retail Stores, Wholesale, and E-commerce Sites"
205735,Other,"Manufacturing|Chemical and Pharmaceutical Manufacturing|Machinery|Metal, Glass, Wood, and Paper Manufacturing"
9130,Other,"Validating RPKI ROV|Retail Stores, Wholesale, and E-commerce Sites|Freight, Shipment, and Postal Services"
9134,Other,"Service|Media, Publishing, and Broadcasting"
41904,ISP,Hosting and Cloud Provider|Not Validating RPKI ROV|Computer and Information Technology|Construction and Real Estate
41914,Enterprise,"Computer and Information Technology|Construction and Real Estate|Law, Business, and Consulting Services|Real Estate (Residential and/or Commercial)"
205754,Other,"Construction and Real Estate|Freight, Shipment, and Postal Services|Buildings (Residential or Commercial)|Postal Services and Couriers"
9157,Academic/Edu,Research and Development Organizations|Education and Research|Construction and Real Estate|Buildings (Residential or Commercial)
41925,ISP,"Eyeball|Manufacturing|Buildings (Residential or Commercial)|Civil Engineering Construction (Utility Lines, Roads and Bridges)"
205765,Other,"Finance and Insurance|Investment, Portfolio Management, Pensions and Funds|Service"
41928,Other,"Computer and Information Technology|Construction and Real Estate|Buildings (Residential or Commercial)|Civil Engineering Construction (Utility Lines, Roads and Bridges)"
41929,ISP,Eyeball|Not Validating RPKI ROV|Home ISP|Computer and Information Technology
9162,Academic/Edu,"Validating RPKI ROV|Buildings (Residential or Commercial)|Elementary and Secondary Schools|Colleges, Universities, and Professional Schools"
205773,ISP,Computer and Information Technology|Internet Service Provider (ISP)|IPv6 only
41938,ISP,"Hosting and Cloud Provider|Not Validating RPKI ROV|Internet Service Provider (ISP)|Retail Stores, Wholesale, and E-commerce Sites"
41942,ISP,Internet Service Provider (ISP)|Computer and Information Technology|Research and Development Organizations|Software Development
205784,ISP,Eyeball|Not Validating RPKI ROV|Computer and Information Technology|Internet Service Provider (ISP)
9177,ISP,Not Validating RPKI ROV|Internet Service Provider (ISP)|Computer and Information Technology|Eyeball
41957,Eyeball,"Eyeball|Print Media (Newspapers, Magazines, Books)|Media, Publishing, and Broadcasting|Hosting and Cloud Provider"
205799,Enterprise,"Service|Law, Business, and Consulting Services"
9203,Other,"Buildings (Residential or Commercial)|Civil Engineering Construction (Utility Lines, Roads and Bridges)|Manufacturing|Construction and Real Estate"
9206,Eyeball,"Not Validating RPKI ROV|Colleges, Universities, and Professional Schools|Education and Research|Eyeball"
41975,Other,"Food, Grocery, Beverages|Media, Publishing, and Broadcasting|Print Media (Newspapers, Magazines, Books)|Retail Stores, Wholesale, and E-commerce Sites"
41976,ISP,Not Validating RPKI ROV|Internet Service Provider (ISP)|Computer and Information Technology
205822,ISP,"Computer and Information Technology|Law, Business, and Consulting Services|Internet Service Provider (ISP)|Service"
205824,Enterprise,"Technology Consulting Services|Computer and Information Technology|Law, Business, and Consulting Services|Service"
205828,ISP,IPv6 only|Computer and Information Technology|Manufacturing|Software Development
205830,Other,Service
41999,Other,Validating RPKI ROV|Travel and Accommodation
42001,Other,"Not Validating RPKI ROV|Media, Publishing, and Broadcasting|Print Media (Newspapers, Magazines, Books)"
42002,ISP,"Retail Stores, Wholesale, and E-commerce Sites|Computer and Information Technology|Internet Service Provider (ISP)"
42007,ISP,Computer and Information Technology|Internet Service Provider (ISP)
205849,Other,"Retail Stores, Wholesale, and E-commerce Sites|Food, Grocery, Beverages|Clothing, Fashion, Luggage"
205858,Government,"Government and Public Administration|Military, Defense, National Security, and International Affairs"
42023,ISP,Internet Service Provider (ISP)|Computer and Information Technology
42024,ISP,Not Validating RPKI ROV|Internet Service Provider (ISP)|Finance and Insurance|Computer and Information Technology
205864,ISP,"Buildings, Repair, Maintenance (Pest Control, Landscaping, Cleaning, Locksmiths, Car Washes, etc)|Service|Retail Stores, Wholesale, and E-commerce Sites|Internet Service Provider (ISP)"
205865,ISP,"Retail Stores, Wholesale, and E-commerce Sites|Computer and Information Technology|Buildings, Repair, Maintenance (Pest Control, Landscaping, Cleaning, Locksmiths, Car Washes, etc)|Internet Service Provider (ISP)"
42027,Other,"Not Validating RPKI ROV|Retail Stores, Wholesale, and E-commerce Sites|Real Estate (Residential and/or Commercial)|Construction and Real Estate"
205866,Other,"IPv6 only|Online Informational Content|Media, Publishing, and Broadcasting|Software Development"
42033,Other,"Media, Publishing, and Broadcasting|Museums, Libraries, and Entertainment|Music and Video Industry"
42038,ISP,Eyeball|Not Validating RPKI ROV|Internet Service Provider (ISP)|Construction and Real Estate
42048,Academic/Edu,"Not Validating RPKI ROV|Education and Research|Colleges, Universities, and Professional Schools|Academic"
42056,Government,"Government and Public Administration|Military, Defense, National Security, and International Affairs|Government"
205901,Other,Personal ASN|Software Development|Computer and Information Technology
42062,ISP,Computer and Information Technology|Internet Service Provider (ISP)
42065,ISP,Eyeball|Not Validating RPKI ROV|Computer and Information Technology|Internet Service Provider (ISP)
205907,Academic/Edu,Education and Research
42069,Other,Software Development|Computer and Information Technology
42071,ISP,"Not Validating RPKI ROV|Real Estate (Residential and/or Commercial)|Retail Stores, Wholesale, and E-commerce Sites|Computer and Information Technology"
42072,Academic/Edu,"Colleges, Universities, and Professional Schools|Education and Research|Elementary and Secondary Schools"
205922,ISP,"Not Validating RPKI ROV|Internet Service Provider (ISP)|Retail Stores, Wholesale, and E-commerce Sites|Computer and Information Technology"
42087,ISP,Eyeball|Not Validating RPKI ROV|Internet Service Provider (ISP)|Computer and Information Technology
42091,ISP,Computer and Information Technology|Phone Provider|Internet Service Provider (ISP)
42097,Academic/Edu,"Education and Research|Research and Development Organizations|Retail Stores, Wholesale, and E-commerce Sites"
42104,ISP,Eyeball|Not Validating RPKI ROV|Computer and Information Technology|Internet Service Provider (ISP)
42110,ISP,Eyeball|Not Validating RPKI ROV|Phone Provider|Computer and Information Technology
205952,Content/CDN,VPN Host|Hosting and Cloud Provider|Computer and Information Technology
42113,ISP,"Music and Video Industry|Media, Publishing, and Broadcasting|Internet Service Provider (ISP)|Computer and Information Technology"
205954,Content/CDN,Hosting and Cloud Provider|Computer and Information Technology
42115,ISP,Internet Service Provider (ISP)|Not Validating RPKI ROV|Computer and Information Technology
42116,ISP,Eyeball|Not Validating RPKI ROV|Music and Video Industry|Computer and Information Technology
42119,ISP,Not Validating RPKI ROV|Computer and Information Technology|Internet Service Provider (ISP)
42121,Government,"Government and Regulatory Agencies, Administrations, Departments, and Services|Government and Public Administration"
205963,Other,"Real Estate (Residential and/or Commercial)|Retail Stores, Wholesale, and E-commerce Sites|Travel and Accommodation|Construction and Real Estate"
205971,ISP,Internet Service Provider (ISP)|Computer and Information Technology
42132,ISP,Eyeball|Computer and Information Technology|Internet Service Provider (ISP)
42135,Enterprise,"Service|Retail Stores, Wholesale, and E-commerce Sites|Law, Business, and Consulting Services|Real Estate (Residential and/or Commercial)"
42136,Other,"Not Validating RPKI ROV|Real Estate (Residential and/or Commercial)|Construction and Real Estate|Retail Stores, Wholesale, and E-commerce Sites"
205978,Other,"Retail Stores, Wholesale, and E-commerce Sites|Freight, Shipment, and Postal Services|Machinery|Manufacturing"
42139,ISP,"Freight, Shipment, and Postal Services|Internet Service Provider (ISP)|Computer and Information Technology"
42141,ISP,"Computer and Information Technology|Retail Stores, Wholesale, and E-commerce Sites|Civil Engineering Construction (Utility Lines, Roads and Bridges)|Construction and Real Estate"
42144,Other,"Real Estate (Residential and/or Commercial)|Retail Stores, Wholesale, and E-commerce Sites|Construction and Real Estate"
42145,ISP,Eyeball|Not Validating RPKI ROV|Home ISP|Internet Service Provider (ISP)
42148,ISP,"Eyeball|Not Validating RPKI ROV|Internet Service Provider (ISP)|Media, Publishing, and Broadcasting"
42149,ISP,"Internet Service Provider (ISP)|Not Validating RPKI ROV|Freight, Shipment, and Postal Services|Computer and Information Technology"
42151,Other,"Content|Not Validating RPKI ROV|Construction and Real Estate|Retail Stores, Wholesale, and E-commerce Sites"
205998,ISP,Home ISP|Finance and Insurance|Construction and Real Estate|Real Estate (Residential and/or Commercial)
206011,ISP,Eyeball|Not Validating RPKI ROV|Internet Service Provider (ISP)|Computer and Information Technology
206012,ISP,"Trucking|Computer and Information Technology|Freight, Shipment, and Postal Services|Construction and Real Estate"
42178,ISP,"Computer and Information Technology|Retail Stores, Wholesale, and E-commerce Sites|Internet Service Provider (ISP)|Software Development"
42187,ISP,"Eyeball|Not Validating RPKI ROV|Retail Stores, Wholesale, and E-commerce Sites|Internet Service Provider (ISP)"
206027,Other,"Freight, Shipment, and Postal Services|Service"
42190,Other,Not Validating RPKI ROV|Electronics and Computer Components|Construction and Real Estate|Manufacturing
206039,ISP,Hosting and Cloud Provider|Computer and Information Technology|Internet Service Provider (ISP)
206054,ISP,Not Validating RPKI ROV|Service|Utilities (Excluding Internet Service)|Internet Service Provider (ISP)
206057,ISP,Not Validating RPKI ROV|Internet Service Provider (ISP)|Computer and Information Technology
42218,ISP,"Music and Video Industry|Computer and Information Technology|Internet Service Provider (ISP)|Media, Publishing, and Broadcasting"
42219,Other,"Not Validating RPKI ROV|Passenger Transit (Car, Bus, Taxi, Subway)|Retail Stores, Wholesale, and E-commerce Sites|Freight, Shipment, and Postal Services"
206061,ISP,Internet Service Provider (ISP)|Computer and Information Technology|Technology Consulting Services
42224,Other,"Banks, Credit Card Companies, Mortgage Providers|Finance and Insurance"
206066,ISP,"Eyeball|Not Validating RPKI ROV|Media, Publishing, and Broadcasting|Retail Stores, Wholesale, and E-commerce Sites"
42231,Other,"Investment, Portfolio Management, Pensions and Funds|Banks, Credit Card Companies, Mortgage Providers|Finance and Insurance"
42238,ISP,"Eyeball|Not Validating RPKI ROV|Print Media (Newspapers, Magazines, Books)|Service"
42239,ISP,Eyeball|Not Validating RPKI ROV|Computer and Information Technology|Internet Service Provider (ISP)
42240,Content/CDN,Computer and Information Technology|Hosting and Cloud Provider
206083,Enterprise,"Manufacturing|Clothing, Fashion, Luggage|Service|Print Media (Newspapers, Magazines, Books)"
42245,ISP,Phone Provider|Not Validating RPKI ROV|Computer and Information Technology|Internet Service Provider (ISP)
42247,Other,Construction and Real Estate|Real Estate (Residential and/or Commercial)|Buildings (Residential or Commercial)
42253,ISP,Computer and Information Technology|Internet Service Provider (ISP)
42260,Content/CDN,"Not Validating RPKI ROV|Hosting, Cloud Provider, Data Center, Server Colocation|Buildings (Residential or Commercial)|Computer and Information Technology"
42268,Enterprise,"Not Validating RPKI ROV|Retail Stores, Wholesale, and E-commerce Sites|Travel and Accommodation|Food Services and Drinking Places"
42269,ISP,Real Estate (Residential and/or Commercial)|Construction and Real Estate|Computer and Information Technology|Internet Service Provider (ISP)
42276,Other,"Buildings, Repair, Maintenance (Pest Control, Landscaping, Cleaning, Locksmiths, Car Washes, etc)|Retail Stores, Wholesale, and E-commerce Sites|Service"
42277,ISP,Eyeball|Computer and Information Technology|Internet Service Provider (ISP)|Home ISP
42289,Academic/Edu,"Academic|Not Validating RPKI ROV|Colleges, Universities, and Professional Schools|Education and Research"
42291,ISP,Eyeball|Not Validating RPKI ROV|Internet Service Provider (ISP)|Computer and Information Technology
42301,Other,"Retail Stores, Wholesale, and E-commerce Sites|Agriculture, Mining, and Refineries (Farming, Greenhouses, Mining, Forestry, and Animal Farming)"
42304,ISP,Not Validating RPKI ROV|Internet Service Provider (ISP)|Computer and Information Technology|Eyeball
206152,ISP,"Not Validating RPKI ROV|Buildings, Repair, Maintenance (Pest Control, Landscaping, Cleaning, Locksmiths, Car Washes, etc)|Computer and Information Technology|Internet Service Provider (ISP)"
206153,Other,"Media, Publishing, and Broadcasting|Print Media (Newspapers, Magazines, Books)|Retail Stores, Wholesale, and E-commerce Sites|Travel and Accommodation"
206156,Other,Finance and Insurance
42317,Other,"Real Estate (Residential and/or Commercial)|Retail Stores, Wholesale, and E-commerce Sites|Finance and Insurance|Construction and Real Estate"
42322,ISP,Eyeball|Internet Service Provider (ISP)|Computer and Information Technology|Home ISP
42323,ISP,"Not Validating RPKI ROV|Media, Publishing, and Broadcasting|Computer and Information Technology|Radio and Television Providers"
206171,ISP,Internet Service Provider (ISP)|Computer and Information Technology
206174,ISP,Computer and Information Technology|Internet Service Provider (ISP)|IPv6 only
42339,ISP,Eyeball|Internet Service Provider (ISP)|Computer and Information Technology
42340,Other,Buildings (Residential or Commercial)|Construction and Real Estate|Trucking|Manufacturing
206179,Other,Computer and Information Technology
206181,Other,"Civil Engineering Construction (Utility Lines, Roads and Bridges)|Utilities (Excluding Internet Service)|Electric Power Generation, Transmission, Distribution|Construction and Real Estate"
42358,ISP,Phone Provider|Not Validating RPKI ROV|Internet Service Provider (ISP)|Computer and Information Technology
42362,ISP,Phone Provider|Not Validating RPKI ROV|Computer and Information Technology|Internet Service Provider (ISP)
42364,Other,Health Care Services|Hospitals and Medical Centers
42368,ISP,"Eyeball|Internet Service Provider (ISP)|Computer and Information Technology|Media, Publishing, and Broadcasting"
206213,Unknown,
42377,Other,"Not Validating RPKI ROV|Print Media (Newspapers, Magazines, Books)|Media, Publishing, and Broadcasting"
206224,Other,Buildings (Residential or Commercial)|Construction and Real Estate
42385,ISP,"Anycast|Computer and Information Technology|Internet Service Provider (ISP)|Freight, Shipment, and Postal Services"
42387,ISP,Eyeball|Not Validating RPKI ROV|Computer and Information Technology|Internet Service Provider (ISP)
42393,Enterprise,"Retail Stores, Wholesale, and E-commerce Sites|Law, Business, and Consulting Services|Manufacturing|Service"
42394,Other,Other
42395,Eyeball,"Retail Stores, Wholesale, and E-commerce Sites|Freight, Shipment, and Postal Services|Food, Grocery, Beverages|Eyeball"
42399,ISP,Computer and Information Technology|Internet Service Provider (ISP)|VPN Host
42403,ISP,"Computer and Information Technology|Freight, Shipment, and Postal Services|Internet Service Provider (ISP)"
206247,Other,"Media, Publishing, and Broadcasting|Software Development|Computer and Information Technology|Service"
42408,Other,"Manufacturing|Automotive and Transportation|Retail Stores, Wholesale, and E-commerce Sites"
206256,ISP,Hosting and Cloud Provider|Computer and Information Technology|Internet Service Provider (ISP)|Eyeball
42437,ISP,Eyeball|Not Validating RPKI ROV|Computer and Information Technology|Internet Service Provider (ISP)
42444,ISP,Finance and Insurance|Insurance Carriers and Agencies
42448,ISP,Phone Provider|Internet Service Provider (ISP)|Computer and Information Technology
42451,ISP,Computer and Information Technology|Internet Service Provider (ISP)|Hosting and Cloud Provider|Software Development
206295,Other,Buildings (Residential or Commercial)|Construction and Real Estate
206301,Content/CDN,Computer and Information Technology|Software Development|Hosting and Cloud Provider
206306,Content/CDN,Computer and Information Technology|Hosting and Cloud Provider|IPv6 only
42478,ISP,Eyeball|Not Validating RPKI ROV|Internet Service Provider (ISP)|Construction and Real Estate
42481,Enterprise,"Computer and Information Technology|Service|Law, Business, and Consulting Services|Media, Publishing, and Broadcasting"
42482,ISP,Not Validating RPKI ROV|Internet Service Provider (ISP)|Computer and Information Technology
42483,ISP,Internet Service Provider (ISP)|Computer and Information Technology
42484,ISP,Eyeball|Not Validating RPKI ROV|Phone Provider|Internet Service Provider (ISP)
206323,Other,"Finance and Insurance|Banks, Credit Card Companies, Mortgage Providers"
206333,ISP,"Real Estate (Residential and/or Commercial)|Not Validating RPKI ROV|Agriculture, Mining, and Refineries (Farming, Greenhouses, Mining, Forestry, and Animal Farming)|Freight, Shipment, and Postal Services"
206334,Other,"Radio and Television Providers|Media, Publishing, and Broadcasting"
206337,Academic/Edu,"Colleges, Universities, and Professional Schools|Research and Development Organizations|Education and Research"
42498,ISP,"Eyeball|Not Validating RPKI ROV|Real Estate (Residential and/or Commercial)|Law, Business, and Consulting Services"
206338,Other,"Utilities (Excluding Internet Service)|Service|Buildings, Repair, Maintenance (Pest Control, Landscaping, Cleaning, Locksmiths, Car Washes, etc)|Civil Engineering Construction (Utility Lines, Roads and Bridges)"
42511,ISP,Eyeball|Not Validating RPKI ROV|Computer and Information Technology|Internet Service Provider (ISP)
42514,Eyeball,"Eyeball|Not Validating RPKI ROV|Civil Engineering Construction (Utility Lines, Roads and Bridges)|Freight, Shipment, and Postal Services"
42516,ISP,Eyeball|Internet Service Provider (ISP)|Computer and Information Technology
42518,ISP,Eyeball|Not Validating RPKI ROV|Computer and Information Technology|Internet Service Provider (ISP)
42521,Other,"Retail Stores, Wholesale, and E-commerce Sites|Not Validating RPKI ROV|Clothing and Textiles|Manufacturing"
42524,Other,"Manufacturing|Computer and Information Technology|Trucking|Freight, Shipment, and Postal Services"
206365,Other,Travel and Accommodation|Air Travel
42526,ISP,Eyeball|Not Validating RPKI ROV|Construction and Real Estate|Computer and Information Technology
42527,Other,"Retail Stores, Wholesale, and E-commerce Sites"
42528,Other,"Print Media (Newspapers, Magazines, Books)|Manufacturing|Food, Beverage, and Tobacco|Civil Engineering Construction (Utility Lines, Roads and Bridges)"
42529,Other,"Retail Stores, Wholesale, and E-commerce Sites|Personal Care and Lifestyle (Barber Shops, Nail Salons, Diet Centers, Laundry, etc)|Service"
42534,ISP,"Internet Service Provider (ISP)|Service|Media, Publishing, and Broadcasting|Buildings, Repair, Maintenance (Pest Control, Landscaping, Cleaning, Locksmiths, Car Washes, etc)"
42537,Other,"Retail Stores, Wholesale, and E-commerce Sites|Manufacturing|Automotive and Transportation"
206385,ISP,Eyeball|Not Validating RPKI ROV|Computer and Information Technology|Internet Service Provider (ISP)
206386,ISP,Insurance Carriers and Agencies|Service|Finance and Insurance|Real Estate (Residential and/or Commercial)
42548,ISP,Phone Provider|Not Validating RPKI ROV|Internet Service Provider (ISP)|Computer and Information Technology
42551,ISP,"Construction and Real Estate|Civil Engineering Construction (Utility Lines, Roads and Bridges)|Computer and Information Technology|Internet Service Provider (ISP)"
42554,Other,"Investment, Portfolio Management, Pensions and Funds|Banks, Credit Card Companies, Mortgage Providers|Finance and Insurance"
206395,ISP,Computer and Information Technology|Internet Service Provider (ISP)|Hosting and Cloud Provider
206396,Enterprise,"Service|Software Development|Computer and Information Technology|Law, Business, and Consulting Services"
42558,ISP,Not Validating RPKI ROV|Computer and Information Technology|Finance and Insurance|Insurance Carriers and Agencies
42559,Other,Finance and Insurance
42561,Other,"Agriculture, Mining, and Refineries (Farming, Greenhouses, Mining, Forestry, and Animal Farming)|Manufacturing|Chemical and Pharmaceutical Manufacturing|Food, Beverage, and Tobacco"
206403,Academic/Edu,"Finance and Insurance|Banks, Credit Card Companies, Mortgage Providers|Education and Research|Research and Development Organizations"
206407,ISP,Computer and Information Technology|Internet Service Provider (ISP)
42569,ISP,Eyeball|Not Validating RPKI ROV|Computer and Information Technology|Construction and Real Estate
42574,ISP,Eyeball|Internet Service Provider (ISP)|Computer and Information Technology|Construction and Real Estate
42577,Other,"Not Validating RPKI ROV|Retail Stores, Wholesale, and E-commerce Sites"
206419,Other,"Software Development|Construction and Real Estate|Computer and Information Technology|Civil Engineering Construction (Utility Lines, Roads and Bridges)"
42582,Other,"Finance and Insurance|Banks, Credit Card Companies, Mortgage Providers"
206424,ISP,"Not Validating RPKI ROV|Retail Stores, Wholesale, and E-commerce Sites|Computer and Information Technology|Buildings, Repair, Maintenance (Pest Control, Landscaping, Cleaning, Locksmiths, Car Washes, etc)"
42589,Other,"Retail Stores, Wholesale, and E-commerce Sites|Not Validating RPKI ROV|Service|Electronics and Computer Components"
206435,Eyeball,Not Validating RPKI ROV|Hosting and Cloud Provider|Computer and Information Technology|Eyeball
42608,ISP,"Not Validating RPKI ROV|Buildings, Repair, Maintenance (Pest Control, Landscaping, Cleaning, Locksmiths, Car Washes, etc)|Computer and Information Technology|Software Development"
206448,ISP,Not Validating RPKI ROV|Internet Service Provider (ISP)|Computer and Information Technology|Eyeball
42610,ISP,Eyeball|Not Validating RPKI ROV|Computer and Information Technology|Internet Service Provider (ISP)
206465,Other,"Not Validating RPKI ROV|Freight, Shipment, and Postal Services|Retail Stores, Wholesale, and E-commerce Sites|Chemical and Pharmaceutical Manufacturing"
42628,Other,"Finance and Insurance|Banks, Credit Card Companies, Mortgage Providers|Investment, Portfolio Management, Pensions and Funds"
42631,ISP,"Computer and Information Technology|Media, Publishing, and Broadcasting|Music and Video Industry|Internet Service Provider (ISP)"
42632,ISP,"Eyeball|Not Validating RPKI ROV|Freight, Shipment, and Postal Services|Retail Stores, Wholesale, and E-commerce Sites"
42636,ISP,Not Validating RPKI ROV|Hosting and Cloud Provider|Computer and Information Technology|Internet Service Provider (ISP)
42653,ISP,"Computer and Information Technology|Construction and Real Estate|Retail Stores, Wholesale, and E-commerce Sites|Buildings (Residential or Commercial)"
42661,Other,"Retail Stores, Wholesale, and E-commerce Sites|Clothing, Fashion, Luggage"
206501,ISP,Internet Service Provider (ISP)|Computer and Information Technology|Construction and Real Estate|Buildings (Residential or Commercial)
206503,Content/CDN,"Computer and Information Technology|Hosting, Cloud Provider, Data Center, Server Colocation"
42668,ISP,"Eyeball|Not Validating RPKI ROV|Internet Service Provider (ISP)|Civil Engineering Construction (Utility Lines, Roads and Bridges)"
42674,ISP,"Internet Service Provider (ISP)|Investment, Portfolio Management, Pensions and Funds|Finance and Insurance|Computer and Information Technology"
206515,Other,Service
42676,ISP,Eyeball|Not Validating RPKI ROV|Internet Service Provider (ISP)|Computer and Information Technology
42677,Content/CDN,"Recreation, Sports, and Performing Arts|Retail Stores, Wholesale, and E-commerce Sites|Food Services and Drinking Places|Computer and Information Technology"
42682,ISP,Eyeball|Internet Service Provider (ISP)|Computer and Information Technology|Home ISP
42683,ISP,"Eyeball|Not Validating RPKI ROV|Music and Video Industry|Media, Publishing, and Broadcasting"
42693,Other,"Banks, Credit Card Companies, Mortgage Providers|Finance and Insurance"
42696,Other,Manufacturing|Clothing and Textiles
206536,Other,"Freight, Shipment, and Postal Services|Water Transportation"
206538,ISP,Not Validating RPKI ROV|Internet Service Provider (ISP)|Computer and Information Technology|Construction and Real Estate
42704,Enterprise,"Not Validating RPKI ROV|Retail Stores, Wholesale, and E-commerce Sites|Construction and Real Estate|Freight, Shipment, and Postal Services"
42728,ISP,"Internet Service Provider (ISP)|Computer and Information Technology|Freight, Shipment, and Postal Services"
206572,Other,Construction and Real Estate|Real Estate (Residential and/or Commercial)
42740,Academic/Edu,"Not Validating RPKI ROV|Computer and Information Technology|Colleges, Universities, and Professional Schools|Education and Research"
42742,ISP,"Eyeball|Not Validating RPKI ROV|Computer and Information Technology|Retail Stores, Wholesale, and E-commerce Sites"
206585,ISP,"Retail Stores, Wholesale, and E-commerce Sites|Electric Power Generation, Transmission, Distribution|Computer and Information Technology|Water Supply and Irrigation"
42748,ISP,Internet Service Provider (ISP)|Computer and Information Technology
42751,ISP,Internet Service Provider (ISP)|Hosting and Cloud Provider|Computer and Information Technology|VPN Host
42753,ISP,Internet Service Provider (ISP)|Computer and Information Technology
42758,Other,"Not Validating RPKI ROV|Investment, Portfolio Management, Pensions and Funds|Finance and Insurance|Banks, Credit Card Companies, Mortgage Providers"
42762,Other,"Service|Buildings, Repair, Maintenance (Pest Control, Landscaping, Cleaning, Locksmiths, Car Washes, etc)|Passenger Transit (Car, Bus, Taxi, Subway)|Trucking"
42765,ISP,Eyeball|Software Development|Computer and Information Technology|Internet Service Provider (ISP)
42767,Other,Not Validating RPKI ROV|Service
42771,ISP,Computer and Information Technology|Internet Service Provider (ISP)
42773,ISP,Computer and Information Technology|Internet Service Provider (ISP)
42776,Content/CDN,"Print Media (Newspapers, Magazines, Books)|Media, Publishing, and Broadcasting|Hosting and Cloud Provider|Computer and Information Technology"
42787,Other,"Buildings, Repair, Maintenance (Pest Control, Landscaping, Cleaning, Locksmiths, Car Washes, etc)|Civil Engineering Construction (Utility Lines, Roads and Bridges)|Construction and Real Estate|Retail Stores, Wholesale, and E-commerce Sites"
206630,ISP,"Not Validating RPKI ROV|Freight, Shipment, and Postal Services|Retail Stores, Wholesale, and E-commerce Sites|Civil Engineering Construction (Utility Lines, Roads and Bridges)"
206631,Other,"Manufacturing|Chemical and Pharmaceutical Manufacturing|Freight, Shipment, and Postal Services|Retail Stores, Wholesale, and E-commerce Sites"
42809,ISP,"Utilities (Excluding Internet Service)|Trucking|Electric Power Generation, Transmission, Distribution|Computer and Information Technology"
206649,ISP,Not Validating RPKI ROV|Computer and Information Technology|Internet Service Provider (ISP)|Hosting and Cloud Provider
206653,Other,"Anycast|Buildings (Residential or Commercial)|Civil Engineering Construction (Utility Lines, Roads and Bridges)|Construction and Real Estate"
42819,ISP,Not Validating RPKI ROV|Computer and Information Technology|Internet Service Provider (ISP)|Eyeball
206661,ISP,Internet Service Provider (ISP)|Computer and Information Technology
42822,Content/CDN,"Computer and Information Technology|Hosting and Cloud Provider|Construction and Real Estate|Freight, Shipment, and Postal Services"
42825,ISP,Phone Provider|Computer and Information Technology|Internet Service Provider (ISP)
42827,ISP,"Computer and Information Technology|Internet Service Provider (ISP)|Retail Stores, Wholesale, and E-commerce Sites"
206673,ISP,"Service|Finance and Insurance|Retail Stores, Wholesale, and E-commerce Sites|Computer and Information Technology"
42834,Content/CDN,"Media, Publishing, and Broadcasting|Computer and Information Technology|Hosting and Cloud Provider|Print Media (Newspapers, Magazines, Books)"
206680,ISP,Internet Service Provider (ISP)|Computer and Information Technology
42842,ISP,Computer and Information Technology|Phone Provider|Internet Service Provider (ISP)
42843,Other,"Finance and Insurance|Banks, Credit Card Companies, Mortgage Providers"
206684,Academic/Edu,Education and Research|Research and Development Organizations
42850,Enterprise,"Travel and Accommodation|Food, Grocery, Beverages|Service|Construction and Real Estate"
42861,ISP,Eyeball|Not Validating RPKI ROV|Internet Service Provider (ISP)|Computer and Information Technology
42862,Government,"Postal Services and Couriers|Civil Engineering Construction (Utility Lines, Roads and Bridges)|Military, Defense, National Security, and International Affairs|Water Supply and Irrigation"
206707,Other,"Retail Stores, Wholesale, and E-commerce Sites"
206708,ISP,Computer and Information Technology|Internet Service Provider (ISP)
42870,Other,"Clothing, Fashion, Luggage|Not Validating RPKI ROV|Manufacturing|Retail Stores, Wholesale, and E-commerce Sites"
206710,Other,"Finance and Insurance|Investment, Portfolio Management, Pensions and Funds"
206724,Other,"Retail Stores, Wholesale, and E-commerce Sites"
206728,ISP,"Hosting and Cloud Provider|Civil Engineering Construction (Utility Lines, Roads and Bridges)|Internet Service Provider (ISP)|Retail Stores, Wholesale, and E-commerce Sites"
42889,Other,"Manufacturing|Civil Engineering Construction (Utility Lines, Roads and Bridges)|Electronics and Computer Components|Automotive and Transportation"
42891,ISP,Computer and Information Technology|Internet Service Provider (ISP)
42892,ISP,Eyeball|Not Validating RPKI ROV|Computer and Information Technology|Internet Service Provider (ISP)
42893,ISP,"Eyeball|Not Validating RPKI ROV|Retail Stores, Wholesale, and E-commerce Sites|Law, Business, and Consulting Services"
42895,ISP,"Not Validating RPKI ROV|Investment, Portfolio Management, Pensions and Funds|Internet Service Provider (ISP)|Real Estate (Residential and/or Commercial)"
42897,ISP,"Internet Service Provider (ISP)|Not Validating RPKI ROV|Retail Stores, Wholesale, and E-commerce Sites|Eyeball"
42899,ISP,"Not Validating RPKI ROV|Internet Service Provider (ISP)|Media, Publishing, and Broadcasting|Print Media (Newspapers, Magazines, Books)"
42901,ISP,Hosting and Cloud Provider|Service|Software Development|Internet Service Provider (ISP)
42911,ISP,"Not Validating RPKI ROV|Law, Business, and Consulting Services|Computer and Information Technology|Software Development"
42916,ISP,Eyeball|Not Validating RPKI ROV|Computer and Information Technology|Internet Service Provider (ISP)
206756,ISP,Not Validating RPKI ROV|Internet Service Provider (ISP)|Computer and Information Technology
42919,Eyeball,Eyeball|Real Estate (Residential and/or Commercial)|Construction and Real Estate
42920,Other,"Investment, Portfolio Management, Pensions and Funds|Water Transportation|Finance and Insurance|Freight, Shipment, and Postal Services"
206760,Other,"Not Validating RPKI ROV|Manufacturing|Retail Stores, Wholesale, and E-commerce Sites|Buildings (Residential or Commercial)"
42922,ISP,"Buildings, Repair, Maintenance (Pest Control, Landscaping, Cleaning, Locksmiths, Car Washes, etc)|Not Validating RPKI ROV|Service|Computer and Information Technology"
206764,ISP,Hosting and Cloud Provider|Software Development|Internet Service Provider (ISP)|Computer and Information Technology
206767,ISP,Internet Service Provider (ISP)|Computer and Information Technology|Education and Research|Research and Development Organizations
42930,Other,"Service|Personal Care and Lifestyle (Barber Shops, Nail Salons, Diet Centers, Laundry, etc)"
42938,Other,"Not Validating RPKI ROV|Media, Publishing, and Broadcasting|Radio and Television Providers"
42940,ISP,Internet Service Provider (ISP)|Computer and Information Technology
206787,ISP,Internet Service Provider (ISP)|Computer and Information Technology
42954,Other,"Retail Stores, Wholesale, and E-commerce Sites"
206803,ISP,"Not Validating RPKI ROV|Travel and Accommodation|Food, Grocery, Beverages|Freight, Shipment, and Postal Services"
206805,Other,"Construction and Real Estate|Civil Engineering Construction (Utility Lines, Roads and Bridges)|Buildings (Residential or Commercial)|Media, Publishing, and Broadcasting"
206810,ISP,Internet Service Provider (ISP)|Computer and Information Technology
42971,Content/CDN,"Not Validating RPKI ROV|Hosting, Cloud Provider, Data Center, Server Colocation|Computer and Information Technology"
42972,Other,"Freight, Shipment, and Postal Services|Buildings, Repair, Maintenance (Pest Control, Landscaping, Cleaning, Locksmiths, Car Washes, etc)|Trucking|Passenger Transit (Car, Bus, Taxi, Subway)"
206812,ISP,"Internet Service Provider (ISP)|Retail Stores, Wholesale, and E-commerce Sites|Computer and Information Technology"
42974,Enterprise,"Law, Business, and Consulting Services|Freight, Shipment, and Postal Services|Trucking|Service"
206817,ISP,Not Validating RPKI ROV|Internet Service Provider (ISP)|Computer and Information Technology|Hosting and Cloud Provider
206820,ISP,"Not Validating RPKI ROV|Civil Engineering Construction (Utility Lines, Roads and Bridges)|Retail Stores, Wholesale, and E-commerce Sites|Software Development"
206827,Other,"Freight, Shipment, and Postal Services|Retail Stores, Wholesale, and E-commerce Sites"
42988,ISP,"Retail Stores, Wholesale, and E-commerce Sites|Computer and Information Technology|Internet Service Provider (ISP)"
42995,ISP,Computer and Information Technology|Internet Service Provider (ISP)
42996,Other,"Retail Stores, Wholesale, and E-commerce Sites|Clothing, Fashion, Luggage|Service"
42998,Content/CDN,Service|Computer and Information Technology|Hosting and Cloud Provider|Education and Research
43000,Other,"Finance and Insurance|Banks, Credit Card Companies, Mortgage Providers"
206845,Government,"Government and Regulatory Agencies, Administrations, Departments, and Services|Government and Public Administration|Government"
206850,Other,"Retail Stores, Wholesale, and E-commerce Sites|Computer and Information Technology|Software Development"
43011,ISP,Software Development|Computer and Information Technology|Internet Service Provider (ISP)|Government
43020,ISP,"Validating RPKI ROV|Civil Engineering Construction (Utility Lines, Roads and Bridges)|Internet Service Provider (ISP)|Retail Stores, Wholesale, and E-commerce Sites"
43031,ISP,"Civil Engineering Construction (Utility Lines, Roads and Bridges)|Computer and Information Technology|Retail Stores, Wholesale, and E-commerce Sites|Internet Service Provider (ISP)"
206871,Other,"Food, Grocery, Beverages|Retail Stores, Wholesale, and E-commerce Sites"
206873,ISP,Tranco 10k Host|Not Validating RPKI ROV|Internet Service Provider (ISP)|Hosting and Cloud Provider
43038,ISP,Eyeball|Not Validating RPKI ROV|Internet Service Provider (ISP)|Computer and Information Technology
43042,Enterprise,"Service|Law, Business, and Consulting Services|Finance and Insurance|Computer and Information Technology"
43045,ISP,Computer and Information Technology|Validating RPKI ROV|Internet Service Provider (ISP)
43048,Other,"Banks, Credit Card Companies, Mortgage Providers|Finance and Insurance"
43053,ISP,Phone Provider|Computer and Information Technology|Internet Service Provider (ISP)
206904,ISP,Computer and Information Technology|Internet Service Provider (ISP)
206905,ISP,"Retail Stores, Wholesale, and E-commerce Sites|Computer and Information Technology|Internet Service Provider (ISP)"
206916,ISP,Internet Service Provider (ISP)|Computer and Information Technology|Computer and Network Security
43085,Other,Health Care Services|Hospitals and Medical Centers
206926,ISP,Computer and Information Technology|Internet Service Provider (ISP)
43087,ISP,"Not Validating RPKI ROV|Civil Engineering Construction (Utility Lines, Roads and Bridges)|Buildings (Residential or Commercial)|Construction and Real Estate"
43089,ISP,"Internet Service Provider (ISP)|Freight, Shipment, and Postal Services|Computer and Information Technology|Retail Stores, Wholesale, and E-commerce Sites"
43095,Other,"Banks, Credit Card Companies, Mortgage Providers|Finance and Insurance"
43097,ISP,Computer and Information Technology|Internet Service Provider (ISP)
43102,Other,Not Validating RPKI ROV|Construction and Real Estate|Computer and Information Technology|Software Development
43106,Eyeball,"Eyeball|Not Validating RPKI ROV|Trucking|Freight, Shipment, and Postal Services"
206955,Other,"Manufacturing|Electronics and Computer Components|Machinery|Retail Stores, Wholesale, and E-commerce Sites"
206965,Other,"Freight, Shipment, and Postal Services"
206968,ISP,"Computer and Information Technology|Construction and Real Estate|Freight, Shipment, and Postal Services|Civil Engineering Construction (Utility Lines, Roads and Bridges)"
43132,ISP,Eyeball|Not Validating RPKI ROV|Phone Provider|Internet Service Provider (ISP)
206973,Other,"Banks, Credit Card Companies, Mortgage Providers|Investment, Portfolio Management, Pensions and Funds|Service|Finance and Insurance"
43146,ISP,"VPN Host|Computer and Information Technology|Retail Stores, Wholesale, and E-commerce Sites|Internet Service Provider (ISP)"
43148,ISP,Eyeball|Not Validating RPKI ROV|Computer and Information Technology|Internet Service Provider (ISP)
43149,ISP,Computer and Information Technology|Not Validating RPKI ROV|Internet Service Provider (ISP)
43152,ISP,Not Validating RPKI ROV|Construction and Real Estate|Computer and Information Technology|Buildings (Residential or Commercial)
43154,ISP,Internet Service Provider (ISP)|Computer and Information Technology
207005,Enterprise,"Print Media (Newspapers, Magazines, Books)|Buildings (Residential or Commercial)|Law, Business, and Consulting Services|Freight, Shipment, and Postal Services"
43168,Other,"Not Validating RPKI ROV|Agriculture, Mining, and Refineries (Farming, Greenhouses, Mining, Forestry, and Animal Farming)|Manufacturing|Food, Beverage, and Tobacco"
43170,ISP,"Not Validating RPKI ROV|Construction and Real Estate|Retail Stores, Wholesale, and E-commerce Sites|Buildings (Residential or Commercial)"
207016,ISP,Internet Service Provider (ISP)|Computer and Information Technology
43182,ISP,"Eyeball|Not Validating RPKI ROV|Service|Retail Stores, Wholesale, and E-commerce Sites"
207025,ISP,"Software Development|Retail Stores, Wholesale, and E-commerce Sites|Computer and Information Technology|Internet Service Provider (ISP)"
207027,Content/CDN,"Tranco 10k Host|Service|Hosting and Cloud Provider|Law, Business, and Consulting Services"
43199,ISP,"Computer and Information Technology|Real Estate (Residential and/or Commercial)|Finance and Insurance|Law, Business, and Consulting Services"
43201,ISP,Eyeball|Not Validating RPKI ROV|Computer and Information Technology|Internet Service Provider (ISP)
43209,ISP,"Computer and Network Security|Construction and Real Estate|Computer and Information Technology|Civil Engineering Construction (Utility Lines, Roads and Bridges)"
207049,Eyeball,Service|Eyeball
43213,ISP,"Internet Service Provider (ISP)|Freight, Shipment, and Postal Services|Computer and Information Technology"
207055,Other,Finance and Insurance
207056,ISP,Internet Service Provider (ISP)|Computer and Information Technology
43218,ISP,Computer and Information Technology|Internet Service Provider (ISP)
207059,Other,Computer and Information Technology
43222,ISP,Internet Service Provider (ISP)|Computer and Information Technology
207064,ISP,Computer and Information Technology|Hosting and Cloud Provider|Internet Service Provider (ISP)|Software Development
43226,Other,"Tranco 10k Host|Construction and Real Estate|Agriculture, Mining, and Refineries (Farming, Greenhouses, Mining, Forestry, and Animal Farming)|Civil Engineering Construction (Utility Lines, Roads and Bridges)"
43228,ISP,Not Validating RPKI ROV|Internet Service Provider (ISP)|Computer and Information Technology
43234,ISP,"Technology Consulting Services|Buildings, Repair, Maintenance (Pest Control, Landscaping, Cleaning, Locksmiths, Car Washes, etc)|Construction and Real Estate|Civil Engineering Construction (Utility Lines, Roads and Bridges)"
43235,ISP,Home ISP|Not Validating RPKI ROV|Hosting and Cloud Provider|Software Development
43237,ISP,Not Validating RPKI ROV|Internet Service Provider (ISP)|Service|Hosting and Cloud Provider
43238,ISP,"Computer and Information Technology|Retail Stores, Wholesale, and E-commerce Sites|Electronics and Computer Components|Hosting and Cloud Provider"
207078,Other,"Finance and Insurance|Banks, Credit Card Companies, Mortgage Providers"
43246,Other,"Retail Stores, Wholesale, and E-commerce Sites|Construction and Real Estate|Civil Engineering Construction (Utility Lines, Roads and Bridges)|Computer and Information Technology"
43247,Other,"Banks, Credit Card Companies, Mortgage Providers|Phone Provider|Software Development|Finance and Insurance"
207093,Other,"Manufacturing|Civil Engineering Construction (Utility Lines, Roads and Bridges)|Retail Stores, Wholesale, and E-commerce Sites|Construction and Real Estate"
207103,Other,Not Validating RPKI ROV|Computer and Information Technology
43264,Other,"Not Validating RPKI ROV|Finance and Insurance|Banks, Credit Card Companies, Mortgage Providers|Retail Stores, Wholesale, and E-commerce Sites"
43265,ISP,"Freight, Shipment, and Postal Services|Internet Service Provider (ISP)|Hosting and Cloud Provider|Service"
207104,ISP,"Tranco 10k Host|Not Validating RPKI ROV|Buildings (Residential or Commercial)|Civil Engineering Construction (Utility Lines, Roads and Bridges)"
43267,ISP,Computer and Information Technology|Not Validating RPKI ROV|Internet Service Provider (ISP)
43270,ISP,Computer and Information Technology|Not Validating RPKI ROV|Internet Service Provider (ISP)
43273,ISP,Not Validating RPKI ROV|Computer and Information Technology|Internet Service Provider (ISP)|Eyeball
43274,ISP,"Not Validating RPKI ROV|Eyeball|Home ISP|Law, Business, and Consulting Services"
43275,ISP,Eyeball|Computer and Information Technology|Phone Provider|Internet Service Provider (ISP)
43278,ISP,Computer and Information Technology|Internet Service Provider (ISP)|Hosting and Cloud Provider
207124,Other,"Buildings (Residential or Commercial)|Food, Beverage, and Tobacco|Freight, Shipment, and Postal Services|Construction and Real Estate"
43287,Other,"Finance and Insurance|Banks, Credit Card Companies, Mortgage Providers"
207128,ISP,"Not Validating RPKI ROV|Service|Buildings (Residential or Commercial)|Buildings, Repair, Maintenance (Pest Control, Landscaping, Cleaning, Locksmiths, Car Washes, etc)"
207133,ISP,Computer and Information Technology|Manufacturing|Internet Service Provider (ISP)|Electronics and Computer Components
43297,ISP,Electronics and Computer Components|Not Validating RPKI ROV|Computer and Information Technology|Machinery
43298,Content/CDN,Tranco 10k Host|Hosting and Cloud Provider|Computer and Information Technology|Server Hosting
43299,ISP,"Civil Engineering Construction (Utility Lines, Roads and Bridges)|Buildings (Residential or Commercial)|Construction and Real Estate|Computer and Information Technology"
43302,ISP,Computer and Information Technology|Not Validating RPKI ROV|Internet Service Provider (ISP)|Phone Provider
43307,Eyeball,"Finance and Insurance|Investment, Portfolio Management, Pensions and Funds|Construction and Real Estate|Real Estate (Residential and/or Commercial)"
43314,ISP,"Home ISP|Not Validating RPKI ROV|Construction and Real Estate|Retail Stores, Wholesale, and E-commerce Sites"
43317,ISP,Eyeball|Not Validating RPKI ROV|Computer and Information Technology|Internet Service Provider (ISP)
43318,ISP,Computer and Information Technology|Not Validating RPKI ROV|Internet Service Provider (ISP)
43319,ISP,"Construction and Real Estate|Not Validating RPKI ROV|Civil Engineering Construction (Utility Lines, Roads and Bridges)|Internet Service Provider (ISP)"
43321,ISP,"Not Validating RPKI ROV|Civil Engineering Construction (Utility Lines, Roads and Bridges)|Computer and Information Technology|Internet Service Provider (ISP)"
207165,ISP,"Service|Banks, Credit Card Companies, Mortgage Providers|Computer and Information Technology|Finance and Insurance"
43328,ISP,Not Validating RPKI ROV|Computer and Information Technology|Internet Service Provider (ISP)|Eyeball
207168,ISP,"Buildings (Residential or Commercial)|Internet Service Provider (ISP)|Automotive and Transportation|Freight, Shipment, and Postal Services"
43330,Content/CDN,Hosting and Cloud Provider|Not Validating RPKI ROV|Computer and Information Technology
43346,Other,"Not Validating RPKI ROV|Media, Publishing, and Broadcasting|Print Media (Newspapers, Magazines, Books)|Online Informational Content"
43349,ISP,Not Validating RPKI ROV|Hosting and Cloud Provider|Computer and Information Technology|Internet Service Provider (ISP)
43362,ISP,Eyeball|Hosting and Cloud Provider|Internet Service Provider (ISP)|Computer and Information Technology
207205,Enterprise,"Service|Media, Publishing, and Broadcasting|Freight, Shipment, and Postal Services|Retail Stores, Wholesale, and E-commerce Sites"
207207,ISP,"Software Development|Retail Stores, Wholesale, and E-commerce Sites|Computer and Information Technology|Internet Service Provider (ISP)"
207209,ISP,Internet Service Provider (ISP)|Service|Computer and Information Technology|Construction and Real Estate
43385,ISP,"Not Validating RPKI ROV|Service|Buildings, Repair, Maintenance (Pest Control, Landscaping, Cleaning, Locksmiths, Car Washes, etc)|Hosting and Cloud Provider"
207228,ISP,"Not Validating RPKI ROV|Law, Business, and Consulting Services|Retail Stores, Wholesale, and E-commerce Sites|Computer and Information Technology"
207235,ISP,Not Validating RPKI ROV|Internet Service Provider (ISP)|Service|Computer and Information Technology
43396,Other,"Not Validating RPKI ROV|Banks, Credit Card Companies, Mortgage Providers|Finance and Insurance|Computer and Information Technology"
43399,ISP,Tranco 10k Host|Validating RPKI ROV|Internet Service Provider (ISP)|Finance and Insurance
43400,ISP,Not Validating RPKI ROV|Internet Service Provider (ISP)|Computer and Information Technology|Eyeball
207239,ISP,Buildings (Residential or Commercial)|Not Validating RPKI ROV|Construction and Real Estate|Computer and Information Technology
207240,ISP,"Computer and Information Technology|Radio and Television Providers|Internet Service Provider (ISP)|Media, Publishing, and Broadcasting"
43403,ISP,"Not Validating RPKI ROV|Manufacturing|Electric Power Generation, Transmission, Distribution|Electronics and Computer Components"
43404,ISP,Internet Service Provider (ISP)|Not Validating RPKI ROV|Computer and Information Technology
43410,Other,"Banks, Credit Card Companies, Mortgage Providers|Finance and Insurance"
207256,Other,"Recreation, Sports, and Performing Arts|Museums, Libraries, and Entertainment"
207259,Content/CDN,"Freight, Shipment, and Postal Services|Computer and Information Technology|Construction and Real Estate|Postal Services and Couriers"
43429,ISP,Internet Service Provider (ISP)|Computer and Information Technology|Eyeball
43434,ISP,Eyeball|Not Validating RPKI ROV|Food Services and Drinking Places|Computer and Information Technology
207284,Academic/Edu,"Education and Research|Service|Colleges, Universities, and Professional Schools|Law, Business, and Consulting Services"
207288,Other,"Retail Stores, Wholesale, and E-commerce Sites|Freight, Shipment, and Postal Services"
207293,ISP,Computer and Information Technology|Internet Service Provider (ISP)
43454,Other,"Recreation, Sports, and Performing Arts|Museums, Libraries, and Entertainment"
43465,ISP,"Eyeball|Not Validating RPKI ROV|Media, Publishing, and Broadcasting|Print Media (Newspapers, Magazines, Books)"
43468,ISP,Computer and Information Technology|Phone Provider|Internet Service Provider (ISP)
43478,ISP,Eyeball|Not Validating RPKI ROV|Computer and Information Technology|Internet Service Provider (ISP)
207320,Other,Computer and Information Technology
207321,ISP,Internet Service Provider (ISP)|Service|Software Development|Computer and Information Technology
43489,ISP,Internet Critical Infra|Computer and Information Technology|Hosting and Cloud Provider|Internet Service Provider (ISP)
207340,Academic/Edu,"Not Validating RPKI ROV|Automotive and Transportation|Retail Stores, Wholesale, and E-commerce Sites|Manufacturing"
43502,Other,Other
207347,Government,"Government and Regulatory Agencies, Administrations, Departments, and Services|Government and Public Administration"
207351,Other,"Freight, Shipment, and Postal Services|Passenger Transit (Car, Bus, Taxi, Subway)|Retail Stores, Wholesale, and E-commerce Sites"
207353,Academic/Edu,"Anycast|Research and Development Organizations|Education and Research|Retail Stores, Wholesale, and E-commerce Sites"
43521,Other,"Buildings, Repair, Maintenance (Pest Control, Landscaping, Cleaning, Locksmiths, Car Washes, etc)|Not Validating RPKI ROV|Manufacturing|Service"
207361,Other,"Freight, Shipment, and Postal Services|Agriculture, Mining, and Refineries (Farming, Greenhouses, Mining, Forestry, and Animal Farming)"
207362,ISP,Internet Service Provider (ISP)|Hosting and Cloud Provider|Computer and Information Technology
43526,Other,"Finance and Insurance|Banks, Credit Card Companies, Mortgage Providers"
43527,Other,"Not Validating RPKI ROV|Investment, Portfolio Management, Pensions and Funds|Finance and Insurance|Banks, Credit Card Companies, Mortgage Providers"
43530,ISP,"Eyeball|Not Validating RPKI ROV|Buildings, Repair, Maintenance (Pest Control, Landscaping, Cleaning, Locksmiths, Car Washes, etc)|Construction and Real Estate"
207373,Academic/Edu,"Colleges, Universities, and Professional Schools|Construction and Real Estate|Education and Research|Print Media (Newspapers, Magazines, Books)"
207376,Other,"Banks, Credit Card Companies, Mortgage Providers|Finance and Insurance"
43537,ISP,"Retail Stores, Wholesale, and E-commerce Sites|Internet Service Provider (ISP)|Computer and Information Technology"
207380,Other,"Museums, Libraries, and Entertainment|Retail Stores, Wholesale, and E-commerce Sites"
43544,Other,"Agriculture, Mining, and Refineries (Farming, Greenhouses, Mining, Forestry, and Animal Farming)"
207384,Content/CDN,Hosting and Cloud Provider|Computer and Information Technology|Software Development
207387,ISP,"Media, Publishing, and Broadcasting|Computer and Information Technology|Radio and Television Providers|Freight, Shipment, and Postal Services"
43550,ISP,Internet Service Provider (ISP)|Not Validating RPKI ROV|Computer and Information Technology
43552,ISP,Manufacturing|Service|Software Development|Machinery
207397,Enterprise,"Not Validating RPKI ROV|Service|Law, Business, and Consulting Services|Media, Publishing, and Broadcasting"
43559,ISP,Computer and Information Technology|Internet Service Provider (ISP)
207401,Other,"Retail Stores, Wholesale, and E-commerce Sites"
43567,ISP,Eyeball|Not Validating RPKI ROV|Computer and Information Technology|Internet Service Provider (ISP)
43574,ISP,Computer and Information Technology|Not Validating RPKI ROV|Internet Service Provider (ISP)|Phone Provider
43581,ISP,"Museums, Libraries, and Entertainment|Not Validating RPKI ROV|Media, Publishing, and Broadcasting|Music and Video Industry"
43583,ISP,Computer and Information Technology|Internet Service Provider (ISP)
207423,ISP,Buildings (Residential or Commercial)|Internet Service Provider (ISP)|Construction and Real Estate|Computer and Information Technology
43592,Other,"Banks, Credit Card Companies, Mortgage Providers|Finance and Insurance"
207433,Other,"Civil Engineering Construction (Utility Lines, Roads and Bridges)|Construction and Real Estate|Freight, Shipment, and Postal Services"
43594,ISP,Eyeball|Not Validating RPKI ROV|Computer and Information Technology|Internet Service Provider (ISP)
43595,ISP,"Not Validating RPKI ROV|Civil Engineering Construction (Utility Lines, Roads and Bridges)|Internet Service Provider (ISP)|Computer and Information Technology"
43598,ISP,"Software Development|Not Validating RPKI ROV|Computer and Information Technology|Print Media (Newspapers, Magazines, Books)"
207438,ISP,Not Validating RPKI ROV|Internet Service Provider (ISP)|Computer and Information Technology
43600,Other,"Finance and Insurance|Banks, Credit Card Companies, Mortgage Providers"
43605,Other,"Not Validating RPKI ROV|Museums, Libraries, and Entertainment|Computer and Information Technology"
207447,ISP,"Hosting and Cloud Provider|Retail Stores, Wholesale, and E-commerce Sites|Computer and Information Technology|Buildings, Repair, Maintenance (Pest Control, Landscaping, Cleaning, Locksmiths, Car Washes, etc)"
207457,ISP,Computer and Information Technology|Internet Service Provider (ISP)
43628,Other,"Agriculture, Mining, and Refineries (Farming, Greenhouses, Mining, Forestry, and Animal Farming)|Metal, Glass, Wood, and Paper Manufacturing|Manufacturing"
207472,ISP,"Computer and Information Technology|Retail Stores, Wholesale, and E-commerce Sites|Law, Business, and Consulting Services|Internet Service Provider (ISP)"
207473,ISP,Internet Service Provider (ISP)|Computer and Information Technology
43634,Academic/Edu,Education and Research|Not Validating RPKI ROV|Research and Development Organizations|Health Care Services
207479,ISP,Computer and Information Technology|Internet Service Provider (ISP)
207490,Other,"Real Estate (Residential and/or Commercial)|Construction and Real Estate|Finance and Insurance|Banks, Credit Card Companies, Mortgage Providers"
207496,Content/CDN,Software Development|Computer and Information Technology|Hosting and Cloud Provider
43660,ISP,Internet Service Provider (ISP)|Computer and Information Technology|Eyeball
43661,ISP,"Retail Stores, Wholesale, and E-commerce Sites|Hosting and Cloud Provider|Software Development|Computer and Information Technology"
207501,ISP,Not Validating RPKI ROV|Computer and Information Technology|Manufacturing|Electronics and Computer Components
207504,Other,"Retail Stores, Wholesale, and E-commerce Sites"
43666,ISP,"Service|Law, Business, and Consulting Services|Internet Service Provider (ISP)|Computer and Information Technology"
43667,ISP,"Eyeball|Not Validating RPKI ROV|Internet Service Provider (ISP)|Retail Stores, Wholesale, and E-commerce Sites"
43670,ISP,"Not Validating RPKI ROV|Manufacturing|Civil Engineering Construction (Utility Lines, Roads and Bridges)|Retail Stores, Wholesale, and E-commerce Sites"
43673,Content/CDN,"Finance and Insurance|Computer and Information Technology|Electronics and Computer Components|Retail Stores, Wholesale, and E-commerce Sites"
43675,ISP,Internet Service Provider (ISP)|Computer and Information Technology
43676,Other,Computer and Information Technology|Software Development
43678,ISP,Computer and Information Technology|Internet Service Provider (ISP)|Eyeball
207518,Enterprise,"Service|Construction and Real Estate|Law, Business, and Consulting Services|Civil Engineering Construction (Utility Lines, Roads and Bridges)"
43684,ISP,Eyeball|Not Validating RPKI ROV|Insurance Carriers and Agencies|Finance and Insurance
43687,ISP,Phone Provider|Computer and Information Technology|Internet Service Provider (ISP)
43690,ISP,"Internet Service Provider (ISP)|Freight, Shipment, and Postal Services|Computer and Information Technology"
207532,Other,Not Validating RPKI ROV|Real Estate (Residential and/or Commercial)|Construction and Real Estate
43693,Other,"Agriculture, Mining, and Refineries (Farming, Greenhouses, Mining, Forestry, and Animal Farming)|Civil Engineering Construction (Utility Lines, Roads and Bridges)|Buildings (Residential or Commercial)|Service"
43696,ISP,Internet Service Provider (ISP)|Computer and Information Technology
207542,Content/CDN,Software Development|Service|Hosting and Cloud Provider|Computer and Information Technology
207547,ISP,Computer and Information Technology|Internet Service Provider (ISP)
207548,Other,Not Validating RPKI ROV|Computer and Information Technology|Construction and Real Estate|Buildings (Residential or Commercial)
43712,Other,"Retail Stores, Wholesale, and E-commerce Sites"
43714,ISP,Eyeball|Not Validating RPKI ROV|Manufacturing|Electronics and Computer Components
43720,Eyeball,"Eyeball|Not Validating RPKI ROV|Civil Engineering Construction (Utility Lines, Roads and Bridges)|Buildings (Residential or Commercial)"
207561,Enterprise,"Buildings (Residential or Commercial)|Not Validating RPKI ROV|Service|Clothing, Fashion, Luggage"
43726,ISP,"Internet Service Provider (ISP)|Food, Grocery, Beverages|Service|Electronics and Computer Components"
43727,ISP,Eyeball|Internet Service Provider (ISP)|Computer and Information Technology|Tranco 10k Host
43728,ISP,Internet Service Provider (ISP)|Computer and Information Technology
43730,Other,"Water Transportation|Freight, Shipment, and Postal Services|Retail Stores, Wholesale, and E-commerce Sites"
43740,ISP,"Tranco 10k Host|Internet Service Provider (ISP)|Retail Stores, Wholesale, and E-commerce Sites|Computer and Information Technology"
43741,ISP,Computer and Information Technology|Internet Service Provider (ISP)
207581,Other,Computer and Information Technology|Software Development
43746,ISP,Computer and Information Technology|Internet Service Provider (ISP)
43761,ISP,Not Validating RPKI ROV|Computer and Information Technology|Internet Service Provider (ISP)|Eyeball
207608,Other,"Construction and Real Estate|Civil Engineering Construction (Utility Lines, Roads and Bridges)"
43776,ISP,"Not Validating RPKI ROV|Freight, Shipment, and Postal Services|Computer and Information Technology|Construction and Real Estate"
43781,Other,"Agriculture, Mining, and Refineries (Farming, Greenhouses, Mining, Forestry, and Animal Farming)"
43782,ISP,Computer and Information Technology|Internet Service Provider (ISP)|Eyeball
43785,Other,"Not Validating RPKI ROV|Manufacturing|Food, Beverage, and Tobacco|Real Estate (Residential and/or Commercial)"
43787,Other,"Banks, Credit Card Companies, Mortgage Providers|Finance and Insurance"
43793,ISP,"Eyeball|Not Validating RPKI ROV|Home ISP|Freight, Shipment, and Postal Services"
207634,Content/CDN,"Print Media (Newspapers, Magazines, Books)|Media, Publishing, and Broadcasting|Hosting and Cloud Provider|Retail Stores, Wholesale, and E-commerce Sites"
43795,ISP,"Computer and Information Technology|Construction and Real Estate|Education and Research|Civil Engineering Construction (Utility Lines, Roads and Bridges)"
43797,Government,"Government|Not Validating RPKI ROV|Government and Public Administration|Government and Regulatory Agencies, Administrations, Departments, and Services"
43798,ISP,Internet Service Provider (ISP)|Computer and Information Technology
43801,Other,"Construction and Real Estate|Buildings (Residential or Commercial)|Civil Engineering Construction (Utility Lines, Roads and Bridges)|Manufacturing"
43802,Eyeball,"Museums, Historical Sites, Zoos, Nature Parks|Museums, Libraries, and Entertainment|Eyeball"
43805,Other,"Food, Beverage, and Tobacco|Freight, Shipment, and Postal Services|Retail Stores, Wholesale, and E-commerce Sites|Food, Grocery, Beverages"
207648,Other,"Manufacturing|Machinery|Buildings, Repair, Maintenance (Pest Control, Landscaping, Cleaning, Locksmiths, Car Washes, etc)|Service"
207651,ISP,Internet Service Provider (ISP)|Hosting and Cloud Provider|Computer and Information Technology
43812,ISP,Eyeball|Not Validating RPKI ROV|Computer and Information Technology|Internet Service Provider (ISP)
207657,Other,Community Groups and Nonprofits
43820,Other,"Food, Beverage, and Tobacco|Agriculture, Mining, and Refineries (Farming, Greenhouses, Mining, Forestry, and Animal Farming)|Real Estate (Residential and/or Commercial)|Freight, Shipment, and Postal Services"
43822,Eyeball,Not Validating RPKI ROV|Computer and Information Technology|Search|Eyeball
207665,ISP,Not Validating RPKI ROV|Internet Service Provider (ISP)|Computer and Information Technology
43826,Eyeball,"Eyeball|Not Validating RPKI ROV|Retail Stores, Wholesale, and E-commerce Sites|Law, Business, and Consulting Services"
43830,Content/CDN,Software Development|Manufacturing|Electronics and Computer Components|Hosting and Cloud Provider
43832,ISP,"Internet Critical Infra|Internet Service Provider (ISP)|Freight, Shipment, and Postal Services|Computer and Information Technology"
207676,Eyeball,"Eyeball|Passenger Transit (Car, Bus, Taxi, Subway)|Freight, Shipment, and Postal Services"
43841,ISP,Computer and Information Technology|Internet Service Provider (ISP)
43849,ISP,"Eyeball|Not Validating RPKI ROV|Finance and Insurance|Freight, Shipment, and Postal Services"
207692,ISP,"Not Validating RPKI ROV|Construction and Real Estate|Civil Engineering Construction (Utility Lines, Roads and Bridges)|Computer and Information Technology"
207698,Other,"Construction and Real Estate|Real Estate (Residential and/or Commercial)|Recreation, Sports, and Performing Arts|Museums, Libraries, and Entertainment"
43859,Other,Service
43865,ISP,"Eyeball|Not Validating RPKI ROV|Construction and Real Estate|Civil Engineering Construction (Utility Lines, Roads and Bridges)"
207713,ISP,Content|Finance and Insurance|Insurance Carriers and Agencies|Server Hosting
207718,Enterprise,"Software Development|Service|Civil Engineering Construction (Utility Lines, Roads and Bridges)|Law, Business, and Consulting Services"
43882,ISP,"Real Estate (Residential and/or Commercial)|Construction and Real Estate|Computer and Information Technology|Retail Stores, Wholesale, and E-commerce Sites"
43886,ISP,"Internet Service Provider (ISP)|Not Validating RPKI ROV|Civil Engineering Construction (Utility Lines, Roads and Bridges)|Construction and Real Estate"
43900,Other,"Banks, Credit Card Companies, Mortgage Providers|Finance and Insurance|Computer and Information Technology|Investment, Portfolio Management, Pensions and Funds"
43901,ISP,Not Validating RPKI ROV|Computer and Information Technology|Internet Service Provider (ISP)
43903,ISP,Computer and Information Technology|Internet Service Provider (ISP)
207744,Enterprise,"Service|Retail Stores, Wholesale, and E-commerce Sites|Law, Business, and Consulting Services"
43907,Other,"Computer and Information Technology|Construction and Real Estate|Civil Engineering Construction (Utility Lines, Roads and Bridges)|Banks, Credit Card Companies, Mortgage Providers"
43908,ISP,"Not Validating RPKI ROV|Civil Engineering Construction (Utility Lines, Roads and Bridges)|Buildings (Residential or Commercial)|Construction and Real Estate"
43909,ISP,Not Validating RPKI ROV|Internet Service Provider (ISP)|Computer and Information Technology
43912,Other,"Freight, Shipment, and Postal Services"
207753,ISP,Internet Service Provider (ISP)|Manufacturing|Hosting and Cloud Provider|Service
43917,Other,Computer and Information Technology
207759,Other,"Museums, Libraries, and Entertainment|Recreation, Sports, and Performing Arts"
43921,ISP,"Internet Service Provider (ISP)|Computer and Information Technology|Freight, Shipment, and Postal Services"
43936,ISP,Not Validating RPKI ROV|Computer and Information Technology|Home ISP|Eyeball
43946,Other,"Postal Services and Couriers|Trucking|Air Transportation|Freight, Shipment, and Postal Services"
43951,Content/CDN,"Colleges, Universities, and Professional Schools|Computer and Information Technology|Software Development|Electronics and Computer Components"
43952,Enterprise,"Clothing, Fashion, Luggage|Retail Stores, Wholesale, and E-commerce Sites|Law, Business, and Consulting Services|Service"
207794,ISP,"Not Validating RPKI ROV|Retail Stores, Wholesale, and E-commerce Sites|Construction and Real Estate|Computer and Information Technology"
43966,ISP,Eyeball|Not Validating RPKI ROV|Computer and Information Technology|Internet Service Provider (ISP)
43970,ISP,Phone Provider|Internet Service Provider (ISP)|Computer and Information Technology
43972,Eyeball,Not Validating RPKI ROV|Hosting and Cloud Provider|Computer and Information Technology|Eyeball
43973,ISP,"Carrier|Banks, Credit Card Companies, Mortgage Providers|Trucking|Retail Stores, Wholesale, and E-commerce Sites"
43975,ISP,Phone Provider|Internet Service Provider (ISP)|Computer and Information Technology
207822,Other,Construction and Real Estate|Buildings (Residential or Commercial)|Manufacturing|Machinery
43991,ISP,"Eyeball|Internet Service Provider (ISP)|Computer and Information Technology|Retail Stores, Wholesale, and E-commerce Sites"
207832,Other,Finance and Insurance
207839,Content/CDN,"Service|Print Media (Newspapers, Magazines, Books)|Media, Publishing, and Broadcasting|Computer and Information Technology"
207842,Other,"Agriculture, Mining, and Refineries (Farming, Greenhouses, Mining, Forestry, and Animal Farming)|Content"
44011,Other,"Not Validating RPKI ROV|Retail Stores, Wholesale, and E-commerce Sites|Buildings (Residential or Commercial)|Construction and Real Estate"
207853,Other,"Manufacturing|Metal, Glass, Wood, and Paper Manufacturing|Real Estate (Residential and/or Commercial)|Buildings (Residential or Commercial)"
44014,Enterprise,"Tranco 10k Host|Law, Business, and Consulting Services|Computer and Information Technology|Service"
207859,Other,Service|Finance and Insurance|Real Estate (Residential and/or Commercial)|Buildings (Residential or Commercial)
44020,ISP,Eyeball|Not Validating RPKI ROV|Internet Service Provider (ISP)|Computer and Information Technology
207862,Enterprise,"Finance and Insurance|Banks, Credit Card Companies, Mortgage Providers|Law, Business, and Consulting Services|Service"
207867,Other,"Museums, Libraries, and Entertainment|Media, Publishing, and Broadcasting|Print Media (Newspapers, Magazines, Books)|Radio and Television Providers"
44030,ISP,Eyeball|Not Validating RPKI ROV|Computer and Information Technology|Manufacturing
207874,Other,"Retail Stores, Wholesale, and E-commerce Sites|Freight, Shipment, and Postal Services"
44035,ISP,Internet Service Provider (ISP)|Computer and Information Technology
207875,Other,"Trucking|Freight, Shipment, and Postal Services"
44039,Other,"Recreational Vehicle Parks and Campgrounds|Retail Stores, Wholesale, and E-commerce Sites|Food, Beverage, and Tobacco|Travel and Accommodation"
44041,Eyeball,"Eyeball|Finance and Insurance|Real Estate (Residential and/or Commercial)|Banks, Credit Card Companies, Mortgage Providers"
207883,ISP,Internet Service Provider (ISP)|Computer and Information Technology
44046,Other,"Not Validating RPKI ROV|Museums, Libraries, and Entertainment"
44048,Other,"Not Validating RPKI ROV|Buildings, Repair, Maintenance (Pest Control, Landscaping, Cleaning, Locksmiths, Car Washes, etc)|Natural Gas Distribution|Utilities (Excluding Internet Service)"
44050,ISP,Eyeball|Not Validating RPKI ROV|Computer and Information Technology|Internet Service Provider (ISP)
44053,ISP,Eyeball|Not Validating RPKI ROV|Computer and Information Technology|Internet Service Provider (ISP)
44056,ISP,"Eyeball|Not Validating RPKI ROV|Insurance Carriers and Agencies|Print Media (Newspapers, Magazines, Books)"
44068,Eyeball,"Eyeball|Not Validating RPKI ROV|Retail Stores, Wholesale, and E-commerce Sites"
207909,Other,Not Validating RPKI ROV|Real Estate (Residential and/or Commercial)|Construction and Real Estate
44093,Enterprise,"Freight, Shipment, and Postal Services|Real Estate (Residential and/or Commercial)|Construction and Real Estate|Law, Business, and Consulting Services"
44094,ISP,Content|Not Validating RPKI ROV|Internet Service Provider (ISP)|Hosting and Cloud Provider
207935,Other,"Retail Stores, Wholesale, and E-commerce Sites|Computer and Information Technology"
44096,ISP,"Print Media (Newspapers, Magazines, Books)|Media, Publishing, and Broadcasting|Retail Stores, Wholesale, and E-commerce Sites|Internet Service Provider (ISP)"
44102,ISP,Insurance Carriers and Agencies|Finance and Insurance
44112,ISP,Tranco 10k Host|Trucking|Internet Service Provider (ISP)|Hosting and Cloud Provider
44113,Other,Service
207952,ISP,"Computer and Information Technology|Not Validating RPKI ROV|Internet Service Provider (ISP)|Freight, Shipment, and Postal Services"
207954,ISP,"Internet Service Provider (ISP)|Computer and Information Technology|Service|Law, Business, and Consulting Services"
44116,ISP,Internet Service Provider (ISP)|Computer and Information Technology
44121,Other,"Civil Engineering Construction (Utility Lines, Roads and Bridges)|Buildings (Residential or Commercial)|Freight, Shipment, and Postal Services|Construction and Real Estate"
44125,ISP,Internet Service Provider (ISP)|Computer and Information Technology
44126,ISP,"Computer and Information Technology|Construction and Real Estate|Civil Engineering Construction (Utility Lines, Roads and Bridges)|Retail Stores, Wholesale, and E-commerce Sites"
207967,ISP,"Hosting, Cloud Provider, Data Center, Server Colocation|Internet Service Provider (ISP)|Computer and Information Technology"
44128,ISP,VPN Host|Computer and Information Technology|Manufacturing|Hosting and Cloud Provider
207970,ISP,Software Development|Computer and Information Technology|Internet Service Provider (ISP)
44135,ISP,"Internet Service Provider (ISP)|Media, Publishing, and Broadcasting|Computer and Information Technology|Radio and Television Providers"
44137,Other,"Not Validating RPKI ROV|Chemical and Pharmaceutical Manufacturing|Retail Stores, Wholesale, and E-commerce Sites|Construction and Real Estate"
207978,ISP,Internet Service Provider (ISP)|Computer and Information Technology
44139,Other,Not Validating RPKI ROV|Construction and Real Estate|Real Estate (Residential and/or Commercial)
207979,ISP,Internet Service Provider (ISP)|Computer and Information Technology
207984,Other,"Retail Stores, Wholesale, and E-commerce Sites|Software Development|Computer and Information Technology"
207986,Enterprise,"Computer and Information Technology|Retail Stores, Wholesale, and E-commerce Sites|Service|Freight, Shipment, and Postal Services"
44149,Other,"Construction and Real Estate|Food, Grocery, Beverages|Retail Stores, Wholesale, and E-commerce Sites|Real Estate (Residential and/or Commercial)"
44151,ISP,Internet Service Provider (ISP)|Computer and Information Technology
207997,Other,"Manufacturing|Civil Engineering Construction (Utility Lines, Roads and Bridges)|Construction and Real Estate|Buildings (Residential or Commercial)"
44158,ISP,"Internet Service Provider (ISP)|Retail Stores, Wholesale, and E-commerce Sites|Law, Business, and Consulting Services|Computer and Information Technology"
44162,Other,"Not Validating RPKI ROV|Food, Grocery, Beverages|Retail Stores, Wholesale, and E-commerce Sites"
208003,ISP,Internet Service Provider (ISP)|Computer and Information Technology|IPv6 only
44165,Other,"Banks, Credit Card Companies, Mortgage Providers|Finance and Insurance"
208008,Other,"Buildings (Residential or Commercial)|Construction and Real Estate|Retail Stores, Wholesale, and E-commerce Sites"
44172,ISP,Eyeball|Not Validating RPKI ROV|Internet Service Provider (ISP)|Computer and Information Technology
44174,Other,"Not Validating RPKI ROV|Electric Power Generation, Transmission, Distribution|Natural Gas Distribution|Utilities (Excluding Internet Service)"
44199,ISP,"Internet Service Provider (ISP)|Retail Stores, Wholesale, and E-commerce Sites|Computer and Information Technology"
44200,Other,"Not Validating RPKI ROV|Retail Stores, Wholesale, and E-commerce Sites"
208044,Enterprise,"Service|Real Estate (Residential and/or Commercial)|Construction and Real Estate|Retail Stores, Wholesale, and E-commerce Sites"
44206,ISP,Internet Service Provider (ISP)|Not Validating RPKI ROV|Computer and Information Technology
208047,ISP,"Computer and Information Technology|Internet Service Provider (ISP)|Freight, Shipment, and Postal Services"
208056,ISP,Construction and Real Estate|Not Validating RPKI ROV|Internet Service Provider (ISP)|Hosting and Cloud Provider
208061,ISP,"Computer and Information Technology|Construction and Real Estate|Civil Engineering Construction (Utility Lines, Roads and Bridges)|Buildings (Residential or Commercial)"
44223,ISP,Computer and Information Technology|Internet Service Provider (ISP)
44232,Enterprise,"Not Validating RPKI ROV|Construction and Real Estate|Service|Civil Engineering Construction (Utility Lines, Roads and Bridges)"
208075,Other,"Not Validating RPKI ROV|Construction and Real Estate|Agriculture, Mining, and Refineries (Farming, Greenhouses, Mining, Forestry, and Animal Farming)|Civil Engineering Construction (Utility Lines, Roads and Bridges)"
44237,ISP,Internet Service Provider (ISP)|Computer and Information Technology
44240,ISP,Not Validating RPKI ROV|Computer and Information Technology|Internet Service Provider (ISP)|Computer and Network Security
208083,Other,"Buildings (Residential or Commercial)|Civil Engineering Construction (Utility Lines, Roads and Bridges)|Construction and Real Estate"
208087,ISP,Internet Service Provider (ISP)|Not Validating RPKI ROV|Computer and Information Technology
208090,ISP,Internet Service Provider (ISP)|Computer and Information Technology
208092,Content/CDN,Software Development|Hosting and Cloud Provider|Computer and Information Technology
44254,ISP,Not Validating RPKI ROV|Computer and Information Technology|Internet Service Provider (ISP)
44257,ISP,Eyeball|Not Validating RPKI ROV|Home ISP|Internet Service Provider (ISP)
208099,Enterprise,"Service|Retail Stores, Wholesale, and E-commerce Sites|Freight, Shipment, and Postal Services|Law, Business, and Consulting Services"
208102,Other,"Retail Stores, Wholesale, and E-commerce Sites"
44263,Other,"Retail Stores, Wholesale, and E-commerce Sites|Real Estate (Residential and/or Commercial)|Freight, Shipment, and Postal Services|Construction and Real Estate"
44265,ISP,"Eyeball|Service|Civil Engineering Construction (Utility Lines, Roads and Bridges)|Buildings, Repair, Maintenance (Pest Control, Landscaping, Cleaning, Locksmiths, Car Washes, etc)"
44266,Other,"Retail Stores, Wholesale, and E-commerce Sites|Automotive and Transportation|Manufacturing|Metal, Glass, Wood, and Paper Manufacturing"
44267,ISP,Eyeball|Not Validating RPKI ROV|Computer and Information Technology|Internet Service Provider (ISP)
208107,ISP,Not Validating RPKI ROV|Computer and Information Technology|Internet Service Provider (ISP)
44269,Other,"Finance and Insurance|Banks, Credit Card Companies, Mortgage Providers"
44270,ISP,Not Validating RPKI ROV|Eyeball|Home ISP|Service
44276,Other,"Retail Stores, Wholesale, and E-commerce Sites|Buildings (Residential or Commercial)|Construction and Real Estate"
208117,Other,Software Development|Computer and Information Technology
208129,ISP,"Internet Service Provider (ISP)|Retail Stores, Wholesale, and E-commerce Sites|Computer and Information Technology"
44300,Eyeball,"Eyeball|Not Validating RPKI ROV|Retail Stores, Wholesale, and E-commerce Sites|Freight, Shipment, and Postal Services"
208142,ISP,Internet Service Provider (ISP)|Not Validating RPKI ROV|Computer and Information Technology
44303,Other,Software Development|Computer and Information Technology
44310,ISP,"Service|Computer and Information Technology|Law, Business, and Consulting Services|Internet Service Provider (ISP)"
44315,Other,Service
208155,Content/CDN,"Computer and Information Technology|Retail Stores, Wholesale, and E-commerce Sites|Manufacturing|Hosting and Cloud Provider"
44322,ISP,"Buildings, Repair, Maintenance (Pest Control, Landscaping, Cleaning, Locksmiths, Car Washes, etc)|Electronics and Computer Components|Machinery|Computer and Information Technology"
208165,Enterprise,"Finance and Insurance|Computer and Information Technology|Law, Business, and Consulting Services|Travel and Accommodation"
208177,Enterprise,"Buildings (Residential or Commercial)|Media, Publishing, and Broadcasting|Construction and Real Estate|Service"
208178,Other,"Manufacturing|Print Media (Newspapers, Magazines, Books)|Libraries and Archives|Museums, Libraries, and Entertainment"
44341,ISP,Eyeball|Computer and Information Technology|Internet Service Provider (ISP)
44342,ISP,Internet Service Provider (ISP)|Software Development|Computer and Information Technology
44345,ISP,Computer and Information Technology|Internet Service Provider (ISP)
208186,Other,Not Validating RPKI ROV|Computer and Information Technology|Construction and Real Estate|Service
44347,ISP,Eyeball|Computer and Information Technology|Internet Service Provider (ISP)
208193,Other,"Freight, Shipment, and Postal Services"
44362,ISP,Not Validating RPKI ROV|Internet Service Provider (ISP)|Construction and Real Estate|Computer and Information Technology
208207,ISP,Finance and Insurance|Insurance Carriers and Agencies
44378,Other,"Museums, Libraries, and Entertainment|Recreation, Sports, and Performing Arts"
208219,Content/CDN,"Service|Law, Business, and Consulting Services|Computer and Information Technology|Hosting and Cloud Provider"
44380,ISP,Not Validating RPKI ROV|Internet Service Provider (ISP)|Computer and Information Technology|Eyeball
208221,ISP,Internet Service Provider (ISP)|Computer and Information Technology
44386,Content/CDN,"Tranco 10k Host|Law, Business, and Consulting Services|Computer and Information Technology|Hosting and Cloud Provider"
44387,Eyeball,Eyeball|Not Validating RPKI ROV|Software Development|Computer and Information Technology
44391,ISP,Eyeball|Not Validating RPKI ROV|Computer and Information Technology|Internet Service Provider (ISP)
44401,ISP,"Civil Engineering Construction (Utility Lines, Roads and Bridges)|Internet Service Provider (ISP)|Retail Stores, Wholesale, and E-commerce Sites|Construction and Real Estate"
44405,Eyeball,"Not Validating RPKI ROV|Manufacturing|Electronics and Computer Components|Retail Stores, Wholesale, and E-commerce Sites"
44406,Other,"IPv6 only|Retail Stores, Wholesale, and E-commerce Sites|Electronics and Computer Components|Construction and Real Estate"
44408,Other,"Not Validating RPKI ROV|Finance and Insurance|Computer and Information Technology|Banks, Credit Card Companies, Mortgage Providers"
44412,ISP,Eyeball|Phone Provider|Internet Service Provider (ISP)|Computer and Information Technology
44417,ISP,Eyeball|Not Validating RPKI ROV|Internet Service Provider (ISP)|Service
44420,Other,"Print Media (Newspapers, Magazines, Books)|Media, Publishing, and Broadcasting|Computer and Information Technology|Manufacturing"
44425,ISP,"Internet Service Provider (ISP)|Media, Publishing, and Broadcasting|Radio and Television Providers|Computer and Information Technology"
44428,Other,Computer and Network Security|Computer and Information Technology
44429,ISP,Not Validating RPKI ROV|Internet Service Provider (ISP)|Software Development|Computer and Information Technology
208274,ISP,Internet Service Provider (ISP)|Software Development|Computer and Information Technology
208291,Content/CDN,"Hosting and Cloud Provider|Software Development|Retail Stores, Wholesale, and E-commerce Sites|Computer and Information Technology"
208300,ISP,Internet Service Provider (ISP)|Hosting and Cloud Provider|Computer and Information Technology
208303,ISP,"Banks, Credit Card Companies, Mortgage Providers|Computer and Information Technology|Trucking|Internet Service Provider (ISP)"
44467,ISP,Phone Provider|Computer and Information Technology|Internet Service Provider (ISP)
44470,Other,"Not Validating RPKI ROV|Banks, Credit Card Companies, Mortgage Providers|Finance and Insurance"
208312,Other,Software Development|Computer and Information Technology
208314,ISP,"Not Validating RPKI ROV|Freight, Shipment, and Postal Services|Construction and Real Estate|Computer and Information Technology"
44478,Other,"Freight, Shipment, and Postal Services|Not Validating RPKI ROV|Clothing, Fashion, Luggage|Retail Stores, Wholesale, and E-commerce Sites"
44479,Other,"Not Validating RPKI ROV|Buildings (Residential or Commercial)|Construction and Real Estate|Retail Stores, Wholesale, and E-commerce Sites"
44484,ISP,Eyeball|Not Validating RPKI ROV|Internet Service Provider (ISP)|Computer and Information Technology
208325,ISP,Internet Service Provider (ISP)|Computer and Information Technology
44491,Other,"Buildings (Residential or Commercial)|Not Validating RPKI ROV|Civil Engineering Construction (Utility Lines, Roads and Bridges)|Construction and Real Estate"
44492,Eyeball,"Not Validating RPKI ROV|Retail Stores, Wholesale, and E-commerce Sites|Museums, Libraries, and Entertainment|Civil Engineering Construction (Utility Lines, Roads and Bridges)"
44493,ISP,Eyeball|Internet Service Provider (ISP)|Hosting and Cloud Provider|Computer and Information Technology
44505,Other,"Freight, Shipment, and Postal Services|Retail Stores, Wholesale, and E-commerce Sites"
208345,ISP,Computer and Information Technology|Internet Service Provider (ISP)
44507,ISP,Eyeball|Not Validating RPKI ROV|Internet Service Provider (ISP)|Computer and Information Technology
208349,Content/CDN,Service|Hosting and Cloud Provider|Software Development|Construction and Real Estate
208352,Other,"Freight, Shipment, and Postal Services|Museums, Libraries, and Entertainment|Recreation, Sports, and Performing Arts"
208360,Other,"Postal Services and Couriers|Freight, Shipment, and Postal Services|IPv6 only"
44522,ISP,"Computer and Information Technology|Internet Service Provider (ISP)|Freight, Shipment, and Postal Services"
44528,ISP,Internet Service Provider (ISP)|Computer and Information Technology
208371,Academic/Edu,"Clothing, Fashion, Luggage|Freight, Shipment, and Postal Services|Education and Research|Retail Stores, Wholesale, and E-commerce Sites"
44532,Content/CDN,"Service|Law, Business, and Consulting Services|Hosting and Cloud Provider|Software Development"
44533,ISP,"Computer and Information Technology|Law, Business, and Consulting Services|Service|Media, Publishing, and Broadcasting"
44534,Eyeball,"Eyeball|Banks, Credit Card Companies, Mortgage Providers|Clothing, Fashion, Luggage|Finance and Insurance"
44539,ISP,"Hosting and Cloud Provider|Not Validating RPKI ROV|Retail Stores, Wholesale, and E-commerce Sites|Real Estate (Residential and/or Commercial)"
44540,ISP,"Not Validating RPKI ROV|Banks, Credit Card Companies, Mortgage Providers|Internet Service Provider (ISP)|Finance and Insurance"
208380,Other,"Retail Stores, Wholesale, and E-commerce Sites|Travel and Accommodation|Food, Grocery, Beverages"
44542,ISP,Internet Service Provider (ISP)|Computer and Information Technology
208388,Enterprise,"Print Media (Newspapers, Magazines, Books)|Media, Publishing, and Broadcasting|Law, Business, and Consulting Services|Clothing and Textiles"
44552,ISP,Not Validating RPKI ROV|Computer and Information Technology|Internet Service Provider (ISP)|Eyeball
44554,Other,"Hotels, Motels, Inns, Other Traveler Accommodation|Travel and Accommodation"
44555,Content/CDN,"Not Validating RPKI ROV|Service|Construction and Real Estate|Hosting, Cloud Provider, Data Center, Server Colocation"
44556,ISP,Not Validating RPKI ROV|Computer and Network Security|Service|Computer and Information Technology
208397,ISP,Home ISP|Buildings (Residential or Commercial)|Radio and Television Providers|Internet Service Provider (ISP)
44560,Government,"Not Validating RPKI ROV|Government and Public Administration|Military, Defense, National Security, and International Affairs|Community Groups and Nonprofits"
208401,ISP,Internet Service Provider (ISP)|Computer and Information Technology
208409,ISP,"Banks, Credit Card Companies, Mortgage Providers|Hosting and Cloud Provider|Service|Software Development"
208411,ISP,Software Development|Computer and Information Technology|Education and Research|Health Care Services
44572,ISP,"Civil Engineering Construction (Utility Lines, Roads and Bridges)|Not Validating RPKI ROV|Construction and Real Estate|Computer and Information Technology"
208413,Other,Computer and Information Technology
44579,ISP,Eyeball|Not Validating RPKI ROV|Computer and Information Technology|Internet Service Provider (ISP)
44584,Other,Not Validating RPKI ROV|Computer and Information Technology|Search
44587,ISP,Eyeball|Internet Service Provider (ISP)|Computer and Information Technology
208427,ISP,"Internet Service Provider (ISP)|Computer and Information Technology|Construction and Real Estate|Civil Engineering Construction (Utility Lines, Roads and Bridges)"
44590,ISP,Computer and Information Technology|Internet Service Provider (ISP)
44595,Eyeball,"Media, Publishing, and Broadcasting|Print Media (Newspapers, Magazines, Books)|Corporate/Enterprise|Eyeball"
208435,ISP,"Not Validating RPKI ROV|Computer and Information Technology|Hosting, Cloud Provider, Data Center, Server Colocation|Internet Service Provider (ISP)"
44597,ISP,"Internet Service Provider (ISP)|Computer and Information Technology|Freight, Shipment, and Postal Services"
44604,ISP,"Eyeball|Not Validating RPKI ROV|Civil Engineering Construction (Utility Lines, Roads and Bridges)|Retail Stores, Wholesale, and E-commerce Sites"
208447,Unknown,
208456,ISP,"Not Validating RPKI ROV|Computer and Information Technology|Construction and Real Estate|Civil Engineering Construction (Utility Lines, Roads and Bridges)"
44618,ISP,Internet Service Provider (ISP)|Computer and Information Technology
44619,ISP,"Not Validating RPKI ROV|Computer and Information Technology|Media, Publishing, and Broadcasting|Construction and Real Estate"
208461,Other,"Banks, Credit Card Companies, Mortgage Providers|Finance and Insurance"
44622,ISP,Eyeball|Not Validating RPKI ROV|Internet Service Provider (ISP)|Computer and Information Technology
44626,ISP,Computer and Information Technology|Not Validating RPKI ROV|Internet Service Provider (ISP)
44627,ISP,Computer and Information Technology|Internet Service Provider (ISP)|Eyeball
44634,ISP,Eyeball|Not Validating RPKI ROV|Computer and Information Technology|Internet Service Provider (ISP)
44636,Other,"Manufacturing|Food, Beverage, and Tobacco|Retail Stores, Wholesale, and E-commerce Sites|IPv6 only"
44640,ISP,Eyeball|Not Validating RPKI ROV|Internet Service Provider (ISP)|Service
208481,Content/CDN,Hosting and Cloud Provider|Computer and Information Technology
44648,Other,Other
44657,Other,"Not Validating RPKI ROV|Service|Investment, Portfolio Management, Pensions and Funds|Real Estate (Residential and/or Commercial)"
44660,Content/CDN,"Hosting, Cloud Provider, Data Center, Server Colocation|Computer and Information Technology"
44661,Enterprise,"Manufacturing|Construction and Real Estate|Law, Business, and Consulting Services|Service"
44662,Other,Construction and Real Estate
208502,Other,"Food, Grocery, Beverages|Retail Stores, Wholesale, and E-commerce Sites"
208503,Other,"Retail Stores, Wholesale, and E-commerce Sites|Clothing and Textiles|Manufacturing|Food, Grocery, Beverages"
44665,Other,"Freight, Shipment, and Postal Services|Water Transportation"
208509,ISP,"Media, Publishing, and Broadcasting|Internet Service Provider (ISP)|Hosting and Cloud Provider|Software Development"
44670,Enterprise,"Media, Publishing, and Broadcasting|Music and Video Industry|Law, Business, and Consulting Services|Computer and Information Technology"
208511,Other,Construction and Real Estate|Service|Real Estate (Residential and/or Commercial)|Buildings (Residential or Commercial)
44674,Enterprise,"Freight, Shipment, and Postal Services|Law, Business, and Consulting Services|Passenger Transit (Car, Bus, Taxi, Subway)|Service"
44676,ISP,Internet Service Provider (ISP)|Not Validating RPKI ROV|Computer and Information Technology
44677,ISP,Eyeball|Internet Service Provider (ISP)|Computer and Information Technology|Home ISP
44678,ISP,Eyeball|Not Validating RPKI ROV|Home ISP|Internet Service Provider (ISP)
44680,Other,"Retail Stores, Wholesale, and E-commerce Sites|Food, Grocery, Beverages"
44687,Other,"Hotels, Motels, Inns, Other Traveler Accommodation|Retail Stores, Wholesale, and E-commerce Sites|Travel and Accommodation"
44688,Other,"Media, Publishing, and Broadcasting|Print Media (Newspapers, Magazines, Books)"
44693,ISP,"Not Validating RPKI ROV|Computer and Information Technology|Buildings, Repair, Maintenance (Pest Control, Landscaping, Cleaning, Locksmiths, Car Washes, etc)|Service"
208534,Other,"Postal Services and Couriers|Freight, Shipment, and Postal Services"
44696,Enterprise,"Service|Media, Publishing, and Broadcasting|Print Media (Newspapers, Magazines, Books)|Law, Business, and Consulting Services"
44699,ISP,Computer and Information Technology|Internet Service Provider (ISP)
208541,ISP,"Law, Business, and Consulting Services|Media, Publishing, and Broadcasting|Radio and Television Providers|Internet Service Provider (ISP)"
44704,Enterprise,"Not Validating RPKI ROV|Retail Stores, Wholesale, and E-commerce Sites|Law, Business, and Consulting Services|Service"
44705,ISP,Not Validating RPKI ROV|Computer and Information Technology|Internet Service Provider (ISP)|Eyeball
208544,ISP,"Civil Engineering Construction (Utility Lines, Roads and Bridges)|Not Validating RPKI ROV|Retail Stores, Wholesale, and E-commerce Sites|Computer and Information Technology"
208547,Academic/Edu,"Construction and Real Estate|Passenger Transit (Car, Bus, Taxi, Subway)|Research and Development Organizations|Freight, Shipment, and Postal Services"
44715,ISP,Eyeball|Not Validating RPKI ROV|Software Development|Hosting and Cloud Provider
44724,ISP,Eyeball|Not Validating RPKI ROV|Internet Service Provider (ISP)|Computer and Information Technology
44727,ISP,"Music and Video Industry|Media, Publishing, and Broadcasting|Computer and Information Technology|Internet Service Provider (ISP)"
44731,Other,"Retail Stores, Wholesale, and E-commerce Sites"
208573,Other,"Not Validating RPKI ROV|Retail Stores, Wholesale, and E-commerce Sites|Manufacturing|Clothing and Textiles"
44734,Other,"Not Validating RPKI ROV|Freight, Shipment, and Postal Services|Civil Engineering Construction (Utility Lines, Roads and Bridges)|Construction and Real Estate"
44736,ISP,Eyeball|Internet Service Provider (ISP)|Computer and Information Technology
208577,Other,"Travel and Accommodation|Hotels, Motels, Inns, Other Traveler Accommodation"
208580,Other,"Chemical and Pharmaceutical Manufacturing|Construction and Real Estate|Metal, Glass, Wood, and Paper Manufacturing|Manufacturing"
208587,Enterprise,"Law, Business, and Consulting Services|Service"
44751,Other,"Not Validating RPKI ROV|Freight, Shipment, and Postal Services|Hotels, Motels, Inns, Other Traveler Accommodation|Construction and Real Estate"
44759,ISP,Hosting and Cloud Provider|Computer and Information Technology|Internet Service Provider (ISP)|Chemical and Pharmaceutical Manufacturing
208604,Academic/Edu,"Education and Research|Elementary and Secondary Schools|Colleges, Universities, and Professional Schools"
208605,Government,Government
44772,ISP,"Civil Engineering Construction (Utility Lines, Roads and Bridges)|Retail Stores, Wholesale, and E-commerce Sites|Construction and Real Estate|Internet Service Provider (ISP)"
44773,Unknown,
44775,ISP,Internet Service Provider (ISP)|Computer and Information Technology
208615,Unknown,
208626,ISP,Anycast|Not Validating RPKI ROV|Computer and Information Technology|Hosting and Cloud Provider
208629,ISP,"Internet Service Provider (ISP)|Passenger Transit (Car, Bus, Taxi, Subway)|Electronics and Computer Components|Retail Stores, Wholesale, and E-commerce Sites"
44790,ISP,Internet Service Provider (ISP)|Computer and Information Technology
208631,Other,"Chemical and Pharmaceutical Manufacturing|Real Estate (Residential and/or Commercial)|Freight, Shipment, and Postal Services|Construction and Real Estate"
44797,Other,Service
44799,Eyeball,"Software Development|Hosting and Cloud Provider|Computer and Information Technology|Retail Stores, Wholesale, and E-commerce Sites"
208640,ISP,"Museums, Libraries, and Entertainment|Service|Law, Business, and Consulting Services|Media, Publishing, and Broadcasting"
44802,ISP,Internet Service Provider (ISP)|Computer and Information Technology
44804,ISP,"Computer and Information Technology|Internet Service Provider (ISP)|Online Informational Content|Media, Publishing, and Broadcasting"
208649,Government,"Government and Public Administration|Government and Regulatory Agencies, Administrations, Departments, and Services"
44811,ISP,Computer and Information Technology|Not Validating RPKI ROV|Internet Service Provider (ISP)
44812,ISP,Eyeball|Internet Service Provider (ISP)|Hosting and Cloud Provider|Computer and Information Technology
44816,ISP,Not Validating RPKI ROV|Internet Service Provider (ISP)|Computer and Information Technology|Eyeball
208657,ISP,Internet Service Provider (ISP)|Hosting and Cloud Provider|Software Development|Computer and Information Technology
44834,ISP,Not Validating RPKI ROV|Internet Service Provider (ISP)|Computer and Information Technology|Eyeball
44835,ISP,"Internet Service Provider (ISP)|Software Development|Print Media (Newspapers, Magazines, Books)|Freight, Shipment, and Postal Services"
208677,ISP,"Tranco 10k Host|Buildings, Repair, Maintenance (Pest Control, Landscaping, Cleaning, Locksmiths, Car Washes, etc)|Manufacturing|Hosting and Cloud Provider"
44840,Academic/Edu,Construction and Real Estate|Electronics and Computer Components|Machinery|Automotive and Transportation
44843,ISP,Computer and Information Technology|Not Validating RPKI ROV|Internet Service Provider (ISP)
44844,ISP,Computer and Information Technology|Internet Service Provider (ISP)
44845,Content/CDN,Service|Not Validating RPKI ROV|Computer and Information Technology|Software Development
44847,ISP,Internet Service Provider (ISP)|Computer and Information Technology
44848,Other,Real Estate (Residential and/or Commercial)|Construction and Real Estate
44849,ISP,"Internet Service Provider (ISP)|Civil Engineering Construction (Utility Lines, Roads and Bridges)|Construction and Real Estate|Computer and Information Technology"
44857,Other,"Not Validating RPKI ROV|Manufacturing|Retail Stores, Wholesale, and E-commerce Sites|Machinery"
208701,ISP,"Not Validating RPKI ROV|Computer and Information Technology|Law, Business, and Consulting Services|Buildings, Repair, Maintenance (Pest Control, Landscaping, Cleaning, Locksmiths, Car Washes, etc)"
44868,Academic/Edu,"Colleges, Universities, and Professional Schools|Education and Research|Academic"
44878,Other,"Construction and Real Estate|Civil Engineering Construction (Utility Lines, Roads and Bridges)|Buildings (Residential or Commercial)"
208720,ISP,"Not Validating RPKI ROV|Construction and Real Estate|Computer and Information Technology|Civil Engineering Construction (Utility Lines, Roads and Bridges)"
44881,ISP,"Eyeball|Validating RPKI ROV|Buildings (Residential or Commercial)|Civil Engineering Construction (Utility Lines, Roads and Bridges)"
44882,ISP,Eyeball|Not Validating RPKI ROV|Internet Service Provider (ISP)|Computer and Information Technology
44884,ISP,"Internet Service Provider (ISP)|Service|Law, Business, and Consulting Services|Computer and Information Technology"
208729,ISP,Not Validating RPKI ROV|Utilities (Excluding Internet Service)|Service|Internet Service Provider (ISP)
44895,ISP,Eyeball|Not Validating RPKI ROV|Computer and Information Technology|Internet Service Provider (ISP)
44899,Enterprise,"Finance and Insurance|Construction and Real Estate|Law, Business, and Consulting Services|Real Estate (Residential and/or Commercial)"
44900,Academic/Edu,Not Validating RPKI ROV|Education and Research|Research and Development Organizations|Software Development
208739,Other,Chemical and Pharmaceutical Manufacturing|Manufacturing
44903,Enterprise,"Finance and Insurance|Personal Care and Lifestyle (Barber Shops, Nail Salons, Diet Centers, Laundry, etc)|Banks, Credit Card Companies, Mortgage Providers|Law, Business, and Consulting Services"
44905,Eyeball,"Eyeball|Service|Buildings, Repair, Maintenance (Pest Control, Landscaping, Cleaning, Locksmiths, Car Washes, etc)"
208748,Unknown,
208752,ISP,Computer and Information Technology|Internet Service Provider (ISP)
44913,ISP,"Buildings (Residential or Commercial)|Media, Publishing, and Broadcasting|Print Media (Newspapers, Magazines, Books)|Freight, Shipment, and Postal Services"
44915,Other,"Finance and Insurance|Banks, Credit Card Companies, Mortgage Providers"
44917,Other,"Not Validating RPKI ROV|Utilities (Excluding Internet Service)|Machinery|Civil Engineering Construction (Utility Lines, Roads and Bridges)"
208762,Other,"Retail Stores, Wholesale, and E-commerce Sites"
44923,ISP,Eyeball|Not Validating RPKI ROV|Internet Service Provider (ISP)|Computer and Information Technology
44927,ISP,Eyeball|Not Validating RPKI ROV|Internet Service Provider (ISP)|Computer and Information Technology
208774,Other,"Trucking|Retail Stores, Wholesale, and E-commerce Sites|Passenger Transit (Car, Bus, Taxi, Subway)|Freight, Shipment, and Postal Services"
208777,ISP,"Buildings (Residential or Commercial)|Civil Engineering Construction (Utility Lines, Roads and Bridges)|Internet Service Provider (ISP)|Computer and Information Technology"
208780,ISP,"Not Validating RPKI ROV|Service|Law, Business, and Consulting Services|Internet Service Provider (ISP)"
44941,ISP,Eyeball|Not Validating RPKI ROV|Internet Service Provider (ISP)|Computer and Information Technology
44943,ISP,Eyeball|Not Validating RPKI ROV|Internet Service Provider (ISP)|Computer and Information Technology
208786,ISP,Computer and Information Technology|Internet Service Provider (ISP)
208793,ISP,Hosting and Cloud Provider|Computer and Information Technology|Internet Service Provider (ISP)|Software Development
44956,ISP,Not Validating RPKI ROV|Computer and Information Technology|Internet Service Provider (ISP)|Eyeball
208801,Other,"Media, Publishing, and Broadcasting|Construction and Real Estate|Buildings (Residential or Commercial)|Civil Engineering Construction (Utility Lines, Roads and Bridges)"
44963,ISP,"Eyeball|Not Validating RPKI ROV|Freight, Shipment, and Postal Services|Construction and Real Estate"
44964,ISP,Internet Service Provider (ISP)|Not Validating RPKI ROV|Computer and Information Technology
208803,Other,"Not Validating RPKI ROV|Retail Stores, Wholesale, and E-commerce Sites|Agriculture, Mining, and Refineries (Farming, Greenhouses, Mining, Forestry, and Animal Farming)"
208811,Other,"Finance and Insurance|Banks, Credit Card Companies, Mortgage Providers"
44975,Other,Real Estate (Residential and/or Commercial)|Not Validating RPKI ROV|Construction and Real Estate
44982,ISP,Computer and Information Technology|Phone Provider|Internet Service Provider (ISP)
44985,Enterprise,"Validating RPKI ROV|Freight, Shipment, and Postal Services|Law, Business, and Consulting Services|Civil Engineering Construction (Utility Lines, Roads and Bridges)"
208825,Content/CDN,"Service|Not Validating RPKI ROV|Banks, Credit Card Companies, Mortgage Providers|Finance and Insurance"
44987,ISP,Internet Service Provider (ISP)|Computer and Information Technology
44988,ISP,"Eyeball|Radio and Television Providers|Computer and Information Technology|Civil Engineering Construction (Utility Lines, Roads and Bridges)"
208827,Other,Service
208838,ISP,"Retail Stores, Wholesale, and E-commerce Sites|Construction and Real Estate|Civil Engineering Construction (Utility Lines, Roads and Bridges)|Buildings, Repair, Maintenance (Pest Control, Landscaping, Cleaning, Locksmiths, Car Washes, etc)"
44999,ISP,"Internet Service Provider (ISP)|Not Validating RPKI ROV|Manufacturing|Civil Engineering Construction (Utility Lines, Roads and Bridges)"
45000,Other,"Not Validating RPKI ROV|Software Development|Finance and Insurance|Banks, Credit Card Companies, Mortgage Providers"
45003,Other,"Finance and Insurance|Banks, Credit Card Companies, Mortgage Providers"
45004,ISP,Internet Service Provider (ISP)|Computer and Information Technology
45005,ISP,Eyeball|Not Validating RPKI ROV|Computer and Information Technology|Internet Service Provider (ISP)
45018,ISP,"Computer and Information Technology|Freight, Shipment, and Postal Services|Internet Service Provider (ISP)"
45029,ISP,"Computer and Information Technology|Internet Service Provider (ISP)|Freight, Shipment, and Postal Services"
208879,ISP,"Computer and Information Technology|Media, Publishing, and Broadcasting|Print Media (Newspapers, Magazines, Books)|Freight, Shipment, and Postal Services"
45046,ISP,"Civil Engineering Construction (Utility Lines, Roads and Bridges)|Buildings, Repair, Maintenance (Pest Control, Landscaping, Cleaning, Locksmiths, Car Washes, etc)|Internet Service Provider (ISP)|Electronics and Computer Components"
45048,ISP,Computer and Information Technology|Internet Service Provider (ISP)
208890,Enterprise,"Not Validating RPKI ROV|Law, Business, and Consulting Services|Software Development|Retail Stores, Wholesale, and E-commerce Sites"
45051,ISP,"Eyeball|Not Validating RPKI ROV|Internet Service Provider (ISP)|Media, Publishing, and Broadcasting"
45054,ISP,Computer and Information Technology|Not Validating RPKI ROV|Internet Service Provider (ISP)
45055,ISP,Eyeball|Not Validating RPKI ROV|Computer and Information Technology|Internet Service Provider (ISP)
208894,ISP,Computer and Information Technology|Internet Service Provider (ISP)
208903,Academic/Edu,"Colleges, Universities, and Professional Schools|Freight, Shipment, and Postal Services|Chemical and Pharmaceutical Manufacturing|Research and Development Organizations"
208912,ISP,"Computer and Information Technology|Internet Service Provider (ISP)|Museums, Libraries, and Entertainment"
12314,ISP,Internet Service Provider (ISP)|Computer and Information Technology
208936,Other,"Agriculture, Mining, and Refineries (Farming, Greenhouses, Mining, Forestry, and Animal Farming)"
12332,ISP,Eyeball|Not Validating RPKI ROV|Internet Service Provider (ISP)|Phone Provider
208942,Other,Construction and Real Estate|Buildings (Residential or Commercial)
12335,ISP,Internet Service Provider (ISP)|Computer and Information Technology
208945,Other,"Construction and Real Estate|Civil Engineering Construction (Utility Lines, Roads and Bridges)|Buildings (Residential or Commercial)|Electric Power Generation, Transmission, Distribution"
12341,ISP,Not Validating RPKI ROV|Computer and Information Technology|Internet Service Provider (ISP)
208954,ISP,Computer and Information Technology|Internet Service Provider (ISP)
208955,Other,"Not Validating RPKI ROV|Retail Stores, Wholesale, and E-commerce Sites|Manufacturing|Chemical and Pharmaceutical Manufacturing"
208969,ISP,Computer and Information Technology|Internet Service Provider (ISP)
208975,Other,Computer and Information Technology
208977,Enterprise,"Law, Business, and Consulting Services|Service"
208981,ISP,"Tranco 10k Host|Software Development|Finance and Insurance|Freight, Shipment, and Postal Services"
12380,ISP,Phone Provider|Not Validating RPKI ROV|Internet Service Provider (ISP)|Computer and Information Technology
208991,Other,"Not Validating RPKI ROV|Food, Grocery, Beverages|Clothing, Fashion, Luggage|Retail Stores, Wholesale, and E-commerce Sites"
208992,ISP,Computer and Information Technology|Not Validating RPKI ROV|Internet Service Provider (ISP)
12389,ISP,Carrier|Validating RPKI ROV|Internet Service Provider (ISP)|Computer and Information Technology
12396,ISP,Internet Service Provider (ISP)|Computer and Information Technology
209005,Enterprise,Service|Construction and Real Estate|Computer and Information Technology|Real Estate (Residential and/or Commercial)
209008,ISP,Internet Service Provider (ISP)|Computer and Information Technology
12403,ISP,"Retail Stores, Wholesale, and E-commerce Sites|Civil Engineering Construction (Utility Lines, Roads and Bridges)|Construction and Real Estate|Internet Service Provider (ISP)"
209019,ISP,Not Validating RPKI ROV|Internet Service Provider (ISP)|Manufacturing|Electronics and Computer Components
209024,ISP,Internet Service Provider (ISP)|Computer and Information Technology
12418,ISP,Eyeball|Not Validating RPKI ROV|Internet Service Provider (ISP)|Computer and Information Technology
209030,Government,Tranco 10k Host|Government and Public Administration|Software Development|Computer and Information Technology
209037,ISP,Internet Service Provider (ISP)|Computer and Information Technology
209038,ISP,Internet Service Provider (ISP)|Computer and Information Technology
209057,Content/CDN,Computer and Information Technology|Hosting and Cloud Provider|Software Development|Personal ASN
209059,Other,"Buildings (Residential or Commercial)|Not Validating RPKI ROV|Construction and Real Estate|Retail Stores, Wholesale, and E-commerce Sites"
12456,Other,"Retail Stores, Wholesale, and E-commerce Sites"
209067,ISP,"Computer and Information Technology|Retail Stores, Wholesale, and E-commerce Sites|Internet Service Provider (ISP)|Construction and Real Estate"
209084,Government,"Investment, Portfolio Management, Pensions and Funds|Banks, Credit Card Companies, Mortgage Providers|Government and Public Administration|Finance and Insurance"
12484,Other,"Not Validating RPKI ROV|Construction and Real Estate|Agriculture, Mining, and Refineries (Farming, Greenhouses, Mining, Forestry, and Animal Farming)|Civil Engineering Construction (Utility Lines, Roads and Bridges)"
209096,Other,"Retail Stores, Wholesale, and E-commerce Sites|Service|Buildings, Repair, Maintenance (Pest Control, Landscaping, Cleaning, Locksmiths, Car Washes, etc)"
209099,Academic/Edu,"Media, Publishing, and Broadcasting|Online Informational Content|Manufacturing|Education and Research"
12494,ISP,Eyeball|Not Validating RPKI ROV|Computer and Information Technology|Internet Service Provider (ISP)
12500,Other,"Retail Stores, Wholesale, and E-commerce Sites"
209112,Other,"Retail Stores, Wholesale, and E-commerce Sites"
12507,ISP,"Not Validating RPKI ROV|Service|Law, Business, and Consulting Services|Internet Service Provider (ISP)"
209119,ISP,Real Estate (Residential and/or Commercial)|Finance and Insurance|Insurance Carriers and Agencies|Computer and Information Technology
209133,Other,"Media, Publishing, and Broadcasting|Software Development|Service|Computer and Information Technology"
209141,ISP,Carrier|Internet Service Provider (ISP)|Computer and Information Technology
12543,ISP,Eyeball|Not Validating RPKI ROV|Phone Provider|Internet Service Provider (ISP)
12555,ISP,Buildings (Residential or Commercial)|Not Validating RPKI ROV|Internet Service Provider (ISP)|Construction and Real Estate
209165,ISP,Internet Service Provider (ISP)|Software Development|Computer and Information Technology|Eyeball
209186,Content/CDN,"Law, Business, and Consulting Services|Service|Server Hosting"
209188,Other,"Investment, Portfolio Management, Pensions and Funds|Finance and Insurance|Real Estate (Residential and/or Commercial)|Construction and Real Estate"
209206,ISP,"Not Validating RPKI ROV|Retail Stores, Wholesale, and E-commerce Sites|Computer and Information Technology|Internet Service Provider (ISP)"
209207,ISP,Internet Service Provider (ISP)|Computer and Information Technology
209217,Other,"Computer and Information Technology|Food, Beverage, and Tobacco|Freight, Shipment, and Postal Services|Construction and Real Estate"
209219,ISP,"Not Validating RPKI ROV|Construction and Real Estate|Retail Stores, Wholesale, and E-commerce Sites|Computer and Information Technology"
12616,ISP,Tranco 10k Host|Not Validating RPKI ROV|Internet Service Provider (ISP)|Computer and Information Technology
209228,ISP,Internet Service Provider (ISP)|Research and Development Organizations|Manufacturing|Software Development
209248,ISP,Internet Service Provider (ISP)|Hosting and Cloud Provider|Computer and Information Technology
209249,Other,Software Development|Computer and Information Technology
209269,ISP,Internet Service Provider (ISP)|Computer and Information Technology
12668,ISP,Eyeball|Not Validating RPKI ROV|Computer and Information Technology|Internet Service Provider (ISP)
209284,ISP,Buildings (Residential or Commercial)|Not Validating RPKI ROV|Internet Service Provider (ISP)|Computer and Information Technology
12679,Content/CDN,Computer and Information Technology|Hosting and Cloud Provider
209289,Other,"Travel and Accommodation|Food, Grocery, Beverages|Food Services and Drinking Places|Retail Stores, Wholesale, and E-commerce Sites"
209290,Unknown,
12683,ISP,Eyeball|Not Validating RPKI ROV|Internet Service Provider (ISP)|Phone Provider
12685,ISP,Eyeball|Not Validating RPKI ROV|IPv6 only|Internet Service Provider (ISP)
12686,Other,"Banks, Credit Card Companies, Mortgage Providers|Finance and Insurance"
12688,ISP,Eyeball|Not Validating RPKI ROV|Computer and Information Technology|Internet Service Provider (ISP)
12690,ISP,Computer and Information Technology|Not Validating RPKI ROV|Internet Service Provider (ISP)
209298,Other,"Retail Stores, Wholesale, and E-commerce Sites"
12695,ISP,Eyeball|Not Validating RPKI ROV|Computer and Information Technology|Internet Service Provider (ISP)
209303,Other,"Food, Grocery, Beverages|Retail Stores, Wholesale, and E-commerce Sites|Freight, Shipment, and Postal Services"
209307,ISP,Computer and Information Technology|Internet Service Provider (ISP)
209309,ISP,Computer and Information Technology|Internet Service Provider (ISP)
12705,ISP,Internet Service Provider (ISP)|Computer and Information Technology|Phone Provider
209313,Other,"Not Validating RPKI ROV|Civil Engineering Construction (Utility Lines, Roads and Bridges)|Construction and Real Estate|Retail Stores, Wholesale, and E-commerce Sites"
12714,ISP,Eyeball|Not Validating RPKI ROV|Internet Service Provider (ISP)|Computer and Information Technology
12722,ISP,Eyeball|Not Validating RPKI ROV|Internet Service Provider (ISP)|Computer and Information Technology
12724,Academic/Edu,"Education and Research|Colleges, Universities, and Professional Schools|Research and Development Organizations|Print Media (Newspapers, Magazines, Books)"
12730,ISP,Computer and Information Technology|Not Validating RPKI ROV|Eyeball|Phone Provider
209339,Other,"Radio and Television Providers|Media, Publishing, and Broadcasting"
209343,ISP,Internet Service Provider (ISP)|Computer and Information Technology
12737,ISP,Eyeball|Not Validating RPKI ROV|Computer and Information Technology|Internet Service Provider (ISP)
12739,ISP,"Computer and Information Technology|Not Validating RPKI ROV|Civil Engineering Construction (Utility Lines, Roads and Bridges)|Buildings (Residential or Commercial)"
209351,Other,Finance and Insurance
209352,Other,Finance and Insurance
209361,ISP,Internet Service Provider (ISP)|Computer and Information Technology
209367,Enterprise,"Computer and Information Technology|Law, Business, and Consulting Services|Service"
209372,ISP,Server Hosting|Computer and Information Technology|Internet Service Provider (ISP)
12768,ISP,"Eyeball|Not Validating RPKI ROV|Software Development|Retail Stores, Wholesale, and E-commerce Sites"
209376,ISP,Computer and Information Technology|Internet Service Provider (ISP)
12770,Academic/Edu,"Colleges, Universities, and Professional Schools|Construction and Real Estate|Manufacturing|Education and Research"
12772,ISP,"Eyeball|Not Validating RPKI ROV|Internet Service Provider (ISP)|Media, Publishing, and Broadcasting"
12773,Eyeball,"Eyeball|Not Validating RPKI ROV|Retail Stores, Wholesale, and E-commerce Sites"
209393,ISP,"Retail Stores, Wholesale, and E-commerce Sites|Not Validating RPKI ROV|Internet Service Provider (ISP)|Computer and Information Technology"
12790,ISP,Internet Service Provider (ISP)|Software Development|Computer and Information Technology
209406,Enterprise,"Service|Computer and Information Technology|Law, Business, and Consulting Services"
209415,Other,"Print Media (Newspapers, Magazines, Books)|Museums, Libraries, and Entertainment|Media, Publishing, and Broadcasting"
209420,ISP,Computer and Information Technology|Internet Service Provider (ISP)
12828,Academic/Edu,"Not Validating RPKI ROV|Colleges, Universities, and Professional Schools|Education and Research|Print Media (Newspapers, Magazines, Books)"
209436,ISP,Internet Service Provider (ISP)|Computer and Information Technology
12836,ISP,"Not Validating RPKI ROV|Freight, Shipment, and Postal Services|Construction and Real Estate|Civil Engineering Construction (Utility Lines, Roads and Bridges)"
209446,Content/CDN,"Retail Stores, Wholesale, and E-commerce Sites|Software Development|Electronics and Computer Components|Computer and Information Technology"
209448,ISP,"Motor Vehicles and Parts|Retail Stores, Wholesale, and E-commerce Sites|Freight, Shipment, and Postal Services|Finance and Insurance"
12841,Other,"Retail Stores, Wholesale, and E-commerce Sites"
12846,ISP,Eyeball|Not Validating RPKI ROV|Internet Service Provider (ISP)|Computer and Information Technology
209458,Other,"Not Validating RPKI ROV|Chemical and Pharmaceutical Manufacturing|Print Media (Newspapers, Magazines, Books)|Manufacturing"
209473,Other,Software Development|Computer and Information Technology
209476,Enterprise,"Software Development|Service|Freight, Shipment, and Postal Services|Community Groups and Nonprofits"
12879,ISP,Computer and Information Technology|Internet Service Provider (ISP)|Eyeball
209511,Government,"Media, Publishing, and Broadcasting|Civil Engineering Construction (Utility Lines, Roads and Bridges)|Print Media (Newspapers, Magazines, Books)|Buildings (Residential or Commercial)"
209517,Other,Satellite Communication|Computer and Information Technology
209520,Other,"Retail Stores, Wholesale, and E-commerce Sites"
12925,ISP,Education and Research|Hosting and Cloud Provider|Research and Development Organizations|Internet Service Provider (ISP)
12938,Academic/Edu,"Print Media (Newspapers, Magazines, Books)|Real Estate (Residential and/or Commercial)|Construction and Real Estate|Media, Publishing, and Broadcasting"
209546,ISP,"Not Validating RPKI ROV|Computer and Information Technology|Retail Stores, Wholesale, and E-commerce Sites|Freight, Shipment, and Postal Services"
209558,ISP,"Computer and Information Technology|Internet Service Provider (ISP)|Software Development|Media, Publishing, and Broadcasting"
12958,ISP,Eyeball|Not Validating RPKI ROV|Internet Service Provider (ISP)|Computer and Information Technology
12959,Other,"Buildings, Repair, Maintenance (Pest Control, Landscaping, Cleaning, Locksmiths, Car Washes, etc)|Service"
12976,ISP,Computer and Information Technology|Internet Service Provider (ISP)
12979,ISP,"Law, Business, and Consulting Services|Computer and Information Technology|Construction and Real Estate|Retail Stores, Wholesale, and E-commerce Sites"
209592,ISP,"Not Validating RPKI ROV|Hosting and Cloud Provider|Computer and Information Technology|Civil Engineering Construction (Utility Lines, Roads and Bridges)"
209595,Other,Not Validating RPKI ROV
209599,Other,"Not Validating RPKI ROV|Retail Stores, Wholesale, and E-commerce Sites|Construction and Real Estate|Buildings (Residential or Commercial)"
12999,Academic/Edu,"Colleges, Universities, and Professional Schools|Education and Research|Elementary and Secondary Schools|Academic"
13016,ISP,"Not Validating RPKI ROV|Retail Stores, Wholesale, and E-commerce Sites|Civil Engineering Construction (Utility Lines, Roads and Bridges)|Computer and Information Technology"
209636,ISP,Internet Service Provider (ISP)|Computer and Information Technology
13029,Government,"Not Validating RPKI ROV|Government and Public Administration|Government and Regulatory Agencies, Administrations, Departments, and Services|Government"
209639,Enterprise,"Law, Business, and Consulting Services|Real Estate (Residential and/or Commercial)|Service|Community Groups and Nonprofits"
209641,Content/CDN,Tor services|Education and Research|Server Hosting
209655,Other,"Machinery|Manufacturing|Retail Stores, Wholesale, and E-commerce Sites"
209656,Other,"Freight, Shipment, and Postal Services"
209657,Other,"Not Validating RPKI ROV|Music and Video Industry|Print Media (Newspapers, Magazines, Books)|Manufacturing"
209660,Other,"Civil Engineering Construction (Utility Lines, Roads and Bridges)|Buildings (Residential or Commercial)|Construction and Real Estate|Freight, Shipment, and Postal Services"
13055,ISP,"Eyeball|Not Validating RPKI ROV|Computer and Information Technology|Retail Stores, Wholesale, and E-commerce Sites"
13056,ISP,Computer and Information Technology|Not Validating RPKI ROV|Internet Service Provider (ISP)|Phone Provider
209666,ISP,"Hosting, Cloud Provider, Data Center, Server Colocation|Internet Service Provider (ISP)|Computer and Information Technology|Hosting and Cloud Provider"
209667,Other,"Not Validating RPKI ROV|Service|Buildings, Repair, Maintenance (Pest Control, Landscaping, Cleaning, Locksmiths, Car Washes, etc)|Civil Engineering Construction (Utility Lines, Roads and Bridges)"
13062,ISP,Computer and Information Technology|Internet Service Provider (ISP)
209679,Other,Health Care Services|Hospitals and Medical Centers
13075,ISP,"Internet Service Provider (ISP)|Electronics and Computer Components|Software Development|Media, Publishing, and Broadcasting"
209683,ISP,Computer and Information Technology|Internet Service Provider (ISP)
13077,Academic/Edu,"Not Validating RPKI ROV|Colleges, Universities, and Professional Schools|Agriculture, Mining, and Refineries (Farming, Greenhouses, Mining, Forestry, and Animal Farming)|Education and Research"
209684,ISP,"Not Validating RPKI ROV|Food, Grocery, Beverages|Software Development|Computer and Information Technology"
13079,ISP,"Civil Engineering Construction (Utility Lines, Roads and Bridges)|Internet Service Provider (ISP)|Computer and Information Technology|Construction and Real Estate"
209687,Content/CDN,Hosting and Cloud Provider|Not Validating RPKI ROV|Computer and Information Technology
209695,Other,"Not Validating RPKI ROV|Retail Stores, Wholesale, and E-commerce Sites"
209698,Academic/Edu,"Not Validating RPKI ROV|Civil Engineering Construction (Utility Lines, Roads and Bridges)|Buildings (Residential or Commercial)|Media, Publishing, and Broadcasting"
209701,Other,"Finance and Insurance|Real Estate (Residential and/or Commercial)|Banks, Credit Card Companies, Mortgage Providers|Construction and Real Estate"
13094,ISP,Eyeball|Internet Service Provider (ISP)|Computer and Information Technology
13095,ISP,Phone Provider|Not Validating RPKI ROV|Internet Service Provider (ISP)|Computer and Information Technology
13105,ISP,Computer and Information Technology|Not Validating RPKI ROV|Internet Service Provider (ISP)
209720,Unknown,
13118,ISP,Computer and Information Technology|Not Validating RPKI ROV|Internet Service Provider (ISP)|Phone Provider
209728,ISP,Not Validating RPKI ROV|Software Development|Hosting and Cloud Provider|Computer and Information Technology
209739,Other,"Radio and Television Providers|Media, Publishing, and Broadcasting"
209746,ISP,Computer and Information Technology|Internet Service Provider (ISP)
209747,Other,"Accountants, Tax Preparers, Payroll Services|Finance and Insurance|Computer and Information Technology|Service"
209751,ISP,Computer and Information Technology|Internet Service Provider (ISP)
209755,Other,"Not Validating RPKI ROV|Construction and Real Estate|Retail Stores, Wholesale, and E-commerce Sites|Civil Engineering Construction (Utility Lines, Roads and Bridges)"
209758,Enterprise,"Media, Publishing, and Broadcasting|Retail Stores, Wholesale, and E-commerce Sites|Print Media (Newspapers, Magazines, Books)|Service"
209759,ISP,Construction and Real Estate|Not Validating RPKI ROV|Real Estate (Residential and/or Commercial)|Internet Service Provider (ISP)
13155,ISP,Eyeball|Not Validating RPKI ROV|Computer and Information Technology|Internet Service Provider (ISP)
209763,Other,Service|IPv6 only
13161,Other,"Trucking|Retail Stores, Wholesale, and E-commerce Sites|Freight, Shipment, and Postal Services|Chemical and Pharmaceutical Manufacturing"
13165,Other,"Retail Stores, Wholesale, and E-commerce Sites|Not Validating RPKI ROV|Clothing and Textiles|Clothing, Fashion, Luggage"
209773,Enterprise,"Service|Computer and Information Technology|Law, Business, and Consulting Services"
209775,Other,"Automotive and Transportation|Machinery|Construction and Real Estate|Civil Engineering Construction (Utility Lines, Roads and Bridges)"
209779,Other,"Finance and Insurance|Banks, Credit Card Companies, Mortgage Providers"
13174,ISP,Internet Service Provider (ISP)|Not Validating RPKI ROV|Computer and Information Technology
209785,Enterprise,"Media, Publishing, and Broadcasting|Law, Business, and Consulting Services|Print Media (Newspapers, Magazines, Books)|Manufacturing"
13178,ISP,Eyeball|Not Validating RPKI ROV|Internet Service Provider (ISP)|Computer and Information Technology
209787,Other,"Finance and Insurance|Freight, Shipment, and Postal Services|Retail Stores, Wholesale, and E-commerce Sites|Banks, Credit Card Companies, Mortgage Providers"
209788,ISP,Computer and Information Technology|Not Validating RPKI ROV|Internet Service Provider (ISP)
209789,Academic/Edu,"Not Validating RPKI ROV|Service|Software Development|Media, Publishing, and Broadcasting"
13185,Academic/Edu,"Education and Research|Colleges, Universities, and Professional Schools|Academic"
209794,Enterprise,"Print Media (Newspapers, Magazines, Books)|Freight, Shipment, and Postal Services|Retail Stores, Wholesale, and E-commerce Sites|Law, Business, and Consulting Services"
209796,Enterprise,"Law, Business, and Consulting Services|Service"
209805,Content/CDN,Server Hosting|Not Validating RPKI ROV|Real Estate (Residential and/or Commercial)|Finance and Insurance
209813,Other,"Retail Stores, Wholesale, and E-commerce Sites"
209821,ISP,"Buildings (Residential or Commercial)|Not Validating RPKI ROV|Internet Service Provider (ISP)|Museums, Libraries, and Entertainment"
13215,ISP,Computer and Information Technology|Not Validating RPKI ROV|Internet Service Provider (ISP)
13227,Eyeball,Construction and Real Estate|Not Validating RPKI ROV|Eyeball|Buildings (Residential or Commercial)
13230,ISP,Internet Service Provider (ISP)|Computer and Information Technology
13238,ISP,Content|Internet Service Provider (ISP)|Travel and Accommodation|Service
13257,ISP,Computer and Information Technology|Not Validating RPKI ROV|Phone Provider|Internet Service Provider (ISP)
13259,ISP,Eyeball|Not Validating RPKI ROV|Computer and Information Technology|Internet Service Provider (ISP)
209867,Other,"Freight, Shipment, and Postal Services|Postal Services and Couriers"
209873,Other,"Media, Publishing, and Broadcasting|Retail Stores, Wholesale, and E-commerce Sites|Print Media (Newspapers, Magazines, Books)"
209885,ISP,"Radio and Television Providers|Media, Publishing, and Broadcasting|Retail Stores, Wholesale, and E-commerce Sites|Hosting and Cloud Provider"
209890,Other,"Investment, Portfolio Management, Pensions and Funds|Automotive and Transportation|Manufacturing|Retail Stores, Wholesale, and E-commerce Sites"
13296,ISP,Internet Service Provider (ISP)|Not Validating RPKI ROV|Hosting and Cloud Provider|Software Development
13302,ISP,"Civil Engineering Construction (Utility Lines, Roads and Bridges)|Construction and Real Estate|Computer and Information Technology|Buildings (Residential or Commercial)"
209911,ISP,Computer and Information Technology|Internet Service Provider (ISP)
209926,ISP,Not Validating RPKI ROV|Computer and Information Technology|Internet Service Provider (ISP)|Construction and Real Estate
209927,Other,Computer and Information Technology
209930,ISP,"Retail Stores, Wholesale, and E-commerce Sites|Freight, Shipment, and Postal Services|Computer and Information Technology|Internet Service Provider (ISP)"
209932,Other,"Retail Stores, Wholesale, and E-commerce Sites"
209938,ISP,Computer and Information Technology|Internet Service Provider (ISP)
209950,Content/CDN,Not Validating RPKI ROV|Computer and Information Technology|Hosting and Cloud Provider
209954,ISP,"Computer and Information Technology|Not Validating RPKI ROV|Service|Buildings, Repair, Maintenance (Pest Control, Landscaping, Cleaning, Locksmiths, Car Washes, etc)"
209955,ISP,"Museums, Libraries, and Entertainment|Not Validating RPKI ROV|Computer and Information Technology|Internet Service Provider (ISP)"
209962,Other,Community Groups and Nonprofits
209973,Other,"Banks, Credit Card Companies, Mortgage Providers|Finance and Insurance"
209974,ISP,Computer and Information Technology|Internet Service Provider (ISP)|Software Development
210028,Other,"Civil Engineering Construction (Utility Lines, Roads and Bridges)|Retail Stores, Wholesale, and E-commerce Sites|Freight, Shipment, and Postal Services|Construction and Real Estate"
210033,ISP,"Computer and Information Technology|Construction and Real Estate|Civil Engineering Construction (Utility Lines, Roads and Bridges)|Trucking"
210038,ISP,"Banks, Credit Card Companies, Mortgage Providers|Internet Service Provider (ISP)|Finance and Insurance|Insurance Carriers and Agencies"
210047,ISP,Internet Service Provider (ISP)|Computer and Information Technology
210063,ISP,Computer and Information Technology|Internet Service Provider (ISP)
210067,Content/CDN,"Hosting, Cloud Provider, Data Center, Server Colocation|Computer and Information Technology"
210071,ISP,"Buildings, Repair, Maintenance (Pest Control, Landscaping, Cleaning, Locksmiths, Car Washes, etc)|Internet Service Provider (ISP)|Service|Retail Stores, Wholesale, and E-commerce Sites"
210078,Content/CDN,Hosting and Cloud Provider|Computer and Information Technology
210079,Content/CDN,"VPN Host|Buildings (Residential or Commercial)|Online Informational Content|Media, Publishing, and Broadcasting"
210093,Other,"Buildings (Residential or Commercial)|Civil Engineering Construction (Utility Lines, Roads and Bridges)|Construction and Real Estate"
210109,ISP,Computer and Information Technology|Not Validating RPKI ROV|Internet Service Provider (ISP)
210113,Other,"Banks, Credit Card Companies, Mortgage Providers|Finance and Insurance"
210135,ISP,Hosting and Cloud Provider|Not Validating RPKI ROV|Computer and Information Technology|Construction and Real Estate
210160,Other,"Banks, Credit Card Companies, Mortgage Providers|Finance and Insurance"
210171,Other,Other
210188,Enterprise,"Retail Stores, Wholesale, and E-commerce Sites|Software Development|Freight, Shipment, and Postal Services|Construction and Real Estate"
210200,ISP,"Hosting and Cloud Provider|Internet Service Provider (ISP)|Electronics and Computer Components|Freight, Shipment, and Postal Services"
210201,ISP,"Not Validating RPKI ROV|Computer and Information Technology|Buildings, Repair, Maintenance (Pest Control, Landscaping, Cleaning, Locksmiths, Car Washes, etc)|Internet Service Provider (ISP)"
210209,Other,Satellite Communication|Computer and Information Technology
210223,Other,"Construction and Real Estate|Civil Engineering Construction (Utility Lines, Roads and Bridges)|Buildings (Residential or Commercial)"
210228,Content/CDN,"Service|Law, Business, and Consulting Services|Computer and Information Technology|Hosting and Cloud Provider"
210239,Academic/Edu,Education and Research
210240,ISP,Internet Service Provider (ISP)|Computer and Information Technology
210259,ISP,Service|Utilities (Excluding Internet Service)|Sewage Treatment|Water Supply and Irrigation
210267,ISP,"Not Validating RPKI ROV|Food, Beverage, and Tobacco|Media, Publishing, and Broadcasting|Trucking"
210276,Academic/Edu,"Not Validating RPKI ROV|Colleges, Universities, and Professional Schools|Education and Research|Print Media (Newspapers, Magazines, Books)"
210281,Other,"Tours and Sightseeing|Museums, Libraries, and Entertainment"
210328,ISP,Computer and Information Technology|Internet Service Provider (ISP)
210342,ISP,Computer and Information Technology|Internet Service Provider (ISP)
210357,Unknown,
210380,ISP,Internet Service Provider (ISP)|Computer and Information Technology
210408,Enterprise,"Law, Business, and Consulting Services|Service"
210416,Unknown,
210431,Other,"Investment, Portfolio Management, Pensions and Funds|Finance and Insurance"
210443,ISP,Internet Service Provider (ISP)|Computer and Information Technology
210447,ISP,Internet Service Provider (ISP)|Computer and Information Technology
210451,Other,"Investment, Portfolio Management, Pensions and Funds|Finance and Insurance"
210471,ISP,Computer and Information Technology|Internet Service Provider (ISP)
210491,Other,Computer and Information Technology
210493,Other,"Electronics and Computer Components|Retail Stores, Wholesale, and E-commerce Sites|Manufacturing"
210494,Other,"Service|Media, Publishing, and Broadcasting"
210525,Content/CDN,Hosting and Cloud Provider|Computer and Information Technology
210552,Academic/Edu,Education and Research
210553,Unknown,
210600,Other,Service|Anycast
210616,ISP,"Eyeball|Retail Stores, Wholesale, and E-commerce Sites|Home ISP"
210643,Other,Service|IPv6 only
210644,Content/CDN,Content|Manufacturing|Electronics and Computer Components|Computer and Information Technology
210656,ISP,Hosting and Cloud Provider|Service|Software Development|Internet Service Provider (ISP)
210662,Other,"Online Informational Content|Online Music and Video Streaming Services|Media, Publishing, and Broadcasting"
210682,Other,Travel and Accommodation
210685,ISP,Internet Service Provider (ISP)|Computer and Information Technology
210698,ISP,Computer and Information Technology|Internet Service Provider (ISP)
210702,Other,Satellite Communication|Computer and Information Technology
210706,Unknown,
210720,Other,Computer and Information Technology
210725,Unknown,
210726,Other,Service
210735,Enterprise,"Media, Publishing, and Broadcasting|Software Development|Service|Law, Business, and Consulting Services"
210739,Unknown,
210753,Other,Computer and Information Technology|Software Development|Anycast
210756,Content/CDN,"Content|Service|Computer and Information Technology|Hosting, Cloud Provider, Data Center, Server Colocation"
210766,ISP,"Music and Video Industry|Media, Publishing, and Broadcasting|Internet Service Provider (ISP)|Computer and Information Technology"
210778,Other,Search|Computer and Information Technology
210786,Other,"Retail Stores, Wholesale, and E-commerce Sites|Food, Grocery, Beverages"
210787,Other,"Freight, Shipment, and Postal Services"
210827,Other,"Civil Engineering Construction (Utility Lines, Roads and Bridges)|Construction and Real Estate"
210828,Other,Construction and Real Estate
210829,Enterprise,"Computer and Information Technology|Service|Law, Business, and Consulting Services"
210868,Content/CDN,"Hosting, Cloud Provider, Data Center, Server Colocation|Computer and Information Technology|Construction and Real Estate|Law, Business, and Consulting Services"
210889,Other,Finance and Insurance
210894,Other,Service
210899,Other,Service
210914,Academic/Edu,Education and Research|Health Care Services
210926,ISP,Internet Service Provider (ISP)|Computer and Information Technology
210928,ISP,Internet Service Provider (ISP)|Computer and Information Technology
210931,ISP,Computer and Information Technology|Internet Service Provider (ISP)
47104,ISP,"Eyeball|Not Validating RPKI ROV|Museums, Libraries, and Entertainment|Internet Service Provider (ISP)"
47111,ISP,"Eyeball|Not Validating RPKI ROV|Internet Service Provider (ISP)|Media, Publishing, and Broadcasting"
210954,Unknown,
210956,Content/CDN,"Computer and Information Technology|Hosting, Cloud Provider, Data Center, Server Colocation"
47117,ISP,"Freight, Shipment, and Postal Services|Law, Business, and Consulting Services|Service|Postal Services and Couriers"
47118,ISP,Eyeball|Internet Service Provider (ISP)|Computer and Information Technology|Home ISP
47119,ISP,Eyeball|Not Validating RPKI ROV|Computer and Information Technology|Internet Service Provider (ISP)
47122,ISP,"Retail Stores, Wholesale, and E-commerce Sites|Service|Buildings, Repair, Maintenance (Pest Control, Landscaping, Cleaning, Locksmiths, Car Washes, etc)|Law, Business, and Consulting Services"
47124,Academic/Edu,"Education and Research|Colleges, Universities, and Professional Schools|Academic"
47125,Content/CDN,Computer and Information Technology|Hosting and Cloud Provider
47133,Eyeball,"Eyeball|Not Validating RPKI ROV|Hosting and Cloud Provider|Retail Stores, Wholesale, and E-commerce Sites"
47140,ISP,"Service|Not Validating RPKI ROV|Hotels, Motels, Inns, Other Traveler Accommodation|Retail Stores, Wholesale, and E-commerce Sites"
210989,ISP,Internet Service Provider (ISP)|Computer and Information Technology
47151,ISP,Computer and Information Technology|Internet Service Provider (ISP)
47156,ISP,Eyeball|Not Validating RPKI ROV|Computer and Information Technology|Internet Service Provider (ISP)
47158,Other,Hospitals and Medical Centers|Health Care Services
211000,Other,Service
211002,Other,Not Validating RPKI ROV|Manufacturing
47165,ISP,Eyeball|Not Validating RPKI ROV|Internet Service Provider (ISP)|Computer and Information Technology
47166,ISP,Not Validating RPKI ROV|Computer and Information Technology|Internet Service Provider (ISP)
47168,ISP,"Software Development|Computer and Information Technology|Law, Business, and Consulting Services|Hosting and Cloud Provider"
211009,Other,"IPv6 only|Media, Publishing, and Broadcasting"
47181,Enterprise,"Automotive and Transportation|Not Validating RPKI ROV|Civil Engineering Construction (Utility Lines, Roads and Bridges)|Construction and Real Estate"
47183,Other,"Personal Care and Lifestyle (Barber Shops, Nail Salons, Diet Centers, Laundry, etc)|Social Assistance (Temporary Shelters, Emergency Relief, Child Day Care, etc)|Health Care Services|Service"
211027,ISP,"Internet Service Provider (ISP)|Electronics and Computer Components|Computer and Information Technology|Hosting, Cloud Provider, Data Center, Server Colocation"
47193,ISP,Eyeball|Not Validating RPKI ROV|Computer and Information Technology|Construction and Real Estate
47196,ISP,Computer and Information Technology|Not Validating RPKI ROV|Service|Software Development
47203,ISP,Eyeball|Not Validating RPKI ROV|Home ISP|Internet Service Provider (ISP)
47204,Content/CDN,Computer and Information Technology|Hosting and Cloud Provider
211045,Other,"Retail Stores, Wholesale, and E-commerce Sites|Freight, Shipment, and Postal Services"
47210,Other,"Manufacturing|Machinery|Banks, Credit Card Companies, Mortgage Providers|Finance and Insurance"
47211,ISP,Eyeball|Not Validating RPKI ROV|Computer and Information Technology|Internet Service Provider (ISP)
47213,ISP,"Hosting and Cloud Provider|Computer and Information Technology|Retail Stores, Wholesale, and E-commerce Sites|Software Development"
47218,ISP,Internet Service Provider (ISP)|Computer and Information Technology
211063,Eyeball,"Media, Publishing, and Broadcasting|Online Informational Content|Eyeball"
47231,Content/CDN,Computer and Information Technology|Hosting and Cloud Provider
47235,Academic/Edu,Service|Research and Development Organizations|Real Estate (Residential and/or Commercial)|Construction and Real Estate
47236,ISP,Eyeball|Not Validating RPKI ROV|Computer and Information Technology|Internet Service Provider (ISP)
211076,Unknown,
211078,Unknown,
47240,ISP,Internet Service Provider (ISP)|Computer and Information Technology
47241,ISP,Eyeball|Not Validating RPKI ROV|Internet Service Provider (ISP)|Computer and Information Technology
211082,ISP,Computer and Information Technology|Internet Service Provider (ISP)
47243,Other,"Retail Stores, Wholesale, and E-commerce Sites|Agriculture, Mining, and Refineries (Farming, Greenhouses, Mining, Forestry, and Animal Farming)"
47246,ISP,"Freight, Shipment, and Postal Services|Computer and Information Technology|Postal Services and Couriers|Internet Service Provider (ISP)"
47247,Other,Software Development|Computer and Information Technology
47256,ISP,Computer and Information Technology|Internet Service Provider (ISP)|Software Development|Service
47257,Enterprise,"Manufacturing|Print Media (Newspapers, Magazines, Books)|Law, Business, and Consulting Services|Service"
47258,ISP,Eyeball|Not Validating RPKI ROV|Internet Service Provider (ISP)|Computer and Information Technology
47259,Other,"Not Validating RPKI ROV|Food, Grocery, Beverages|Print Media (Newspapers, Magazines, Books)|Media, Publishing, and Broadcasting"
211101,Other,"Media, Publishing, and Broadcasting|Not Validating RPKI ROV"
211114,Content/CDN,"Not Validating RPKI ROV|Technology Consulting Services|Computer and Information Technology|Hosting, Cloud Provider, Data Center, Server Colocation"
47278,Other,"Media, Publishing, and Broadcasting|Software Development|Finance and Insurance|Computer and Information Technology"
47286,ISP,Eyeball|Not Validating RPKI ROV|Computer and Information Technology|Internet Service Provider (ISP)
211134,Other,"Retail Stores, Wholesale, and E-commerce Sites"
47307,ISP,"Computer and Information Technology|Internet Service Provider (ISP)|Law, Business, and Consulting Services|Service"
211150,ISP,Not Validating RPKI ROV|Internet Service Provider (ISP)|Computer and Information Technology
47313,ISP,Internet Service Provider (ISP)|Computer and Information Technology|Eyeball
47321,ISP,Eyeball|Not Validating RPKI ROV|Computer and Information Technology|Internet Service Provider (ISP)
47323,Eyeball,Not Validating RPKI ROV|Service|Eyeball
211164,Unknown,
47333,ISP,"Internet Service Provider (ISP)|Civil Engineering Construction (Utility Lines, Roads and Bridges)|Buildings (Residential or Commercial)|Computer and Information Technology"
47334,Content/CDN,"Computer and Information Technology|Hosting and Cloud Provider|Print Media (Newspapers, Magazines, Books)|Service"
47335,ISP,"Buildings (Residential or Commercial)|Civil Engineering Construction (Utility Lines, Roads and Bridges)|Internet Service Provider (ISP)|Computer and Information Technology"
211173,ISP,Computer and Information Technology|Internet Service Provider (ISP)
47338,Other,"Freight, Shipment, and Postal Services|Computer and Information Technology"
47342,ISP,Not Validating RPKI ROV|Software Development|Computer and Information Technology|Construction and Real Estate
211183,Content/CDN,Hosting and Cloud Provider|Computer and Information Technology
211185,Other,Construction and Real Estate|Buildings (Residential or Commercial)|Manufacturing|Chemical and Pharmaceutical Manufacturing
47349,ISP,"Not Validating RPKI ROV|Real Estate (Residential and/or Commercial)|Service|Law, Business, and Consulting Services"
47354,Other,"Not Validating RPKI ROV|Retail Stores, Wholesale, and E-commerce Sites|Finance and Insurance|Construction and Real Estate"
47358,ISP,Internet Service Provider (ISP)|Computer and Information Technology
211202,Other,Service
47363,ISP,Computer and Information Technology|Not Validating RPKI ROV|Internet Service Provider (ISP)
47370,ISP,"Not Validating RPKI ROV|Radio and Television Providers|Media, Publishing, and Broadcasting|Retail Stores, Wholesale, and E-commerce Sites"
47375,Other,"Banks, Credit Card Companies, Mortgage Providers|Finance and Insurance"
47378,ISP,Computer and Information Technology|Internet Service Provider (ISP)
47379,Other,"Real Estate (Residential and/or Commercial)|Retail Stores, Wholesale, and E-commerce Sites|Construction and Real Estate"
211221,Other,Manufacturing|Automotive and Transportation
47385,ISP,Computer and Information Technology|Internet Service Provider (ISP)|Hosting and Cloud Provider|VPN Host
211229,Unknown,
47395,ISP,Computer and Information Technology|Internet Service Provider (ISP)
47397,ISP,Not Validating RPKI ROV|Eyeball|Internet Service Provider (ISP)|Computer and Information Technology
47398,ISP,"Music and Video Industry|Computer and Information Technology|Internet Service Provider (ISP)|Media, Publishing, and Broadcasting"
47399,Other,Community Groups and Nonprofits
211240,ISP,Computer and Information Technology|Internet Service Provider (ISP)
211245,Unknown,
211246,ISP,Computer and Information Technology|Internet Service Provider (ISP)
47407,ISP,Not Validating RPKI ROV|Computer and Information Technology|Internet Service Provider (ISP)
211247,Other,"Museums, Libraries, and Entertainment"
47418,ISP,Not Validating RPKI ROV|Computer and Information Technology|Internet Service Provider (ISP)
211258,Academic/Edu,"Media, Publishing, and Broadcasting|Online Informational Content|Academic"
47429,Other,Not Validating RPKI ROV|Construction and Real Estate|Buildings (Residential or Commercial)|Real Estate (Residential and/or Commercial)
211270,ISP,Computer and Information Technology|Internet Service Provider (ISP)
47433,ISP,Internet Service Provider (ISP)|Computer and Information Technology|Eyeball
47437,Other,"Retail Stores, Wholesale, and E-commerce Sites"
47438,ISP,Eyeball|Not Validating RPKI ROV|Computer and Information Technology|Internet Service Provider (ISP)
47439,ISP,"Buildings (Residential or Commercial)|Retail Stores, Wholesale, and E-commerce Sites|Civil Engineering Construction (Utility Lines, Roads and Bridges)|Internet Service Provider (ISP)"
47440,ISP,Internet Service Provider (ISP)|Not Validating RPKI ROV|Computer and Information Technology
47441,ISP,Internet Service Provider (ISP)|Computer and Information Technology
211282,ISP,Not Validating RPKI ROV|Internet Service Provider (ISP)|Computer and Information Technology
47445,ISP,"Internet Service Provider (ISP)|Freight, Shipment, and Postal Services|Computer and Information Technology"
211291,ISP,Not Validating RPKI ROV|Computer and Information Technology|Internet Service Provider (ISP)
47456,Enterprise,"Not Validating RPKI ROV|Service|Media, Publishing, and Broadcasting|Law, Business, and Consulting Services"
47457,Other,"Finance and Insurance|Banks, Credit Card Companies, Mortgage Providers|Computer and Information Technology|Software Development"
47459,ISP,Computer and Information Technology|Internet Service Provider (ISP)|Software Development
47460,ISP,Computer and Information Technology|Phone Provider|Internet Service Provider (ISP)
47465,ISP,"Retail Stores, Wholesale, and E-commerce Sites|Agriculture, Mining, and Refineries (Farming, Greenhouses, Mining, Forestry, and Animal Farming)|Construction and Real Estate|Buildings (Residential or Commercial)"
47470,Other,Not Validating RPKI ROV|Construction and Real Estate|Real Estate (Residential and/or Commercial)
211311,Other,"Freight, Shipment, and Postal Services"
47478,ISP,Eyeball|Not Validating RPKI ROV|Internet Service Provider (ISP)|Computer and Information Technology
47481,Other,"Tranco 10k Host|Media, Publishing, and Broadcasting|Radio and Television Providers"
47486,ISP,"Not Validating RPKI ROV|Internet Service Provider (ISP)|Media, Publishing, and Broadcasting|Print Media (Newspapers, Magazines, Books)"
47495,ISP,Internet Service Provider (ISP)|Computer and Information Technology
47502,Other,"Metal, Glass, Wood, and Paper Manufacturing|Manufacturing"
47503,Other,"Software Development|Electronics and Computer Components|Metal, Glass, Wood, and Paper Manufacturing|Machinery"
211343,Content/CDN,Computer and Information Technology|Hosting and Cloud Provider
211347,Academic/Edu,Education and Research
47522,Other,"Banks, Credit Card Companies, Mortgage Providers|Finance and Insurance"
211362,ISP,Internet Service Provider (ISP)|Computer and Information Technology|IPv6 only
211366,Content/CDN,Hosting and Cloud Provider|Computer and Information Technology|Service
47528,Enterprise,"Real Estate (Residential and/or Commercial)|Law, Business, and Consulting Services|Retail Stores, Wholesale, and E-commerce Sites|Construction and Real Estate"
47530,ISP,Eyeball|Not Validating RPKI ROV|Computer and Information Technology|Buildings (Residential or Commercial)
47531,ISP,Eyeball|Not Validating RPKI ROV|Internet Service Provider (ISP)|Computer and Information Technology
47533,Other,Not Validating RPKI ROV|Construction and Real Estate|Music and Video Industry|Real Estate (Residential and/or Commercial)
211379,ISP,Not Validating RPKI ROV|Internet Service Provider (ISP)|Computer and Information Technology
47541,Other,Tranco 10k Host|Community Groups and Nonprofits|Software Development|Computer and Information Technology
47542,Other,Software Development|Computer and Information Technology
211382,Other,"Museums, Libraries, and Entertainment"
47550,Academic/Edu,Research and Development Organizations|Not Validating RPKI ROV|Education and Research|Manufacturing
47551,ISP,Computer and Information Technology|Internet Service Provider (ISP)|Eyeball
211399,ISP,Internet Service Provider (ISP)|Computer and Information Technology
47560,ISP,"Hosting and Cloud Provider|Internet Service Provider (ISP)|Software Development|Retail Stores, Wholesale, and E-commerce Sites"
211400,ISP,Internet Service Provider (ISP)|Computer and Information Technology
47562,ISP,Eyeball|Not Validating RPKI ROV|Internet Service Provider (ISP)|Computer and Information Technology
47564,ISP,"Not Validating RPKI ROV|Civil Engineering Construction (Utility Lines, Roads and Bridges)|Buildings (Residential or Commercial)|Computer and Information Technology"
47565,ISP,"Computer and Information Technology|Retail Stores, Wholesale, and E-commerce Sites|Buildings, Repair, Maintenance (Pest Control, Landscaping, Cleaning, Locksmiths, Car Washes, etc)|Internet Service Provider (ISP)"
47566,ISP,"Not Validating RPKI ROV|Real Estate (Residential and/or Commercial)|Civil Engineering Construction (Utility Lines, Roads and Bridges)|Internet Service Provider (ISP)"
211404,Enterprise,"Service|Law, Business, and Consulting Services"
211406,ISP,Computer and Information Technology|Internet Service Provider (ISP)
47569,Other,"Chemical and Pharmaceutical Manufacturing|Not Validating RPKI ROV|Automotive and Transportation|Retail Stores, Wholesale, and E-commerce Sites"
47577,ISP,Computer and Information Technology|Hosting and Cloud Provider|Internet Service Provider (ISP)|Tranco 10k Host
47579,ISP,Eyeball|Not Validating RPKI ROV|Computer and Information Technology|Internet Service Provider (ISP)
47586,ISP,Eyeball|Not Validating RPKI ROV|Internet Service Provider (ISP)|Computer and Information Technology
47594,ISP,Not Validating RPKI ROV|Computer and Information Technology|Internet Service Provider (ISP)
47595,ISP,Computer and Information Technology|Hosting and Cloud Provider|Internet Service Provider (ISP)|VPN Host
211446,Enterprise,"Law, Business, and Consulting Services|Service"
47613,ISP,Internet Service Provider (ISP)|Computer and Information Technology
47618,ISP,Eyeball|Not Validating RPKI ROV|Computer and Information Technology|Computer and Network Security
47620,Other,"Not Validating RPKI ROV|Construction and Real Estate|Civil Engineering Construction (Utility Lines, Roads and Bridges)|Retail Stores, Wholesale, and E-commerce Sites"
47626,ISP,Eyeball|Not Validating RPKI ROV|Internet Service Provider (ISP)|Computer and Information Technology
211473,ISP,Internet Service Provider (ISP)|Computer and Information Technology
47634,Other,"Retail Stores, Wholesale, and E-commerce Sites"
47635,ISP,"Not Validating RPKI ROV|Computer and Information Technology|Media, Publishing, and Broadcasting|Radio and Television Providers"
47636,Other,"Media, Publishing, and Broadcasting|Print Media (Newspapers, Magazines, Books)"
47645,ISP,Computer and Information Technology|Internet Service Provider (ISP)
211486,Other,Computer and Information Technology|Software Development
47652,Content/CDN,"Service|Law, Business, and Consulting Services|Computer and Information Technology|Hosting and Cloud Provider"
47654,ISP,"Retail Stores, Wholesale, and E-commerce Sites|Not Validating RPKI ROV|Civil Engineering Construction (Utility Lines, Roads and Bridges)|Internet Service Provider (ISP)"
47655,ISP,Eyeball|Not Validating RPKI ROV|Computer and Information Technology|Construction and Real Estate
47656,Eyeball,"Eyeball|Retail Stores, Wholesale, and E-commerce Sites"
211497,Other,"Agriculture, Mining, and Refineries (Farming, Greenhouses, Mining, Forestry, and Animal Farming)"
47659,ISP,"Music and Video Industry|Computer and Information Technology|Internet Service Provider (ISP)|Media, Publishing, and Broadcasting"
211503,ISP,Internet Service Provider (ISP)|Computer and Information Technology
211506,ISP,Internet Service Provider (ISP)|Computer and Information Technology
47668,ISP,"Service|Manufacturing|Print Media (Newspapers, Magazines, Books)|Law, Business, and Consulting Services"
211508,Academic/Edu,Education and Research
211515,Other,"Media, Publishing, and Broadcasting"
47677,Other,"Construction and Real Estate|Agriculture, Mining, and Refineries (Farming, Greenhouses, Mining, Forestry, and Animal Farming)|Computer and Information Technology|Buildings (Residential or Commercial)"
211517,Other,"Clothing, Fashion, Luggage|Retail Stores, Wholesale, and E-commerce Sites"
211520,ISP,Computer and Information Technology|Internet Service Provider (ISP)
47682,Other,"Travel and Accommodation|Agriculture, Mining, and Refineries (Farming, Greenhouses, Mining, Forestry, and Animal Farming)|Hotels, Motels, Inns, Other Traveler Accommodation|Manufacturing"
47684,ISP,Not Validating RPKI ROV|Eyeball|Internet Service Provider (ISP)|Computer and Information Technology
211529,Enterprise,"Service|Law, Business, and Consulting Services"
211530,ISP,"Internet Service Provider (ISP)|Service|Computer and Information Technology|Law, Business, and Consulting Services"
211532,ISP,"Internet Service Provider (ISP)|Freight, Shipment, and Postal Services|Computer and Information Technology|Academic"
47694,ISP,Not Validating RPKI ROV|Computer and Information Technology|Internet Service Provider (ISP)|Home ISP
211542,Other,"Utilities (Excluding Internet Service)|Electric Power Generation, Transmission, Distribution"
47709,ISP,"Civil Engineering Construction (Utility Lines, Roads and Bridges)|Not Validating RPKI ROV|Retail Stores, Wholesale, and E-commerce Sites|Computer and Information Technology"
47711,ISP,"Not Validating RPKI ROV|Civil Engineering Construction (Utility Lines, Roads and Bridges)|Construction and Real Estate|Internet Service Provider (ISP)"
47723,ISP,Electronics and Computer Components|Technology Consulting Services|Computer and Information Technology|Manufacturing
47724,ISP,"Tranco 10k Host|Hosting and Cloud Provider|Software Development|Law, Business, and Consulting Services"
211563,Other,"Media, Publishing, and Broadcasting|Service"
47728,Other,Other
47733,ISP,"Not Validating RPKI ROV|Media, Publishing, and Broadcasting|Hosting, Cloud Provider, Data Center, Server Colocation|Print Media (Newspapers, Magazines, Books)"
47737,Other,Software Development|Not Validating RPKI ROV|Computer and Information Technology|Construction and Real Estate
211578,Content/CDN,Computer and Information Technology|Hosting and Cloud Provider
47740,Other,"Banks, Credit Card Companies, Mortgage Providers|Finance and Insurance"
211584,Other,Service
47746,ISP,"Not Validating RPKI ROV|Internet Service Provider (ISP)|Freight, Shipment, and Postal Services|Computer and Information Technology"
47747,ISP,Internet Service Provider (ISP)|Not Validating RPKI ROV|Real Estate (Residential and/or Commercial)|Construction and Real Estate
211587,ISP,Internet Service Provider (ISP)|Computer and Information Technology
47758,ISP,Computer and Information Technology|Internet Service Provider (ISP)
47759,ISP,"Eyeball|Not Validating RPKI ROV|Civil Engineering Construction (Utility Lines, Roads and Bridges)|Construction and Real Estate"
47763,ISP,"Internet Service Provider (ISP)|Media, Publishing, and Broadcasting|Computer and Information Technology|Radio and Television Providers"
47764,ISP,"Eyeball|Not Validating RPKI ROV|Computer and Information Technology|Law, Business, and Consulting Services"
211605,Other,Computer and Information Technology
211609,Other,"Tranco 10k Host|Online Music and Video Streaming Services|Radio and Television Providers|Media, Publishing, and Broadcasting"
211613,ISP,Internet Service Provider (ISP)|Computer and Information Technology
47775,ISP,"Radio and Television Providers|Internet Service Provider (ISP)|Media, Publishing, and Broadcasting|Computer and Information Technology"
211616,Other,Not Validating RPKI ROV
211618,ISP,Computer and Information Technology|Internet Service Provider (ISP)
211620,ISP,"Computer and Information Technology|Media, Publishing, and Broadcasting|Internet Service Provider (ISP)"
47783,Other,Community Groups and Nonprofits
211624,Other,"Food, Grocery, Beverages|Retail Stores, Wholesale, and E-commerce Sites"
47785,ISP,Internet Service Provider (ISP)|Computer and Information Technology
211625,ISP,Internet Service Provider (ISP)|Computer and Information Technology
47789,Enterprise,"Not Validating RPKI ROV|Service|Retail Stores, Wholesale, and E-commerce Sites|Law, Business, and Consulting Services"
211631,ISP,Insurance Carriers and Agencies|Finance and Insurance
211637,ISP,Computer and Information Technology|Internet Service Provider (ISP)
211639,Other,"Manufacturing|Food, Beverage, and Tobacco"
47801,Other,"Construction and Real Estate|Retail Stores, Wholesale, and E-commerce Sites|Food, Grocery, Beverages|Real Estate (Residential and/or Commercial)"
211641,Other,"Not Validating RPKI ROV|Freight, Shipment, and Postal Services|Trucking"
211642,Content/CDN,Server Hosting|Computer and Information Technology|Hosting and Cloud Provider
47807,Other,"Civil Engineering Construction (Utility Lines, Roads and Bridges)|Postal Services and Couriers|Buildings (Residential or Commercial)|Passenger Transit (Car, Bus, Taxi, Subway)"
47808,Other,"Not Validating RPKI ROV|Computer and Information Technology|Freight, Shipment, and Postal Services|Trucking"
47819,ISP,"Health Care Services|Banks, Credit Card Companies, Mortgage Providers|Service|Insurance Carriers and Agencies"
211659,Other,Computer and Information Technology
47822,ISP,"Internet Service Provider (ISP)|Software Development|Hosting and Cloud Provider|Retail Stores, Wholesale, and E-commerce Sites"
211663,Content/CDN,"Not Validating RPKI ROV|Computer and Information Technology|Hosting, Cloud Provider, Data Center, Server Colocation"
47827,Content/CDN,"Finance and Insurance|Retail Stores, Wholesale, and E-commerce Sites|Computer and Information Technology|Manufacturing"
47839,Enterprise,"Finance and Insurance|Law, Business, and Consulting Services|Computer and Information Technology|Banks, Credit Card Companies, Mortgage Providers"
47842,Other,"Metal, Glass, Wood, and Paper Manufacturing|Manufacturing|Electronics and Computer Components|Civil Engineering Construction (Utility Lines, Roads and Bridges)"
47844,ISP,Not Validating RPKI ROV|Education and Research|Internet Service Provider (ISP)|Software Development
47845,ISP,"Internet Service Provider (ISP)|Not Validating RPKI ROV|Freight, Shipment, and Postal Services|Media, Publishing, and Broadcasting"
47851,Other,"Real Estate (Residential and/or Commercial)|Construction and Real Estate|Agriculture, Mining, and Refineries (Farming, Greenhouses, Mining, Forestry, and Animal Farming)|Civil Engineering Construction (Utility Lines, Roads and Bridges)"
47852,Other,"Real Estate (Residential and/or Commercial)|Buildings (Residential or Commercial)|Civil Engineering Construction (Utility Lines, Roads and Bridges)|Construction and Real Estate"
211692,Other,Manufacturing|Automotive and Transportation
47854,Academic/Edu,"Freight, Shipment, and Postal Services|Colleges, Universities, and Professional Schools|Construction and Real Estate|Education and Research"
47855,ISP,Computer and Information Technology|Internet Service Provider (ISP)
47857,Other,"Civil Engineering Construction (Utility Lines, Roads and Bridges)|Construction and Real Estate|Agriculture, Mining, and Refineries (Farming, Greenhouses, Mining, Forestry, and Animal Farming)|Buildings (Residential or Commercial)"
211697,Other,Finance and Insurance|Technology Consulting Services|Computer and Information Technology
47860,Content/CDN,"Freight, Shipment, and Postal Services|Not Validating RPKI ROV|Computer and Information Technology|Passenger Transit (Car, Bus, Taxi, Subway)"
211712,Other,"Food, Grocery, Beverages|Retail Stores, Wholesale, and E-commerce Sites"
47873,ISP,Not Validating RPKI ROV|Internet Service Provider (ISP)|Computer and Information Technology|Eyeball
211714,Other,Health Care Services
211716,Other,"Motor Vehicles and Parts|Retail Stores, Wholesale, and E-commerce Sites"
47882,ISP,"Freight, Shipment, and Postal Services|Computer and Information Technology|Internet Service Provider (ISP)"
211724,ISP,"Computer and Information Technology|Media, Publishing, and Broadcasting|Internet Service Provider (ISP)"
211730,Enterprise,"Service|Law, Business, and Consulting Services"
47895,ISP,Eyeball|Not Validating RPKI ROV|Internet Service Provider (ISP)|Computer and Information Technology
47899,ISP,Computer and Information Technology|Internet Service Provider (ISP)
47905,Other,"Construction and Real Estate|Freight, Shipment, and Postal Services|Retail Stores, Wholesale, and E-commerce Sites|Travel and Accommodation"
47909,ISP,"Eyeball|Not Validating RPKI ROV|Civil Engineering Construction (Utility Lines, Roads and Bridges)|Buildings (Residential or Commercial)"
47910,Enterprise,"Service|Computer and Information Technology|Media, Publishing, and Broadcasting|Law, Business, and Consulting Services"
47911,ISP,"Eyeball|Computer and Information Technology|Internet Service Provider (ISP)|Media, Publishing, and Broadcasting"
47913,ISP,"Internet Service Provider (ISP)|Retail Stores, Wholesale, and E-commerce Sites|Manufacturing|Food, Beverage, and Tobacco"
47914,ISP,Eyeball|Not Validating RPKI ROV|Internet Service Provider (ISP)|Computer and Information Technology
211762,Other,Buildings (Residential or Commercial)|Construction and Real Estate
47923,Enterprise,"Freight, Shipment, and Postal Services|Not Validating RPKI ROV|Finance and Insurance|Retail Stores, Wholesale, and E-commerce Sites"
47925,ISP,"Internet Service Provider (ISP)|Computer and Information Technology|Retail Stores, Wholesale, and E-commerce Sites|Construction and Real Estate"
211773,Other,"Retail Stores, Wholesale, and E-commerce Sites"
47934,ISP,Internet Service Provider (ISP)|Computer and Information Technology
211778,ISP,Not Validating RPKI ROV|Computer and Information Technology|Internet Service Provider (ISP)
47939,ISP,Eyeball|Not Validating RPKI ROV|Computer and Information Technology|Internet Service Provider (ISP)
211791,ISP,Not Validating RPKI ROV|Computer and Information Technology|Internet Service Provider (ISP)
47954,ISP,"Eyeball|Not Validating RPKI ROV|Computer and Information Technology|Retail Stores, Wholesale, and E-commerce Sites"
47955,ISP,"Internet Service Provider (ISP)|Buildings (Residential or Commercial)|Civil Engineering Construction (Utility Lines, Roads and Bridges)|Eyeball"
211795,Other,Construction and Real Estate
211796,Other,"Museums, Libraries, and Entertainment"
211801,Other,Manufacturing|Automotive and Transportation
47963,ISP,"Computer and Information Technology|Government and Regulatory Agencies, Administrations, Departments, and Services|Internet Service Provider (ISP)|Government and Public Administration"
211805,ISP,Computer and Information Technology|Internet Service Provider (ISP)
47968,ISP,"Computer and Information Technology|Retail Stores, Wholesale, and E-commerce Sites|Internet Service Provider (ISP)"
47972,Other,Not Validating RPKI ROV|Community Groups and Nonprofits
47974,ISP,"Computer and Information Technology|Retail Stores, Wholesale, and E-commerce Sites|Software Development|Internet Service Provider (ISP)"
47976,Other,"Finance and Insurance|Banks, Credit Card Companies, Mortgage Providers"
211821,ISP,Computer and Information Technology|Internet Service Provider (ISP)
211825,ISP,Computer and Information Technology|Internet Service Provider (ISP)
47989,ISP,Internet Service Provider (ISP)|Not Validating RPKI ROV|Computer and Information Technology
211830,Content/CDN,"Service|Media, Publishing, and Broadcasting|Hosting, Cloud Provider, Data Center, Server Colocation|Law, Business, and Consulting Services"
47995,ISP,"Service|Law, Business, and Consulting Services|Internet Service Provider (ISP)|Software Development"
47996,ISP,"Not Validating RPKI ROV|Civil Engineering Construction (Utility Lines, Roads and Bridges)|Internet Service Provider (ISP)|Service"
48000,ISP,Eyeball|Not Validating RPKI ROV|Home ISP|Computer and Information Technology
211845,ISP,Internet Service Provider (ISP)|Computer and Information Technology
48009,Other,"Finance and Insurance|Not Validating RPKI ROV|Software Development|Investment, Portfolio Management, Pensions and Funds"
211852,Content/CDN,"Hosting, Cloud Provider, Data Center, Server Colocation|Computer and Information Technology"
48013,ISP,Not Validating RPKI ROV|Service|Computer and Information Technology|Construction and Real Estate
211853,Other,"Retail Stores, Wholesale, and E-commerce Sites|Food, Beverage, and Tobacco|Manufacturing"
211860,Content/CDN,"Computer and Information Technology|Hosting, Cloud Provider, Data Center, Server Colocation|Electronics and Computer Components|Manufacturing"
211866,Other,"Retail Stores, Wholesale, and E-commerce Sites|Manufacturing|Chemical and Pharmaceutical Manufacturing"
211867,Other,"Not Validating RPKI ROV|Service|Software Development|Accountants, Tax Preparers, Payroll Services"
48030,Other,"Retail Stores, Wholesale, and E-commerce Sites"
48032,ISP,Computer and Information Technology|Internet Service Provider (ISP)|Hosting and Cloud Provider
48033,ISP,Internet Service Provider (ISP)|Computer and Information Technology
48034,Eyeball,"Not Validating RPKI ROV|Freight, Shipment, and Postal Services|Retail Stores, Wholesale, and E-commerce Sites|Passenger Transit (Car, Bus, Taxi, Subway)"
48035,Other,"Validating RPKI ROV|Service|Construction and Real Estate|Buildings, Repair, Maintenance (Pest Control, Landscaping, Cleaning, Locksmiths, Car Washes, etc)"
48036,ISP,"Radio and Television Providers|Not Validating RPKI ROV|Computer and Information Technology|Media, Publishing, and Broadcasting"
48041,ISP,Not Validating RPKI ROV|Internet Service Provider (ISP)|Computer and Information Technology|Construction and Real Estate
48043,ISP,"Eyeball|Not Validating RPKI ROV|Buildings (Residential or Commercial)|Civil Engineering Construction (Utility Lines, Roads and Bridges)"
48044,ISP,"Computer and Information Technology|Construction and Real Estate|Civil Engineering Construction (Utility Lines, Roads and Bridges)|Software Development"
211883,ISP,"Computer and Information Technology|Hosting, Cloud Provider, Data Center, Server Colocation|Law, Business, and Consulting Services|Manufacturing"
48050,Other,"Retail Stores, Wholesale, and E-commerce Sites"
48051,Other,"Manufacturing|Chemical and Pharmaceutical Manufacturing|Retail Stores, Wholesale, and E-commerce Sites|Buildings (Residential or Commercial)"
48054,Other,"Finance and Insurance|Banks, Credit Card Companies, Mortgage Providers"
48058,Other,"Construction and Real Estate|Civil Engineering Construction (Utility Lines, Roads and Bridges)|Buildings (Residential or Commercial)|Electric Power Generation, Transmission, Distribution"
48061,ISP,Tranco 10k Host|Hosting and Cloud Provider|Internet Service Provider (ISP)|Software Development
211915,Other,"Freight, Shipment, and Postal Services|Construction and Real Estate|Buildings (Residential or Commercial)|Service"
48076,ISP,Eyeball|Internet Service Provider (ISP)|Computer and Information Technology
48078,ISP,"Eyeball|Not Validating RPKI ROV|Internet Service Provider (ISP)|Retail Stores, Wholesale, and E-commerce Sites"
48080,Other,"Agriculture, Mining, and Refineries (Farming, Greenhouses, Mining, Forestry, and Animal Farming)"
48084,ISP,Internet Service Provider (ISP)|Computer and Information Technology
48086,ISP,Not Validating RPKI ROV|Computer and Information Technology|Internet Service Provider (ISP)
211928,Other,Health Care Services|Hospitals and Medical Centers
48089,ISP,"Eyeball|Not Validating RPKI ROV|Buildings, Repair, Maintenance (Pest Control, Landscaping, Cleaning, Locksmiths, Car Washes, etc)|Retail Stores, Wholesale, and E-commerce Sites"
211930,Other,Buildings (Residential or Commercial)|Construction and Real Estate
48092,ISP,Eyeball|Not Validating RPKI ROV|Internet Service Provider (ISP)|Computer and Information Technology
211932,Other,"Retail Stores, Wholesale, and E-commerce Sites"
211933,Other,Service
48096,Content/CDN,"Tranco 10k Host|Not Validating RPKI ROV|Colleges, Universities, and Professional Schools|Hosting and Cloud Provider"
48098,Eyeball,"Not Validating RPKI ROV|Radio and Television Providers|Service|Media, Publishing, and Broadcasting"
48099,ISP,Carrier|Computer and Information Technology|Internet Service Provider (ISP)
48100,ISP,Eyeball|Computer and Information Technology|Internet Service Provider (ISP)
48102,Content/CDN,"Software Development|Hosting and Cloud Provider|Computer and Information Technology|Retail Stores, Wholesale, and E-commerce Sites"
48104,Other,"Construction and Real Estate|Computer and Information Technology|Civil Engineering Construction (Utility Lines, Roads and Bridges)"
48108,ISP,Eyeball|Not Validating RPKI ROV|Internet Service Provider (ISP)|Hosting and Cloud Provider
211951,ISP,Internet Service Provider (ISP)|Computer and Information Technology
48120,Other,Computer and Information Technology
48122,Other,"Not Validating RPKI ROV|Agriculture, Mining, and Refineries (Farming, Greenhouses, Mining, Forestry, and Animal Farming)|Automotive and Transportation|Manufacturing"
48123,ISP,Eyeball|Computer and Information Technology|Internet Service Provider (ISP)
48124,ISP,Eyeball|Not Validating RPKI ROV|Computer and Information Technology|Internet Service Provider (ISP)
211963,Other,Service
48128,ISP,Eyeball|Not Validating RPKI ROV|Computer and Information Technology|Internet Service Provider (ISP)
48129,ISP,Eyeball|Not Validating RPKI ROV|Software Development|Computer and Information Technology
15370,Content/CDN,"Not Validating RPKI ROV|Computer and Information Technology|Retail Stores, Wholesale, and E-commerce Sites|Software Development"
48143,ISP,"Human Rights and Social Advocacy (Human Rights, Environment and Wildlife Conservation, Other)|Service|Law, Business, and Consulting Services|Internet Service Provider (ISP)"
15378,ISP,Eyeball|Not Validating RPKI ROV|Computer and Information Technology|Internet Service Provider (ISP)
48148,ISP,Computer and Information Technology|Eyeball|Internet Service Provider (ISP)
48149,ISP,"Eyeball|Museums, Libraries, and Entertainment|Internet Service Provider (ISP)|Computer and Information Technology"
48160,Other,"Retail Stores, Wholesale, and E-commerce Sites|Manufacturing|Clothing and Textiles"
48166,ISP,Eyeball|Not Validating RPKI ROV|Computer and Information Technology|Internet Service Provider (ISP)
212006,Other,Health Care Services
212015,Academic/Edu,Elementary and Secondary Schools|Education and Research
48176,ISP,Eyeball|Not Validating RPKI ROV|Computer and Information Technology|Internet Service Provider (ISP)
212016,Enterprise,"Law, Business, and Consulting Services|Service"
212022,Other,Other
48188,Academic/Edu,"Colleges, Universities, and Professional Schools|Education and Research"
48190,ISP,Eyeball|Home ISP|Mobile Data/Carrier|Phone Provider
212030,Other,Service
48195,ISP,Not Validating RPKI ROV|Computer and Information Technology|Internet Service Provider (ISP)|Eyeball
15428,ISP,Eyeball|Not Validating RPKI ROV|Internet Service Provider (ISP)|Computer and Information Technology
48197,Other,"Banks, Credit Card Companies, Mortgage Providers|Finance and Insurance|Computer and Information Technology|Software Development"
48199,ISP,Computer and Information Technology|Internet Service Provider (ISP)
48201,ISP,"Music and Video Industry|Internet Service Provider (ISP)|Computer and Information Technology|Media, Publishing, and Broadcasting"
48209,ISP,Computer and Information Technology|Not Validating RPKI ROV|Internet Service Provider (ISP)
48212,ISP,Computer and Information Technology|Not Validating RPKI ROV|Eyeball|Internet Service Provider (ISP)
48216,ISP,"Internet Service Provider (ISP)|Freight, Shipment, and Postal Services|Computer and Information Technology"
15449,ISP,Internet Service Provider (ISP)|Computer and Information Technology
48219,ISP,Computer and Information Technology|Internet Service Provider (ISP)
15454,Eyeball,"Not Validating RPKI ROV|Civil Engineering Construction (Utility Lines, Roads and Bridges)|Buildings (Residential or Commercial)|Construction and Real Estate"
48223,ISP,"Eyeball|Not Validating RPKI ROV|Civil Engineering Construction (Utility Lines, Roads and Bridges)|Internet Service Provider (ISP)"
48225,ISP,"Manufacturing|Not Validating RPKI ROV|Computer and Information Technology|Retail Stores, Wholesale, and E-commerce Sites"
48226,ISP,Eyeball|Not Validating RPKI ROV|Computer and Information Technology|Internet Service Provider (ISP)
212075,Other,"Validating RPKI ROV|Freight, Shipment, and Postal Services|Retail Stores, Wholesale, and E-commerce Sites"
15468,ISP,Eyeball|Not Validating RPKI ROV|Internet Service Provider (ISP)|Computer and Information Technology
48236,Other,"Investment, Portfolio Management, Pensions and Funds|Computer and Information Technology|Banks, Credit Card Companies, Mortgage Providers|Finance and Insurance"
48241,ISP,"Civil Engineering Construction (Utility Lines, Roads and Bridges)|Media, Publishing, and Broadcasting|Internet Service Provider (ISP)|Freight, Shipment, and Postal Services"
48247,Government,Not Validating RPKI ROV|Construction and Real Estate|Real Estate (Residential and/or Commercial)|Buildings (Residential or Commercial)
48249,ISP,"Internet Service Provider (ISP)|Not Validating RPKI ROV|Civil Engineering Construction (Utility Lines, Roads and Bridges)|Construction and Real Estate"
212092,ISP,"Law, Business, and Consulting Services|Hosting and Cloud Provider|Service|Insurance Carriers and Agencies"
212093,Other,Not Validating RPKI ROV|Community Groups and Nonprofits
212095,ISP,Not Validating RPKI ROV|Computer and Information Technology|Internet Service Provider (ISP)
48257,ISP,Internet Service Provider (ISP)|Not Validating RPKI ROV|Computer and Information Technology
212099,Content/CDN,"Hosting and Cloud Provider|Software Development|Service|Retail Stores, Wholesale, and E-commerce Sites"
15493,ISP,Eyeball|Not Validating RPKI ROV|Internet Service Provider (ISP)|Service
15500,ISP,Phone Provider|Internet Service Provider (ISP)|Computer and Information Technology
212112,Eyeball,Computer and Information Technology|Server Hosting|Eyeball
212113,Other,"Not Validating RPKI ROV|Automotive and Transportation|Media, Publishing, and Broadcasting|Metal, Glass, Wood, and Paper Manufacturing"
212114,Other,"Banks, Credit Card Companies, Mortgage Providers|Computer and Information Technology|Software Development|Finance and Insurance"
48275,Enterprise,"Not Validating RPKI ROV|Software Development|Computer and Information Technology|Media, Publishing, and Broadcasting"
15508,ISP,"Retail Stores, Wholesale, and E-commerce Sites|Computer and Information Technology|Construction and Real Estate|Buildings (Residential or Commercial)"
48276,ISP,Not Validating RPKI ROV|Internet Service Provider (ISP)|Computer and Information Technology
48277,Government,"Service|Government and Public Administration|Law, Business, and Consulting Services|Retail Stores, Wholesale, and E-commerce Sites"
48282,ISP,Content|Validating RPKI ROV|Internet Service Provider (ISP)|Hosting and Cloud Provider
212126,Other,"Not Validating RPKI ROV|Media, Publishing, and Broadcasting"
48287,ISP,VPN Host|Not Validating RPKI ROV|Hosting and Cloud Provider|Computer and Information Technology
212128,Content/CDN,"Server Hosting|Freight, Shipment, and Postal Services|Retail Stores, Wholesale, and E-commerce Sites"
48293,ISP,Eyeball|Not Validating RPKI ROV|Computer and Information Technology|Internet Service Provider (ISP)
212134,Other,"Buildings (Residential or Commercial)|Retail Stores, Wholesale, and E-commerce Sites|Construction and Real Estate|Civil Engineering Construction (Utility Lines, Roads and Bridges)"
212136,ISP,"Internet Service Provider (ISP)|Hosting and Cloud Provider|Computer and Information Technology|Retail Stores, Wholesale, and E-commerce Sites"
48302,ISP,"Internet Service Provider (ISP)|Not Validating RPKI ROV|Retail Stores, Wholesale, and E-commerce Sites|Construction and Real Estate"
48308,Other,"Not Validating RPKI ROV|Buildings (Residential or Commercial)|Construction and Real Estate|Retail Stores, Wholesale, and E-commerce Sites"
48312,Other,"Utilities (Excluding Internet Service)|Not Validating RPKI ROV|Agriculture, Mining, and Refineries (Farming, Greenhouses, Mining, Forestry, and Animal Farming)|Finance and Insurance"
48316,Content/CDN,"Computer and Information Technology|Buildings, Repair, Maintenance (Pest Control, Landscaping, Cleaning, Locksmiths, Car Washes, etc)|Education and Research|Hosting and Cloud Provider"
15552,ISP,Computer and Information Technology|Not Validating RPKI ROV|Internet Service Provider (ISP)
48320,ISP,Buildings (Residential or Commercial)|Not Validating RPKI ROV|Computer and Information Technology|Eyeball
48321,ISP,Internet Service Provider (ISP)|Computer and Information Technology|Buildings (Residential or Commercial)|Construction and Real Estate
48322,ISP,Eyeball|Not Validating RPKI ROV|Internet Service Provider (ISP)|Computer and Information Technology
15556,ISP,Radio and Television Providers|Hosting and Cloud Provider|Software Development|Internet Service Provider (ISP)
212160,ISP,"Service|Finance and Insurance|Retail Stores, Wholesale, and E-commerce Sites|Freight, Shipment, and Postal Services"
212165,Other,Real Estate (Residential and/or Commercial)|Not Validating RPKI ROV|Construction and Real Estate|Clothing and Textiles
15559,ISP,"Finance and Insurance|Computer and Information Technology|Buildings, Repair, Maintenance (Pest Control, Landscaping, Cleaning, Locksmiths, Car Washes, etc)|Education and Research"
48327,ISP,Eyeball|Computer and Information Technology|Internet Service Provider (ISP)
48330,ISP,"Eyeball|Not Validating RPKI ROV|Computer and Information Technology|Media, Publishing, and Broadcasting"
48333,Other,"Civil Engineering Construction (Utility Lines, Roads and Bridges)|Manufacturing|Software Development|Electronics and Computer Components"
48343,ISP,"Not Validating RPKI ROV|Law, Business, and Consulting Services|Computer and Information Technology|Internet Service Provider (ISP)"
48347,ISP,Eyeball|Not Validating RPKI ROV|Computer and Information Technology|Internet Service Provider (ISP)
48349,ISP,"Finance and Insurance|Computer and Information Technology|Buildings, Repair, Maintenance (Pest Control, Landscaping, Cleaning, Locksmiths, Car Washes, etc)|Hosting and Cloud Provider"
15582,ISP,Eyeball|Validating RPKI ROV|Computer and Information Technology|Internet Service Provider (ISP)
48354,ISP,"Not Validating RPKI ROV|Retail Stores, Wholesale, and E-commerce Sites|Construction and Real Estate|Civil Engineering Construction (Utility Lines, Roads and Bridges)"
212199,ISP,"Civil Engineering Construction (Utility Lines, Roads and Bridges)|Software Development|Hosting and Cloud Provider|Internet Service Provider (ISP)"
48361,ISP,"Retail Stores, Wholesale, and E-commerce Sites|Computer and Information Technology|Construction and Real Estate|Buildings, Repair, Maintenance (Pest Control, Landscaping, Cleaning, Locksmiths, Car Washes, etc)"
48363,ISP,Computer and Information Technology|Internet Service Provider (ISP)|IPv6 only
48365,ISP,"Not Validating RPKI ROV|Computer and Information Technology|Media, Publishing, and Broadcasting|Internet Service Provider (ISP)"
48366,ISP,Eyeball|Not Validating RPKI ROV|Internet Service Provider (ISP)|Computer and Information Technology
15599,ISP,Computer and Information Technology|Not Validating RPKI ROV|Internet Service Provider (ISP)
48368,Eyeball,"Not Validating RPKI ROV|Trucking|Freight, Shipment, and Postal Services|Eyeball"
48369,ISP,"Not Validating RPKI ROV|Museums, Libraries, and Entertainment|Computer and Information Technology|Internet Service Provider (ISP)"
212205,Other,"Retail Stores, Wholesale, and E-commerce Sites|Freight, Shipment, and Postal Services|Food, Grocery, Beverages|Passenger Transit (Car, Bus, Taxi, Subway)"
48371,ISP,Eyeball|Not Validating RPKI ROV|Computer and Information Technology|Internet Service Provider (ISP)
212206,ISP,Hosting and Cloud Provider|Computer and Information Technology|Internet Service Provider (ISP)
212210,Other,"Not Validating RPKI ROV|Freight, Shipment, and Postal Services|Travel and Accommodation|Real Estate (Residential and/or Commercial)"
212211,Other,"Freight, Shipment, and Postal Services"
212213,Other,"Clothing, Fashion, Luggage|Retail Stores, Wholesale, and E-commerce Sites"
212214,Other,"Freight, Shipment, and Postal Services"
48379,Academic/Edu,"Education and Research|Colleges, Universities, and Professional Schools|Academic"
48383,ISP,Computer and Information Technology|Internet Service Provider (ISP)
48389,Content/CDN,"Service|Motor Vehicles and Parts|Retail Stores, Wholesale, and E-commerce Sites|Computer and Information Technology"
48396,Other,"Not Validating RPKI ROV|Agriculture, Mining, and Refineries (Farming, Greenhouses, Mining, Forestry, and Animal Farming)|Manufacturing|Metal, Glass, Wood, and Paper Manufacturing"
212236,ISP,Internet Service Provider (ISP)|Software Development|Computer and Information Technology
48399,ISP,Tranco 10k Host|Computer and Information Technology|Internet Service Provider (ISP)
15632,Other,"Tranco 10k Host|Not Validating RPKI ROV|Banks, Credit Card Companies, Mortgage Providers|Finance and Insurance"
48400,ISP,Eyeball|Not Validating RPKI ROV|Internet Service Provider (ISP)|Computer and Information Technology
48404,Other,Service
15638,ISP,"Retail Stores, Wholesale, and E-commerce Sites|Not Validating RPKI ROV|Civil Engineering Construction (Utility Lines, Roads and Bridges)|Internet Service Provider (ISP)"
212247,Content/CDN,"Real Estate (Residential and/or Commercial)|Banks, Credit Card Companies, Mortgage Providers|Finance and Insurance|Computer and Information Technology"
15640,ISP,Eyeball|Not Validating RPKI ROV|Internet Service Provider (ISP)|Computer and Information Technology
48409,Other,"Not Validating RPKI ROV|Retail Stores, Wholesale, and E-commerce Sites"
212254,Other,"Retail Stores, Wholesale, and E-commerce Sites|Freight, Shipment, and Postal Services|Manufacturing"
48416,ISP,Eyeball|Not Validating RPKI ROV|Electronics and Computer Components|Education and Research
212260,Other,"Retail Stores, Wholesale, and E-commerce Sites|furniture"
48421,ISP,Computer and Information Technology|Phone Provider|Internet Service Provider (ISP)
212264,Content/CDN,"Construction and Real Estate|Service|Real Estate (Residential and/or Commercial)|Retail Stores, Wholesale, and E-commerce Sites"
212266,Other,"Buildings, Repair, Maintenance (Pest Control, Landscaping, Cleaning, Locksmiths, Car Washes, etc)|Construction and Real Estate|Civil Engineering Construction (Utility Lines, Roads and Bridges)|Service"
48429,Academic/Edu,"Not Validating RPKI ROV|Education and Research|Colleges, Universities, and Professional Schools|Academic"
48430,ISP,"Server Hosting|Not Validating RPKI ROV|Retail Stores, Wholesale, and E-commerce Sites|Computer and Information Technology"
212272,ISP,Internet Service Provider (ISP)|Computer and Information Technology
48433,Content/CDN,Computer and Information Technology|Hosting and Cloud Provider
212273,ISP,Software Development|Computer and Information Technology|Internet Service Provider (ISP)
212275,Other,"Not Validating RPKI ROV|Metal, Glass, Wood, and Paper Manufacturing|Agriculture, Mining, and Refineries (Farming, Greenhouses, Mining, Forestry, and Animal Farming)|Manufacturing"
212277,Other,"Social Assistance (Temporary Shelters, Emergency Relief, Child Day Care, etc)|Service"
212278,Other,"Service|Buildings, Repair, Maintenance (Pest Control, Landscaping, Cleaning, Locksmiths, Car Washes, etc)|Freight, Shipment, and Postal Services"
15672,ISP,Eyeball|Not Validating RPKI ROV|Computer and Information Technology|Internet Service Provider (ISP)
15673,ISP,Eyeball|Not Validating RPKI ROV|Computer and Information Technology|Internet Service Provider (ISP)
48441,ISP,"Eyeball|Not Validating RPKI ROV|Media, Publishing, and Broadcasting|Radio and Television Providers"
48442,ISP,Computer and Information Technology|Internet Service Provider (ISP)
212281,Other,"Retail Stores, Wholesale, and E-commerce Sites"
212288,Enterprise,"Agriculture, Mining, and Refineries (Farming, Greenhouses, Mining, Forestry, and Animal Farming)|Manufacturing|Food, Beverage, and Tobacco|Service"
15682,ISP,Internet Service Provider (ISP)|Computer and Information Technology
212299,Other,Health Care Services|Hospitals and Medical Centers|Content
48462,Eyeball,Not Validating RPKI ROV|Manufacturing|Service|Trucking
212303,Other,"Not Validating RPKI ROV|Buildings, Repair, Maintenance (Pest Control, Landscaping, Cleaning, Locksmiths, Car Washes, etc)|Service|Freight, Shipment, and Postal Services"
48467,ISP,"Eyeball|Not Validating RPKI ROV|Retail Stores, Wholesale, and E-commerce Sites|Internet Service Provider (ISP)"
212308,ISP,"Computer and Information Technology|Buildings, Repair, Maintenance (Pest Control, Landscaping, Cleaning, Locksmiths, Car Washes, etc)|Internet Service Provider (ISP)|Service"
48470,ISP,Eyeball|Not Validating RPKI ROV|Internet Service Provider (ISP)|Computer and Information Technology
48472,ISP,Computer and Information Technology|Internet Service Provider (ISP)
15707,ISP,Not Validating RPKI ROV|Finance and Insurance|Insurance Carriers and Agencies
48475,ISP,Eyeball|Not Validating RPKI ROV|Internet Service Provider (ISP)|Computer and Information Technology
48476,Other,"Service|Buildings, Repair, Maintenance (Pest Control, Landscaping, Cleaning, Locksmiths, Car Washes, etc)|Freight, Shipment, and Postal Services|Retail Stores, Wholesale, and E-commerce Sites"
48477,Other,"Banks, Credit Card Companies, Mortgage Providers|Finance and Insurance"
48478,ISP,"Construction and Real Estate|Computer and Information Technology|Civil Engineering Construction (Utility Lines, Roads and Bridges)|Internet Service Provider (ISP)"
48479,ISP,"Construction and Real Estate|Not Validating RPKI ROV|Civil Engineering Construction (Utility Lines, Roads and Bridges)|Buildings (Residential or Commercial)"
48481,ISP,Eyeball|Not Validating RPKI ROV|Internet Service Provider (ISP)|Computer and Information Technology
48485,ISP,Not Validating RPKI ROV|Internet Service Provider (ISP)|Computer and Information Technology|Eyeball
48488,ISP,"Not Validating RPKI ROV|Service|Print Media (Newspapers, Magazines, Books)|Law, Business, and Consulting Services"
212333,ISP,Not Validating RPKI ROV|Finance and Insurance|Insurance Carriers and Agencies
48494,ISP,Computer and Information Technology|Internet Service Provider (ISP)|Eyeball
48498,ISP,"Not Validating RPKI ROV|Construction and Real Estate|Retail Stores, Wholesale, and E-commerce Sites|Computer and Information Technology"
48499,Enterprise,"Service|Law, Business, and Consulting Services|Postal Services and Couriers|Passenger Transit (Car, Bus, Taxi, Subway)"
48507,ISP,Eyeball|Not Validating RPKI ROV|Internet Service Provider (ISP)|Computer and Information Technology
48508,ISP,"Not Validating RPKI ROV|Computer and Information Technology|Retail Stores, Wholesale, and E-commerce Sites|Internet Service Provider (ISP)"
15741,Enterprise,Not Validating RPKI ROV|Service|Buildings (Residential or Commercial)|Construction and Real Estate
48511,ISP,"Internet Service Provider (ISP)|Retail Stores, Wholesale, and E-commerce Sites|Computer and Information Technology|Construction and Real Estate"
212352,Enterprise,"Service|Law, Business, and Consulting Services|Computer and Information Technology|Media, Publishing, and Broadcasting"
48515,ISP,"Not Validating RPKI ROV|Service|Law, Business, and Consulting Services|Banks, Credit Card Companies, Mortgage Providers"
15754,ISP,Internet Service Provider (ISP)|Computer and Information Technology
15756,ISP,"VPN Host|Internet Service Provider (ISP)|Retail Stores, Wholesale, and E-commerce Sites|Computer and Information Technology"
15757,ISP,Eyeball|Not Validating RPKI ROV|Internet Service Provider (ISP)|Computer and Information Technology
48524,ISP,Eyeball|Not Validating RPKI ROV|Internet Service Provider (ISP)|Computer and Information Technology
15759,ISP,Computer and Information Technology|Not Validating RPKI ROV|Phone Provider|Internet Service Provider (ISP)
48527,Other,"Computer and Information Technology|Electric Power Generation, Transmission, Distribution|Utilities (Excluding Internet Service)"
48528,ISP,Internet Service Provider (ISP)|Computer and Information Technology
48530,Other,"Retail Stores, Wholesale, and E-commerce Sites"
48531,ISP,"Freight, Shipment, and Postal Services|Computer and Information Technology|Internet Service Provider (ISP)"
48532,ISP,"Computer and Information Technology|Media, Publishing, and Broadcasting|Music and Video Industry|Internet Service Provider (ISP)"
212366,Other,"Media, Publishing, and Broadcasting"
48541,ISP,Internet Service Provider (ISP)|Not Validating RPKI ROV|Computer and Information Technology
15774,ISP,Eyeball|Not Validating RPKI ROV|Computer and Information Technology|Internet Service Provider (ISP)
48547,Other,"Not Validating RPKI ROV|Travel and Accommodation|Food Services and Drinking Places|Food, Grocery, Beverages"
15781,Other,"Service|Media, Publishing, and Broadcasting"
48552,ISP,"Music and Video Industry|Not Validating RPKI ROV|Media, Publishing, and Broadcasting|Museums, Libraries, and Entertainment"
212395,Other,"Civil Engineering Construction (Utility Lines, Roads and Bridges)|Buildings (Residential or Commercial)|Electric Power Generation, Transmission, Distribution|Utilities (Excluding Internet Service)"
48558,Eyeball,"Eyeball|Not Validating RPKI ROV|Law, Business, and Consulting Services|Service"
48561,Other,"Not Validating RPKI ROV|Retail Stores, Wholesale, and E-commerce Sites"
48566,Other,"Banks, Credit Card Companies, Mortgage Providers|Finance and Insurance"
212410,Other,"Construction and Real Estate|Real Estate (Residential and/or Commercial)|Retail Stores, Wholesale, and E-commerce Sites|Banks, Credit Card Companies, Mortgage Providers"
48573,ISP,Eyeball|Not Validating RPKI ROV|Computer and Information Technology|Internet Service Provider (ISP)
212414,ISP,"Internet Service Provider (ISP)|Not Validating RPKI ROV|Service|Law, Business, and Consulting Services"
48578,Other,"Retail Stores, Wholesale, and E-commerce Sites"
212421,ISP,Internet Service Provider (ISP)|Computer and Information Technology
48583,Enterprise,"Law, Business, and Consulting Services|Clothing, Fashion, Luggage|Service|Real Estate (Residential and/or Commercial)"
212423,Other,Construction and Real Estate
48586,ISP,Computer and Information Technology|Internet Service Provider (ISP)|Content
212439,Other,Finance and Insurance
212441,ISP,"Law, Business, and Consulting Services|Media, Publishing, and Broadcasting|Hosting and Cloud Provider|Internet Service Provider (ISP)"
15835,ISP,Computer and Information Technology|Internet Service Provider (ISP)
48604,Other,"Passenger Transit (Car, Bus, Taxi, Subway)|Freight, Shipment, and Postal Services|Travel and Accommodation"
212443,ISP,Computer and Information Technology|Internet Service Provider (ISP)|Phone Provider
48610,ISP,Computer and Information Technology|Internet Service Provider (ISP)
48612,ISP,Eyeball|Internet Service Provider (ISP)|Computer and Information Technology
212452,Other,"Retail Stores, Wholesale, and E-commerce Sites"
48614,ISP,Tranco 10k Host|Internet Service Provider (ISP)|Manufacturing|Hosting and Cloud Provider
48615,ISP,Computer and Information Technology|Internet Service Provider (ISP)
15848,ISP,Validating RPKI ROV|Eyeball|Computer and Information Technology|Internet Service Provider (ISP)
212456,ISP,Not Validating RPKI ROV|Computer and Information Technology|Internet Service Provider (ISP)
15850,ISP,Finance and Insurance|Machinery|Software Development|Manufacturing
212461,Other,Real Estate (Residential and/or Commercial)|Construction and Real Estate
48625,Enterprise,"Real Estate (Residential and/or Commercial)|Law, Business, and Consulting Services|Construction and Real Estate|Buildings (Residential or Commercial)"
15867,Other,Service|Software Development|Computer and Information Technology
15868,ISP,"Not Validating RPKI ROV|Computer and Information Technology|Internet Service Provider (ISP)|Museums, Libraries, and Entertainment"
15870,ISP,Eyeball|Not Validating RPKI ROV|Internet Service Provider (ISP)|Computer and Information Technology
212480,Other,"Construction and Real Estate|Buildings (Residential or Commercial)|Civil Engineering Construction (Utility Lines, Roads and Bridges)"
48642,ISP,Eyeball|Not Validating RPKI ROV|Computer and Information Technology|Internet Service Provider (ISP)
212487,Other,Construction and Real Estate|Not Validating RPKI ROV|Utilities (Excluding Internet Service)|Buildings (Residential or Commercial)
15880,Eyeball,Eyeball|Not Validating RPKI ROV|Service|Software Development
212490,ISP,Not Validating RPKI ROV|Computer and Information Technology|Hosting and Cloud Provider|Internet Service Provider (ISP)
48651,Other,"Civil Engineering Construction (Utility Lines, Roads and Bridges)|Not Validating RPKI ROV|Construction and Real Estate|Retail Stores, Wholesale, and E-commerce Sites"
15884,ISP,Not Validating RPKI ROV|Computer and Information Technology|Internet Service Provider (ISP)
212491,Other,"Retail Stores, Wholesale, and E-commerce Sites|Computer and Information Technology|Software Development|Clothing, Fashion, Luggage"
15886,ISP,Internet Service Provider (ISP)|Not Validating RPKI ROV|Computer and Information Technology
48654,ISP,Not Validating RPKI ROV|Internet Service Provider (ISP)|Computer and Information Technology|Eyeball
212494,ISP,Computer and Information Technology|Internet Service Provider (ISP)
48666,ISP,Computer and Information Technology|Internet Service Provider (ISP)|Eyeball
48667,Eyeball,"Not Validating RPKI ROV|Finance and Insurance|Retail Stores, Wholesale, and E-commerce Sites|Real Estate (Residential and/or Commercial)"
48670,Eyeball,Eyeball|Not Validating RPKI ROV|Construction and Real Estate|Buildings (Residential or Commercial)
48676,ISP,Computer and Information Technology|Internet Service Provider (ISP)
48679,Enterprise,"Service|Computer and Information Technology|Law, Business, and Consulting Services"
15913,Other,"Buildings, Repair, Maintenance (Pest Control, Landscaping, Cleaning, Locksmiths, Car Washes, etc)|Not Validating RPKI ROV|Service|Computer and Information Technology"
48687,ISP,"Manufacturing|Not Validating RPKI ROV|Civil Engineering Construction (Utility Lines, Roads and Bridges)|Eyeball"
48692,ISP,Computer and Information Technology|Internet Service Provider (ISP)
15930,Eyeball,"Eyeball|Not Validating RPKI ROV|Construction and Real Estate|Agriculture, Mining, and Refineries (Farming, Greenhouses, Mining, Forestry, and Animal Farming)"
48699,Other,Service
15934,ISP,Phone Provider|Internet Service Provider (ISP)|Computer and Information Technology
212545,Other,"Service|Investment, Portfolio Management, Pensions and Funds|Finance and Insurance|Real Estate (Residential and/or Commercial)"
48709,ISP,Not Validating RPKI ROV|Construction and Real Estate|Real Estate (Residential and/or Commercial)|Computer and Information Technology
48713,ISP,Computer and Information Technology|Internet Service Provider (ISP)
48719,ISP,Internet Service Provider (ISP)|Computer and Information Technology
48720,ISP,"Computer and Information Technology|Not Validating RPKI ROV|Internet Service Provider (ISP)|Civil Engineering Construction (Utility Lines, Roads and Bridges)"
48722,ISP,Internet Service Provider (ISP)|Computer and Information Technology
48723,Content/CDN,Computer and Information Technology|Hosting and Cloud Provider
48725,ISP,Not Validating RPKI ROV|Computer and Information Technology|Internet Service Provider (ISP)|Eyeball
212566,Other,Real Estate (Residential and/or Commercial)|Buildings (Residential or Commercial)|Construction and Real Estate
48731,Academic/Edu,"Not Validating RPKI ROV|Elementary and Secondary Schools|Media, Publishing, and Broadcasting|Colleges, Universities, and Professional Schools"
48733,Other,Not Validating RPKI ROV|Community Groups and Nonprofits|Construction and Real Estate|Real Estate (Residential and/or Commercial)
212575,ISP,"Computer and Information Technology|Retail Stores, Wholesale, and E-commerce Sites|Manufacturing|Internet Service Provider (ISP)"
48738,ISP,Computer and Information Technology|Not Validating RPKI ROV|Internet Service Provider (ISP)
48739,ISP,"Media, Publishing, and Broadcasting|Not Validating RPKI ROV|Computer and Information Technology|Internet Service Provider (ISP)"
15974,ISP,Eyeball|Not Validating RPKI ROV|Internet Service Provider (ISP)|Computer and Information Technology
15984,Other,"Finance and Insurance|Banks, Credit Card Companies, Mortgage Providers"
48757,ISP,"Electric Power Generation, Transmission, Distribution|Utilities (Excluding Internet Service)|Computer and Information Technology|Internet Service Provider (ISP)"
48758,Eyeball,"Not Validating RPKI ROV|Retail Stores, Wholesale, and E-commerce Sites|Electronics and Computer Components|Manufacturing"
212600,ISP,Not Validating RPKI ROV|Manufacturing|Software Development|Electronics and Computer Components
48763,ISP,"Computer and Information Technology|Real Estate (Residential and/or Commercial)|Civil Engineering Construction (Utility Lines, Roads and Bridges)|Buildings (Residential or Commercial)"
48770,ISP,Finance and Insurance|Software Development|Computer and Information Technology|Internet Service Provider (ISP)
212611,Other,"Media, Publishing, and Broadcasting|Finance and Insurance|Retail Stores, Wholesale, and E-commerce Sites|Print Media (Newspapers, Magazines, Books)"
212614,Content/CDN,Not Validating RPKI ROV|Hosting and Cloud Provider|Software Development|Computer and Information Technology
16012,ISP,Internet Service Provider (ISP)|Computer and Information Technology
48780,ISP,Internet Service Provider (ISP)|Computer and Information Technology|Eyeball
48781,ISP,Eyeball|Not Validating RPKI ROV|Internet Service Provider (ISP)|Computer and Information Technology
212620,Other,"Construction and Real Estate|Buildings (Residential or Commercial)|Agriculture, Mining, and Refineries (Farming, Greenhouses, Mining, Forestry, and Animal Farming)|Manufacturing"
16020,Other,"Boarding Houses, Dormitories, Workers’ Camps|Hotels, Motels, Inns, Other Traveler Accommodation|Travel and Accommodation"
48788,ISP,Internet Service Provider (ISP)|Not Validating RPKI ROV|Computer and Information Technology
48796,ISP,Computer and Information Technology|Not Validating RPKI ROV|Internet Service Provider (ISP)
48802,Academic/Edu,Education and Research
48807,ISP,Computer and Information Technology|Internet Service Provider (ISP)|Hosting and Cloud Provider
16043,ISP,Computer and Information Technology|Phone Provider|Internet Service Provider (ISP)
16047,ISP,"Buildings (Residential or Commercial)|Civil Engineering Construction (Utility Lines, Roads and Bridges)|Internet Service Provider (ISP)|Construction and Real Estate"
48816,Other,"Retail Stores, Wholesale, and E-commerce Sites|Freight, Shipment, and Postal Services|Agriculture, Mining, and Refineries (Farming, Greenhouses, Mining, Forestry, and Animal Farming)|Service"
16054,ISP,"Internet Service Provider (ISP)|Not Validating RPKI ROV|Civil Engineering Construction (Utility Lines, Roads and Bridges)|Buildings (Residential or Commercial)"
48822,ISP,Computer and Information Technology|Validating RPKI ROV|Internet Service Provider (ISP)
48826,Other,"Computer and Information Technology|Banks, Credit Card Companies, Mortgage Providers|Software Development|Finance and Insurance"
48827,Other,"Finance and Insurance|Banks, Credit Card Companies, Mortgage Providers"
212667,ISP,Computer and Information Technology|Internet Service Provider (ISP)
212670,Other,Service
16064,ISP,"Internet Service Provider (ISP)|Buildings (Residential or Commercial)|Computer and Information Technology|Civil Engineering Construction (Utility Lines, Roads and Bridges)"
212673,Other,"Not Validating RPKI ROV|Museums, Libraries, and Entertainment"
212675,ISP,Software Development|Computer and Information Technology|Internet Service Provider (ISP)
212681,ISP,"Real Estate (Residential and/or Commercial)|Retail Stores, Wholesale, and E-commerce Sites|Banks, Credit Card Companies, Mortgage Providers|Construction and Real Estate"
48842,ISP,"Retail Stores, Wholesale, and E-commerce Sites|Computer and Information Technology|Service|Internet Service Provider (ISP)"
48848,ISP,Computer and Information Technology|Internet Service Provider (ISP)
16083,ISP,"Service|Electronics and Computer Components|Construction and Real Estate|Law, Business, and Consulting Services"
48853,Other,"Agriculture, Mining, and Refineries (Farming, Greenhouses, Mining, Forestry, and Animal Farming)|Civil Engineering Construction (Utility Lines, Roads and Bridges)|Manufacturing|Buildings (Residential or Commercial)"
48858,ISP,Carrier|Not Validating RPKI ROV|Computer and Information Technology|Internet Service Provider (ISP)
16094,ISP,Not Validating RPKI ROV|Internet Service Provider (ISP)|Computer and Information Technology|Eyeball
212712,Eyeball,"Not Validating RPKI ROV|Computer and Information Technology|Banks, Credit Card Companies, Mortgage Providers|Hosting and Cloud Provider"
48873,Eyeball,"Eyeball|Freight, Shipment, and Postal Services|Retail Stores, Wholesale, and E-commerce Sites"
212713,ISP,"Software Development|Computer and Information Technology|Freight, Shipment, and Postal Services|Retail Stores, Wholesale, and E-commerce Sites"
212715,ISP,Computer and Information Technology|Internet Service Provider (ISP)|Hosting and Cloud Provider
48876,ISP,"Law, Business, and Consulting Services|Computer and Information Technology|Internet Service Provider (ISP)|Finance and Insurance"
48877,Other,Not Validating RPKI ROV|Health Care Services
48882,ISP,Eyeball|Not Validating RPKI ROV|Internet Service Provider (ISP)|Computer and Information Technology
16118,Other,"Media, Publishing, and Broadcasting|Construction and Real Estate|Civil Engineering Construction (Utility Lines, Roads and Bridges)|Buildings (Residential or Commercial)"
212728,Other,"Computer and Information Technology|Software Development|Service|Media, Publishing, and Broadcasting"
48890,Other,"Service|Media, Publishing, and Broadcasting|Retail Stores, Wholesale, and E-commerce Sites|Food, Grocery, Beverages"
48891,Other,Computer and Information Technology
212732,Academic/Edu,"Education and Research|Buildings (Residential or Commercial)|Civil Engineering Construction (Utility Lines, Roads and Bridges)|Research and Development Organizations"
212740,ISP,Computer and Information Technology|Internet Service Provider (ISP)
212747,Other,"Electric Power Generation, Transmission, Distribution|Utilities (Excluding Internet Service)"
212748,ISP,"Service|Not Validating RPKI ROV|Media, Publishing, and Broadcasting|Construction and Real Estate"
48909,Eyeball,"Eyeball|Not Validating RPKI ROV|Retail Stores, Wholesale, and E-commerce Sites|Food, Grocery, Beverages"
212750,Other,"Finance and Insurance|Computer and Information Technology|Investment, Portfolio Management, Pensions and Funds|Banks, Credit Card Companies, Mortgage Providers"
16143,ISP,Eyeball|Not Validating RPKI ROV|Computer and Information Technology|Internet Service Provider (ISP)
48912,ISP,"Construction and Real Estate|Computer and Information Technology|Finance and Insurance|Retail Stores, Wholesale, and E-commerce Sites"
48914,Other,"Finance and Insurance|Not Validating RPKI ROV|Service|Retail Stores, Wholesale, and E-commerce Sites"
48916,ISP,Not Validating RPKI ROV|Service|Internet Service Provider (ISP)|Computer and Information Technology
48922,Other,"Banks, Credit Card Companies, Mortgage Providers|Investment, Portfolio Management, Pensions and Funds|Finance and Insurance"
212764,Enterprise,"Law, Business, and Consulting Services|Retail Stores, Wholesale, and E-commerce Sites|Freight, Shipment, and Postal Services|Manufacturing"
48933,Other,"Real Estate (Residential and/or Commercial)|Finance and Insurance|Banks, Credit Card Companies, Mortgage Providers|Construction and Real Estate"
48936,ISP,"Computer and Information Technology|Construction and Real Estate|Buildings (Residential or Commercial)|Civil Engineering Construction (Utility Lines, Roads and Bridges)"
212776,Other,"Agriculture, Mining, and Refineries (Farming, Greenhouses, Mining, Forestry, and Animal Farming)"
48938,Other,"Retail Stores, Wholesale, and E-commerce Sites|Construction and Real Estate|Civil Engineering Construction (Utility Lines, Roads and Bridges)|Buildings (Residential or Commercial)"
48939,ISP,"Internet Service Provider (ISP)|Computer and Information Technology|Buildings (Residential or Commercial)|Hosting, Cloud Provider, Data Center, Server Colocation"
48940,ISP,Eyeball|Computer and Information Technology|Internet Service Provider (ISP)|Home ISP
16173,ISP,Computer and Information Technology|Finance and Insurance|Manufacturing|Internet Service Provider (ISP)
16176,Enterprise,"Not Validating RPKI ROV|Passenger Transit (Car, Bus, Taxi, Subway)|Service|Law, Business, and Consulting Services"
48946,Enterprise,"Construction and Real Estate|Buildings (Residential or Commercial)|Real Estate (Residential and/or Commercial)|Law, Business, and Consulting Services"
16179,ISP,"Music and Video Industry|Computer and Information Technology|Internet Service Provider (ISP)|Media, Publishing, and Broadcasting"
212787,Other,"Retail Stores, Wholesale, and E-commerce Sites|Agriculture, Mining, and Refineries (Farming, Greenhouses, Mining, Forestry, and Animal Farming)|Manufacturing|Food, Beverage, and Tobacco"
48949,Content/CDN,"Not Validating RPKI ROV|Museums, Libraries, and Entertainment|Hosting and Cloud Provider|Service"
212792,Other,Tranco 10k Host
48959,Other,"Retail Stores, Wholesale, and E-commerce Sites|Travel and Accommodation|Food, Grocery, Beverages|Food Services and Drinking Places"
212800,ISP,"Food, Grocery, Beverages|Retail Stores, Wholesale, and E-commerce Sites|Internet Service Provider (ISP)|Computer and Information Technology"
48969,ISP,"Not Validating RPKI ROV|Construction and Real Estate|Computer and Information Technology|Civil Engineering Construction (Utility Lines, Roads and Bridges)"
48975,ISP,Not Validating RPKI ROV|Computer and Information Technology|Construction and Real Estate|Software Development
48978,ISP,"Eyeball|Not Validating RPKI ROV|Internet Service Provider (ISP)|Retail Stores, Wholesale, and E-commerce Sites"
48986,Other,"Real Estate (Residential and/or Commercial)|Retail Stores, Wholesale, and E-commerce Sites|Construction and Real Estate"
48989,Content/CDN,"Software Development|Law, Business, and Consulting Services|Computer and Information Technology|Service"
16222,Academic/Edu,"Media, Publishing, and Broadcasting|Research and Development Organizations|Electronics and Computer Components|Automotive and Transportation"
48991,ISP,"Internet Service Provider (ISP)|Computer and Information Technology|Software Development|Retail Stores, Wholesale, and E-commerce Sites"
16227,ISP,"Not Validating RPKI ROV|Service|Law, Business, and Consulting Services|Freight, Shipment, and Postal Services"
48995,Other,"Not Validating RPKI ROV|Retail Stores, Wholesale, and E-commerce Sites|Manufacturing|Food, Beverage, and Tobacco"
212840,ISP,Computer and Information Technology|Internet Service Provider (ISP)
49002,Other,"Trucking|Media, Publishing, and Broadcasting|Print Media (Newspapers, Magazines, Books)|Freight, Shipment, and Postal Services"
49003,Other,"Retail Stores, Wholesale, and E-commerce Sites"
49012,Other,"Chemical and Pharmaceutical Manufacturing|Manufacturing|Food, Beverage, and Tobacco|Retail Stores, Wholesale, and E-commerce Sites"
16249,Other,"Manufacturing|Food, Beverage, and Tobacco|Civil Engineering Construction (Utility Lines, Roads and Bridges)|Buildings (Residential or Commercial)"
212863,ISP,"Computer and Information Technology|Freight, Shipment, and Postal Services|Construction and Real Estate|Civil Engineering Construction (Utility Lines, Roads and Bridges)"
16256,ISP,Eyeball|Computer and Information Technology|Internet Service Provider (ISP)
212869,Other,"Computer and Network Security|Finance and Insurance|Banks, Credit Card Companies, Mortgage Providers|Service"
16262,ISP,"Eyeball|Not Validating RPKI ROV|Buildings, Repair, Maintenance (Pest Control, Landscaping, Cleaning, Locksmiths, Car Washes, etc)|Service"
49031,ISP,Computer and Information Technology|Internet Service Provider (ISP)
212883,Other,"Chemical and Pharmaceutical Manufacturing|Freight, Shipment, and Postal Services|Trucking|Manufacturing"
49048,ISP,Eyeball|Not Validating RPKI ROV|Internet Service Provider (ISP)|Computer and Information Technology
49050,ISP,"Hosting and Cloud Provider|Retail Stores, Wholesale, and E-commerce Sites|Internet Service Provider (ISP)|Software Development"
16285,ISP,Eyeball|Not Validating RPKI ROV|Internet Service Provider (ISP)|Computer and Information Technology
49053,Other,"Retail Stores, Wholesale, and E-commerce Sites|Clothing, Fashion, Luggage"
16287,ISP,Eyeball|Internet Service Provider (ISP)|Phone Provider|Computer and Information Technology
49055,ISP,"Not Validating RPKI ROV|Eyeball|Freight, Shipment, and Postal Services|Retail Stores, Wholesale, and E-commerce Sites"
49058,ISP,Not Validating RPKI ROV|Computer and Information Technology|Internet Service Provider (ISP)|Construction and Real Estate
212899,Academic/Edu,"Colleges, Universities, and Professional Schools|Education and Research"
49063,ISP,Internet Critical Infra|Validating RPKI ROV|Computer and Information Technology|Internet Service Provider (ISP)
49064,ISP,"Internet Service Provider (ISP)|Retail Stores, Wholesale, and E-commerce Sites|Computer and Information Technology|Service"
16300,ISP,Internet Service Provider (ISP)|Not Validating RPKI ROV|Computer and Information Technology
16301,ISP,Eyeball|Not Validating RPKI ROV|Home ISP|Computer and Information Technology
49070,ISP,Eyeball|Not Validating RPKI ROV|Internet Service Provider (ISP)|Computer and Information Technology
212913,Content/CDN,Server Hosting|Hosting and Cloud Provider|Computer and Information Technology|Tor services
49075,Other,Construction and Real Estate|Utilities (Excluding Internet Service)|Sewage Treatment|Buildings (Residential or Commercial)
16308,Academic/Edu,"Human Rights and Social Advocacy (Human Rights, Environment and Wildlife Conservation, Other)|Education and Research|Community Groups and Nonprofits|Academic"
212919,Enterprise,"Service|Retail Stores, Wholesale, and E-commerce Sites|Law, Business, and Consulting Services"
16321,ISP,Not Validating RPKI ROV|Computer and Information Technology|Internet Service Provider (ISP)|Eyeball
16323,Eyeball,"Eyeball|Not Validating RPKI ROV|Service|Buildings, Repair, Maintenance (Pest Control, Landscaping, Cleaning, Locksmiths, Car Washes, etc)"
49093,Enterprise,"Retail Stores, Wholesale, and E-commerce Sites|Service|Law, Business, and Consulting Services"
212936,ISP,"Freight, Shipment, and Postal Services|Retail Stores, Wholesale, and E-commerce Sites|Construction and Real Estate|Civil Engineering Construction (Utility Lines, Roads and Bridges)"
49098,Eyeball,"Not Validating RPKI ROV|Service|Agriculture, Mining, and Refineries (Farming, Greenhouses, Mining, Forestry, and Animal Farming)|Eyeball"
49106,ISP,Eyeball|Not Validating RPKI ROV|Service|Internet Service Provider (ISP)
49107,ISP,Eyeball|Not Validating RPKI ROV|Computer and Information Technology|Internet Service Provider (ISP)
16345,ISP,"Eyeball|Not Validating RPKI ROV|Law, Business, and Consulting Services|Retail Stores, Wholesale, and E-commerce Sites"
49120,ISP,Eyeball|Not Validating RPKI ROV|Internet Service Provider (ISP)|Computer and Information Technology
49124,Enterprise,"Buildings (Residential or Commercial)|Not Validating RPKI ROV|Service|Law, Business, and Consulting Services"
212964,Other,"Passenger Transit (Car, Bus, Taxi, Subway)|Electric Power Generation, Transmission, Distribution|Utilities (Excluding Internet Service)|Freight, Shipment, and Postal Services"
212967,Other,"Real Estate (Residential and/or Commercial)|Construction and Real Estate|Civil Engineering Construction (Utility Lines, Roads and Bridges)|Freight, Shipment, and Postal Services"
49128,ISP,Internet Service Provider (ISP)|Computer and Information Technology
49136,ISP,Eyeball|Not Validating RPKI ROV|Internet Service Provider (ISP)|Service
49140,ISP,Not Validating RPKI ROV|Hosting and Cloud Provider|Computer and Information Technology|Service
49144,ISP,IPv6 only|Phone Provider|Computer and Information Technology|Internet Service Provider (ISP)
49153,ISP,"Computer and Information Technology|Construction and Real Estate|Retail Stores, Wholesale, and E-commerce Sites|Buildings (Residential or Commercial)"
49154,ISP,Computer and Information Technology|Not Validating RPKI ROV|Internet Service Provider (ISP)
49155,Other,"Retail Stores, Wholesale, and E-commerce Sites"
49156,ISP,"Service|Internet Service Provider (ISP)|Retail Stores, Wholesale, and E-commerce Sites|Computer and Information Technology"
49160,ISP,"Not Validating RPKI ROV|Computer and Information Technology|Construction and Real Estate|Civil Engineering Construction (Utility Lines, Roads and Bridges)"
49165,ISP,Internet Service Provider (ISP)|Computer and Information Technology
49170,ISP,"Eyeball|Internet Service Provider (ISP)|Service|Civil Engineering Construction (Utility Lines, Roads and Bridges)"
213010,Content/CDN,Computer and Information Technology|Hosting and Cloud Provider|Personal ASN
213012,ISP,Computer and Information Technology|Internet Service Provider (ISP)
49179,ISP,Internet Service Provider (ISP)|Computer and Information Technology|Tranco 10k Host
49181,Content/CDN,"Freight, Shipment, and Postal Services|Hosting and Cloud Provider|Service|Law, Business, and Consulting Services"
213021,Other,Computer and Information Technology|Software Development
49184,Eyeball,"Not Validating RPKI ROV|Construction and Real Estate|Law, Business, and Consulting Services|Service"
49186,Academic/Edu,"Not Validating RPKI ROV|Education and Research|Research and Development Organizations|Agriculture, Mining, and Refineries (Farming, Greenhouses, Mining, Forestry, and Animal Farming)"
49199,Other,"Manufacturing|Machinery|Metal, Glass, Wood, and Paper Manufacturing"
213041,ISP,Insurance Carriers and Agencies|Finance and Insurance
213046,ISP,Not Validating RPKI ROV|Internet Service Provider (ISP)|Computer and Information Technology
49210,ISP,Computer and Information Technology|Internet Service Provider (ISP)
49211,Other,"Not Validating RPKI ROV|Machinery|Retail Stores, Wholesale, and E-commerce Sites|Manufacturing"
49218,ISP,Eyeball|Not Validating RPKI ROV|Computer and Information Technology|Internet Service Provider (ISP)
213067,ISP,"Internet Service Provider (ISP)|Freight, Shipment, and Postal Services|Computer and Information Technology|Water Transportation"
49231,ISP,Not Validating RPKI ROV|Internet Service Provider (ISP)|Real Estate (Residential and/or Commercial)|Computer and Information Technology
49235,ISP,Computer and Information Technology|Internet Service Provider (ISP)
213075,Other,"Music and Video Industry|Media, Publishing, and Broadcasting|Radio and Television Providers|Online Music and Video Streaming Services"
213077,ISP,Not Validating RPKI ROV|Internet Service Provider (ISP)|Computer and Information Technology
49238,Other,Not Validating RPKI ROV|Software Development|Phone Provider|Computer and Network Security
49241,Other,"Finance and Insurance|Banks, Credit Card Companies, Mortgage Providers"
49246,Other,"Not Validating RPKI ROV|Clothing, Fashion, Luggage|Media, Publishing, and Broadcasting|Retail Stores, Wholesale, and E-commerce Sites"
49253,Content/CDN,"Software Development|Media, Publishing, and Broadcasting|Law, Business, and Consulting Services|Radio and Television Providers"
49255,ISP,"Computer and Information Technology|Retail Stores, Wholesale, and E-commerce Sites|Construction and Real Estate|Buildings (Residential or Commercial)"
49261,Eyeball,"Not Validating RPKI ROV|Retail Stores, Wholesale, and E-commerce Sites|Eyeball"
213105,Other,"Service|Buildings, Repair, Maintenance (Pest Control, Landscaping, Cleaning, Locksmiths, Car Washes, etc)|Trucking|Freight, Shipment, and Postal Services"
49267,ISP,"Construction and Real Estate|Retail Stores, Wholesale, and E-commerce Sites|Civil Engineering Construction (Utility Lines, Roads and Bridges)|Computer and Information Technology"
213117,Other,Construction and Real Estate
49279,Content/CDN,Hosting and Cloud Provider|Service|Real Estate (Residential and/or Commercial)|Construction and Real Estate
49280,ISP,"Computer and Information Technology|Construction and Real Estate|Service|Law, Business, and Consulting Services"
49281,ISP,Software Development|Hosting and Cloud Provider|Internet Service Provider (ISP)|Service
49288,Other,"Not Validating RPKI ROV|Finance and Insurance|Real Estate (Residential and/or Commercial)|Banks, Credit Card Companies, Mortgage Providers"
49291,ISP,Eyeball|Not Validating RPKI ROV|Internet Service Provider (ISP)|Computer and Information Technology
49293,Eyeball,"Eyeball|Not Validating RPKI ROV|Food, Grocery, Beverages|Retail Stores, Wholesale, and E-commerce Sites"
213133,Academic/Edu,"Elementary and Secondary Schools|Research and Development Organizations|Colleges, Universities, and Professional Schools|Education and Research"
49301,ISP,Home ISP|Not Validating RPKI ROV|Computer and Information Technology|Internet Service Provider (ISP)
49311,Eyeball,Eyeball|Not Validating RPKI ROV|Service|Computer and Information Technology
49315,ISP,Not Validating RPKI ROV|Internet Service Provider (ISP)|Computer and Information Technology
49320,ISP,Eyeball|Not Validating RPKI ROV|Technology Consulting Services|Internet Service Provider (ISP)
49323,Other,Other
49325,ISP,Eyeball|Not Validating RPKI ROV|Hosting and Cloud Provider|Computer and Information Technology
49326,Other,Travel and Accommodation
213175,ISP,"Internet Service Provider (ISP)|Retail Stores, Wholesale, and E-commerce Sites|Construction and Real Estate|Computer and Information Technology"
49336,ISP,"Law, Business, and Consulting Services|Service|Software Development|Internet Service Provider (ISP)"
49339,Eyeball,"Colleges, Universities, and Professional Schools|Construction and Real Estate|Travel and Accommodation|Print Media (Newspapers, Magazines, Books)"
49342,ISP,Eyeball|Not Validating RPKI ROV|Home ISP|Computer and Information Technology
213182,Enterprise,"Not Validating RPKI ROV|Media, Publishing, and Broadcasting|Print Media (Newspapers, Magazines, Books)|Law, Business, and Consulting Services"
49346,ISP,"Law, Business, and Consulting Services|Service|Retail Stores, Wholesale, and E-commerce Sites|Computer and Information Technology"
49347,Other,"Banks, Credit Card Companies, Mortgage Providers|Finance and Insurance"
49350,ISP,Eyeball|Not Validating RPKI ROV|Internet Service Provider (ISP)|Computer and Information Technology
49351,ISP,Not Validating RPKI ROV|Internet Service Provider (ISP)|Computer and Information Technology|Hosting and Cloud Provider
49352,ISP,"VPN Host|Not Validating RPKI ROV|Hosting and Cloud Provider|Retail Stores, Wholesale, and E-commerce Sites"
213191,Content/CDN,Hosting and Cloud Provider|Computer and Information Technology
213194,Other,Computer and Information Technology
49356,Other,"Trucking|Freight, Shipment, and Postal Services|Retail Stores, Wholesale, and E-commerce Sites"
49357,Other,"Media, Publishing, and Broadcasting|Other|Service"
49358,Other,"Banks, Credit Card Companies, Mortgage Providers|Investment, Portfolio Management, Pensions and Funds|Finance and Insurance|Computer and Information Technology"
49361,Other,Community Groups and Nonprofits
213203,ISP,Internet Service Provider (ISP)|Software Development|Computer and Information Technology
49368,ISP,Eyeball|Not Validating RPKI ROV|Manufacturing|Machinery
49369,Government,Not Validating RPKI ROV|Computer and Information Technology|Government
49371,ISP,Internet Service Provider (ISP)|Not Validating RPKI ROV|Computer and Information Technology
49373,ISP,Internet Service Provider (ISP)|Computer and Information Technology
49376,ISP,Not Validating RPKI ROV|Computer and Information Technology|Internet Service Provider (ISP)|Eyeball
49377,ISP,Computer and Information Technology|Not Validating RPKI ROV|Internet Service Provider (ISP)
49380,ISP,Computer and Information Technology|Internet Service Provider (ISP)
49381,ISP,"Internet Service Provider (ISP)|Computer and Information Technology|Retail Stores, Wholesale, and E-commerce Sites|Construction and Real Estate"
213220,ISP,Server Hosting|Computer and Information Technology|Internet Service Provider (ISP)
49390,Other,"Computer and Information Technology|Agriculture, Mining, and Refineries (Farming, Greenhouses, Mining, Forestry, and Animal Farming)"
49392,ISP,Internet Service Provider (ISP)|Not Validating RPKI ROV|Hosting and Cloud Provider|Computer and Information Technology
49394,Other,"Software Development|Retail Stores, Wholesale, and E-commerce Sites|Computer and Information Technology"
49395,Other,Manufacturing
213235,ISP,Computer and Information Technology|Internet Service Provider (ISP)|Software Development
49400,ISP,Internet Service Provider (ISP)|Hosting and Cloud Provider|Service|Software Development
49403,ISP,Eyeball|Not Validating RPKI ROV|Internet Service Provider (ISP)|Computer and Information Technology
49404,ISP,"Not Validating RPKI ROV|Internet Service Provider (ISP)|Retail Stores, Wholesale, and E-commerce Sites|Clothing, Fashion, Luggage"
49411,ISP,Computer and Information Technology|Internet Service Provider (ISP)|Hosting and Cloud Provider|Software Development
49414,ISP,"Internet Service Provider (ISP)|Retail Stores, Wholesale, and E-commerce Sites|Construction and Real Estate|Computer and Information Technology"
213258,ISP,Internet Service Provider (ISP)|Computer and Information Technology
49426,ISP,Education and Research|Internet Service Provider (ISP)|Research and Development Organizations|Computer and Information Technology
213278,ISP,Computer and Information Technology|Internet Service Provider (ISP)
49439,Eyeball,"Eyeball|Not Validating RPKI ROV|Media, Publishing, and Broadcasting|Print Media (Newspapers, Magazines, Books)"
49444,ISP,Eyeball|Not Validating RPKI ROV|Internet Service Provider (ISP)|Computer and Information Technology
49450,Academic/Edu,"Education and Research|Manufacturing|Research and Development Organizations|Colleges, Universities, and Professional Schools"
49452,Other,Buildings (Residential or Commercial)|Construction and Real Estate
213294,Other,IPv6 only
49458,ISP,Internet Service Provider (ISP)|Computer and Information Technology
213304,Other,"Retail Stores, Wholesale, and E-commerce Sites|Food, Grocery, Beverages"
49469,Other,Computer and Information Technology
49476,ISP,Computer and Information Technology|Internet Service Provider (ISP)
213316,Eyeball,Community Groups and Nonprofits|Eyeball
49478,Eyeball,"Eyeball|Not Validating RPKI ROV|Automotive and Transportation|Retail Stores, Wholesale, and E-commerce Sites"
49479,ISP,"Construction and Real Estate|Computer and Information Technology|Civil Engineering Construction (Utility Lines, Roads and Bridges)|Internet Service Provider (ISP)"
49481,ISP,"Clothing, Fashion, Luggage|Internet Service Provider (ISP)|Computer and Information Technology|Retail Stores, Wholesale, and E-commerce Sites"
49483,ISP,"Not Validating RPKI ROV|Buildings, Repair, Maintenance (Pest Control, Landscaping, Cleaning, Locksmiths, Car Washes, etc)|Retail Stores, Wholesale, and E-commerce Sites|Internet Service Provider (ISP)"
213329,ISP,Internet Service Provider (ISP)|Computer and Information Technology|Construction and Real Estate|Electronics and Computer Components
213334,Academic/Edu,"Manufacturing|Education and Research|Buildings (Residential or Commercial)|Civil Engineering Construction (Utility Lines, Roads and Bridges)"
49502,Enterprise,"Validating RPKI ROV|Service|Finance and Insurance|Freight, Shipment, and Postal Services"
49505,ISP,Content|Not Validating RPKI ROV|Computer and Information Technology|Construction and Real Estate
49506,Enterprise,Not Validating RPKI ROV|Manufacturing|Service|Chemical and Pharmaceutical Manufacturing
213348,Other,"Computer and Information Technology|Retail Stores, Wholesale, and E-commerce Sites"
49510,Eyeball,"Not Validating RPKI ROV|Law, Business, and Consulting Services|Service|Eyeball"
49513,Other,Not Validating RPKI ROV|Computer and Information Technology
49516,Other,"Retail Stores, Wholesale, and E-commerce Sites|Food, Grocery, Beverages"
49521,ISP,"Media, Publishing, and Broadcasting|Print Media (Newspapers, Magazines, Books)|Computer and Information Technology|Freight, Shipment, and Postal Services"
213369,Enterprise,"Law, Business, and Consulting Services|Not Validating RPKI ROV|Service|Civil Engineering Construction (Utility Lines, Roads and Bridges)"
49530,ISP,Computer and Information Technology|Not Validating RPKI ROV|Buildings (Residential or Commercial)|Internet Service Provider (ISP)
49531,ISP,"Eyeball|Not Validating RPKI ROV|Retail Stores, Wholesale, and E-commerce Sites|Computer and Information Technology"
213381,Other,"Food, Grocery, Beverages|Retail Stores, Wholesale, and E-commerce Sites"
49542,ISP,"Hosting and Cloud Provider|Buildings, Repair, Maintenance (Pest Control, Landscaping, Cleaning, Locksmiths, Car Washes, etc)|Computer and Information Technology|Retail Stores, Wholesale, and E-commerce Sites"
49545,ISP,Computer and Information Technology|Internet Service Provider (ISP)
49551,Eyeball,"Eyeball|Not Validating RPKI ROV|Service|Retail Stores, Wholesale, and E-commerce Sites"
213393,Other,"Food, Grocery, Beverages|Retail Stores, Wholesale, and E-commerce Sites"
49554,Academic/Edu,"Media, Publishing, and Broadcasting|Retail Stores, Wholesale, and E-commerce Sites|Freight, Shipment, and Postal Services|Research and Development Organizations"
49557,Other,"Construction and Real Estate|Civil Engineering Construction (Utility Lines, Roads and Bridges)|Buildings (Residential or Commercial)"
49558,ISP,"Eyeball|Not Validating RPKI ROV|Retail Stores, Wholesale, and E-commerce Sites|Computer and Information Technology"
213403,Other,"Not Validating RPKI ROV|Chemical and Pharmaceutical Manufacturing|Print Media (Newspapers, Magazines, Books)|Manufacturing"
49568,ISP,Not Validating RPKI ROV|Computer and Information Technology|Hosting and Cloud Provider|Internet Service Provider (ISP)
49569,Content/CDN,"Banks, Credit Card Companies, Mortgage Providers|Hosting and Cloud Provider|Software Development|Finance and Insurance"
213411,Unknown,
49577,Other,Computer and Information Technology
49578,Other,"Construction and Real Estate|Freight, Shipment, and Postal Services|Buildings (Residential or Commercial)|Manufacturing"
49583,ISP,Internet Service Provider (ISP)|Not Validating RPKI ROV|Construction and Real Estate|Computer and Information Technology
49587,Other,"Manufacturing|Service|Metal, Glass, Wood, and Paper Manufacturing"
213435,Other,"Manufacturing|Automotive and Transportation|Retail Stores, Wholesale, and E-commerce Sites"
49612,ISP,Carrier|Internet Service Provider (ISP)|Hosting and Cloud Provider|Computer and Information Technology
213452,Unknown,
49617,ISP,Not Validating RPKI ROV|Internet Service Provider (ISP)|Computer and Information Technology|Eyeball
213457,Unknown,
213461,Content/CDN,Server Hosting|Education and Research|Research and Development Organizations
49637,Other,Chemical and Pharmaceutical Manufacturing|Manufacturing
213478,Other,Computer and Information Technology
213480,ISP,Internet Service Provider (ISP)|Computer and Information Technology
49641,ISP,"Eyeball|Not Validating RPKI ROV|Freight, Shipment, and Postal Services|Trucking"
49643,ISP,Internet Service Provider (ISP)|Computer and Information Technology
49644,Other,Computer and Information Technology|Software Development|Finance and Insurance
49648,Enterprise,"Service|Law, Business, and Consulting Services"
213497,ISP,Computer and Information Technology|Internet Service Provider (ISP)
213498,ISP,Computer and Information Technology|Internet Service Provider (ISP)
213499,ISP,Internet Service Provider (ISP)|Computer and Information Technology
213501,Other,Computer and Information Technology|Software Development
213503,ISP,Computer and Information Technology|Internet Service Provider (ISP)
49665,ISP,Computer and Information Technology|Internet Service Provider (ISP)
213505,Unknown,
213506,Other,"Food, Beverage, and Tobacco|Manufacturing|Health Care Services"
49668,Academic/Edu,"Education and Research|Colleges, Universities, and Professional Schools|Law, Business, and Consulting Services|Service"
213508,ISP,Internet Service Provider (ISP)|Computer and Information Technology
49673,ISP,Computer and Information Technology|Internet Service Provider (ISP)
49675,Other,"Tranco 10k Host|Not Validating RPKI ROV|Construction and Real Estate|Civil Engineering Construction (Utility Lines, Roads and Bridges)"
49679,Other,"Travel and Accommodation|Real Estate (Residential and/or Commercial)|Hotels, Motels, Inns, Other Traveler Accommodation|Construction and Real Estate"
213523,ISP,Computer and Information Technology|Internet Service Provider (ISP)
49684,ISP,Internet Service Provider (ISP)|Computer and Information Technology
49686,ISP,"Civil Engineering Construction (Utility Lines, Roads and Bridges)|Buildings (Residential or Commercial)|Internet Service Provider (ISP)|Hosting and Cloud Provider"
49693,ISP,Internet Service Provider (ISP)|Computer and Information Technology|Hosting and Cloud Provider|Software Development
213533,ISP,Computer and Information Technology|Hosting and Cloud Provider|Internet Service Provider (ISP)
49698,ISP,"Finance and Insurance|Banks, Credit Card Companies, Mortgage Providers|Internet Service Provider (ISP)|Computer and Information Technology"
49701,ISP,Eyeball|Not Validating RPKI ROV|Internet Service Provider (ISP)|Hosting and Cloud Provider
49702,ISP,"Civil Engineering Construction (Utility Lines, Roads and Bridges)|Internet Service Provider (ISP)|Computer and Information Technology|Retail Stores, Wholesale, and E-commerce Sites"
213541,ISP,Computer and Information Technology|Internet Service Provider (ISP)
213544,Other,"Radio and Television Providers|Media, Publishing, and Broadcasting"
49712,Other,"Not Validating RPKI ROV|Manufacturing|Buildings (Residential or Commercial)|Freight, Shipment, and Postal Services"
213552,Academic/Edu,Search|Computer and Information Technology|Education and Research
213553,ISP,Internet Service Provider (ISP)|Computer and Information Technology
213555,Other,Service
49718,ISP,"Eyeball|Retail Stores, Wholesale, and E-commerce Sites|Civil Engineering Construction (Utility Lines, Roads and Bridges)|Computer and Information Technology"
49722,Eyeball,"Eyeball|Retail Stores, Wholesale, and E-commerce Sites|Food, Grocery, Beverages"
49724,ISP,"Eyeball|Not Validating RPKI ROV|Internet Service Provider (ISP)|Agriculture, Mining, and Refineries (Farming, Greenhouses, Mining, Forestry, and Animal Farming)"
49729,Other,"Finance and Insurance|Banks, Credit Card Companies, Mortgage Providers"
49730,ISP,"Internet Service Provider (ISP)|Retail Stores, Wholesale, and E-commerce Sites|Computer and Information Technology|Construction and Real Estate"
49732,ISP,"Eyeball|Real Estate (Residential and/or Commercial)|Buildings, Repair, Maintenance (Pest Control, Landscaping, Cleaning, Locksmiths, Car Washes, etc)|Construction and Real Estate"
213572,Other,Electronics and Computer Components|Manufacturing
49736,ISP,Computer and Information Technology|Internet Service Provider (ISP)
49741,Other,"Not Validating RPKI ROV|Retail Stores, Wholesale, and E-commerce Sites|Civil Engineering Construction (Utility Lines, Roads and Bridges)|Construction and Real Estate"
49742,Other,"Construction and Real Estate|Retail Stores, Wholesale, and E-commerce Sites|Buildings (Residential or Commercial)|Civil Engineering Construction (Utility Lines, Roads and Bridges)"
49749,ISP,Eyeball|Internet Service Provider (ISP)|Manufacturing|Trucking
213592,Enterprise,"Finance and Insurance|Law, Business, and Consulting Services|Service"
49755,ISP,Not Validating RPKI ROV|Internet Service Provider (ISP)|Computer and Information Technology|Eyeball
49759,ISP,"Eyeball|Not Validating RPKI ROV|Retail Stores, Wholesale, and E-commerce Sites|Civil Engineering Construction (Utility Lines, Roads and Bridges)"
213602,Other,"Museums, Libraries, and Entertainment|Recreation, Sports, and Performing Arts"
49764,Other,Service|Construction and Real Estate|Buildings (Residential or Commercial)
49776,ISP,"Eyeball|Not Validating RPKI ROV|Internet Service Provider (ISP)|Museums, Libraries, and Entertainment"
49777,ISP,Not Validating RPKI ROV|Computer and Information Technology|Internet Service Provider (ISP)|Eyeball
49779,ISP,"Eyeball|Not Validating RPKI ROV|Media, Publishing, and Broadcasting|Computer and Information Technology"
213624,ISP,Internet Service Provider (ISP)|Computer and Information Technology
213630,Enterprise,"Service|Law, Business, and Consulting Services"
49797,ISP,Computer and Information Technology|Internet Service Provider (ISP)|Software Development
49799,Other,"Real Estate (Residential and/or Commercial)|Finance and Insurance|Construction and Real Estate|Banks, Credit Card Companies, Mortgage Providers"
49809,ISP,"Internet Service Provider (ISP)|Retail Stores, Wholesale, and E-commerce Sites|Software Development|Computer and Information Technology"
49811,Eyeball,"Construction and Real Estate|Not Validating RPKI ROV|Museums, Libraries, and Entertainment|Civil Engineering Construction (Utility Lines, Roads and Bridges)"
49814,ISP,"Internet Service Provider (ISP)|Freight, Shipment, and Postal Services|Retail Stores, Wholesale, and E-commerce Sites|Computer and Information Technology"
49816,ISP,"Eyeball|Not Validating RPKI ROV|Home ISP|Retail Stores, Wholesale, and E-commerce Sites"
49821,ISP,Eyeball|Not Validating RPKI ROV|Internet Service Provider (ISP)|Computer and Information Technology
49825,Other,"Buildings (Residential or Commercial)|Not Validating RPKI ROV|Construction and Real Estate|Civil Engineering Construction (Utility Lines, Roads and Bridges)"
213666,ISP,Internet Service Provider (ISP)|Computer and Information Technology
49828,ISP,Not Validating RPKI ROV|Computer and Information Technology|Internet Service Provider (ISP)|Eyeball
49830,ISP,Internet Service Provider (ISP)|Not Validating RPKI ROV|Computer and Information Technology
49834,Content/CDN,Hosting and Cloud Provider|Software Development|Computer and Information Technology|Service
49839,Enterprise,"Manufacturing|Service|Law, Business, and Consulting Services|Chemical and Pharmaceutical Manufacturing"
49841,Other,"Finance and Insurance|Banks, Credit Card Companies, Mortgage Providers"
213681,Content/CDN,"Computer and Information Technology|Hosting, Cloud Provider, Data Center, Server Colocation"
49845,ISP,"Internet Service Provider (ISP)|Trucking|Electric Power Generation, Transmission, Distribution|Utilities (Excluding Internet Service)"
49848,ISP,Eyeball|Not Validating RPKI ROV|Computer and Information Technology|Internet Service Provider (ISP)
213691,Other,Computer and Information Technology
49854,ISP,Internet Service Provider (ISP)|Computer and Information Technology
213694,Content/CDN,"Hosting, Cloud Provider, Data Center, Server Colocation|Computer and Information Technology"
213699,Unknown,
49860,ISP,Not Validating RPKI ROV|Hosting and Cloud Provider|Internet Service Provider (ISP)|Computer and Information Technology
49863,ISP,"Eyeball|Not Validating RPKI ROV|Software Development|Buildings, Repair, Maintenance (Pest Control, Landscaping, Cleaning, Locksmiths, Car Washes, etc)"
213704,ISP,Internet Service Provider (ISP)|Computer and Information Technology
49869,Enterprise,"Retail Stores, Wholesale, and E-commerce Sites|Travel and Accommodation|Construction and Real Estate|Music and Video Industry"
49874,ISP,"Internet Service Provider (ISP)|Computer and Information Technology|Music and Video Industry|Media, Publishing, and Broadcasting"
213717,Enterprise,"Computer and Information Technology|Technology Consulting Services|Law, Business, and Consulting Services|Service"
49878,ISP,Internet Service Provider (ISP)|Software Development|Hosting and Cloud Provider|Computer and Information Technology
49880,ISP,"Eyeball|Not Validating RPKI ROV|Online Informational Content|Media, Publishing, and Broadcasting"
49886,ISP,Not Validating RPKI ROV|Insurance Carriers and Agencies|Finance and Insurance
49891,Enterprise,"Not Validating RPKI ROV|Service|Law, Business, and Consulting Services"
49892,ISP,Computer and Information Technology|Internet Service Provider (ISP)
49893,ISP,"Eyeball|Trucking|Retail Stores, Wholesale, and E-commerce Sites|Computer and Information Technology"
49897,ISP,"Not Validating RPKI ROV|Internet Service Provider (ISP)|Freight, Shipment, and Postal Services|Computer and Information Technology"
213744,Other,Service
49905,Other,"Service|Retail Stores, Wholesale, and E-commerce Sites|Electronics and Computer Components|Manufacturing"
49908,ISP,Internet Service Provider (ISP)|Computer and Information Technology
49913,ISP,Finance and Insurance|Hosting and Cloud Provider|Software Development|Insurance Carriers and Agencies
49916,Other,"Motor Vehicles and Parts|Manufacturing|Automotive and Transportation|Retail Stores, Wholesale, and E-commerce Sites"
213761,Academic/Edu,Education and Research
49925,ISP,"Eyeball|Not Validating RPKI ROV|Civil Engineering Construction (Utility Lines, Roads and Bridges)|Internet Service Provider (ISP)"
49929,Academic/Edu,"Not Validating RPKI ROV|Buildings (Residential or Commercial)|Construction and Real Estate|Colleges, Universities, and Professional Schools"
49932,Content/CDN,Not Validating RPKI ROV|Hosting and Cloud Provider|Computer and Information Technology|Government
49939,Other,"Freight, Shipment, and Postal Services"
213780,ISP,Computer and Information Technology|Internet Service Provider (ISP)
213781,Other,"Media, Publishing, and Broadcasting"
213787,Other,"Buildings, Repair, Maintenance (Pest Control, Landscaping, Cleaning, Locksmiths, Car Washes, etc)|Service|Computer and Information Technology"
213789,ISP,Computer and Information Technology|Internet Service Provider (ISP)
49951,Enterprise,"Law, Business, and Consulting Services|Computer and Information Technology|Service"
49954,Other,"Manufacturing|Not Validating RPKI ROV|Buildings (Residential or Commercial)|Civil Engineering Construction (Utility Lines, Roads and Bridges)"
49955,Other,"Construction and Real Estate|Buildings (Residential or Commercial)|Civil Engineering Construction (Utility Lines, Roads and Bridges)"
49963,ISP,Eyeball|Not Validating RPKI ROV|Computer and Information Technology|Internet Service Provider (ISP)
49965,ISP,Computer and Information Technology|Internet Service Provider (ISP)
49966,Other,"Buildings (Residential or Commercial)|Utilities (Excluding Internet Service)|Electric Power Generation, Transmission, Distribution|Construction and Real Estate"
213805,Other,Real Estate (Residential and/or Commercial)|Construction and Real Estate
213808,Unknown,
213810,ISP,Computer and Information Technology|Internet Service Provider (ISP)
213816,Unknown,
49977,Other,"Not Validating RPKI ROV|Retail Stores, Wholesale, and E-commerce Sites|Food, Grocery, Beverages"
49980,ISP,Music and Video Industry|Computer and Information Technology|Hosting and Cloud Provider|Internet Service Provider (ISP)
49987,ISP,Computer and Information Technology|Internet Service Provider (ISP)
49988,Other,Service
213829,Other,"Food, Grocery, Beverages|Retail Stores, Wholesale, and E-commerce Sites"
49993,Enterprise,"Law, Business, and Consulting Services|Service"
49994,Other,"Not Validating RPKI ROV|Manufacturing|Civil Engineering Construction (Utility Lines, Roads and Bridges)|Construction and Real Estate"
213834,Unknown,
50001,Other,"Investment, Portfolio Management, Pensions and Funds|Service|Computer and Network Security|Banks, Credit Card Companies, Mortgage Providers"
50002,ISP,Finance and Insurance|Insurance Carriers and Agencies
50003,Content/CDN,"Not Validating RPKI ROV|Computer and Information Technology|Hosting, Cloud Provider, Data Center, Server Colocation"
50009,ISP,Eyeball|Not Validating RPKI ROV|Computer and Information Technology|Internet Service Provider (ISP)
50011,ISP,Eyeball|Computer and Information Technology|Internet Service Provider (ISP)
213853,ISP,"Media, Publishing, and Broadcasting|Computer and Information Technology|Retail Stores, Wholesale, and E-commerce Sites|Electronics and Computer Components"
50015,Eyeball,"Hosting, Cloud Provider, Data Center, Server Colocation|Not Validating RPKI ROV|Hosting and Cloud Provider|Computer and Information Technology"
213861,Unknown,
50022,ISP,Internet Service Provider (ISP)|Not Validating RPKI ROV|Computer and Information Technology|Software Development
50024,Enterprise,"Community Groups and Nonprofits|Retail Stores, Wholesale, and E-commerce Sites|Buildings, Repair, Maintenance (Pest Control, Landscaping, Cleaning, Locksmiths, Car Washes, etc)|Law, Business, and Consulting Services"
50029,ISP,"Computer and Information Technology|Internet Service Provider (ISP)|Retail Stores, Wholesale, and E-commerce Sites"
213875,Enterprise,"Technology Consulting Services|Computer and Information Technology|Law, Business, and Consulting Services|Service"
50037,Eyeball,"Not Validating RPKI ROV|Construction and Real Estate|Civil Engineering Construction (Utility Lines, Roads and Bridges)|Buildings (Residential or Commercial)"
50038,ISP,Not Validating RPKI ROV|Hosting and Cloud Provider|Service|Software Development
50040,Enterprise,"Not Validating RPKI ROV|Museums, Libraries, and Entertainment|Computer and Information Technology|Corporate/Enterprise"
50042,ISP,Not Validating RPKI ROV|Service|Computer and Information Technology|Construction and Real Estate
213883,ISP,Internet Service Provider (ISP)|Computer and Information Technology
50044,Other,"Retail Stores, Wholesale, and E-commerce Sites|Construction and Real Estate|Buildings (Residential or Commercial)|Civil Engineering Construction (Utility Lines, Roads and Bridges)"
50045,Eyeball,Eyeball|Not Validating RPKI ROV|Trucking|Construction and Real Estate
50048,ISP,"Internet Service Provider (ISP)|Retail Stores, Wholesale, and E-commerce Sites|Computer and Information Technology"
213890,ISP,Computer and Information Technology|Internet Service Provider (ISP)
50051,Other,Not Validating RPKI ROV|Chemical and Pharmaceutical Manufacturing|Manufacturing
50060,ISP,Eyeball|Internet Service Provider (ISP)|Computer and Information Technology|Home ISP
50071,ISP,Eyeball|Not Validating RPKI ROV|Home ISP|Internet Service Provider (ISP)
213917,Other,Computer and Network Security|Computer and Information Technology
50082,Academic/Edu,"Retail Stores, Wholesale, and E-commerce Sites|Freight, Shipment, and Postal Services|Trucking|Education and Research"
213922,Unknown,
50085,ISP,Internet Service Provider (ISP)|Computer and Information Technology
213926,Other,"Finance and Insurance|Banks, Credit Card Companies, Mortgage Providers"
50089,Other,"Trucking|Service|Freight, Shipment, and Postal Services|Civil Engineering Construction (Utility Lines, Roads and Bridges)"
50092,Other,"Not Validating RPKI ROV|Construction and Real Estate|Civil Engineering Construction (Utility Lines, Roads and Bridges)|Buildings (Residential or Commercial)"
213933,Enterprise,"Law, Business, and Consulting Services|Service"
213937,Other,Computer and Information Technology|Satellite Communication
50098,ISP,"Tranco 10k Host|Hosting, Cloud Provider, Data Center, Server Colocation|Computer and Information Technology|Manufacturing"
50105,Other,"Retail Stores, Wholesale, and E-commerce Sites|Not Validating RPKI ROV|Food, Grocery, Beverages|Clothing and Textiles"
50106,Content/CDN,Not Validating RPKI ROV|Computer and Information Technology|Hosting and Cloud Provider
213952,ISP,Buildings (Residential or Commercial)|Internet Service Provider (ISP)|Computer and Information Technology|Construction and Real Estate
213961,ISP,Internet Service Provider (ISP)|Computer and Information Technology
50122,Other,"Clothing, Fashion, Luggage|Retail Stores, Wholesale, and E-commerce Sites|Freight, Shipment, and Postal Services"
50125,ISP,Computer and Information Technology|Internet Service Provider (ISP)
50126,ISP,Eyeball|Not Validating RPKI ROV|Internet Service Provider (ISP)|Computer and Information Technology
50140,ISP,Not Validating RPKI ROV|Internet Service Provider (ISP)|Computer and Information Technology
50141,Other,"Finance and Insurance|Health Care Services|Banks, Credit Card Companies, Mortgage Providers|Hospitals and Medical Centers"
50147,ISP,"Not Validating RPKI ROV|Internet Service Provider (ISP)|Food, Grocery, Beverages|Retail Stores, Wholesale, and E-commerce Sites"
213995,Other,Computer and Information Technology
50157,ISP,"Human Rights and Social Advocacy (Human Rights, Environment and Wildlife Conservation, Other)|Internet Service Provider (ISP)|Research and Development Organizations|Software Development"
50158,ISP,Computer and Information Technology|Not Validating RPKI ROV|Internet Service Provider (ISP)
50164,Other,"Manufacturing|Banks, Credit Card Companies, Mortgage Providers|Utilities (Excluding Internet Service)|Finance and Insurance"
50166,Content/CDN,Tranco 10k Host|Not Validating RPKI ROV|Hosting and Cloud Provider|Computer and Information Technology
50169,ISP,"Law, Business, and Consulting Services|Internet Service Provider (ISP)|Software Development|Research and Development Organizations"
214009,Unknown,
50174,ISP,Eyeball|Not Validating RPKI ROV|Computer and Information Technology|Internet Service Provider (ISP)
50182,ISP,Eyeball|Not Validating RPKI ROV|Computer and Information Technology|Internet Service Provider (ISP)
50187,ISP,Satellite Communication|Not Validating RPKI ROV|Internet Service Provider (ISP)|Computer and Information Technology
214031,Government,"Service|Buildings, Repair, Maintenance (Pest Control, Landscaping, Cleaning, Locksmiths, Car Washes, etc)|Law Enforcement, Public Safety, and Justice|Government and Public Administration"
50197,Other,Community Groups and Nonprofits
214048,ISP,"Hosting, Cloud Provider, Data Center, Server Colocation|Computer and Information Technology|Internet Service Provider (ISP)|Manufacturing"
50210,Enterprise,"Media, Publishing, and Broadcasting|Retail Stores, Wholesale, and E-commerce Sites|Construction and Real Estate|Music and Video Industry"
214051,Unknown,
50214,ISP,Tranco 10k Host|Not Validating RPKI ROV|Internet Service Provider (ISP)|Manufacturing
50218,Other,"Retail Stores, Wholesale, and E-commerce Sites|Freight, Shipment, and Postal Services|Chemical and Pharmaceutical Manufacturing|Manufacturing"
50222,Academic/Edu,"Government|Not Validating RPKI ROV|Museums, Libraries, and Entertainment|Media, Publishing, and Broadcasting"
214063,Other,Service
214066,Other,"Food, Beverage, and Tobacco|Manufacturing"
50227,ISP,Not Validating RPKI ROV|Internet Service Provider (ISP)|Computer and Information Technology|Hosting and Cloud Provider
50228,ISP,"Retail Stores, Wholesale, and E-commerce Sites|Internet Service Provider (ISP)|Computer and Information Technology"
214069,ISP,"Community Groups and Nonprofits|Computer and Information Technology|Internet Service Provider (ISP)|Human Rights and Social Advocacy (Human Rights, Environment and Wildlife Conservation, Other)"
214077,Enterprise,"Service|Law, Business, and Consulting Services"
50240,Other,"Retail Stores, Wholesale, and E-commerce Sites|Electronics and Computer Components|Software Development|Manufacturing"
50241,ISP,Internet Service Provider (ISP)|Not Validating RPKI ROV|Computer and Information Technology
214081,Unknown,
50248,Other,Real Estate (Residential and/or Commercial)|Service|Construction and Real Estate
214091,ISP,Computer and Information Technology|Internet Service Provider (ISP)|Computer and Network Security
50254,ISP,Internet Service Provider (ISP)|Not Validating RPKI ROV|Computer and Information Technology
50257,ISP,Eyeball|Not Validating RPKI ROV|Internet Service Provider (ISP)|Computer and Information Technology
50258,Other,"Agriculture, Mining, and Refineries (Farming, Greenhouses, Mining, Forestry, and Animal Farming)"
50260,Other,"Not Validating RPKI ROV|Retail Stores, Wholesale, and E-commerce Sites|Civil Engineering Construction (Utility Lines, Roads and Bridges)|Construction and Real Estate"
50265,ISP,Computer and Information Technology|Not Validating RPKI ROV|Internet Service Provider (ISP)
214109,Other,"Media, Publishing, and Broadcasting"
214115,Other,Satellite Communication|Computer and Information Technology
50276,Academic/Edu,"Education and Research|Colleges, Universities, and Professional Schools"
50279,Other,"Food, Grocery, Beverages|Retail Stores, Wholesale, and E-commerce Sites"
50282,Other,Computer and Information Technology
50283,ISP,"Real Estate (Residential and/or Commercial)|Banks, Credit Card Companies, Mortgage Providers|Finance and Insurance|Retail Stores, Wholesale, and E-commerce Sites"
50284,Content/CDN,"Civil Engineering Construction (Utility Lines, Roads and Bridges)|Hosting and Cloud Provider|Computer and Information Technology|Construction and Real Estate"
214126,ISP,Internet Service Provider (ISP)|Computer and Information Technology
50289,ISP,Eyeball|Not Validating RPKI ROV|Internet Service Provider (ISP)|Computer and Information Technology
50299,ISP,Eyeball|Not Validating RPKI ROV|Computer and Information Technology|Internet Service Provider (ISP)
214141,Other,Churches and Religious Organizations|Community Groups and Nonprofits|Service
50306,Eyeball,Not Validating RPKI ROV|Manufacturing|Machinery|Buildings (Residential or Commercial)
214149,Other,Computer and Information Technology|Software Development
214152,Other,Manufacturing|Electronics and Computer Components
50313,ISP,"Tranco 10k Host|Construction and Real Estate|Computer and Information Technology|Civil Engineering Construction (Utility Lines, Roads and Bridges)"
50315,ISP,Computer and Information Technology|Internet Service Provider (ISP)
50317,ISP,"Not Validating RPKI ROV|Freight, Shipment, and Postal Services|Retail Stores, Wholesale, and E-commerce Sites|Construction and Real Estate"
214173,ISP,Computer and Information Technology|Internet Service Provider (ISP)
50339,Content/CDN,Not Validating RPKI ROV|Construction and Real Estate|Computer and Information Technology|Real Estate (Residential and/or Commercial)
50340,ISP,Content|Not Validating RPKI ROV|Computer and Information Technology|Hosting and Cloud Provider
50341,ISP,"Software Development|Retail Stores, Wholesale, and E-commerce Sites|Computer and Information Technology|Hosting and Cloud Provider"
50342,Other,"Automotive and Transportation|Metal, Glass, Wood, and Paper Manufacturing|Manufacturing"
214186,Other,Electronics and Computer Components|Manufacturing
50353,Content/CDN,"Hosting and Cloud Provider|Software Development|Media, Publishing, and Broadcasting|Computer and Information Technology"
50356,Enterprise,"Retail Stores, Wholesale, and E-commerce Sites|Law, Business, and Consulting Services|Computer and Information Technology|Service"
214201,Academic/Edu,Education and Research
50367,Eyeball,"Not Validating RPKI ROV|Museums, Libraries, and Entertainment|Buildings (Residential or Commercial)|Construction and Real Estate"
214210,Content/CDN,"Computer and Information Technology|Hosting, Cloud Provider, Data Center, Server Colocation"
50374,Other,"Clothing, Fashion, Luggage|Manufacturing|Clothing and Textiles|Retail Stores, Wholesale, and E-commerce Sites"
214218,Content/CDN,"Hosting, Cloud Provider, Data Center, Server Colocation|Computer and Information Technology"
214221,Other,Computer and Information Technology
50384,ISP,Internet Service Provider (ISP)|Computer and Information Technology
50396,ISP,Not Validating RPKI ROV|Computer and Information Technology|Internet Service Provider (ISP)|Hosting and Cloud Provider
50397,ISP,Internet Service Provider (ISP)|Computer and Information Technology
50400,ISP,Not Validating RPKI ROV|Internet Service Provider (ISP)|Food Services and Drinking Places|Computer and Information Technology
50403,Eyeball,"Construction and Real Estate|Agriculture, Mining, and Refineries (Farming, Greenhouses, Mining, Forestry, and Animal Farming)|Freight, Shipment, and Postal Services|Civil Engineering Construction (Utility Lines, Roads and Bridges)"
50406,ISP,Eyeball|Not Validating RPKI ROV|Home ISP|Computer and Information Technology
50409,Other,Computer and Information Technology
50416,Other,"Not Validating RPKI ROV|Finance and Insurance|Banks, Credit Card Companies, Mortgage Providers"
214257,Other,Other
50418,Other,"Not Validating RPKI ROV|Utilities (Excluding Internet Service)|Electric Power Generation, Transmission, Distribution|Buildings (Residential or Commercial)"
50425,Other,"Not Validating RPKI ROV|Machinery|Buildings, Repair, Maintenance (Pest Control, Landscaping, Cleaning, Locksmiths, Car Washes, etc)|Manufacturing"
50427,ISP,Eyeball|Not Validating RPKI ROV|Computer and Information Technology|Internet Service Provider (ISP)
214268,Content/CDN,"Hosting, Cloud Provider, Data Center, Server Colocation|Computer and Information Technology"
50430,Enterprise,"Law, Business, and Consulting Services|Service"
50433,Academic/Edu,Construction and Real Estate|Buildings (Residential or Commercial)|Education and Research|Elementary and Secondary Schools
50435,Other,"Retail Stores, Wholesale, and E-commerce Sites|Hospitals and Medical Centers|Health Care Services"
50439,Eyeball,"Eyeball|Construction and Real Estate|Water Supply and Irrigation|Civil Engineering Construction (Utility Lines, Roads and Bridges)"
50442,ISP,Internet Service Provider (ISP)|Computer and Information Technology
50443,Other,"Not Validating RPKI ROV|Retail Stores, Wholesale, and E-commerce Sites|Clothing and Textiles|Manufacturing"
214283,Other,"Media, Publishing, and Broadcasting|Online Informational Content"
50448,Other,"Buildings, Repair, Maintenance (Pest Control, Landscaping, Cleaning, Locksmiths, Car Washes, etc)|Not Validating RPKI ROV|Construction and Real Estate|Service"
50449,Eyeball,"Not Validating RPKI ROV|Civil Engineering Construction (Utility Lines, Roads and Bridges)|Buildings (Residential or Commercial)|Construction and Real Estate"
50451,ISP,Not Validating RPKI ROV|Computer and Information Technology|Internet Service Provider (ISP)
50452,Other,"Finance and Insurance|Banks, Credit Card Companies, Mortgage Providers"
50464,Other,"Banks, Credit Card Companies, Mortgage Providers|Finance and Insurance"
50465,ISP,Internet Service Provider (ISP)|Hosting and Cloud Provider|Computer and Information Technology|Server Hosting
50466,Eyeball,"Not Validating RPKI ROV|Retail Stores, Wholesale, and E-commerce Sites|Food, Grocery, Beverages|Eyeball"
214306,Content/CDN,"Computer and Information Technology|Hosting, Cloud Provider, Data Center, Server Colocation"
50471,ISP,Eyeball|Computer and Information Technology|Internet Service Provider (ISP)
50473,ISP,Eyeball|Not Validating RPKI ROV|Internet Service Provider (ISP)|Computer and Information Technology
50477,ISP,"Eyeball|Not Validating RPKI ROV|Metal, Glass, Wood, and Paper Manufacturing|Colleges, Universities, and Professional Schools"
214317,Enterprise,"Service|Computer and Information Technology|Law, Business, and Consulting Services|Technology Consulting Services"
50483,Academic/Edu,"Not Validating RPKI ROV|Colleges, Universities, and Professional Schools|Education and Research|Print Media (Newspapers, Magazines, Books)"
214325,ISP,Internet Service Provider (ISP)|Computer and Information Technology
50488,ISP,Not Validating RPKI ROV|Computer and Information Technology|Internet Service Provider (ISP)
214336,ISP,Computer and Information Technology|Internet Service Provider (ISP)
50498,ISP,Eyeball|Not Validating RPKI ROV|Internet Service Provider (ISP)|Music and Video Industry
50502,Academic/Edu,"Hotels, Motels, Inns, Other Traveler Accommodation|Government and Regulatory Agencies, Administrations, Departments, and Services|Government and Public Administration|Research and Development Organizations"
50509,ISP,"Carrier|Retail Stores, Wholesale, and E-commerce Sites|Service|Buildings, Repair, Maintenance (Pest Control, Landscaping, Cleaning, Locksmiths, Car Washes, etc)"
50512,ISP,"Eyeball|Not Validating RPKI ROV|Media, Publishing, and Broadcasting|Internet Service Provider (ISP)"
50513,ISP,Computer and Information Technology|Internet Service Provider (ISP)
214352,Unknown,
50516,ISP,"Computer and Information Technology|Internet Service Provider (ISP)|Retail Stores, Wholesale, and E-commerce Sites|Hosting and Cloud Provider"
214356,ISP,Computer and Information Technology|Internet Service Provider (ISP)
50519,Other,"Trucking|Freight, Shipment, and Postal Services|Computer and Information Technology"
214362,Unknown,
50523,Other,Construction and Real Estate|Buildings (Residential or Commercial)|Manufacturing|Electronics and Computer Components
214367,Unknown,
50532,Other,"Banks, Credit Card Companies, Mortgage Providers|Finance and Insurance"
214374,Other,"Satellite Communication|Media, Publishing, and Broadcasting|Radio and Television Providers|Computer and Information Technology"
50536,ISP,"Not Validating RPKI ROV|Retail Stores, Wholesale, and E-commerce Sites|Computer and Information Technology|Internet Service Provider (ISP)"
50538,Eyeball,Eyeball|Not Validating RPKI ROV|Manufacturing|Buildings (Residential or Commercial)
50539,ISP,"Not Validating RPKI ROV|Retail Stores, Wholesale, and E-commerce Sites|Finance and Insurance|Hosting and Cloud Provider"
50542,ISP,Eyeball|Not Validating RPKI ROV|Music and Video Industry|Computer and Information Technology
50543,ISP,"Eyeball|Media, Publishing, and Broadcasting|Computer and Information Technology|Internet Service Provider (ISP)"
50544,ISP,"Eyeball|Not Validating RPKI ROV|Music and Video Industry|Media, Publishing, and Broadcasting"
50545,Other,"Software Development|Computer and Information Technology|Media, Publishing, and Broadcasting|Retail Stores, Wholesale, and E-commerce Sites"
214385,Enterprise,"Computer and Information Technology|Law, Business, and Consulting Services|Software Development|Service"
50553,ISP,Internet Service Provider (ISP)|Computer and Information Technology|Eyeball
214395,Other,"Finance and Insurance|Banks, Credit Card Companies, Mortgage Providers"
50556,ISP,Eyeball|Not Validating RPKI ROV|Internet Service Provider (ISP)|Computer and Information Technology
50567,ISP,Internet Service Provider (ISP)|Computer and Information Technology
50568,ISP,Internet Service Provider (ISP)|Computer and Information Technology
50571,Other,"Not Validating RPKI ROV|Libraries and Archives|Museums, Libraries, and Entertainment"
50577,ISP,Eyeball|Not Validating RPKI ROV|Computer and Information Technology|Internet Service Provider (ISP)
50586,Other,"Not Validating RPKI ROV|Banks, Credit Card Companies, Mortgage Providers|Finance and Insurance"
50587,Enterprise,"Law, Business, and Consulting Services|Computer and Information Technology|Service"
214429,ISP,Internet Service Provider (ISP)|Computer and Information Technology
50596,ISP,Eyeball|Not Validating RPKI ROV|Radio and Television Providers|Education and Research
50600,ISP,Internet Service Provider (ISP)|Hosting and Cloud Provider|Software Development|Computer and Information Technology
50608,ISP,Computer and Information Technology|Internet Service Provider (ISP)|Software Development
50612,ISP,Computer and Information Technology|Internet Service Provider (ISP)
50615,Other,"Service|Construction and Real Estate|Buildings (Residential or Commercial)|Civil Engineering Construction (Utility Lines, Roads and Bridges)"
50619,Other,Real Estate (Residential and/or Commercial)|Construction and Real Estate
214463,Content/CDN,"Computer and Information Technology|Hosting, Cloud Provider, Data Center, Server Colocation"
50636,ISP,Eyeball|Computer and Information Technology|Internet Service Provider (ISP)
50639,ISP,Internet Service Provider (ISP)|Computer and Information Technology
50640,Other,"Finance and Insurance|Computer and Information Technology|Banks, Credit Card Companies, Mortgage Providers|Investment, Portfolio Management, Pensions and Funds"
50644,ISP,Computer and Information Technology|Internet Service Provider (ISP)
50645,ISP,"Internet Service Provider (ISP)|Hosting and Cloud Provider|Service|Civil Engineering Construction (Utility Lines, Roads and Bridges)"
50646,ISP,Internet Service Provider (ISP)|Computer and Information Technology
50652,ISP,Not Validating RPKI ROV|Internet Service Provider (ISP)|Computer and Information Technology
50654,ISP,"Finance and Insurance|Freight, Shipment, and Postal Services|Computer and Information Technology|Travel and Accommodation"
50663,Other,"Finance and Insurance|Banks, Credit Card Companies, Mortgage Providers"
50668,ISP,Not Validating RPKI ROV|Internet Service Provider (ISP)|Computer and Information Technology
50671,ISP,Eyeball|Not Validating RPKI ROV|Radio and Television Providers|Computer and Information Technology
50672,ISP,"Not Validating RPKI ROV|Internet Service Provider (ISP)|Hosting and Cloud Provider|Freight, Shipment, and Postal Services"
214511,Enterprise,"Computer and Information Technology|Law, Business, and Consulting Services|Technology Consulting Services|Service"
50674,ISP,Internet Service Provider (ISP)|Computer and Information Technology
50676,ISP,"Not Validating RPKI ROV|Internet Service Provider (ISP)|Computer and Information Technology|Retail Stores, Wholesale, and E-commerce Sites"
50677,ISP,Computer and Information Technology|Internet Service Provider (ISP)
214524,Other,Software Development|Computer and Information Technology
214525,Unknown,
50687,ISP,Automotive and Transportation|Computer and Information Technology|Construction and Real Estate|Buildings (Residential or Commercial)
50688,ISP,Not Validating RPKI ROV|Internet Service Provider (ISP)|Service|Software Development
50690,Enterprise,"Law, Business, and Consulting Services|Service"
50691,Other,"Clothing and Textiles|Retail Stores, Wholesale, and E-commerce Sites|Manufacturing|Clothing, Fashion, Luggage"
214535,Academic/Edu,Research and Development Organizations|Education and Research
50699,ISP,Internet Service Provider (ISP)|Computer and Information Technology
214540,Other,Computer and Information Technology|Technology Consulting Services
50701,Other,"Retail Stores, Wholesale, and E-commerce Sites|Freight, Shipment, and Postal Services|Trucking"
50703,Academic/Edu,"Hotels, Motels, Inns, Other Traveler Accommodation|Research and Development Organizations|Government and Public Administration|Media, Publishing, and Broadcasting"
50706,ISP,"Internet Service Provider (ISP)|Computer and Information Technology|Freight, Shipment, and Postal Services"
50707,Academic/Edu,"Colleges, Universities, and Professional Schools|Education and Research"
214548,Unknown,
50712,ISP,"Computer and Information Technology|Construction and Real Estate|Retail Stores, Wholesale, and E-commerce Sites|Civil Engineering Construction (Utility Lines, Roads and Bridges)"
50713,ISP,"Not Validating RPKI ROV|Service|Law, Business, and Consulting Services|Banks, Credit Card Companies, Mortgage Providers"
50714,ISP,Computer and Information Technology|Internet Service Provider (ISP)
214553,Other,"Casinos and Gambling|Museums, Libraries, and Entertainment"
50716,ISP,Eyeball|Not Validating RPKI ROV|Computer and Information Technology|Construction and Real Estate
50725,Other,"Utilities (Excluding Internet Service)|Buildings (Residential or Commercial)|Civil Engineering Construction (Utility Lines, Roads and Bridges)|Construction and Real Estate"
50727,ISP,"Validating RPKI ROV|Service|Law, Business, and Consulting Services|Computer and Information Technology"
50732,ISP,"Hosting and Cloud Provider|Computer and Information Technology|Internet Service Provider (ISP)|Hosting, Cloud Provider, Data Center, Server Colocation"
214573,Other,"Media, Publishing, and Broadcasting|Finance and Insurance|Computer and Information Technology|Banks, Credit Card Companies, Mortgage Providers"
214574,ISP,Computer and Information Technology|Internet Service Provider (ISP)
50736,Other,"Trucking|Electric Power Generation, Transmission, Distribution|Freight, Shipment, and Postal Services|Construction and Real Estate"
214576,ISP,Internet Service Provider (ISP)|Computer and Information Technology|Tor services
50739,ISP,"Machinery|Manufacturing|Civil Engineering Construction (Utility Lines, Roads and Bridges)|Computer and Information Technology"
50741,Other,"Freight, Shipment, and Postal Services|Retail Stores, Wholesale, and E-commerce Sites|Agriculture, Mining, and Refineries (Farming, Greenhouses, Mining, Forestry, and Animal Farming)"
50750,Other,"Not Validating RPKI ROV|Passenger Transit (Car, Bus, Taxi, Subway)|Freight, Shipment, and Postal Services|Retail Stores, Wholesale, and E-commerce Sites"
50752,ISP,Validating RPKI ROV|Electronics and Computer Components|Construction and Real Estate|Computer and Information Technology
50753,Other,"Not Validating RPKI ROV|Manufacturing|Clothing and Textiles|Clothing, Fashion, Luggage"
214597,Unknown,
50760,Other,Buildings (Residential or Commercial)|Construction and Real Estate|Real Estate (Residential and/or Commercial)
50761,Eyeball,"Eyeball|Not Validating RPKI ROV|Construction and Real Estate|Retail Stores, Wholesale, and E-commerce Sites"
50762,Content/CDN,"Media, Publishing, and Broadcasting|Software Development|Hosting and Cloud Provider|Computer and Information Technology"
50766,Other,"Retail Stores, Wholesale, and E-commerce Sites"
214607,Unknown,
50771,ISP,"Freight, Shipment, and Postal Services|Not Validating RPKI ROV|Eyeball|Home ISP"
214612,Other,"Finance and Insurance|Investment, Portfolio Management, Pensions and Funds"
214614,Other,"Utilities (Excluding Internet Service)|Electric Power Generation, Transmission, Distribution"
50775,Enterprise,"Service|Clothing, Fashion, Luggage|Retail Stores, Wholesale, and E-commerce Sites|Freight, Shipment, and Postal Services"
50776,ISP,"Eyeball|Not Validating RPKI ROV|Civil Engineering Construction (Utility Lines, Roads and Bridges)|Freight, Shipment, and Postal Services"
214624,ISP,Computer and Information Technology|Internet Service Provider (ISP)
50787,Other,Community Groups and Nonprofits
50789,ISP,"Not Validating RPKI ROV|Internet Service Provider (ISP)|Computer and Information Technology|Retail Stores, Wholesale, and E-commerce Sites"
214631,Unknown,
50793,Other,Finance and Insurance
50797,Other,"Buildings, Repair, Maintenance (Pest Control, Landscaping, Cleaning, Locksmiths, Car Washes, etc)|Computer and Information Technology|Software Development|Retail Stores, Wholesale, and E-commerce Sites"
50798,Other,"Freight, Shipment, and Postal Services|Retail Stores, Wholesale, and E-commerce Sites|Personal ASN|IPv6 only"
50802,ISP,"Not Validating RPKI ROV|Computer and Information Technology|Print Media (Newspapers, Magazines, Books)|Law, Business, and Consulting Services"
50804,Other,"Not Validating RPKI ROV|Retail Stores, Wholesale, and E-commerce Sites|Freight, Shipment, and Postal Services|Trucking"
50806,Enterprise,"Law, Business, and Consulting Services|Service|Retail Stores, Wholesale, and E-commerce Sites"
50809,Content/CDN,"Not Validating RPKI ROV|Hosting and Cloud Provider|Computer and Information Technology|Hosting, Cloud Provider, Data Center, Server Colocation"
214653,Unknown,
214656,ISP,Internet Service Provider (ISP)|Computer and Information Technology
50817,Enterprise,"Service|Law, Business, and Consulting Services|Buildings, Repair, Maintenance (Pest Control, Landscaping, Cleaning, Locksmiths, Car Washes, etc)|Retail Stores, Wholesale, and E-commerce Sites"
50820,ISP,"Automotive and Transportation|Motor Vehicles and Parts|Finance and Insurance|Retail Stores, Wholesale, and E-commerce Sites"
50822,ISP,Computer and Information Technology|Manufacturing|Electronics and Computer Components|Service
214664,Unknown,
50832,Other,"Health Care Services|Retail Stores, Wholesale, and E-commerce Sites|Computer and Information Technology|Software Development"
214683,Other,Chemical and Pharmaceutical Manufacturing|Manufacturing
50844,ISP,Internet Service Provider (ISP)|Computer and Information Technology
50846,ISP,"Internet Service Provider (ISP)|Freight, Shipment, and Postal Services|Retail Stores, Wholesale, and E-commerce Sites|Civil Engineering Construction (Utility Lines, Roads and Bridges)"
50850,ISP,"Not Validating RPKI ROV|Internet Service Provider (ISP)|Civil Engineering Construction (Utility Lines, Roads and Bridges)|Computer and Information Technology"
50852,Eyeball,"Not Validating RPKI ROV|Food, Grocery, Beverages|Retail Stores, Wholesale, and E-commerce Sites|Construction and Real Estate"
50853,Other,"Finance and Insurance|Banks, Credit Card Companies, Mortgage Providers|Computer and Information Technology|Investment, Portfolio Management, Pensions and Funds"
214697,Other,Construction and Real Estate
50859,ISP,"Government and Public Administration|Retail Stores, Wholesale, and E-commerce Sites|Military, Defense, National Security, and International Affairs|Construction and Real Estate"
50860,Other,"Not Validating RPKI ROV|Banks, Credit Card Companies, Mortgage Providers|Finance and Insurance"
214702,Unknown,
50863,Other,"Not Validating RPKI ROV|Construction and Real Estate|Retail Stores, Wholesale, and E-commerce Sites|Automotive and Transportation"
50870,ISP,Not Validating RPKI ROV|Internet Service Provider (ISP)|Computer and Information Technology
50878,Other,Finance and Insurance
214719,ISP,Internet Service Provider (ISP)|Computer and Information Technology|Tor services
214721,ISP,Computer and Information Technology|Internet Service Provider (ISP)
214727,Other,Computer and Information Technology
214733,ISP,Internet Service Provider (ISP)|Computer and Information Technology
50895,Content/CDN,Hosting and Cloud Provider|Computer and Information Technology
50911,ISP,Eyeball|Not Validating RPKI ROV|Computer and Information Technology|Radio and Television Providers
50916,ISP,Eyeball|Not Validating RPKI ROV|Computer and Information Technology|Internet Service Provider (ISP)
50918,Other,"Electric Power Generation, Transmission, Distribution|Utilities (Excluding Internet Service)|Agriculture, Mining, and Refineries (Farming, Greenhouses, Mining, Forestry, and Animal Farming)"
50923,ISP,Eyeball|Not Validating RPKI ROV|Computer and Information Technology|Internet Service Provider (ISP)
214767,Unknown,
50928,ISP,Eyeball|Not Validating RPKI ROV|Internet Service Provider (ISP)|Computer and Information Technology
214780,Other,Computer and Information Technology
50942,Other,"Service|Motor Vehicles and Parts|Retail Stores, Wholesale, and E-commerce Sites|Buildings, Repair, Maintenance (Pest Control, Landscaping, Cleaning, Locksmiths, Car Washes, etc)"
50946,ISP,Not Validating RPKI ROV|Hosting and Cloud Provider|Service|Software Development
50947,ISP,"Retail Stores, Wholesale, and E-commerce Sites|Construction and Real Estate|Civil Engineering Construction (Utility Lines, Roads and Bridges)|Buildings (Residential or Commercial)"
214787,Content/CDN,"Computer and Information Technology|Hosting, Cloud Provider, Data Center, Server Colocation"
50949,ISP,Eyeball|Not Validating RPKI ROV|Software Development|Service
50951,Other,"Freight, Shipment, and Postal Services|Retail Stores, Wholesale, and E-commerce Sites"
214793,Other,Construction and Real Estate
50955,ISP,Computer and Information Technology|Internet Service Provider (ISP)
50958,Other,"Not Validating RPKI ROV|Buildings (Residential or Commercial)|Construction and Real Estate|Media, Publishing, and Broadcasting"
214804,Unknown,
50966,Other,"Construction and Real Estate|Civil Engineering Construction (Utility Lines, Roads and Bridges)|Buildings (Residential or Commercial)|Freight, Shipment, and Postal Services"
50969,Enterprise,"Law, Business, and Consulting Services|Service"
214816,ISP,Internet Service Provider (ISP)|Computer and Information Technology
214817,ISP,Computer and Information Technology|Internet Service Provider (ISP)
214822,Other,Validating RPKI ROV|Electronics and Computer Components|Manufacturing
214842,Enterprise,"Law, Business, and Consulting Services|Computer and Information Technology|Software Development|Service"
51003,ISP,Internet Service Provider (ISP)|Computer and Information Technology
51004,ISP,"Eyeball|Not Validating RPKI ROV|Retail Stores, Wholesale, and E-commerce Sites|Internet Service Provider (ISP)"
51009,ISP,Eyeball|Not Validating RPKI ROV|Computer and Information Technology|Internet Service Provider (ISP)
51011,ISP,Not Validating RPKI ROV|Internet Service Provider (ISP)|Computer and Information Technology|Eyeball
51012,Eyeball,"Not Validating RPKI ROV|Retail Stores, Wholesale, and E-commerce Sites|Freight, Shipment, and Postal Services|Eyeball"
214852,Other,Construction and Real Estate|Real Estate (Residential and/or Commercial)
51015,Eyeball,"Not Validating RPKI ROV|Postal Services and Couriers|Retail Stores, Wholesale, and E-commerce Sites|Service"
214856,ISP,Internet Service Provider (ISP)|Software Development|Computer and Information Technology
51017,Other,Computer and Information Technology
51027,Other,"Not Validating RPKI ROV|Media, Publishing, and Broadcasting|Construction and Real Estate|Real Estate (Residential and/or Commercial)"
51028,ISP,Eyeball|Not Validating RPKI ROV|Computer and Information Technology|Internet Service Provider (ISP)
214870,Enterprise,"Law, Business, and Consulting Services|Service"
51032,ISP,Eyeball|Not Validating RPKI ROV|Internet Service Provider (ISP)|Computer and Information Technology
214872,Content/CDN,"Hosting, Cloud Provider, Data Center, Server Colocation|Computer and Information Technology"
51034,Other,"Retail Stores, Wholesale, and E-commerce Sites"
51035,ISP,Eyeball|Not Validating RPKI ROV|Internet Service Provider (ISP)|Computer and Information Technology
51037,Content/CDN,Not Validating RPKI ROV|Finance and Insurance|Hosting and Cloud Provider|Computer and Information Technology
51039,Academic/Edu,"Colleges, Universities, and Professional Schools|Education and Research"
51041,Other,"Freight, Shipment, and Postal Services|Construction and Real Estate|Real Estate (Residential and/or Commercial)"
51042,ISP,Not Validating RPKI ROV|Finance and Insurance|Internet Service Provider (ISP)|Software Development
214881,ISP,Internet Service Provider (ISP)|Computer and Information Technology
214883,Other,"Service|Search|Retail Stores, Wholesale, and E-commerce Sites|Computer and Information Technology"
214884,Unknown,
214887,ISP,Internet Service Provider (ISP)|Computer and Information Technology
214888,Other,"Media, Publishing, and Broadcasting"
51051,ISP,Not Validating RPKI ROV|Internet Service Provider (ISP)|Computer and Information Technology|Government
214891,ISP,Personal ASN|Computer and Information Technology|Internet Service Provider (ISP)
51054,ISP,Eyeball|Not Validating RPKI ROV|Internet Service Provider (ISP)|Computer and Information Technology
51067,ISP,Not Validating RPKI ROV|Finance and Insurance|Software Development|Computer and Information Technology
51070,ISP,Not Validating RPKI ROV|Internet Service Provider (ISP)|Computer and Information Technology|Eyeball
51071,ISP,Internet Service Provider (ISP)|Computer and Information Technology
51076,Other,Electronics and Computer Components|Manufacturing
51077,ISP,Eyeball|Not Validating RPKI ROV|Radio and Television Providers|Buildings (Residential or Commercial)
51081,ISP,"Not Validating RPKI ROV|Internet Service Provider (ISP)|Passenger Transit (Car, Bus, Taxi, Subway)|Trucking"
51084,Enterprise,"Media, Publishing, and Broadcasting|Construction and Real Estate|Buildings (Residential or Commercial)|Print Media (Newspapers, Magazines, Books)"
51086,Other,"Not Validating RPKI ROV|Freight, Shipment, and Postal Services|Computer and Information Technology|Print Media (Newspapers, Magazines, Books)"
51092,ISP,Service|Computer and Information Technology|Hosting and Cloud Provider|Internet Service Provider (ISP)
51093,ISP,Computer and Information Technology|Internet Service Provider (ISP)
214951,ISP,Internet Service Provider (ISP)|Computer and Information Technology
51112,ISP,Not Validating RPKI ROV|Internet Service Provider (ISP)|Computer and Information Technology
51115,Other,"Anycast|Buildings (Residential or Commercial)|Retail Stores, Wholesale, and E-commerce Sites|Construction and Real Estate"
51116,ISP,Computer and Information Technology|Internet Service Provider (ISP)
51117,Other,Not Validating RPKI ROV|Chemical and Pharmaceutical Manufacturing|Manufacturing
51118,ISP,"Computer and Information Technology|Not Validating RPKI ROV|Media, Publishing, and Broadcasting|Music and Video Industry"
214956,Academic/Edu,Computer and Information Technology|Education and Research
51125,Other,"Utilities (Excluding Internet Service)|Real Estate (Residential and/or Commercial)|Freight, Shipment, and Postal Services|Retail Stores, Wholesale, and E-commerce Sites"
51133,ISP,"Not Validating RPKI ROV|Computer and Information Technology|Construction and Real Estate|Print Media (Newspapers, Magazines, Books)"
214975,Unknown,
51136,Other,"Not Validating RPKI ROV|Banks, Credit Card Companies, Mortgage Providers|Finance and Insurance|Investment, Portfolio Management, Pensions and Funds"
51138,Other,Community Groups and Nonprofits
51145,Other,"Manufacturing|Retail Stores, Wholesale, and E-commerce Sites"
51147,ISP,"Utilities (Excluding Internet Service)|Retail Stores, Wholesale, and E-commerce Sites|Computer and Information Technology|Internet Service Provider (ISP)"
51153,Content/CDN,"Buildings, Repair, Maintenance (Pest Control, Landscaping, Cleaning, Locksmiths, Car Washes, etc)|Not Validating RPKI ROV|Computer and Information Technology|Media, Publishing, and Broadcasting"
51156,ISP,"Not Validating RPKI ROV|Computer and Information Technology|Freight, Shipment, and Postal Services|Construction and Real Estate"
51158,ISP,"Not Validating RPKI ROV|Computer and Information Technology|Retail Stores, Wholesale, and E-commerce Sites|Internet Service Provider (ISP)"
51165,Other,"Not Validating RPKI ROV|Agriculture, Mining, and Refineries (Farming, Greenhouses, Mining, Forestry, and Animal Farming)|Manufacturing|Utilities (Excluding Internet Service)"
215013,ISP,"Law, Business, and Consulting Services|Internet Service Provider (ISP)|Hosting and Cloud Provider|Computer and Information Technology"
51178,ISP,Internet Service Provider (ISP)|Computer and Information Technology
51181,Academic/Edu,"Not Validating RPKI ROV|Education and Research|Elementary and Secondary Schools|Colleges, Universities, and Professional Schools"
51183,ISP,"Computer and Information Technology|Retail Stores, Wholesale, and E-commerce Sites|Internet Service Provider (ISP)|Software Development"
51186,Other,"Media, Publishing, and Broadcasting|Online Informational Content"
51190,Eyeball,"Libraries and Archives|Not Validating RPKI ROV|Museums, Libraries, and Entertainment|Service"
215031,Academic/Edu,Education and Research
215032,ISP,Internet Service Provider (ISP)|Computer and Information Technology
51193,Other,"Not Validating RPKI ROV|Finance and Insurance|Banks, Credit Card Companies, Mortgage Providers"
215037,Enterprise,"Computer and Information Technology|Service|Law, Business, and Consulting Services"
51199,Other,"Print Media (Newspapers, Magazines, Books)|Retail Stores, Wholesale, and E-commerce Sites|Food, Grocery, Beverages|Media, Publishing, and Broadcasting"
51200,ISP,Eyeball|Not Validating RPKI ROV|Internet Service Provider (ISP)|Computer and Information Technology
51209,Other,"Retail Stores, Wholesale, and E-commerce Sites|Clothing and Textiles|Manufacturing|Clothing, Fashion, Luggage"
51211,Content/CDN,Not Validating RPKI ROV|Computer and Information Technology|Hosting and Cloud Provider
51213,Other,"Retail Stores, Wholesale, and E-commerce Sites"
51214,ISP,Not Validating RPKI ROV|Internet Service Provider (ISP)|Computer and Information Technology
215055,Other,Service
51218,Content/CDN,Computer and Information Technology|Software Development|Hosting and Cloud Provider|Service
51219,Enterprise,"Service|Validating RPKI ROV|Computer and Information Technology|Law, Business, and Consulting Services"
51226,ISP,"Buildings, Repair, Maintenance (Pest Control, Landscaping, Cleaning, Locksmiths, Car Washes, etc)|Computer and Information Technology|Law, Business, and Consulting Services|Internet Service Provider (ISP)"
51229,ISP,"Computer and Information Technology|Retail Stores, Wholesale, and E-commerce Sites|Hosting and Cloud Provider|Internet Service Provider (ISP)"
51230,Other,"Radio and Television Providers|Not Validating RPKI ROV|Media, Publishing, and Broadcasting|Print Media (Newspapers, Magazines, Books)"
215070,Other,"Retail Stores, Wholesale, and E-commerce Sites|Clothing, Fashion, Luggage"
51234,ISP,Eyeball|Not Validating RPKI ROV|Computer and Information Technology|Internet Service Provider (ISP)
215074,ISP,Computer and Information Technology|Internet Service Provider (ISP)
215077,ISP,"Media, Publishing, and Broadcasting|Internet Service Provider (ISP)|Computer and Information Technology"
51238,Other,"Retail Stores, Wholesale, and E-commerce Sites|Clothing and Textiles|Manufacturing|Clothing, Fashion, Luggage"
51245,Academic/Edu,Manufacturing|Education and Research|Service|Electronics and Computer Components
215092,Other,"Media, Publishing, and Broadcasting"
51255,Enterprise,"Computer and Information Technology|Service|Law, Business, and Consulting Services"
51256,Other,"Construction and Real Estate|Civil Engineering Construction (Utility Lines, Roads and Bridges)|Buildings (Residential or Commercial)|Agriculture, Mining, and Refineries (Farming, Greenhouses, Mining, Forestry, and Animal Farming)"
215096,Content/CDN,Software Development|Computer and Information Technology|Server Hosting
215098,Unknown,
215103,Content/CDN,Server Hosting
215106,ISP,Computer and Information Technology|Internet Service Provider (ISP)
215109,Other,"Media, Publishing, and Broadcasting"
51271,Enterprise,"Law, Business, and Consulting Services|Service|Media, Publishing, and Broadcasting|Print Media (Newspapers, Magazines, Books)"
215115,Other,Computer and Information Technology
215116,ISP,Computer and Information Technology|Internet Service Provider (ISP)
51281,ISP,Computer and Information Technology|Phone Provider|Internet Service Provider (ISP)
215121,Enterprise,"Service|Law, Business, and Consulting Services"
51285,Enterprise,"Computer and Information Technology|Law, Business, and Consulting Services|Service"
51288,Other,"Buildings (Residential or Commercial)|Museums, Libraries, and Entertainment|Civil Engineering Construction (Utility Lines, Roads and Bridges)|Media, Publishing, and Broadcasting"
51289,Other,"Computer and Information Technology|Software Development|Retail Stores, Wholesale, and E-commerce Sites"
51291,Enterprise,"Not Validating RPKI ROV|Construction and Real Estate|Retail Stores, Wholesale, and E-commerce Sites|Computer and Information Technology"
51292,Other,"Not Validating RPKI ROV|Print Media (Newspapers, Magazines, Books)|Media, Publishing, and Broadcasting|Online Informational Content"
51293,ISP,Internet Service Provider (ISP)|Computer and Information Technology
51298,ISP,Computer and Information Technology|Internet Service Provider (ISP)
51309,Other,"Buildings (Residential or Commercial)|Media, Publishing, and Broadcasting|Online Informational Content|Finance and Insurance"
51316,ISP,"Software Development|Civil Engineering Construction (Utility Lines, Roads and Bridges)|Construction and Real Estate|Hosting and Cloud Provider"
51317,Enterprise,"Service|Law, Business, and Consulting Services"
215167,ISP,Computer and Information Technology|Internet Service Provider (ISP)
215170,Government,"Government and Public Administration|Law Enforcement, Public Safety, and Justice"
51334,Academic/Edu,"Not Validating RPKI ROV|Education and Research|Retail Stores, Wholesale, and E-commerce Sites|Research and Development Organizations"
51339,Other,"Buildings (Residential or Commercial)|Construction and Real Estate|Civil Engineering Construction (Utility Lines, Roads and Bridges)"
215179,Other,Manufacturing|Electronics and Computer Components
51341,ISP,"Eyeball|Not Validating RPKI ROV|Internet Service Provider (ISP)|Clothing, Fashion, Luggage"
215182,Other,"Museums, Libraries, and Entertainment"
51343,ISP,Eyeball|Not Validating RPKI ROV|Internet Service Provider (ISP)|Computer and Information Technology
51348,Other,"Real Estate (Residential and/or Commercial)|Buildings (Residential or Commercial)|Civil Engineering Construction (Utility Lines, Roads and Bridges)|Construction and Real Estate"
51352,Eyeball,"Eyeball|Not Validating RPKI ROV|Colleges, Universities, and Professional Schools|Education and Research"
51360,Other,"Not Validating RPKI ROV|Finance and Insurance|Banks, Credit Card Companies, Mortgage Providers"
215206,ISP,Computer and Information Technology|Internet Service Provider (ISP)
51369,ISP,Electronics and Computer Components|Internet Service Provider (ISP)|Computer and Information Technology|Manufacturing
51372,Content/CDN,Not Validating RPKI ROV|Service|Hosting and Cloud Provider|Software Development
51376,Content/CDN,Hosting and Cloud Provider|Software Development|Research and Development Organizations|Computer and Information Technology
51384,Enterprise,"Service|Software Development|Media, Publishing, and Broadcasting|Retail Stores, Wholesale, and E-commerce Sites"
215226,Other,Computer and Information Technology|Search
51389,Other,"Manufacturing|Electronics and Computer Components|Retail Stores, Wholesale, and E-commerce Sites"
51397,Other,"Not Validating RPKI ROV|Agriculture, Mining, and Refineries (Farming, Greenhouses, Mining, Forestry, and Animal Farming)|Construction and Real Estate|Chemical and Pharmaceutical Manufacturing"
215244,Other,Air Travel|Travel and Accommodation
215247,ISP,Computer and Information Technology|Internet Service Provider (ISP)
51408,ISP,Internet Service Provider (ISP)|Computer and Information Technology
51410,ISP,Eyeball|Hosting and Cloud Provider|Software Development|Service
51416,ISP,Not Validating RPKI ROV|Internet Service Provider (ISP)|Computer and Information Technology
215257,Content/CDN,"Hosting, Cloud Provider, Data Center, Server Colocation|Computer and Information Technology"
51418,Other,"Finance and Insurance|Banks, Credit Card Companies, Mortgage Providers"
51419,Content/CDN,Service|Hosting and Cloud Provider|Software Development|Computer and Information Technology
215259,Other,"Museums, Libraries, and Entertainment"
51428,ISP,Not Validating RPKI ROV|Computer and Information Technology|Internet Service Provider (ISP)|Eyeball
51437,Unknown,
215279,Unknown,
51442,ISP,"Internet Service Provider (ISP)|Retail Stores, Wholesale, and E-commerce Sites|Civil Engineering Construction (Utility Lines, Roads and Bridges)|Computer and Information Technology"
51443,Other,"Retail Stores, Wholesale, and E-commerce Sites|Manufacturing|Electronics and Computer Components"
51444,ISP,Trucking|Internet Service Provider (ISP)|Hosting and Cloud Provider|Computer and Information Technology
51446,ISP,Eyeball|Not Validating RPKI ROV|Computer and Information Technology|Internet Service Provider (ISP)
51448,ISP,Not Validating RPKI ROV|Hosting and Cloud Provider|Computer and Information Technology|Internet Service Provider (ISP)
215289,Content/CDN,"Hosting, Cloud Provider, Data Center, Server Colocation|Computer and Information Technology"
215290,Other,"IPv6 only|Media, Publishing, and Broadcasting"
51456,ISP,"Not Validating RPKI ROV|Hosting and Cloud Provider|Computer and Information Technology|Retail Stores, Wholesale, and E-commerce Sites"
215302,ISP,Computer and Information Technology|Internet Service Provider (ISP)
51464,ISP,Manufacturing|Internet Service Provider (ISP)|Electronics and Computer Components|Machinery
215307,Content/CDN,"Computer and Information Technology|Hosting, Cloud Provider, Data Center, Server Colocation"
51470,Other,"Manufacturing|Chemical and Pharmaceutical Manufacturing|Retail Stores, Wholesale, and E-commerce Sites"
51471,Enterprise,"Real Estate (Residential and/or Commercial)|Law, Business, and Consulting Services|Construction and Real Estate|Retail Stores, Wholesale, and E-commerce Sites"
51472,Other,"Online Informational Content|Media, Publishing, and Broadcasting|Print Media (Newspapers, Magazines, Books)|Retail Stores, Wholesale, and E-commerce Sites"
215314,Content/CDN,"Server Hosting|Computer and Information Technology|Hosting, Cloud Provider, Data Center, Server Colocation"
51477,ISP,"Eyeball|Not Validating RPKI ROV|Retail Stores, Wholesale, and E-commerce Sites|Construction and Real Estate"
51478,ISP,Not Validating RPKI ROV|Internet Service Provider (ISP)|Computer and Information Technology
51488,Other,Not Validating RPKI ROV|Construction and Real Estate
215330,Eyeball,"Computer and Information Technology|Hosting, Cloud Provider, Data Center, Server Colocation|IPv6 only|Eyeball"
51494,Other,"Real Estate (Residential and/or Commercial)|Construction and Real Estate|Manufacturing|Retail Stores, Wholesale, and E-commerce Sites"
51506,ISP,"Not Validating RPKI ROV|Finance and Insurance|Law, Business, and Consulting Services|Construction and Real Estate"
51507,ISP,Not Validating RPKI ROV|Service|Computer and Information Technology|Education and Research
215346,Content/CDN,"Manufacturing|Electronics and Computer Components|Hosting, Cloud Provider, Data Center, Server Colocation|Computer and Information Technology"
215349,Unknown,
51511,ISP,Internet Service Provider (ISP)|Computer and Information Technology|Eyeball
51515,ISP,Eyeball|Not Validating RPKI ROV|Internet Service Provider (ISP)|Computer and Information Technology
51518,ISP,Not Validating RPKI ROV|Computer and Information Technology|Internet Service Provider (ISP)
51520,ISP,"Internet Service Provider (ISP)|Computer and Information Technology|Media, Publishing, and Broadcasting|Radio and Television Providers"
51522,ISP,Eyeball|Not Validating RPKI ROV|Finance and Insurance|Computer and Information Technology
51523,Academic/Edu,Education and Research|Elementary and Secondary Schools
51525,Content/CDN,Not Validating RPKI ROV|Hosting and Cloud Provider|Computer and Information Technology
51532,Other,"Retail Stores, Wholesale, and E-commerce Sites"
51536,Other,Community Groups and Nonprofits
215376,ISP,Computer and Information Technology|Internet Service Provider (ISP)
51538,Other,"Civil Engineering Construction (Utility Lines, Roads and Bridges)|Buildings (Residential or Commercial)|Construction and Real Estate"
51543,ISP,Internet Service Provider (ISP)|Computer and Information Technology|Eyeball
51547,ISP,Eyeball|Not Validating RPKI ROV|Internet Service Provider (ISP)|Computer and Information Technology
215394,Other,Finance and Insurance
51562,ISP,Not Validating RPKI ROV|Computer and Information Technology|Internet Service Provider (ISP)
215402,ISP,Computer and Information Technology|Internet Service Provider (ISP)
51570,ISP,Eyeball|Not Validating RPKI ROV|Internet Service Provider (ISP)|Music and Video Industry
51578,Other,"Not Validating RPKI ROV|Buildings (Residential or Commercial)|Civil Engineering Construction (Utility Lines, Roads and Bridges)|Freight, Shipment, and Postal Services"
51579,ISP,Eyeball|Not Validating RPKI ROV|Internet Service Provider (ISP)|Radio and Television Providers
51583,ISP,Internet Service Provider (ISP)|Not Validating RPKI ROV|Computer and Information Technology|Construction and Real Estate
215425,Academic/Edu,"Education and Research|Service|Law, Business, and Consulting Services"
51592,ISP,"Eyeball|Civil Engineering Construction (Utility Lines, Roads and Bridges)|Construction and Real Estate|Internet Service Provider (ISP)"
51593,Content/CDN,"Buildings (Residential or Commercial)|Freight, Shipment, and Postal Services|Hosting and Cloud Provider|Computer and Information Technology"
51596,ISP,Computer and Information Technology|Not Validating RPKI ROV|Internet Service Provider (ISP)
215438,ISP,Internet Service Provider (ISP)|Computer and Information Technology|Hosting and Cloud Provider
51599,Other,"Buildings (Residential or Commercial)|Civil Engineering Construction (Utility Lines, Roads and Bridges)|Construction and Real Estate|Retail Stores, Wholesale, and E-commerce Sites"
51600,Other,"Finance and Insurance|Banks, Credit Card Companies, Mortgage Providers"
215443,Academic/Edu,"Colleges, Universities, and Professional Schools|Education and Research"
51604,ISP,Eyeball|Not Validating RPKI ROV|Music and Video Industry|Internet Service Provider (ISP)
215445,ISP,Internet Service Provider (ISP)|Computer and Information Technology
51607,ISP,Computer and Information Technology|Internet Service Provider (ISP)
51612,ISP,"Not Validating RPKI ROV|Retail Stores, Wholesale, and E-commerce Sites|Food, Grocery, Beverages|Internet Service Provider (ISP)"
51613,ISP,Not Validating RPKI ROV|Utilities (Excluding Internet Service)|Internet Service Provider (ISP)|Water Supply and Irrigation
215455,ISP,Computer and Information Technology|Internet Service Provider (ISP)
215456,Unknown,
215457,Enterprise,"Service|Computer and Information Technology|Law, Business, and Consulting Services|Technology Consulting Services"
51623,Other,"Manufacturing|Chemical and Pharmaceutical Manufacturing|Retail Stores, Wholesale, and E-commerce Sites|Electronics and Computer Components"
51624,ISP,Not Validating RPKI ROV|Internet Service Provider (ISP)|Computer and Information Technology|Eyeball
51628,Other,"Media, Publishing, and Broadcasting"
215469,Content/CDN,"Hosting, Cloud Provider, Data Center, Server Colocation|Computer and Information Technology"
51631,ISP,Internet Service Provider (ISP)|Computer and Information Technology
51633,Other,"Manufacturing|Utilities (Excluding Internet Service)|Passenger Transit (Car, Bus, Taxi, Subway)|Natural Gas Distribution"
51635,Other,"Manufacturing|Not Validating RPKI ROV|Print Media (Newspapers, Magazines, Books)|Media, Publishing, and Broadcasting"
51638,ISP,Internet Service Provider (ISP)|Computer and Information Technology
51639,Other,"Banks, Credit Card Companies, Mortgage Providers|Finance and Insurance"
51641,ISP,Finance and Insurance|Insurance Carriers and Agencies
51642,Other,"Banks, Credit Card Companies, Mortgage Providers|Finance and Insurance"
51645,ISP,"Eyeball|Computer and Information Technology|Music and Video Industry|Media, Publishing, and Broadcasting"
51655,Eyeball,Eyeball|Not Validating RPKI ROV|Computer and Information Technology|Construction and Real Estate
215498,ISP,"Law, Business, and Consulting Services|Computer and Information Technology|Internet Service Provider (ISP)|Service"
51659,ISP,Eyeball|Not Validating RPKI ROV|Hosting and Cloud Provider|Internet Service Provider (ISP)
51663,Enterprise,"Service|Chemical and Pharmaceutical Manufacturing|Media, Publishing, and Broadcasting|Retail Stores, Wholesale, and E-commerce Sites"
215503,ISP,Internet Service Provider (ISP)|Computer and Information Technology
51665,ISP,"Computer and Information Technology|Software Development|Retail Stores, Wholesale, and E-commerce Sites|Internet Service Provider (ISP)"
51666,ISP,Computer and Information Technology|Internet Service Provider (ISP)
51667,Other,"Not Validating RPKI ROV|Construction and Real Estate|Civil Engineering Construction (Utility Lines, Roads and Bridges)|Buildings (Residential or Commercial)"
51668,Enterprise,"Law, Business, and Consulting Services|Construction and Real Estate|Service|Real Estate (Residential and/or Commercial)"
51669,ISP,Eyeball|Not Validating RPKI ROV|Hosting and Cloud Provider|Computer and Information Technology
215519,Other,"Finance and Insurance|Banks, Credit Card Companies, Mortgage Providers|Content"
51680,Other,"Freight, Shipment, and Postal Services|Retail Stores, Wholesale, and E-commerce Sites|Food, Grocery, Beverages"
51685,ISP,Eyeball|Not Validating RPKI ROV|Internet Service Provider (ISP)|Computer and Information Technology
51686,Other,"Service|Retail Stores, Wholesale, and E-commerce Sites"
51690,Academic/Edu,"Software Development|Education and Research|Service|Buildings, Repair, Maintenance (Pest Control, Landscaping, Cleaning, Locksmiths, Car Washes, etc)"
215534,ISP,"Hosting and Cloud Provider|Software Development|Retail Stores, Wholesale, and E-commerce Sites|Computer and Information Technology"
51698,Content/CDN,VPN Host|Computer and Information Technology|Hosting and Cloud Provider
215539,ISP,Computer and Information Technology|Internet Service Provider (ISP)
51700,Other,"Food, Beverage, and Tobacco|Manufacturing|Retail Stores, Wholesale, and E-commerce Sites"
51705,ISP,Internet Service Provider (ISP)|Not Validating RPKI ROV|Computer and Information Technology
51715,Other,"Not Validating RPKI ROV|Freight, Shipment, and Postal Services|Retail Stores, Wholesale, and E-commerce Sites|Construction and Real Estate"
51716,Other,"Agriculture, Mining, and Refineries (Farming, Greenhouses, Mining, Forestry, and Animal Farming)|Service"
51721,Other,"Finance and Insurance|Banks, Credit Card Companies, Mortgage Providers"
51723,Other,"Finance and Insurance|Investment, Portfolio Management, Pensions and Funds"
51724,Content/CDN,Hosting and Cloud Provider|Computer and Information Technology
51730,Content/CDN,Hosting and Cloud Provider|Computer and Information Technology
215572,Other,"Media, Publishing, and Broadcasting"
51740,ISP,Computer and Information Technology|Not Validating RPKI ROV|Internet Service Provider (ISP)|Hosting and Cloud Provider
215584,Enterprise,"Computer and Information Technology|Law, Business, and Consulting Services|Service|Technology Consulting Services"
51748,ISP,Not Validating RPKI ROV|Insurance Carriers and Agencies|Finance and Insurance
215589,ISP,Internet Service Provider (ISP)|Computer and Information Technology
215591,ISP,Internet Service Provider (ISP)|Hosting and Cloud Provider|Computer and Information Technology
51756,Eyeball,"Civil Engineering Construction (Utility Lines, Roads and Bridges)|Construction and Real Estate|Buildings (Residential or Commercial)|Retail Stores, Wholesale, and E-commerce Sites"
215601,ISP,Computer and Information Technology|Internet Service Provider (ISP)
51764,ISP,"Eyeball|Not Validating RPKI ROV|Civil Engineering Construction (Utility Lines, Roads and Bridges)|Computer and Information Technology"
51771,Other,"Finance and Insurance|Banks, Credit Card Companies, Mortgage Providers"
215613,Enterprise,"Service|Law, Business, and Consulting Services"
51780,Academic/Edu,"Chemical and Pharmaceutical Manufacturing|Print Media (Newspapers, Magazines, Books)|Media, Publishing, and Broadcasting|Freight, Shipment, and Postal Services"
51781,Other,"Retail Stores, Wholesale, and E-commerce Sites"
51783,Enterprise,"Buildings, Repair, Maintenance (Pest Control, Landscaping, Cleaning, Locksmiths, Car Washes, etc)|Not Validating RPKI ROV|Service|Law, Business, and Consulting Services"
215623,Other,"Media, Publishing, and Broadcasting"
51789,ISP,"Internet Service Provider (ISP)|Media, Publishing, and Broadcasting|Computer and Information Technology|Print Media (Newspapers, Magazines, Books)"
215632,ISP,Internet Service Provider (ISP)|Computer and Information Technology
215634,Enterprise,"Service|Law, Business, and Consulting Services"
51804,Government,"Government and Public Administration|Government and Regulatory Agencies, Administrations, Departments, and Services"
215646,Unknown,
51811,Enterprise,"Law, Business, and Consulting Services|Finance and Insurance|Banks, Credit Card Companies, Mortgage Providers|Service"
51812,ISP,"Eyeball|Not Validating RPKI ROV|Retail Stores, Wholesale, and E-commerce Sites|Construction and Real Estate"
51813,ISP,Computer and Information Technology|Eyeball|Home ISP|Internet Service Provider (ISP)
215654,Unknown,
51819,ISP,Eyeball|Not Validating RPKI ROV|Computer and Information Technology|Internet Service Provider (ISP)
51831,Other,"Not Validating RPKI ROV|Retail Stores, Wholesale, and E-commerce Sites|Museums, Historical Sites, Zoos, Nature Parks|Print Media (Newspapers, Magazines, Books)"
51836,ISP,"Hosting and Cloud Provider|Retail Stores, Wholesale, and E-commerce Sites|Internet Service Provider (ISP)|Computer and Information Technology"
51838,Other,Manufacturing|Service
215678,Other,"Media, Publishing, and Broadcasting"
51842,ISP,Not Validating RPKI ROV|Internet Service Provider (ISP)|Software Development|Hosting and Cloud Provider
215688,Other,"Freight, Shipment, and Postal Services"
51860,Other,"Not Validating RPKI ROV|Travel and Accommodation|Museums, Libraries, and Entertainment|Museums, Historical Sites, Zoos, Nature Parks"
215705,Unknown,
51869,Academic/Edu,"Elementary and Secondary Schools|Colleges, Universities, and Professional Schools|Agriculture, Mining, and Refineries (Farming, Greenhouses, Mining, Forestry, and Animal Farming)|Health Care Services"
51880,ISP,Not Validating RPKI ROV|Computer and Information Technology|Internet Service Provider (ISP)|Eyeball
215721,ISP,Computer and Information Technology|Internet Service Provider (ISP)
51882,Government,"Retail Stores, Wholesale, and E-commerce Sites|Food, Grocery, Beverages|Government"
51883,ISP,Not Validating RPKI ROV|Internet Service Provider (ISP)|Computer and Information Technology
51884,ISP,Internet Service Provider (ISP)|Construction and Real Estate|Computer and Information Technology|Real Estate (Residential and/or Commercial)
51891,ISP,Not Validating RPKI ROV|Internet Service Provider (ISP)|Computer and Information Technology|Eyeball
51892,ISP,Eyeball|Not Validating RPKI ROV|Computer and Information Technology|Internet Service Provider (ISP)
51893,ISP,"Print Media (Newspapers, Magazines, Books)|Law, Business, and Consulting Services|Museums, Libraries, and Entertainment|Service"
51904,ISP,Eyeball|Not Validating RPKI ROV|Internet Service Provider (ISP)|Computer and Information Technology
215745,Other,"Museums, Libraries, and Entertainment"
215751,Unknown,
51912,Government,"Media, Publishing, and Broadcasting|Computer and Information Technology|Community Groups and Nonprofits|Human Rights and Social Advocacy (Human Rights, Environment and Wildlife Conservation, Other)"
51916,ISP,Internet Service Provider (ISP)|Computer and Information Technology
51919,Enterprise,"Software Development|Manufacturing|Law, Business, and Consulting Services|Service"
51921,ISP,"Not Validating RPKI ROV|Retail Stores, Wholesale, and E-commerce Sites|Computer and Information Technology|Internet Service Provider (ISP)"
51932,ISP,"Print Media (Newspapers, Magazines, Books)|Boarding Houses, Dormitories, Workers’ Camps|Hotels, Motels, Inns, Other Traveler Accommodation|Utilities (Excluding Internet Service)"
51951,ISP,"Internet Service Provider (ISP)|Media, Publishing, and Broadcasting|Computer and Information Technology|Software Development"
51952,Content/CDN,Not Validating RPKI ROV|Computer and Information Technology|Hosting and Cloud Provider
215796,ISP,Internet Service Provider (ISP)|Computer and Information Technology
51957,ISP,Computer and Information Technology|Internet Service Provider (ISP)
215805,Other,Computer and Information Technology|IPv6 only
215809,Unknown,
215810,Other,Service
51971,Enterprise,"Banks, Credit Card Companies, Mortgage Providers|Finance and Insurance|Computer and Information Technology|Freight, Shipment, and Postal Services"
215811,ISP,Computer and Information Technology|Internet Service Provider (ISP)
51973,Eyeball,"Eyeball|Not Validating RPKI ROV|Buildings, Repair, Maintenance (Pest Control, Landscaping, Cleaning, Locksmiths, Car Washes, etc)|Civil Engineering Construction (Utility Lines, Roads and Bridges)"
51974,Content/CDN,"Hosting and Cloud Provider|Software Development|Computer and Information Technology|Buildings, Repair, Maintenance (Pest Control, Landscaping, Cleaning, Locksmiths, Car Washes, etc)"
51977,Content/CDN,"Computer and Information Technology|Buildings, Repair, Maintenance (Pest Control, Landscaping, Cleaning, Locksmiths, Car Washes, etc)|Service|Hosting and Cloud Provider"
215818,Enterprise,"Service|Electronics and Computer Components|Law, Business, and Consulting Services|Manufacturing"
51981,Other,"Banks, Credit Card Companies, Mortgage Providers|Finance and Insurance|Computer and Information Technology|Investment, Portfolio Management, Pensions and Funds"
51991,ISP,"Not Validating RPKI ROV|Retail Stores, Wholesale, and E-commerce Sites|Internet Service Provider (ISP)|Computer and Information Technology"
51994,Other,"Food, Grocery, Beverages|Service|Metal, Glass, Wood, and Paper Manufacturing|Retail Stores, Wholesale, and E-commerce Sites"
51998,Other,Construction and Real Estate|Real Estate (Residential and/or Commercial)
52002,Content/CDN,Hosting and Cloud Provider|Software Development|Service|Computer and Information Technology
52006,Other,"Buildings (Residential or Commercial)|Civil Engineering Construction (Utility Lines, Roads and Bridges)|Construction and Real Estate"
52007,Content/CDN,"Service|Computer and Information Technology|Law, Business, and Consulting Services|Buildings, Repair, Maintenance (Pest Control, Landscaping, Cleaning, Locksmiths, Car Washes, etc)"
52008,ISP,Eyeball|Not Validating RPKI ROV|Internet Service Provider (ISP)|Computer and Information Technology
52010,ISP,"Not Validating RPKI ROV|Retail Stores, Wholesale, and E-commerce Sites|Internet Service Provider (ISP)|Computer and Information Technology"
215851,ISP,Computer and Information Technology|Internet Service Provider (ISP)
52015,ISP,Eyeball|Computer and Information Technology|Internet Service Provider (ISP)|Home ISP
52016,Content/CDN,Tranco 10k Host|Education and Research|Service|Hosting and Cloud Provider
52022,Other,"Retail Stores, Wholesale, and E-commerce Sites|Not Validating RPKI ROV|Clothing, Fashion, Luggage"
52027,Other,"Computer and Information Technology|Buildings, Repair, Maintenance (Pest Control, Landscaping, Cleaning, Locksmiths, Car Washes, etc)|Service"
52028,Other,"Buildings (Residential or Commercial)|Construction and Real Estate|Civil Engineering Construction (Utility Lines, Roads and Bridges)|Retail Stores, Wholesale, and E-commerce Sites"
52040,ISP,Construction and Real Estate|Not Validating RPKI ROV|Buildings (Residential or Commercial)|Eyeball
215881,Other,Software Development|Computer and Information Technology
215882,ISP,Computer and Information Technology|Internet Service Provider (ISP)
52043,ISP,"Eyeball|Not Validating RPKI ROV|Civil Engineering Construction (Utility Lines, Roads and Bridges)|Retail Stores, Wholesale, and E-commerce Sites"
52046,Other,"Electric Power Generation, Transmission, Distribution|Utilities (Excluding Internet Service)"
52047,Other,"Not Validating RPKI ROV|Retail Stores, Wholesale, and E-commerce Sites|Freight, Shipment, and Postal Services"
52052,ISP,"Media, Publishing, and Broadcasting|Computer and Information Technology|Law, Business, and Consulting Services|Print Media (Newspapers, Magazines, Books)"
215895,Enterprise,"Service|Law, Business, and Consulting Services"
215897,Enterprise,"Software Development|Service|Law, Business, and Consulting Services|Computer and Information Technology"
52060,ISP,Internet Service Provider (ISP)|Not Validating RPKI ROV|Computer and Information Technology
52062,ISP,"Media, Publishing, and Broadcasting|Computer and Information Technology|Print Media (Newspapers, Magazines, Books)|Internet Service Provider (ISP)"
52069,Other,"Construction and Real Estate|Civil Engineering Construction (Utility Lines, Roads and Bridges)|Trucking|Water Transportation"
215921,Other,Service
215924,Other,"Retail Stores, Wholesale, and E-commerce Sites"
52085,Academic/Edu,"Construction and Real Estate|Education and Research|Civil Engineering Construction (Utility Lines, Roads and Bridges)|Buildings (Residential or Commercial)"
52086,Eyeball,"Service|Chemical and Pharmaceutical Manufacturing|Automotive and Transportation|Retail Stores, Wholesale, and E-commerce Sites"
52090,Other,"Computer and Information Technology|Finance and Insurance|Banks, Credit Card Companies, Mortgage Providers"
52091,ISP,Carrier|Computer and Information Technology|Internet Service Provider (ISP)
52094,ISP,Not Validating RPKI ROV|Internet Service Provider (ISP)|Hosting and Cloud Provider|Computer and Information Technology
52096,Other,Manufacturing|Chemical and Pharmaceutical Manufacturing|Construction and Real Estate|Buildings (Residential or Commercial)
215943,Other,Computer and Information Technology|Satellite Communication
52104,ISP,"Museums, Libraries, and Entertainment|Internet Service Provider (ISP)|Real Estate (Residential and/or Commercial)|Construction and Real Estate"
215944,Other,Computer and Information Technology|Computer and Network Security
52107,ISP,Computer and Information Technology|Internet Service Provider (ISP)
52108,Academic/Edu,"Elementary and Secondary Schools|Colleges, Universities, and Professional Schools|Education and Research"
215948,Content/CDN,"Hosting, Cloud Provider, Data Center, Server Colocation|Computer and Information Technology"
52118,ISP,"Museums, Libraries, and Entertainment|Internet Service Provider (ISP)|Computer and Information Technology"
52131,ISP,"Not Validating RPKI ROV|Civil Engineering Construction (Utility Lines, Roads and Bridges)|Service|Buildings, Repair, Maintenance (Pest Control, Landscaping, Cleaning, Locksmiths, Car Washes, etc)"
215979,Other,Manufacturing|Chemical and Pharmaceutical Manufacturing
52141,Other,"Machinery|Retail Stores, Wholesale, and E-commerce Sites|Freight, Shipment, and Postal Services|Chemical and Pharmaceutical Manufacturing"
215983,ISP,Internet Service Provider (ISP)|Computer and Information Technology|Software Development
52146,Academic/Edu,"Colleges, Universities, and Professional Schools|Construction and Real Estate|Agriculture, Mining, and Refineries (Farming, Greenhouses, Mining, Forestry, and Animal Farming)|Education and Research"
52156,Other,"Media, Publishing, and Broadcasting|Construction and Real Estate|Agriculture, Mining, and Refineries (Farming, Greenhouses, Mining, Forestry, and Animal Farming)|Chemical and Pharmaceutical Manufacturing"
215997,ISP,Computer and Information Technology|Internet Service Provider (ISP)
52163,ISP,"Retail Stores, Wholesale, and E-commerce Sites|Not Validating RPKI ROV|Civil Engineering Construction (Utility Lines, Roads and Bridges)|Internet Service Provider (ISP)"
52166,Other,"Agriculture, Mining, and Refineries (Farming, Greenhouses, Mining, Forestry, and Animal Farming)"
52168,Other,"Buildings, Repair, Maintenance (Pest Control, Landscaping, Cleaning, Locksmiths, Car Washes, etc)|Retail Stores, Wholesale, and E-commerce Sites|Freight, Shipment, and Postal Services|Service"
216011,Unknown,
52175,ISP,"Service|Law, Business, and Consulting Services|Eyeball|Clothing, Fashion, Luggage"
52184,Eyeball,"Agriculture, Mining, and Refineries (Farming, Greenhouses, Mining, Forestry, and Animal Farming)|Government|Eyeball"
216027,ISP,Internet Service Provider (ISP)|Computer and Information Technology
52193,ISP,Internet Service Provider (ISP)|Computer and Information Technology
52194,ISP,VPN Host|Not Validating RPKI ROV|Internet Service Provider (ISP)|Computer and Information Technology
216033,Eyeball,Eyeball
52197,ISP,"Not Validating RPKI ROV|Construction and Real Estate|Agriculture, Mining, and Refineries (Farming, Greenhouses, Mining, Forestry, and Animal Farming)|Computer and Information Technology"
52201,ISP,VPN Host|Computer and Information Technology|Internet Service Provider (ISP)
52205,Other,"Not Validating RPKI ROV|Retail Stores, Wholesale, and E-commerce Sites|Manufacturing|Food, Beverage, and Tobacco"
52207,ISP,Eyeball|Not Validating RPKI ROV|Internet Service Provider (ISP)|Computer and Information Technology
52208,Other,Not Validating RPKI ROV|Software Development|Computer and Information Technology
52217,ISP,Internet Service Provider (ISP)|Computer and Information Technology|Hosting and Cloud Provider|Computer and Network Security
52218,ISP,Internet Service Provider (ISP)|Computer and Information Technology
216057,ISP,Computer and Information Technology|Internet Service Provider (ISP)
52222,Other,"Not Validating RPKI ROV|Museums, Libraries, and Entertainment"
216062,Other,"Finance and Insurance|Banks, Credit Card Companies, Mortgage Providers"
216068,Other,"Service|Media, Publishing, and Broadcasting"
216080,Other,"Service|Buildings, Repair, Maintenance (Pest Control, Landscaping, Cleaning, Locksmiths, Car Washes, etc)"
216090,ISP,Internet Service Provider (ISP)|Computer and Information Technology
216103,Government,"Government and Public Administration|Government and Regulatory Agencies, Administrations, Departments, and Services"
216109,ISP,Computer and Information Technology|Internet Service Provider (ISP)
216119,ISP,Computer and Information Technology|Internet Service Provider (ISP)
216128,ISP,"Media, Publishing, and Broadcasting|Computer and Information Technology|Radio and Television Providers|Internet Service Provider (ISP)"
216140,ISP,Computer and Information Technology|Internet Service Provider (ISP)
216158,ISP,"Computer and Information Technology|Internet Service Provider (ISP)|Service|Media, Publishing, and Broadcasting"
216178,Other,Manufacturing|Phone Provider|Computer and Information Technology|Electronics and Computer Components
216185,ISP,Internet Service Provider (ISP)|Computer and Information Technology
216201,Other,Computer and Information Technology
216203,Other,Chemical and Pharmaceutical Manufacturing|Manufacturing
216214,Unknown,
216218,Other,Electronics and Computer Components|Manufacturing
216234,Other,Electronics and Computer Components|Manufacturing
216235,Other,Computer and Information Technology|Computer and Network Security
216236,Other,Computer and Information Technology
216246,Content/CDN,Content|Electronics and Computer Components|Computer and Information Technology|Manufacturing
216247,ISP,Internet Service Provider (ISP)|Computer and Information Technology
216248,Academic/Edu,Research and Development Organizations|Education and Research
216264,Academic/Edu,Computer and Information Technology|Education and Research|Search
216290,Other,"Banks, Credit Card Companies, Mortgage Providers|Finance and Insurance"
216317,ISP,"Computer and Information Technology|Law, Business, and Consulting Services|Internet Service Provider (ISP)|Service"
216322,Unknown,
216328,ISP,Computer and Information Technology|Internet Service Provider (ISP)
216332,ISP,"Internet Service Provider (ISP)|Hosting, Cloud Provider, Data Center, Server Colocation|Computer and Information Technology"
216334,Enterprise,"Technology Consulting Services|Service|Computer and Information Technology|Law, Business, and Consulting Services"
216335,ISP,Computer and Information Technology|Internet Service Provider (ISP)
216341,Other,Computer and Information Technology
216348,ISP,Internet Service Provider (ISP)|Computer and Information Technology
216363,ISP,Internet Service Provider (ISP)|Computer and Information Technology
216365,Other,Service
216366,ISP,"Buildings, Repair, Maintenance (Pest Control, Landscaping, Cleaning, Locksmiths, Car Washes, etc)|Computer and Information Technology|Service|Internet Service Provider (ISP)"
216368,ISP,Validating RPKI ROV|Internet Service Provider (ISP)|Computer and Information Technology
216377,Content/CDN,"Software Development|Retail Stores, Wholesale, and E-commerce Sites|Computer and Information Technology|Hosting and Cloud Provider"
216379,Unknown,
216423,ISP,Computer and Information Technology|Internet Service Provider (ISP)
216460,Unknown,
20483,ISP,Eyeball|Computer and Information Technology|Internet Service Provider (ISP)
20485,ISP,Eyeball|Validating RPKI ROV|Internet Service Provider (ISP)|Computer and Information Technology
20499,Enterprise,"Print Media (Newspapers, Magazines, Books)|Recreation, Sports, and Performing Arts|Service|Museums, Libraries, and Entertainment"
20519,ISP,Eyeball|Internet Service Provider (ISP)|Phone Provider|Computer and Information Technology
20527,ISP,"Not Validating RPKI ROV|Freight, Shipment, and Postal Services|Computer and Information Technology|Manufacturing"
20533,ISP,"Eyeball|Retail Stores, Wholesale, and E-commerce Sites|Computer and Information Technology|Construction and Real Estate"
20549,Academic/Edu,"Construction and Real Estate|Colleges, Universities, and Professional Schools|Education and Research|Buildings (Residential or Commercial)"
20576,ISP,"Not Validating RPKI ROV|Print Media (Newspapers, Magazines, Books)|Civil Engineering Construction (Utility Lines, Roads and Bridges)|Media, Publishing, and Broadcasting"
20597,ISP,"Service|Not Validating RPKI ROV|Media, Publishing, and Broadcasting|Retail Stores, Wholesale, and E-commerce Sites"
20611,ISP,Computer and Information Technology|Internet Service Provider (ISP)
20619,Other,"Retail Stores, Wholesale, and E-commerce Sites|Construction and Real Estate|Real Estate (Residential and/or Commercial)|Clothing, Fashion, Luggage"
20631,ISP,Computer and Information Technology|Internet Service Provider (ISP)
20632,ISP,Eyeball|Not Validating RPKI ROV|Computer and Information Technology|Internet Service Provider (ISP)
20655,ISP,Server Hosting|Internet Service Provider (ISP)|Computer and Information Technology
20663,ISP,Not Validating RPKI ROV|Computer and Information Technology|Internet Service Provider (ISP)
20688,ISP,Not Validating RPKI ROV|Internet Service Provider (ISP)|Computer and Information Technology|Eyeball
20690,Other,"Not Validating RPKI ROV|Agriculture, Mining, and Refineries (Farming, Greenhouses, Mining, Forestry, and Animal Farming)"
20698,ISP,Not Validating RPKI ROV|Internet Service Provider (ISP)|Computer and Information Technology
20702,Government,"Freight, Shipment, and Postal Services|Retail Stores, Wholesale, and E-commerce Sites|Government"
20720,ISP,Computer and Information Technology|Internet Service Provider (ISP)|Hosting and Cloud Provider|Service
20730,ISP,"Eyeball|Computer and Information Technology|Media, Publishing, and Broadcasting|Music and Video Industry"
20764,ISP,Carrier|Not Validating RPKI ROV|Internet Service Provider (ISP)|Computer and Information Technology
20772,Academic/Edu,"Not Validating RPKI ROV|Media, Publishing, and Broadcasting|Online Informational Content|Academic"
20793,Other,"Buildings, Repair, Maintenance (Pest Control, Landscaping, Cleaning, Locksmiths, Car Washes, etc)|Construction and Real Estate|Retail Stores, Wholesale, and E-commerce Sites|Service"
20807,ISP,"Eyeball|Not Validating RPKI ROV|Media, Publishing, and Broadcasting|Internet Service Provider (ISP)"
20817,Other,"Buildings, Repair, Maintenance (Pest Control, Landscaping, Cleaning, Locksmiths, Car Washes, etc)|Service"
20821,ISP,"Civil Engineering Construction (Utility Lines, Roads and Bridges)|Buildings (Residential or Commercial)|Internet Service Provider (ISP)|Computer and Information Technology"
20826,Other,"Construction and Real Estate|Real Estate (Residential and/or Commercial)|Buildings (Residential or Commercial)|Freight, Shipment, and Postal Services"
20848,ISP,"Radio and Television Providers|Online Informational Content|Internet Service Provider (ISP)|Media, Publishing, and Broadcasting"
20866,ISP,"Civil Engineering Construction (Utility Lines, Roads and Bridges)|Not Validating RPKI ROV|Construction and Real Estate|Internet Service Provider (ISP)"
20870,ISP,Eyeball|Not Validating RPKI ROV|Internet Service Provider (ISP)|Computer and Information Technology
20872,Other,"Finance and Insurance|Banks, Credit Card Companies, Mortgage Providers"
20895,ISP,"Computer and Information Technology|Not Validating RPKI ROV|Internet Service Provider (ISP)|Retail Stores, Wholesale, and E-commerce Sites"
20916,ISP,Computer and Information Technology|Internet Service Provider (ISP)|Hosting and Cloud Provider
20919,ISP,"Computer and Information Technology|Not Validating RPKI ROV|Buildings, Repair, Maintenance (Pest Control, Landscaping, Cleaning, Locksmiths, Car Washes, etc)|Manufacturing"
20946,ISP,"Retail Stores, Wholesale, and E-commerce Sites|Civil Engineering Construction (Utility Lines, Roads and Bridges)|Computer and Information Technology|Construction and Real Estate"
20985,ISP,Eyeball|Not Validating RPKI ROV|Computer and Information Technology|Internet Service Provider (ISP)
21017,ISP,Eyeball|Not Validating RPKI ROV|Internet Service Provider (ISP)|Computer and Information Technology
21020,Enterprise,"Food Services and Drinking Places|Law, Business, and Consulting Services|Retail Stores, Wholesale, and E-commerce Sites|Travel and Accommodation"
21023,Other,"Banks, Credit Card Companies, Mortgage Providers|Finance and Insurance"
21030,ISP,Anycast|Computer and Information Technology|Internet Service Provider (ISP)
21051,ISP,Tranco 10k Host|Computer and Information Technology|Internet Service Provider (ISP)
21087,ISP,Not Validating RPKI ROV|Computer and Information Technology|Internet Service Provider (ISP)|Eyeball
21103,ISP,Computer and Information Technology|Internet Service Provider (ISP)
21105,Other,"Retail Stores, Wholesale, and E-commerce Sites|Freight, Shipment, and Postal Services"
21127,ISP,"Eyeball|Not Validating RPKI ROV|Buildings (Residential or Commercial)|Civil Engineering Construction (Utility Lines, Roads and Bridges)"
21135,ISP,"Civil Engineering Construction (Utility Lines, Roads and Bridges)|Real Estate (Residential and/or Commercial)|Internet Service Provider (ISP)|Computer and Information Technology"
21140,ISP,Computer and Information Technology|Internet Service Provider (ISP)
21143,Eyeball,"Not Validating RPKI ROV|Education and Research|Colleges, Universities, and Professional Schools|Media, Publishing, and Broadcasting"
21166,ISP,Computer and Information Technology|Manufacturing|Internet Service Provider (ISP)|Electronics and Computer Components
21184,Other,"Retail Stores, Wholesale, and E-commerce Sites"
21191,ISP,Eyeball|Not Validating RPKI ROV|Internet Service Provider (ISP)|Computer and Information Technology
21226,ISP,Not Validating RPKI ROV|Internet Service Provider (ISP)|Computer and Information Technology
21231,Other,Travel and Accommodation|Air Travel
21252,Other,"Banks, Credit Card Companies, Mortgage Providers|Finance and Insurance"
21266,Other,"Retail Stores, Wholesale, and E-commerce Sites"
21275,Other,"Not Validating RPKI ROV|Manufacturing|Service|Metal, Glass, Wood, and Paper Manufacturing"
21289,ISP,Computer and Information Technology|Phone Provider|Internet Service Provider (ISP)
21292,Other,"Finance and Insurance|Banks, Credit Card Companies, Mortgage Providers"
21298,ISP,"Construction and Real Estate|Computer and Information Technology|Civil Engineering Construction (Utility Lines, Roads and Bridges)|Internet Service Provider (ISP)"
21311,ISP,"Computer and Information Technology|Media, Publishing, and Broadcasting|Music and Video Industry|Internet Service Provider (ISP)"
21314,Other,"Museums, Libraries, and Entertainment|Recreation, Sports, and Performing Arts|Retail Stores, Wholesale, and E-commerce Sites|Construction and Real Estate"
21332,ISP,Eyeball|Phone Provider|Computer and Information Technology|Internet Service Provider (ISP)
21335,ISP,Internet Service Provider (ISP)|Computer and Information Technology
21353,ISP,"Music and Video Industry|Not Validating RPKI ROV|Media, Publishing, and Broadcasting|Internet Service Provider (ISP)"
21365,ISP,Eyeball|Not Validating RPKI ROV|Internet Service Provider (ISP)|Computer and Information Technology
21367,ISP,Eyeball|Not Validating RPKI ROV|Computer and Information Technology|Internet Service Provider (ISP)
21372,ISP,Computer and Information Technology|Internet Service Provider (ISP)
21375,Other,"Banks, Credit Card Companies, Mortgage Providers|Finance and Insurance"
21378,ISP,Phone Provider|Not Validating RPKI ROV|Computer and Information Technology|Internet Service Provider (ISP)
21403,ISP,Computer and Information Technology|Internet Service Provider (ISP)
21416,Academic/Edu,"Retail Stores, Wholesale, and E-commerce Sites|Print Media (Newspapers, Magazines, Books)|Media, Publishing, and Broadcasting|Research and Development Organizations"
21418,ISP,"Civil Engineering Construction (Utility Lines, Roads and Bridges)|Internet Service Provider (ISP)|Computer and Information Technology|Construction and Real Estate"
21438,ISP,Eyeball|Not Validating RPKI ROV|Computer and Information Technology|Internet Service Provider (ISP)
21442,ISP,"Computer and Information Technology|Internet Service Provider (ISP)|Media, Publishing, and Broadcasting|Music and Video Industry"
21445,Other,Travel and Accommodation
21446,ISP,"Computer and Information Technology|Civil Engineering Construction (Utility Lines, Roads and Bridges)|Internet Service Provider (ISP)|Retail Stores, Wholesale, and E-commerce Sites"
21447,ISP,Computer and Information Technology|Not Validating RPKI ROV|Hosting and Cloud Provider|Internet Service Provider (ISP)
21453,ISP,Eyeball|Validating RPKI ROV|Internet Service Provider (ISP)|Computer and Information Technology
21479,ISP,Eyeball|Not Validating RPKI ROV|Computer and Information Technology|Internet Service Provider (ISP)
21480,ISP,Internet Service Provider (ISP)|Computer and Information Technology|Phone Provider
21483,ISP,Eyeball|Not Validating RPKI ROV|Computer and Information Technology|Internet Service Provider (ISP)
21487,ISP,Eyeball|Not Validating RPKI ROV|Computer and Information Technology|Internet Service Provider (ISP)
21496,ISP,"Civil Engineering Construction (Utility Lines, Roads and Bridges)|Internet Service Provider (ISP)|Computer and Information Technology|Retail Stores, Wholesale, and E-commerce Sites"
23242,ISP,"Not Validating RPKI ROV|Retail Stores, Wholesale, and E-commerce Sites|Computer and Information Technology|Construction and Real Estate"
56326,ISP,Not Validating RPKI ROV|Computer and Information Technology|Internet Service Provider (ISP)|Eyeball
56330,ISP,"Eyeball|Not Validating RPKI ROV|Music and Video Industry|Media, Publishing, and Broadcasting"
56331,ISP,Not Validating RPKI ROV|Internet Service Provider (ISP)|Software Development|Computer and Information Technology
56333,Other,"Buildings, Repair, Maintenance (Pest Control, Landscaping, Cleaning, Locksmiths, Car Washes, etc)|Service"
56336,ISP,"Automotive and Transportation|Food, Beverage, and Tobacco|Computer and Information Technology|Education and Research"
56340,ISP,Eyeball|Not Validating RPKI ROV|Computer and Information Technology|Internet Service Provider (ISP)
56341,ISP,Internet Service Provider (ISP)|Phone Provider|Computer and Information Technology
56342,ISP,"Buildings (Residential or Commercial)|Construction and Real Estate|Civil Engineering Construction (Utility Lines, Roads and Bridges)|Computer and Information Technology"
56350,ISP,Internet Service Provider (ISP)|Computer and Information Technology|Phone Provider
56351,ISP,"Retail Stores, Wholesale, and E-commerce Sites|Construction and Real Estate|Computer and Information Technology|Civil Engineering Construction (Utility Lines, Roads and Bridges)"
56358,ISP,"Civil Engineering Construction (Utility Lines, Roads and Bridges)|Internet Service Provider (ISP)|Buildings (Residential or Commercial)|Computer and Information Technology"
56361,ISP,"Eyeball|Not Validating RPKI ROV|Retail Stores, Wholesale, and E-commerce Sites|Computer and Information Technology"
56364,Content/CDN,Computer and Information Technology|Hosting and Cloud Provider
56374,Academic/Edu,"Not Validating RPKI ROV|Colleges, Universities, and Professional Schools|Print Media (Newspapers, Magazines, Books)|Construction and Real Estate"
56377,ISP,"Eyeball|Not Validating RPKI ROV|Music and Video Industry|Media, Publishing, and Broadcasting"
56383,ISP,"Not Validating RPKI ROV|Computer and Information Technology|Law, Business, and Consulting Services|Internet Service Provider (ISP)"
56384,Other,"Freight, Shipment, and Postal Services|Not Validating RPKI ROV|Civil Engineering Construction (Utility Lines, Roads and Bridges)|Buildings (Residential or Commercial)"
56387,Eyeball,Not Validating RPKI ROV|Chemical and Pharmaceutical Manufacturing|Real Estate (Residential and/or Commercial)|Construction and Real Estate
56390,ISP,"Insurance Carriers and Agencies|Government and Regulatory Agencies, Administrations, Departments, and Services|Finance and Insurance|Government and Public Administration"
56392,ISP,Not Validating RPKI ROV|Internet Service Provider (ISP)|Computer and Information Technology|Eyeball
56394,ISP,Computer and Information Technology|Internet Service Provider (ISP)
56398,ISP,Manufacturing|Internet Service Provider (ISP)|Chemical and Pharmaceutical Manufacturing|Computer and Information Technology
56405,Other,"Print Media (Newspapers, Magazines, Books)|Media, Publishing, and Broadcasting|Food, Grocery, Beverages|Retail Stores, Wholesale, and E-commerce Sites"
56407,Eyeball,"Eyeball|Not Validating RPKI ROV|Civil Engineering Construction (Utility Lines, Roads and Bridges)|Buildings (Residential or Commercial)"
56409,ISP,Computer and Information Technology|Internet Service Provider (ISP)
56420,ISP,"Eyeball|Not Validating RPKI ROV|Media, Publishing, and Broadcasting|Internet Service Provider (ISP)"
56425,Other,"Retail Stores, Wholesale, and E-commerce Sites|Freight, Shipment, and Postal Services"
56426,ISP,"Civil Engineering Construction (Utility Lines, Roads and Bridges)|Not Validating RPKI ROV|Construction and Real Estate|Computer and Information Technology"
56434,Academic/Edu,"Media, Publishing, and Broadcasting|Print Media (Newspapers, Magazines, Books)|Education and Research|Elementary and Secondary Schools"
56436,ISP,"Not Validating RPKI ROV|Civil Engineering Construction (Utility Lines, Roads and Bridges)|Internet Service Provider (ISP)|Construction and Real Estate"
56437,ISP,Computer and Information Technology|Internet Service Provider (ISP)
56445,Other,"Construction and Real Estate|Civil Engineering Construction (Utility Lines, Roads and Bridges)|Buildings (Residential or Commercial)|Retail Stores, Wholesale, and E-commerce Sites"
56451,ISP,Not Validating RPKI ROV|Computer and Information Technology|Internet Service Provider (ISP)|Radio and Television Providers
56462,Enterprise,"Buildings, Repair, Maintenance (Pest Control, Landscaping, Cleaning, Locksmiths, Car Washes, etc)|Real Estate (Residential and/or Commercial)|Law, Business, and Consulting Services|Service"
56463,ISP,"Computer and Information Technology|Construction and Real Estate|Civil Engineering Construction (Utility Lines, Roads and Bridges)|Buildings (Residential or Commercial)"
56476,ISP,Eyeball|Not Validating RPKI ROV|Internet Service Provider (ISP)|Computer and Information Technology
56477,ISP,Not Validating RPKI ROV|Internet Service Provider (ISP)|Computer and Information Technology
56480,Other,"Retail Stores, Wholesale, and E-commerce Sites"
56483,Other,"Buildings, Repair, Maintenance (Pest Control, Landscaping, Cleaning, Locksmiths, Car Washes, etc)|Buildings (Residential or Commercial)|Civil Engineering Construction (Utility Lines, Roads and Bridges)|Construction and Real Estate"
56487,Eyeball,"Not Validating RPKI ROV|Construction and Real Estate|Real Estate (Residential and/or Commercial)|Buildings, Repair, Maintenance (Pest Control, Landscaping, Cleaning, Locksmiths, Car Washes, etc)"
56493,Eyeball,"Not Validating RPKI ROV|Hotels, Motels, Inns, Other Traveler Accommodation|Food, Grocery, Beverages|Freight, Shipment, and Postal Services"
56506,Content/CDN,"Not Validating RPKI ROV|Freight, Shipment, and Postal Services|Construction and Real Estate|Computer and Information Technology"
56516,Other,Community Groups and Nonprofits
56529,Content/CDN,"Computer and Information Technology|Hosting, Cloud Provider, Data Center, Server Colocation|Hosting and Cloud Provider"
56534,ISP,Eyeball|Not Validating RPKI ROV|Internet Service Provider (ISP)|Computer and Information Technology
56535,ISP,Eyeball|Computer and Information Technology|Internet Service Provider (ISP)
56536,Other,"Buildings (Residential or Commercial)|Construction and Real Estate|Civil Engineering Construction (Utility Lines, Roads and Bridges)|Trucking"
56537,ISP,"Law, Business, and Consulting Services|Computer and Information Technology|Retail Stores, Wholesale, and E-commerce Sites|Internet Service Provider (ISP)"
56541,ISP,Not Validating RPKI ROV|Computer and Information Technology|Internet Service Provider (ISP)|Eyeball
56542,ISP,"Internet Service Provider (ISP)|Computer and Information Technology|Retail Stores, Wholesale, and E-commerce Sites|Eyeball"
56557,Government,"Not Validating RPKI ROV|Computer and Information Technology|Construction and Real Estate|Retail Stores, Wholesale, and E-commerce Sites"
56562,ISP,"Media, Publishing, and Broadcasting|Computer and Information Technology|Online Informational Content|Internet Service Provider (ISP)"
56564,Other,"Freight, Shipment, and Postal Services|Retail Stores, Wholesale, and E-commerce Sites"
56565,Other,Service
56574,ISP,Computer and Information Technology|Internet Service Provider (ISP)
56577,Content/CDN,Computer and Information Technology|Hosting and Cloud Provider
56578,ISP,"Not Validating RPKI ROV|Law, Business, and Consulting Services|Computer and Information Technology|Retail Stores, Wholesale, and E-commerce Sites"
56580,Other,"Manufacturing|Not Validating RPKI ROV|Metal, Glass, Wood, and Paper Manufacturing|Chemical and Pharmaceutical Manufacturing"
56581,ISP,Internet Service Provider (ISP)|Research and Development Organizations|Construction and Real Estate|Computer and Information Technology
56592,ISP,"Eyeball|Not Validating RPKI ROV|Retail Stores, Wholesale, and E-commerce Sites|Freight, Shipment, and Postal Services"
56603,Eyeball,"Eyeball|Food, Beverage, and Tobacco|Manufacturing|Chemical and Pharmaceutical Manufacturing"
56613,Other,"Service|Media, Publishing, and Broadcasting"
56618,ISP,Software Development|Hosting and Cloud Provider|Service|Computer and Information Technology
56619,Enterprise,"Law, Business, and Consulting Services|Service"
56621,ISP,"Eyeball|Not Validating RPKI ROV|Retail Stores, Wholesale, and E-commerce Sites|Buildings, Repair, Maintenance (Pest Control, Landscaping, Cleaning, Locksmiths, Car Washes, etc)"
56627,Other,Computer and Information Technology
56631,Content/CDN,"VPN Host|Computer and Information Technology|Retail Stores, Wholesale, and E-commerce Sites|Law, Business, and Consulting Services"
56634,Eyeball,"Eyeball|Not Validating RPKI ROV|Retail Stores, Wholesale, and E-commerce Sites"
56649,Other,Other
56663,Enterprise,"Service|Retail Stores, Wholesale, and E-commerce Sites|Law, Business, and Consulting Services|Banks, Credit Card Companies, Mortgage Providers"
56664,ISP,"Not Validating RPKI ROV|Computer and Information Technology|Buildings, Repair, Maintenance (Pest Control, Landscaping, Cleaning, Locksmiths, Car Washes, etc)|Internet Service Provider (ISP)"
56666,Academic/Edu,"Print Media (Newspapers, Magazines, Books)|Media, Publishing, and Broadcasting|Education and Research|Research and Development Organizations"
56667,ISP,"Eyeball|Not Validating RPKI ROV|Print Media (Newspapers, Magazines, Books)|Computer and Information Technology"
56669,ISP,Buildings (Residential or Commercial)|Not Validating RPKI ROV|Service|Computer and Information Technology
56671,Other,Manufacturing|Health Care Services|Hospitals and Medical Centers|Chemical and Pharmaceutical Manufacturing
56674,Other,"Manufacturing|furniture|Retail Stores, Wholesale, and E-commerce Sites|Freight, Shipment, and Postal Services"
56676,Other,"Not Validating RPKI ROV|Retail Stores, Wholesale, and E-commerce Sites|Buildings, Repair, Maintenance (Pest Control, Landscaping, Cleaning, Locksmiths, Car Washes, etc)|Service"
56677,ISP,"Not Validating RPKI ROV|Construction and Real Estate|Law, Business, and Consulting Services|Computer and Information Technology"
56678,Other,"Freight, Shipment, and Postal Services|Retail Stores, Wholesale, and E-commerce Sites|Manufacturing|Chemical and Pharmaceutical Manufacturing"
56679,Eyeball,Eyeball|Not Validating RPKI ROV|Electronics and Computer Components|Manufacturing
56686,Other,"Retail Stores, Wholesale, and E-commerce Sites|Agriculture, Mining, and Refineries (Farming, Greenhouses, Mining, Forestry, and Animal Farming)"
56689,ISP,"Computer and Information Technology|Not Validating RPKI ROV|Internet Service Provider (ISP)|Civil Engineering Construction (Utility Lines, Roads and Bridges)"
56690,ISP,"Clothing, Fashion, Luggage|Not Validating RPKI ROV|Retail Stores, Wholesale, and E-commerce Sites|Computer and Information Technology"
56691,Other,Software Development|Computer and Information Technology
56692,Other,"Finance and Insurance|Computer and Information Technology|Banks, Credit Card Companies, Mortgage Providers|Software Development"
56694,ISP,VPN Host|Not Validating RPKI ROV|Computer and Information Technology|Internet Service Provider (ISP)
56699,ISP,"Not Validating RPKI ROV|Buildings (Residential or Commercial)|Civil Engineering Construction (Utility Lines, Roads and Bridges)|Computer and Information Technology"
56701,ISP,"Eyeball|Not Validating RPKI ROV|Internet Service Provider (ISP)|Retail Stores, Wholesale, and E-commerce Sites"
56702,Eyeball,"Not Validating RPKI ROV|Civil Engineering Construction (Utility Lines, Roads and Bridges)|Buildings (Residential or Commercial)|Finance and Insurance"
56705,ISP,Not Validating RPKI ROV|Computer and Information Technology|Internet Service Provider (ISP)|Eyeball
56707,ISP,Eyeball|Not Validating RPKI ROV|Internet Service Provider (ISP)|Software Development
56720,Eyeball,"Real Estate (Residential and/or Commercial)|Retail Stores, Wholesale, and E-commerce Sites|Clothing, Fashion, Luggage|Construction and Real Estate"
56721,ISP,"Not Validating RPKI ROV|Internet Service Provider (ISP)|Software Development|Retail Stores, Wholesale, and E-commerce Sites"
56724,ISP,"Eyeball|Civil Engineering Construction (Utility Lines, Roads and Bridges)|Buildings (Residential or Commercial)|Construction and Real Estate"
56725,Other,"Manufacturing|Print Media (Newspapers, Magazines, Books)|Media, Publishing, and Broadcasting"
56741,Other,"Clothing and Textiles|Not Validating RPKI ROV|Retail Stores, Wholesale, and E-commerce Sites|Clothing, Fashion, Luggage"
56757,Content/CDN,"Hosting and Cloud Provider|Software Development|Computer and Information Technology|Law, Business, and Consulting Services"
56760,Other,"Not Validating RPKI ROV|Print Media (Newspapers, Magazines, Books)|Media, Publishing, and Broadcasting|Freight, Shipment, and Postal Services"
56761,ISP,Eyeball|Not Validating RPKI ROV|Computer and Information Technology|Internet Service Provider (ISP)
56763,ISP,"Not Validating RPKI ROV|Law, Business, and Consulting Services|Service|Media, Publishing, and Broadcasting"
56766,Eyeball,"Eyeball|Service|Personal Care and Lifestyle (Barber Shops, Nail Salons, Diet Centers, Laundry, etc)"
56768,ISP,Computer and Information Technology|Internet Service Provider (ISP)
56776,ISP,"Computer and Information Technology|Retail Stores, Wholesale, and E-commerce Sites|Internet Service Provider (ISP)|Service"
56777,Enterprise,"Print Media (Newspapers, Magazines, Books)|Service|Law, Business, and Consulting Services|Media, Publishing, and Broadcasting"
56779,ISP,Eyeball|Not Validating RPKI ROV|Hosting and Cloud Provider|Internet Service Provider (ISP)
56785,Other,"Freight, Shipment, and Postal Services"
56791,ISP,Eyeball|Not Validating RPKI ROV|Computer and Information Technology|Internet Service Provider (ISP)
56793,Other,"Not Validating RPKI ROV|Finance and Insurance|Banks, Credit Card Companies, Mortgage Providers"
56794,Other,"Buildings (Residential or Commercial)|Retail Stores, Wholesale, and E-commerce Sites|Construction and Real Estate|Civil Engineering Construction (Utility Lines, Roads and Bridges)"
56806,Other,"Electronics and Computer Components|Manufacturing|Food, Beverage, and Tobacco"
56807,Eyeball,Construction and Real Estate|Not Validating RPKI ROV|Service|Buildings (Residential or Commercial)
56810,Academic/Edu,"Postal Services and Couriers|Education and Research|Colleges, Universities, and Professional Schools|Freight, Shipment, and Postal Services"
56814,ISP,"Service|Law, Business, and Consulting Services|Internet Service Provider (ISP)|Retail Stores, Wholesale, and E-commerce Sites"
56820,Other,"Not Validating RPKI ROV|Freight, Shipment, and Postal Services|Retail Stores, Wholesale, and E-commerce Sites"
56829,ISP,Computer and Information Technology|Internet Service Provider (ISP)
56830,ISP,Computer and Information Technology|Internet Service Provider (ISP)
56836,Other,"Freight, Shipment, and Postal Services|Buildings (Residential or Commercial)|Construction and Real Estate|Trucking"
56842,Enterprise,"Law, Business, and Consulting Services|Construction and Real Estate|Computer and Information Technology|Buildings, Repair, Maintenance (Pest Control, Landscaping, Cleaning, Locksmiths, Car Washes, etc)"
56845,Other,"Construction and Real Estate|Real Estate (Residential and/or Commercial)|Retail Stores, Wholesale, and E-commerce Sites"
56846,Other,"Media, Publishing, and Broadcasting|Radio and Television Providers"
56852,Other,"Freight, Shipment, and Postal Services|Postal Services and Couriers"
56853,Academic/Edu,"Colleges, Universities, and Professional Schools|Education and Research"
56854,Other,"Not Validating RPKI ROV|Freight, Shipment, and Postal Services|Construction and Real Estate|Postal Services and Couriers"
56857,ISP,Internet Service Provider (ISP)|Computer and Information Technology
56864,Other,"Retail Stores, Wholesale, and E-commerce Sites|Not Validating RPKI ROV|Media, Publishing, and Broadcasting"
56866,Other,"Water Transportation|Freight, Shipment, and Postal Services|Passenger Transit (Car, Bus, Taxi, Subway)|Trucking"
56874,Other,Manufacturing|Not Validating RPKI ROV|Electronics and Computer Components|furniture
56875,Other,"Retail Stores, Wholesale, and E-commerce Sites"
56877,Enterprise,"Construction and Real Estate|Law, Business, and Consulting Services|Buildings (Residential or Commercial)|Civil Engineering Construction (Utility Lines, Roads and Bridges)"
56879,Other,Community Groups and Nonprofits
56880,Other,Not Validating RPKI ROV|Electronics and Computer Components|Manufacturing
56881,ISP,Computer and Information Technology|Manufacturing|Internet Service Provider (ISP)|Hosting and Cloud Provider
56886,ISP,Not Validating RPKI ROV|Hosting and Cloud Provider|Computer and Information Technology|Internet Service Provider (ISP)
56888,Other,"Motor Vehicles and Parts|Service|Freight, Shipment, and Postal Services|Retail Stores, Wholesale, and E-commerce Sites"
56889,Other,Electronics and Computer Components|Not Validating RPKI ROV|Machinery|Manufacturing
56893,ISP,"Media, Publishing, and Broadcasting|Computer and Information Technology|Internet Service Provider (ISP)|Print Media (Newspapers, Magazines, Books)"
56895,ISP,Computer and Information Technology|Internet Service Provider (ISP)
56903,Other,"Civil Engineering Construction (Utility Lines, Roads and Bridges)|Buildings (Residential or Commercial)|Construction and Real Estate|Service"
56915,ISP,Computer and Information Technology|Internet Service Provider (ISP)
56917,ISP,Internet Service Provider (ISP)|Computer and Information Technology
56923,Academic/Edu,Community Groups and Nonprofits|Churches and Religious Organizations|Education and Research
56928,ISP,"Retail Stores, Wholesale, and E-commerce Sites|Internet Service Provider (ISP)|Print Media (Newspapers, Magazines, Books)|Media, Publishing, and Broadcasting"
56930,ISP,"Computer and Information Technology|Construction and Real Estate|Civil Engineering Construction (Utility Lines, Roads and Bridges)|Buildings (Residential or Commercial)"
56931,Enterprise,"Service|Law, Business, and Consulting Services|Retail Stores, Wholesale, and E-commerce Sites|Buildings, Repair, Maintenance (Pest Control, Landscaping, Cleaning, Locksmiths, Car Washes, etc)"
56934,Other,"Computer and Information Technology|Recreation, Sports, and Performing Arts|Museums, Libraries, and Entertainment"
56935,Other,"Service|Chemical and Pharmaceutical Manufacturing|Retail Stores, Wholesale, and E-commerce Sites|Personal Care and Lifestyle (Barber Shops, Nail Salons, Diet Centers, Laundry, etc)"
56936,ISP,"Not Validating RPKI ROV|Law, Business, and Consulting Services|Construction and Real Estate|Computer and Information Technology"
56939,Other,"Hospitals and Medical Centers|Health Care Services|Retail Stores, Wholesale, and E-commerce Sites"
56947,ISP,Not Validating RPKI ROV|Internet Service Provider (ISP)|Computer and Information Technology
56954,ISP,"Trucking|Passenger Transit (Car, Bus, Taxi, Subway)|Retail Stores, Wholesale, and E-commerce Sites|Internet Service Provider (ISP)"
56957,ISP,Not Validating RPKI ROV|Internet Service Provider (ISP)|Computer and Information Technology
56959,ISP,"Manufacturing|Print Media (Newspapers, Magazines, Books)|Online Informational Content|Media, Publishing, and Broadcasting"
56964,Other,"Finance and Insurance|Banks, Credit Card Companies, Mortgage Providers"
56969,ISP,"Eyeball|Computer and Information Technology|Media, Publishing, and Broadcasting|Internet Service Provider (ISP)"
56975,Content/CDN,Computer and Information Technology|Hosting and Cloud Provider
56977,Other,Construction and Real Estate|Buildings (Residential or Commercial)|Manufacturing|Service
56981,ISP,Eyeball|Not Validating RPKI ROV|Computer and Information Technology|Internet Service Provider (ISP)
56982,ISP,"Electric Power Generation, Transmission, Distribution|Chemical and Pharmaceutical Manufacturing|Utilities (Excluding Internet Service)|Computer and Information Technology"
56985,Other,"Banks, Credit Card Companies, Mortgage Providers|Finance and Insurance"
56991,Other,"Print Media (Newspapers, Magazines, Books)|Manufacturing|Media, Publishing, and Broadcasting"
56996,Other,"Social Assistance (Temporary Shelters, Emergency Relief, Child Day Care, etc)|Service|Water Transportation|Freight, Shipment, and Postal Services"
57003,ISP,"Not Validating RPKI ROV|Construction and Real Estate|Computer and Information Technology|Civil Engineering Construction (Utility Lines, Roads and Bridges)"
57006,Other,"Hotels, Motels, Inns, Other Traveler Accommodation|Retail Stores, Wholesale, and E-commerce Sites|Clothing, Fashion, Luggage|Travel and Accommodation"
57010,ISP,"Retail Stores, Wholesale, and E-commerce Sites|Law, Business, and Consulting Services|Service|Software Development"
57011,Content/CDN,"Not Validating RPKI ROV|Media, Publishing, and Broadcasting|Computer and Information Technology|Hosting and Cloud Provider"
57018,ISP,"Computer and Information Technology|Construction and Real Estate|Civil Engineering Construction (Utility Lines, Roads and Bridges)|Internet Service Provider (ISP)"
57019,ISP,Computer and Information Technology|Internet Service Provider (ISP)
57026,ISP,Eyeball|Not Validating RPKI ROV|Internet Service Provider (ISP)|Computer and Information Technology
57036,Other,"Not Validating RPKI ROV|Retail Stores, Wholesale, and E-commerce Sites|Construction and Real Estate|Freight, Shipment, and Postal Services"
57038,ISP,"Not Validating RPKI ROV|Food, Grocery, Beverages|Computer and Information Technology|Internet Service Provider (ISP)"
57041,ISP,Eyeball|Computer and Information Technology|Internet Service Provider (ISP)
57044,ISP,"Eyeball|Media, Publishing, and Broadcasting|Computer and Information Technology|Internet Service Provider (ISP)"
57045,ISP,Search|Computer and Information Technology|Trucking|Internet Service Provider (ISP)
57046,Other,"Construction and Real Estate|Computer and Information Technology|Agriculture, Mining, and Refineries (Farming, Greenhouses, Mining, Forestry, and Animal Farming)|Manufacturing"
57047,ISP,"Print Media (Newspapers, Magazines, Books)|Machinery|Media, Publishing, and Broadcasting|Internet Service Provider (ISP)"
57056,ISP,"Internet Service Provider (ISP)|Freight, Shipment, and Postal Services|Computer and Information Technology"
57059,ISP,"Computer and Information Technology|Retail Stores, Wholesale, and E-commerce Sites|Internet Service Provider (ISP)|Eyeball"
57064,ISP,Internet Service Provider (ISP)|Computer and Information Technology|Computer and Network Security
57073,Other,Content|Manufacturing|Clothing and Textiles|Trucking
57078,ISP,"Internet Service Provider (ISP)|Retail Stores, Wholesale, and E-commerce Sites|Computer and Information Technology"
57079,ISP,Eyeball|Music and Video Industry|Computer and Information Technology|Internet Service Provider (ISP)
57091,ISP,Not Validating RPKI ROV|Computer and Information Technology|Internet Service Provider (ISP)|Construction and Real Estate
57093,ISP,Eyeball|Not Validating RPKI ROV|Internet Service Provider (ISP)|Construction and Real Estate
57107,ISP,"Government and Public Administration|Internet Service Provider (ISP)|Media, Publishing, and Broadcasting|Computer and Information Technology"
57108,Other,"Clothing and Textiles|Manufacturing|Retail Stores, Wholesale, and E-commerce Sites|Chemical and Pharmaceutical Manufacturing"
57109,Content/CDN,"Service|Hosting and Cloud Provider|Computer and Information Technology|Law, Business, and Consulting Services"
57113,ISP,Computer and Information Technology|Internet Service Provider (ISP)|Hosting and Cloud Provider|Construction and Real Estate
57120,Other,"Not Validating RPKI ROV|Real Estate (Residential and/or Commercial)|Buildings (Residential or Commercial)|Civil Engineering Construction (Utility Lines, Roads and Bridges)"
57123,ISP,Hosting and Cloud Provider|Internet Service Provider (ISP)|Eyeball|Computer and Information Technology
57128,ISP,Eyeball|Computer and Information Technology|Radio and Television Providers|Internet Service Provider (ISP)
57139,Other,"Manufacturing|Metal, Glass, Wood, and Paper Manufacturing"
57145,Other,Electronics and Computer Components|Manufacturing|Health Care Services|Hospitals and Medical Centers
57149,ISP,"Computer and Information Technology|Law, Business, and Consulting Services|Internet Service Provider (ISP)|Service"
57153,Content/CDN,Community Groups and Nonprofits|Computer and Information Technology|Hosting and Cloud Provider|Search
57164,Content/CDN,Computer and Information Technology|Hosting and Cloud Provider|Computer and Network Security
57174,ISP,Computer and Information Technology|Internet Service Provider (ISP)
57181,ISP,"Eyeball|Not Validating RPKI ROV|Electric Power Generation, Transmission, Distribution|Civil Engineering Construction (Utility Lines, Roads and Bridges)"
57182,Other,"Clothing, Fashion, Luggage|Freight, Shipment, and Postal Services|Retail Stores, Wholesale, and E-commerce Sites"
57191,Other,"Retail Stores, Wholesale, and E-commerce Sites|Computer and Information Technology"
57193,ISP,"Internet Service Provider (ISP)|Hosting and Cloud Provider|Service|Print Media (Newspapers, Magazines, Books)"
57200,Enterprise,"Law, Business, and Consulting Services|Travel and Accommodation|Service"
57209,ISP,Not Validating RPKI ROV|Internet Service Provider (ISP)|Computer and Information Technology|Buildings (Residential or Commercial)
57212,Other,"Retail Stores, Wholesale, and E-commerce Sites|Freight, Shipment, and Postal Services|Trucking"
57214,ISP,Eyeball|Not Validating RPKI ROV|Construction and Real Estate|Computer and Information Technology
57227,ISP,Eyeball|Not Validating RPKI ROV|Internet Service Provider (ISP)|Computer and Information Technology
57233,Eyeball,"Eyeball|Not Validating RPKI ROV|Freight, Shipment, and Postal Services|Retail Stores, Wholesale, and E-commerce Sites"
57244,ISP,Computer and Information Technology|Not Validating RPKI ROV|Hosting and Cloud Provider|Internet Service Provider (ISP)
57246,ISP,Internet Service Provider (ISP)|Not Validating RPKI ROV|Computer and Information Technology
57250,ISP,"Not Validating RPKI ROV|Media, Publishing, and Broadcasting|Finance and Insurance|Retail Stores, Wholesale, and E-commerce Sites"
57251,ISP,"Eyeball|Not Validating RPKI ROV|Computer and Information Technology|Retail Stores, Wholesale, and E-commerce Sites"
57261,ISP,Eyeball|Not Validating RPKI ROV|Computer and Information Technology|Internet Service Provider (ISP)
57268,Unknown,
57271,ISP,"Law, Business, and Consulting Services|Not Validating RPKI ROV|Internet Service Provider (ISP)|Software Development"
57272,Enterprise,"Service|Museums, Libraries, and Entertainment|Buildings, Repair, Maintenance (Pest Control, Landscaping, Cleaning, Locksmiths, Car Washes, etc)|Law, Business, and Consulting Services"
57274,Other,"Not Validating RPKI ROV|Banks, Credit Card Companies, Mortgage Providers|Finance and Insurance"
57277,ISP,Carrier|Computer and Information Technology|Internet Service Provider (ISP)|Content Delivery Network
57281,ISP,"Buildings (Residential or Commercial)|Civil Engineering Construction (Utility Lines, Roads and Bridges)|Internet Service Provider (ISP)|Construction and Real Estate"
57290,ISP,Computer and Information Technology|Internet Service Provider (ISP)
57296,Content/CDN,Finance and Insurance|Not Validating RPKI ROV|Computer and Information Technology|Hosting and Cloud Provider
57303,Other,"Food, Grocery, Beverages|Retail Stores, Wholesale, and E-commerce Sites"
57304,ISP,Carrier|Computer and Information Technology|Internet Service Provider (ISP)
57306,Enterprise,"Computer and Information Technology|Media, Publishing, and Broadcasting|Retail Stores, Wholesale, and E-commerce Sites|Law, Business, and Consulting Services"
57309,ISP,"Not Validating RPKI ROV|Civil Engineering Construction (Utility Lines, Roads and Bridges)|Banks, Credit Card Companies, Mortgage Providers|Finance and Insurance"
57312,ISP,Hosting and Cloud Provider|Computer and Information Technology|Phone Provider|Software Development
57314,Other,"Retail Stores, Wholesale, and E-commerce Sites|Food, Grocery, Beverages|Freight, Shipment, and Postal Services|Manufacturing"
57319,Other,"Buildings (Residential or Commercial)|Civil Engineering Construction (Utility Lines, Roads and Bridges)|Food, Grocery, Beverages|Retail Stores, Wholesale, and E-commerce Sites"
57320,ISP,"Not Validating RPKI ROV|Buildings, Repair, Maintenance (Pest Control, Landscaping, Cleaning, Locksmiths, Car Washes, etc)|Internet Service Provider (ISP)|Computer and Information Technology"
57323,Other,"Not Validating RPKI ROV|Agriculture, Mining, and Refineries (Farming, Greenhouses, Mining, Forestry, and Animal Farming)|Buildings (Residential or Commercial)|Civil Engineering Construction (Utility Lines, Roads and Bridges)"
57333,Eyeball,Eyeball|Not Validating RPKI ROV|Hosting and Cloud Provider|Computer and Information Technology
57334,ISP,"Construction and Real Estate|Not Validating RPKI ROV|Civil Engineering Construction (Utility Lines, Roads and Bridges)|Buildings (Residential or Commercial)"
57339,Other,"Retail Stores, Wholesale, and E-commerce Sites|Construction and Real Estate|Real Estate (Residential and/or Commercial)"
57352,Government,"Buildings (Residential or Commercial)|Civil Engineering Construction (Utility Lines, Roads and Bridges)|Retail Stores, Wholesale, and E-commerce Sites|Construction and Real Estate"
57354,Other,"Real Estate (Residential and/or Commercial)|Not Validating RPKI ROV|Buildings (Residential or Commercial)|Civil Engineering Construction (Utility Lines, Roads and Bridges)"
24588,ISP,"Media, Publishing, and Broadcasting|Not Validating RPKI ROV|Computer and Information Technology|Music and Video Industry"
57363,Content/CDN,"Tranco 10k Host|Media, Publishing, and Broadcasting|Retail Stores, Wholesale, and E-commerce Sites|Hosting and Cloud Provider"
57364,Other,Not Validating RPKI ROV|Construction and Real Estate|Clothing and Textiles|Buildings (Residential or Commercial)
57368,Other,"Real Estate (Residential and/or Commercial)|Banks, Credit Card Companies, Mortgage Providers|Buildings (Residential or Commercial)|Finance and Insurance"
24602,ISP,Internet Service Provider (ISP)|Computer and Information Technology
57371,ISP,"Not Validating RPKI ROV|Retail Stores, Wholesale, and E-commerce Sites|Computer and Information Technology|Construction and Real Estate"
57372,ISP,"Retail Stores, Wholesale, and E-commerce Sites|Service|Print Media (Newspapers, Magazines, Books)|Law, Business, and Consulting Services"
57375,Other,Not Validating RPKI ROV|Construction and Real Estate|Real Estate (Residential and/or Commercial)
57378,ISP,Eyeball|Not Validating RPKI ROV|Internet Service Provider (ISP)|Computer and Information Technology
24612,ISP,Computer and Information Technology|Phone Provider|Internet Service Provider (ISP)
24613,Other,"Manufacturing|Clothing, Fashion, Luggage|Retail Stores, Wholesale, and E-commerce Sites"
57380,Eyeball,"Not Validating RPKI ROV|Media, Publishing, and Broadcasting|Print Media (Newspapers, Magazines, Books)|Eyeball"
57383,Eyeball,"Not Validating RPKI ROV|Retail Stores, Wholesale, and E-commerce Sites|Agriculture, Mining, and Refineries (Farming, Greenhouses, Mining, Forestry, and Animal Farming)|Freight, Shipment, and Postal Services"
57393,ISP,"Law, Business, and Consulting Services|Not Validating RPKI ROV|Internet Service Provider (ISP)|Service"
24626,ISP,Eyeball|Computer and Information Technology|Internet Service Provider (ISP)
57396,Eyeball,Eyeball|Not Validating RPKI ROV|Computer and Information Technology
24638,ISP,"Tranco 10k Host|Computer and Information Technology|Law, Business, and Consulting Services|Internet Service Provider (ISP)"
57410,Other,"Not Validating RPKI ROV|Agriculture, Mining, and Refineries (Farming, Greenhouses, Mining, Forestry, and Animal Farming)"
57411,ISP,Not Validating RPKI ROV|Computer and Information Technology|Internet Service Provider (ISP)
57418,ISP,"Internet Service Provider (ISP)|Service|Freight, Shipment, and Postal Services|Law, Business, and Consulting Services"
57420,ISP,Not Validating RPKI ROV|Internet Service Provider (ISP)|Computer and Information Technology
57421,ISP,Not Validating RPKI ROV|Computer and Information Technology|Internet Service Provider (ISP)
57424,ISP,Eyeball|Internet Service Provider (ISP)|Computer and Information Technology
57425,Other,Health Care Services|Service
24658,Content/CDN,"Computer and Information Technology|Retail Stores, Wholesale, and E-commerce Sites|Hosting and Cloud Provider|Software Development"
24663,ISP,Eyeball|Not Validating RPKI ROV|Internet Service Provider (ISP)|Computer and Information Technology
24665,ISP,Computer and Information Technology|Phone Provider|Internet Service Provider (ISP)
57434,Other,"Not Validating RPKI ROV|Retail Stores, Wholesale, and E-commerce Sites|Buildings, Repair, Maintenance (Pest Control, Landscaping, Cleaning, Locksmiths, Car Washes, etc)|Service"
57438,Academic/Edu,"Education and Research|Colleges, Universities, and Professional Schools|Service|Media, Publishing, and Broadcasting"
24680,ISP,Internet Service Provider (ISP)|Computer and Information Technology
57449,ISP,"Computer and Information Technology|Construction and Real Estate|Civil Engineering Construction (Utility Lines, Roads and Bridges)|Internet Service Provider (ISP)"
24683,Eyeball,"Education and Research|Elementary and Secondary Schools|Colleges, Universities, and Professional Schools|Media, Publishing, and Broadcasting"
24684,Content/CDN,"Hosting, Cloud Provider, Data Center, Server Colocation|Construction and Real Estate|Law, Business, and Consulting Services|Computer and Information Technology"
57451,ISP,"Internet Service Provider (ISP)|Service|Law, Business, and Consulting Services|Retail Stores, Wholesale, and E-commerce Sites"
57452,Eyeball,"Freight, Shipment, and Postal Services|Postal Services and Couriers|Trucking|Passenger Transit (Car, Bus, Taxi, Subway)"
57456,ISP,Eyeball|Not Validating RPKI ROV|Computer and Information Technology|Internet Service Provider (ISP)
24689,ISP,Eyeball|Not Validating RPKI ROV|Computer and Information Technology|Internet Service Provider (ISP)
24697,Enterprise,"Retail Stores, Wholesale, and E-commerce Sites|Law, Business, and Consulting Services|Service|Music and Video Industry"
24699,ISP,Eyeball|Not Validating RPKI ROV|Phone Provider|Internet Service Provider (ISP)
57471,ISP,"Internet Service Provider (ISP)|Hosting and Cloud Provider|Museums, Libraries, and Entertainment|Service"
57482,Other,"Finance and Insurance|Computer and Information Technology|Banks, Credit Card Companies, Mortgage Providers|Investment, Portfolio Management, Pensions and Funds"
57484,ISP,Computer and Information Technology|Internet Service Provider (ISP)
57487,ISP,Carrier|Not Validating RPKI ROV|Internet Service Provider (ISP)|Service
57489,ISP,"Not Validating RPKI ROV|Computer and Information Technology|Internet Service Provider (ISP)|Retail Stores, Wholesale, and E-commerce Sites"
57490,ISP,Computer and Information Technology|Internet Service Provider (ISP)
57494,ISP,Eyeball|Not Validating RPKI ROV|Computer and Information Technology|Internet Service Provider (ISP)
57501,Other,"Freight, Shipment, and Postal Services"
57503,ISP,Tranco 10k Host|Computer and Information Technology|Internet Service Provider (ISP)|Software Development
24739,ISP,Eyeball|Not Validating RPKI ROV|Internet Service Provider (ISP)|Computer and Information Technology
57510,Other,"Finance and Insurance|Banks, Credit Card Companies, Mortgage Providers"
57512,Other,"Retail Stores, Wholesale, and E-commerce Sites|Not Validating RPKI ROV|Service|Museums, Libraries, and Entertainment"
24758,ISP,Not Validating RPKI ROV|Computer and Information Technology|Internet Service Provider (ISP)|Eyeball
57526,ISP,"Computer and Information Technology|Construction and Real Estate|Buildings (Residential or Commercial)|Civil Engineering Construction (Utility Lines, Roads and Bridges)"
57528,Other,"Service|Buildings (Residential or Commercial)|Civil Engineering Construction (Utility Lines, Roads and Bridges)|Construction and Real Estate"
57529,ISP,"Internet Service Provider (ISP)|Freight, Shipment, and Postal Services|Civil Engineering Construction (Utility Lines, Roads and Bridges)|Computer and Information Technology"
57530,Enterprise,"Online Music and Video Streaming Services|Law, Business, and Consulting Services|Print Media (Newspapers, Magazines, Books)|Service"
57531,Eyeball,Eyeball|Not Validating RPKI ROV|Service
57534,ISP,Eyeball|Internet Service Provider (ISP)|Computer and Information Technology
24767,ISP,Internet Service Provider (ISP)|Computer and Information Technology
57541,Academic/Edu,"Retail Stores, Wholesale, and E-commerce Sites|Education and Research|Research and Development Organizations"
24774,ISP,Internet Service Provider (ISP)|Computer and Information Technology
57549,Enterprise,"Museums, Libraries, and Entertainment|Law, Business, and Consulting Services|Service"
24783,ISP,Eyeball|Not Validating RPKI ROV|Internet Service Provider (ISP)|Computer and Information Technology
57552,Eyeball,"Not Validating RPKI ROV|Print Media (Newspapers, Magazines, Books)|Construction and Real Estate|Buildings (Residential or Commercial)"
57553,ISP,Computer and Information Technology|Internet Service Provider (ISP)
24787,Enterprise,Computer and Information Technology|Electronics and Computer Components|Manufacturing|Service
24789,ISP,Phone Provider|Internet Service Provider (ISP)|Computer and Information Technology
57557,Other,Service
57561,Other,"Freight, Shipment, and Postal Services|Trucking|Electronics and Computer Components|Manufacturing"
57562,ISP,"Eyeball|Not Validating RPKI ROV|Computer and Information Technology|Law, Business, and Consulting Services"
57570,Other,Software Development|Computer and Information Technology|Finance and Insurance
57571,ISP,Computer and Information Technology|Not Validating RPKI ROV|Internet Service Provider (ISP)
57572,Other,"Not Validating RPKI ROV|Retail Stores, Wholesale, and E-commerce Sites"
57573,ISP,"Hosting and Cloud Provider|Not Validating RPKI ROV|Service|Law, Business, and Consulting Services"
24810,ISP,Phone Provider|Not Validating RPKI ROV|Internet Service Provider (ISP)|Computer and Information Technology
24811,ISP,Eyeball|Not Validating RPKI ROV|Internet Service Provider (ISP)|Computer and Information Technology
57579,Other,"Service|Trucking|Freight, Shipment, and Postal Services|Retail Stores, Wholesale, and E-commerce Sites"
57580,Government,"Government|Government and Public Administration|Community Groups and Nonprofits|Government and Regulatory Agencies, Administrations, Departments, and Services"
57583,Other,"Retail Stores, Wholesale, and E-commerce Sites|Not Validating RPKI ROV"
57587,Eyeball,"Eyeball|Not Validating RPKI ROV|Buildings, Repair, Maintenance (Pest Control, Landscaping, Cleaning, Locksmiths, Car Washes, etc)|Civil Engineering Construction (Utility Lines, Roads and Bridges)"
57589,Content/CDN,Real Estate (Residential and/or Commercial)|Service|Hosting and Cloud Provider|Construction and Real Estate
24823,Enterprise,"Corporate/Enterprise|Finance and Insurance|Banks, Credit Card Companies, Mortgage Providers|Tranco 10k Host"
57596,Other,Service
24829,ISP,Internet Service Provider (ISP)|Computer and Information Technology
24832,ISP,Hosting and Cloud Provider|Phone Provider|Software Development|Internet Service Provider (ISP)
24837,Eyeball,"Not Validating RPKI ROV|Service|Retail Stores, Wholesale, and E-commerce Sites|Law, Business, and Consulting Services"
57609,Other,"Food, Beverage, and Tobacco|Freight, Shipment, and Postal Services|Manufacturing"
57614,Content/CDN,Computer and Information Technology|Hosting and Cloud Provider
57615,Other,"Media, Publishing, and Broadcasting|Service"
57620,Content/CDN,Service|Software Development|Computer and Information Technology|Hosting and Cloud Provider
57627,ISP,"Internet Service Provider (ISP)|Retail Stores, Wholesale, and E-commerce Sites|Construction and Real Estate|Computer and Information Technology"
57628,ISP,Finance and Insurance|Computer and Information Technology|Internet Service Provider (ISP)|Software Development
57629,Content/CDN,Anycast|Software Development|Hosting and Cloud Provider|Computer and Information Technology
57631,ISP,Internet Service Provider (ISP)|Computer and Information Technology
24866,ISP,Internet Service Provider (ISP)|Computer and Information Technology
57637,Government,"Trucking|Freight, Shipment, and Postal Services|Retail Stores, Wholesale, and E-commerce Sites|Construction and Real Estate"
57639,ISP,Internet Service Provider (ISP)|Computer and Information Technology
24873,ISP,Phone Provider|Computer and Information Technology|Internet Service Provider (ISP)
57645,Other,"Freight, Shipment, and Postal Services|Retail Stores, Wholesale, and E-commerce Sites|Service|Buildings, Repair, Maintenance (Pest Control, Landscaping, Cleaning, Locksmiths, Car Washes, etc)"
24881,ISP,Validating RPKI ROV|Internet Service Provider (ISP)|Computer and Information Technology|Eyeball
57649,ISP,"Service|Law, Business, and Consulting Services|Radio and Television Providers|Media, Publishing, and Broadcasting"
57652,ISP,Not Validating RPKI ROV|Computer and Information Technology|Construction and Real Estate|Technology Consulting Services
57655,ISP,"Food, Grocery, Beverages|Media, Publishing, and Broadcasting|Computer and Information Technology|Construction and Real Estate"
57658,ISP,"Travel and Accommodation|Real Estate (Residential and/or Commercial)|Service|Law, Business, and Consulting Services"
57661,Enterprise,"Computer and Information Technology|Service|Law, Business, and Consulting Services|Media, Publishing, and Broadcasting"
57662,ISP,Computer and Information Technology|Internet Service Provider (ISP)
57663,Other,"Retail Stores, Wholesale, and E-commerce Sites"
57671,Enterprise,"Service|Buildings (Residential or Commercial)|Law, Business, and Consulting Services|Food, Grocery, Beverages"
57679,ISP,"Not Validating RPKI ROV|Media, Publishing, and Broadcasting|Buildings (Residential or Commercial)|Construction and Real Estate"
57680,Academic/Edu,"Education and Research|Museums, Libraries, and Entertainment|Recreation, Sports, and Performing Arts|Personal Care and Lifestyle (Barber Shops, Nail Salons, Diet Centers, Laundry, etc)"
24913,Other,"Finance and Insurance|Computer and Information Technology|Banks, Credit Card Companies, Mortgage Providers|Tranco 10k Host"
57681,ISP,Internet Service Provider (ISP)|Not Validating RPKI ROV|Computer and Information Technology
57683,Other,Other
24923,ISP,Internet Service Provider (ISP)|Computer and Information Technology
24924,Enterprise,"Law, Business, and Consulting Services|Service"
57700,Eyeball,"Eyeball|Banks, Credit Card Companies, Mortgage Providers|Education and Research|Service"
24936,ISP,Eyeball|Not Validating RPKI ROV|Service|Hosting and Cloud Provider
57708,Other,"Manufacturing|Electric Power Generation, Transmission, Distribution|Chemical and Pharmaceutical Manufacturing|Utilities (Excluding Internet Service)"
57711,ISP,"Not Validating RPKI ROV|Computer and Information Technology|Construction and Real Estate|Civil Engineering Construction (Utility Lines, Roads and Bridges)"
57712,ISP,Eyeball|Not Validating RPKI ROV|Computer and Information Technology|Internet Service Provider (ISP)
24955,ISP,Eyeball|Not Validating RPKI ROV|Computer and Information Technology|Internet Service Provider (ISP)
57724,ISP,Carrier|Not Validating RPKI ROV|Computer and Information Technology|Internet Service Provider (ISP)
57725,Other,"Not Validating RPKI ROV|Music and Video Industry|Media, Publishing, and Broadcasting"
57730,ISP,Computer and Information Technology|Internet Service Provider (ISP)
57737,ISP,Not Validating RPKI ROV|Manufacturing|Service|Internet Service Provider (ISP)
57741,ISP,Computer and Information Technology|Internet Service Provider (ISP)
57742,Eyeball,"Not Validating RPKI ROV|Retail Stores, Wholesale, and E-commerce Sites|Clothing, Fashion, Luggage|Eyeball"
57749,ISP,"Radio and Television Providers|Internet Service Provider (ISP)|Media, Publishing, and Broadcasting|Computer and Information Technology"
57753,ISP,Eyeball|Not Validating RPKI ROV|Internet Service Provider (ISP)|Computer and Information Technology
57754,ISP,"Not Validating RPKI ROV|Computer and Information Technology|Buildings, Repair, Maintenance (Pest Control, Landscaping, Cleaning, Locksmiths, Car Washes, etc)|Education and Research"
57762,ISP,Finance and Insurance|Insurance Carriers and Agencies
57766,Other,"Print Media (Newspapers, Magazines, Books)|Media, Publishing, and Broadcasting|Community Groups and Nonprofits"
25000,Eyeball,"Not Validating RPKI ROV|Retail Stores, Wholesale, and E-commerce Sites|Buildings (Residential or Commercial)|Manufacturing"
25001,ISP,"Civil Engineering Construction (Utility Lines, Roads and Bridges)|Computer and Information Technology|Construction and Real Estate|Retail Stores, Wholesale, and E-commerce Sites"
25008,ISP,Internet Service Provider (ISP)|Phone Provider|Computer and Information Technology
57781,ISP,Eyeball|Computer and Information Technology|Internet Service Provider (ISP)
57783,Other,Manufacturing|Electronics and Computer Components
57785,ISP,Not Validating RPKI ROV|Computer and Information Technology|Hosting and Cloud Provider|Internet Service Provider (ISP)
57796,Other,"Service|Freight, Shipment, and Postal Services"
57798,ISP,Eyeball|Not Validating RPKI ROV|Internet Service Provider (ISP)|Computer and Information Technology
25032,ISP,Computer and Information Technology|Internet Service Provider (ISP)
57803,ISP,Eyeball|Not Validating RPKI ROV|Computer and Information Technology|Internet Service Provider (ISP)
57805,Other,"Water Transportation|Freight, Shipment, and Postal Services"
57806,Enterprise,"Retail Stores, Wholesale, and E-commerce Sites|Banks, Credit Card Companies, Mortgage Providers|Service|Media, Publishing, and Broadcasting"
57808,ISP,"Computer and Information Technology|Not Validating RPKI ROV|Buildings (Residential or Commercial)|Agriculture, Mining, and Refineries (Farming, Greenhouses, Mining, Forestry, and Animal Farming)"
57812,ISP,Hosting and Cloud Provider|Internet Service Provider (ISP)|Computer and Information Technology|Eyeball
57818,ISP,Eyeball|Not Validating RPKI ROV|Computer and Information Technology|Internet Service Provider (ISP)
57822,Eyeball,"Eyeball|Technology Consulting Services|Computer and Information Technology|Law, Business, and Consulting Services"
57824,ISP,Computer and Information Technology|Internet Service Provider (ISP)
57827,Other,"Not Validating RPKI ROV|Construction and Real Estate|Buildings (Residential or Commercial)|Civil Engineering Construction (Utility Lines, Roads and Bridges)"
57828,Other,"Retail Stores, Wholesale, and E-commerce Sites|Freight, Shipment, and Postal Services"
57835,Eyeball,"Not Validating RPKI ROV|Service|Manufacturing|Retail Stores, Wholesale, and E-commerce Sites"
25073,ISP,Internet Service Provider (ISP)|Construction and Real Estate|Computer and Information Technology|Electronics and Computer Components
57842,ISP,"Clothing, Fashion, Luggage|Computer and Information Technology|Construction and Real Estate|Civil Engineering Construction (Utility Lines, Roads and Bridges)"
57843,ISP,Eyeball|Not Validating RPKI ROV|Internet Service Provider (ISP)|Computer and Information Technology
57847,ISP,Not Validating RPKI ROV|Hosting and Cloud Provider|Internet Service Provider (ISP)|Computer and Information Technology
25086,ISP,Eyeball|Not Validating RPKI ROV|Home ISP|Internet Service Provider (ISP)
57856,Other,Community Groups and Nonprofits
57857,Other,"Chemical and Pharmaceutical Manufacturing|Agriculture, Mining, and Refineries (Farming, Greenhouses, Mining, Forestry, and Animal Farming)|Manufacturing|furniture"
57861,ISP,Not Validating RPKI ROV|Computer and Information Technology|Hosting and Cloud Provider|Service
25096,Enterprise,"Computer and Information Technology|Law, Business, and Consulting Services|Service"
57865,ISP,"Internet Service Provider (ISP)|Radio and Television Providers|Media, Publishing, and Broadcasting|Computer and Information Technology"
57867,Academic/Edu,"Not Validating RPKI ROV|Education and Research|Passenger Transit (Car, Bus, Taxi, Subway)|Trucking"
25100,Eyeball,"Not Validating RPKI ROV|Education and Research|Colleges, Universities, and Professional Schools|Eyeball"
57871,ISP,"Eyeball|Not Validating RPKI ROV|Radio and Television Providers|Media, Publishing, and Broadcasting"
57874,ISP,"Internet Service Provider (ISP)|Retail Stores, Wholesale, and E-commerce Sites|Computer and Information Technology"
57876,Other,"Construction and Real Estate|Automotive and Transportation|Agriculture, Mining, and Refineries (Farming, Greenhouses, Mining, Forestry, and Animal Farming)|Manufacturing"
57882,ISP,Computer and Information Technology|Internet Service Provider (ISP)
57884,ISP,Internet Service Provider (ISP)|Computer and Information Technology
57885,Other,"Construction and Real Estate|Manufacturing|Service|Civil Engineering Construction (Utility Lines, Roads and Bridges)"
57898,Enterprise,"Freight, Shipment, and Postal Services|Not Validating RPKI ROV|Construction and Real Estate|Real Estate (Residential and/or Commercial)"
57899,ISP,Not Validating RPKI ROV|Internet Service Provider (ISP)|Computer and Information Technology|Eyeball
57901,ISP,Internet Service Provider (ISP)|Computer and Information Technology|Eyeball
57903,ISP,Hosting and Cloud Provider|Internet Service Provider (ISP)|Computer and Information Technology|Eyeball
57906,Other,"Retail Stores, Wholesale, and E-commerce Sites|Clothing, Fashion, Luggage|Freight, Shipment, and Postal Services"
25141,ISP,"Not Validating RPKI ROV|Retail Stores, Wholesale, and E-commerce Sites|Service|Buildings, Repair, Maintenance (Pest Control, Landscaping, Cleaning, Locksmiths, Car Washes, etc)"
57917,Other,"Retail Stores, Wholesale, and E-commerce Sites"
57918,ISP,"Tranco 10k Host|Not Validating RPKI ROV|Service|Buildings, Repair, Maintenance (Pest Control, Landscaping, Cleaning, Locksmiths, Car Washes, etc)"
57919,Government,"Manufacturing|Military, Defense, National Security, and International Affairs|Government and Public Administration|Service"
57923,Other,"Food, Beverage, and Tobacco|Retail Stores, Wholesale, and E-commerce Sites|Food, Grocery, Beverages|Travel and Accommodation"
25159,ISP,Eyeball|Not Validating RPKI ROV|Computer and Information Technology|Internet Service Provider (ISP)
57930,ISP,Finance and Insurance|Insurance Carriers and Agencies
57940,Other,"Construction and Real Estate|Civil Engineering Construction (Utility Lines, Roads and Bridges)|Buildings (Residential or Commercial)"
57941,ISP,Internet Service Provider (ISP)|Computer and Information Technology
57947,Other,"Service|Buildings, Repair, Maintenance (Pest Control, Landscaping, Cleaning, Locksmiths, Car Washes, etc)|Software Development|Finance and Insurance"
57952,ISP,"Media, Publishing, and Broadcasting|Computer and Information Technology|Radio and Television Providers|Internet Service Provider (ISP)"
57953,Other,"Not Validating RPKI ROV|Civil Engineering Construction (Utility Lines, Roads and Bridges)|Buildings (Residential or Commercial)|Utilities (Excluding Internet Service)"
25189,ISP,Computer and Information Technology|Not Validating RPKI ROV|Internet Service Provider (ISP)
25203,Other,"Not Validating RPKI ROV|Retail Stores, Wholesale, and E-commerce Sites|Construction and Real Estate|Real Estate (Residential and/or Commercial)"
57971,ISP,"Internet Service Provider (ISP)|Computer and Information Technology|Construction and Real Estate|Agriculture, Mining, and Refineries (Farming, Greenhouses, Mining, Forestry, and Animal Farming)"
57973,ISP,Internet Service Provider (ISP)|Service|Hosting and Cloud Provider|Software Development
57988,ISP,Eyeball|Computer and Information Technology|Internet Service Provider (ISP)
57990,Eyeball,"Food, Beverage, and Tobacco|Retail Stores, Wholesale, and E-commerce Sites|Food, Grocery, Beverages|Manufacturing"
25227,ISP,Eyeball|Not Validating RPKI ROV|Computer and Information Technology|Internet Service Provider (ISP)
57996,Other,"Human Rights and Social Advocacy (Human Rights, Environment and Wildlife Conservation, Other)|Community Groups and Nonprofits"
25231,Government,"Government and Public Administration|Not Validating RPKI ROV|Government and Regulatory Agencies, Administrations, Departments, and Services"
58000,ISP,Eyeball|Not Validating RPKI ROV|Software Development|Internet Service Provider (ISP)
58002,ISP,Eyeball|Not Validating RPKI ROV|Computer and Information Technology|Internet Service Provider (ISP)
58006,Other,"Not Validating RPKI ROV|Retail Stores, Wholesale, and E-commerce Sites|Civil Engineering Construction (Utility Lines, Roads and Bridges)|Construction and Real Estate"
58008,Academic/Edu,"Finance and Insurance|Retail Stores, Wholesale, and E-commerce Sites|Food, Beverage, and Tobacco|Food, Grocery, Beverages"
58009,Other,Software Development|Computer and Information Technology
25251,ISP,Internet Service Provider (ISP)|Computer and Information Technology
58019,ISP,Not Validating RPKI ROV|Computer and Information Technology|Internet Service Provider (ISP)|Service
58020,Other,Real Estate (Residential and/or Commercial)|Construction and Real Estate
58024,ISP,Not Validating RPKI ROV|Computer and Information Technology|Internet Service Provider (ISP)|Eyeball
25258,ISP,Computer and Information Technology|Internet Service Provider (ISP)
58027,Other,"Retail Stores, Wholesale, and E-commerce Sites|Food, Beverage, and Tobacco|Food, Grocery, Beverages|Manufacturing"
58031,Content/CDN,"Not Validating RPKI ROV|Machinery|Real Estate (Residential and/or Commercial)|Retail Stores, Wholesale, and E-commerce Sites"
58036,Other,"Service|Real Estate (Residential and/or Commercial)|Retail Stores, Wholesale, and E-commerce Sites|Freight, Shipment, and Postal Services"
58037,ISP,"Not Validating RPKI ROV|Retail Stores, Wholesale, and E-commerce Sites|Civil Engineering Construction (Utility Lines, Roads and Bridges)|Internet Service Provider (ISP)"
58041,Other,Construction and Real Estate
58042,Academic/Edu,"Academic|Not Validating RPKI ROV|Elementary and Secondary Schools|Colleges, Universities, and Professional Schools"
58045,Content/CDN,Online Music and Video Streaming Services|Service|Hosting and Cloud Provider|Education and Research
58048,ISP,"Not Validating RPKI ROV|Internet Service Provider (ISP)|Hosting and Cloud Provider|Hosting, Cloud Provider, Data Center, Server Colocation"
58050,ISP,"Internet Service Provider (ISP)|Retail Stores, Wholesale, and E-commerce Sites|Civil Engineering Construction (Utility Lines, Roads and Bridges)|Computer and Information Technology"
25290,ISP,Computer and Information Technology|Internet Service Provider (ISP)
25292,ISP,"Tranco 10k Host|Not Validating RPKI ROV|Internet Service Provider (ISP)|Media, Publishing, and Broadcasting"
58060,Eyeball,"Not Validating RPKI ROV|Service|Retail Stores, Wholesale, and E-commerce Sites|Freight, Shipment, and Postal Services"
58063,Academic/Edu,"Not Validating RPKI ROV|Civil Engineering Construction (Utility Lines, Roads and Bridges)|Construction and Real Estate|Buildings (Residential or Commercial)"
25296,Other,"Finance and Insurance|Banks, Credit Card Companies, Mortgage Providers"
25299,ISP,Computer and Information Technology|Not Validating RPKI ROV|Hosting and Cloud Provider|Internet Service Provider (ISP)
58067,ISP,Eyeball|Not Validating RPKI ROV|Computer and Information Technology|Internet Service Provider (ISP)
58070,ISP,Internet Service Provider (ISP)|Computer and Information Technology
58071,Academic/Edu,"Education and Research|Colleges, Universities, and Professional Schools|Academic"
58072,Other,"Not Validating RPKI ROV|Civil Engineering Construction (Utility Lines, Roads and Bridges)|Manufacturing|Buildings (Residential or Commercial)"
25308,ISP,Eyeball|Not Validating RPKI ROV|Internet Service Provider (ISP)|Computer and Information Technology
58084,ISP,"Computer and Information Technology|Not Validating RPKI ROV|Freight, Shipment, and Postal Services|Internet Service Provider (ISP)"
58090,Other,"Construction and Real Estate|Manufacturing|Buildings (Residential or Commercial)|Civil Engineering Construction (Utility Lines, Roads and Bridges)"
58094,ISP,Not Validating RPKI ROV|Computer and Information Technology|Internet Service Provider (ISP)|Construction and Real Estate
58095,ISP,"Carrier|Internet Service Provider (ISP)|Retail Stores, Wholesale, and E-commerce Sites|Computer and Information Technology"
58096,ISP,Eyeball|Not Validating RPKI ROV|Computer and Information Technology|Internet Service Provider (ISP)
58097,ISP,Not Validating RPKI ROV|Internet Service Provider (ISP)|Hosting and Cloud Provider|Software Development
58100,Other,"Finance and Insurance|Banks, Credit Card Companies, Mortgage Providers"
58103,Other,"Print Media (Newspapers, Magazines, Books)|Media, Publishing, and Broadcasting|Computer and Information Technology|Freight, Shipment, and Postal Services"
58107,Other,"Utilities (Excluding Internet Service)|Electric Power Generation, Transmission, Distribution|Freight, Shipment, and Postal Services"
58108,Other,"Construction and Real Estate|Automotive and Transportation|Freight, Shipment, and Postal Services|Water Transportation"
25341,ISP,"Not Validating RPKI ROV|Internet Service Provider (ISP)|Computer and Information Technology|Museums, Libraries, and Entertainment"
58112,Other,"Finance and Insurance|Banks, Credit Card Companies, Mortgage Providers|Computer and Information Technology|Software Development"
58116,Content/CDN,"Service|Software Development|Media, Publishing, and Broadcasting|Personal Care and Lifestyle (Barber Shops, Nail Salons, Diet Centers, Laundry, etc)"
25355,ISP,Internet Service Provider (ISP)|Not Validating RPKI ROV|Computer and Information Technology
58134,ISP,"Not Validating RPKI ROV|Technology Consulting Services|Retail Stores, Wholesale, and E-commerce Sites|Internet Service Provider (ISP)"
58135,Content/CDN,"Computer and Information Technology|Retail Stores, Wholesale, and E-commerce Sites|Buildings, Repair, Maintenance (Pest Control, Landscaping, Cleaning, Locksmiths, Car Washes, etc)|Education and Research"
58136,ISP,"Eyeball|Not Validating RPKI ROV|Service|Banks, Credit Card Companies, Mortgage Providers"
25371,Academic/Edu,"Academic|Print Media (Newspapers, Magazines, Books)|Government and Regulatory Agencies, Administrations, Departments, and Services|Hotels, Motels, Inns, Other Traveler Accommodation"
58139,ISP,Internet Service Provider (ISP)|Computer and Information Technology
25379,ISP,"Not Validating RPKI ROV|Service|Banks, Credit Card Companies, Mortgage Providers|Law, Business, and Consulting Services"
58147,ISP,"Computer and Information Technology|Law, Business, and Consulting Services|Internet Service Provider (ISP)|Hosting and Cloud Provider"
25381,ISP,"Buildings (Residential or Commercial)|Civil Engineering Construction (Utility Lines, Roads and Bridges)|Internet Service Provider (ISP)|Computer and Information Technology"
58155,ISP,"Hosting and Cloud Provider|Computer and Information Technology|Internet Service Provider (ISP)|Retail Stores, Wholesale, and E-commerce Sites"
58157,ISP,"Eyeball|Not Validating RPKI ROV|Media, Publishing, and Broadcasting|Music and Video Industry"
58158,ISP,Eyeball|Internet Service Provider (ISP)|Computer and Information Technology
58163,ISP,"Finance and Insurance|Computer and Information Technology|Banks, Credit Card Companies, Mortgage Providers|Insurance Carriers and Agencies"
25405,ISP,Phone Provider|Computer and Information Technology|Internet Service Provider (ISP)
25408,ISP,Eyeball|Not Validating RPKI ROV|Internet Service Provider (ISP)|Music and Video Industry
58178,Other,"Not Validating RPKI ROV|Freight, Shipment, and Postal Services|Service|Buildings, Repair, Maintenance (Pest Control, Landscaping, Cleaning, Locksmiths, Car Washes, etc)"
58187,Eyeball,"Not Validating RPKI ROV|Agriculture, Mining, and Refineries (Farming, Greenhouses, Mining, Forestry, and Animal Farming)|Computer and Information Technology|Software Development"
58189,ISP,Eyeball|Music and Video Industry|Computer and Information Technology|Internet Service Provider (ISP)
58190,Content/CDN,"Computer and Information Technology|Retail Stores, Wholesale, and E-commerce Sites|Hosting and Cloud Provider|Service"
58191,Eyeball,"Law, Business, and Consulting Services|Computer and Information Technology|Hosting and Cloud Provider|Software Development"
58194,Other,Construction and Real Estate|Computer and Information Technology|Electronics and Computer Components|Automotive and Transportation
25436,ISP,Internet Service Provider (ISP)|Not Validating RPKI ROV|Phone Provider|Computer and Information Technology
25437,Other,"Retail Stores, Wholesale, and E-commerce Sites|Not Validating RPKI ROV|Manufacturing|Passenger Transit (Car, Bus, Taxi, Subway)"
58207,Other,"Not Validating RPKI ROV|Food Services and Drinking Places|Travel and Accommodation|Agriculture, Mining, and Refineries (Farming, Greenhouses, Mining, Forestry, and Animal Farming)"
58210,ISP,Not Validating RPKI ROV|Computer and Information Technology|Internet Service Provider (ISP)
25446,ISP,"Media, Publishing, and Broadcasting|Music and Video Industry|Computer and Information Technology|Internet Service Provider (ISP)"
25449,Other,"Retail Stores, Wholesale, and E-commerce Sites|Chemical and Pharmaceutical Manufacturing|Manufacturing|Service"
58217,Other,"Not Validating RPKI ROV|Retail Stores, Wholesale, and E-commerce Sites"
25451,ISP,Computer and Information Technology|Internet Service Provider (ISP)
58219,ISP,Not Validating RPKI ROV|Computer and Information Technology|Internet Service Provider (ISP)|Eyeball
58225,Other,"Not Validating RPKI ROV|Retail Stores, Wholesale, and E-commerce Sites|Freight, Shipment, and Postal Services"
58228,ISP,"Not Validating RPKI ROV|Buildings (Residential or Commercial)|Civil Engineering Construction (Utility Lines, Roads and Bridges)|Internet Service Provider (ISP)"
58229,Other,"Retail Stores, Wholesale, and E-commerce Sites|Finance and Insurance|Banks, Credit Card Companies, Mortgage Providers"
58230,ISP,Eyeball|Not Validating RPKI ROV|Home ISP|Computer and Information Technology
58231,Other,"Banks, Credit Card Companies, Mortgage Providers|Finance and Insurance|Computer and Information Technology|Investment, Portfolio Management, Pensions and Funds"
58238,ISP,Not Validating RPKI ROV|Internet Service Provider (ISP)|Service|Software Development
58240,Other,Manufacturing|Health Care Services|Chemical and Pharmaceutical Manufacturing|Hospitals and Medical Centers
58241,ISP,"Not Validating RPKI ROV|Retail Stores, Wholesale, and E-commerce Sites|Construction and Real Estate|Computer and Information Technology"
25474,ISP,Computer and Information Technology|Internet Service Provider (ISP)
25478,ISP,Internet Service Provider (ISP)|Computer and Information Technology
58255,Academic/Edu,"Education and Research|Not Validating RPKI ROV|Colleges, Universities, and Professional Schools|Research and Development Organizations"
58257,Academic/Edu,"Elementary and Secondary Schools|Software Development|Colleges, Universities, and Professional Schools|Computer and Information Technology"
25490,ISP,Eyeball|Not Validating RPKI ROV|Internet Service Provider (ISP)|Phone Provider
58258,Other,"Travel and Accommodation|Hotels, Motels, Inns, Other Traveler Accommodation|Agriculture, Mining, and Refineries (Farming, Greenhouses, Mining, Forestry, and Animal Farming)"
58268,Other,Electronics and Computer Components|Manufacturing
25510,ISP,Computer and Information Technology|Internet Service Provider (ISP)|Phone Provider
25511,ISP,"Eyeball|Finance and Insurance|Retail Stores, Wholesale, and E-commerce Sites|Freight, Shipment, and Postal Services"
58278,ISP,"Hosting and Cloud Provider|Finance and Insurance|Computer and Information Technology|Retail Stores, Wholesale, and E-commerce Sites"
25513,ISP,Eyeball|Not Validating RPKI ROV|Computer and Information Technology|Internet Service Provider (ISP)
58279,Other,"Health Care Services|Civil Engineering Construction (Utility Lines, Roads and Bridges)|Construction and Real Estate"
25515,ISP,Eyeball|Not Validating RPKI ROV|Computer and Information Technology|Phone Provider
58284,ISP,"Computer and Information Technology|Construction and Real Estate|Buildings (Residential or Commercial)|Civil Engineering Construction (Utility Lines, Roads and Bridges)"
25520,ISP,Not Validating RPKI ROV|Internet Service Provider (ISP)|Computer and Information Technology|Eyeball
58288,Other,"Freight, Shipment, and Postal Services|Retail Stores, Wholesale, and E-commerce Sites"
58290,Other,"Travel and Accommodation|Not Validating RPKI ROV|Trucking|Banks, Credit Card Companies, Mortgage Providers"
58292,Content/CDN,Computer and Information Technology|Hosting and Cloud Provider|Software Development
25530,ISP,"Service|Not Validating RPKI ROV|Finance and Insurance|Law, Business, and Consulting Services"
25531,ISP,Eyeball|Not Validating RPKI ROV|Phone Provider|Computer and Information Technology
25532,ISP,Validating RPKI ROV|Not Validating RPKI ROV|Internet Service Provider (ISP)|Hosting and Cloud Provider
58301,ISP,Not Validating RPKI ROV|Software Development|Internet Service Provider (ISP)|Computer and Information Technology
58304,Other,"Real Estate (Residential and/or Commercial)|Not Validating RPKI ROV|Finance and Insurance|Banks, Credit Card Companies, Mortgage Providers"
25537,ISP,Internet Service Provider (ISP)|Hosting and Cloud Provider|Computer and Information Technology
58306,ISP,Software Development|Internet Service Provider (ISP)|Computer and Information Technology
58310,ISP,Travel and Accommodation|Not Validating RPKI ROV|Internet Service Provider (ISP)|Education and Research
58314,ISP,Internet Service Provider (ISP)|Computer and Information Technology|Construction and Real Estate|Buildings (Residential or Commercial)
25549,ISP,Eyeball|Not Validating RPKI ROV|Computer and Information Technology|Internet Service Provider (ISP)
58319,ISP,"Computer and Information Technology|Internet Service Provider (ISP)|Hosting, Cloud Provider, Data Center, Server Colocation"
58341,Other,"Finance and Insurance|Banks, Credit Card Companies, Mortgage Providers"
58344,ISP,"Computer and Information Technology|Music and Video Industry|Media, Publishing, and Broadcasting|Internet Service Provider (ISP)"
58347,ISP,Eyeball|Computer and Information Technology|Internet Service Provider (ISP)
58351,Enterprise,"Service|Law, Business, and Consulting Services"
25591,Other,"Service|Not Validating RPKI ROV|Buildings (Residential or Commercial)|Buildings, Repair, Maintenance (Pest Control, Landscaping, Cleaning, Locksmiths, Car Washes, etc)"
25592,ISP,"Eyeball|Not Validating RPKI ROV|Civil Engineering Construction (Utility Lines, Roads and Bridges)|Retail Stores, Wholesale, and E-commerce Sites"
25880,ISP,"Eyeball|Not Validating RPKI ROV|Retail Stores, Wholesale, and E-commerce Sites|Freight, Shipment, and Postal Services"
26548,ISP,Content|Not Validating RPKI ROV|Internet Service Provider (ISP)|Computer and Information Technology
59392,ISP,Not Validating RPKI ROV|Internet Service Provider (ISP)|Software Development|Finance and Insurance
59399,Enterprise,"Real Estate (Residential and/or Commercial)|Retail Stores, Wholesale, and E-commerce Sites|Law, Business, and Consulting Services|Construction and Real Estate"
59404,ISP,"Hosting, Cloud Provider, Data Center, Server Colocation|Internet Service Provider (ISP)|Hosting and Cloud Provider|Computer and Information Technology"
59412,Other,"Retail Stores, Wholesale, and E-commerce Sites|Agriculture, Mining, and Refineries (Farming, Greenhouses, Mining, Forestry, and Animal Farming)"
59416,Enterprise,Not Validating RPKI ROV|Travel and Accommodation|Service|Manufacturing
59418,ISP,"Not Validating RPKI ROV|Real Estate (Residential and/or Commercial)|Law, Business, and Consulting Services|Construction and Real Estate"
59420,Other,Manufacturing|Service
59423,Other,Manufacturing|Electronics and Computer Components|Automotive and Transportation|Machinery
59424,ISP,Internet Service Provider (ISP)|Not Validating RPKI ROV|Computer and Information Technology
59428,Enterprise,"Buildings, Repair, Maintenance (Pest Control, Landscaping, Cleaning, Locksmiths, Car Washes, etc)|Law, Business, and Consulting Services|Retail Stores, Wholesale, and E-commerce Sites|Service"
59434,Other,"Agriculture, Mining, and Refineries (Farming, Greenhouses, Mining, Forestry, and Animal Farming)"
59440,ISP,Not Validating RPKI ROV|Computer and Information Technology|Internet Service Provider (ISP)
59446,ISP,"Not Validating RPKI ROV|Computer and Network Security|Retail Stores, Wholesale, and E-commerce Sites|Computer and Information Technology"
59452,Other,Construction and Real Estate
59459,Enterprise,"Not Validating RPKI ROV|Freight, Shipment, and Postal Services|Computer and Information Technology|Law, Business, and Consulting Services"
59465,Other,"Retail Stores, Wholesale, and E-commerce Sites|Manufacturing|Metal, Glass, Wood, and Paper Manufacturing|Chemical and Pharmaceutical Manufacturing"
59467,Other,Construction and Real Estate|IPv6 only
59476,ISP,Eyeball|Computer and Information Technology|Internet Service Provider (ISP)
59482,ISP,Computer and Information Technology|Not Validating RPKI ROV|Internet Service Provider (ISP)
59483,Other,"Water Transportation|Freight, Shipment, and Postal Services"
59494,ISP,Internet Service Provider (ISP)|Not Validating RPKI ROV|Computer and Information Technology
59495,Other,"Automotive and Transportation|Metal, Glass, Wood, and Paper Manufacturing|Real Estate (Residential and/or Commercial)|Construction and Real Estate"
59498,ISP,"Not Validating RPKI ROV|Software Development|Internet Service Provider (ISP)|Media, Publishing, and Broadcasting"
59502,Other,"Not Validating RPKI ROV|Real Estate (Residential and/or Commercial)|Retail Stores, Wholesale, and E-commerce Sites|Construction and Real Estate"
59504,ISP,"Hosting, Cloud Provider, Data Center, Server Colocation|Not Validating RPKI ROV|Computer and Information Technology|Buildings, Repair, Maintenance (Pest Control, Landscaping, Cleaning, Locksmiths, Car Washes, etc)"
59508,ISP,"Not Validating RPKI ROV|Computer and Information Technology|Internet Service Provider (ISP)|Media, Publishing, and Broadcasting"
59509,ISP,"Retail Stores, Wholesale, and E-commerce Sites|Computer and Information Technology|Food, Grocery, Beverages|Internet Service Provider (ISP)"
59512,Other,"Construction and Real Estate|Finance and Insurance|Buildings (Residential or Commercial)|Banks, Credit Card Companies, Mortgage Providers"
59513,ISP,"Internet Service Provider (ISP)|Computer and Information Technology|Freight, Shipment, and Postal Services|Retail Stores, Wholesale, and E-commerce Sites"
59515,ISP,Computer and Information Technology|Not Validating RPKI ROV|Internet Service Provider (ISP)|Hosting and Cloud Provider
59516,Other,"Construction and Real Estate|Real Estate (Residential and/or Commercial)|Freight, Shipment, and Postal Services"
59517,ISP,Eyeball|Electronics and Computer Components|Internet Service Provider (ISP)|Software Development
59525,Government,"Government and Public Administration|Government and Regulatory Agencies, Administrations, Departments, and Services"
59530,Enterprise,"Not Validating RPKI ROV|Print Media (Newspapers, Magazines, Books)|Law, Business, and Consulting Services|Media, Publishing, and Broadcasting"
59531,ISP,Not Validating RPKI ROV|Internet Service Provider (ISP)|Computer and Information Technology|Eyeball
59533,ISP,Eyeball|Not Validating RPKI ROV|Internet Service Provider (ISP)|Computer and Information Technology
59534,ISP,Computer and Information Technology|Internet Service Provider (ISP)
59535,ISP,Internet Service Provider (ISP)|Service|Software Development|Hosting and Cloud Provider
59537,Other,Not Validating RPKI ROV|Computer and Information Technology|Search
59539,Other,"Buildings, Repair, Maintenance (Pest Control, Landscaping, Cleaning, Locksmiths, Car Washes, etc)|Service|Freight, Shipment, and Postal Services|Retail Stores, Wholesale, and E-commerce Sites"
59541,Other,"Civil Engineering Construction (Utility Lines, Roads and Bridges)|Construction and Real Estate"
59549,ISP,"Not Validating RPKI ROV|Law, Business, and Consulting Services|Internet Service Provider (ISP)|Service"
59557,ISP,"Not Validating RPKI ROV|Retail Stores, Wholesale, and E-commerce Sites|Civil Engineering Construction (Utility Lines, Roads and Bridges)|Computer and Information Technology"
59558,ISP,Internet Service Provider (ISP)|Hosting and Cloud Provider|Software Development|Computer and Information Technology
59559,ISP,Eyeball|Not Validating RPKI ROV|Internet Service Provider (ISP)|Computer and Information Technology
59561,Eyeball,"Colleges, Universities, and Professional Schools|Construction and Real Estate|Education and Research|Print Media (Newspapers, Magazines, Books)"
59574,ISP,"Hosting and Cloud Provider|Not Validating RPKI ROV|Service|Law, Business, and Consulting Services"
59575,ISP,Computer and Information Technology|Internet Service Provider (ISP)
59580,Enterprise,"Service|Media, Publishing, and Broadcasting|Retail Stores, Wholesale, and E-commerce Sites|Print Media (Newspapers, Magazines, Books)"
59584,Eyeball,Eyeball|Not Validating RPKI ROV|Manufacturing|Electronics and Computer Components
59589,ISP,Computer and Information Technology|Internet Service Provider (ISP)
59591,ISP,Not Validating RPKI ROV|Internet Service Provider (ISP)|Computer and Information Technology|Hosting and Cloud Provider
59595,ISP,"Eyeball|Not Validating RPKI ROV|Internet Service Provider (ISP)|Retail Stores, Wholesale, and E-commerce Sites"
59596,Content/CDN,Not Validating RPKI ROV|Hosting and Cloud Provider|Computer and Information Technology
59600,ISP,Not Validating RPKI ROV|Internet Service Provider (ISP)|Computer and Information Technology|Eyeball
59601,ISP,Not Validating RPKI ROV|Computer and Information Technology|Internet Service Provider (ISP)
59603,Enterprise,"Not Validating RPKI ROV|Service|Law, Business, and Consulting Services|Computer and Information Technology"
59604,ISP,"Computer and Information Technology|Manufacturing|Retail Stores, Wholesale, and E-commerce Sites|Electronics and Computer Components"
59606,ISP,"Trucking|Retail Stores, Wholesale, and E-commerce Sites|Internet Service Provider (ISP)|Construction and Real Estate"
59612,ISP,Computer and Information Technology|Internet Service Provider (ISP)
59614,Other,Service
59616,ISP,Computer and Information Technology|Not Validating RPKI ROV|Internet Service Provider (ISP)
59624,Academic/Edu,Academic|Education and Research
59627,Other,"VPN Host|Not Validating RPKI ROV|Manufacturing|Food, Beverage, and Tobacco"
59633,Other,Utilities (Excluding Internet Service)
59637,Eyeball,"Eyeball|Not Validating RPKI ROV|Civil Engineering Construction (Utility Lines, Roads and Bridges)|Buildings (Residential or Commercial)"
59639,ISP,Eyeball|Internet Service Provider (ISP)|Computer and Information Technology
59640,ISP,Insurance Carriers and Agencies|Finance and Insurance|Health Care Services|Service
59641,Eyeball,Travel and Accommodation|Eyeball
59651,ISP,Computer and Information Technology|Internet Service Provider (ISP)
59653,ISP,Internet Service Provider (ISP)|Computer and Information Technology
59656,ISP,Computer and Information Technology|Internet Service Provider (ISP)
59661,ISP,"Retail Stores, Wholesale, and E-commerce Sites|Computer and Information Technology|Internet Service Provider (ISP)|Hosting and Cloud Provider"
59663,ISP,Software Development|Hosting and Cloud Provider|Internet Service Provider (ISP)|Computer and Information Technology
59665,ISP,Eyeball|Not Validating RPKI ROV|Computer and Information Technology|Internet Service Provider (ISP)
59666,ISP,Computer and Information Technology|Internet Service Provider (ISP)|Search
59667,ISP,Computer and Information Technology|Internet Service Provider (ISP)
59672,Other,"Retail Stores, Wholesale, and E-commerce Sites"
59673,Other,"Print Media (Newspapers, Magazines, Books)|Media, Publishing, and Broadcasting|Freight, Shipment, and Postal Services|Finance and Insurance"
59679,Other,"Food, Grocery, Beverages|Retail Stores, Wholesale, and E-commerce Sites|Construction and Real Estate|Buildings (Residential or Commercial)"
59683,Content/CDN,Hosting and Cloud Provider|Service|Software Development|Computer and Information Technology
59687,ISP,Internet Service Provider (ISP)|Computer and Information Technology
59688,Other,"Retail Stores, Wholesale, and E-commerce Sites"
59693,Eyeball,"Eyeball|Not Validating RPKI ROV|Buildings (Residential or Commercial)|Electric Power Generation, Transmission, Distribution"
59696,Other,"Retail Stores, Wholesale, and E-commerce Sites|Agriculture, Mining, and Refineries (Farming, Greenhouses, Mining, Forestry, and Animal Farming)"
59698,Other,"Retail Stores, Wholesale, and E-commerce Sites|Civil Engineering Construction (Utility Lines, Roads and Bridges)|Construction and Real Estate"
59712,ISP,Internet Service Provider (ISP)|Computer and Information Technology
59713,ISP,"Eyeball|Internet Service Provider (ISP)|Media, Publishing, and Broadcasting|Music and Video Industry"
59714,Academic/Edu,"Media, Publishing, and Broadcasting|Print Media (Newspapers, Magazines, Books)|Construction and Real Estate|Civil Engineering Construction (Utility Lines, Roads and Bridges)"
59718,Other,"Freight, Shipment, and Postal Services|Retail Stores, Wholesale, and E-commerce Sites|Food, Grocery, Beverages"
59722,Other,Not Validating RPKI ROV|Air Travel|Travel and Accommodation
59726,Other,Not Validating RPKI ROV|Service|Utilities (Excluding Internet Service)|Construction and Real Estate
59731,Other,"Not Validating RPKI ROV|Retail Stores, Wholesale, and E-commerce Sites|Food, Grocery, Beverages|Manufacturing"
59734,Eyeball,"Not Validating RPKI ROV|Computer and Information Technology|Retail Stores, Wholesale, and E-commerce Sites|Eyeball"
59738,Other,"Not Validating RPKI ROV|Construction and Real Estate|Buildings (Residential or Commercial)|Civil Engineering Construction (Utility Lines, Roads and Bridges)"
59740,Other,"Museums, Libraries, and Entertainment|Freight, Shipment, and Postal Services|Retail Stores, Wholesale, and E-commerce Sites|Construction and Real Estate"
59744,ISP,Not Validating RPKI ROV|Internet Service Provider (ISP)|Computer and Information Technology
59792,ISP,"Computer and Information Technology|Law, Business, and Consulting Services|Banks, Credit Card Companies, Mortgage Providers|Internet Service Provider (ISP)"
59793,ISP,Eyeball|Not Validating RPKI ROV|Internet Service Provider (ISP)|Software Development
59801,ISP,Internet Service Provider (ISP)|Computer and Information Technology|Government
59815,ISP,Eyeball|Not Validating RPKI ROV|Internet Service Provider (ISP)|Computer and Information Technology
59823,Other,Computer and Information Technology|Not Validating RPKI ROV|Finance and Insurance|Service
59825,ISP,Not Validating RPKI ROV|Internet Service Provider (ISP)|Computer and Information Technology
59831,Other,"Not Validating RPKI ROV|Construction and Real Estate|Service|Civil Engineering Construction (Utility Lines, Roads and Bridges)"
59833,ISP,Eyeball|Not Validating RPKI ROV|Computer and Information Technology|Internet Service Provider (ISP)
59840,Other,"Finance and Insurance|Banks, Credit Card Companies, Mortgage Providers"
59846,Other,"Service|Utilities (Excluding Internet Service)|Civil Engineering Construction (Utility Lines, Roads and Bridges)|Buildings, Repair, Maintenance (Pest Control, Landscaping, Cleaning, Locksmiths, Car Washes, etc)"
59848,ISP,Internet Service Provider (ISP)|Computer and Information Technology
59850,Content/CDN,Service|Hosting and Cloud Provider|Software Development|Computer and Information Technology
59867,Other,"Retail Stores, Wholesale, and E-commerce Sites"
59883,ISP,"Civil Engineering Construction (Utility Lines, Roads and Bridges)|Service|Computer and Information Technology|Construction and Real Estate"
59906,Other,"Retail Stores, Wholesale, and E-commerce Sites|Trucking|Freight, Shipment, and Postal Services|Automotive and Transportation"
59916,Other,"Retail Stores, Wholesale, and E-commerce Sites|Agriculture, Mining, and Refineries (Farming, Greenhouses, Mining, Forestry, and Animal Farming)"
59917,Other,"Not Validating RPKI ROV|Manufacturing|Clothing and Textiles|Retail Stores, Wholesale, and E-commerce Sites"
59928,Other,Manufacturing|Electronics and Computer Components
59935,Enterprise,"Computer and Information Technology|Construction and Real Estate|Real Estate (Residential and/or Commercial)|Law, Business, and Consulting Services"
59941,ISP,"Not Validating RPKI ROV|Internet Service Provider (ISP)|Retail Stores, Wholesale, and E-commerce Sites|Computer and Information Technology"
59946,Other,"Retail Stores, Wholesale, and E-commerce Sites|Service"
59954,Enterprise,"Computer and Information Technology|Service|Technology Consulting Services|Law, Business, and Consulting Services"
59957,Content/CDN,"Service|Software Development|Hosting and Cloud Provider|Retail Stores, Wholesale, and E-commerce Sites"
59960,Other,"Service|Buildings, Repair, Maintenance (Pest Control, Landscaping, Cleaning, Locksmiths, Car Washes, etc)"
59975,ISP,"Civil Engineering Construction (Utility Lines, Roads and Bridges)|Retail Stores, Wholesale, and E-commerce Sites|Internet Service Provider (ISP)|Computer and Information Technology"
60002,ISP,Computer and Information Technology|Internet Service Provider (ISP)
60005,ISP,"Not Validating RPKI ROV|Computer and Network Security|Finance and Insurance|Accountants, Tax Preparers, Payroll Services"
60006,ISP,Not Validating RPKI ROV|Internet Service Provider (ISP)|Computer and Information Technology
60028,ISP,"Not Validating RPKI ROV|Computer and Information Technology|Construction and Real Estate|Civil Engineering Construction (Utility Lines, Roads and Bridges)"
60029,Academic/Edu,"Not Validating RPKI ROV|Other Schools, Instruction, and Exam Preparation (Trade Schools, Art Schools, Driving Instruction, etc.)|Education and Research|Museums, Libraries, and Entertainment"
60034,ISP,"Computer and Information Technology|Technology Consulting Services|Retail Stores, Wholesale, and E-commerce Sites|Education and Research"
60040,ISP,Computer and Information Technology|Internet Service Provider (ISP)
60042,ISP,Eyeball|Not Validating RPKI ROV|Computer and Information Technology|Internet Service Provider (ISP)
60043,ISP,Internet Service Provider (ISP)|Not Validating RPKI ROV|Computer and Information Technology|Music and Video Industry
60048,Other,Not Validating RPKI ROV|Computer and Information Technology|Software Development|Service
60058,ISP,"Not Validating RPKI ROV|Freight, Shipment, and Postal Services|Machinery|Construction and Real Estate"
60062,ISP,Internet Service Provider (ISP)|Computer and Information Technology
60065,Other,Manufacturing|Automotive and Transportation|Search|Computer and Information Technology
60067,ISP,Not Validating RPKI ROV|Internet Service Provider (ISP)|Buildings (Residential or Commercial)|Computer and Information Technology
60072,ISP,Eyeball|Buildings (Residential or Commercial)|Computer and Information Technology|Construction and Real Estate
60075,Eyeball,Eyeball|Not Validating RPKI ROV|Real Estate (Residential and/or Commercial)|Construction and Real Estate
60081,Other,"Buildings, Repair, Maintenance (Pest Control, Landscaping, Cleaning, Locksmiths, Car Washes, etc)|Service|Media, Publishing, and Broadcasting|Print Media (Newspapers, Magazines, Books)"
60085,ISP,Computer and Information Technology|Internet Service Provider (ISP)|Hosting and Cloud Provider
60095,ISP,"Eyeball|Not Validating RPKI ROV|Computer and Information Technology|Media, Publishing, and Broadcasting"
60098,ISP,Eyeball|Internet Service Provider (ISP)|Computer and Information Technology|Home ISP
60108,Eyeball,Service|Real Estate (Residential and/or Commercial)|Computer and Information Technology|Construction and Real Estate
60119,ISP,Eyeball|Not Validating RPKI ROV|Internet Service Provider (ISP)|Computer and Information Technology
60122,Other,"Banks, Credit Card Companies, Mortgage Providers|Software Development|Finance and Insurance|Computer and Information Technology"
60124,ISP,"Retail Stores, Wholesale, and E-commerce Sites|Hosting and Cloud Provider|Internet Service Provider (ISP)|Computer and Network Security"
60139,ISP,"Eyeball|Retail Stores, Wholesale, and E-commerce Sites|Computer and Information Technology|Construction and Real Estate"
60151,Other,Computer and Information Technology
60162,Other,"Freight, Shipment, and Postal Services|Retail Stores, Wholesale, and E-commerce Sites"
60165,ISP,Internet Service Provider (ISP)|Not Validating RPKI ROV|Eyeball|Computer and Information Technology
60172,ISP,"Internet Service Provider (ISP)|Computer and Information Technology|Construction and Real Estate|Museums, Libraries, and Entertainment"
60177,Academic/Edu,"Other Schools, Instruction, and Exam Preparation (Trade Schools, Art Schools, Driving Instruction, etc.)|Food Services and Drinking Places|Recreation, Sports, and Performing Arts|Travel and Accommodation"
60179,Academic/Edu,"Education and Research|Museums, Libraries, and Entertainment|Elementary and Secondary Schools|Government"
60180,ISP,Computer and Information Technology|Internet Service Provider (ISP)
60192,ISP,Computer and Information Technology|Not Validating RPKI ROV|Radio and Television Providers|Internet Service Provider (ISP)
60216,ISP,Electronics and Computer Components|Computer and Information Technology|Internet Service Provider (ISP)|Manufacturing
60231,Content/CDN,Hosting and Cloud Provider|Computer and Information Technology|Software Development
60245,Eyeball,"Eyeball|Not Validating RPKI ROV|Food, Grocery, Beverages|Retail Stores, Wholesale, and E-commerce Sites"
60246,ISP,Eyeball|Internet Service Provider (ISP)|Computer and Information Technology
60252,ISP,Internet Service Provider (ISP)|Computer and Information Technology
60263,Content/CDN,"Media, Publishing, and Broadcasting|Computer and Information Technology|Radio and Television Providers|Technology Consulting Services"
60283,Content/CDN,"Museums, Libraries, and Entertainment|Service|Online Music and Video Streaming Services|Hosting and Cloud Provider"
60287,Other,"Finance and Insurance|Banks, Credit Card Companies, Mortgage Providers"
60290,ISP,"Banks, Credit Card Companies, Mortgage Providers|Internet Service Provider (ISP)|Finance and Insurance|Computer and Information Technology"
60292,ISP,Internet Service Provider (ISP)|Manufacturing|Electronics and Computer Components|Machinery
60299,ISP,Internet Service Provider (ISP)|Computer and Information Technology
60308,ISP,"Computer and Information Technology|Law, Business, and Consulting Services|Museums, Libraries, and Entertainment|Internet Service Provider (ISP)"
60328,ISP,"Media, Publishing, and Broadcasting|Computer and Information Technology|Print Media (Newspapers, Magazines, Books)|Internet Service Provider (ISP)"
60329,Academic/Edu,"Education and Research|Research and Development Organizations|Retail Stores, Wholesale, and E-commerce Sites"
60338,Academic/Edu,"Colleges, Universities, and Professional Schools|Education and Research"
60343,Other,"Not Validating RPKI ROV|Banks, Credit Card Companies, Mortgage Providers|Finance and Insurance"
60346,Other,"Water Transportation|Freight, Shipment, and Postal Services"
60347,ISP,"Media, Publishing, and Broadcasting|Not Validating RPKI ROV|Computer and Information Technology|Radio and Television Providers"
60348,Other,"Finance and Insurance|Banks, Credit Card Companies, Mortgage Providers"
60357,ISP,"VPN Host|Law, Business, and Consulting Services|Freight, Shipment, and Postal Services|Trucking"
60360,Other,Service
60361,Other,Finance and Insurance
60363,Other,"Construction and Real Estate|Freight, Shipment, and Postal Services|Buildings (Residential or Commercial)|Civil Engineering Construction (Utility Lines, Roads and Bridges)"
60365,Other,"Construction and Real Estate|Buildings (Residential or Commercial)|Civil Engineering Construction (Utility Lines, Roads and Bridges)"
60373,ISP,Computer and Information Technology|Internet Service Provider (ISP)
60375,Other,"Retail Stores, Wholesale, and E-commerce Sites|Service"
60388,ISP,Computer and Information Technology|Not Validating RPKI ROV|Internet Service Provider (ISP)
60413,Content/CDN,"Hosting and Cloud Provider|Software Development|Retail Stores, Wholesale, and E-commerce Sites|Computer and Information Technology"
60430,ISP,Computer and Information Technology|Internet Service Provider (ISP)
60434,Other,"Passenger Transit (Car, Bus, Taxi, Subway)|Retail Stores, Wholesale, and E-commerce Sites|Freight, Shipment, and Postal Services|Construction and Real Estate"
60437,Other,"Banks, Credit Card Companies, Mortgage Providers|Finance and Insurance"
60452,Other,"Buildings (Residential or Commercial)|Electric Power Generation, Transmission, Distribution|Construction and Real Estate|Utilities (Excluding Internet Service)"
60459,ISP,Eyeball|Not Validating RPKI ROV|Internet Service Provider (ISP)|Computer and Information Technology
60465,Enterprise,"Banks, Credit Card Companies, Mortgage Providers|Law, Business, and Consulting Services|Service|Finance and Insurance"
60470,Other,"Museums, Libraries, and Entertainment"
60473,ISP,Construction and Real Estate|Computer and Information Technology|Internet Service Provider (ISP)|Software Development
60476,Other,"Content|Museums, Libraries, and Entertainment|Software Development|Computer and Information Technology"
60482,Other,"Metal, Glass, Wood, and Paper Manufacturing|Buildings (Residential or Commercial)|Agriculture, Mining, and Refineries (Farming, Greenhouses, Mining, Forestry, and Animal Farming)|Manufacturing"
60484,ISP,Not Validating RPKI ROV|Computer and Information Technology|Internet Service Provider (ISP)|Eyeball
60489,Content/CDN,"Not Validating RPKI ROV|Buildings, Repair, Maintenance (Pest Control, Landscaping, Cleaning, Locksmiths, Car Washes, etc)|Hosting and Cloud Provider|Retail Stores, Wholesale, and E-commerce Sites"
60490,ISP,Computer and Information Technology|Internet Service Provider (ISP)
60496,ISP,Eyeball|Not Validating RPKI ROV|Internet Service Provider (ISP)|Computer and Information Technology
60500,Other,"Freight, Shipment, and Postal Services|Retail Stores, Wholesale, and E-commerce Sites|Food, Grocery, Beverages"
60510,Other,Not Validating RPKI ROV|Construction and Real Estate|Health Care Services|Hospitals and Medical Centers
60513,Other,"Clothing and Textiles|Clothing, Fashion, Luggage|Retail Stores, Wholesale, and E-commerce Sites|Manufacturing"
60518,Academic/Edu,"Passenger Transit (Car, Bus, Taxi, Subway)|Research and Development Organizations|Retail Stores, Wholesale, and E-commerce Sites|Chemical and Pharmaceutical Manufacturing"
60519,Other,Construction and Real Estate|Real Estate (Residential and/or Commercial)
60523,Other,"Civil Engineering Construction (Utility Lines, Roads and Bridges)|Buildings (Residential or Commercial)|Food, Grocery, Beverages|Retail Stores, Wholesale, and E-commerce Sites"
60544,ISP,"Law, Business, and Consulting Services|Print Media (Newspapers, Magazines, Books)|Service|Manufacturing"
60548,ISP,Internet Service Provider (ISP)|Computer and Information Technology|Eyeball
60553,Other,"Chemical and Pharmaceutical Manufacturing|Manufacturing|Freight, Shipment, and Postal Services|Retail Stores, Wholesale, and E-commerce Sites"
60554,ISP,"Not Validating RPKI ROV|Civil Engineering Construction (Utility Lines, Roads and Bridges)|Retail Stores, Wholesale, and E-commerce Sites|Internet Service Provider (ISP)"
60556,ISP,"Civil Engineering Construction (Utility Lines, Roads and Bridges)|Buildings (Residential or Commercial)|Internet Service Provider (ISP)|Construction and Real Estate"
60561,ISP,"Internet Service Provider (ISP)|Computer and Information Technology|Civil Engineering Construction (Utility Lines, Roads and Bridges)|Construction and Real Estate"
60569,ISP,"Not Validating RPKI ROV|Electronics and Computer Components|Clothing and Textiles|Retail Stores, Wholesale, and E-commerce Sites"
60573,Other,"Not Validating RPKI ROV|Retail Stores, Wholesale, and E-commerce Sites"
60575,ISP,"Trucking|Internet Service Provider (ISP)|Retail Stores, Wholesale, and E-commerce Sites|Construction and Real Estate"
60579,ISP,Internet Service Provider (ISP)|Computer and Information Technology
60580,Other,"Tranco 10k Host|Print Media (Newspapers, Magazines, Books)|Computer and Information Technology|Retail Stores, Wholesale, and E-commerce Sites"
60598,Other,Construction and Real Estate|Real Estate (Residential and/or Commercial)|Travel and Accommodation
60599,ISP,"Not Validating RPKI ROV|Civil Engineering Construction (Utility Lines, Roads and Bridges)|Trucking|Passenger Transit (Car, Bus, Taxi, Subway)"
60600,Content/CDN,Computer and Information Technology|Hosting and Cloud Provider|Software Development
60603,ISP,"Not Validating RPKI ROV|Internet Service Provider (ISP)|Computer and Information Technology|Civil Engineering Construction (Utility Lines, Roads and Bridges)"
60612,ISP,Computer and Information Technology|Internet Service Provider (ISP)
60623,ISP,Internet Service Provider (ISP)|Computer and Information Technology
60625,ISP,"Freight, Shipment, and Postal Services|Computer and Information Technology|Retail Stores, Wholesale, and E-commerce Sites|Manufacturing"
60628,Other,"Not Validating RPKI ROV|Civil Engineering Construction (Utility Lines, Roads and Bridges)|Buildings (Residential or Commercial)|Construction and Real Estate"
60635,Enterprise,"Construction and Real Estate|Law, Business, and Consulting Services|Computer and Information Technology|Retail Stores, Wholesale, and E-commerce Sites"
60642,ISP,Not Validating RPKI ROV|Internet Service Provider (ISP)|Computer and Information Technology
60643,Content/CDN,Software Development|Computer and Information Technology|Hosting and Cloud Provider
60651,ISP,"Hosting and Cloud Provider|Buildings, Repair, Maintenance (Pest Control, Landscaping, Cleaning, Locksmiths, Car Washes, etc)|Computer and Information Technology|Software Development"
60655,Other,"Not Validating RPKI ROV|Retail Stores, Wholesale, and E-commerce Sites"
60660,Other,"Finance and Insurance|Banks, Credit Card Companies, Mortgage Providers"
60678,Content/CDN,Not Validating RPKI ROV|Computer and Information Technology|Hosting and Cloud Provider|Software Development
60681,Enterprise,"Service|Media, Publishing, and Broadcasting|Law, Business, and Consulting Services"
60684,Other,Not Validating RPKI ROV|Construction and Real Estate|Real Estate (Residential and/or Commercial)|Tranco 10k Host
60691,ISP,"Travel and Accommodation|Internet Service Provider (ISP)|Food, Grocery, Beverages|Manufacturing"
60693,ISP,Not Validating RPKI ROV|Internet Service Provider (ISP)|Computer and Network Security|Computer and Information Technology
60702,Other,"Not Validating RPKI ROV|Software Development|Banks, Credit Card Companies, Mortgage Providers|Computer and Information Technology"
60704,Content/CDN,"Banks, Credit Card Companies, Mortgage Providers|Finance and Insurance|Hosting and Cloud Provider|Computer and Information Technology"
60716,Other,"Construction and Real Estate|Electronics and Computer Components|Manufacturing|Civil Engineering Construction (Utility Lines, Roads and Bridges)"
60720,ISP,Corporate/Enterprise|Not Validating RPKI ROV|Internet Service Provider (ISP)|Computer and Information Technology
60722,Academic/Edu,"Buildings (Residential or Commercial)|Civil Engineering Construction (Utility Lines, Roads and Bridges)|Media, Publishing, and Broadcasting|Colleges, Universities, and Professional Schools"
60726,Other,"Banks, Credit Card Companies, Mortgage Providers|Finance and Insurance"
60730,ISP,Internet Service Provider (ISP)|Computer and Information Technology
60731,ISP,Eyeball|Not Validating RPKI ROV|Computer and Information Technology|Internet Service Provider (ISP)
60732,ISP,Internet Service Provider (ISP)|Computer and Information Technology
60738,Other,"Not Validating RPKI ROV|Manufacturing|Metal, Glass, Wood, and Paper Manufacturing|Retail Stores, Wholesale, and E-commerce Sites"
60740,Other,"Construction and Real Estate|Not Validating RPKI ROV|Print Media (Newspapers, Magazines, Books)|Buildings (Residential or Commercial)"
60747,Enterprise,"Not Validating RPKI ROV|Service|Clothing and Textiles|Law, Business, and Consulting Services"
60748,ISP,Finance and Insurance|Insurance Carriers and Agencies|Computer and Information Technology
60753,Other,"Passenger Transit (Car, Bus, Taxi, Subway)|Freight, Shipment, and Postal Services|Retail Stores, Wholesale, and E-commerce Sites|Manufacturing"
60763,ISP,"Internet Service Provider (ISP)|Computer and Information Technology|Electronics and Computer Components|Retail Stores, Wholesale, and E-commerce Sites"
60764,ISP,Computer and Information Technology|Not Validating RPKI ROV|Internet Service Provider (ISP)
60768,Content/CDN,"Software Development|Service|Buildings, Repair, Maintenance (Pest Control, Landscaping, Cleaning, Locksmiths, Car Washes, etc)|Freight, Shipment, and Postal Services"
60771,ISP,Internet Service Provider (ISP)|Not Validating RPKI ROV|Computer and Information Technology
60773,ISP,Internet Service Provider (ISP)|Computer and Information Technology
60779,Other,"Retail Stores, Wholesale, and E-commerce Sites|Construction and Real Estate|Manufacturing|Buildings (Residential or Commercial)"
60796,Other,"Passenger Transit (Car, Bus, Taxi, Subway)|Freight, Shipment, and Postal Services|Water Transportation|Retail Stores, Wholesale, and E-commerce Sites"
60797,Other,"Retail Stores, Wholesale, and E-commerce Sites|Food, Grocery, Beverages"
60818,Other,"Service|Buildings, Repair, Maintenance (Pest Control, Landscaping, Cleaning, Locksmiths, Car Washes, etc)|Retail Stores, Wholesale, and E-commerce Sites|Electronics and Computer Components"
60826,Other,"Freight, Shipment, and Postal Services|Retail Stores, Wholesale, and E-commerce Sites|Passenger Transit (Car, Bus, Taxi, Subway)"
60827,Other,"Freight, Shipment, and Postal Services|Retail Stores, Wholesale, and E-commerce Sites"
60832,Other,"Food Services and Drinking Places|Retail Stores, Wholesale, and E-commerce Sites|Travel and Accommodation|Food, Grocery, Beverages"
60833,Enterprise,"Not Validating RPKI ROV|Retail Stores, Wholesale, and E-commerce Sites|Freight, Shipment, and Postal Services|Service"
60834,Content/CDN,Not Validating RPKI ROV|Computer and Information Technology|Hosting and Cloud Provider
60835,Other,Not Validating RPKI ROV|Health Care Services
60837,Other,"Freight, Shipment, and Postal Services|Water Transportation"
60840,ISP,Eyeball|Not Validating RPKI ROV|Computer and Information Technology|Internet Service Provider (ISP)
60852,Other,"Not Validating RPKI ROV|Media, Publishing, and Broadcasting|Print Media (Newspapers, Magazines, Books)|Freight, Shipment, and Postal Services"
60854,ISP,"Not Validating RPKI ROV|Computer and Information Technology|Construction and Real Estate|Retail Stores, Wholesale, and E-commerce Sites"
60856,ISP,Not Validating RPKI ROV|Computer and Information Technology|Internet Service Provider (ISP)
60862,Enterprise,"Law, Business, and Consulting Services|Retail Stores, Wholesale, and E-commerce Sites|Computer and Information Technology|Service"
60863,ISP,Computer and Information Technology|Internet Service Provider (ISP)|Software Development
60864,Other,"Not Validating RPKI ROV|Electronics and Computer Components|Metal, Glass, Wood, and Paper Manufacturing|Buildings (Residential or Commercial)"
60865,Other,"Banks, Credit Card Companies, Mortgage Providers|Finance and Insurance"
60866,Enterprise,"Music and Video Industry|Media, Publishing, and Broadcasting|Retail Stores, Wholesale, and E-commerce Sites|Law, Business, and Consulting Services"
60867,ISP,Internet Service Provider (ISP)|Computer and Information Technology
60872,Other,"Construction and Real Estate|Civil Engineering Construction (Utility Lines, Roads and Bridges)|Buildings (Residential or Commercial)"
60873,Enterprise,"Not Validating RPKI ROV|Law, Business, and Consulting Services|Service|Retail Stores, Wholesale, and E-commerce Sites"
60878,Other,"Museums, Libraries, and Entertainment|Print Media (Newspapers, Magazines, Books)|Media, Publishing, and Broadcasting"
60879,Content/CDN,"Computer and Information Technology|Hosting and Cloud Provider|Media, Publishing, and Broadcasting|Retail Stores, Wholesale, and E-commerce Sites"
60891,ISP,Eyeball|Not Validating RPKI ROV|Computer and Information Technology|Internet Service Provider (ISP)
60892,ISP,Internet Service Provider (ISP)|Computer and Information Technology
60904,ISP,Internet Service Provider (ISP)|Computer and Information Technology
60913,Other,"Food, Grocery, Beverages|Not Validating RPKI ROV|Retail Stores, Wholesale, and E-commerce Sites"
60915,ISP,Computer and Information Technology|Internet Service Provider (ISP)
60919,Content/CDN,Not Validating RPKI ROV|Computer and Information Technology|Hosting and Cloud Provider
60921,ISP,"Computer and Information Technology|Law, Business, and Consulting Services|Internet Service Provider (ISP)|Service"
60922,Content/CDN,Computer and Information Technology|Hosting and Cloud Provider
60931,ISP,"Internet Service Provider (ISP)|Software Development|Computer and Information Technology|Retail Stores, Wholesale, and E-commerce Sites"
60936,ISP,Eyeball|Not Validating RPKI ROV|Internet Service Provider (ISP)|Computer and Information Technology
60942,Other,Not Validating RPKI ROV|Automotive and Transportation|Construction and Real Estate|Buildings (Residential or Commercial)
60944,Other,"Finance and Insurance|Computer and Information Technology|Banks, Credit Card Companies, Mortgage Providers"
60954,Government,"Government and Public Administration|Government and Regulatory Agencies, Administrations, Departments, and Services"
60956,Other,"Retail Stores, Wholesale, and E-commerce Sites|Clothing and Textiles|Manufacturing|Clothing, Fashion, Luggage"
60957,Other,Service
60967,Content/CDN,"Software Development|Service|Real Estate (Residential and/or Commercial)|Law, Business, and Consulting Services"
60980,ISP,"Manufacturing|Civil Engineering Construction (Utility Lines, Roads and Bridges)|Internet Service Provider (ISP)|Construction and Real Estate"
60986,ISP,"Eyeball|Not Validating RPKI ROV|Museums, Libraries, and Entertainment|Banks, Credit Card Companies, Mortgage Providers"
60988,Content/CDN,"Service|Law, Business, and Consulting Services|Banks, Credit Card Companies, Mortgage Providers|Computer and Information Technology"
61009,Content/CDN,Education and Research|Software Development|Research and Development Organizations|Computer and Information Technology
61011,Other,"Retail Stores, Wholesale, and E-commerce Sites|Agriculture, Mining, and Refineries (Farming, Greenhouses, Mining, Forestry, and Animal Farming)"
61014,Government,Automotive and Transportation|Manufacturing|Government
61016,Eyeball,"Civil Engineering Construction (Utility Lines, Roads and Bridges)|Retail Stores, Wholesale, and E-commerce Sites|Electronics and Computer Components|Construction and Real Estate"
61021,ISP,Internet Service Provider (ISP)|Computer and Information Technology
61031,ISP,Computer and Information Technology|Not Validating RPKI ROV|Internet Service Provider (ISP)
61035,ISP,Internet Service Provider (ISP)|Hosting and Cloud Provider|Computer and Information Technology|Community Groups and Nonprofits
61039,Other,"Civil Engineering Construction (Utility Lines, Roads and Bridges)|Real Estate (Residential and/or Commercial)|Utilities (Excluding Internet Service)|Freight, Shipment, and Postal Services"
61040,ISP,"Retail Stores, Wholesale, and E-commerce Sites|Computer and Information Technology|Internet Service Provider (ISP)"
61041,Other,Real Estate (Residential and/or Commercial)|Construction and Real Estate
61043,ISP,Computer and Information Technology|Internet Service Provider (ISP)
61052,ISP,"Computer and Information Technology|Construction and Real Estate|Retail Stores, Wholesale, and E-commerce Sites|Internet Service Provider (ISP)"
61068,Other,"Print Media (Newspapers, Magazines, Books)|Not Validating RPKI ROV|Media, Publishing, and Broadcasting|Retail Stores, Wholesale, and E-commerce Sites"
61111,Content/CDN,Computer and Information Technology|Hosting and Cloud Provider
61118,Other,Not Validating RPKI ROV|Computer and Information Technology
61121,ISP,Computer and Information Technology|Not Validating RPKI ROV|Internet Service Provider (ISP)
61123,Other,"Agriculture, Mining, and Refineries (Farming, Greenhouses, Mining, Forestry, and Animal Farming)"
61140,Other,"Not Validating RPKI ROV|Retail Stores, Wholesale, and E-commerce Sites|Food, Grocery, Beverages"
61141,Other,"Freight, Shipment, and Postal Services|Real Estate (Residential and/or Commercial)|Construction and Real Estate|Media, Publishing, and Broadcasting"
61151,Other,"Finance and Insurance|Banks, Credit Card Companies, Mortgage Providers"
61152,Other,"Retail Stores, Wholesale, and E-commerce Sites|Not Validating RPKI ROV|Manufacturing|Clothing, Fashion, Luggage"
61156,ISP,Not Validating RPKI ROV|Service|Hosting and Cloud Provider|Software Development
61166,Other,"Retail Stores, Wholesale, and E-commerce Sites|Food, Grocery, Beverages|Travel and Accommodation"
61175,ISP,"Law, Business, and Consulting Services|Real Estate (Residential and/or Commercial)|Retail Stores, Wholesale, and E-commerce Sites|Technology Consulting Services"
61178,Enterprise,"Not Validating RPKI ROV|Law, Business, and Consulting Services|Service"
61187,Content/CDN,"Not Validating RPKI ROV|Computer and Information Technology|Print Media (Newspapers, Magazines, Books)|Media, Publishing, and Broadcasting"
61197,Other,"Retail Stores, Wholesale, and E-commerce Sites|Freight, Shipment, and Postal Services"
61206,Other,"Construction and Real Estate|Buildings (Residential or Commercial)|Freight, Shipment, and Postal Services|Service"
61223,ISP,"Not Validating RPKI ROV|Computer and Information Technology|Internet Service Provider (ISP)|Retail Stores, Wholesale, and E-commerce Sites"
61230,ISP,"Trucking|Retail Stores, Wholesale, and E-commerce Sites|Internet Service Provider (ISP)|Freight, Shipment, and Postal Services"
61237,Other,Not Validating RPKI ROV|Electronics and Computer Components|Manufacturing
61249,ISP,Computer and Information Technology|Internet Service Provider (ISP)
61259,Other,"Retail Stores, Wholesale, and E-commerce Sites"
61261,Other,"Retail Stores, Wholesale, and E-commerce Sites|Freight, Shipment, and Postal Services|Manufacturing"
61264,Other,"Manufacturing|Machinery|Utilities (Excluding Internet Service)|Retail Stores, Wholesale, and E-commerce Sites"
61265,Content/CDN,"Retail Stores, Wholesale, and E-commerce Sites|Hosting and Cloud Provider|Computer and Information Technology|Software Development"
61267,ISP,"Print Media (Newspapers, Magazines, Books)|Freight, Shipment, and Postal Services|Civil Engineering Construction (Utility Lines, Roads and Bridges)|Computer and Information Technology"
61269,Academic/Edu,"Media, Publishing, and Broadcasting|Computer and Information Technology|Elementary and Secondary Schools|Construction and Real Estate"
61276,Other,Construction and Real Estate|Not Validating RPKI ROV|Real Estate (Residential and/or Commercial)
61280,ISP,"Internet Service Provider (ISP)|Computer and Information Technology|Manufacturing|Print Media (Newspapers, Magazines, Books)"
61285,Other,"Civil Engineering Construction (Utility Lines, Roads and Bridges)|Construction and Real Estate"
61291,Other,"Civil Engineering Construction (Utility Lines, Roads and Bridges)|Buildings (Residential or Commercial)|Construction and Real Estate"
61293,ISP,"Not Validating RPKI ROV|Computer and Information Technology|Media, Publishing, and Broadcasting|Education and Research"
61305,Other,"Banks, Credit Card Companies, Mortgage Providers|Finance and Insurance"
61306,Content/CDN,"Computer and Information Technology|Media, Publishing, and Broadcasting|Software Development|Hosting and Cloud Provider"
61308,ISP,"Eyeball|Not Validating RPKI ROV|Retail Stores, Wholesale, and E-commerce Sites|Real Estate (Residential and/or Commercial)"
61318,ISP,Computer and Information Technology|Internet Service Provider (ISP)
61324,ISP,Not Validating RPKI ROV|Internet Service Provider (ISP)|Computer and Information Technology
61325,ISP,Buildings (Residential or Commercial)|Construction and Real Estate|Computer and Information Technology|Internet Service Provider (ISP)
61326,Other,"Not Validating RPKI ROV|Civil Engineering Construction (Utility Lines, Roads and Bridges)|Buildings (Residential or Commercial)|Clothing, Fashion, Luggage"
61358,Government,"Government and Regulatory Agencies, Administrations, Departments, and Services|Government and Public Administration"
61359,Other,"Retail Stores, Wholesale, and E-commerce Sites|Travel and Accommodation|Food Services and Drinking Places|Trucking"
61360,ISP,Eyeball|Computer and Information Technology|Internet Service Provider (ISP)|Home ISP
61372,ISP,"Internet Service Provider (ISP)|Not Validating RPKI ROV|Computer and Information Technology|Retail Stores, Wholesale, and E-commerce Sites"
61375,Other,"Computer and Information Technology|Freight, Shipment, and Postal Services|Postal Services and Couriers"
61378,Other,"Freight, Shipment, and Postal Services|Retail Stores, Wholesale, and E-commerce Sites"
61379,Enterprise,"Service|Media, Publishing, and Broadcasting|Print Media (Newspapers, Magazines, Books)|Law, Business, and Consulting Services"
61380,ISP,"Not Validating RPKI ROV|Computer and Information Technology|Internet Service Provider (ISP)|Retail Stores, Wholesale, and E-commerce Sites"
61382,ISP,"Not Validating RPKI ROV|Civil Engineering Construction (Utility Lines, Roads and Bridges)|Buildings (Residential or Commercial)|Internet Service Provider (ISP)"
61383,ISP,Internet Service Provider (ISP)|Computer and Information Technology
61390,ISP,"Eyeball|Not Validating RPKI ROV|Media, Publishing, and Broadcasting|Print Media (Newspapers, Magazines, Books)"
61396,Other,"Retail Stores, Wholesale, and E-commerce Sites|Electronics and Computer Components|Manufacturing"
61400,ISP,Eyeball|Not Validating RPKI ROV|Electronics and Computer Components|Automotive and Transportation
61403,ISP,Computer and Information Technology|Not Validating RPKI ROV|Internet Service Provider (ISP)
61406,ISP,"Computer and Information Technology|Not Validating RPKI ROV|Museums, Libraries, and Entertainment|Eyeball"
61409,Enterprise,"Service|Media, Publishing, and Broadcasting|Music and Video Industry|Retail Stores, Wholesale, and E-commerce Sites"
61410,Other,"Freight, Shipment, and Postal Services|Real Estate (Residential and/or Commercial)|Civil Engineering Construction (Utility Lines, Roads and Bridges)|Construction and Real Estate"
61416,Other,Not Validating RPKI ROV|Other
61424,ISP,Tor services|Not Validating RPKI ROV|Hosting and Cloud Provider|Internet Service Provider (ISP)
61431,ISP,"Internet Service Provider (ISP)|Construction and Real Estate|Computer and Information Technology|Freight, Shipment, and Postal Services"
61433,Other,"Construction and Real Estate|Not Validating RPKI ROV|Civil Engineering Construction (Utility Lines, Roads and Bridges)|Retail Stores, Wholesale, and E-commerce Sites"
61435,Other,"Freight, Shipment, and Postal Services|Civil Engineering Construction (Utility Lines, Roads and Bridges)|Construction and Real Estate|Manufacturing"
61436,Other,"Retail Stores, Wholesale, and E-commerce Sites|Food, Grocery, Beverages"
28703,ISP,Internet Service Provider (ISP)|Phone Provider|Computer and Information Technology
28709,Other,Software Development|Computer and Information Technology
28712,Other,"Finance and Insurance|Banks, Credit Card Companies, Mortgage Providers"
28719,ISP,Carrier|Phone Provider|Internet Service Provider (ISP)|Computer and Information Technology
28734,Content/CDN,"Computer and Information Technology|Finance and Insurance|Investment, Portfolio Management, Pensions and Funds|Service"
28736,ISP,"Not Validating RPKI ROV|Civil Engineering Construction (Utility Lines, Roads and Bridges)|Internet Service Provider (ISP)|Service"
28738,ISP,Eyeball|Not Validating RPKI ROV|Computer and Information Technology|Internet Service Provider (ISP)
28741,Enterprise,"Service|Food Services and Drinking Places|Personal Care and Lifestyle (Barber Shops, Nail Salons, Diet Centers, Laundry, etc)|Construction and Real Estate"
28745,ISP,Eyeball|Not Validating RPKI ROV|Internet Service Provider (ISP)|Computer and Information Technology
28761,ISP,Eyeball|Not Validating RPKI ROV|Internet Service Provider (ISP)|Computer and Information Technology
28762,ISP,"Media, Publishing, and Broadcasting|Internet Service Provider (ISP)|Retail Stores, Wholesale, and E-commerce Sites|Computer and Information Technology"
28769,ISP,Eyeball|Not Validating RPKI ROV|Internet Service Provider (ISP)|Computer and Information Technology
28775,ISP,"Eyeball|Not Validating RPKI ROV|Buildings (Residential or Commercial)|Civil Engineering Construction (Utility Lines, Roads and Bridges)"
28800,Academic/Edu,"Elementary and Secondary Schools|Colleges, Universities, and Professional Schools|Agriculture, Mining, and Refineries (Farming, Greenhouses, Mining, Forestry, and Animal Farming)|Education and Research"
28802,ISP,Phone Provider|Computer and Information Technology|Internet Service Provider (ISP)
28809,ISP,Computer and Information Technology|Internet Service Provider (ISP)|Phone Provider
28812,ISP,"Eyeball|Not Validating RPKI ROV|Retail Stores, Wholesale, and E-commerce Sites|Computer and Information Technology"
28825,ISP,Computer and Information Technology|Internet Service Provider (ISP)
28829,Other,"Banks, Credit Card Companies, Mortgage Providers|Finance and Insurance"
28832,ISP,Eyeball|Not Validating RPKI ROV|Internet Service Provider (ISP)|Computer and Information Technology
28840,ISP,Eyeball|Not Validating RPKI ROV|Education and Research|Elementary and Secondary Schools
28860,ISP,Phone Provider|Internet Service Provider (ISP)|Computer and Information Technology
28881,ISP,Internet Service Provider (ISP)|Computer and Information Technology|Eyeball
28884,ISP,Eyeball|Not Validating RPKI ROV|Internet Service Provider (ISP)|Computer and Information Technology
28890,ISP,Eyeball|Not Validating RPKI ROV|Internet Service Provider (ISP)|Computer and Information Technology
28891,ISP,Eyeball|Not Validating RPKI ROV|Computer and Information Technology|Internet Service Provider (ISP)
28899,Other,"Museums, Libraries, and Entertainment|Media, Publishing, and Broadcasting|Print Media (Newspapers, Magazines, Books)"
28900,ISP,"Construction and Real Estate|Freight, Shipment, and Postal Services|Computer and Information Technology|Law, Business, and Consulting Services"
28906,ISP,Not Validating RPKI ROV|Internet Service Provider (ISP)|Computer and Information Technology|Eyeball
28912,Other,"Finance and Insurance|Computer and Information Technology|Banks, Credit Card Companies, Mortgage Providers|Investment, Portfolio Management, Pensions and Funds"
28917,ISP,Eyeball|Not Validating RPKI ROV|Internet Service Provider (ISP)|Computer and Information Technology
28947,Academic/Edu,"Research and Development Organizations|Retail Stores, Wholesale, and E-commerce Sites|Education and Research"
28965,Eyeball,"Law, Business, and Consulting Services|Electric Power Generation, Transmission, Distribution|Museums, Libraries, and Entertainment|Utilities (Excluding Internet Service)"
28968,ISP,Computer and Information Technology|Not Validating RPKI ROV|Internet Service Provider (ISP)
28991,Government,"Not Validating RPKI ROV|Government and Public Administration|Travel and Accommodation|Freight, Shipment, and Postal Services"
29000,Other,"Not Validating RPKI ROV|Retail Stores, Wholesale, and E-commerce Sites|Civil Engineering Construction (Utility Lines, Roads and Bridges)|Buildings (Residential or Commercial)"
29031,ISP,"Eyeball|Not Validating RPKI ROV|Retail Stores, Wholesale, and E-commerce Sites|Agriculture, Mining, and Refineries (Farming, Greenhouses, Mining, Forestry, and Animal Farming)"
29038,Other,"Freight, Shipment, and Postal Services|Construction and Real Estate|Buildings (Residential or Commercial)|Civil Engineering Construction (Utility Lines, Roads and Bridges)"
29041,Academic/Edu,"Not Validating RPKI ROV|Retail Stores, Wholesale, and E-commerce Sites|Education and Research|Metal, Glass, Wood, and Paper Manufacturing"
29043,Other,Electronics and Computer Components|Manufacturing|Machinery|Chemical and Pharmaceutical Manufacturing
29053,ISP,Computer and Information Technology|Not Validating RPKI ROV|Internet Service Provider (ISP)
29069,ISP,Eyeball|Not Validating RPKI ROV|Home ISP|Computer and Information Technology
29071,Eyeball,Eyeball|Validating RPKI ROV|Electronics and Computer Components|Automotive and Transportation
29072,ISP,"Eyeball|Not Validating RPKI ROV|Museums, Libraries, and Entertainment|Internet Service Provider (ISP)"
29076,ISP,Eyeball|Not Validating RPKI ROV|Computer and Information Technology|Internet Service Provider (ISP)
29114,ISP,Computer and Information Technology|Internet Service Provider (ISP)
29124,ISP,Eyeball|Not Validating RPKI ROV|Computer and Information Technology|Internet Service Provider (ISP)
29125,ISP,Eyeball|Not Validating RPKI ROV|Internet Service Provider (ISP)|Computer and Information Technology
29128,ISP,Not Validating RPKI ROV|Internet Service Provider (ISP)|Computer and Information Technology|Eyeball
29147,Academic/Edu,"Colleges, Universities, and Professional Schools|Education and Research|Print Media (Newspapers, Magazines, Books)|Media, Publishing, and Broadcasting"
29182,ISP,Eyeball|Not Validating RPKI ROV|Hosting and Cloud Provider|Computer and Information Technology
29184,ISP,Not Validating RPKI ROV|Computer and Information Technology|Internet Service Provider (ISP)
29190,ISP,"Eyeball|Not Validating RPKI ROV|Retail Stores, Wholesale, and E-commerce Sites|Computer and Information Technology"
61960,ISP,Computer and Information Technology|Internet Service Provider (ISP)
29194,ISP,Eyeball|Not Validating RPKI ROV|Computer and Information Technology|Internet Service Provider (ISP)
29196,ISP,"Home ISP|Not Validating RPKI ROV|Media, Publishing, and Broadcasting|Computer and Information Technology"
61964,ISP,Computer and Information Technology|Not Validating RPKI ROV|Internet Service Provider (ISP)
61971,ISP,"Not Validating RPKI ROV|Print Media (Newspapers, Magazines, Books)|Media, Publishing, and Broadcasting|Retail Stores, Wholesale, and E-commerce Sites"
61976,Content/CDN,Content|Hosting and Cloud Provider|Computer and Information Technology|Server Hosting
29209,ISP,Computer and Information Technology|Internet Service Provider (ISP)
61980,ISP,Internet Service Provider (ISP)|Computer and Information Technology
61985,Other,"Not Validating RPKI ROV|Media, Publishing, and Broadcasting|Online Informational Content|Travel and Accommodation"
61991,Other,"Real Estate (Residential and/or Commercial)|Media, Publishing, and Broadcasting|Print Media (Newspapers, Magazines, Books)|Construction and Real Estate"
61992,ISP,"Service|Computer and Information Technology|Museums, Libraries, and Entertainment|Internet Service Provider (ISP)"
29225,ISP,Internet Service Provider (ISP)|Computer and Information Technology
29226,ISP,Eyeball|Not Validating RPKI ROV|Internet Service Provider (ISP)|Computer and Information Technology
29233,ISP,Not Validating RPKI ROV|Computer and Information Technology|Internet Service Provider (ISP)|Eyeball
62004,ISP,Computer and Information Technology|Internet Service Provider (ISP)
62006,Eyeball,"Not Validating RPKI ROV|Real Estate (Residential and/or Commercial)|Buildings (Residential or Commercial)|Civil Engineering Construction (Utility Lines, Roads and Bridges)"
62008,ISP,Computer and Information Technology|Not Validating RPKI ROV|Internet Service Provider (ISP)
62010,ISP,"Service|Computer and Information Technology|Construction and Real Estate|Buildings, Repair, Maintenance (Pest Control, Landscaping, Cleaning, Locksmiths, Car Washes, etc)"
62019,ISP,Not Validating RPKI ROV|Internet Service Provider (ISP)|Hosting and Cloud Provider|Software Development
29258,Other,"Construction and Real Estate|Civil Engineering Construction (Utility Lines, Roads and Bridges)|Buildings (Residential or Commercial)|Retail Stores, Wholesale, and E-commerce Sites"
62029,Other,Computer and Information Technology|Construction and Real Estate|Community Groups and Nonprofits|Radio and Television Providers
62036,Other,Buildings (Residential or Commercial)|Construction and Real Estate
62040,ISP,Eyeball|Not Validating RPKI ROV|Internet Service Provider (ISP)|Computer and Information Technology
62046,ISP,"Not Validating RPKI ROV|Hosting and Cloud Provider|Computer and Information Technology|Retail Stores, Wholesale, and E-commerce Sites"
29285,ISP,Computer and Information Technology|Internet Service Provider (ISP)
62056,Other,Computer and Information Technology
62063,Academic/Edu,"Not Validating RPKI ROV|Education and Research|Elementary and Secondary Schools|Colleges, Universities, and Professional Schools"
62065,Other,"Civil Engineering Construction (Utility Lines, Roads and Bridges)|Construction and Real Estate|Computer and Information Technology|Buildings (Residential or Commercial)"
62067,ISP,Internet Service Provider (ISP)|Computer and Information Technology
62069,ISP,"Media, Publishing, and Broadcasting|Computer and Information Technology|Print Media (Newspapers, Magazines, Books)|Law, Business, and Consulting Services"
29303,ISP,Eyeball|Not Validating RPKI ROV|Computer and Information Technology|Internet Service Provider (ISP)
29304,ISP,Electronics and Computer Components|Not Validating RPKI ROV|Internet Service Provider (ISP)|Trucking
62082,ISP,VPN Host|Computer and Information Technology|Internet Service Provider (ISP)|Hosting and Cloud Provider
62084,ISP,Computer and Information Technology|Internet Service Provider (ISP)|Finance and Insurance
29319,ISP,Eyeball|Not Validating RPKI ROV|Computer and Information Technology|Internet Service Provider (ISP)
62088,ISP,Computer and Information Technology|Internet Service Provider (ISP)|Eyeball
29329,ISP,Home ISP|Not Validating RPKI ROV|Computer and Information Technology|Internet Service Provider (ISP)
62103,Other,"Retail Stores, Wholesale, and E-commerce Sites|Not Validating RPKI ROV|Service|Buildings, Repair, Maintenance (Pest Control, Landscaping, Cleaning, Locksmiths, Car Washes, etc)"
62115,Other,Not Validating RPKI ROV|Manufacturing|Chemical and Pharmaceutical Manufacturing|Clothing and Textiles
62122,ISP,Not Validating RPKI ROV|Finance and Insurance|Real Estate (Residential and/or Commercial)|Construction and Real Estate
62128,Enterprise,"Law, Business, and Consulting Services|Media, Publishing, and Broadcasting|Service"
62130,Enterprise,"Service|Not Validating RPKI ROV|Finance and Insurance|Banks, Credit Card Companies, Mortgage Providers"
29363,Other,"Not Validating RPKI ROV|Buildings (Residential or Commercial)|Civil Engineering Construction (Utility Lines, Roads and Bridges)|Construction and Real Estate"
62133,Other,Not Validating RPKI ROV
62135,ISP,"Freight, Shipment, and Postal Services|Computer and Information Technology|Internet Service Provider (ISP)"
62142,ISP,Computer and Information Technology|Internet Service Provider (ISP)
62143,Academic/Edu,"Research and Development Organizations|Education and Research|Buildings (Residential or Commercial)|Civil Engineering Construction (Utility Lines, Roads and Bridges)"
62150,ISP,"Not Validating RPKI ROV|Print Media (Newspapers, Magazines, Books)|Computer and Information Technology|Internet Service Provider (ISP)"
29388,ISP,Computer and Information Technology|Internet Service Provider (ISP)
62169,Other,"Automotive and Transportation|Buildings, Repair, Maintenance (Pest Control, Landscaping, Cleaning, Locksmiths, Car Washes, etc)|Community Groups and Nonprofits|Retail Stores, Wholesale, and E-commerce Sites"
29407,Academic/Edu,"Print Media (Newspapers, Magazines, Books)|Education and Research|Elementary and Secondary Schools|Media, Publishing, and Broadcasting"
29420,ISP,Not Validating RPKI ROV|Internet Service Provider (ISP)|Hosting and Cloud Provider|Computer and Information Technology
29425,Other,"Computer and Information Technology|Recreation, Sports, and Performing Arts|Boarding Houses, Dormitories, Workers’ Camps|Service"
29426,ISP,Not Validating RPKI ROV|Computer and Information Technology|Internet Service Provider (ISP)|Eyeball
62200,Academic/Edu,"Computer and Information Technology|Colleges, Universities, and Professional Schools|Museums, Libraries, and Entertainment|Education and Research"
62205,ISP,Internet Service Provider (ISP)|Not Validating RPKI ROV|Computer and Information Technology
62207,Unknown,
29450,ISP,"Service|Law, Business, and Consulting Services|Computer and Network Security|Print Media (Newspapers, Magazines, Books)"
62218,ISP,"Not Validating RPKI ROV|Internet Service Provider (ISP)|Retail Stores, Wholesale, and E-commerce Sites|Computer and Information Technology"
62221,Content/CDN,"Motor Vehicles and Parts|Freight, Shipment, and Postal Services|Computer and Information Technology|Retail Stores, Wholesale, and E-commerce Sites"
62222,Content/CDN,"Content|Hosting and Cloud Provider|Retail Stores, Wholesale, and E-commerce Sites|Computer and Information Technology"
29456,ISP,Eyeball|Not Validating RPKI ROV|Computer and Information Technology|Internet Service Provider (ISP)
29470,ISP,"Eyeball|Validating RPKI ROV|Media, Publishing, and Broadcasting|Print Media (Newspapers, Magazines, Books)"
62241,ISP,"Construction and Real Estate|Not Validating RPKI ROV|Internet Service Provider (ISP)|Retail Stores, Wholesale, and E-commerce Sites"
62243,Academic/Edu,Service|Research and Development Organizations|Software Development|Computer and Information Technology
29476,ISP,"Internet Service Provider (ISP)|Service|Human Rights and Social Advocacy (Human Rights, Environment and Wildlife Conservation, Other)|Community Groups and Nonprofits"
62247,Enterprise,"Law, Business, and Consulting Services|Not Validating RPKI ROV|Service"
29493,Academic/Edu,Health Care Services|Education and Research|Elementary and Secondary Schools|Research and Development Organizations
62261,ISP,"Freight, Shipment, and Postal Services|Internet Service Provider (ISP)|Computer and Information Technology"
62264,Enterprise,"Law, Business, and Consulting Services|Service"
29497,ISP,Eyeball|Not Validating RPKI ROV|Home ISP|Internet Service Provider (ISP)
62266,Content/CDN,"Not Validating RPKI ROV|Hosting, Cloud Provider, Data Center, Server Colocation|Computer and Information Technology|Hosting and Cloud Provider"
62268,ISP,"Computer and Information Technology|Law, Business, and Consulting Services|Internet Service Provider (ISP)|Service"
29503,Other,"Freight, Shipment, and Postal Services|Real Estate (Residential and/or Commercial)|Buildings (Residential or Commercial)|Construction and Real Estate"
62272,ISP,"Internet Service Provider (ISP)|Civil Engineering Construction (Utility Lines, Roads and Bridges)|Retail Stores, Wholesale, and E-commerce Sites|Construction and Real Estate"
29509,ISP,Computer and Information Technology|Internet Service Provider (ISP)
62283,Enterprise,"Law, Business, and Consulting Services|Computer and Information Technology|Service"
62286,ISP,Not Validating RPKI ROV|Computer and Information Technology|Internet Service Provider (ISP)
62287,ISP,"Eyeball|Music and Video Industry|Media, Publishing, and Broadcasting|Internet Service Provider (ISP)"
62288,ISP,Computer and Information Technology|Internet Service Provider (ISP)
62293,Other,"Trucking|Passenger Transit (Car, Bus, Taxi, Subway)|Retail Stores, Wholesale, and E-commerce Sites|Freight, Shipment, and Postal Services"
62295,ISP,"Computer and Information Technology|Retail Stores, Wholesale, and E-commerce Sites|Buildings, Repair, Maintenance (Pest Control, Landscaping, Cleaning, Locksmiths, Car Washes, etc)|Internet Service Provider (ISP)"
29528,Enterprise,"Law, Business, and Consulting Services|Service|Freight, Shipment, and Postal Services"
29530,Content/CDN,Computer and Information Technology|Hosting and Cloud Provider
62314,ISP,Computer and Information Technology|Not Validating RPKI ROV|Internet Service Provider (ISP)
29547,ISP,"Passenger Transit (Car, Bus, Taxi, Subway)|Service|Internet Service Provider (ISP)|Software Development"
62316,Other,"Service|Freight, Shipment, and Postal Services|Retail Stores, Wholesale, and E-commerce Sites|Buildings, Repair, Maintenance (Pest Control, Landscaping, Cleaning, Locksmiths, Car Washes, etc)"
29554,Other,"Media, Publishing, and Broadcasting"
29561,Other,"Retail Stores, Wholesale, and E-commerce Sites|Tranco 10k Host"
62330,Other,"Manufacturing|Service|Electronics and Computer Components|Retail Stores, Wholesale, and E-commerce Sites"
62331,Eyeball,"Eyeball|Not Validating RPKI ROV|Agriculture, Mining, and Refineries (Farming, Greenhouses, Mining, Forestry, and Animal Farming)|Radio and Television Providers"
62333,Other,"Agriculture, Mining, and Refineries (Farming, Greenhouses, Mining, Forestry, and Animal Farming)"
29567,Academic/Edu,Research and Development Organizations|Service|Education and Research
62340,ISP,Not Validating RPKI ROV|Computer and Information Technology|Manufacturing|Internet Service Provider (ISP)
62344,Other,"Online Informational Content|Media, Publishing, and Broadcasting"
62345,Other,"Metal, Glass, Wood, and Paper Manufacturing|Manufacturing"
62347,ISP,Eyeball|Home ISP|Computer and Information Technology|Internet Service Provider (ISP)
62348,ISP,Internet Service Provider (ISP)|Computer and Information Technology
29581,Academic/Edu,"Colleges, Universities, and Professional Schools|Education and Research|Print Media (Newspapers, Magazines, Books)|Elementary and Secondary Schools"
29588,ISP,Eyeball|Not Validating RPKI ROV|Internet Service Provider (ISP)|Computer and Information Technology
62356,Other,"Construction and Real Estate|Civil Engineering Construction (Utility Lines, Roads and Bridges)|Buildings (Residential or Commercial)"
62358,Other,"Not Validating RPKI ROV|Construction and Real Estate|Civil Engineering Construction (Utility Lines, Roads and Bridges)|Electric Power Generation, Transmission, Distribution"
62360,Eyeball,"Not Validating RPKI ROV|Construction and Real Estate|Civil Engineering Construction (Utility Lines, Roads and Bridges)|Eyeball"
62366,ISP,Computer and Information Technology|Internet Service Provider (ISP)
29603,Other,"Finance and Insurance|Banks, Credit Card Companies, Mortgage Providers"
62378,ISP,"Retail Stores, Wholesale, and E-commerce Sites|Computer and Information Technology|Manufacturing|Internet Service Provider (ISP)"
62379,Academic/Edu,Research and Development Organizations|Education and Research
62382,Other,"Manufacturing|Computer and Information Technology|Search|Food, Beverage, and Tobacco"
62389,Other,"Service|Construction and Real Estate|Retail Stores, Wholesale, and E-commerce Sites|Buildings, Repair, Maintenance (Pest Control, Landscaping, Cleaning, Locksmiths, Car Washes, etc)"
62399,ISP,Computer and Information Technology|Internet Service Provider (ISP)
29634,Other,"Retail Stores, Wholesale, and E-commerce Sites|Software Development|Computer and Information Technology|Media, Publishing, and Broadcasting"
62402,Academic/Edu,"Not Validating RPKI ROV|Elementary and Secondary Schools|Colleges, Universities, and Professional Schools|Education and Research"
62404,ISP,"Not Validating RPKI ROV|Civil Engineering Construction (Utility Lines, Roads and Bridges)|Postal Services and Couriers|Buildings (Residential or Commercial)"
62410,ISP,Eyeball|Not Validating RPKI ROV|Internet Service Provider (ISP)|Service
29648,ISP,Internet Service Provider (ISP)|Not Validating RPKI ROV|Computer and Information Technology
62422,Government,"Government and Regulatory Agencies, Administrations, Departments, and Services|Government and Public Administration"
62423,ISP,Eyeball|Not Validating RPKI ROV|Home ISP|Internet Service Provider (ISP)
62426,Other,Community Groups and Nonprofits
62429,ISP,Computer and Information Technology|Internet Service Provider (ISP)
62432,ISP,"Not Validating RPKI ROV|Internet Service Provider (ISP)|Software Development|Retail Stores, Wholesale, and E-commerce Sites"
62439,ISP,"Media, Publishing, and Broadcasting|Internet Service Provider (ISP)|Software Development|Retail Stores, Wholesale, and E-commerce Sites"
62440,ISP,"Eyeball|Not Validating RPKI ROV|Civil Engineering Construction (Utility Lines, Roads and Bridges)|Internet Service Provider (ISP)"
62444,Other,"Construction and Real Estate|Civil Engineering Construction (Utility Lines, Roads and Bridges)|Retail Stores, Wholesale, and E-commerce Sites"
62446,ISP,"Not Validating RPKI ROV|Retail Stores, Wholesale, and E-commerce Sites|Civil Engineering Construction (Utility Lines, Roads and Bridges)|Computer and Information Technology"
62450,ISP,Computer and Information Technology|Internet Service Provider (ISP)|Eyeball
62459,ISP,Computer and Information Technology|Not Validating RPKI ROV|Internet Service Provider (ISP)
62461,Other,Real Estate (Residential and/or Commercial)|Construction and Real Estate
62462,ISP,Internet Service Provider (ISP)|Computer and Information Technology
30721,ISP,Validating RPKI ROV|Computer and Information Technology|Internet Service Provider (ISP)|Eyeball
30729,ISP,Not Validating RPKI ROV|Internet Service Provider (ISP)|Computer and Information Technology|Eyeball
30733,ISP,"Eyeball|Not Validating RPKI ROV|Computer and Information Technology|Civil Engineering Construction (Utility Lines, Roads and Bridges)"
30745,ISP,Eyeball|Internet Service Provider (ISP)|Computer and Information Technology
30749,ISP,Internet Service Provider (ISP)|Computer and Information Technology|Phone Provider
30751,ISP,Computer and Information Technology|Internet Service Provider (ISP)
30767,ISP,"Internet Service Provider (ISP)|Retail Stores, Wholesale, and E-commerce Sites|Computer and Information Technology"
30768,ISP,Not Validating RPKI ROV|Computer and Information Technology|Hosting and Cloud Provider|Internet Service Provider (ISP)
30784,ISP,Not Validating RPKI ROV|Internet Service Provider (ISP)|Computer and Information Technology|Home ISP
30812,Academic/Edu,"Agriculture, Mining, and Refineries (Farming, Greenhouses, Mining, Forestry, and Animal Farming)|Colleges, Universities, and Professional Schools|Education and Research|Elementary and Secondary Schools"
30822,ISP,"Law, Business, and Consulting Services|Not Validating RPKI ROV|Construction and Real Estate|Internet Service Provider (ISP)"
30831,ISP,"Not Validating RPKI ROV|Electronics and Computer Components|Manufacturing|Civil Engineering Construction (Utility Lines, Roads and Bridges)"
30833,ISP,Eyeball|Not Validating RPKI ROV|Construction and Real Estate|Computer and Information Technology
30835,ISP,"Automotive and Transportation|Manufacturing|Civil Engineering Construction (Utility Lines, Roads and Bridges)|Construction and Real Estate"
30852,ISP,"Not Validating RPKI ROV|Service|Government and Regulatory Agencies, Administrations, Departments, and Services|Government and Public Administration"
30853,Academic/Edu,"Agriculture, Mining, and Refineries (Farming, Greenhouses, Mining, Forestry, and Animal Farming)|Computer and Information Technology|Research and Development Organizations|Education and Research"
30854,ISP,Not Validating RPKI ROV|Buildings (Residential or Commercial)|Internet Service Provider (ISP)|Hosting and Cloud Provider
30855,ISP,Eyeball|Not Validating RPKI ROV|Internet Service Provider (ISP)|Service
30856,Other,"Manufacturing|Metal, Glass, Wood, and Paper Manufacturing|Buildings (Residential or Commercial)|Construction and Real Estate"
30868,ISP,Eyeball|Home ISP|Computer and Information Technology|Internet Service Provider (ISP)
30869,ISP,Computer and Information Technology|Internet Service Provider (ISP)|Academic
30871,ISP,Internet Service Provider (ISP)|Computer and Information Technology
30877,ISP,Internet Service Provider (ISP)|Not Validating RPKI ROV|Computer and Information Technology
30881,ISP,Eyeball|Not Validating RPKI ROV|Internet Service Provider (ISP)|Computer and Information Technology
30911,Academic/Edu,"Print Media (Newspapers, Magazines, Books)|Education and Research|Elementary and Secondary Schools|Colleges, Universities, and Professional Schools"
30920,ISP,"Clothing, Fashion, Luggage|Finance and Insurance|Computer and Information Technology|Retail Stores, Wholesale, and E-commerce Sites"
30922,ISP,Eyeball|Not Validating RPKI ROV|Internet Service Provider (ISP)|Computer and Information Technology
30924,Other,"Automotive and Transportation|Retail Stores, Wholesale, and E-commerce Sites|Machinery|Real Estate (Residential and/or Commercial)"
30928,Enterprise,Service|Construction and Real Estate|Computer and Information Technology|Real Estate (Residential and/or Commercial)
30936,ISP,"Eyeball|Internet Service Provider (ISP)|Retail Stores, Wholesale, and E-commerce Sites|Computer and Information Technology"
30943,Other,"VPN Host|Recreation, Sports, and Performing Arts|Media, Publishing, and Broadcasting|Museums, Libraries, and Entertainment"
30952,ISP,"Banks, Credit Card Companies, Mortgage Providers|Internet Service Provider (ISP)|Investment, Portfolio Management, Pensions and Funds|Finance and Insurance"
30953,ISP,"Not Validating RPKI ROV|Computer and Information Technology|Food, Beverage, and Tobacco|Agriculture, Mining, and Refineries (Farming, Greenhouses, Mining, Forestry, and Animal Farming)"
30960,Enterprise,"Law, Business, and Consulting Services|Not Validating RPKI ROV|Construction and Real Estate|Service"
30968,ISP,"Computer and Information Technology|Construction and Real Estate|Finance and Insurance|Civil Engineering Construction (Utility Lines, Roads and Bridges)"
30974,ISP,Phone Provider|Internet Service Provider (ISP)|Computer and Information Technology
31028,ISP,Eyeball|Not Validating RPKI ROV|Computer and Information Technology|Internet Service Provider (ISP)
31036,ISP,Eyeball|Home ISP|Computer and Information Technology|Internet Service Provider (ISP)
31059,ISP,Eyeball|Internet Service Provider (ISP)|Computer and Information Technology
31088,ISP,Computer and Information Technology|Internet Service Provider (ISP)
31094,ISP,Computer and Information Technology|Internet Service Provider (ISP)|Phone Provider
31112,ISP,Internet Service Provider (ISP)|Computer and Information Technology
31133,ISP,Eyeball|Validating RPKI ROV|Computer and Information Technology|Internet Service Provider (ISP)
31138,ISP,Buildings (Residential or Commercial)|Internet Service Provider (ISP)|Computer and Information Technology|Construction and Real Estate
31163,ISP,Eyeball|Not Validating RPKI ROV|Computer and Information Technology|Internet Service Provider (ISP)
31174,Other,"Tranco 10k Host|Not Validating RPKI ROV|Banks, Credit Card Companies, Mortgage Providers|Finance and Insurance"
31183,ISP,"Not Validating RPKI ROV|Print Media (Newspapers, Magazines, Books)|Law, Business, and Consulting Services|Service"
31185,ISP,Internet Service Provider (ISP)|Phone Provider|Computer and Information Technology
31191,ISP,Computer and Information Technology|Internet Service Provider (ISP)
31192,Other,"Service|Software Development|Retail Stores, Wholesale, and E-commerce Sites|Computer and Information Technology"
31195,ISP,Eyeball|Validating RPKI ROV|Computer and Information Technology|Internet Service Provider (ISP)
31200,ISP,"Eyeball|Not Validating RPKI ROV|Construction and Real Estate|Civil Engineering Construction (Utility Lines, Roads and Bridges)"
31205,ISP,Eyeball|Not Validating RPKI ROV|Computer and Information Technology|Internet Service Provider (ISP)
31208,ISP,Eyeball|Not Validating RPKI ROV|Internet Service Provider (ISP)|Computer and Information Technology
31213,ISP,Eyeball|Computer and Information Technology|Internet Service Provider (ISP)|Home ISP
31214,ISP,Eyeball|Not Validating RPKI ROV|Computer and Information Technology|Internet Service Provider (ISP)
31224,ISP,Eyeball|Computer and Information Technology|Internet Service Provider (ISP)|Home ISP
31225,ISP,Internet Service Provider (ISP)|Not Validating RPKI ROV|Construction and Real Estate|Computer and Information Technology
31240,ISP,Computer and Information Technology|Internet Service Provider (ISP)|Hosting and Cloud Provider|Software Development
31257,ISP,Eyeball|Not Validating RPKI ROV|Internet Service Provider (ISP)|Computer and Information Technology
31261,ISP,Eyeball|Not Validating RPKI ROV|Manufacturing|Internet Service Provider (ISP)
31268,ISP,Computer and Information Technology|Internet Service Provider (ISP)
31275,ISP,Eyeball|Internet Service Provider (ISP)|Computer and Information Technology
31277,ISP,Internet Service Provider (ISP)|Computer and Information Technology
31286,ISP,Eyeball|Not Validating RPKI ROV|Home ISP|Computer and Information Technology
31294,Eyeball,"Eyeball|Civil Engineering Construction (Utility Lines, Roads and Bridges)|Buildings (Residential or Commercial)|Construction and Real Estate"
31302,ISP,"Computer and Information Technology|Music and Video Industry|Media, Publishing, and Broadcasting|Internet Service Provider (ISP)"
31314,Eyeball,"Not Validating RPKI ROV|Retail Stores, Wholesale, and E-commerce Sites|Buildings, Repair, Maintenance (Pest Control, Landscaping, Cleaning, Locksmiths, Car Washes, etc)|Service"
31324,Government,"Government and Regulatory Agencies, Administrations, Departments, and Services|Government and Public Administration|Government"
31336,ISP,"Media, Publishing, and Broadcasting|Hosting and Cloud Provider|Computer and Information Technology|Software Development"
31338,ISP,Computer and Information Technology|Internet Service Provider (ISP)
31344,Academic/Edu,"Retail Stores, Wholesale, and E-commerce Sites|Manufacturing|Education and Research|Research and Development Organizations"
31353,ISP,Phone Provider|Computer and Information Technology|Internet Service Provider (ISP)
31357,ISP,"Eyeball|Not Validating RPKI ROV|Buildings (Residential or Commercial)|Civil Engineering Construction (Utility Lines, Roads and Bridges)"
31359,ISP,Eyeball|Not Validating RPKI ROV|Computer and Information Technology|Internet Service Provider (ISP)
31363,ISP,"Eyeball|Computer and Information Technology|Music and Video Industry|Media, Publishing, and Broadcasting"
31364,ISP,Eyeball|Not Validating RPKI ROV|Computer and Information Technology|Internet Service Provider (ISP)
31368,ISP,"Service|Law, Business, and Consulting Services|Buildings, Repair, Maintenance (Pest Control, Landscaping, Cleaning, Locksmiths, Car Washes, etc)|Radio and Television Providers"
31370,ISP,Eyeball|Not Validating RPKI ROV|Trucking|Internet Service Provider (ISP)
31376,ISP,Eyeball|Not Validating RPKI ROV|Internet Service Provider (ISP)|Computer and Information Technology
31379,Other,"Not Validating RPKI ROV|Real Estate (Residential and/or Commercial)|Buildings (Residential or Commercial)|Civil Engineering Construction (Utility Lines, Roads and Bridges)"
31425,ISP,Phone Provider|Internet Service Provider (ISP)|Computer and Information Technology
31430,ISP,Eyeball|Not Validating RPKI ROV|Computer and Information Technology|Internet Service Provider (ISP)
31444,ISP,Computer and Information Technology|Not Validating RPKI ROV|Internet Service Provider (ISP)
31462,Other,"Investment, Portfolio Management, Pensions and Funds|Construction and Real Estate|Computer and Information Technology|Real Estate (Residential and/or Commercial)"
31470,Other,"Civil Engineering Construction (Utility Lines, Roads and Bridges)|Buildings (Residential or Commercial)|Agriculture, Mining, and Refineries (Farming, Greenhouses, Mining, Forestry, and Animal Farming)|Manufacturing"
31480,ISP,"Retail Stores, Wholesale, and E-commerce Sites|Construction and Real Estate|Computer and Information Technology|Internet Service Provider (ISP)"
31483,ISP,"Tranco 10k Host|Media, Publishing, and Broadcasting|Music and Video Industry|Computer and Information Technology"
31484,ISP,Eyeball|Internet Service Provider (ISP)|Computer and Information Technology
31494,ISP,"Music and Video Industry|Internet Service Provider (ISP)|Media, Publishing, and Broadcasting|Computer and Information Technology"
31496,ISP,Phone Provider|Internet Service Provider (ISP)|Computer and Information Technology
31499,ISP,Eyeball|Not Validating RPKI ROV|Software Development|Phone Provider
31501,ISP,Internet Service Provider (ISP)|Computer and Information Technology
31503,ISP,"Internet Service Provider (ISP)|Media, Publishing, and Broadcasting|Retail Stores, Wholesale, and E-commerce Sites|Computer and Information Technology"
31512,ISP,Internet Service Provider (ISP)|Buildings (Residential or Commercial)|Construction and Real Estate|Computer and Information Technology
31514,ISP,Not Validating RPKI ROV|Computer and Information Technology|Internet Service Provider (ISP)|Home ISP
31558,ISP,Eyeball|Not Validating RPKI ROV|Computer and Information Technology|Internet Service Provider (ISP)
31566,ISP,Eyeball|Manufacturing|Internet Service Provider (ISP)|Software Development
31575,Academic/Edu,"Education and Research|Colleges, Universities, and Professional Schools|Academic"
31585,ISP,Eyeball|Computer and Information Technology|Internet Service Provider (ISP)
31620,Other,"Clothing, Fashion, Luggage|Food Services and Drinking Places|Retail Stores, Wholesale, and E-commerce Sites|Travel and Accommodation"
31626,ISP,"Civil Engineering Construction (Utility Lines, Roads and Bridges)|Food Services and Drinking Places|Travel and Accommodation|Freight, Shipment, and Postal Services"
64409,ISP,Manufacturing|Electronics and Computer Components|Computer and Information Technology|Construction and Real Estate
31643,ISP,"Civil Engineering Construction (Utility Lines, Roads and Bridges)|Not Validating RPKI ROV|Computer and Information Technology|Electronics and Computer Components"
31649,ISP,"Computer and Information Technology|Internet Service Provider (ISP)|Freight, Shipment, and Postal Services"
64419,ISP,"Computer and Information Technology|Not Validating RPKI ROV|Internet Service Provider (ISP)|Retail Stores, Wholesale, and E-commerce Sites"
64423,Eyeball,"Not Validating RPKI ROV|Service|Finance and Insurance|Law, Business, and Consulting Services"
31656,ISP,"Civil Engineering Construction (Utility Lines, Roads and Bridges)|Internet Service Provider (ISP)|Retail Stores, Wholesale, and E-commerce Sites|Computer and Information Technology"
64429,ISP,"Construction and Real Estate|Civil Engineering Construction (Utility Lines, Roads and Bridges)|Buildings (Residential or Commercial)|Computer and Information Technology"
64432,ISP,"VPN Host|Computer and Information Technology|Retail Stores, Wholesale, and E-commerce Sites|Electronics and Computer Components"
64433,ISP,Not Validating RPKI ROV|Internet Service Provider (ISP)|Computer and Information Technology
64439,Content/CDN,"Hosting and Cloud Provider|Not Validating RPKI ROV|Service|Buildings, Repair, Maintenance (Pest Control, Landscaping, Cleaning, Locksmiths, Car Washes, etc)"
64450,Other,Construction and Real Estate|Real Estate (Residential and/or Commercial)
31690,ISP,Not Validating RPKI ROV|Construction and Real Estate|Computer and Information Technology|Internet Service Provider (ISP)
31692,ISP,"Eyeball|Internet Service Provider (ISP)|Computer and Information Technology|Media, Publishing, and Broadcasting"
64461,Enterprise,"Freight, Shipment, and Postal Services|Service|Postal Services and Couriers|Law, Business, and Consulting Services"
31695,ISP,Eyeball|Not Validating RPKI ROV|Service|Radio and Television Providers
64469,Content/CDN,Computer and Information Technology|Hosting and Cloud Provider
31703,Content/CDN,"Civil Engineering Construction (Utility Lines, Roads and Bridges)|Buildings (Residential or Commercial)|Computer and Information Technology|Construction and Real Estate"
64486,ISP,Computer and Information Technology|Internet Service Provider (ISP)
31720,ISP,"Retail Stores, Wholesale, and E-commerce Sites|Not Validating RPKI ROV|Internet Service Provider (ISP)|Computer and Information Technology"
64491,Other,Computer and Information Technology
31724,ISP,Eyeball|Not Validating RPKI ROV|Internet Service Provider (ISP)|Computer and Information Technology
64492,Other,"Food, Grocery, Beverages|Retail Stores, Wholesale, and E-commerce Sites"
64494,ISP,Computer and Information Technology|Manufacturing|Electronics and Computer Components|Internet Service Provider (ISP)
31738,Academic/Edu,"Not Validating RPKI ROV|Colleges, Universities, and Professional Schools|Retail Stores, Wholesale, and E-commerce Sites|Research and Development Organizations"
