asn,category,tags
131075,ISP,"Computer and Information Technology|Internet Service Provider (ISP)|Hosting and Cloud Provider|Law, Business, and Consulting Services"
131132,Other,"Radio and Television Providers|Media, Publishing, and Broadcasting|"
131133,Unknown,
131134,Other,Service|
131135,Other,"Media, Publishing, and Broadcasting|"
131136,Other,Software Development|Computer and Information Technology|
131137,Other,Manufacturing|Electronics and Computer Components|
131138,Other,Search|Computer and Information Technology|
131139,Other,Computer and Information Technology|Search|
131140,Other,Computer and Information Technology|Search|
131141,Other,Computer and Information Technology|Search|
131233,Enterprise,"Law, Business, and Consulting Services|Service|"
131285,ISP,Computer and Information Technology|Internet Service Provider (ISP)|Phone Provider|
131300,ISP,Hosting and Cloud Provider|Internet Service Provider (ISP)|Computer and Information Technology|
131301,ISP,Hosting and Cloud Provider|Computer and Information Technology|Internet Service Provider (ISP)|
131307,ISP,Computer and Information Technology|Hosting and Cloud Provider|Internet Service Provider (ISP)|
131311,ISP,Hosting and Cloud Provider|Computer and Information Technology|Internet Service Provider (ISP)|
131319,Other,Service|
131320,Other,Computer and Information Technology|
131325,ISP,Internet Service Provider (ISP)|Computer and Information Technology|
131326,ISP,Hosting and Cloud Provider|Internet Service Provider (ISP)|Computer and Information Technology|
131327,ISP,Hosting and Cloud Provider|Computer and Information Technology|Internet Service Provider (ISP)|
131335,ISP,Internet Service Provider (ISP)|Computer and Information Technology|Hosting and Cloud Provider|
131336,ISP,Hosting and Cloud Provider|Computer and Information Technology|Internet Service Provider (ISP)|
143350,Unknown,
131449,ISP,Computer and Information Technology|Hosting and Cloud Provider|Internet Service Provider (ISP)|
131450,ISP,Internet Service Provider (ISP)|Computer and Information Technology|Hosting and Cloud Provider|
131456,ISP,Internet Service Provider (ISP)|Computer and Information Technology|Hosting and Cloud Provider|
131457,ISP,Computer and Information Technology|Internet Service Provider (ISP)|Hosting and Cloud Provider|
143360,Unknown,
131469,ISP,Hosting and Cloud Provider|Computer and Information Technology|Internet Service Provider (ISP)|
131470,Other,"Media, Publishing, and Broadcasting|"
131481,Other,"Retail Stores, Wholesale, and E-commerce Sites|"
131482,ISP,Internet Service Provider (ISP)|Computer and Information Technology|Validating RPKI ROV|
131483,Other,"Computer and Information Technology|Retail Stores, Wholesale, and E-commerce Sites|Software Development|"
131484,Other,Computer and Information Technology|Software Development|
131485,Academic/Edu,Education and Research|
131486,Content/CDN,"Freight, Shipment, and Postal Services|Computer and Information Technology|Retail Stores, Wholesale, and E-commerce Sites|Recreation, Sports, and Performing Arts"
131487,Other,Computer and Information Technology|
131488,Other,"Media, Publishing, and Broadcasting|"
131489,Other,Software Development|Computer and Information Technology|
131490,Academic/Edu,Education and Research|Computer and Information Technology|
131491,ISP,Software Development|Computer and Information Technology|Internet Service Provider (ISP)|
131492,Other,"Personal Care and Lifestyle (Barber Shops, Nail Salons, Diet Centers, Laundry, etc)|Service|Retail Stores, Wholesale, and E-commerce Sites|Clothing, Fashion, Luggage"
131493,Enterprise,"Media, Publishing, and Broadcasting|Music and Video Industry|Computer and Information Technology|Law, Business, and Consulting Services"
131494,Other,Software Development|Computer and Information Technology|
131495,ISP,Software Development|Internet Service Provider (ISP)|Computer and Information Technology|
131496,Other,"Media, Publishing, and Broadcasting|Music and Video Industry|Online Music and Video Streaming Services|"
131497,Enterprise,"Automotive and Transportation|Law, Business, and Consulting Services|Service|Manufacturing"
131498,Enterprise,"Law, Business, and Consulting Services|Automotive and Transportation|Manufacturing|Service"
131499,Other,Computer and Information Technology|
131500,Other,Manufacturing|Electronics and Computer Components|
131501,Other,"Banks, Credit Card Companies, Mortgage Providers|Finance and Insurance|"
131502,Other,Computer and Information Technology|Software Development|
131503,Other,"Retail Stores, Wholesale, and E-commerce Sites|"
131504,Other,"Retail Stores, Wholesale, and E-commerce Sites|"
131505,Enterprise,"Service|Law, Business, and Consulting Services|"
131506,Other,"Online Informational Content|Music and Video Industry|Media, Publishing, and Broadcasting|"
131507,ISP,Computer and Information Technology|Internet Service Provider (ISP)|
131508,Other,Computer and Information Technology|
131509,Academic/Edu,Research and Development Organizations|Education and Research|
131510,Content/CDN,Computer and Information Technology|Hosting and Cloud Provider|
131511,Enterprise,"Computer and Information Technology|Service|Law, Business, and Consulting Services|"
131512,ISP,Computer and Information Technology|Internet Service Provider (ISP)|
131513,Other,Computer and Information Technology|
131514,Content/CDN,Hosting and Cloud Provider|Computer and Information Technology|
131515,ISP,Computer and Information Technology|Internet Service Provider (ISP)|
131516,ISP,Internet Service Provider (ISP)|Computer and Information Technology|Software Development|
131517,Content/CDN,Hosting and Cloud Provider|Computer and Information Technology|
131518,Academic/Edu,"Research and Development Organizations|Retail Stores, Wholesale, and E-commerce Sites|Education and Research|"
131519,Enterprise,"Machinery|Law, Business, and Consulting Services|Service|Manufacturing"
131520,Other,Software Development|Computer and Information Technology|
131521,Government,"Finance and Insurance|Investment, Portfolio Management, Pensions and Funds|Banks, Credit Card Companies, Mortgage Providers|Government and Public Administration"
131522,Other,Computer and Information Technology|
131523,Other,Software Development|Computer and Information Technology|
131524,Other,Software Development|Computer and Information Technology|Validating RPKI ROV|
131525,Other,"Software Development|Computer and Information Technology|Retail Stores, Wholesale, and E-commerce Sites|Travel and Accommodation"
131526,Unknown,
131527,Other,"Museums, Libraries, and Entertainment|Recreation, Sports, and Performing Arts|"
131528,Other,Computer and Information Technology|
131529,Other,Computer and Information Technology|
131530,Other,Computer and Information Technology|
131531,Enterprise,"Law, Business, and Consulting Services|Service|"
131532,Other,"Media, Publishing, and Broadcasting|Online Music and Video Streaming Services|Music and Video Industry|"
131533,Other,"Media, Publishing, and Broadcasting|"
131534,Other,"Retail Stores, Wholesale, and E-commerce Sites|"
131535,ISP,Internet Service Provider (ISP)|Computer and Information Technology|Software Development|
131536,Other,Computer and Information Technology|
131537,Content/CDN,Hosting and Cloud Provider|Computer and Information Technology|
131538,Other,Machinery|Manufacturing|
131539,Other,Computer and Information Technology|Software Development|
131540,Other,Computer and Information Technology|
131541,Unknown,
143377,Unknown,
131542,Unknown,
131544,Academic/Edu,Education and Research|Research and Development Organizations|
131545,Other,Computer and Information Technology|Software Development|
131546,Unknown,
131547,Other,Computer and Information Technology|
131548,Other,Computer and Information Technology|
131549,Unknown,
131550,Enterprise,"Retail Stores, Wholesale, and E-commerce Sites|Law, Business, and Consulting Services|Service|"
131551,Enterprise,"Retail Stores, Wholesale, and E-commerce Sites|Computer and Information Technology|Service|Law, Business, and Consulting Services"
131552,Unknown,
131553,Other,Computer and Information Technology|Software Development|
131554,ISP,Software Development|Computer and Information Technology|Internet Service Provider (ISP)|
131555,Other,Computer and Information Technology|
131556,Other,Manufacturing|Chemical and Pharmaceutical Manufacturing|
131557,Content/CDN,Computer and Information Technology|Hosting and Cloud Provider|
131558,Other,"Retail Stores, Wholesale, and E-commerce Sites|"
131559,Unknown,
131560,Other,Computer and Information Technology|
131561,Other,"Software Development|Computer and Information Technology|Retail Stores, Wholesale, and E-commerce Sites|"
131562,Other,"Anycast|Media, Publishing, and Broadcasting|Radio and Television Providers|"
131563,Unknown,
131564,Other,"Online Music and Video Streaming Services|Media, Publishing, and Broadcasting|Music and Video Industry|"
131565,Other,"Media, Publishing, and Broadcasting|Music and Video Industry|Online Music and Video Streaming Services|"
131566,Unknown,
131567,Other,Computer and Information Technology|
131568,Other,"Manufacturing|Retail Stores, Wholesale, and E-commerce Sites|Electronics and Computer Components|"
131569,ISP,Hosting and Cloud Provider|Internet Service Provider (ISP)|Computer and Information Technology|
131570,Other,Manufacturing|Machinery|
131571,Other,"Finance and Insurance|Banks, Credit Card Companies, Mortgage Providers|"
131572,Other,"Banks, Credit Card Companies, Mortgage Providers|Finance and Insurance|"
131573,Unknown,
131574,Other,Computer and Information Technology|
131575,Other,Computer and Information Technology|
131576,Other,"Banks, Credit Card Companies, Mortgage Providers|Finance and Insurance|"
131577,ISP,Internet Service Provider (ISP)|Computer and Information Technology|
131578,Academic/Edu,"Colleges, Universities, and Professional Schools|Education and Research|"
131579,ISP,"Media, Publishing, and Broadcasting|Radio and Television Providers|Internet Service Provider (ISP)|Computer and Information Technology"
131580,ISP,"Media, Publishing, and Broadcasting|Computer and Information Technology|Internet Service Provider (ISP)|Radio and Television Providers"
143383,Unknown,
143413,Unknown,
143414,Unknown,
143416,Unknown,
143417,Unknown,
143420,Unknown,
143431,Unknown,
143447,Unknown,
197433,ISP,"Eyeball|Media, Publishing, and Broadcasting|Internet Service Provider (ISP)|Radio and Television Providers"
143469,Unknown,
197545,ISP,Computer and Information Technology|Internet Service Provider (ISP)|
132019,ISP,Computer and Information Technology|Software Development|Internet Service Provider (ISP)|
197626,Other,"Banks, Credit Card Companies, Mortgage Providers|Finance and Insurance|"
143492,Unknown,
132147,ISP,Internet Service Provider (ISP)|Computer and Information Technology|
132153,ISP,Internet Service Provider (ISP)|Computer and Information Technology|
132154,Other,Electronics and Computer Components|Manufacturing|
132176,Other,"Freight, Shipment, and Postal Services|"
132177,Other,Hospitals and Medical Centers|Health Care Services|
132178,Other,Real Estate (Residential and/or Commercial)|Construction and Real Estate|
132179,Other,Computer and Information Technology|
132180,Other,"Retail Stores, Wholesale, and E-commerce Sites|"
132181,Enterprise,"Service|Law, Business, and Consulting Services|"
132182,Other,"Investment, Portfolio Management, Pensions and Funds|Finance and Insurance|"
132183,Other,"Museums, Libraries, and Entertainment|"
132184,Other,"Retail Stores, Wholesale, and E-commerce Sites|"
132185,Other,Computer and Information Technology|
132186,Other,"Retail Stores, Wholesale, and E-commerce Sites|"
132187,Other,Travel and Accommodation|
132188,Other,Travel and Accommodation|
132189,ISP,"Insurance Carriers and Agencies|Investment, Portfolio Management, Pensions and Funds|Finance and Insurance|"
132190,Other,"Finance and Insurance|Investment, Portfolio Management, Pensions and Funds|"
132191,Other,"Finance and Insurance|Investment, Portfolio Management, Pensions and Funds|"
132203,ISP,Content|Hosting and Cloud Provider|Software Development|Computer and Information Technology
132225,ISP,Computer and Information Technology|Internet Service Provider (ISP)|Phone Provider|
132226,Other,Other|
143528,Unknown,
143532,Unknown,
197866,ISP,Computer and Information Technology|Internet Service Provider (ISP)|
132437,Other,"Finance and Insurance|Computer and Information Technology|Banks, Credit Card Companies, Mortgage Providers|Technology Consulting Services"
132446,Other,"Retail Stores, Wholesale, and E-commerce Sites|"
143559,Unknown,
143560,Unknown,
132478,ISP,"Internet Service Provider (ISP)|Retail Stores, Wholesale, and E-commerce Sites|Computer and Information Technology|"
132479,ISP,Internet Service Provider (ISP)|Computer and Information Technology|
198025,Other,"Media, Publishing, and Broadcasting|Personal ASN|"
132501,ISP,Internet Service Provider (ISP)|Computer and Information Technology|
132510,ISP,Eyeball|Internet Service Provider (ISP)|Computer and Information Technology|
132511,ISP,Internet Service Provider (ISP)|Computer and Information Technology|
132525,ISP,Eyeball|Internet Service Provider (ISP)|Computer and Information Technology|Validating RPKI ROV
132536,ISP,Computer and Information Technology|Internet Service Provider (ISP)|
132551,Other,Computer and Information Technology|Software Development|
132552,Other,Computer and Information Technology|
132553,Academic/Edu,"Education and Research|Service|Colleges, Universities, and Professional Schools|Not Validating RPKI ROV"
143583,Unknown,
143584,Unknown,
143585,Unknown,
132591,ISP,"Internet Service Provider (ISP)|Museums, Libraries, and Entertainment|Online Informational Content|Media, Publishing, and Broadcasting"
132617,ISP,Computer and Information Technology|Internet Service Provider (ISP)|Phone Provider|
132623,Academic/Edu,Education and Research|Personal ASN|
132698,Other,Computer and Information Technology|Software Development|
198266,Other,Personal ASN|
198304,ISP,Internet Service Provider (ISP)|Computer and Information Technology|Personal ASN|Carrier
132833,Enterprise,"Law, Business, and Consulting Services|Service|"
132886,Academic/Edu,"Colleges, Universities, and Professional Schools|Education and Research|"
198516,ISP,Internet Service Provider (ISP)|Computer and Information Technology|Personal ASN|
198527,Other,"Food, Grocery, Beverages|Food, Beverage, and Tobacco|Buildings, Repair, Maintenance (Pest Control, Landscaping, Cleaning, Locksmiths, Car Washes, etc)|Manufacturing"
133033,Other,"Retail Stores, Wholesale, and E-commerce Sites|"
133056,Other,Chemical and Pharmaceutical Manufacturing|Manufacturing|
143681,Unknown,
143682,Unknown,
143683,Unknown,
133111,ISP,Not Validating RPKI ROV|Internet Service Provider (ISP)|Computer and Information Technology|
133118,ISP,Not Validating RPKI ROV|Internet Service Provider (ISP)|Computer and Information Technology|
133119,ISP,Eyeball|Computer and Information Technology|Internet Service Provider (ISP)|Not Validating RPKI ROV
133171,Other,Other|
133194,Other,Manufacturing|Machinery|Not Validating RPKI ROV|
198739,Other,Hospitals and Medical Centers|Health Care Services|
133219,ISP,Content|Internet Service Provider (ISP)|Hosting and Cloud Provider|Computer and Information Technology
145974,Unknown,
133373,Other,Electronics and Computer Components|Manufacturing|
143372,Unknown,
133465,Academic/Edu,"Education and Research|Colleges, Universities, and Professional Schools|Academic|"
133475,Academic/Edu,"Colleges, Universities, and Professional Schools|Education and Research|Academic|VPN Host"
133478,ISP,"Media, Publishing, and Broadcasting|Law, Business, and Consulting Services|Service|Phone Provider"
133492,Other,Computer and Information Technology|Software Development|
133494,Other,"Freight, Shipment, and Postal Services|Trucking|"
133503,Other,Manufacturing|Electronics and Computer Components|
133508,Other,Computer and Information Technology|
133511,ISP,Computer and Information Technology|Internet Service Provider (ISP)|
133512,ISP,Internet Service Provider (ISP)|Computer and Information Technology|
133513,ISP,Internet Service Provider (ISP)|Computer and Information Technology|
133514,ISP,Computer and Information Technology|Internet Service Provider (ISP)|
133515,ISP,Internet Service Provider (ISP)|Computer and Information Technology|
133516,ISP,Computer and Information Technology|Internet Service Provider (ISP)|
133517,ISP,Internet Service Provider (ISP)|Computer and Information Technology|
133518,ISP,Internet Service Provider (ISP)|Computer and Information Technology|
133519,ISP,Computer and Information Technology|Internet Service Provider (ISP)|
133550,Other,Computer and Information Technology|
133555,Academic/Edu,Education and Research|
133558,ISP,Service|Internet Service Provider (ISP)|Computer and Information Technology|Hosting and Cloud Provider
133559,ISP,Hosting and Cloud Provider|Internet Service Provider (ISP)|Computer and Information Technology|Service
133560,ISP,Internet Service Provider (ISP)|Computer and Information Technology|Hosting and Cloud Provider|Service
133561,ISP,Service|Hosting and Cloud Provider|Computer and Information Technology|Internet Service Provider (ISP)
133562,ISP,Computer and Information Technology|Internet Service Provider (ISP)|Hosting and Cloud Provider|Service
133563,ISP,Service|Internet Service Provider (ISP)|Computer and Information Technology|Hosting and Cloud Provider
133564,ISP,Service|Internet Service Provider (ISP)|Computer and Information Technology|Hosting and Cloud Provider
133565,ISP,Service|Internet Service Provider (ISP)|Computer and Information Technology|Hosting and Cloud Provider
133566,ISP,Internet Service Provider (ISP)|Computer and Information Technology|Hosting and Cloud Provider|Service
133567,ISP,Internet Service Provider (ISP)|Computer and Information Technology|Hosting and Cloud Provider|Service
133568,ISP,Service|Internet Service Provider (ISP)|Computer and Information Technology|Hosting and Cloud Provider
133569,ISP,Service|Computer and Information Technology|Internet Service Provider (ISP)|Hosting and Cloud Provider
133570,ISP,Service|Computer and Information Technology|Internet Service Provider (ISP)|Hosting and Cloud Provider
133571,ISP,Internet Service Provider (ISP)|Computer and Information Technology|Hosting and Cloud Provider|Service
133572,ISP,Hosting and Cloud Provider|Service|Computer and Information Technology|Internet Service Provider (ISP)
133573,ISP,Service|Hosting and Cloud Provider|Internet Service Provider (ISP)|Computer and Information Technology
133574,ISP,Service|Computer and Information Technology|Internet Service Provider (ISP)|Hosting and Cloud Provider
133575,ISP,Internet Service Provider (ISP)|Service|Computer and Information Technology|Hosting and Cloud Provider
133576,ISP,Service|Hosting and Cloud Provider|Internet Service Provider (ISP)|Computer and Information Technology
133577,ISP,Hosting and Cloud Provider|Service|Computer and Information Technology|Internet Service Provider (ISP)
199304,ISP,Internet Service Provider (ISP)|Computer and Information Technology|
133774,ISP,Not Validating RPKI ROV|Internet Service Provider (ISP)|Computer and Information Technology|
133775,Eyeball,Eyeball|Computer and Information Technology|Hosting and Cloud Provider|
133776,ISP,Computer and Information Technology|Internet Service Provider (ISP)|
199310,ISP,Carrier|Personal ASN|
133790,Other,Manufacturing|
133846,Academic/Edu,Personal ASN|Education and Research|
199392,Content/CDN,Hosting and Cloud Provider|Computer and Information Technology|
133865,Other,Tranco 10k Host|Computer and Information Technology|Anycast|
199406,Unknown,
199436,Content/CDN,"Content|Banks, Credit Card Companies, Mortgage Providers|Investment, Portfolio Management, Pensions and Funds|Hosting and Cloud Provider"
143853,Unknown,
145997,Unknown,
133952,ISP,Computer and Information Technology|Internet Service Provider (ISP)|
199566,ISP,Hosting and Cloud Provider|Computer and Information Technology|Internet Service Provider (ISP)|
143877,Unknown,
134103,ISP,"Internet Service Provider (ISP)|Phone Provider|Museums, Libraries, and Entertainment|Online Informational Content"
143892,Unknown,
143893,Unknown,
199684,ISP,Computer and Information Technology|Internet Service Provider (ISP)|Personal ASN|Eyeball
199691,Unknown,
134169,Academic/Edu,"Education and Research|Colleges, Universities, and Professional Schools|"
134172,Other,Computer and Information Technology|
134238,ISP,Eyeball|Computer and Information Technology|Internet Service Provider (ISP)|Not Validating RPKI ROV
199832,Other,Service|Personal ASN|
199932,Other,"Media, Publishing, and Broadcasting|Online Informational Content|"
134413,ISP,Internet Service Provider (ISP)|Computer and Information Technology|
134417,ISP,Computer and Information Technology|Internet Service Provider (ISP)|
134418,Government,"Government and Regulatory Agencies, Administrations, Departments, and Services|Government and Public Administration|"
134419,ISP,Eyeball|Internet Service Provider (ISP)|Computer and Information Technology|Not Validating RPKI ROV
134420,ISP,Not Validating RPKI ROV|Internet Service Provider (ISP)|Computer and Information Technology|
134421,ISP,Computer and Information Technology|Internet Service Provider (ISP)|
134422,ISP,Computer and Information Technology|Internet Service Provider (ISP)|
134423,ISP,Computer and Information Technology|Internet Service Provider (ISP)|
134425,Other,Other|
134477,Academic/Edu,Education and Research|
200021,ISP,Internet Service Provider (ISP)|Computer and Information Technology|
134488,Academic/Edu,Education and Research|
3460,Academic/Edu,Research and Development Organizations|Education and Research|
134542,ISP,Tranco 10k Host|Computer and Information Technology|Internet Service Provider (ISP)|
134543,ISP,Eyeball|Computer and Information Technology|Internet Service Provider (ISP)|Not Validating RPKI ROV
200078,Other,"Personal ASN|Civil Engineering Construction (Utility Lines, Roads and Bridges)|Manufacturing|Metal, Glass, Wood, and Paper Manufacturing"
200103,ISP,Computer and Information Technology|Internet Service Provider (ISP)|Personal ASN|
134578,Other,"Not Validating RPKI ROV|Retail Stores, Wholesale, and E-commerce Sites|"
134671,Other,Software Development|Computer and Information Technology|
134675,Other,Computer and Information Technology|
134708,ISP,Computer and Information Technology|Internet Service Provider (ISP)|Eyeball|
200256,Other,Service|Personal ASN|
200257,Other,Service|Personal ASN|
200262,Unknown,
200267,ISP,Personal ASN|Computer and Information Technology|Internet Service Provider (ISP)|
200268,Unknown,
134755,Enterprise,"Law, Business, and Consulting Services|Service|"
134756,ISP,Eyeball|Phone Provider|Computer and Information Technology|Internet Service Provider (ISP)
134757,Enterprise,"Law, Business, and Consulting Services|Service|"
134758,Enterprise,"Service|Law, Business, and Consulting Services|"
134759,Enterprise,"Service|Law, Business, and Consulting Services|"
134760,ISP,Tranco 10k Host|Internet Service Provider (ISP)|Computer and Information Technology|
134761,ISP,Not Validating RPKI ROV|Internet Service Provider (ISP)|Computer and Information Technology|
134762,ISP,"Eyeball|Investment, Portfolio Management, Pensions and Funds|Insurance Carriers and Agencies|Finance and Insurance"
134763,ISP,Eyeball|Computer and Information Technology|Internet Service Provider (ISP)|Tranco 10k Host
134764,ISP,Not Validating RPKI ROV|Internet Service Provider (ISP)|Computer and Information Technology|
134765,ISP,Computer and Information Technology|Internet Service Provider (ISP)|
134766,ISP,Internet Service Provider (ISP)|Computer and Information Technology|
134767,Enterprise,"Service|Law, Business, and Consulting Services|"
134768,Government,"Not Validating RPKI ROV|Government and Regulatory Agencies, Administrations, Departments, and Services|Government and Public Administration|"
134769,ISP,Internet Service Provider (ISP)|Computer and Information Technology|
134770,ISP,Not Validating RPKI ROV|Internet Service Provider (ISP)|Computer and Information Technology|
134771,ISP,Eyeball|Computer and Information Technology|Internet Service Provider (ISP)|Not Validating RPKI ROV
134772,ISP,"Home ISP|Insurance Carriers and Agencies|Investment, Portfolio Management, Pensions and Funds|Finance and Insurance"
134773,ISP,"Home ISP|Investment, Portfolio Management, Pensions and Funds|Insurance Carriers and Agencies|Finance and Insurance"
134774,ISP,Home ISP|Not Validating RPKI ROV|
134775,ISP,Internet Service Provider (ISP)|Computer and Information Technology|
3717,Academic/Edu,Elementary and Secondary Schools|Education and Research|
134792,Other,Computer and Information Technology|
134810,ISP,Eyeball|Computer and Information Technology|Internet Service Provider (ISP)|Validating RPKI ROV
144036,Unknown,
144042,Unknown,
144057,Unknown,
144058,Unknown,
144060,Unknown,
144061,Unknown,
134993,Academic/Edu,Education and Research|
200536,Other,Hospitals and Medical Centers|Health Care Services|Content|Personal ASN
135006,ISP,Computer and Information Technology|Internet Service Provider (ISP)|
200545,Unknown,
135011,ISP,Internet Service Provider (ISP)|Computer and Information Technology|
144068,Unknown,
200558,Unknown,
144072,Unknown,
135054,ISP,Internet Service Provider (ISP)|Computer and Information Technology|
200592,Other,Personal ASN|
135061,ISP,Not Validating RPKI ROV|Computer and Information Technology|Internet Service Provider (ISP)|
135089,Enterprise,"Agriculture, Mining, and Refineries (Farming, Greenhouses, Mining, Forestry, and Animal Farming)|Service|Manufacturing|Law, Business, and Consulting Services"
135169,Content/CDN,Hosting and Cloud Provider|Computer and Information Technology|Software Development|
200728,ISP,Computer and Information Technology|Internet Service Provider (ISP)|Search|
200732,Unknown,
4134,ISP,Carrier|Computer and Information Technology|Internet Service Provider (ISP)|Not Validating RPKI ROV
4142,Other,"Retail Stores, Wholesale, and E-commerce Sites|Software Development|Computer and Information Technology|"
144111,Unknown,
144112,Unknown,
200782,Other,Service|Personal ASN|
200789,Other,Other|Personal ASN|
144116,Unknown,
200809,Other,Personal ASN|Service|
200853,ISP,"Computer and Information Technology|Internet Service Provider (ISP)|Retail Stores, Wholesale, and E-commerce Sites|Civil Engineering Construction (Utility Lines, Roads and Bridges)"
200885,Other,Service|
200890,Other,Personal ASN|
200895,Other,Manufacturing|Electronics and Computer Components|Personal ASN|
135363,ISP,Computer and Information Technology|Internet Service Provider (ISP)|
200912,Other,Service|
144142,Unknown,
135395,Eyeball,Other|Personal ASN|Eyeball|
200936,Other,"Personal ASN|Service|Media, Publishing, and Broadcasting|Computer and Information Technology"
200949,Other,Software Development|Computer and Information Technology|
200959,Other,Personal ASN|
135426,Other,"Retail Stores, Wholesale, and E-commerce Sites|"
135432,ISP,Internet Service Provider (ISP)|Computer and Information Technology|
144157,Unknown,
135501,ISP,Computer and Information Technology|Internet Service Provider (ISP)|
135502,ISP,Internet Service Provider (ISP)|Computer and Information Technology|
135503,ISP,Internet Service Provider (ISP)|Computer and Information Technology|
135504,ISP,Internet Service Provider (ISP)|Computer and Information Technology|
135505,ISP,Computer and Information Technology|Internet Service Provider (ISP)|
135506,ISP,Computer and Information Technology|Internet Service Provider (ISP)|
135507,ISP,Computer and Information Technology|Internet Service Provider (ISP)|
135508,ISP,Internet Service Provider (ISP)|Computer and Information Technology|
135546,Other,Other|
135570,Other,Computer and Information Technology|
135575,Content/CDN,Hosting and Cloud Provider|Computer and Information Technology|Software Development|
135579,Other,Computer and Information Technology|
4538,Eyeball,"Eyeball|Colleges, Universities, and Professional Schools|Education and Research|Not Validating RPKI ROV"
135629,ISP,Tranco 10k Host|Internet Service Provider (ISP)|Computer and Information Technology|Validating RPKI ROV
135630,Other,"Retail Stores, Wholesale, and E-commerce Sites|"
135646,Academic/Edu,Education and Research|
135671,Content/CDN,Computer and Information Technology|Hosting and Cloud Provider|
135674,Other,"Civil Engineering Construction (Utility Lines, Roads and Bridges)|Construction and Real Estate|"
4611,ISP,Tranco 10k Host|Computer and Information Technology|Internet Service Provider (ISP)|
4659,Other,"Retail Stores, Wholesale, and E-commerce Sites|"
4751,Other,"Retail Stores, Wholesale, and E-commerce Sites|"
4789,Other,Computer and Information Technology|
4798,Other,Manufacturing|Clothing and Textiles|
4799,Other,"Retail Stores, Wholesale, and E-commerce Sites|"
4808,ISP,Eyeball|Computer and Information Technology|Internet Service Provider (ISP)|Not Validating RPKI ROV
4809,ISP,Carrier|Computer and Information Technology|Internet Service Provider (ISP)|Not Validating RPKI ROV
4810,Other,"Banks, Credit Card Companies, Mortgage Providers|Finance and Insurance|"
4811,ISP,Tranco 10k Host|Computer and Information Technology|Internet Service Provider (ISP)|Not Validating RPKI ROV
4812,ISP,Eyeball|Internet Service Provider (ISP)|Computer and Information Technology|Not Validating RPKI ROV
4813,ISP,Validating RPKI ROV|Computer and Information Technology|Internet Service Provider (ISP)|
4814,Other,"Buildings, Repair, Maintenance (Pest Control, Landscaping, Cleaning, Locksmiths, Car Washes, etc)|Service|"
4815,Unknown,
4816,ISP,Server Hosting|Internet Service Provider (ISP)|Computer and Information Technology|Not Validating RPKI ROV
135883,Other,Other|
4835,ISP,Not Validating RPKI ROV|Computer and Information Technology|Internet Service Provider (ISP)|
4837,ISP,Carrier|Internet Service Provider (ISP)|Computer and Information Technology|Not Validating RPKI ROV
4839,Other,Travel and Accommodation|
4840,Other,Computer and Information Technology|
4842,Content/CDN,Not Validating RPKI ROV|Computer and Information Technology|Hosting and Cloud Provider|
4843,Other,Computer and Information Technology|
4847,ISP,Eyeball|Internet Service Provider (ISP)|Computer and Information Technology|Not Validating RPKI ROV
4859,Government,"Government|Not Validating RPKI ROV|Government and Public Administration|Government and Regulatory Agencies, Administrations, Departments, and Services"
136018,ISP,Internet Service Provider (ISP)|Computer and Information Technology|
136146,ISP,Computer and Information Technology|Internet Service Provider (ISP)|Hosting and Cloud Provider|
136148,Other,Community Groups and Nonprofits|
136160,Content/CDN,Hosting and Cloud Provider|Computer and Information Technology|
136173,Unknown,
136180,ISP,Internet Service Provider (ISP)|Computer and Information Technology|
136185,Other,"Retail Stores, Wholesale, and E-commerce Sites|"
136186,Other,"Investment, Portfolio Management, Pensions and Funds|Finance and Insurance|"
136188,ISP,Not Validating RPKI ROV|Internet Service Provider (ISP)|Computer and Information Technology|
136189,ISP,"Computer and Information Technology|Software Development|Law, Business, and Consulting Services|Service"
136190,ISP,Eyeball|Internet Service Provider (ISP)|Computer and Information Technology|
136191,ISP,Internet Service Provider (ISP)|Computer and Information Technology|
136192,ISP,Internet Service Provider (ISP)|Computer and Information Technology|
136193,ISP,Computer and Information Technology|Internet Service Provider (ISP)|
136194,ISP,Computer and Information Technology|Internet Service Provider (ISP)|
136195,ISP,Tranco 10k Host|Software Development|Internet Service Provider (ISP)|Computer and Information Technology
136196,Other,"Retail Stores, Wholesale, and E-commerce Sites|"
136197,ISP,Internet Service Provider (ISP)|Computer and Information Technology|
136198,ISP,Computer and Information Technology|Internet Service Provider (ISP)|
136199,ISP,Computer and Information Technology|Internet Service Provider (ISP)|
136200,ISP,"Home ISP|Insurance Carriers and Agencies|Investment, Portfolio Management, Pensions and Funds|Finance and Insurance"
136237,ISP,Computer and Information Technology|Internet Service Provider (ISP)|
37936,Other,"Tranco 10k Host|Retail Stores, Wholesale, and E-commerce Sites|Food, Grocery, Beverages|"
37937,Government,"Government and Public Administration|Government and Regulatory Agencies, Administrations, Departments, and Services|Not Validating RPKI ROV|"
37938,Other,"Retail Stores, Wholesale, and E-commerce Sites|"
37939,Other,Machinery|Electronics and Computer Components|Manufacturing|
37940,Enterprise,"Service|Law, Business, and Consulting Services|"
37941,Other,Manufacturing|Electronics and Computer Components|
37942,Enterprise,"Not Validating RPKI ROV|Law, Business, and Consulting Services|Service|"
37943,ISP,Internet Service Provider (ISP)|Computer and Information Technology|Hosting and Cloud Provider|
37944,ISP,Internet Service Provider (ISP)|Computer and Information Technology|
37945,Other,"Media, Publishing, and Broadcasting|Music and Video Industry|Online Music and Video Streaming Services|"
37946,Other,"Retail Stores, Wholesale, and E-commerce Sites|"
136250,Unknown,
37948,Other,"Retail Stores, Wholesale, and E-commerce Sites|"
37949,Other,"Computer and Information Technology|Retail Stores, Wholesale, and E-commerce Sites|Software Development|"
37947,Unknown,
37951,ISP,Internet Service Provider (ISP)|Computer and Information Technology|
37950,Unknown,
37953,Unknown,
37954,Unknown,
37955,Other,Computer and Information Technology|
37952,Unknown,
37957,Other,Service|
37958,Other,Manufacturing|Electronics and Computer Components|
37959,Other,Manufacturing|Electronics and Computer Components|
37960,Enterprise,"Service|Finance and Insurance|Investment, Portfolio Management, Pensions and Funds|Law, Business, and Consulting Services"
37961,Unknown,
37962,Other,Service|
37963,Eyeball,"Eyeball|Service|Law, Business, and Consulting Services|Computer and Information Technology"
37956,Unknown,
37965,Other,Computer and Information Technology|
37964,Unknown,
37967,ISP,Hosting and Cloud Provider|Internet Service Provider (ISP)|Computer and Information Technology|
37968,Other,Manufacturing|Electronics and Computer Components|
37969,Unknown,
37970,ISP,Eyeball|Computer and Information Technology|Internet Service Provider (ISP)|
37966,Unknown,
38019,ISP,Eyeball|Phone Provider|Internet Service Provider (ISP)|Computer and Information Technology
38027,Academic/Edu,"Education and Research|Colleges, Universities, and Professional Schools|"
38035,ISP,Insurance Carriers and Agencies|Finance and Insurance|
38057,Other,Electronics and Computer Components|Manufacturing|
136403,Other,Computer and Information Technology|Software Development|
38179,ISP,Internet Service Provider (ISP)|Computer and Information Technology|
136535,Eyeball,"Retail Stores, Wholesale, and E-commerce Sites|Law, Business, and Consulting Services|Service|Software Development"
38238,Other,"Finance and Insurance|Banks, Credit Card Companies, Mortgage Providers|"
136545,ISP,"Computer and Information Technology|Internet Service Provider (ISP)|Retail Stores, Wholesale, and E-commerce Sites|"
38255,ISP,Carrier|Computer and Information Technology|Internet Service Provider (ISP)|Academic
398704,ISP,"Media, Publishing, and Broadcasting|Music and Video Industry|Phone Provider|Computer and Information Technology"
38270,Other,Software Development|Computer and Information Technology|
38272,ISP,Internet Service Provider (ISP)|Computer and Information Technology|
38283,ISP,Tranco 10k Host|Computer and Information Technology|Internet Service Provider (ISP)|Not Validating RPKI ROV
136591,Academic/Edu,Education and Research|
38323,Unknown,
38335,Other,Software Development|Computer and Information Technology|Search|
38336,ISP,Computer and Information Technology|Internet Service Provider (ISP)|
38337,Other,Software Development|Computer and Information Technology|
38338,ISP,Computer and Information Technology|Phone Provider|Internet Service Provider (ISP)|
38339,ISP,Hosting and Cloud Provider|Internet Service Provider (ISP)|Computer and Information Technology|
38340,ISP,Internet Service Provider (ISP)|Computer and Information Technology|
38341,ISP,Computer and Information Technology|Software Development|Internet Service Provider (ISP)|Not Validating RPKI ROV
38342,ISP,Internet Service Provider (ISP)|Computer and Information Technology|
38343,ISP,Computer and Information Technology|Internet Service Provider (ISP)|
38344,Other,Software Development|Computer and Information Technology|
38345,Other,Internet Critical Infra|Computer and Information Technology|Not Validating RPKI ROV|Anycast
38346,Enterprise,"Service|Law, Business, and Consulting Services|"
38347,Other,"Service|Retail Stores, Wholesale, and E-commerce Sites|"
38348,ISP,Internet Service Provider (ISP)|Software Development|Computer and Information Technology|
38349,ISP,"Computer and Information Technology|Accountants, Tax Preparers, Payroll Services|Internet Service Provider (ISP)|Finance and Insurance"
38350,Unknown,
38351,ISP,Computer and Information Technology|Internet Service Provider (ISP)|Software Development|
38352,Other,"Phone Provider|Museums, Libraries, and Entertainment|Software Development|Service"
38353,ISP,Internet Service Provider (ISP)|Computer and Information Technology|Hosting and Cloud Provider|
38354,Other,"Media, Publishing, and Broadcasting|Computer and Information Technology|Service|Phone Provider"
38355,Other,"Media, Publishing, and Broadcasting|Music and Video Industry|Online Music and Video Streaming Services|"
38356,Enterprise,"Law, Business, and Consulting Services|Civil Engineering Construction (Utility Lines, Roads and Bridges)|Service|Construction and Real Estate"
38357,Other,"Print Media (Newspapers, Magazines, Books)|Manufacturing|Clothing and Textiles|Retail Stores, Wholesale, and E-commerce Sites"
38358,Other,Computer and Information Technology|
38359,Unknown,
38360,Other,Computer and Information Technology|
38361,ISP,"Media, Publishing, and Broadcasting|Internet Service Provider (ISP)|Search|Computer and Information Technology"
38362,Unknown,
38363,Other,Computer and Information Technology|Not Validating RPKI ROV|
38364,ISP,Computer and Information Technology|Internet Service Provider (ISP)|
38365,Eyeball,Eyeball|Hosting and Cloud Provider|Search|Computer and Information Technology
38366,Other,Computer and Information Technology|
38367,Enterprise,"Service|Law, Business, and Consulting Services|"
38368,Other,"Media, Publishing, and Broadcasting|"
38369,Content/CDN,Hosting and Cloud Provider|Software Development|Computer and Information Technology|
38370,ISP,Computer and Information Technology|Internet Service Provider (ISP)|
38371,Unknown,
38372,ISP,Computer and Information Technology|Internet Service Provider (ISP)|
38373,Other,Software Development|Computer and Information Technology|
38374,Other,"Software Development|Computer and Information Technology|Radio and Television Providers|Media, Publishing, and Broadcasting"
38375,Other,"Finance and Insurance|Investment, Portfolio Management, Pensions and Funds|"
38376,Unknown,
38377,Unknown,
38378,ISP,Machinery|Computer and Information Technology|Automotive and Transportation|Manufacturing
38379,Other,"Not Validating RPKI ROV|Retail Stores, Wholesale, and E-commerce Sites|"
38380,Other,Manufacturing|Automotive and Transportation|
38381,Enterprise,Corporate/Enterprise|Software Development|Computer and Information Technology|
38382,Other,Computer and Information Technology|Software Development|
38383,Unknown,
38384,Unknown,
202229,Unknown,
202256,Other,"Content|Media, Publishing, and Broadcasting|Personal ASN|"
136725,Other,Manufacturing|Clothing and Textiles|
146108,Unknown,
136755,ISP,Computer and Information Technology|Internet Service Provider (ISP)|
136766,ISP,"Internet Service Provider (ISP)|Computer and Information Technology|Software Development|Museums, Libraries, and Entertainment"
136769,ISP,Computer and Information Technology|Internet Service Provider (ISP)|
146110,Unknown,
136809,Other,Computer and Information Technology|
38564,ISP,Computer and Information Technology|Internet Service Provider (ISP)|Validating RPKI ROV|
38585,Other,Computer and Information Technology|
38587,Enterprise,"Service|Manufacturing|Electronics and Computer Components|Law, Business, and Consulting Services"
136923,Other,Computer and Information Technology|Software Development|
136955,ISP,Computer and Information Technology|Internet Service Provider (ISP)|
136958,ISP,Not Validating RPKI ROV|Computer and Information Technology|Internet Service Provider (ISP)|
136959,ISP,Not Validating RPKI ROV|Internet Service Provider (ISP)|Computer and Information Technology|
137017,ISP,Internet Service Provider (ISP)|Computer and Information Technology|
38834,ISP,"Software Development|Museums, Libraries, and Entertainment|Manufacturing|Computer and Information Technology"
137200,Other,Computer and Information Technology|
137229,Content/CDN,Computer and Information Technology|Hosting and Cloud Provider|Service|Computer and Network Security
137256,Academic/Edu,Personal ASN|Education and Research|
137266,ISP,Computer and Information Technology|Phone Provider|Internet Service Provider (ISP)|
144515,Unknown,
137401,ISP,Phone Provider|Computer and Information Technology|Internet Service Provider (ISP)|
137402,ISP,Internet Service Provider (ISP)|Computer and Information Technology|Phone Provider|
137436,Other,Computer and Information Technology|
137528,ISP,Construction and Real Estate|Internet Service Provider (ISP)|Buildings (Residential or Commercial)|Computer and Information Technology
137533,Other,Computer and Information Technology|
131543,Unknown,
137539,ISP,"Computer and Information Technology|Internet Service Provider (ISP)|Phone Provider|Media, Publishing, and Broadcasting"
137571,Eyeball,Education and Research|Eyeball|
203197,Unknown,
137686,ISP,Finance and Insurance|Insurance Carriers and Agencies|
137687,ISP,Tranco 10k Host|Internet Service Provider (ISP)|Computer and Information Technology|Not Validating RPKI ROV
137688,ISP,Computer and Information Technology|Internet Service Provider (ISP)|
137689,ISP,Eyeball|Internet Service Provider (ISP)|Computer and Information Technology|Not Validating RPKI ROV
137690,ISP,Computer and Information Technology|Internet Service Provider (ISP)|
137691,ISP,Home ISP|Software Development|Computer and Information Technology|
137692,ISP,Not Validating RPKI ROV|Computer and Information Technology|Internet Service Provider (ISP)|
137693,ISP,Not Validating RPKI ROV|Computer and Information Technology|Internet Service Provider (ISP)|
137694,ISP,Computer and Information Technology|Internet Service Provider (ISP)|
137695,ISP,Computer and Information Technology|Internet Service Provider (ISP)|
137696,ISP,Insurance Carriers and Agencies|Finance and Insurance|
137697,ISP,Internet Service Provider (ISP)|Computer and Information Technology|
137698,Other,"Not Validating RPKI ROV|Agriculture, Mining, and Refineries (Farming, Greenhouses, Mining, Forestry, and Animal Farming)|"
137699,ISP,Computer and Information Technology|Internet Service Provider (ISP)|
137700,Other,"Buildings, Repair, Maintenance (Pest Control, Landscaping, Cleaning, Locksmiths, Car Washes, etc)|Service|"
137701,Other,"Investment, Portfolio Management, Pensions and Funds|Finance and Insurance|"
137702,ISP,Not Validating RPKI ROV|Computer and Information Technology|Phone Provider|Internet Service Provider (ISP)
203236,ISP,Eyeball|Personal ASN|Internet Service Provider (ISP)|Computer and Information Technology
137709,Other,"Computer and Information Technology|Manufacturing|Finance and Insurance|Investment, Portfolio Management, Pensions and Funds"
137710,Other,Computer and Network Security|Computer and Information Technology|
137711,Other,Computer and Information Technology|
137712,Other,Software Development|Computer and Information Technology|
137713,Other,Computer and Information Technology|
137714,Government,"Government and Public Administration|Government and Regulatory Agencies, Administrations, Departments, and Services|"
137715,Other,"Investment, Portfolio Management, Pensions and Funds|Finance and Insurance|"
137716,Other,"Finance and Insurance|Investment, Portfolio Management, Pensions and Funds|"
137717,Other,Computer and Information Technology|
137718,Other,Tranco 10k Host|Software Development|Computer and Information Technology|
137719,Other,Computer and Information Technology|Software Development|
137720,Enterprise,"Law, Business, and Consulting Services|Service|"
137721,Unknown,
137722,Academic/Edu,Software Development|Research and Development Organizations|Computer and Information Technology|Education and Research
137723,Academic/Edu,"Manufacturing|Computer and Information Technology|Education and Research|Retail Stores, Wholesale, and E-commerce Sites"
137724,Other,Computer and Information Technology|
137725,Government,"Government and Regulatory Agencies, Administrations, Departments, and Services|Government and Public Administration|"
137726,Other,"Agriculture, Mining, and Refineries (Farming, Greenhouses, Mining, Forestry, and Animal Farming)|"
137727,Other,Computer and Information Technology|
137728,Other,Computer and Information Technology|
137729,Other,Computer and Information Technology|
137730,Other,Computer and Information Technology|
137731,Other,Computer and Information Technology|
137732,Enterprise,"Service|Law, Business, and Consulting Services|"
137733,Other,"Metal, Glass, Wood, and Paper Manufacturing|Manufacturing|"
137734,Other,"Media, Publishing, and Broadcasting|"
137735,Other,"Finance and Insurance|Banks, Credit Card Companies, Mortgage Providers|Investment, Portfolio Management, Pensions and Funds|"
137736,Other,"Banks, Credit Card Companies, Mortgage Providers|Finance and Insurance|"
137737,Other,"Retail Stores, Wholesale, and E-commerce Sites|"
137738,Enterprise,"Law, Business, and Consulting Services|Service|"
137739,Other,"Banks, Credit Card Companies, Mortgage Providers|Computer and Information Technology|Finance and Insurance|"
137740,ISP,"Computer and Information Technology|Retail Stores, Wholesale, and E-commerce Sites|Software Development|Internet Service Provider (ISP)"
137741,ISP,"Computer and Information Technology|Retail Stores, Wholesale, and E-commerce Sites|Software Development|Internet Service Provider (ISP)"
137742,ISP,Insurance Carriers and Agencies|Finance and Insurance|
137743,ISP,Computer and Information Technology|Internet Service Provider (ISP)|
137744,ISP,Software Development|Computer and Information Technology|Internet Service Provider (ISP)|
137745,Unknown,
137746,Unknown,
137747,Other,"Media, Publishing, and Broadcasting|Music and Video Industry|Online Music and Video Streaming Services|"
137748,Other,"Construction and Real Estate|Civil Engineering Construction (Utility Lines, Roads and Bridges)|Computer and Information Technology|"
137749,Other,Computer and Information Technology|
137750,Other,Computer and Information Technology|
137751,Enterprise,"Law, Business, and Consulting Services|Service|"
137752,Academic/Edu,Research and Development Organizations|Education and Research|
137753,Content/CDN,"Retail Stores, Wholesale, and E-commerce Sites|Recreation, Sports, and Performing Arts|Museums, Libraries, and Entertainment|Museums, Historical Sites, Zoos, Nature Parks"
137754,Other,"Music and Video Industry|Online Music and Video Streaming Services|Media, Publishing, and Broadcasting|"
137755,Other,Computer and Information Technology|
137756,ISP,Computer and Information Technology|Internet Service Provider (ISP)|
137757,ISP,Internet Service Provider (ISP)|Computer and Information Technology|
137758,Other,"Anycast|Finance and Insurance|Banks, Credit Card Companies, Mortgage Providers|"
137759,Other,Machinery|Manufacturing|
137760,Unknown,
137761,Other,Computer and Information Technology|
137762,Other,Computer and Information Technology|Software Development|
137763,Other,Computer and Information Technology|Software Development|
137764,Other,Computer and Information Technology|
137765,Other,"Retail Stores, Wholesale, and E-commerce Sites|"
137766,Other,Computer and Information Technology|
137767,Other,"Automotive and Transportation|Manufacturing|Retail Stores, Wholesale, and E-commerce Sites|"
137768,ISP,Internet Service Provider (ISP)|Computer and Information Technology|
137769,Unknown,
137770,Unknown,
137771,Other,Computer and Information Technology|Software Development|
137772,Other,Computer and Information Technology|
137773,Other,Software Development|Computer and Information Technology|
137774,Other,Computer and Information Technology|
137775,Academic/Edu,"Computer and Information Technology|Education and Research|Retail Stores, Wholesale, and E-commerce Sites|Software Development"
137776,Other,Computer and Information Technology|
137777,ISP,Computer and Information Technology|Software Development|Internet Service Provider (ISP)|
137778,ISP,Internet Service Provider (ISP)|Computer and Information Technology|
137779,Other,Software Development|Computer and Information Technology|
137780,Unknown,
137781,Other,Computer and Information Technology|
137782,Other,"Utilities (Excluding Internet Service)|Manufacturing|Electric Power Generation, Transmission, Distribution|"
137783,Other,Other|
137784,Other,Software Development|Computer and Information Technology|
137785,Other,Software Development|Validating RPKI ROV|Computer and Information Technology|
137786,ISP,Internet Service Provider (ISP)|Computer and Information Technology|
137787,ISP,"Phone Provider|Electronics and Computer Components|Internet Service Provider (ISP)|Retail Stores, Wholesale, and E-commerce Sites"
137788,ISP,"Retail Stores, Wholesale, and E-commerce Sites|Software Development|Internet Service Provider (ISP)|Computer and Information Technology"
137789,ISP,Internet Service Provider (ISP)|Computer and Information Technology|
137790,Other,Computer and Information Technology|
137791,Other,Software Development|Computer and Information Technology|
137792,Other,"Utilities (Excluding Internet Service)|Manufacturing|Chemical and Pharmaceutical Manufacturing|Electric Power Generation, Transmission, Distribution"
137793,Other,Computer and Information Technology|
137794,ISP,Internet Service Provider (ISP)|Computer and Information Technology|
137795,Other,Computer and Information Technology|Software Development|
137796,Unknown,
137797,Other,Software Development|Computer and Information Technology|
137798,Other,Software Development|Computer and Information Technology|
137799,Other,"Banks, Credit Card Companies, Mortgage Providers|Finance and Insurance|"
137800,Other,Computer and Information Technology|
137801,Other,Computer and Information Technology|Tranco 10k Host|
137802,Enterprise,"Service|Law, Business, and Consulting Services|Computer and Information Technology|"
137803,Content/CDN,Computer and Information Technology|Hosting and Cloud Provider|Software Development|
137804,Other,"Clothing, Fashion, Luggage|Retail Stores, Wholesale, and E-commerce Sites|"
137805,Other,Computer and Information Technology|
137806,Enterprise,"Service|Law, Business, and Consulting Services|"
137807,Unknown,
137808,Other,Computer and Information Technology|Software Development|
137813,Other,"Finance and Insurance|Investment, Portfolio Management, Pensions and Funds|"
137835,Other,Computer and Information Technology|Software Development|
137882,ISP,Software Development|Computer and Information Technology|Internet Service Provider (ISP)|
137897,ISP,Computer and Information Technology|Internet Service Provider (ISP)|
137908,Other,Personal ASN|Service|
137917,ISP,Computer and Information Technology|Internet Service Provider (ISP)|
137986,Enterprise,"Software Development|Law, Business, and Consulting Services|Service|Retail Stores, Wholesale, and E-commerce Sites"
138029,Other,Computer and Information Technology|
39753,Other,Personal ASN|Community Groups and Nonprofits|
203655,Other,"Computer and Information Technology|Media, Publishing, and Broadcasting|Software Development|Online Informational Content"
203664,Other,Service|
203691,Eyeball,Other|Personal ASN|Eyeball|
138169,ISP,Internet Service Provider (ISP)|Computer and Information Technology|
138182,Other,Not Validating RPKI ROV|Computer and Information Technology|
138211,Other,Community Groups and Nonprofits|
138217,Other,"Retail Stores, Wholesale, and E-commerce Sites|"
203804,Other,"Food, Beverage, and Tobacco|Manufacturing|Retail Stores, Wholesale, and E-commerce Sites|Personal ASN"
203874,ISP,Computer and Information Technology|Internet Service Provider (ISP)|
138351,Other,Computer and Information Technology|
203899,Enterprise,"Law, Business, and Consulting Services|Service|Personal ASN|"
138365,Other,Computer and Information Technology|Software Development|
138369,Academic/Edu,"Not Validating RPKI ROV|Colleges, Universities, and Professional Schools|Education and Research|"
138370,ISP,Not Validating RPKI ROV|Computer and Information Technology|Internet Service Provider (ISP)|
138371,Academic/Edu,"Education and Research|Colleges, Universities, and Professional Schools|"
138373,ISP,Not Validating RPKI ROV|Computer and Information Technology|Internet Service Provider (ISP)|
138374,ISP,Not Validating RPKI ROV|Internet Service Provider (ISP)|Computer and Information Technology|
138375,ISP,Not Validating RPKI ROV|Computer and Information Technology|Internet Service Provider (ISP)|
138376,ISP,Not Validating RPKI ROV|Computer and Information Technology|Internet Service Provider (ISP)|
138377,ISP,Not Validating RPKI ROV|Computer and Information Technology|Internet Service Provider (ISP)|
138378,Academic/Edu,"Not Validating RPKI ROV|Colleges, Universities, and Professional Schools|Education and Research|"
138381,ISP,Not Validating RPKI ROV|Computer and Information Technology|Internet Service Provider (ISP)|
138387,ISP,Internet Service Provider (ISP)|Computer and Information Technology|Phone Provider|
138393,Academic/Edu,"Not Validating RPKI ROV|Colleges, Universities, and Professional Schools|Education and Research|"
138401,Other,Travel and Accommodation|
138405,Content/CDN,Computer and Information Technology|Hosting and Cloud Provider|
138407,ISP,Computer and Information Technology|Internet Service Provider (ISP)|
138409,ISP,Computer and Information Technology|Internet Service Provider (ISP)|Phone Provider|
203945,ISP,Computer and Information Technology|Internet Service Provider (ISP)|
138416,ISP,Computer and Information Technology|Internet Service Provider (ISP)|
138421,ISP,"Tranco 10k Host|Media, Publishing, and Broadcasting|Phone Provider|Computer and Information Technology"
138436,ISP,Internet Service Provider (ISP)|Computer and Information Technology|Phone Provider|
138438,ISP,Computer and Information Technology|Internet Service Provider (ISP)|
138440,ISP,Computer and Information Technology|Internet Service Provider (ISP)|
138441,ISP,Computer and Information Technology|Internet Service Provider (ISP)|
138442,ISP,Internet Service Provider (ISP)|Computer and Information Technology|
138457,Academic/Edu,Education and Research|Research and Development Organizations|
138480,Other,Computer and Information Technology|Software Development|
138513,ISP,Computer and Information Technology|Internet Service Provider (ISP)|Phone Provider|
138514,ISP,Phone Provider|Computer and Information Technology|Internet Service Provider (ISP)|
204051,Unknown,
138535,ISP,Internet Service Provider (ISP)|Computer and Information Technology|Personal ASN|
138538,Content/CDN,Computer and Information Technology|Hosting and Cloud Provider|
138545,Unknown,
7497,ISP,Eyeball|Computer and Information Technology|Internet Service Provider (ISP)|Validating RPKI ROV
138570,ISP,Internet Service Provider (ISP)|Computer and Information Technology|
138577,Other,Electronics and Computer Components|Manufacturing|
138597,ISP,Computer and Information Technology|Internet Service Provider (ISP)|Phone Provider|
7547,Government,"Government and Public Administration|Government and Regulatory Agencies, Administrations, Departments, and Services|"
7548,Government,"Government and Public Administration|Government and Regulatory Agencies, Administrations, Departments, and Services|"
7549,Government,"Government and Public Administration|Government and Regulatory Agencies, Administrations, Departments, and Services|"
138632,Academic/Edu,Education and Research|
138635,ISP,Computer and Information Technology|Internet Service Provider (ISP)|Phone Provider|
138641,ISP,Computer and Information Technology|Internet Service Provider (ISP)|Phone Provider|
7576,Other,Computer and Information Technology|
204185,Eyeball,"Eyeball|Personal Care and Lifestyle (Barber Shops, Nail Salons, Diet Centers, Laundry, etc)|Service|Personal ASN"
7586,Unknown,
138679,ISP,Computer and Information Technology|Internet Service Provider (ISP)|Phone Provider|
7609,Other,"Finance and Insurance|Investment, Portfolio Management, Pensions and Funds|Service|"
138698,Content/CDN,Hosting and Cloud Provider|Computer and Information Technology|
7638,Other,"Online Music and Video Streaming Services|Media, Publishing, and Broadcasting|Music and Video Industry|"
7639,Other,Computer and Information Technology|
7640,Other,"Real Estate (Residential and/or Commercial)|Finance and Insurance|Electric Power Generation, Transmission, Distribution|Construction and Real Estate"
7641,ISP,Eyeball|Computer and Information Technology|Internet Service Provider (ISP)|Not Validating RPKI ROV
7653,Other,"Finance and Insurance|Service|Investment, Portfolio Management, Pensions and Funds|"
7692,Other,"Retail Stores, Wholesale, and E-commerce Sites|"
7721,Other,Personal ASN|Machinery|Manufacturing|
138949,ISP,Computer and Information Technology|Internet Service Provider (ISP)|Phone Provider|
138950,ISP,Tranco 10k Host|Phone Provider|Internet Service Provider (ISP)|Computer and Information Technology
138966,Content/CDN,Hosting and Cloud Provider|Computer and Information Technology|
138979,ISP,Internet Service Provider (ISP)|Computer and Information Technology|
138982,ISP,Not Validating RPKI ROV|Computer and Information Technology|Internet Service Provider (ISP)|Phone Provider
138990,Academic/Edu,Education and Research|
138991,ISP,Internet Service Provider (ISP)|Computer and Information Technology|Phone Provider|
139007,ISP,Internet Service Provider (ISP)|Computer and Information Technology|
139015,Other,Software Development|Computer and Information Technology|
139018,ISP,Computer and Information Technology|Internet Service Provider (ISP)|Phone Provider|
139019,ISP,Computer and Information Technology|Phone Provider|Internet Service Provider (ISP)|
204571,Academic/Edu,Software Development|Education and Research|Research and Development Organizations|Computer and Information Technology
139061,Other,"Finance and Insurance|Banks, Credit Card Companies, Mortgage Providers|"
139073,Academic/Edu,Personal ASN|Education and Research|
139080,ISP,Internet Service Provider (ISP)|Computer and Information Technology|
139081,ISP,Internet Service Provider (ISP)|Computer and Information Technology|Software Development|
139090,ISP,Computer and Information Technology|Internet Service Provider (ISP)|
139091,ISP,Computer and Information Technology|Internet Service Provider (ISP)|
139092,ISP,Phone Provider|Internet Service Provider (ISP)|Computer and Information Technology|
139093,Other,Software Development|Computer and Information Technology|
139094,Other,Software Development|Computer and Information Technology|
139095,Other,Software Development|Computer and Information Technology|
139096,Other,Software Development|Computer and Information Technology|
139097,Other,Computer and Information Technology|
139098,Academic/Edu,Research and Development Organizations|Education and Research|
139099,Other,"Retail Stores, Wholesale, and E-commerce Sites|"
139100,Other,Technology Consulting Services|Computer and Information Technology|Manufacturing|Automotive and Transportation
139101,Other,"Software Development|Computer and Information Technology|Retail Stores, Wholesale, and E-commerce Sites|"
139102,Other,Computer and Information Technology|
139103,Other,"Online Informational Content|Media, Publishing, and Broadcasting|Print Media (Newspapers, Magazines, Books)|"
139104,Other,"Investment, Portfolio Management, Pensions and Funds|Banks, Credit Card Companies, Mortgage Providers|Finance and Insurance|"
139105,Other,"Banks, Credit Card Companies, Mortgage Providers|Investment, Portfolio Management, Pensions and Funds|Finance and Insurance|"
139106,Other,"Investment, Portfolio Management, Pensions and Funds|Banks, Credit Card Companies, Mortgage Providers|Finance and Insurance|"
139107,Other,Computer and Information Technology|
139108,Other,Computer and Information Technology|
139109,ISP,Electronics and Computer Components|Phone Provider|Software Development|Internet Service Provider (ISP)
139110,ISP,Internet Service Provider (ISP)|Electronics and Computer Components|Phone Provider|Computer and Information Technology
139111,Content/CDN,Hosting and Cloud Provider|Software Development|Computer and Information Technology|
139112,ISP,Internet Service Provider (ISP)|Computer and Information Technology|
139113,Other,Computer and Information Technology|
139114,Other,Buildings (Residential or Commercial)|Construction and Real Estate|
139115,Other,Construction and Real Estate|
139116,Other,Computer and Information Technology|
139117,Unknown,
139118,Enterprise,"Law, Business, and Consulting Services|Service|"
139119,Other,Computer and Information Technology|
139120,Other,Computer and Information Technology|
139121,Other,Computer and Information Technology|
139122,Other,"Media, Publishing, and Broadcasting|Music and Video Industry|Museums, Libraries, and Entertainment|Online Music and Video Streaming Services"
139123,Other,Computer and Information Technology|
139124,ISP,"Internet Service Provider (ISP)|Military, Defense, National Security, and International Affairs|Government and Public Administration|Hosting and Cloud Provider"
139125,Other,Computer and Information Technology|Software Development|
139126,Other,Computer and Information Technology|
139127,ISP,Internet Service Provider (ISP)|Computer and Information Technology|
139128,Other,Computer and Information Technology|
139129,Other,"Finance and Insurance|Banks, Credit Card Companies, Mortgage Providers|"
139130,Other,"Banks, Credit Card Companies, Mortgage Providers|Finance and Insurance|"
139131,Unknown,
139132,Content/CDN,Electronics and Computer Components|Manufacturing|Computer and Information Technology|Hosting and Cloud Provider
139133,Other,Computer and Information Technology|
139134,Unknown,
139135,Enterprise,"Law, Business, and Consulting Services|Service|"
139136,Other,Computer and Information Technology|Software Development|
139137,Other,Anycast|Internet Critical Infra|
139138,Enterprise,"Law, Business, and Consulting Services|Software Development|Computer and Information Technology|Service"
139139,Academic/Edu,"Not Validating RPKI ROV|Colleges, Universities, and Professional Schools|Education and Research|"
139140,Unknown,
139141,Other,Software Development|Computer and Information Technology|
139142,Enterprise,"Software Development|Computer and Information Technology|Service|Law, Business, and Consulting Services"
139143,ISP,Hosting and Cloud Provider|Software Development|Computer and Information Technology|Internet Service Provider (ISP)
139144,ISP,Hosting and Cloud Provider|Computer and Information Technology|Software Development|Internet Service Provider (ISP)
139145,Other,"Retail Stores, Wholesale, and E-commerce Sites|"
139146,ISP,"Banks, Credit Card Companies, Mortgage Providers|Insurance Carriers and Agencies|Finance and Insurance|"
139147,Other,Computer and Information Technology|
139148,Content/CDN,Corporate/Enterprise|Hosting and Cloud Provider|Software Development|Computer and Information Technology
139149,Unknown,
139150,Other,"Online Music and Video Streaming Services|Music and Video Industry|Media, Publishing, and Broadcasting|"
139151,ISP,Insurance Carriers and Agencies|Finance and Insurance|
139152,ISP,Insurance Carriers and Agencies|Finance and Insurance|
139153,Academic/Edu,"Colleges, Universities, and Professional Schools|Education and Research|"
139154,Other,"Retail Stores, Wholesale, and E-commerce Sites|"
139155,Enterprise,"Travel and Accommodation|Law, Business, and Consulting Services|Service|"
139156,Other,Computer and Information Technology|
139157,Other,"Online Music and Video Streaming Services|Computer and Information Technology|Software Development|Museums, Libraries, and Entertainment"
139158,Other,Software Development|Computer and Information Technology|
139159,Academic/Edu,Research and Development Organizations|Education and Research|
139160,Other,Computer and Information Technology|
139161,Unknown,
139162,Other,Automotive and Transportation|Software Development|Computer and Information Technology|Manufacturing
139163,Other,Software Development|Manufacturing|Computer and Information Technology|Automotive and Transportation
139164,Other,Software Development|Automotive and Transportation|Computer and Information Technology|Manufacturing
139165,Other,Software Development|Automotive and Transportation|Manufacturing|Computer and Information Technology
139166,Academic/Edu,"Media, Publishing, and Broadcasting|Education and Research|Research and Development Organizations|Print Media (Newspapers, Magazines, Books)"
139167,Other,"Chemical and Pharmaceutical Manufacturing|Utilities (Excluding Internet Service)|Electric Power Generation, Transmission, Distribution|Manufacturing"
139168,Other,"Chemical and Pharmaceutical Manufacturing|Electric Power Generation, Transmission, Distribution|Utilities (Excluding Internet Service)|Manufacturing"
139169,Other,"Electric Power Generation, Transmission, Distribution|Manufacturing|Utilities (Excluding Internet Service)|Chemical and Pharmaceutical Manufacturing"
139170,Other,"Electric Power Generation, Transmission, Distribution|Chemical and Pharmaceutical Manufacturing|Utilities (Excluding Internet Service)|Manufacturing"
139171,Other,"Chemical and Pharmaceutical Manufacturing|Manufacturing|Utilities (Excluding Internet Service)|Electric Power Generation, Transmission, Distribution"
139172,Other,"Service|Buildings, Repair, Maintenance (Pest Control, Landscaping, Cleaning, Locksmiths, Car Washes, etc)|"
139173,Other,Software Development|Computer and Information Technology|
139174,Other,Travel and Accommodation|Automotive and Transportation|Water Transportation|Service
139175,Other,"Museums, Libraries, and Entertainment|Human Rights and Social Advocacy (Human Rights, Environment and Wildlife Conservation, Other)|Community Groups and Nonprofits|"
139176,Other,"Banks, Credit Card Companies, Mortgage Providers|Finance and Insurance|"
139177,Academic/Edu,"Colleges, Universities, and Professional Schools|Education and Research|"
139178,Enterprise,"Banks, Credit Card Companies, Mortgage Providers|Law, Business, and Consulting Services|Service|Finance and Insurance"
139179,ISP,"Finance and Insurance|Law, Business, and Consulting Services|Insurance Carriers and Agencies|Service"
139180,Other,"Online Music and Video Streaming Services|Music and Video Industry|Media, Publishing, and Broadcasting|"
139181,Unknown,
139182,ISP,Finance and Insurance|Insurance Carriers and Agencies|
139183,ISP,"Computer and Information Technology|Service|Internet Service Provider (ISP)|Retail Stores, Wholesale, and E-commerce Sites"
139184,Other,Manufacturing|Machinery|
139185,Other,Manufacturing|
139186,Enterprise,"Law, Business, and Consulting Services|Service|"
139187,Unknown,
139188,Other,"Banks, Credit Card Companies, Mortgage Providers|Finance and Insurance|"
139189,ISP,"Online Music and Video Streaming Services|Media, Publishing, and Broadcasting|Music and Video Industry|Internet Service Provider (ISP)"
139201,ISP,Phone Provider|Computer and Information Technology|Internet Service Provider (ISP)|
139203,ISP,Phone Provider|Computer and Information Technology|Internet Service Provider (ISP)|
139209,Other,Service|
139210,Other,Service|
139216,Academic/Edu,Education and Research|
139220,ISP,Computer and Information Technology|Phone Provider|Internet Service Provider (ISP)|
139231,Other,"Automotive and Transportation|Freight, Shipment, and Postal Services|Manufacturing|"
139249,Other,Machinery|Manufacturing|
139252,Other,"Investment, Portfolio Management, Pensions and Funds|Finance and Insurance|"
139266,Other,Software Development|Computer and Information Technology|
139316,ISP,Computer and Information Technology|Internet Service Provider (ISP)|Phone Provider|
139317,Other,"Personal ASN|Personal Care and Lifestyle (Barber Shops, Nail Salons, Diet Centers, Laundry, etc)|Service|"
139462,ISP,Phone Provider|Computer and Information Technology|Internet Service Provider (ISP)|
139584,ISP,Internet Service Provider (ISP)|Computer and Information Technology|Software Development|
139585,ISP,Software Development|Finance and Insurance|Computer and Information Technology|Phone Provider
139586,ISP,Software Development|Finance and Insurance|Phone Provider|Computer and Information Technology
139587,ISP,Finance and Insurance|Computer and Information Technology|Software Development|Phone Provider
139589,Academic/Edu,Education and Research|
205152,Other,Community Groups and Nonprofits|Personal ASN|
139618,Other,"Finance and Insurance|Investment, Portfolio Management, Pensions and Funds|"
139635,Content/CDN,Computer and Information Technology|Hosting and Cloud Provider|
139721,ISP,Carrier|Computer and Information Technology|Phone Provider|Internet Service Provider (ISP)
139726,ISP,Not Validating RPKI ROV|Internet Service Provider (ISP)|Computer and Information Technology|
139738,ISP,Computer and Information Technology|Internet Service Provider (ISP)|
139743,Other,Computer and Information Technology|
139767,ISP,Not Validating RPKI ROV|Computer and Information Technology|Phone Provider|Internet Service Provider (ISP)
139769,Other,Other|Not Validating RPKI ROV|
139774,Academic/Edu,"Colleges, Universities, and Professional Schools|Education and Research|"
139775,Other,Software Development|Computer and Information Technology|
139782,Other,Community Groups and Nonprofits|
139787,ISP,Software Development|Computer and Information Technology|Internet Service Provider (ISP)|
139791,Other,Manufacturing|Clothing and Textiles|
139795,Other,"Retail Stores, Wholesale, and E-commerce Sites|"
139799,Other,Computer and Information Technology|Software Development|
139801,Other,Computer and Information Technology|
139803,ISP,Software Development|Internet Service Provider (ISP)|Computer and Information Technology|
205340,ISP,Internet Service Provider (ISP)|Computer and Information Technology|
139859,ISP,Computer and Information Technology|Internet Service Provider (ISP)|
139874,ISP,Software Development|Internet Service Provider (ISP)|Computer and Information Technology|
139887,ISP,Internet Service Provider (ISP)|Phone Provider|Computer and Information Technology|
139888,Eyeball,Eyeball|Machinery|Manufacturing|
139905,Other,Computer and Information Technology|Software Development|
139908,ISP,Computer and Information Technology|Internet Service Provider (ISP)|
205532,Eyeball,"Construction and Real Estate|Civil Engineering Construction (Utility Lines, Roads and Bridges)|Personal ASN|Eyeball"
140043,Other,"Buildings, Repair, Maintenance (Pest Control, Landscaping, Cleaning, Locksmiths, Car Washes, etc)|Service|"
140053,ISP,Computer and Information Technology|Internet Service Provider (ISP)|Phone Provider|
140056,ISP,Computer and Information Technology|Phone Provider|Internet Service Provider (ISP)|
140061,ISP,Not Validating RPKI ROV|Phone Provider|Computer and Information Technology|Internet Service Provider (ISP)
205603,Eyeball,Eyeball|Personal ASN|Computer and Information Technology|
205610,Academic/Edu,Personal ASN|Education and Research|
205618,Eyeball,Community Groups and Nonprofits|Personal ASN|Eyeball|
140083,ISP,Internet Service Provider (ISP)|Computer and Information Technology|Phone Provider|
41780,ISP,Computer and Information Technology|Internet Service Provider (ISP)|
140105,ISP,Internet Service Provider (ISP)|Computer and Information Technology|
205651,Academic/Edu,Education and Research|Personal ASN|
146244,Unknown,
146246,Unknown,
140221,Enterprise,"Service|Law, Business, and Consulting Services|"
140232,ISP,"Computer and Information Technology|Internet Service Provider (ISP)|Service|Law, Business, and Consulting Services"
140238,ISP,Computer and Information Technology|Internet Service Provider (ISP)|Phone Provider|
140245,ISP,Phone Provider|Internet Service Provider (ISP)|Computer and Information Technology|
140246,ISP,Phone Provider|Internet Service Provider (ISP)|Computer and Information Technology|
140247,ISP,Phone Provider|Internet Service Provider (ISP)|Computer and Information Technology|
140248,ISP,Phone Provider|Internet Service Provider (ISP)|Computer and Information Technology|
140249,ISP,Computer and Information Technology|Internet Service Provider (ISP)|Phone Provider|
140250,ISP,Phone Provider|Internet Service Provider (ISP)|Computer and Information Technology|
140251,ISP,Phone Provider|Computer and Information Technology|Internet Service Provider (ISP)|
140252,ISP,Phone Provider|Computer and Information Technology|Internet Service Provider (ISP)|
140253,ISP,Phone Provider|Internet Service Provider (ISP)|Computer and Information Technology|
140254,ISP,Internet Service Provider (ISP)|Computer and Information Technology|Phone Provider|
140255,ISP,Phone Provider|Internet Service Provider (ISP)|Computer and Information Technology|
140256,ISP,Computer and Information Technology|Internet Service Provider (ISP)|Phone Provider|
140257,ISP,Phone Provider|Internet Service Provider (ISP)|Computer and Information Technology|
140258,ISP,Computer and Information Technology|Internet Service Provider (ISP)|Phone Provider|
140259,ISP,Computer and Information Technology|Internet Service Provider (ISP)|Phone Provider|
140260,ISP,Phone Provider|Internet Service Provider (ISP)|Computer and Information Technology|
140261,ISP,Internet Service Provider (ISP)|Computer and Information Technology|Phone Provider|
140262,Other,Computer and Information Technology|
140263,ISP,Phone Provider|Internet Service Provider (ISP)|Computer and Information Technology|
140264,ISP,Computer and Information Technology|Internet Service Provider (ISP)|Phone Provider|
140265,ISP,Not Validating RPKI ROV|Phone Provider|Internet Service Provider (ISP)|Computer and Information Technology
140266,ISP,Computer and Information Technology|Phone Provider|Internet Service Provider (ISP)|
205794,ISP,Anycast|Computer and Information Technology|Internet Service Provider (ISP)|Personal ASN
140270,ISP,Computer and Information Technology|Internet Service Provider (ISP)|Phone Provider|
140271,ISP,Internet Service Provider (ISP)|Computer and Information Technology|Phone Provider|
140272,ISP,Internet Service Provider (ISP)|Phone Provider|Computer and Information Technology|
140273,ISP,Internet Service Provider (ISP)|Computer and Information Technology|Phone Provider|
140274,ISP,Computer and Information Technology|Phone Provider|Internet Service Provider (ISP)|
140275,ISP,Internet Service Provider (ISP)|Computer and Information Technology|Phone Provider|
140276,ISP,Computer and Information Technology|Phone Provider|Internet Service Provider (ISP)|
140277,ISP,Internet Service Provider (ISP)|Computer and Information Technology|Phone Provider|
140278,ISP,Internet Service Provider (ISP)|Phone Provider|Computer and Information Technology|
140279,Unknown,
140280,ISP,Internet Service Provider (ISP)|Phone Provider|Computer and Information Technology|
140281,ISP,Internet Service Provider (ISP)|Computer and Information Technology|Phone Provider|
140282,ISP,Computer and Information Technology|Internet Service Provider (ISP)|Phone Provider|
41979,Other,"Retail Stores, Wholesale, and E-commerce Sites|"
140283,ISP,Phone Provider|Computer and Information Technology|Internet Service Provider (ISP)|
140284,ISP,Computer and Information Technology|Phone Provider|Internet Service Provider (ISP)|
140285,ISP,Phone Provider|Internet Service Provider (ISP)|Computer and Information Technology|
140286,ISP,Computer and Information Technology|Internet Service Provider (ISP)|Phone Provider|
205825,Other,Service|
140290,ISP,Computer and Information Technology|Internet Service Provider (ISP)|Phone Provider|
140291,ISP,Phone Provider|Internet Service Provider (ISP)|Computer and Information Technology|
140292,ISP,Phone Provider|Computer and Information Technology|Internet Service Provider (ISP)|
140293,ISP,Phone Provider|Internet Service Provider (ISP)|Computer and Information Technology|
140294,ISP,Phone Provider|Internet Service Provider (ISP)|Computer and Information Technology|
140295,ISP,Computer and Information Technology|Internet Service Provider (ISP)|Phone Provider|
140296,ISP,Internet Service Provider (ISP)|Phone Provider|Computer and Information Technology|
140297,ISP,Phone Provider|Internet Service Provider (ISP)|Computer and Information Technology|
140298,ISP,Internet Service Provider (ISP)|Phone Provider|Computer and Information Technology|
140299,ISP,Phone Provider|Computer and Information Technology|Internet Service Provider (ISP)|
140300,ISP,Phone Provider|Computer and Information Technology|Internet Service Provider (ISP)|
140301,ISP,Internet Service Provider (ISP)|Computer and Information Technology|Phone Provider|
140302,ISP,Internet Service Provider (ISP)|Phone Provider|Computer and Information Technology|
140303,ISP,Internet Service Provider (ISP)|Phone Provider|Computer and Information Technology|
140308,ISP,Computer and Information Technology|Internet Service Provider (ISP)|Phone Provider|
140309,ISP,Phone Provider|Internet Service Provider (ISP)|Computer and Information Technology|
140310,ISP,Phone Provider|Computer and Information Technology|Internet Service Provider (ISP)|
140311,ISP,Phone Provider|Internet Service Provider (ISP)|Computer and Information Technology|
140312,ISP,Internet Service Provider (ISP)|Computer and Information Technology|Phone Provider|
140313,ISP,Internet Service Provider (ISP)|Computer and Information Technology|
140314,ISP,Computer and Information Technology|Internet Service Provider (ISP)|
140315,ISP,Phone Provider|Computer and Information Technology|Internet Service Provider (ISP)|
140316,ISP,Computer and Information Technology|Internet Service Provider (ISP)|Phone Provider|
140317,ISP,Computer and Information Technology|Internet Service Provider (ISP)|Phone Provider|
140318,ISP,Computer and Information Technology|Internet Service Provider (ISP)|Phone Provider|
140319,ISP,Internet Service Provider (ISP)|Phone Provider|Computer and Information Technology|
140320,ISP,Phone Provider|Computer and Information Technology|Internet Service Provider (ISP)|
140328,ISP,Internet Service Provider (ISP)|Computer and Information Technology|Phone Provider|
140329,ISP,Internet Service Provider (ISP)|Computer and Information Technology|Phone Provider|
140330,ISP,Internet Service Provider (ISP)|Computer and Information Technology|Phone Provider|
140331,ISP,Internet Service Provider (ISP)|Computer and Information Technology|Phone Provider|
140332,ISP,Internet Service Provider (ISP)|Phone Provider|Computer and Information Technology|
140333,ISP,Internet Service Provider (ISP)|Phone Provider|Computer and Information Technology|
140334,ISP,Internet Service Provider (ISP)|Phone Provider|Computer and Information Technology|
140335,ISP,Internet Service Provider (ISP)|Phone Provider|Computer and Information Technology|
140336,ISP,Phone Provider|Internet Service Provider (ISP)|Computer and Information Technology|
140337,ISP,Phone Provider|Computer and Information Technology|Internet Service Provider (ISP)|
140338,ISP,Internet Service Provider (ISP)|Computer and Information Technology|Phone Provider|
140339,ISP,Phone Provider|Computer and Information Technology|Internet Service Provider (ISP)|
140340,ISP,Internet Service Provider (ISP)|Computer and Information Technology|Phone Provider|
140341,ISP,Computer and Information Technology|Phone Provider|Internet Service Provider (ISP)|
140342,ISP,Phone Provider|Computer and Information Technology|Internet Service Provider (ISP)|
140343,ISP,Computer and Information Technology|Internet Service Provider (ISP)|Phone Provider|
140345,ISP,Phone Provider|Internet Service Provider (ISP)|Computer and Information Technology|
140346,ISP,Phone Provider|Internet Service Provider (ISP)|Computer and Information Technology|
140347,ISP,Phone Provider|Computer and Information Technology|Internet Service Provider (ISP)|
140348,ISP,Computer and Information Technology|Phone Provider|Internet Service Provider (ISP)|
140349,ISP,Phone Provider|Computer and Information Technology|Internet Service Provider (ISP)|
140350,ISP,Phone Provider|Internet Service Provider (ISP)|Computer and Information Technology|
140351,ISP,Internet Service Provider (ISP)|Phone Provider|Computer and Information Technology|
140352,ISP,Phone Provider|Computer and Information Technology|Internet Service Provider (ISP)|
140353,ISP,Phone Provider|Computer and Information Technology|Internet Service Provider (ISP)|
140354,ISP,Internet Service Provider (ISP)|Phone Provider|Computer and Information Technology|
140355,ISP,Phone Provider|Internet Service Provider (ISP)|Computer and Information Technology|
140356,ISP,Phone Provider|Internet Service Provider (ISP)|Computer and Information Technology|
140357,ISP,Phone Provider|Computer and Information Technology|Internet Service Provider (ISP)|
140358,ISP,Computer and Information Technology|Internet Service Provider (ISP)|Phone Provider|
140359,ISP,Computer and Information Technology|Internet Service Provider (ISP)|Phone Provider|
140360,ISP,Phone Provider|Internet Service Provider (ISP)|Computer and Information Technology|
140361,ISP,Computer and Information Technology|Internet Service Provider (ISP)|Phone Provider|
140363,ISP,Computer and Information Technology|Internet Service Provider (ISP)|
140364,Other,Computer and Information Technology|
140365,ISP,Internet Service Provider (ISP)|Phone Provider|Computer and Information Technology|
140366,ISP,Phone Provider|Internet Service Provider (ISP)|Computer and Information Technology|
140367,ISP,Phone Provider|Computer and Information Technology|Internet Service Provider (ISP)|
140368,ISP,Internet Service Provider (ISP)|Phone Provider|Computer and Information Technology|
140369,ISP,Computer and Information Technology|Internet Service Provider (ISP)|Phone Provider|
140370,ISP,Computer and Information Technology|Internet Service Provider (ISP)|Phone Provider|
140371,ISP,Internet Service Provider (ISP)|Phone Provider|Computer and Information Technology|
140372,ISP,Internet Service Provider (ISP)|Phone Provider|Computer and Information Technology|
140373,ISP,Phone Provider|Internet Service Provider (ISP)|Computer and Information Technology|
9298,ISP,Service|Computer and Information Technology|Internet Service Provider (ISP)|Not Validating RPKI ROV
140374,ISP,Phone Provider|Internet Service Provider (ISP)|Computer and Information Technology|
140375,ISP,Computer and Information Technology|Internet Service Provider (ISP)|Phone Provider|
140376,ISP,Phone Provider|Internet Service Provider (ISP)|Computer and Information Technology|
9306,Other,"Retail Stores, Wholesale, and E-commerce Sites|Validating RPKI ROV|"
9307,ISP,Internet Service Provider (ISP)|Computer and Information Technology|Hosting and Cloud Provider|
9308,Academic/Edu,VPN Host|Education and Research|Not Validating RPKI ROV|
140377,ISP,Computer and Information Technology|Internet Service Provider (ISP)|Phone Provider|
140378,ISP,Phone Provider|Computer and Information Technology|Internet Service Provider (ISP)|
9305,Unknown,
205923,Enterprise,"Law, Business, and Consulting Services|Service|"
205947,Academic/Edu,Education and Research|Personal ASN|
9384,Other,Machinery|Manufacturing|
9388,Other,Manufacturing|
9389,ISP,Not Validating RPKI ROV|Computer and Information Technology|Internet Service Provider (ISP)|
9390,Unknown,
9391,Other,"Finance and Insurance|Construction and Real Estate|Civil Engineering Construction (Utility Lines, Roads and Bridges)|Investment, Portfolio Management, Pensions and Funds"
9392,Other,"Computer and Information Technology|Retail Stores, Wholesale, and E-commerce Sites|Not Validating RPKI ROV|"
9393,Other,Software Development|Computer and Information Technology|
9394,ISP,Eyeball|Internet Service Provider (ISP)|Computer and Information Technology|Validating RPKI ROV
9395,ISP,Internet Service Provider (ISP)|Computer and Information Technology|
9401,Other,"Museums, Libraries, and Entertainment|Libraries and Archives|Not Validating RPKI ROV|"
9402,Other,Computer and Information Technology|
9403,Academic/Edu,Research and Development Organizations|Education and Research|
9404,Other,Computer and Information Technology|
9405,Academic/Edu,"Education and Research|Colleges, Universities, and Professional Schools|"
9406,Academic/Edu,"Colleges, Universities, and Professional Schools|Education and Research|"
9407,Other,Computer and Information Technology|Software Development|
140483,ISP,Computer and Information Technology|Internet Service Provider (ISP)|Phone Provider|
140484,ISP,Computer and Information Technology|Internet Service Provider (ISP)|Phone Provider|
140485,ISP,Computer and Information Technology|Phone Provider|Internet Service Provider (ISP)|
140486,ISP,Computer and Information Technology|Phone Provider|Internet Service Provider (ISP)|
140487,ISP,Internet Service Provider (ISP)|Phone Provider|Computer and Information Technology|
140488,ISP,Phone Provider|Computer and Information Technology|Internet Service Provider (ISP)|
140489,ISP,Computer and Information Technology|Internet Service Provider (ISP)|Phone Provider|
140490,ISP,Internet Service Provider (ISP)|Computer and Information Technology|Phone Provider|
140491,ISP,Internet Service Provider (ISP)|Computer and Information Technology|Phone Provider|
140492,ISP,Phone Provider|Internet Service Provider (ISP)|Computer and Information Technology|
140493,ISP,Phone Provider|Internet Service Provider (ISP)|Computer and Information Technology|
140494,ISP,Computer and Information Technology|Internet Service Provider (ISP)|Phone Provider|
140495,ISP,Internet Service Provider (ISP)|Computer and Information Technology|Phone Provider|
140496,ISP,Phone Provider|Internet Service Provider (ISP)|Computer and Information Technology|
9425,ISP,Computer and Information Technology|Internet Service Provider (ISP)|
140497,ISP,Computer and Information Technology|Internet Service Provider (ISP)|Phone Provider|
140500,Content/CDN,Computer and Information Technology|Hosting and Cloud Provider|Not Validating RPKI ROV|
140508,ISP,Phone Provider|Computer and Information Technology|Internet Service Provider (ISP)|
140509,ISP,Phone Provider|Computer and Information Technology|Internet Service Provider (ISP)|
140510,ISP,Phone Provider|Internet Service Provider (ISP)|Computer and Information Technology|
140511,ISP,Computer and Information Technology|Internet Service Provider (ISP)|Phone Provider|
140512,ISP,Phone Provider|Computer and Information Technology|Internet Service Provider (ISP)|
140513,ISP,Phone Provider|Computer and Information Technology|Internet Service Provider (ISP)|
140514,ISP,Internet Service Provider (ISP)|Phone Provider|Computer and Information Technology|
140515,ISP,Phone Provider|Internet Service Provider (ISP)|Computer and Information Technology|
140516,ISP,Internet Service Provider (ISP)|Computer and Information Technology|Phone Provider|
140517,ISP,Computer and Information Technology|Internet Service Provider (ISP)|Phone Provider|
140518,ISP,Phone Provider|Internet Service Provider (ISP)|Computer and Information Technology|
140519,ISP,Phone Provider|Internet Service Provider (ISP)|Computer and Information Technology|
140520,ISP,Phone Provider|Internet Service Provider (ISP)|Computer and Information Technology|
140521,ISP,Computer and Information Technology|Internet Service Provider (ISP)|Phone Provider|
140522,ISP,Computer and Information Technology|Internet Service Provider (ISP)|Phone Provider|
140527,ISP,Internet Service Provider (ISP)|Phone Provider|Computer and Information Technology|
140528,ISP,Phone Provider|Internet Service Provider (ISP)|Computer and Information Technology|
140529,ISP,Computer and Information Technology|Phone Provider|Internet Service Provider (ISP)|
140530,ISP,Internet Service Provider (ISP)|Computer and Information Technology|Phone Provider|
140531,ISP,Internet Service Provider (ISP)|Phone Provider|Computer and Information Technology|
140532,ISP,Computer and Information Technology|Internet Service Provider (ISP)|Phone Provider|
140533,ISP,Phone Provider|Computer and Information Technology|Internet Service Provider (ISP)|
140534,ISP,Phone Provider|Internet Service Provider (ISP)|Computer and Information Technology|
140535,ISP,Internet Service Provider (ISP)|Computer and Information Technology|Phone Provider|
140536,ISP,Computer and Information Technology|Internet Service Provider (ISP)|Phone Provider|
140537,ISP,Internet Service Provider (ISP)|Computer and Information Technology|Phone Provider|
140538,ISP,Computer and Information Technology|Internet Service Provider (ISP)|Phone Provider|
140553,ISP,Phone Provider|Computer and Information Technology|Internet Service Provider (ISP)|
140554,ISP,Phone Provider|Computer and Information Technology|Internet Service Provider (ISP)|
140555,ISP,Phone Provider|Computer and Information Technology|Internet Service Provider (ISP)|
140556,ISP,Internet Service Provider (ISP)|Computer and Information Technology|Phone Provider|
140557,ISP,Phone Provider|Computer and Information Technology|Internet Service Provider (ISP)|
140558,ISP,Phone Provider|Computer and Information Technology|Internet Service Provider (ISP)|
140559,ISP,Phone Provider|Internet Service Provider (ISP)|Computer and Information Technology|
140560,ISP,Phone Provider|Internet Service Provider (ISP)|Computer and Information Technology|
140561,ISP,Phone Provider|Internet Service Provider (ISP)|Computer and Information Technology|
140562,ISP,Phone Provider|Internet Service Provider (ISP)|Computer and Information Technology|
140563,ISP,Computer and Information Technology|Internet Service Provider (ISP)|Phone Provider|
140564,ISP,Phone Provider|Computer and Information Technology|Internet Service Provider (ISP)|
140565,ISP,Phone Provider|Internet Service Provider (ISP)|Computer and Information Technology|
140566,ISP,Phone Provider|Internet Service Provider (ISP)|Computer and Information Technology|
140567,ISP,Phone Provider|Computer and Information Technology|Internet Service Provider (ISP)|
140568,ISP,Phone Provider|Computer and Information Technology|Internet Service Provider (ISP)|
140569,ISP,Internet Service Provider (ISP)|Computer and Information Technology|Phone Provider|
140572,Academic/Edu,Education and Research|Research and Development Organizations|
140582,Other,Computer and Information Technology|
140596,ISP,Computer and Information Technology|Internet Service Provider (ISP)|
9535,Other,Computer and Information Technology|
140633,Other,"Media, Publishing, and Broadcasting|Online Music and Video Streaming Services|Software Development|Computer and Information Technology"
140636,ISP,Computer and Information Technology|Phone Provider|Internet Service Provider (ISP)|
140638,ISP,Internet Service Provider (ISP)|Computer and Information Technology|Phone Provider|
140647,ISP,Computer and Information Technology|Internet Service Provider (ISP)|Phone Provider|
140648,ISP,Computer and Information Technology|Internet Service Provider (ISP)|Phone Provider|
140649,ISP,Internet Service Provider (ISP)|Computer and Information Technology|Phone Provider|
140650,ISP,Phone Provider|Computer and Information Technology|Internet Service Provider (ISP)|
140651,ISP,Computer and Information Technology|Phone Provider|Internet Service Provider (ISP)|
140652,ISP,Phone Provider|Computer and Information Technology|Internet Service Provider (ISP)|
140653,ISP,Computer and Information Technology|Internet Service Provider (ISP)|Phone Provider|
140654,ISP,Computer and Information Technology|Phone Provider|Internet Service Provider (ISP)|
140655,ISP,Phone Provider|Computer and Information Technology|Internet Service Provider (ISP)|
140656,ISP,Computer and Information Technology|Internet Service Provider (ISP)|Phone Provider|
140657,ISP,Phone Provider|Internet Service Provider (ISP)|Computer and Information Technology|
140682,Eyeball,Eyeball|Computer and Information Technology|
206218,ISP,Internet Service Provider (ISP)|Computer and Information Technology|
140688,Other,Software Development|Computer and Information Technology|
140707,ISP,"Internet Service Provider (ISP)|Media, Publishing, and Broadcasting|Computer and Information Technology|Phone Provider"
140709,Other,Computer and Information Technology|
140714,ISP,Internet Service Provider (ISP)|Computer and Information Technology|
140716,ISP,"Phone Provider|Media, Publishing, and Broadcasting|Internet Service Provider (ISP)|Computer and Information Technology"
140717,ISP,"Not Validating RPKI ROV|Computer and Information Technology|Media, Publishing, and Broadcasting|Internet Service Provider (ISP)"
140720,ISP,"Phone Provider|Internet Service Provider (ISP)|Computer and Information Technology|Media, Publishing, and Broadcasting"
140726,ISP,"Home ISP|Media, Publishing, and Broadcasting|Computer and Information Technology|Internet Service Provider (ISP)"
140731,ISP,Carrier|Education and Research|Personal ASN|Anycast
206315,Eyeball,Software Development|Computer and Information Technology|Personal ASN|Eyeball
9721,Other,"Media, Publishing, and Broadcasting|Music and Video Industry|Online Music and Video Streaming Services|"
140846,Other,Software Development|Computer and Information Technology|
140848,Other,"Retail Stores, Wholesale, and E-commerce Sites|"
140852,ISP,Internet Service Provider (ISP)|Computer and Information Technology|Phone Provider|
140853,ISP,Internet Service Provider (ISP)|Computer and Information Technology|Phone Provider|
140854,ISP,Internet Service Provider (ISP)|Computer and Information Technology|Phone Provider|
140855,ISP,Computer and Information Technology|Internet Service Provider (ISP)|Phone Provider|
140856,ISP,Phone Provider|Computer and Information Technology|Internet Service Provider (ISP)|
140857,ISP,Computer and Information Technology|Internet Service Provider (ISP)|Phone Provider|
140858,ISP,Computer and Information Technology|Internet Service Provider (ISP)|Phone Provider|
140859,ISP,Phone Provider|Computer and Information Technology|Internet Service Provider (ISP)|
140860,ISP,Phone Provider|Internet Service Provider (ISP)|Computer and Information Technology|
140861,ISP,Computer and Information Technology|Phone Provider|Internet Service Provider (ISP)|
140862,ISP,Computer and Information Technology|Internet Service Provider (ISP)|Phone Provider|
140863,ISP,Phone Provider|Internet Service Provider (ISP)|Computer and Information Technology|
9800,ISP,"Phone Provider|Internet Service Provider (ISP)|Computer and Information Technology|Media, Publishing, and Broadcasting"
9801,Other,"Finance and Insurance|Banks, Credit Card Companies, Mortgage Providers|Not Validating RPKI ROV|"
9802,Other,VPN Host|Validating RPKI ROV|
9803,Other,Validating RPKI ROV|Computer and Information Technology|Software Development|
9804,Other,Computer and Information Technology|
9805,Other,"Finance and Insurance|Electronics and Computer Components|Machinery|Investment, Portfolio Management, Pensions and Funds"
9806,Other,Computer and Information Technology|
9807,ISP,Software Development|Computer and Information Technology|Internet Service Provider (ISP)|Hosting and Cloud Provider
9808,ISP,Carrier|Phone Provider|Internet Service Provider (ISP)|Computer and Information Technology
9809,ISP,Not Validating RPKI ROV|Computer and Network Security|Software Development|Internet Service Provider (ISP)
9810,ISP,Not Validating RPKI ROV|Internet Service Provider (ISP)|Computer and Information Technology|Service
9811,ISP,Not Validating RPKI ROV|Computer and Information Technology|Internet Service Provider (ISP)|Software Development
9812,Other,"Not Validating RPKI ROV|Media, Publishing, and Broadcasting|Radio and Television Providers|"
9813,Enterprise,"Service|Law, Business, and Consulting Services|"
9814,ISP,"Eyeball|Software Development|Service|Retail Stores, Wholesale, and E-commerce Sites"
9815,Other,"Retail Stores, Wholesale, and E-commerce Sites|Service|"
9816,Other,Computer and Information Technology|Software Development|
9817,ISP,Computer and Information Technology|Internet Service Provider (ISP)|
9818,Content/CDN,Hosting and Cloud Provider|Computer and Information Technology|
9819,Other,Construction and Real Estate|
140886,ISP,"Phone Provider|Media, Publishing, and Broadcasting|Internet Service Provider (ISP)|Computer and Information Technology"
140895,ISP,Internet Service Provider (ISP)|Computer and Information Technology|
140903,ISP,Not Validating RPKI ROV|Computer and Information Technology|Internet Service Provider (ISP)|Phone Provider
140914,Other,"Retail Stores, Wholesale, and E-commerce Sites|"
140915,ISP,Carrier|Software Development|Computer and Information Technology|Personal ASN
140936,Other,Community Groups and Nonprofits|
140938,Academic/Edu,Education and Research|
140943,Other,"Online Music and Video Streaming Services|Media, Publishing, and Broadcasting|Music and Video Industry|Software Development"
140946,Content/CDN,Computer and Information Technology|Hosting and Cloud Provider|
140961,ISP,Internet Service Provider (ISP)|Computer and Information Technology|
140979,ISP,"Tranco 10k Host|Media, Publishing, and Broadcasting|Computer and Information Technology|Phone Provider"
9929,ISP,Eyeball|Internet Service Provider (ISP)|Computer and Information Technology|Not Validating RPKI ROV
141005,Other,Computer and Information Technology|
141006,ISP,Internet Service Provider (ISP)|Computer and Information Technology|Phone Provider|
9936,ISP,Internet Service Provider (ISP)|Computer and Information Technology|Hosting and Cloud Provider|
9939,ISP,Validating RPKI ROV|Internet Service Provider (ISP)|Computer and Information Technology|
141017,Other,Computer and Information Technology|
141021,ISP,Hosting and Cloud Provider|Internet Service Provider (ISP)|Computer and Information Technology|
141025,ISP,Internet Service Provider (ISP)|Phone Provider|Computer and Information Technology|
141027,Other,"Manufacturing|Agriculture, Mining, and Refineries (Farming, Greenhouses, Mining, Forestry, and Animal Farming)|Chemical and Pharmaceutical Manufacturing|"
141028,ISP,Internet Service Provider (ISP)|Computer and Information Technology|Hosting and Cloud Provider|Software Development
141151,Other,Computer and Information Technology|Software Development|
141157,ISP,Internet Service Provider (ISP)|Computer and Information Technology|Phone Provider|
10095,ISP,Computer and Information Technology|Internet Service Provider (ISP)|Hosting and Cloud Provider|
141168,ISP,Computer and Information Technology|Internet Service Provider (ISP)|
141172,ISP,Computer and Information Technology|Hosting and Cloud Provider|Internet Service Provider (ISP)|
141176,Other,"Manufacturing|Retail Stores, Wholesale, and E-commerce Sites|Not Validating RPKI ROV|"
10111,Other,Anycast|Manufacturing|Not Validating RPKI ROV|
206729,ISP,Computer and Information Technology|Internet Service Provider (ISP)|Personal ASN|Eyeball
141232,Other,"Manufacturing|Retail Stores, Wholesale, and E-commerce Sites|Chemical and Pharmaceutical Manufacturing|"
141237,Academic/Edu,Education and Research|
42962,Other,Computer and Information Technology|
10206,ISP,Internet Service Provider (ISP)|Computer and Information Technology|
10212,ISP,Eyeball|Computer and Information Technology|Internet Service Provider (ISP)|Not Validating RPKI ROV
206843,Other,"Online Informational Content|Media, Publishing, and Broadcasting|Personal ASN|"
206919,Eyeball,Technology Consulting Services|Computer and Information Technology|Personal ASN|Eyeball
141425,ISP,Internet Service Provider (ISP)|Computer and Information Technology|
141429,Academic/Edu,Education and Research|
141430,ISP,Software Development|Internet Service Provider (ISP)|Computer and Information Technology|
141445,Academic/Edu,Education and Research|
141679,ISP,Tranco 10k Host|Phone Provider|Computer and Information Technology|Internet Service Provider (ISP)
141706,ISP,Internet Service Provider (ISP)|Computer and Information Technology|Hosting and Cloud Provider|
141739,Other,Computer and Information Technology|Software Development|
207292,Academic/Edu,Education and Research|Personal ASN|
141771,Other,Software Development|Computer and Information Technology|
141776,Other,"Personal ASN|Online Informational Content|Media, Publishing, and Broadcasting|"
207338,Academic/Edu,Education and Research|
207401,Other,"Retail Stores, Wholesale, and E-commerce Sites|"
207454,Academic/Edu,Education and Research|
141998,Other,Computer and Information Technology|Software Development|
142048,Content/CDN,Computer and Information Technology|Hosting and Cloud Provider|
142055,Other,"Online Informational Content|Media, Publishing, and Broadcasting|"
142067,Unknown,
142068,Unknown,
142069,Unknown,
142070,Unknown,
142071,Unknown,
142072,Unknown,
142073,Unknown,
142074,Unknown,
142075,Unknown,
142076,Unknown,
142077,Unknown,
142078,Unknown,
207615,Other,"Retail Stores, Wholesale, and E-commerce Sites|"
142079,Unknown,
142080,Unknown,
142081,Unknown,
142082,Unknown,
142083,Unknown,
142084,Unknown,
142085,Unknown,
142086,Unknown,
142087,Unknown,
142088,Unknown,
142089,Unknown,
142090,Unknown,
142091,Unknown,
142092,Unknown,
142093,Unknown,
142094,Unknown,
142095,Unknown,
142096,Unknown,
142097,Unknown,
142098,Unknown,
142099,Unknown,
142100,Unknown,
142101,Unknown,
142102,Unknown,
142103,Unknown,
142105,Unknown,
142104,Unknown,
142106,Unknown,
142111,Other,Computer and Information Technology|
142112,Academic/Edu,Education and Research|
142161,Other,"Media, Publishing, and Broadcasting|"
142164,Academic/Edu,Education and Research|
207780,Other,Software Development|Computer and Information Technology|Electronics and Computer Components|Manufacturing
142282,Eyeball,Manufacturing|Machinery|Eyeball|
142404,Other,Software Development|Computer and Information Technology|
142410,ISP,Internet Service Provider (ISP)|Computer and Information Technology|
142418,Other,"Online Informational Content|Media, Publishing, and Broadcasting|"
207963,Other,Real Estate (Residential and/or Commercial)|Buildings (Residential or Commercial)|Construction and Real Estate|Personal ASN
142433,ISP,Computer and Information Technology|Internet Service Provider (ISP)|
142438,Academic/Edu,Education and Research|
142553,ISP,Carrier|Education and Research|
142554,Academic/Edu,Education and Research|
142562,Unknown,
142566,Other,"Online Informational Content|Media, Publishing, and Broadcasting|"
142583,Other,Computer and Information Technology|
142586,Academic/Edu,Education and Research|
208127,Other,"Retail Stores, Wholesale, and E-commerce Sites|Electronics and Computer Components|Service|Manufacturing"
142608,Other,Computer and Information Technology|Software Development|
142611,Other,Computer and Information Technology|
142640,ISP,Internet Service Provider (ISP)|Computer and Information Technology|
142641,ISP,Eyeball|Internet Service Provider (ISP)|Online Informational Content|Computer and Information Technology
142642,Content/CDN,Hosting and Cloud Provicer|Computer and Information Technology|
142650,Unknown,
142651,Unknown,
142652,Unknown,
142653,Unknown,
142654,Unknown,
142655,Unknown,
142656,Unknown,
142657,Unknown,
142658,Unknown,
142659,Unknown,
142660,Unknown,
142661,Unknown,
142662,Unknown,
142663,Unknown,
142664,Unknown,
142665,Unknown,
142666,Unknown,
142667,Unknown,
142668,Unknown,
142669,Unknown,
142670,Unknown,
142671,Unknown,
142672,Unknown,
142673,Unknown,
142674,Unknown,
142675,Unknown,
142676,Unknown,
142677,Unknown,
142678,Unknown,
142679,Unknown,
142680,Unknown,
142681,Unknown,
142682,Unknown,
142683,Unknown,
142684,Unknown,
142685,Unknown,
142686,Unknown,
142687,Unknown,
142688,Unknown,
142689,Unknown,
142690,Unknown,
142691,Unknown,
142692,Unknown,
142693,Unknown,
142694,Unknown,
142695,Unknown,
142696,Unknown,
142697,Unknown,
142698,Unknown,
142699,Unknown,
142700,Unknown,
142701,Unknown,
142702,Unknown,
142703,Unknown,
142704,Unknown,
142705,Unknown,
142706,Unknown,
142707,Unknown,
142708,Unknown,
142709,Unknown,
142710,Unknown,
142711,Unknown,
142712,Unknown,
142713,Unknown,
142714,Unknown,
142715,Unknown,
142716,Unknown,
142717,Unknown,
142718,Unknown,
142719,Unknown,
142720,Unknown,
142721,Unknown,
142722,Unknown,
142723,Unknown,
142724,Unknown,
44421,Other,Anycast|Personal ASN|
142725,Unknown,
142726,Unknown,
142727,Unknown,
142728,Unknown,
142730,Unknown,
142731,Unknown,
142732,Unknown,
142733,Unknown,
142734,Unknown,
142735,Unknown,
142736,Unknown,
142737,Unknown,
142738,Unknown,
142739,Unknown,
142740,Unknown,
142741,Unknown,
142742,Unknown,
142743,Unknown,
142744,Unknown,
142745,Unknown,
142746,Unknown,
142747,Unknown,
142748,Unknown,
142749,Unknown,
44446,ISP,Computer and Information Technology|Hosting and Cloud Provider|Internet Service Provider (ISP)|
142751,Unknown,
142750,Unknown,
142753,Unknown,
142754,Unknown,
142755,Unknown,
142752,Unknown,
142756,Unknown,
142758,Unknown,
142759,Unknown,
142760,Unknown,
142757,Unknown,
142762,Unknown,
142763,Unknown,
142764,Unknown,
142765,Unknown,
142766,Unknown,
142767,Unknown,
142768,Unknown,
142769,Unknown,
142770,Unknown,
142771,Unknown,
142772,Unknown,
142773,Unknown,
142774,Unknown,
142775,Unknown,
142776,Unknown,
142777,Unknown,
142778,Unknown,
142779,Unknown,
142780,Unknown,
142781,Unknown,
142782,Unknown,
142783,Unknown,
142784,Unknown,
142785,Unknown,
142786,Unknown,
142787,Unknown,
142788,Unknown,
142789,Unknown,
142790,Unknown,
142791,Unknown,
142792,Unknown,
142793,Unknown,
142794,Unknown,
142795,Unknown,
142796,Unknown,
142797,Unknown,
142798,Unknown,
142799,Unknown,
142800,Unknown,
142801,Unknown,
142802,Unknown,
142803,Unknown,
142804,Unknown,
142805,Unknown,
142806,Unknown,
142807,Unknown,
142808,Unknown,
142809,Unknown,
142810,Unknown,
142811,Unknown,
142812,Unknown,
142813,Unknown,
142814,Unknown,
142815,Unknown,
142816,Unknown,
142817,Unknown,
142818,Unknown,
142819,Unknown,
142820,Unknown,
142821,Unknown,
142822,Unknown,
142823,Unknown,
142824,Unknown,
142825,Unknown,
142826,Unknown,
142827,Unknown,
142828,Unknown,
142829,Unknown,
142830,Unknown,
142831,Unknown,
142832,Unknown,
142833,Unknown,
142834,Unknown,
142835,Unknown,
142836,Unknown,
142837,Unknown,
142838,Unknown,
142839,Unknown,
142840,Unknown,
142841,Unknown,
142842,Unknown,
142843,Unknown,
142844,Unknown,
142845,Unknown,
142846,Unknown,
142847,Unknown,
142848,Unknown,
142849,Unknown,
142850,Unknown,
142851,Unknown,
142852,Unknown,
142853,Unknown,
142854,Unknown,
142855,Unknown,
142856,Unknown,
142857,Unknown,
142858,Unknown,
142859,Unknown,
142860,Unknown,
142861,Unknown,
142862,Unknown,
142863,Unknown,
142864,Unknown,
142865,Unknown,
142866,Unknown,
142867,Unknown,
142868,Unknown,
142869,Unknown,
142870,Unknown,
142871,Unknown,
142872,Unknown,
142873,Unknown,
142874,Unknown,
142875,Unknown,
142876,Unknown,
142877,Unknown,
142878,Unknown,
142879,Unknown,
142880,Unknown,
142881,Unknown,
142882,Unknown,
142883,Unknown,
142884,Unknown,
142885,Unknown,
142886,Unknown,
142887,Unknown,
142888,Unknown,
142889,Unknown,
142890,Unknown,
142891,Unknown,
142892,Unknown,
142893,Unknown,
142894,Unknown,
142895,Unknown,
142896,Unknown,
142897,Unknown,
142898,Unknown,
142899,Unknown,
142900,Unknown,
142901,Unknown,
142902,Unknown,
142903,Unknown,
142904,Unknown,
142905,Unknown,
142906,Unknown,
142907,Unknown,
142908,Unknown,
142909,Unknown,
142910,Unknown,
142911,Unknown,
142912,Unknown,
142913,Unknown,
142914,Unknown,
142915,Unknown,
142916,Unknown,
142917,Unknown,
142918,Unknown,
142919,Unknown,
142920,Unknown,
142921,Unknown,
142922,Unknown,
142923,Unknown,
142924,Unknown,
142925,Unknown,
142926,Unknown,
142927,Unknown,
142928,Unknown,
142929,Unknown,
142930,Unknown,
142931,Unknown,
142932,Unknown,
142933,Unknown,
142934,Unknown,
142935,Unknown,
142936,Unknown,
142937,Unknown,
142938,Unknown,
142939,Unknown,
142940,Unknown,
142941,Unknown,
142942,Unknown,
142943,Unknown,
142944,Unknown,
142945,Unknown,
142946,Unknown,
142947,Unknown,
142948,Unknown,
142949,Unknown,
142950,Unknown,
142951,Unknown,
142952,Unknown,
142953,Unknown,
142954,Unknown,
142955,Unknown,
142956,Unknown,
142957,Unknown,
142958,Unknown,
142959,Unknown,
142960,Unknown,
142961,Unknown,
142962,Unknown,
142963,Unknown,
142964,Unknown,
142965,Unknown,
142966,Unknown,
142967,Unknown,
142968,Unknown,
142969,Unknown,
142970,Unknown,
142971,Unknown,
142972,Unknown,
142973,Unknown,
142974,Unknown,
142975,Unknown,
142976,Unknown,
142977,Unknown,
142978,Unknown,
142979,Unknown,
142980,Unknown,
142981,Unknown,
142982,Unknown,
142983,Unknown,
142984,Unknown,
142985,Unknown,
142986,Unknown,
142987,Unknown,
142988,Unknown,
142989,Unknown,
142990,Unknown,
142991,Unknown,
142992,Unknown,
142993,Unknown,
142994,Unknown,
142995,Unknown,
142996,Unknown,
142997,Unknown,
142998,Unknown,
142999,Unknown,
143000,Unknown,
143001,Unknown,
143002,Unknown,
143003,Unknown,
143004,Unknown,
143005,Unknown,
143006,Unknown,
143007,Unknown,
143008,Unknown,
143009,Unknown,
143010,Unknown,
143011,Unknown,
143012,Unknown,
143013,Unknown,
143014,Unknown,
143015,Unknown,
143016,Unknown,
143017,Unknown,
143018,Unknown,
143019,Unknown,
143020,Unknown,
143021,Unknown,
143022,Unknown,
143023,Unknown,
143024,Unknown,
143025,Unknown,
143026,Unknown,
143027,Unknown,
143028,Unknown,
143029,Unknown,
143030,Unknown,
143031,Unknown,
143032,Unknown,
143033,Unknown,
143034,Unknown,
143035,Unknown,
143036,Unknown,
143037,Unknown,
143038,Unknown,
143039,Unknown,
143040,Unknown,
208577,Other,"Hotels, Motels, Inns, Other Traveler Accommodation|Travel and Accommodation|"
143041,Unknown,
143042,Unknown,
143043,Unknown,
143044,Unknown,
143045,Unknown,
143046,Unknown,
143047,Unknown,
143048,Unknown,
143049,Unknown,
143051,Unknown,
208588,Unknown,
143052,Unknown,
143053,Unknown,
143054,Unknown,
143055,Unknown,
143056,Unknown,
143058,Unknown,
143059,Unknown,
143060,Unknown,
143057,Unknown,
143061,Unknown,
143062,Unknown,
143063,Unknown,
143064,Unknown,
143066,Unknown,
143065,Unknown,
143067,Unknown,
143069,Unknown,
143070,Unknown,
143068,Unknown,
143071,Unknown,
143072,Unknown,
143073,Unknown,
143074,Unknown,
143075,Unknown,
143076,Unknown,
143077,Unknown,
143078,Unknown,
143079,Unknown,
143080,Unknown,
208618,Enterprise,"Service|Law, Business, and Consulting Services|"
143081,Unknown,
143082,Unknown,
143083,Unknown,
143086,Unknown,
143084,Unknown,
143085,Unknown,
143087,Unknown,
143090,Unknown,
143088,Unknown,
143089,Unknown,
143091,Unknown,
143092,Unknown,
143093,Unknown,
143094,Unknown,
143095,Unknown,
143098,Unknown,
143099,Unknown,
143096,Unknown,
143097,Unknown,
143102,Unknown,
143100,Unknown,
143101,Unknown,
143103,Unknown,
143104,Unknown,
143107,Unknown,
143105,Unknown,
143106,Unknown,
143108,Unknown,
143109,Unknown,
143110,Unknown,
143111,Unknown,
143112,Unknown,
143113,Unknown,
143116,Unknown,
143117,Unknown,
143118,Unknown,
143119,Unknown,
143114,Unknown,
143115,Unknown,
143122,Unknown,
143123,Unknown,
143124,Unknown,
143125,Unknown,
143126,Unknown,
143127,Unknown,
143128,Unknown,
143129,Unknown,
143130,Unknown,
143131,Unknown,
143132,Unknown,
143133,Unknown,
143134,Unknown,
143135,Unknown,
143136,Unknown,
143137,Unknown,
143138,Unknown,
143139,Unknown,
143140,Unknown,
143141,Unknown,
143142,Unknown,
208679,ISP,Hosting and Cloud Provider|Computer and Information Technology|Internet Service Provider (ISP)|
208680,Other,"Retail Stores, Wholesale, and E-commerce Sites|Travel and Accommodation|"
143143,Unknown,
143146,Unknown,
143144,Unknown,
143145,Unknown,
143147,Unknown,
143148,Unknown,
143151,Unknown,
143149,Unknown,
143150,Unknown,
143152,Unknown,
143153,Unknown,
143154,Unknown,
143155,Unknown,
143156,Unknown,
143157,Unknown,
143158,Unknown,
143159,Unknown,
208698,Academic/Edu,Education and Research|
143160,Unknown,
143161,Unknown,
143162,Unknown,
143163,Unknown,
143164,Unknown,
143165,Unknown,
143166,Unknown,
143167,Unknown,
143168,Unknown,
143169,Unknown,
143170,Unknown,
143171,Unknown,
143172,Unknown,
143173,Unknown,
143174,Unknown,
143175,Unknown,
143177,Unknown,
143178,Unknown,
143179,Unknown,
143180,Unknown,
143181,Unknown,
143182,Unknown,
143184,Unknown,
143185,Unknown,
143186,Unknown,
143187,Unknown,
143188,Unknown,
143183,Unknown,
143189,Unknown,
143190,Unknown,
143191,Unknown,
143192,Unknown,
143193,Unknown,
143196,Unknown,
143197,Unknown,
143198,Unknown,
143199,Unknown,
143200,Unknown,
143201,Unknown,
143202,Unknown,
143203,Unknown,
143204,Unknown,
143205,Unknown,
143206,Unknown,
143207,Unknown,
143208,Unknown,
143209,Unknown,
143210,Unknown,
143211,Unknown,
143212,Unknown,
143213,Unknown,
143214,Unknown,
143215,Unknown,
143216,Unknown,
143217,Unknown,
143218,Unknown,
143219,Unknown,
143220,Unknown,
143221,Unknown,
143222,Unknown,
143223,Unknown,
143224,Unknown,
143225,Unknown,
143226,Unknown,
143227,Unknown,
143228,Unknown,
143229,Unknown,
143230,Unknown,
143231,Unknown,
143232,Unknown,
143233,Unknown,
143234,Unknown,
143235,Unknown,
143236,Unknown,
143237,Unknown,
143238,Unknown,
143239,Unknown,
143240,Unknown,
143241,Unknown,
143242,Unknown,
143243,Unknown,
143244,Unknown,
143245,Unknown,
143246,Unknown,
143247,Unknown,
143248,Unknown,
143249,Unknown,
143250,Unknown,
143251,Unknown,
143252,Unknown,
143253,Unknown,
143254,Unknown,
143255,Unknown,
143256,Unknown,
143257,Unknown,
143258,Unknown,
143259,Unknown,
143260,Unknown,
143261,Unknown,
143262,Unknown,
143263,Unknown,
143264,Unknown,
143265,Unknown,
143266,Unknown,
143267,Unknown,
143268,Unknown,
143269,Unknown,
143270,Unknown,
143271,Unknown,
143272,Unknown,
143273,Unknown,
143274,Unknown,
143275,Unknown,
143276,Unknown,
143277,Unknown,
143278,Unknown,
143279,Unknown,
143280,Unknown,
143281,Unknown,
143282,Unknown,
143283,Unknown,
143284,Unknown,
143285,Unknown,
143286,Unknown,
143287,Unknown,
143288,Unknown,
143289,Unknown,
143290,Unknown,
143291,Unknown,
143292,Unknown,
143293,Unknown,
143294,Unknown,
143295,Unknown,
208830,Other,Computer and Information Technology|
143296,Unknown,
143298,Unknown,
143297,Unknown,
143299,Unknown,
143300,Unknown,
143302,Unknown,
143303,Unknown,
143301,Unknown,
143304,Unknown,
143305,Unknown,
143306,Unknown,
143307,Unknown,
143308,Unknown,
143309,Unknown,
143310,Unknown,
143311,Unknown,
143312,Unknown,
143313,Unknown,
143314,Unknown,
143315,Unknown,
143316,Unknown,
143317,Unknown,
143318,Unknown,
143319,Unknown,
143320,Unknown,
143321,Unknown,
143323,Unknown,
143322,Unknown,
143324,Unknown,
143325,Unknown,
143326,Unknown,
143328,Unknown,
143327,Unknown,
143329,Unknown,
143330,Unknown,
143331,Unknown,
143332,Unknown,
143333,Unknown,
143335,Unknown,
208872,Other,"Online Informational Content|Media, Publishing, and Broadcasting|Not Validating RPKI ROV|Personal ASN"
143337,Unknown,
143334,Unknown,
143336,Unknown,
143338,Unknown,
143339,Unknown,
143340,Unknown,
143341,Unknown,
143342,Unknown,
143343,Unknown,
143344,Unknown,
143347,Unknown,
143345,Unknown,
143346,Unknown,
143348,Unknown,
143351,Unknown,
143352,Unknown,
143353,Unknown,
143354,Unknown,
143355,Unknown,
143356,Unknown,
143349,Unknown,
143358,Unknown,
143357,Unknown,
143359,Unknown,
143361,Unknown,
143362,Unknown,
143363,Unknown,
143364,Unknown,
143365,Unknown,
143366,Unknown,
143367,Unknown,
143368,Unknown,
143369,Unknown,
143370,Unknown,
143371,Unknown,
45059,ISP,Internet Service Provider (ISP)|Computer and Information Technology|
143373,Unknown,
143374,Unknown,
143375,Unknown,
45072,Unknown,
45073,Unknown,
143376,Unknown,
143378,Unknown,
143379,Unknown,
143380,Unknown,
143381,Unknown,
143382,Unknown,
143384,Unknown,
143385,Unknown,
143386,Unknown,
143387,Unknown,
143388,Unknown,
143389,Unknown,
143390,Unknown,
143391,Unknown,
143392,Unknown,
143393,Unknown,
143394,Unknown,
143395,Unknown,
143396,Unknown,
143397,Unknown,
143398,Unknown,
143399,Unknown,
143400,Unknown,
143401,Unknown,
143402,Unknown,
143403,Unknown,
143404,Unknown,
143405,Unknown,
143406,Unknown,
143407,Unknown,
143408,Unknown,
143409,Unknown,
143410,Unknown,
143411,Unknown,
143412,Unknown,
45100,ISP,Hosting and Cloud Provider|Internet Service Provider (ISP)|Computer and Information Technology|
45101,Other,"Food, Grocery, Beverages|Retail Stores, Wholesale, and E-commerce Sites|"
143415,Unknown,
45103,Other,Service|
45104,Other,"Computer and Information Technology|Retail Stores, Wholesale, and E-commerce Sites|Software Development|"
143418,Unknown,
143419,Unknown,
45108,Enterprise,"Service|Law, Business, and Consulting Services|Manufacturing|Metal, Glass, Wood, and Paper Manufacturing"
45109,Other,"Retail Stores, Wholesale, and E-commerce Sites|"
45110,Other,"Retail Stores, Wholesale, and E-commerce Sites|"
45111,Other,Computer and Information Technology|Search|
45112,ISP,Computer and Information Technology|Internet Service Provider (ISP)|Education and Research|
45113,ISP,Internet Service Provider (ISP)|Computer and Information Technology|
45114,Other,Buildings (Residential or Commercial)|Construction and Real Estate|
45120,ISP,Internet Service Provider (ISP)|Computer and Information Technology|
143427,Unknown,
143429,Unknown,
143421,Unknown,
143422,Unknown,
143423,Unknown,
143424,Unknown,
143425,Unknown,
143426,Unknown,
143436,Unknown,
143428,Unknown,
143430,Unknown,
143439,Unknown,
143440,Unknown,
143432,Unknown,
143433,Unknown,
143434,Unknown,
143435,Unknown,
143437,Unknown,
143438,Unknown,
143441,Unknown,
143448,Unknown,
143449,Unknown,
143442,Unknown,
143451,Unknown,
143443,Unknown,
143444,Unknown,
143445,Unknown,
143446,Unknown,
143456,Unknown,
208993,Other,"Construction and Real Estate|Retail Stores, Wholesale, and E-commerce Sites|Service|Real Estate (Residential and/or Commercial)"
143450,Unknown,
208995,Other,Travel and Accommodation|
143460,Unknown,
143452,Unknown,
143453,Unknown,
143454,Unknown,
143455,Unknown,
143457,Unknown,
143458,Unknown,
143459,Unknown,
143461,Unknown,
143462,Unknown,
143463,Unknown,
143464,Unknown,
143472,Unknown,
143473,Unknown,
143465,Unknown,
143466,Unknown,
143467,Unknown,
143468,Unknown,
143477,Unknown,
143470,Unknown,
143471,Unknown,
143474,Unknown,
143475,Unknown,
143476,Unknown,
143478,Unknown,
143479,Unknown,
143480,Unknown,
143481,Unknown,
143482,Unknown,
143483,Unknown,
143484,Unknown,
143485,Unknown,
143486,Unknown,
143487,Unknown,
143488,Unknown,
143489,Unknown,
143490,Unknown,
143491,Unknown,
143498,Unknown,
143493,Unknown,
143494,Unknown,
143501,Unknown,
143495,Unknown,
143496,Unknown,
143497,Unknown,
143499,Unknown,
143500,Unknown,
143502,Unknown,
143503,Unknown,
143504,Unknown,
143505,Unknown,
143511,Unknown,
143512,Unknown,
143506,Unknown,
143507,Unknown,
143508,Unknown,
143509,Unknown,
143510,Unknown,
143513,Unknown,
143514,Unknown,
143515,Unknown,
143516,Unknown,
143517,Unknown,
143518,Unknown,
143519,Unknown,
143520,Unknown,
143521,Unknown,
143522,Unknown,
143523,Unknown,
143524,Unknown,
143525,Unknown,
143526,Unknown,
143527,Unknown,
143529,Unknown,
143530,Unknown,
143531,Unknown,
143533,Unknown,
143537,Unknown,
143538,Unknown,
143539,Unknown,
143534,Unknown,
143535,Unknown,
143542,Unknown,
143543,Unknown,
143536,Unknown,
143540,Unknown,
143546,Unknown,
209083,Other,"Online Informational Content|Media, Publishing, and Broadcasting|"
143541,Unknown,
143544,Unknown,
143545,Unknown,
143551,Unknown,
143547,Unknown,
143548,Unknown,
143549,Unknown,
143550,Unknown,
143556,Unknown,
143552,Unknown,
143553,Unknown,
143554,Unknown,
45256,ISP,Internet Service Provider (ISP)|Computer and Information Technology|
143555,Unknown,
143557,Unknown,
143563,Unknown,
143564,Unknown,
143565,Unknown,
143558,Unknown,
143561,Unknown,
143562,Unknown,
143569,Unknown,
143566,Unknown,
143567,Unknown,
143572,Unknown,
143573,Unknown,
143568,Unknown,
143570,Unknown,
143571,Unknown,
143574,Unknown,
143575,Unknown,
45275,Other,Computer and Information Technology|
143580,Unknown,
143576,Unknown,
143577,Unknown,
143578,Unknown,
143579,Unknown,
143581,Unknown,
143582,Unknown,
143586,Unknown,
143587,Unknown,
143588,Unknown,
143590,Unknown,
143589,Unknown,
143591,Unknown,
143592,Unknown,
143594,Unknown,
143593,Unknown,
143595,Unknown,
143596,Unknown,
143597,Unknown,
143598,Unknown,
143599,Unknown,
143600,Unknown,
143601,Unknown,
143602,Unknown,
143603,Unknown,
143604,Unknown,
143605,Unknown,
143606,Unknown,
143607,Unknown,
143609,Unknown,
143610,Unknown,
143608,Unknown,
143611,Unknown,
143613,Unknown,
143614,Unknown,
143615,Unknown,
143612,Unknown,
143616,Unknown,
143618,Unknown,
143617,Unknown,
143619,Unknown,
143620,Unknown,
143622,Unknown,
143621,Unknown,
143623,Unknown,
143624,Unknown,
143625,Unknown,
143626,Unknown,
143627,Unknown,
143628,Unknown,
143630,Unknown,
143629,Unknown,
143632,Unknown,
143631,Unknown,
143633,Unknown,
143634,Unknown,
143635,Unknown,
143636,Unknown,
143637,Unknown,
143639,Unknown,
143638,Unknown,
143640,Unknown,
143641,Unknown,
143642,Unknown,
143643,Unknown,
143644,Unknown,
143645,Unknown,
143646,Unknown,
143648,Unknown,
143647,Unknown,
143649,Unknown,
209187,Other,Travel and Accommodation|
143650,Unknown,
143651,Unknown,
143652,Unknown,
143653,Unknown,
143654,Unknown,
143655,Unknown,
143656,Unknown,
143657,Unknown,
143658,Unknown,
143659,Unknown,
143660,Unknown,
143661,Unknown,
143662,Unknown,
143665,Unknown,
143663,Unknown,
143664,Unknown,
143666,Unknown,
143667,Unknown,
143668,Unknown,
143669,Unknown,
143670,Unknown,
143673,Unknown,
143674,Unknown,
143671,Unknown,
143672,Unknown,
143675,Unknown,
143676,Unknown,
143677,Unknown,
143678,Unknown,
143679,Unknown,
209218,Enterprise,"Personal ASN|Service|Law, Business, and Consulting Services|"
143680,Unknown,
143684,Unknown,
143685,Unknown,
143686,Unknown,
143687,Unknown,
143688,Unknown,
143689,Unknown,
143690,Unknown,
143691,Unknown,
143692,Unknown,
143693,Unknown,
143694,Unknown,
143695,Unknown,
143696,Unknown,
143697,Unknown,
143698,Unknown,
143699,Unknown,
143700,Unknown,
143701,Unknown,
143702,Unknown,
143703,Unknown,
143704,Unknown,
143705,Unknown,
143706,Unknown,
143707,Unknown,
143708,Unknown,
143709,Unknown,
143710,Unknown,
143711,Unknown,
143712,Unknown,
143713,Unknown,
143714,Unknown,
143715,Unknown,
143716,Unknown,
143717,Unknown,
143718,Unknown,
143719,Unknown,
143720,Unknown,
143721,Unknown,
143722,Unknown,
143723,Unknown,
143724,Unknown,
209261,Other,"Personal ASN|Online Informational Content|Media, Publishing, and Broadcasting|"
143725,Unknown,
143727,Unknown,
143726,Unknown,
143728,Unknown,
143730,Unknown,
143729,Unknown,
143731,Unknown,
143732,Unknown,
143733,Unknown,
143734,Unknown,
143735,Unknown,
143736,Unknown,
143737,Unknown,
143738,Unknown,
143740,Unknown,
143739,Unknown,
143741,Unknown,
143742,Unknown,
143743,Unknown,
143744,Unknown,
143745,Unknown,
143746,Unknown,
143747,Unknown,
143748,Unknown,
143750,Unknown,
143749,Unknown,
143751,Unknown,
143753,Unknown,
143754,Unknown,
143755,Unknown,
143756,Unknown,
143752,Unknown,
143758,Unknown,
143759,Unknown,
209294,Eyeball,"Eyeball|Law, Business, and Consulting Services|Service|Retail Stores, Wholesale, and E-commerce Sites"
143761,Unknown,
143762,Unknown,
143757,Unknown,
209300,Academic/Edu,Personal ASN|Education and Research|
143764,Unknown,
143760,Unknown,
143763,Unknown,
143768,Unknown,
143765,Unknown,
209306,ISP,"Eyeball|Online Informational Content|Internet Service Provider (ISP)|Media, Publishing, and Broadcasting"
143766,Unknown,
143767,Unknown,
143773,Unknown,
143769,Unknown,
143770,Unknown,
143771,Unknown,
143772,Unknown,
143778,Unknown,
143774,Unknown,
143775,Unknown,
143781,Unknown,
143776,Unknown,
143777,Unknown,
143779,Unknown,
143780,Unknown,
143782,Unknown,
143783,Unknown,
143784,Unknown,
143785,Unknown,
143786,Unknown,
143787,Unknown,
143788,Unknown,
143793,Unknown,
143794,Unknown,
143789,Unknown,
143790,Unknown,
143791,Unknown,
143798,Unknown,
143792,Unknown,
143795,Unknown,
143796,Unknown,
143802,Unknown,
143803,Unknown,
143797,Unknown,
143799,Unknown,
143800,Unknown,
143807,Unknown,
143801,Unknown,
143804,Unknown,
143805,Unknown,
143806,Unknown,
143808,Unknown,
143813,Unknown,
143809,Unknown,
143810,Unknown,
143811,Unknown,
143812,Unknown,
143814,Unknown,
143815,Unknown,
143820,Unknown,
143816,Unknown,
143817,Unknown,
143818,Unknown,
143819,Unknown,
143821,Unknown,
143822,Unknown,
143823,Unknown,
143828,Unknown,
143829,Unknown,
143824,Unknown,
143825,Unknown,
143826,Unknown,
143833,Unknown,
143827,Unknown,
143835,Unknown,
143830,Unknown,
143837,Unknown,
143831,Unknown,
143832,Unknown,
143834,Unknown,
143836,Unknown,
143838,Unknown,
143843,Unknown,
143844,Unknown,
143839,Unknown,
143846,Unknown,
143840,Unknown,
143841,Unknown,
143842,Unknown,
143845,Unknown,
143847,Unknown,
143848,Unknown,
143849,Unknown,
143854,Unknown,
143855,Unknown,
143850,Unknown,
143857,Unknown,
143858,Unknown,
143859,Unknown,
143851,Unknown,
143852,Unknown,
143861,Unknown,
143863,Unknown,
143864,Unknown,
143856,Unknown,
143860,Unknown,
143867,Unknown,
143868,Unknown,
143862,Unknown,
143865,Unknown,
45567,Other,Computer and Information Technology|
143866,Unknown,
143869,Unknown,
143870,Unknown,
143871,Unknown,
143872,Unknown,
143873,Unknown,
143878,Unknown,
143879,Unknown,
45576,Academic/Edu,"Colleges, Universities, and Professional Schools|Education and Research|"
143874,Unknown,
143882,Unknown,
143875,Unknown,
143876,Unknown,
143885,Unknown,
143886,Unknown,
143880,Unknown,
143888,Unknown,
143881,Unknown,
143883,Unknown,
143891,Unknown,
45587,ISP,Internet Service Provider (ISP)|Computer and Information Technology|
143884,Unknown,
143894,Unknown,
143895,Unknown,
143887,Unknown,
143897,Unknown,
143889,Unknown,
143890,Unknown,
143899,Unknown,
143901,Unknown,
143902,Unknown,
143903,Unknown,
143896,Unknown,
143898,Unknown,
143906,Unknown,
143900,Unknown,
143908,Unknown,
143904,Unknown,
143910,Unknown,
143905,Unknown,
143907,Unknown,
143909,Unknown,
143914,Unknown,
143915,Unknown,
143911,Unknown,
143912,Unknown,
143913,Unknown,
143916,Unknown,
143917,Unknown,
143918,Unknown,
143922,Unknown,
143919,Unknown,
143920,Unknown,
143921,Unknown,
143923,Unknown,
143924,Unknown,
143925,Unknown,
143926,Unknown,
143927,Unknown,
143928,Unknown,
143929,Unknown,
143933,Unknown,
143930,Unknown,
143935,Unknown,
143931,Unknown,
143932,Unknown,
143938,Unknown,
143934,Unknown,
143940,Unknown,
143936,Unknown,
143937,Unknown,
143939,Unknown,
143944,Unknown,
143941,Unknown,
143946,Unknown,
143942,Unknown,
209484,Other,Other|
143948,Unknown,
143943,Unknown,
143945,Unknown,
143947,Unknown,
143953,Unknown,
143949,Unknown,
143955,Unknown,
143950,Unknown,
143951,Unknown,
143952,Unknown,
143959,Unknown,
143954,Unknown,
143956,Unknown,
143957,Unknown,
143958,Unknown,
143960,Unknown,
143961,Unknown,
143966,Unknown,
143962,Unknown,
143968,Unknown,
143963,Unknown,
143964,Unknown,
143965,Unknown,
143967,Unknown,
143969,Unknown,
143970,Unknown,
143971,Unknown,
143972,Unknown,
143973,Unknown,
143974,Unknown,
143975,Unknown,
143976,Unknown,
143977,Unknown,
143982,Unknown,
143978,Unknown,
143984,Unknown,
143979,Unknown,
143980,Unknown,
143981,Unknown,
143983,Unknown,
143985,Unknown,
143986,Unknown,
143991,Unknown,
143987,Unknown,
143988,Unknown,
143989,Unknown,
143990,Unknown,
143992,Unknown,
143993,Unknown,
143994,Unknown,
143995,Unknown,
143996,Unknown,
143997,Unknown,
143998,Unknown,
144003,Unknown,
143999,Unknown,
144000,Unknown,
144006,Unknown,
144001,Unknown,
144002,Unknown,
144009,Unknown,
144004,Unknown,
144011,Unknown,
144012,Unknown,
144005,Unknown,
144007,Unknown,
144008,Unknown,
144010,Unknown,
144013,Unknown,
144018,Unknown,
144014,Unknown,
209556,ISP,Internet Service Provider (ISP)|Computer and Information Technology|Hosting and Cloud Provider|
144015,Unknown,
144016,Unknown,
144017,Unknown,
144024,Unknown,
144019,Unknown,
144020,Unknown,
144021,Unknown,
144022,Unknown,
144029,Unknown,
144023,Unknown,
144025,Unknown,
144032,Unknown,
144033,Unknown,
144026,Unknown,
144027,Unknown,
144028,Unknown,
144030,Unknown,
209574,ISP,Internet Service Provider (ISP)|Computer and Information Technology|Personal ASN|
144031,Unknown,
144034,Unknown,
144041,Unknown,
144035,Unknown,
144043,Unknown,
144044,Unknown,
144045,Unknown,
144037,Unknown,
144038,Unknown,
144039,Unknown,
144040,Unknown,
144049,Unknown,
45746,Other,"Media, Publishing, and Broadcasting|Music and Video Industry|Online Music and Video Streaming Services|"
209586,Enterprise,"Service|Real Estate (Residential and/or Commercial)|Law, Business, and Consulting Services|Construction and Real Estate"
144052,Unknown,
144046,Unknown,
144055,Unknown,
144047,Unknown,
144048,Unknown,
144050,Unknown,
144051,Unknown,
144053,Unknown,
144054,Unknown,
144062,Unknown,
144056,Unknown,
144064,Unknown,
144065,Unknown,
144066,Unknown,
144067,Unknown,
144059,Unknown,
144069,Unknown,
144070,Unknown,
144071,Unknown,
144063,Unknown,
144073,Unknown,
144074,Unknown,
144075,Unknown,
144076,Unknown,
144077,Unknown,
144078,Unknown,
144079,Unknown,
144080,Unknown,
144081,Unknown,
144082,Unknown,
144083,Unknown,
144084,Unknown,
144085,Unknown,
144086,Unknown,
144087,Unknown,
144088,Unknown,
144089,Unknown,
144090,Unknown,
144091,Unknown,
144092,Unknown,
144093,Unknown,
144094,Unknown,
144095,Unknown,
144096,Unknown,
144097,Unknown,
144098,Unknown,
144099,Unknown,
144100,Unknown,
144101,Unknown,
45798,ISP,Internet Service Provider (ISP)|Computer and Information Technology|
144103,Unknown,
144104,Unknown,
144102,Unknown,
144106,Unknown,
144107,Unknown,
144108,Unknown,
209645,Academic/Edu,Education and Research|Personal ASN|
144109,Unknown,
144110,Unknown,
144105,Unknown,
144113,Unknown,
209650,Eyeball,Eyeball|Education and Research|Personal ASN|Anycast
144115,Unknown,
144114,Unknown,
144117,Unknown,
144118,Unknown,
144119,Unknown,
144120,Unknown,
144121,Unknown,
144122,Unknown,
144123,Unknown,
144124,Unknown,
209661,Enterprise,"Service|Law, Business, and Consulting Services|Computer and Information Technology|Retail Stores, Wholesale, and E-commerce Sites"
144125,Unknown,
144126,Unknown,
144127,Unknown,
144128,Unknown,
144129,Unknown,
144130,Unknown,
144131,Unknown,
144132,Unknown,
144133,Unknown,
144134,Unknown,
144135,Unknown,
144136,Unknown,
144137,Unknown,
144138,Unknown,
144139,Unknown,
144140,Unknown,
144141,Unknown,
144143,Unknown,
144144,Unknown,
144145,Unknown,
144146,Unknown,
144147,Unknown,
144148,Unknown,
144149,Unknown,
209686,ISP,Computer and Information Technology|Internet Service Provider (ISP)|
144150,Unknown,
144151,Unknown,
144152,Unknown,
144153,Unknown,
144154,Unknown,
144155,Unknown,
144156,Unknown,
144158,Unknown,
144159,Unknown,
144160,Unknown,
144161,Unknown,
144162,Unknown,
144163,Unknown,
144164,Unknown,
144165,Unknown,
144166,Unknown,
144167,Unknown,
144168,Unknown,
144169,Unknown,
144170,Unknown,
144171,Unknown,
144172,Unknown,
144173,Unknown,
144174,Unknown,
144175,Unknown,
144176,Unknown,
144177,Unknown,
144178,Unknown,
144179,Unknown,
144180,Unknown,
144181,Unknown,
144182,Unknown,
144183,Unknown,
144184,Unknown,
144185,Unknown,
144186,Unknown,
144187,Unknown,
144188,Unknown,
144189,Unknown,
144190,Unknown,
144191,Unknown,
144192,Unknown,
144193,Unknown,
144194,Unknown,
144195,Unknown,
144196,Unknown,
144197,Unknown,
144198,Unknown,
144199,Unknown,
144200,Unknown,
144201,Unknown,
144202,Unknown,
144203,Unknown,
144204,Unknown,
144205,Unknown,
144206,Unknown,
144207,Unknown,
144208,Unknown,
144209,Unknown,
144210,Unknown,
144211,Unknown,
144212,Unknown,
144213,Unknown,
144214,Unknown,
144215,Unknown,
144216,Unknown,
144217,Unknown,
144218,Unknown,
144219,Unknown,
144220,Unknown,
144221,Unknown,
144222,Unknown,
144223,Unknown,
144224,Unknown,
144225,Unknown,
144226,Unknown,
144227,Unknown,
144228,Unknown,
144229,Unknown,
144230,Unknown,
144231,Unknown,
144232,Unknown,
144233,Unknown,
144234,Unknown,
144235,Unknown,
144236,Unknown,
144237,Unknown,
144238,Unknown,
144239,Unknown,
144240,Unknown,
144241,Unknown,
144242,Unknown,
144243,Unknown,
144244,Unknown,
144245,Unknown,
144246,Unknown,
144247,Unknown,
144248,Unknown,
144249,Unknown,
144250,Unknown,
144251,Unknown,
144252,Unknown,
144253,Unknown,
144254,Unknown,
144255,Unknown,
144256,Unknown,
144257,Unknown,
144258,Unknown,
144259,Unknown,
144260,Unknown,
144261,Unknown,
144262,Unknown,
144263,Unknown,
144264,Unknown,
144265,Unknown,
144266,Unknown,
144267,Unknown,
144268,Unknown,
144269,Unknown,
144270,Unknown,
144271,Unknown,
144272,Unknown,
144273,Unknown,
144274,Unknown,
144275,Unknown,
144276,Unknown,
144277,Unknown,
144278,Unknown,
144279,Unknown,
144280,Unknown,
144281,Unknown,
144282,Unknown,
144283,Unknown,
144284,Unknown,
144285,Unknown,
144286,Unknown,
144287,Unknown,
144288,Unknown,
144289,Unknown,
144290,Unknown,
144291,Unknown,
144292,Unknown,
144293,Unknown,
144294,Unknown,
144295,Unknown,
144296,Unknown,
144297,Unknown,
144298,Unknown,
144299,Unknown,
144300,Unknown,
144301,Unknown,
144302,Unknown,
144303,Unknown,
144304,Unknown,
144305,Unknown,
144306,Unknown,
144307,Unknown,
144308,Unknown,
144309,Unknown,
144310,Unknown,
144311,Unknown,
144312,Unknown,
144313,Unknown,
144314,Unknown,
144315,Unknown,
144316,Unknown,
144317,Unknown,
144318,Unknown,
144319,Unknown,
144320,Unknown,
144321,Unknown,
144322,Unknown,
144323,Unknown,
144324,Unknown,
144325,Unknown,
144326,Unknown,
144327,Unknown,
144328,Unknown,
144329,Unknown,
144330,Unknown,
144331,Unknown,
144332,Unknown,
144333,Unknown,
144334,Unknown,
144335,Unknown,
144336,Unknown,
144337,Unknown,
144338,Unknown,
144339,Unknown,
144340,Unknown,
144341,Unknown,
144342,Unknown,
144343,Unknown,
144344,Unknown,
144345,Unknown,
144346,Unknown,
144347,Unknown,
144348,Unknown,
144349,Unknown,
144350,Unknown,
144351,Unknown,
144352,Unknown,
144353,Unknown,
144354,Unknown,
144355,Unknown,
144356,Unknown,
144357,Unknown,
144358,Unknown,
144359,Unknown,
144360,Unknown,
144361,Unknown,
144362,Unknown,
144363,Unknown,
144364,Unknown,
144365,Unknown,
144366,Unknown,
144367,Unknown,
144368,Unknown,
144369,Unknown,
144370,Unknown,
144371,Unknown,
144372,Unknown,
144373,Unknown,
144374,Unknown,
144375,Unknown,
144376,Unknown,
144377,Unknown,
144378,Unknown,
144379,Unknown,
144380,Unknown,
144381,Unknown,
144382,Unknown,
144383,Unknown,
144384,Unknown,
144385,Unknown,
144386,Unknown,
144387,Unknown,
144388,Unknown,
144389,Unknown,
144390,Unknown,
144391,Unknown,
144392,Unknown,
144393,Unknown,
144394,Unknown,
144395,Unknown,
144396,Unknown,
144397,Unknown,
144398,Unknown,
144399,Unknown,
144400,Unknown,
144401,Unknown,
144402,Unknown,
144403,Unknown,
144404,Unknown,
144405,Unknown,
144406,Unknown,
144407,Unknown,
144408,Unknown,
144409,Unknown,
144410,Unknown,
144411,Unknown,
144412,Unknown,
144413,Unknown,
144414,Unknown,
144415,Unknown,
144416,Unknown,
144417,Unknown,
144418,Unknown,
144419,Unknown,
144420,Unknown,
144421,Unknown,
144422,Unknown,
144423,Unknown,
144424,Unknown,
144425,Unknown,
144426,Unknown,
144427,Unknown,
144428,Unknown,
144429,Unknown,
144430,Unknown,
144431,Unknown,
144432,Unknown,
144433,Unknown,
144434,Unknown,
144435,Unknown,
144436,Unknown,
144437,Unknown,
144438,Unknown,
144439,Unknown,
144440,Unknown,
144441,Unknown,
144442,Unknown,
144443,Unknown,
144444,Unknown,
144445,Unknown,
144446,Unknown,
144447,Unknown,
144448,Unknown,
144449,Unknown,
144450,Unknown,
144451,Unknown,
144452,Unknown,
144453,Unknown,
144454,Unknown,
144455,Unknown,
144456,Unknown,
144457,Unknown,
144458,Unknown,
144459,Unknown,
144460,Unknown,
144461,Unknown,
144462,Unknown,
144463,Unknown,
144464,Unknown,
144465,Unknown,
144466,Unknown,
144467,Unknown,
144468,Unknown,
144469,Unknown,
144470,Unknown,
144471,Unknown,
144472,Unknown,
144473,Unknown,
144474,Unknown,
144475,Unknown,
144476,Unknown,
144477,Unknown,
144478,Unknown,
144479,Unknown,
144480,Unknown,
144481,Unknown,
144482,Unknown,
144483,Unknown,
144484,Unknown,
144485,Unknown,
144486,Unknown,
144487,Unknown,
144488,Unknown,
144489,Unknown,
144490,Unknown,
144491,Unknown,
144492,Unknown,
144493,Unknown,
144494,Unknown,
144495,Unknown,
144496,Unknown,
144497,Unknown,
144498,Unknown,
144499,Unknown,
144500,Unknown,
144501,Unknown,
144502,Unknown,
144503,Unknown,
144504,Unknown,
210041,Other,"Personal ASN|Freight, Shipment, and Postal Services|"
144505,Unknown,
144506,Unknown,
144508,Unknown,
144509,Unknown,
144510,Unknown,
144511,Unknown,
144512,Unknown,
144507,Unknown,
144513,Unknown,
144514,Unknown,
144516,Unknown,
144517,Unknown,
144518,Unknown,
144519,Unknown,
144520,Unknown,
144521,Unknown,
144522,Unknown,
144523,Unknown,
144524,Unknown,
144525,Unknown,
144526,Unknown,
144527,Unknown,
144528,Unknown,
144529,Unknown,
144530,Unknown,
144531,Unknown,
144532,Unknown,
144533,Unknown,
144534,Unknown,
144535,Unknown,
144536,Unknown,
144537,Unknown,
144538,Unknown,
144539,Unknown,
144540,Unknown,
144541,Unknown,
144542,Unknown,
144543,Unknown,
144544,Unknown,
144545,Unknown,
144546,Unknown,
144547,Unknown,
144548,Unknown,
144549,Unknown,
144550,Unknown,
144551,Unknown,
144552,Unknown,
144553,Unknown,
144554,Unknown,
144555,Unknown,
144556,Unknown,
144557,Unknown,
144558,Unknown,
144559,Unknown,
144560,Unknown,
144561,Unknown,
144562,Unknown,
144563,Unknown,
144564,Unknown,
144565,Unknown,
144566,Unknown,
144567,Unknown,
144568,Unknown,
144569,Unknown,
144570,Unknown,
144571,Unknown,
144572,Unknown,
144573,Unknown,
144574,Unknown,
144575,Unknown,
144576,Unknown,
144577,Unknown,
144578,Unknown,
144579,Unknown,
144580,Unknown,
144581,Unknown,
144582,Unknown,
144583,Unknown,
144584,Unknown,
144585,Unknown,
144586,Unknown,
144587,Unknown,
144588,Unknown,
144589,Unknown,
144590,Unknown,
144591,Unknown,
144592,Unknown,
144593,Unknown,
144594,Unknown,
144595,Unknown,
144596,Unknown,
144597,Unknown,
144598,Unknown,
144599,Unknown,
144600,Unknown,
144601,Unknown,
144602,Unknown,
144603,Unknown,
144604,Unknown,
144605,Unknown,
144606,Unknown,
144607,Unknown,
144608,Unknown,
144609,Unknown,
144610,Unknown,
144611,Unknown,
144612,Unknown,
144613,Unknown,
144614,Unknown,
144615,Unknown,
144616,Unknown,
144617,Unknown,
144618,Unknown,
144619,Unknown,
144620,Unknown,
144621,Unknown,
144622,Unknown,
144623,Unknown,
144624,Unknown,
144625,Unknown,
144626,Unknown,
144627,Unknown,
144628,Unknown,
144629,Unknown,
144630,Unknown,
144631,Unknown,
144632,Unknown,
144633,Unknown,
144634,Unknown,
144635,Unknown,
144636,Unknown,
144637,Unknown,
144638,Unknown,
144639,Unknown,
144640,Unknown,
144641,Unknown,
144642,Unknown,
144643,Unknown,
144644,Unknown,
144645,Unknown,
144646,Unknown,
144647,Unknown,
144648,Unknown,
144649,Unknown,
144650,Unknown,
144651,Unknown,
144652,Unknown,
144653,Unknown,
144654,Unknown,
144655,Unknown,
144656,Unknown,
144657,Unknown,
144658,Unknown,
144659,Unknown,
144660,Unknown,
144661,Unknown,
144662,Unknown,
144663,Unknown,
144664,Unknown,
144665,Unknown,
144666,Unknown,
144667,Unknown,
144668,Unknown,
144669,Unknown,
144670,Unknown,
144671,Unknown,
144672,Unknown,
144673,Unknown,
144674,Unknown,
144675,Unknown,
144676,Unknown,
144677,Unknown,
144678,Unknown,
144679,Unknown,
144680,Unknown,
144681,Unknown,
144682,Unknown,
144683,Unknown,
144684,Unknown,
144685,Unknown,
144686,Unknown,
144687,Unknown,
144688,Unknown,
144689,Unknown,
144690,Unknown,
144691,Unknown,
144692,Unknown,
144693,Unknown,
144694,Unknown,
144695,Unknown,
144696,Unknown,
144697,Unknown,
144698,Unknown,
144699,Unknown,
144700,Unknown,
144701,Unknown,
144702,Unknown,
144703,Unknown,
144704,Unknown,
144705,Unknown,
144706,Unknown,
144707,Unknown,
144708,Unknown,
144709,Unknown,
144710,Unknown,
144711,Unknown,
144712,Unknown,
144713,Unknown,
144714,Unknown,
144715,Unknown,
144716,Unknown,
144717,Unknown,
144718,Unknown,
144719,Unknown,
144720,Unknown,
144721,Unknown,
144722,Unknown,
144723,Unknown,
144724,Unknown,
144725,Unknown,
144726,Unknown,
144727,Unknown,
144728,Unknown,
144729,Unknown,
144730,Unknown,
144731,Unknown,
144732,Unknown,
144733,Unknown,
144734,Unknown,
144735,Unknown,
144736,Unknown,
144737,Unknown,
144738,Unknown,
144739,Unknown,
144740,Unknown,
144741,Unknown,
144742,Unknown,
144743,Unknown,
144744,Unknown,
144745,Unknown,
144746,Unknown,
144747,Unknown,
144748,Unknown,
144749,Unknown,
144750,Unknown,
144751,Unknown,
144752,Unknown,
144753,Unknown,
144754,Unknown,
144755,Unknown,
144756,Unknown,
144757,Unknown,
144758,Unknown,
144759,Unknown,
144760,Unknown,
144761,Unknown,
144762,Unknown,
144763,Unknown,
144764,Unknown,
144765,Unknown,
144766,Unknown,
144767,Unknown,
144768,Unknown,
144769,Unknown,
144770,Unknown,
144771,Unknown,
144772,Unknown,
144773,Unknown,
144774,Unknown,
144775,Unknown,
144776,Unknown,
144777,Unknown,
144778,Unknown,
144779,Unknown,
144780,Unknown,
144781,Unknown,
144782,Unknown,
144783,Unknown,
144784,Unknown,
144785,Unknown,
144786,Unknown,
144787,Unknown,
144788,Unknown,
144789,Unknown,
144790,Unknown,
144791,Unknown,
144792,Unknown,
144793,Unknown,
144794,Unknown,
144795,Unknown,
144796,Unknown,
144797,Unknown,
144798,Unknown,
144799,Unknown,
144800,Unknown,
144801,Unknown,
210338,Other,"Media, Publishing, and Broadcasting|"
144802,Unknown,
144804,Unknown,
144803,Unknown,
144805,Unknown,
144806,Unknown,
144807,Unknown,
144808,Unknown,
144809,Unknown,
144811,Unknown,
144810,Unknown,
144813,Unknown,
144814,Unknown,
144815,Unknown,
144816,Unknown,
144812,Unknown,
144817,Unknown,
144818,Unknown,
144819,Unknown,
144821,Unknown,
144820,Unknown,
144822,Unknown,
144824,Unknown,
144823,Unknown,
144826,Unknown,
144825,Unknown,
144828,Unknown,
144829,Unknown,
144827,Unknown,
144830,Unknown,
144831,Unknown,
144832,Unknown,
144833,Unknown,
144834,Unknown,
144835,Unknown,
144836,Unknown,
144837,Unknown,
144838,Unknown,
144839,Unknown,
144840,Unknown,
144841,Unknown,
144842,Unknown,
144843,Unknown,
144844,Unknown,
144845,Unknown,
144846,Unknown,
144847,Unknown,
144848,Unknown,
144849,Unknown,
144850,Unknown,
144851,Unknown,
144852,Unknown,
144853,Unknown,
144854,Unknown,
144855,Unknown,
144856,Unknown,
144857,Unknown,
144858,Unknown,
144859,Unknown,
144860,Unknown,
144861,Unknown,
144862,Unknown,
144863,Unknown,
144865,Unknown,
144864,Unknown,
144867,Unknown,
144868,Unknown,
144869,Unknown,
144866,Unknown,
144870,Unknown,
144871,Unknown,
144872,Unknown,
144873,Unknown,
144874,Unknown,
144875,Unknown,
144876,Unknown,
144877,Unknown,
144878,Unknown,
144880,Unknown,
144879,Unknown,
144881,Unknown,
144882,Unknown,
144883,Unknown,
144884,Unknown,
144885,Unknown,
144886,Unknown,
144887,Unknown,
144889,Unknown,
210426,Other,Personal ASN|Service|
144888,Unknown,
144890,Unknown,
144891,Unknown,
144892,Unknown,
144895,Unknown,
144893,Unknown,
144894,Unknown,
144896,Unknown,
144899,Unknown,
144897,Unknown,
144898,Unknown,
144900,Unknown,
144901,Unknown,
144904,Unknown,
144902,Unknown,
144903,Unknown,
144905,Unknown,
144906,Unknown,
144907,Unknown,
144908,Unknown,
144909,Unknown,
144910,Unknown,
144911,Unknown,
144912,Unknown,
144913,Unknown,
144914,Unknown,
144915,Unknown,
144916,Unknown,
144919,Unknown,
144917,Unknown,
144918,Unknown,
144920,Unknown,
144921,Unknown,
144922,Unknown,
144923,Unknown,
144926,Unknown,
144924,Unknown,
144925,Unknown,
144927,Unknown,
144930,Unknown,
144928,Unknown,
144929,Unknown,
144933,Unknown,
144931,Unknown,
144935,Unknown,
144932,Unknown,
144934,Unknown,
144936,Unknown,
144937,Unknown,
144938,Unknown,
144939,Unknown,
144940,Unknown,
144943,Unknown,
144941,Unknown,
144942,Unknown,
144944,Unknown,
144945,Unknown,
144946,Unknown,
144947,Unknown,
144948,Unknown,
144949,Unknown,
144952,Unknown,
144950,Unknown,
144951,Unknown,
144953,Unknown,
144954,Unknown,
144955,Unknown,
144956,Unknown,
144957,Unknown,
144958,Unknown,
144959,Unknown,
144960,Unknown,
144963,Unknown,
144961,Unknown,
144962,Unknown,
144964,Unknown,
144967,Unknown,
144965,Unknown,
144969,Unknown,
144966,Unknown,
144968,Unknown,
144970,Unknown,
144973,Unknown,
144971,Unknown,
144972,Unknown,
144974,Unknown,
144975,Unknown,
144976,Unknown,
144979,Unknown,
144977,Unknown,
144978,Unknown,
144980,Unknown,
144981,Unknown,
144982,Unknown,
144983,Unknown,
144984,Unknown,
144985,Unknown,
144988,Unknown,
144986,Unknown,
144987,Unknown,
144991,Unknown,
144989,Unknown,
144990,Unknown,
144992,Unknown,
144993,Unknown,
144994,Unknown,
144995,Unknown,
144996,Unknown,
144997,Unknown,
144998,Unknown,
145001,Unknown,
144999,Unknown,
145000,Unknown,
145002,Unknown,
145003,Unknown,
145004,Unknown,
145005,Unknown,
145008,Unknown,
145006,Unknown,
145007,Unknown,
145009,Unknown,
145010,Unknown,
145011,Unknown,
145012,Unknown,
145013,Unknown,
145014,Unknown,
145015,Unknown,
145016,Unknown,
145017,Unknown,
145018,Unknown,
145019,Unknown,
145020,Unknown,
145021,Unknown,
145022,Unknown,
145023,Unknown,
145024,Unknown,
145025,Unknown,
145026,Unknown,
145027,Unknown,
145028,Unknown,
145029,Unknown,
145030,Unknown,
145031,Unknown,
145032,Unknown,
145033,Unknown,
145034,Unknown,
145035,Unknown,
145038,Unknown,
145036,Unknown,
145037,Unknown,
145039,Unknown,
145040,Unknown,
145041,Unknown,
145042,Unknown,
145043,Unknown,
145044,Unknown,
145045,Unknown,
145048,Unknown,
145046,Unknown,
145047,Unknown,
145051,Unknown,
145049,Unknown,
145050,Unknown,
145052,Unknown,
145053,Unknown,
145054,Unknown,
145057,Unknown,
145055,Unknown,
145056,Unknown,
145058,Unknown,
145059,Unknown,
145060,Unknown,
145061,Unknown,
145062,Unknown,
145063,Unknown,
145064,Unknown,
145065,Unknown,
145066,Unknown,
145067,Unknown,
145070,Unknown,
145068,Unknown,
145069,Unknown,
145071,Unknown,
145072,Unknown,
145073,Unknown,
145074,Unknown,
145075,Unknown,
145076,Unknown,
145077,Unknown,
145078,Unknown,
145081,Unknown,
145082,Unknown,
145079,Unknown,
145080,Unknown,
145083,Unknown,
145084,Unknown,
145085,Unknown,
145088,Unknown,
145086,Unknown,
145087,Unknown,
145091,Unknown,
145089,Unknown,
145093,Unknown,
145090,Unknown,
145092,Unknown,
145094,Unknown,
145095,Unknown,
145096,Unknown,
145097,Unknown,
145098,Unknown,
145099,Unknown,
145100,Unknown,
145101,Unknown,
145102,Unknown,
145103,Unknown,
145104,Unknown,
145105,Unknown,
145106,Unknown,
145107,Unknown,
145108,Unknown,
145111,Unknown,
145109,Unknown,
145110,Unknown,
145114,Unknown,
145112,Unknown,
145113,Unknown,
145115,Unknown,
145116,Unknown,
145117,Unknown,
145118,Unknown,
145119,Unknown,
145122,Unknown,
145120,Unknown,
145124,Unknown,
145121,Unknown,
145123,Unknown,
145125,Unknown,
145128,Unknown,
145126,Unknown,
145130,Unknown,
145127,Unknown,
145129,Unknown,
145133,Unknown,
145131,Unknown,
145135,Unknown,
145132,Unknown,
145134,Unknown,
145136,Unknown,
145137,Unknown,
145138,Unknown,
145139,Unknown,
145140,Unknown,
145141,Unknown,
145142,Unknown,
145145,Unknown,
145143,Unknown,
145144,Unknown,
145146,Unknown,
145147,Unknown,
145148,Unknown,
145149,Unknown,
145150,Unknown,
145151,Unknown,
145154,Unknown,
145152,Unknown,
145153,Unknown,
145155,Unknown,
145156,Unknown,
145157,Unknown,
145158,Unknown,
145159,Unknown,
145160,Unknown,
145161,Unknown,
145164,Unknown,
145162,Unknown,
145163,Unknown,
145165,Unknown,
145168,Unknown,
145166,Unknown,
145167,Unknown,
145169,Unknown,
145170,Unknown,
145171,Unknown,
145172,Unknown,
145173,Unknown,
145176,Unknown,
145174,Unknown,
210714,Other,"Media, Publishing, and Broadcasting|Search|Computer and Information Technology|Online Music and Video Streaming Services"
145175,Unknown,
145177,Unknown,
145178,Unknown,
145179,Unknown,
145180,Unknown,
145181,Unknown,
145182,Unknown,
145183,Unknown,
145184,Unknown,
145185,Unknown,
145186,Unknown,
145187,Unknown,
145188,Unknown,
145189,Unknown,
145190,Unknown,
145191,Unknown,
145192,Unknown,
145193,Unknown,
145197,Unknown,
145194,Unknown,
145195,Unknown,
145200,Unknown,
145196,Unknown,
145202,Unknown,
145198,Unknown,
145199,Unknown,
145201,Unknown,
145203,Unknown,
145204,Unknown,
145205,Unknown,
145206,Unknown,
145207,Unknown,
145208,Unknown,
145209,Unknown,
145210,Unknown,
145211,Unknown,
145215,Unknown,
145212,Unknown,
145213,Unknown,
145214,Unknown,
145216,Unknown,
145217,Unknown,
145218,Unknown,
145219,Unknown,
145220,Unknown,
145221,Unknown,
145225,Unknown,
145222,Unknown,
145223,Unknown,
145224,Unknown,
145226,Unknown,
145227,Unknown,
145228,Unknown,
145229,Unknown,
145233,Unknown,
145230,Unknown,
145231,Unknown,
145232,Unknown,
145234,Unknown,
145235,Unknown,
145236,Unknown,
145237,Unknown,
145238,Unknown,
145239,Unknown,
145240,Unknown,
145241,Unknown,
145242,Unknown,
145243,Unknown,
145244,Unknown,
145245,Unknown,
145246,Unknown,
145247,Unknown,
145248,Unknown,
145249,Unknown,
145250,Unknown,
145251,Unknown,
145252,Unknown,
145253,Unknown,
145254,Unknown,
145255,Unknown,
145256,Unknown,
145260,Unknown,
145257,Unknown,
145262,Unknown,
145258,Unknown,
145259,Unknown,
145261,Unknown,
145263,Unknown,
145264,Unknown,
145265,Unknown,
145266,Unknown,
145267,Unknown,
145268,Unknown,
145269,Unknown,
145270,Unknown,
145271,Unknown,
145272,Unknown,
145273,Unknown,
145274,Unknown,
145275,Unknown,
145276,Unknown,
145277,Unknown,
145278,Unknown,
145279,Unknown,
145280,Unknown,
145281,Unknown,
145282,Unknown,
145283,Unknown,
145284,Unknown,
145285,Unknown,
145286,Unknown,
145287,Unknown,
145288,Unknown,
145289,Unknown,
145290,Unknown,
145291,Unknown,
145292,Unknown,
145293,Unknown,
145294,Unknown,
145298,Unknown,
145295,Unknown,
145300,Unknown,
145296,Unknown,
145297,Unknown,
145299,Unknown,
145301,Unknown,
145302,Unknown,
145303,Unknown,
145304,Unknown,
145305,Unknown,
145306,Unknown,
145307,Unknown,
145311,Unknown,
145308,Unknown,
145309,Unknown,
145314,Unknown,
145310,Unknown,
145312,Unknown,
145313,Unknown,
145315,Unknown,
145316,Unknown,
145317,Unknown,
145318,Unknown,
145319,Unknown,
145320,Unknown,
145321,Unknown,
145322,Unknown,
145323,Unknown,
145324,Unknown,
145325,Unknown,
145329,Unknown,
145326,Unknown,
145327,Unknown,
145328,Unknown,
145330,Unknown,
145334,Unknown,
145335,Unknown,
145336,Unknown,
145331,Unknown,
145332,Unknown,
145339,Unknown,
145333,Unknown,
145337,Unknown,
145338,Unknown,
145340,Unknown,
145341,Unknown,
145342,Unknown,
145346,Unknown,
145343,Unknown,
145344,Unknown,
145345,Unknown,
145350,Unknown,
145347,Unknown,
145348,Unknown,
145349,Unknown,
145351,Unknown,
145352,Unknown,
145353,Unknown,
145354,Unknown,
145355,Unknown,
145356,Unknown,
145357,Unknown,
145358,Unknown,
145359,Unknown,
145363,Unknown,
145360,Unknown,
145361,Unknown,
145362,Unknown,
210903,ISP,Computer and Information Technology|Internet Service Provider (ISP)|
145364,Unknown,
145365,Unknown,
145366,Unknown,
145367,Unknown,
145368,Unknown,
145369,Unknown,
145370,Unknown,
145371,Unknown,
145376,Unknown,
145372,Unknown,
145373,Unknown,
145374,Unknown,
145375,Unknown,
145377,Unknown,
145378,Unknown,
145379,Unknown,
145384,Unknown,
145380,Unknown,
145381,Unknown,
145387,Unknown,
145382,Unknown,
145383,Unknown,
145385,Unknown,
145386,Unknown,
145388,Unknown,
145393,Unknown,
145389,Unknown,
145390,Unknown,
145391,Unknown,
145392,Unknown,
210934,ISP,Computer and Information Technology|Internet Service Provider (ISP)|Personal ASN|
145399,Unknown,
145394,Unknown,
145401,Unknown,
145395,Unknown,
145396,Unknown,
145397,Unknown,
145398,Unknown,
145400,Unknown,
145402,Unknown,
145403,Unknown,
145404,Unknown,
145410,Unknown,
145405,Unknown,
145406,Unknown,
145407,Unknown,
145408,Unknown,
145409,Unknown,
145411,Unknown,
145412,Unknown,
145413,Unknown,
145414,Unknown,
145415,Unknown,
145416,Unknown,
145417,Unknown,
145423,Unknown,
145418,Unknown,
145419,Unknown,
145420,Unknown,
145421,Unknown,
145428,Unknown,
145422,Unknown,
145424,Unknown,
145425,Unknown,
145426,Unknown,
145427,Unknown,
145429,Unknown,
145430,Unknown,
145436,Unknown,
145431,Unknown,
145432,Unknown,
145433,Unknown,
145434,Unknown,
145435,Unknown,
145437,Unknown,
145438,Unknown,
145439,Unknown,
145440,Unknown,
145441,Unknown,
145442,Unknown,
145443,Unknown,
145449,Unknown,
145444,Unknown,
145451,Unknown,
145452,Unknown,
145445,Unknown,
145446,Unknown,
145447,Unknown,
145448,Unknown,
145450,Unknown,
145453,Unknown,
145454,Unknown,
145455,Unknown,
145461,Unknown,
145456,Unknown,
145457,Unknown,
145458,Unknown,
145459,Unknown,
145460,Unknown,
145462,Unknown,
145463,Unknown,
145464,Unknown,
145465,Unknown,
145471,Unknown,
145466,Unknown,
145467,Unknown,
145468,Unknown,
145469,Unknown,
145470,Unknown,
145472,Unknown,
145473,Unknown,
145474,Unknown,
145475,Unknown,
145476,Unknown,
145477,Unknown,
145478,Unknown,
145479,Unknown,
145480,Unknown,
145481,Unknown,
145482,Unknown,
145483,Unknown,
145484,Unknown,
145485,Unknown,
145486,Unknown,
145487,Unknown,
145488,Unknown,
145489,Unknown,
145490,Unknown,
145491,Unknown,
145492,Unknown,
145498,Unknown,
145493,Unknown,
145494,Unknown,
145495,Unknown,
145496,Unknown,
145503,Unknown,
145497,Unknown,
145499,Unknown,
145500,Unknown,
145501,Unknown,
145502,Unknown,
145509,Unknown,
145504,Unknown,
145505,Unknown,
145506,Unknown,
145507,Unknown,
145514,Unknown,
211051,Unknown,
145508,Unknown,
145510,Unknown,
145511,Unknown,
145512,Unknown,
145513,Unknown,
145515,Unknown,
145516,Unknown,
145517,Unknown,
145518,Unknown,
145519,Unknown,
145520,Unknown,
145521,Unknown,
145522,Unknown,
145523,Unknown,
145524,Unknown,
145525,Unknown,
145526,Unknown,
145527,Unknown,
145534,Unknown,
145528,Unknown,
145529,Unknown,
145530,Unknown,
145531,Unknown,
145532,Unknown,
145533,Unknown,
145535,Unknown,
145536,Unknown,
145537,Unknown,
145538,Unknown,
145539,Unknown,
145540,Unknown,
145541,Unknown,
145542,Unknown,
145543,Unknown,
145544,Unknown,
145545,Unknown,
145546,Unknown,
145547,Unknown,
145548,Unknown,
145549,Unknown,
145550,Unknown,
145551,Unknown,
145552,Unknown,
145553,Unknown,
145554,Unknown,
145555,Unknown,
145556,Unknown,
145557,Unknown,
145558,Unknown,
145559,Unknown,
145560,Unknown,
145561,Unknown,
145562,Unknown,
145563,Unknown,
145564,Unknown,
145565,Unknown,
145566,Unknown,
145567,Unknown,
145568,Unknown,
145569,Unknown,
145570,Unknown,
145577,Unknown,
145571,Unknown,
145572,Unknown,
145580,Unknown,
145573,Unknown,
145574,Unknown,
145583,Unknown,
145575,Unknown,
145576,Unknown,
145578,Unknown,
145579,Unknown,
145581,Unknown,
145589,Unknown,
145590,Unknown,
145582,Unknown,
145584,Unknown,
145585,Unknown,
145586,Unknown,
145587,Unknown,
145588,Unknown,
145591,Unknown,
145592,Unknown,
145593,Unknown,
145594,Unknown,
145595,Unknown,
145602,Unknown,
145596,Unknown,
145597,Unknown,
145598,Unknown,
145599,Unknown,
145600,Unknown,
145601,Unknown,
145603,Unknown,
145604,Unknown,
145605,Unknown,
145606,Unknown,
145607,Unknown,
145608,Unknown,
145609,Unknown,
145610,Unknown,
145611,Unknown,
145612,Unknown,
145613,Unknown,
145614,Unknown,
145615,Unknown,
145622,Unknown,
211158,ISP,Internet Service Provider (ISP)|Computer and Information Technology|
145616,Unknown,
145617,Unknown,
211162,ISP,Internet Service Provider (ISP)|Computer and Information Technology|
145618,Unknown,
145619,Unknown,
145620,Unknown,
145621,Unknown,
145623,Unknown,
145624,Unknown,
145625,Unknown,
145626,Unknown,
145627,Unknown,
145636,Unknown,
145628,Unknown,
145629,Unknown,
145630,Unknown,
211176,Unknown,
145632,Unknown,
145633,Unknown,
145634,Unknown,
145635,Unknown,
145637,Unknown,
145638,Unknown,
145639,Unknown,
145640,Unknown,
145641,Unknown,
145642,Unknown,
145643,Unknown,
145644,Unknown,
145645,Unknown,
145646,Unknown,
145647,Unknown,
145648,Unknown,
145649,Unknown,
145658,Unknown,
145650,Unknown,
145651,Unknown,
145652,Unknown,
145653,Unknown,
145654,Unknown,
145655,Unknown,
145656,Unknown,
145657,Unknown,
145659,Unknown,
145660,Unknown,
145661,Unknown,
145670,Unknown,
145662,Unknown,
145663,Unknown,
145664,Unknown,
145665,Unknown,
145666,Unknown,
145667,Unknown,
145668,Unknown,
145669,Unknown,
145671,Unknown,
145672,Unknown,
145673,Unknown,
145674,Unknown,
145675,Unknown,
145676,Unknown,
145677,Unknown,
145678,Unknown,
145679,Unknown,
145680,Unknown,
145681,Unknown,
145682,Unknown,
145691,Unknown,
145692,Unknown,
145684,Unknown,
145685,Unknown,
145695,Unknown,
145687,Unknown,
145688,Unknown,
145689,Unknown,
145690,Unknown,
145693,Unknown,
145694,Unknown,
145696,Unknown,
145697,Unknown,
145698,Unknown,
145699,Unknown,
145700,Unknown,
145707,Unknown,
145708,Unknown,
145701,Unknown,
145702,Unknown,
145703,Unknown,
145704,Unknown,
145705,Unknown,
145706,Unknown,
145715,Unknown,
145709,Unknown,
145710,Unknown,
145718,Unknown,
145711,Unknown,
145712,Unknown,
145713,Unknown,
145714,Unknown,
145716,Unknown,
145717,Unknown,
145719,Unknown,
145720,Unknown,
145721,Unknown,
145728,Unknown,
145729,Unknown,
211265,Other,"Radio and Television Providers|Media, Publishing, and Broadcasting|"
145722,Unknown,
145723,Unknown,
145724,Unknown,
145725,Unknown,
145726,Unknown,
145736,Unknown,
145730,Unknown,
145731,Unknown,
145732,Unknown,
145733,Unknown,
145734,Unknown,
145742,Unknown,
145735,Unknown,
145737,Unknown,
145738,Unknown,
145739,Unknown,
145740,Unknown,
145741,Unknown,
145743,Unknown,
145750,Unknown,
145744,Unknown,
145745,Unknown,
145746,Unknown,
145747,Unknown,
145748,Unknown,
145749,Unknown,
145751,Unknown,
145752,Unknown,
145753,Unknown,
145754,Unknown,
145755,Unknown,
145756,Unknown,
145757,Unknown,
145764,Unknown,
145758,Unknown,
145759,Unknown,
145760,Unknown,
145761,Unknown,
145762,Unknown,
145763,Unknown,
145765,Unknown,
145766,Unknown,
145767,Unknown,
145768,Unknown,
145769,Unknown,
145770,Unknown,
145777,Unknown,
145771,Unknown,
145772,Unknown,
145773,Unknown,
145774,Unknown,
145775,Unknown,
145776,Unknown,
145784,Unknown,
145778,Unknown,
145779,Unknown,
145780,Unknown,
145781,Unknown,
145782,Unknown,
145783,Unknown,
145785,Unknown,
145786,Unknown,
145787,Unknown,
145788,Unknown,
145789,Unknown,
145790,Unknown,
145791,Unknown,
145792,Unknown,
145793,Unknown,
145794,Unknown,
145795,Unknown,
145796,Unknown,
145797,Unknown,
145798,Unknown,
145799,Unknown,
145800,Unknown,
145801,Unknown,
145802,Unknown,
145803,Unknown,
145804,Unknown,
145805,Unknown,
145812,Unknown,
145806,Unknown,
145807,Unknown,
145808,Unknown,
145809,Unknown,
145810,Unknown,
145818,Unknown,
145811,Unknown,
145813,Unknown,
145814,Unknown,
145815,Unknown,
145816,Unknown,
145817,Unknown,
145819,Unknown,
145820,Unknown,
145827,Unknown,
145821,Unknown,
145822,Unknown,
145823,Unknown,
145824,Unknown,
145825,Unknown,
145826,Unknown,
145828,Unknown,
145829,Unknown,
145830,Unknown,
145831,Unknown,
145832,Unknown,
145833,Unknown,
145834,Unknown,
145835,Unknown,
145836,Unknown,
145837,Unknown,
145838,Unknown,
145839,Unknown,
145840,Unknown,
145847,Unknown,
145841,Unknown,
145842,Unknown,
145843,Unknown,
145844,Unknown,
145845,Unknown,
145846,Unknown,
145848,Unknown,
145849,Unknown,
145850,Unknown,
145851,Unknown,
145852,Unknown,
145853,Unknown,
145854,Unknown,
145855,Unknown,
145862,Unknown,
145863,Unknown,
145856,Unknown,
145865,Unknown,
145857,Unknown,
145867,Unknown,
145859,Unknown,
145860,Unknown,
145861,Unknown,
145871,Unknown,
145864,Unknown,
145866,Unknown,
145868,Unknown,
145869,Unknown,
145870,Unknown,
145872,Unknown,
145873,Unknown,
145874,Unknown,
145875,Unknown,
145876,Unknown,
145877,Unknown,
145878,Unknown,
145879,Unknown,
145880,Unknown,
145881,Unknown,
145882,Unknown,
145888,Unknown,
145883,Unknown,
145884,Unknown,
145885,Unknown,
145886,Unknown,
145887,Unknown,
145894,Unknown,
145889,Unknown,
145890,Unknown,
145891,Unknown,
145892,Unknown,
145893,Unknown,
145895,Unknown,
145896,Unknown,
145902,Unknown,
145903,Unknown,
145904,Unknown,
145897,Unknown,
145898,Unknown,
211443,ISP,Computer and Information Technology|Internet Service Provider (ISP)|Personal ASN|
145899,Unknown,
145900,Unknown,
145901,Unknown,
145905,Unknown,
145906,Unknown,
145907,Unknown,
145908,Unknown,
145909,Unknown,
145916,Unknown,
145910,Unknown,
145911,Unknown,
145912,Unknown,
145913,Unknown,
145914,Unknown,
145915,Unknown,
145917,Unknown,
145918,Unknown,
145919,Unknown,
145920,Unknown,
145921,Unknown,
145922,Unknown,
145923,Unknown,
145924,Unknown,
145925,Unknown,
145926,Unknown,
145927,Unknown,
145934,Unknown,
145928,Unknown,
145936,Unknown,
145929,Unknown,
145938,Unknown,
145930,Unknown,
145931,Unknown,
145932,Unknown,
145933,Unknown,
145935,Unknown,
145937,Unknown,
211481,Other,"Online Informational Content|Media, Publishing, and Broadcasting|"
145939,Unknown,
145940,Unknown,
145941,Unknown,
145942,Unknown,
145943,Unknown,
145944,Unknown,
145952,Unknown,
145945,Unknown,
145946,Unknown,
145947,Unknown,
145948,Unknown,
145949,Unknown,
145950,Unknown,
145951,Unknown,
145953,Unknown,
145954,Unknown,
145955,Unknown,
145956,Unknown,
145957,Unknown,
145958,Unknown,
145959,Unknown,
145960,Unknown,
145961,Unknown,
145962,Unknown,
145963,Unknown,
145964,Unknown,
145965,Unknown,
145966,Unknown,
145967,Unknown,
145968,Unknown,
145969,Unknown,
145970,Unknown,
145971,Unknown,
145972,Unknown,
145980,Unknown,
211517,Other,"Online Informational Content|Media, Publishing, and Broadcasting|"
145973,Unknown,
145983,Unknown,
145975,Unknown,
145976,Unknown,
145977,Unknown,
145978,Unknown,
145979,Unknown,
145981,Unknown,
145990,Unknown,
145982,Unknown,
145984,Unknown,
145985,Unknown,
145986,Unknown,
145987,Unknown,
145988,Unknown,
145989,Unknown,
145991,Unknown,
145992,Unknown,
146000,Unknown,
145993,Unknown,
146002,Unknown,
145994,Unknown,
145995,Unknown,
145996,Unknown,
146006,Unknown,
145998,Unknown,
145999,Unknown,
146001,Unknown,
146003,Unknown,
146004,Unknown,
146005,Unknown,
146007,Unknown,
146008,Unknown,
146009,Unknown,
146010,Unknown,
146011,Unknown,
146012,Unknown,
146013,Unknown,
146014,Unknown,
146015,Unknown,
146016,Unknown,
146023,Unknown,
146017,Unknown,
146018,Unknown,
146019,Unknown,
146027,Unknown,
146028,Unknown,
146020,Unknown,
146021,Unknown,
146022,Unknown,
146024,Unknown,
146025,Unknown,
146026,Unknown,
211571,Other,Personal ASN|
146035,Unknown,
146029,Unknown,
146030,Unknown,
146031,Unknown,
146032,Unknown,
146033,Unknown,
146034,Unknown,
146036,Unknown,
146044,Unknown,
146037,Unknown,
146038,Unknown,
146039,Unknown,
146040,Unknown,
146041,Unknown,
146042,Unknown,
146043,Unknown,
146045,Unknown,
146046,Unknown,
146054,Unknown,
146047,Unknown,
146056,Unknown,
146048,Unknown,
146049,Unknown,
146050,Unknown,
146051,Unknown,
146052,Unknown,
146053,Unknown,
146055,Unknown,
146057,Unknown,
146058,Unknown,
146059,Unknown,
146060,Unknown,
146061,Unknown,
146069,Unknown,
146062,Unknown,
146063,Unknown,
146064,Unknown,
146065,Unknown,
146066,Unknown,
146067,Unknown,
146068,Unknown,
146070,Unknown,
146071,Unknown,
146072,Unknown,
146080,Unknown,
146073,Unknown,
146074,Unknown,
146075,Unknown,
146076,Unknown,
146077,Unknown,
146078,Unknown,
146079,Unknown,
146081,Unknown,
146082,Unknown,
146083,Unknown,
146084,Unknown,
146085,Unknown,
146086,Unknown,
146087,Unknown,
146088,Unknown,
146089,Unknown,
146090,Unknown,
146091,Unknown,
146092,Unknown,
146093,Unknown,
146094,Unknown,
146095,Unknown,
146096,Unknown,
146097,Unknown,
146105,Unknown,
146098,Unknown,
146099,Unknown,
146100,Unknown,
146101,Unknown,
146102,Unknown,
146103,Unknown,
146104,Unknown,
146113,Unknown,
146106,Unknown,
146115,Unknown,
146107,Unknown,
146117,Unknown,
146109,Unknown,
146119,Unknown,
146111,Unknown,
146112,Unknown,
146114,Unknown,
146116,Unknown,
146118,Unknown,
146125,Unknown,
146120,Unknown,
146121,Unknown,
146128,Unknown,
146122,Unknown,
146130,Unknown,
146123,Unknown,
146124,Unknown,
146126,Unknown,
146127,Unknown,
146129,Unknown,
146131,Unknown,
146132,Unknown,
146138,Unknown,
146133,Unknown,
146134,Unknown,
146135,Unknown,
146136,Unknown,
211679,Other,Service|Computer and Information Technology|
146137,Unknown,
146139,Unknown,
146140,Unknown,
146141,Unknown,
146142,Unknown,
146143,Unknown,
146144,Unknown,
146145,Unknown,
146146,Unknown,
146147,Unknown,
146148,Unknown,
146149,Unknown,
146150,Unknown,
146151,Unknown,
146152,Unknown,
146153,Unknown,
146154,Unknown,
146155,Unknown,
146156,Unknown,
146157,Unknown,
146158,Unknown,
146159,Unknown,
146160,Unknown,
146161,Unknown,
146162,Unknown,
146163,Unknown,
146170,Unknown,
146164,Unknown,
146165,Unknown,
146166,Unknown,
146167,Unknown,
146168,Unknown,
146169,Unknown,
146171,Unknown,
146172,Unknown,
146173,Unknown,
146174,Unknown,
146175,Unknown,
146176,Unknown,
146177,Unknown,
146178,Unknown,
146179,Unknown,
146180,Unknown,
146181,Unknown,
146182,Unknown,
146183,Unknown,
146184,Unknown,
146185,Unknown,
146186,Unknown,
211729,Other,Personal ASN|
146187,Unknown,
146188,Unknown,
146189,Unknown,
146190,Unknown,
146198,Unknown,
146191,Unknown,
146192,Unknown,
146193,Unknown,
146194,Unknown,
146203,Unknown,
146195,Unknown,
146196,Unknown,
146197,Unknown,
146199,Unknown,
146200,Unknown,
146201,Unknown,
146202,Unknown,
146204,Unknown,
146205,Unknown,
146206,Unknown,
146207,Unknown,
146208,Unknown,
146209,Unknown,
146217,Unknown,
146210,Unknown,
146211,Unknown,
146212,Unknown,
146213,Unknown,
146222,Unknown,
146214,Unknown,
146215,Unknown,
146216,Unknown,
146218,Unknown,
146219,Unknown,
146220,Unknown,
146221,Unknown,
146223,Unknown,
146224,Unknown,
146225,Unknown,
146233,Unknown,
146226,Unknown,
146235,Unknown,
146227,Unknown,
146228,Unknown,
146229,Unknown,
146230,Unknown,
146231,Unknown,
146232,Unknown,
146234,Unknown,
146236,Unknown,
146237,Unknown,
146238,Unknown,
146239,Unknown,
146240,Unknown,
146241,Unknown,
146249,Unknown,
146242,Unknown,
146243,Unknown,
146252,Unknown,
146253,Unknown,
146245,Unknown,
146255,Unknown,
146247,Unknown,
146248,Unknown,
146250,Unknown,
146251,Unknown,
146254,Unknown,
146256,Unknown,
146262,Unknown,
146257,Unknown,
146258,Unknown,
146259,Unknown,
146260,Unknown,
146261,Unknown,
146263,Unknown,
146269,Unknown,
146264,Unknown,
146265,Unknown,
146266,Unknown,
146273,Unknown,
146267,Unknown,
146268,Unknown,
146270,Unknown,
146271,Unknown,
146278,Unknown,
146279,Unknown,
146272,Unknown,
146274,Unknown,
146275,Unknown,
146276,Unknown,
146277,Unknown,
146280,Unknown,
146281,Unknown,
146282,Unknown,
146283,Unknown,
146284,Unknown,
146285,Unknown,
146286,Unknown,
146287,Unknown,
146293,Unknown,
146288,Unknown,
146289,Unknown,
146290,Unknown,
146291,Unknown,
146292,Unknown,
146294,Unknown,
146295,Unknown,
146296,Unknown,
146297,Unknown,
146298,Unknown,
146299,Unknown,
146300,Unknown,
146301,Unknown,
211843,Other,"Not Validating RPKI ROV|Retail Stores, Wholesale, and E-commerce Sites|"
146302,Unknown,
146303,Unknown,
146304,Unknown,
146305,Unknown,
146306,Unknown,
146313,Unknown,
146307,Unknown,
146308,Unknown,
146309,Unknown,
146310,Unknown,
146311,Unknown,
146312,Unknown,
146314,Unknown,
146321,Unknown,
146315,Unknown,
146316,Unknown,
146317,Unknown,
146318,Unknown,
146319,Unknown,
146320,Unknown,
146328,Unknown,
146322,Unknown,
146323,Unknown,
146331,Unknown,
146324,Unknown,
146325,Unknown,
146326,Unknown,
146327,Unknown,
146329,Unknown,
146337,Unknown,
146330,Unknown,
146332,Unknown,
146333,Unknown,
146334,Unknown,
146335,Unknown,
146336,Unknown,
146338,Unknown,
146339,Unknown,
146340,Unknown,
146341,Unknown,
146342,Unknown,
146343,Unknown,
146344,Unknown,
146345,Unknown,
146346,Unknown,
146347,Unknown,
146348,Unknown,
146349,Unknown,
146350,Unknown,
146351,Unknown,
146352,Unknown,
146353,Unknown,
146354,Unknown,
146355,Unknown,
146356,Unknown,
146357,Unknown,
146358,Unknown,
146359,Unknown,
146360,Unknown,
146361,Unknown,
146362,Unknown,
146369,Unknown,
146363,Unknown,
146364,Unknown,
146365,Unknown,
146373,Unknown,
146366,Unknown,
146367,Unknown,
146368,Unknown,
146370,Unknown,
146371,Unknown,
146372,Unknown,
146374,Unknown,
146375,Unknown,
146382,Unknown,
146376,Unknown,
146377,Unknown,
146378,Unknown,
146379,Unknown,
146380,Unknown,
146381,Unknown,
146383,Unknown,
146384,Unknown,
146391,Unknown,
146392,Unknown,
146385,Unknown,
146386,Unknown,
146387,Unknown,
146388,Unknown,
146389,Unknown,
146398,Unknown,
146390,Unknown,
146400,Unknown,
146393,Unknown,
146394,Unknown,
146395,Unknown,
146396,Unknown,
146397,Unknown,
146406,Unknown,
146399,Unknown,
146401,Unknown,
146402,Unknown,
146410,Unknown,
146403,Unknown,
146404,Unknown,
146405,Unknown,
146407,Unknown,
146408,Unknown,
146416,Unknown,
146409,Unknown,
146411,Unknown,
146412,Unknown,
146413,Unknown,
146414,Unknown,
146415,Unknown,
146423,Unknown,
146417,Unknown,
146418,Unknown,
146419,Unknown,
146427,Unknown,
146420,Unknown,
146421,Unknown,
146430,Unknown,
146422,Unknown,
211968,Other,Service|
146432,Unknown,
146433,Unknown,
146426,Unknown,
146428,Unknown,
146429,Unknown,
146431,Unknown,
146434,Unknown,
146435,Unknown,
146436,Unknown,
146437,Unknown,
146438,Unknown,
211980,Other,Other|
146439,Unknown,
146440,Unknown,
146441,Unknown,
146442,Unknown,
146443,Unknown,
146444,Unknown,
146445,Unknown,
146446,Unknown,
146453,Unknown,
146447,Unknown,
146448,Unknown,
211992,Other,Other|
146449,Unknown,
146450,Unknown,
146451,Unknown,
146452,Unknown,
146454,Unknown,
146455,Unknown,
146456,Unknown,
146464,Unknown,
146457,Unknown,
146458,Unknown,
146459,Unknown,
146460,Unknown,
146461,Unknown,
146462,Unknown,
146463,Unknown,
146465,Unknown,
146466,Unknown,
146467,Unknown,
146475,Unknown,
146468,Unknown,
146469,Unknown,
146470,Unknown,
146471,Unknown,
146472,Unknown,
146473,Unknown,
146474,Unknown,
146483,Unknown,
146484,Unknown,
146485,Unknown,
146477,Unknown,
146478,Unknown,
146479,Unknown,
146480,Unknown,
146481,Unknown,
146482,Unknown,
146486,Unknown,
146487,Unknown,
146488,Unknown,
146489,Unknown,
146490,Unknown,
146491,Unknown,
146492,Unknown,
146493,Unknown,
146494,Unknown,
146495,Unknown,
146496,Unknown,
146497,Unknown,
146498,Unknown,
146499,Unknown,
146506,Unknown,
146500,Unknown,
146501,Unknown,
146502,Unknown,
146503,Unknown,
146504,Unknown,
146505,Unknown,
146507,Unknown,
146508,Unknown,
146509,Unknown,
146510,Unknown,
146511,Unknown,
146512,Unknown,
146513,Unknown,
146520,Unknown,
146514,Unknown,
146515,Unknown,
146516,Unknown,
146517,Unknown,
146518,Unknown,
146519,Unknown,
146521,Unknown,
146522,Unknown,
146529,Unknown,
146523,Unknown,
146524,Unknown,
146525,Unknown,
146526,Unknown,
146527,Unknown,
146528,Unknown,
146530,Unknown,
146537,Unknown,
146531,Unknown,
146532,Unknown,
146533,Unknown,
146534,Unknown,
146535,Unknown,
146536,Unknown,
146538,Unknown,
146539,Unknown,
146540,Unknown,
146541,Unknown,
146548,Unknown,
146542,Unknown,
146543,Unknown,
146544,Unknown,
146545,Unknown,
146546,Unknown,
146547,Unknown,
146549,Unknown,
146550,Unknown,
146551,Unknown,
146552,Unknown,
146553,Unknown,
146554,Unknown,
146555,Unknown,
146556,Unknown,
146557,Unknown,
146558,Unknown,
146559,Unknown,
146560,Unknown,
146561,Unknown,
146562,Unknown,
146563,Unknown,
146564,Unknown,
146565,Unknown,
146566,Unknown,
146567,Unknown,
146568,Unknown,
146569,Unknown,
146570,Unknown,
146571,Unknown,
146572,Unknown,
146573,Unknown,
146574,Unknown,
146575,Unknown,
146576,Unknown,
146577,Unknown,
146578,Unknown,
146579,Unknown,
146586,Unknown,
146580,Unknown,
146581,Unknown,
146589,Unknown,
146582,Unknown,
146583,Unknown,
146584,Unknown,
146585,Unknown,
146594,Unknown,
146587,Unknown,
146596,Unknown,
146588,Unknown,
146598,Unknown,
146590,Unknown,
146591,Unknown,
146592,Unknown,
146593,Unknown,
146595,Unknown,
146597,Unknown,
48301,Other,"Retail Stores, Wholesale, and E-commerce Sites|Clothing, Fashion, Luggage|Personal ASN|"
146599,Unknown,
146600,Unknown,
146601,Unknown,
146602,Unknown,
146603,Unknown,
146604,Unknown,
146605,Unknown,
146606,Unknown,
146607,Unknown,
146615,Unknown,
146608,Unknown,
146617,Unknown,
146609,Unknown,
146610,Unknown,
146620,Unknown,
146612,Unknown,
146613,Unknown,
146614,Unknown,
146616,Unknown,
146618,Unknown,
146619,Unknown,
146621,Unknown,
212164,Other,Personal ASN|Computer and Information Technology|
146622,Unknown,
146623,Unknown,
146624,Unknown,
146625,Unknown,
146633,Unknown,
146626,Unknown,
146627,Unknown,
146628,Unknown,
146629,Unknown,
146630,Unknown,
146631,Unknown,
146632,Unknown,
146634,Unknown,
146635,Unknown,
146636,Unknown,
146637,Unknown,
146638,Unknown,
146646,Unknown,
146639,Unknown,
146640,Unknown,
146641,Unknown,
146650,Unknown,
146642,Unknown,
146643,Unknown,
146644,Unknown,
146645,Unknown,
146647,Unknown,
146648,Unknown,
146657,Unknown,
146658,Unknown,
146651,Unknown,
146652,Unknown,
146653,Unknown,
146654,Unknown,
146655,Unknown,
146656,Unknown,
146659,Unknown,
146660,Unknown,
146661,Unknown,
146662,Unknown,
146663,Unknown,
146664,Unknown,
146665,Unknown,
146666,Unknown,
146673,Unknown,
146667,Unknown,
146668,Unknown,
146669,Unknown,
146670,Unknown,
146671,Unknown,
146672,Unknown,
146674,Unknown,
146675,Unknown,
146676,Unknown,
146677,Unknown,
146678,Unknown,
146679,Unknown,
146680,Unknown,
146681,Unknown,
146682,Unknown,
146683,Unknown,
146684,Unknown,
146685,Unknown,
146686,Unknown,
146687,Unknown,
146688,Unknown,
146689,Unknown,
146690,Unknown,
146691,Unknown,
146692,Unknown,
146693,Unknown,
146694,Unknown,
212237,Other,"Retail Stores, Wholesale, and E-commerce Sites|"
146702,Unknown,
146695,Unknown,
146696,Unknown,
146697,Unknown,
146698,Unknown,
146699,Unknown,
146700,Unknown,
146701,Unknown,
146703,Unknown,
146704,Unknown,
146705,Unknown,
146706,Unknown,
146707,Unknown,
146708,Unknown,
146709,Unknown,
146710,Unknown,
146711,Unknown,
146712,Unknown,
146713,Unknown,
146714,Unknown,
146715,Unknown,
146716,Unknown,
146717,Unknown,
146725,Unknown,
146718,Unknown,
146719,Unknown,
146720,Unknown,
146721,Unknown,
146722,Unknown,
146731,Unknown,
146723,Unknown,
146724,Unknown,
146726,Unknown,
146727,Unknown,
146728,Unknown,
146729,Unknown,
146730,Unknown,
146732,Unknown,
146733,Unknown,
146734,Unknown,
146742,Unknown,
146735,Unknown,
146736,Unknown,
146737,Unknown,
146746,ISP,Insurance Carriers and Agencies|Finance and Insurance|
146747,Other,Service|
146748,Other,Service|
146749,Other,Service|
146750,Other,Service|
146751,Other,Service|
146752,Other,Service|
146753,Other,"Media, Publishing, and Broadcasting|"
146754,Unknown,
146755,Other,"Media, Publishing, and Broadcasting|"
146756,Unknown,
146757,ISP,Computer and Information Technology|Internet Service Provider (ISP)|
146758,ISP,Internet Service Provider (ISP)|Computer and Information Technology|
146759,Unknown,
146760,Unknown,
146761,ISP,Internet Service Provider (ISP)|Computer and Information Technology|
146762,ISP,Eyeball|Internet Service Provider (ISP)|Computer and Information Technology|
146763,Unknown,
146764,Unknown,
146765,Unknown,
146766,Unknown,
146767,Other,Computer and Network Security|Computer and Information Technology|
146768,Other,"Media, Publishing, and Broadcasting|"
146769,Other,Computer and Information Technology|Computer and Network Security|
146770,Government,"Government and Public Administration|Government and Regulatory Agencies, Administrations, Departments, and Services|"
146771,Unknown,
146772,Other,"Media, Publishing, and Broadcasting|"
146773,Other,Computer and Information Technology|
146774,Unknown,
146775,Other,Manufacturing|Automotive and Transportation|
146776,Unknown,
146777,Other,"Retail Stores, Wholesale, and E-commerce Sites|"
146778,Unknown,
146779,Unknown,
146780,Unknown,
146781,Other,"Computer and Information Technology|Retail Stores, Wholesale, and E-commerce Sites|Search|"
146782,Unknown,
146783,Unknown,
146784,Unknown,
146785,Other,Service|
146786,Unknown,
146787,Unknown,
146788,Other,Service|
146789,Unknown,
146790,Unknown,
146791,Unknown,
146792,Unknown,
146793,Other,"Freight, Shipment, and Postal Services|"
146794,Unknown,
146795,Other,"Freight, Shipment, and Postal Services|Postal Services and Couriers|"
146796,Other,"Media, Publishing, and Broadcasting|"
146797,Unknown,
146798,ISP,Computer and Information Technology|Internet Service Provider (ISP)|
146799,Other,Service|
146800,Unknown,
146801,Other,Service|
146802,Other,"Media, Publishing, and Broadcasting|"
146803,Unknown,
146804,Unknown,
146805,Other,"Media, Publishing, and Broadcasting|"
146806,Other,Software Development|Computer and Information Technology|
146807,ISP,Internet Service Provider (ISP)|Computer and Information Technology|
146808,Other,"Museums, Libraries, and Entertainment|"
146809,ISP,Hosting and Cloud Provider|Software Development|Computer and Information Technology|Internet Service Provider (ISP)
146810,ISP,Internet Service Provider (ISP)|Computer and Information Technology|
146811,Other,"Music and Video Industry|Online Music and Video Streaming Services|Media, Publishing, and Broadcasting|"
146812,Other,"Finance and Insurance|Banks, Credit Card Companies, Mortgage Providers|"
146813,ISP,Computer and Information Technology|Internet Service Provider (ISP)|
146814,Academic/Edu,"Colleges, Universities, and Professional Schools|Education and Research|"
146815,Other,"Media, Publishing, and Broadcasting|Music and Video Industry|Online Music and Video Streaming Services|"
146816,Unknown,
146817,Other,"Social Assistance (Temporary Shelters, Emergency Relief, Child Day Care, etc)|Service|"
146818,Other,"Retail Stores, Wholesale, and E-commerce Sites|"
146819,Other,Computer and Information Technology|
146820,Government,"Government and Public Administration|Government and Regulatory Agencies, Administrations, Departments, and Services|Human Rights and Social Advocacy (Human Rights, Environment and Wildlife Conservation, Other)|Community Groups and Nonprofits"
146821,ISP,Computer and Information Technology|Internet Service Provider (ISP)|
146822,ISP,Computer and Information Technology|Internet Service Provider (ISP)|
146823,Other,"Museums, Libraries, and Entertainment|"
146824,Unknown,
146825,Other,"Media, Publishing, and Broadcasting|"
146826,Other,"Media, Publishing, and Broadcasting|"
146827,Enterprise,"Media, Publishing, and Broadcasting|Music and Video Industry|Computer and Information Technology|Service"
146828,ISP,Construction and Real Estate|Internet Service Provider (ISP)|Computer and Information Technology|
146829,ISP,Construction and Real Estate|Internet Service Provider (ISP)|Computer and Information Technology|
146830,Other,Software Development|Computer and Information Technology|
146831,Other,Software Development|Computer and Information Technology|
146832,Other,Software Development|Computer and Information Technology|
146833,Other,Software Development|Computer and Information Technology|
146834,Other,Computer and Information Technology|Software Development|
212371,ISP,Computer and Information Technology|Internet Service Provider (ISP)|
146835,Unknown,
146837,Other,"Media, Publishing, and Broadcasting|Music and Video Industry|Online Music and Video Streaming Services|"
146838,ISP,Internet Service Provider (ISP)|Computer and Information Technology|
146839,Unknown,
146840,Content/CDN,Hosting and Cloud Provider|Computer and Information Technology|
146841,ISP,Computer and Information Technology|Internet Service Provider (ISP)|
146842,Unknown,
146843,Other,Computer and Information Technology|
146844,Other,"Banks, Credit Card Companies, Mortgage Providers|Finance and Insurance|"
146845,Other,Computer and Information Technology|
146424,Unknown,
146425,Unknown,
146950,Content/CDN,Computer and Information Technology|Hosting and Cloud Provider|
146959,Content/CDN,Hosting and Cloud Provider|Computer and Information Technology|
146966,Other,"Media, Publishing, and Broadcasting|"
212532,Unknown,
147008,Other,"Service|Media, Publishing, and Broadcasting|Anycast|"
147038,Other,Computer and Information Technology|Software Development|
147048,ISP,Computer and Information Technology|Internet Service Provider (ISP)|
147071,ISP,Internet Service Provider (ISP)|Computer and Information Technology|
146476,Unknown,
212690,ISP,Internet Service Provider (ISP)|Computer and Information Technology|
212793,Enterprise,"Law, Business, and Consulting Services|Service|"
212802,Other,"Retail Stores, Wholesale, and E-commerce Sites|"
212982,Other,Service|
213069,Unknown,
213116,Other,Real Estate (Residential and/or Commercial)|Construction and Real Estate|
146611,Unknown,
213404,Unknown,
49575,Academic/Edu,Computer and Information Technology|Research and Development Organizations|Education and Research|Software Development
213519,Unknown,
146649,Unknown,
213545,Other,Personal ASN|
213548,Unknown,
213581,Unknown,
213582,Unknown,
213605,Other,Anycast|Personal ASN|
213625,Eyeball,Eyeball|Personal ASN|
213629,Unknown,
213663,Other,Personal ASN|
213700,Other,Personal ASN|
49904,Academic/Edu,Education and Research|Personal ASN|
213769,Unknown,
213782,Eyeball,Eyeball|Personal ASN|
213806,Unknown,
213878,Unknown,
213891,Other,Anycast|Personal ASN|
213903,Eyeball,Personal ASN|Eyeball|
213914,Unknown,
146738,Unknown,
146739,Unknown,
146740,Unknown,
214001,Unknown,
146741,Unknown,
146743,Unknown,
146744,Unknown,
146745,Unknown,
17428,Other,Not Validating RPKI ROV|Software Development|Computer and Information Technology|
17429,ISP,Not Validating RPKI ROV|Computer and Information Technology|Internet Service Provider (ISP)|
17430,ISP,Not Validating RPKI ROV|Internet Service Provider (ISP)|Computer and Information Technology|Hosting and Cloud Provider
17431,Other,Software Development|Computer and Information Technology|
17432,Other,Computer and Information Technology|
214040,Other,Anycast|
17442,ISP,Internet Service Provider (ISP)|Service|Computer and Information Technology|
214053,Unknown,
17490,Other,Manufacturing|
214203,Unknown,
17620,Other,Computer and Information Technology|
17621,ISP,Carrier|Internet Service Provider (ISP)|Computer and Information Technology|Not Validating RPKI ROV
17622,ISP,Eyeball|Internet Service Provider (ISP)|Computer and Information Technology|Not Validating RPKI ROV
17623,ISP,Eyeball|Internet Service Provider (ISP)|Computer and Information Technology|Not Validating RPKI ROV
17629,Other,Machinery|Manufacturing|
17633,ISP,Not Validating RPKI ROV|Computer and Information Technology|Internet Service Provider (ISP)|
17638,ISP,Eyeball|Computer and Information Technology|Internet Service Provider (ISP)|Not Validating RPKI ROV
17655,Other,"Retail Stores, Wholesale, and E-commerce Sites|"
17672,Enterprise,"Service|Law, Business, and Consulting Services|"
17735,Other,Computer and Information Technology|
17739,ISP,"Computer and Information Technology|Retail Stores, Wholesale, and E-commerce Sites|Internet Service Provider (ISP)|Civil Engineering Construction (Utility Lines, Roads and Bridges)"
17767,Academic/Edu,Research and Development Organizations|Education and Research|
17772,ISP,Education and Research|Computer and Information Technology|Internet Service Provider (ISP)|
17773,Other,Computer and Information Technology|Software Development|
17774,Other,Computer and Information Technology|
17775,ISP,Eyeball|Software Development|Education and Research|Computer and Information Technology
17776,ISP,Internet Service Provider (ISP)|Computer and Information Technology|
17777,ISP,Satellite Communication|Computer and Information Technology|Internet Service Provider (ISP)|
17778,Other,"Media, Publishing, and Broadcasting|Radio and Television Providers|"
17779,ISP,Software Development|Internet Service Provider (ISP)|Computer and Information Technology|
17780,Other,Computer and Information Technology|
17781,Other,"Not Validating RPKI ROV|Media, Publishing, and Broadcasting|Online Informational Content|Online Music and Video Streaming Services"
17782,Academic/Edu,Research and Development Organizations|Education and Research|
17785,Other,"Investment, Portfolio Management, Pensions and Funds|Finance and Insurance|"
17788,Other,"Retail Stores, Wholesale, and E-commerce Sites|"
17789,Other,"Retail Stores, Wholesale, and E-commerce Sites|"
17790,Other,Computer and Information Technology|Software Development|
17791,Enterprise,"Law, Business, and Consulting Services|Service|"
17799,ISP,Not Validating RPKI ROV|Software Development|Computer and Information Technology|Internet Service Provider (ISP)
17816,ISP,Eyeball|Computer and Information Technology|Internet Service Provider (ISP)|Not Validating RPKI ROV
214439,Unknown,
146836,Unknown,
17883,Other,"Media, Publishing, and Broadcasting|Print Media (Newspapers, Magazines, Books)|"
17896,Other,"Museums, Libraries, and Entertainment|"
17897,ISP,Eyeball|Internet Service Provider (ISP)|Computer and Information Technology|Not Validating RPKI ROV
148969,ISP,Software Development|Internet Service Provider (ISP)|Computer and Information Technology|
148972,Unknown,
148981,Other,Computer and Information Technology|Software Development|
148982,ISP,Computer and Information Technology|Internet Service Provider (ISP)|
148983,Unknown,
17923,Other,Other|
214563,Unknown,
17962,ISP,Eyeball|Computer and Information Technology|Internet Service Provider (ISP)|Not Validating RPKI ROV
17963,ISP,Computer and Information Technology|Internet Service Provider (ISP)|
17964,ISP,Eyeball|Computer and Information Technology|Internet Service Provider (ISP)|Not Validating RPKI ROV
17965,ISP,Internet Service Provider (ISP)|Computer and Information Technology|Education and Research|Software Development
17966,Academic/Edu,Computer and Information Technology|Research and Development Organizations|Education and Research|
17967,ISP,Education and Research|Computer and Information Technology|Software Development|Internet Service Provider (ISP)
17968,ISP,Eyeball|Computer and Information Technology|Internet Service Provider (ISP)|Not Validating RPKI ROV
17969,Other,"Retail Stores, Wholesale, and E-commerce Sites|"
214575,Unknown,
149056,Other,"Computer and Information Technology|Retail Stores, Wholesale, and E-commerce Sites|"
149057,Other,"Retail Stores, Wholesale, and E-commerce Sites|"
17997,ISP,Internet Service Provider (ISP)|Computer and Information Technology|
17998,ISP,Internet Service Provider (ISP)|Computer and Information Technology|
214610,Unknown,
214613,Unknown,
18011,Other,Computer and Information Technology|
214633,Unknown,
214660,Unknown,
214674,Unknown,
149163,Other,Computer and Information Technology|
214702,Unknown,
214704,Other,Personal ASN|Content|
149174,Other,Computer and Information Technology|Software Development|
149178,Other,Software Development|Computer and Information Technology|
18118,ISP,"Internet Service Provider (ISP)|Retail Stores, Wholesale, and E-commerce Sites|Computer and Information Technology|"
214734,Unknown,
214740,Unknown,
214759,Other,Personal ASN|
50922,Other,"Buildings, Repair, Maintenance (Pest Control, Landscaping, Cleaning, Locksmiths, Car Washes, etc)|Service|"
214773,Unknown,
214775,Other,Personal ASN|
149292,Academic/Edu,Education and Research|
149304,Other,"Media, Publishing, and Broadcasting|"
214843,Other,Personal ASN|
18238,Unknown,
18239,ISP,"Eyeball|Computer and Information Technology|Internet Service Provider (ISP)|Law, Business, and Consulting Services"
18240,ISP,Computer and Information Technology|Education and Research|Internet Service Provider (ISP)|
18241,Other,"Utilities (Excluding Internet Service)|Electric Power Generation, Transmission, Distribution|"
18242,Content/CDN,"Law, Business, and Consulting Services|Service|Government|Server Hosting"
18243,ISP,Computer and Information Technology|Internet Service Provider (ISP)|Server Hosting|Content
18244,ISP,Internet Service Provider (ISP)|Computer and Information Technology|Education and Research|
18245,ISP,Eyeball|Software Development|Computer and Information Technology|Internet Service Provider (ISP)
214848,Unknown,
18247,ISP,Internet Service Provider (ISP)|Computer and Information Technology|
18246,Unknown,
18257,ISP,Internet Service Provider (ISP)|Computer and Information Technology|
214871,Unknown,
214899,Other,Personal ASN|
214911,Unknown,
214912,Other,Personal ASN|
214921,Unknown,
214934,Other,Personal ASN|
18344,Academic/Edu,Education and Research|Research and Development Organizations|
214963,Eyeball,Eyeball|Personal ASN|
149443,Other,Computer and Information Technology|
149458,Other,Computer and Information Technology|Software Development|
18387,Other,"Investment, Portfolio Management, Pensions and Funds|Finance and Insurance|"
149459,Other,Computer and Information Technology|Software Development|
149460,Other,Computer and Information Technology|Software Development|
149461,Other,Computer and Information Technology|Software Development|
149462,Other,Software Development|Computer and Information Technology|
149463,Other,Computer and Information Technology|Software Development|
149464,Other,Computer and Information Technology|Software Development|
149465,Other,Computer and Information Technology|Software Development|
149466,Other,Software Development|Computer and Information Technology|
149467,Other,Software Development|Computer and Information Technology|
149468,Other,Software Development|Computer and Information Technology|
149469,Other,Software Development|Computer and Information Technology|
149470,Other,Computer and Information Technology|Software Development|
149471,Other,Software Development|Computer and Information Technology|
215007,Other,Personal ASN|
149475,Other,"Retail Stores, Wholesale, and E-commerce Sites|"
149510,Other,"Media, Publishing, and Broadcasting|Online Informational Content|"
149511,Other,Anycast|
215056,Unknown,
215105,Unknown,
215152,Unknown,
149639,Other,"Service|Investment, Portfolio Management, Pensions and Funds|Finance and Insurance|"
215257,Unknown,
149763,Unknown,
215315,Unknown,
149790,ISP,Internet Service Provider (ISP)|Computer and Information Technology|
149793,Unknown,
149808,Other,"Online Music and Video Streaming Services|Media, Publishing, and Broadcasting|Music and Video Industry|"
149837,ISP,Computer and Information Technology|Software Development|Internet Service Provider (ISP)|
215373,Unknown,
149839,ISP,Computer and Information Technology|Internet Service Provider (ISP)|Software Development|
215418,Unknown,
215502,Other,Content|Personal ASN|
215507,Unknown,
149979,ISP,Computer and Information Technology|Internet Service Provider (ISP)|
215526,Unknown,
149999,Other,"Media, Publishing, and Broadcasting|Service|"
150141,ISP,Internet Service Provider (ISP)|Computer and Information Technology|
150145,Other,Software Development|Computer and Information Technology|
150166,Other,"Community Groups and Nonprofits|Human Rights and Social Advocacy (Human Rights, Environment and Wildlife Conservation, Other)|"
150173,ISP,Internet Service Provider (ISP)|Computer and Information Technology|
150184,ISP,Eyeball|Computer and Information Technology|Internet Service Provider (ISP)|Personal ASN
215750,Eyeball,Eyeball|Personal ASN|
51928,Content/CDN,Hosting and Cloud Provider|Computer and Information Technology|
215786,Eyeball,Eyeball|Personal ASN|Computer and Information Technology|
215803,Unknown,
150289,Content/CDN,Content|Computer and Information Technology|Hosting and Cloud Provider|Personal ASN
215832,Other,Service|Personal ASN|
215848,Unknown,
150370,ISP,Computer and Information Technology|Internet Service Provider (ISP)|
150373,ISP,Internet Service Provider (ISP)|Computer and Information Technology|
150374,Unknown,
215969,Other,"Media, Publishing, and Broadcasting|Online Informational Content|Personal ASN|"
215995,Other,Personal ASN|
216056,Other,Personal ASN|
216087,ISP,Computer and Information Technology|Internet Service Provider (ISP)|Personal ASN|
216166,Other,"Media, Publishing, and Broadcasting|"
216173,Unknown,
216299,Other,Personal ASN|
216305,Eyeball,Eyeball|Personal ASN|Service|
216342,Academic/Edu,Education and Research|Personal ASN|
216373,ISP,Internet Service Provider (ISP)|Computer and Information Technology|Personal ASN|Eyeball
216426,ISP,Computer and Information Technology|Internet Service Provider (ISP)|
151058,ISP,Computer and Information Technology|Internet Service Provider (ISP)|
151185,Other,Software Development|Computer and Information Technology|
151187,Eyeball,"Eyeball|Media, Publishing, and Broadcasting|Online Informational Content|Personal ASN"
151192,ISP,Internet Service Provider (ISP)|Computer and Information Technology|Personal ASN|Eyeball
151193,Academic/Edu,Education and Research|
151194,Academic/Edu,Anycast|Education and Research|
151202,Academic/Edu,Education and Research|Personal ASN|
151216,Unknown,
151217,Unknown,
151218,Unknown,
151219,Unknown,
151220,Unknown,
151221,Unknown,
151222,Unknown,
151223,Unknown,
151224,Unknown,
151225,Unknown,
151226,Unknown,
151227,Unknown,
151228,Unknown,
151229,Unknown,
151230,Unknown,
151231,Unknown,
151232,Unknown,
151233,Unknown,
151234,Unknown,
151235,Unknown,
151236,Unknown,
151237,Unknown,
151238,Unknown,
151239,Unknown,
151240,Unknown,
151241,Unknown,
151242,Unknown,
151243,Unknown,
151244,Unknown,
151245,Unknown,
151246,Unknown,
151247,Unknown,
151248,Unknown,
151249,Unknown,
151250,Unknown,
151251,Unknown,
151252,Unknown,
151253,Unknown,
151254,Unknown,
151255,Unknown,
151256,Unknown,
151257,Unknown,
151258,Unknown,
151259,Unknown,
151260,Unknown,
151261,Unknown,
151262,Unknown,
151263,Unknown,
151264,Unknown,
151265,Unknown,
151266,Unknown,
151267,Unknown,
151268,Unknown,
151269,Unknown,
151270,Unknown,
151271,Unknown,
151272,Unknown,
151273,Unknown,
151274,Unknown,
151275,Unknown,
151276,Unknown,
151277,Unknown,
151278,Unknown,
151279,Unknown,
151280,Unknown,
151281,Unknown,
151282,Unknown,
151283,Unknown,
151284,Unknown,
151285,Unknown,
151286,Unknown,
151287,Unknown,
151288,Unknown,
151289,Unknown,
151290,Unknown,
151291,Unknown,
151292,Unknown,
151293,Other,Computer and Network Security|Service|Software Development|Computer and Information Technology
151294,Other,"Media, Publishing, and Broadcasting|"
151295,Academic/Edu,Education and Research|Research and Development Organizations|
151296,Other,"Media, Publishing, and Broadcasting|"
151297,Unknown,
151298,Other,"Banks, Credit Card Companies, Mortgage Providers|Finance and Insurance|"
151299,Unknown,
151300,Unknown,
151301,Unknown,
151302,Unknown,
151303,Unknown,
151304,Unknown,
151305,Unknown,
151306,Unknown,
151307,Unknown,
151308,Unknown,
151309,ISP,Computer and Information Technology|Internet Service Provider (ISP)|
151310,Unknown,
151311,Content/CDN,Computer and Information Technology|Hosting and Cloud Provider|
151312,Other,"Media, Publishing, and Broadcasting|"
151313,ISP,Insurance Carriers and Agencies|Finance and Insurance|
151314,Other,"Banks, Credit Card Companies, Mortgage Providers|Finance and Insurance|"
151315,Enterprise,"Law, Business, and Consulting Services|Investment, Portfolio Management, Pensions and Funds|Service|Finance and Insurance"
151320,Other,Computer and Information Technology|
151331,Academic/Edu,Education and Research|Content|
151392,Other,"Media, Publishing, and Broadcasting|"
151394,Other,Computer and Information Technology|
151397,Other,Anycast|Computer and Information Technology|Software Development|
151416,Unknown,
151418,Eyeball,"Eyeball|Personal ASN|Media, Publishing, and Broadcasting|Online Informational Content"
151423,Unknown,
151424,Unknown,
151425,Unknown,
151426,Unknown,
151427,Unknown,
151428,Unknown,
151429,Unknown,
151430,Unknown,
151431,Unknown,
151432,Unknown,
151433,Unknown,
151434,Unknown,
151435,Unknown,
151436,Unknown,
151437,Unknown,
151438,Unknown,
151439,Unknown,
151440,Unknown,
151441,Unknown,
151442,Unknown,
151443,Unknown,
151444,Unknown,
151445,Unknown,
151446,Unknown,
151447,Unknown,
151448,Unknown,
151449,Unknown,
151450,Unknown,
151451,Unknown,
151452,Unknown,
151453,Unknown,
151454,Unknown,
151455,Unknown,
151456,Unknown,
151457,Unknown,
151458,Unknown,
151459,Unknown,
151460,Unknown,
151461,Unknown,
151462,Unknown,
151464,Academic/Edu,"Community Groups and Nonprofits|Education and Research|Research and Development Organizations|Human Rights and Social Advocacy (Human Rights, Environment and Wildlife Conservation, Other)"
151483,Other,Computer and Information Technology|
151490,Unknown,
151493,Other,Computer and Information Technology|
151494,Unknown,
151613,Enterprise,"Service|Law, Business, and Consulting Services|"
151628,Other,Software Development|Computer and Information Technology|
151640,ISP,Computer and Information Technology|Internet Service Provider (ISP)|
151673,Eyeball,Personal ASN|Eyeball|
151674,Eyeball,Personal ASN|Eyeball|
140873,Enterprise,"Law, Business, and Consulting Services|Service|"
151782,Unknown,
151785,Other,"Personal ASN|Retail Stores, Wholesale, and E-commerce Sites|"
151814,Unknown,
151823,ISP,Internet Service Provider (ISP)|Computer and Information Technology|
151951,ISP,Computer and Information Technology|Internet Service Provider (ISP)|
151974,Unknown,
152092,Unknown,
152118,Unknown,
152120,ISP,Computer and Information Technology|Internet Service Provider (ISP)|
152134,Unknown,
152157,Other,"Casinos and Gambling|Museums, Libraries, and Entertainment|"
152186,ISP,Computer and Information Technology|Internet Service Provider (ISP)|
152191,Unknown,
152321,Other,"Construction and Real Estate|Civil Engineering Construction (Utility Lines, Roads and Bridges)|"
152471,Unknown,
152480,Unknown,
152598,Unknown,
152630,Unknown,
152631,Unknown,
152697,Unknown,
152711,Unknown,
152892,Unknown,
54600,Eyeball,Eyeball|Computer and Information Technology|Hosting and Cloud Provider|Not Validating RPKI ROV
152911,Other,Content|
152920,Unknown,
152921,Unknown,
152922,Unknown,
152923,Unknown,
152930,Unknown,
153033,Unknown,
153034,Unknown,
153057,Unknown,
153168,Unknown,
153170,Unknown,
153171,Unknown,
153172,Unknown,
153185,Unknown,
153186,Unknown,
153187,Unknown,
153189,Unknown,
153190,Unknown,
153195,Unknown,
153330,Unknown,
153331,Unknown,
153332,Unknown,
153333,Unknown,
153376,Other,Content|
153458,Unknown,
153468,Unknown,
153497,Unknown,
153593,Unknown,
153633,Unknown,
153662,Unknown,
153712,Unknown,
153725,Other,Personal ASN|
153726,Unknown,
55439,ISP,"Online Informational Content|Community Groups and Nonprofits|Media, Publishing, and Broadcasting|Internet Service Provider (ISP)"
153747,Unknown,
55461,ISP,Internet Service Provider (ISP)|Computer and Information Technology|Hosting and Cloud Provider|
55462,ISP,Computer and Information Technology|Internet Service Provider (ISP)|Hosting and Cloud Provider|
55463,ISP,Hosting and Cloud Provider|Internet Service Provider (ISP)|Computer and Information Technology|
55466,ISP,Hosting and Cloud Provider|Computer and Information Technology|Internet Service Provider (ISP)|
55468,Other,"Media, Publishing, and Broadcasting|Music and Video Industry|Computer and Information Technology|Radio and Television Providers"
55515,ISP,Internet Service Provider (ISP)|Computer and Information Technology|Hosting and Cloud Provider|
55641,ISP,Hosting and Cloud Provider|Computer and Information Technology|Internet Service Provider (ISP)|
55721,ISP,Phone Provider|Software Development|Internet Service Provider (ISP)|Computer and Information Technology
55739,ISP,Computer and Information Technology|Internet Service Provider (ISP)|Hosting and Cloud Provider|
55786,Other,Electronics and Computer Components|Computer and Information Technology|Manufacturing|
55826,ISP,Computer and Information Technology|Internet Service Provider (ISP)|Not Validating RPKI ROV|
55849,ISP,Internet Service Provider (ISP)|Computer and Information Technology|Hosting and Cloud Provider|
55877,Other,"Museums, Libraries, and Entertainment|Recreation, Sports, and Performing Arts|"
55883,ISP,Internet Service Provider (ISP)|Computer and Information Technology|Hosting and Cloud Provider|
55886,ISP,Hosting and Cloud Provider|Computer and Information Technology|Internet Service Provider (ISP)|
55929,ISP,Internet Service Provider (ISP)|Computer and Information Technology|Hosting and Cloud Provider|
55937,ISP,Hosting and Cloud Provider|Internet Service Provider (ISP)|Computer and Information Technology|
55956,Academic/Edu,"Motor Vehicles and Parts|Education and Research|Retail Stores, Wholesale, and E-commerce Sites|Research and Development Organizations"
55957,Other,"Online Music and Video Streaming Services|Online Informational Content|Radio and Television Providers|Media, Publishing, and Broadcasting"
55958,ISP,Community Groups and Nonprofits|Internet Service Provider (ISP)|Computer and Information Technology|
55959,ISP,Computer and Information Technology|Hosting and Cloud Provider|Construction and Real Estate|Software Development
55960,ISP,Content|Computer and Information Technology|Phone Provider|Internet Service Provider (ISP)
55961,Other,Manufacturing|Electronics and Computer Components|
55962,ISP,Music and Video Industry|Online Music and Video Streaming Services|Software Development|Manufacturing
55963,Other,"Media, Publishing, and Broadcasting|Print Media (Newspapers, Magazines, Books)|"
55964,Other,Computer and Information Technology|
55965,Other,"Retail Stores, Wholesale, and E-commerce Sites|"
55966,Enterprise,"Corporate/Enterprise|Banks, Credit Card Companies, Mortgage Providers|Finance and Insurance|"
55967,Content/CDN,Content|Search|Computer and Information Technology|Hosting and Cloud Provider
55968,ISP,Internet Service Provider (ISP)|Computer and Information Technology|
55969,ISP,Computer and Information Technology|Internet Service Provider (ISP)|
55970,ISP,Computer and Information Technology|Internet Service Provider (ISP)|
55971,Academic/Edu,"Research and Development Organizations|Government and Public Administration|Community Groups and Nonprofits|Human Rights and Social Advocacy (Human Rights, Environment and Wildlife Conservation, Other)"
55972,Other,Computer and Information Technology|
55973,Other,Computer and Information Technology|
55974,Enterprise,"Law, Business, and Consulting Services|Investment, Portfolio Management, Pensions and Funds|Finance and Insurance|Service"
55975,Other,Computer and Information Technology|Software Development|
55976,Other,Computer and Information Technology|
55977,Enterprise,"Service|Law, Business, and Consulting Services|"
55978,Enterprise,"Service|Law, Business, and Consulting Services|"
55979,Other,Computer and Information Technology|Software Development|
55980,Other,Computer and Information Technology|Software Development|
55981,Unknown,
55982,ISP,"Service|Internet Service Provider (ISP)|Computer and Information Technology|Media, Publishing, and Broadcasting"
55983,ISP,Phone Provider|Computer and Information Technology|Internet Service Provider (ISP)|
55984,Other,Machinery|Manufacturing|
55985,Other,Computer and Information Technology|
55986,Other,"Software Development|Computer and Information Technology|Retail Stores, Wholesale, and E-commerce Sites|"
55987,Other,Computer and Information Technology|
55988,Other,Computer and Information Technology|
55989,Other,Electronics and Computer Components|Manufacturing|
55990,Content/CDN,Content|Hosting and Cloud Provider|Computer and Information Technology|Server Hosting
55991,Unknown,
55992,ISP,"Tranco 10k Host|Military, Defense, National Security, and International Affairs|Computer and Information Technology|Hosting and Cloud Provider"
55993,Other,Automotive and Transportation|Manufacturing|
55994,Content/CDN,Computer and Information Technology|Hosting and Cloud Provider|Software Development|
55995,Other,"Online Informational Content|Media, Publishing, and Broadcasting|"
55996,ISP,Internet Service Provider (ISP)|Computer and Information Technology|
55997,Unknown,
55998,Other,Computer and Information Technology|
55999,Other,Computer and Information Technology|
56000,Enterprise,"Service|Retail Stores, Wholesale, and E-commerce Sites|Manufacturing|Chemical and Pharmaceutical Manufacturing"
56001,ISP,Internet Service Provider (ISP)|Computer and Information Technology|
56002,Other,Not Validating RPKI ROV|Finance and Insurance|
56003,Other,Computer and Information Technology|
56004,Government,"Government and Public Administration|Government and Regulatory Agencies, Administrations, Departments, and Services|Not Validating RPKI ROV|"
56005,ISP,Computer and Information Technology|Internet Service Provider (ISP)|
56006,Other,"Finance and Insurance|Banks, Credit Card Companies, Mortgage Providers|"
56007,Enterprise,"Service|Finance and Insurance|Investment, Portfolio Management, Pensions and Funds|Law, Business, and Consulting Services"
56008,ISP,Computer and Information Technology|Internet Service Provider (ISP)|
56009,Other,Computer and Information Technology|
56010,Academic/Edu,Education and Research|Research and Development Organizations|
56011,Other,Service|
56012,ISP,"Service|Internet Service Provider (ISP)|Computer and Information Technology|Law, Business, and Consulting Services"
56013,ISP,Household Appliances and Electronics|Manufacturing|Computer and Information Technology|Internet Service Provider (ISP)
56014,Other,Computer and Information Technology|Software Development|
56015,Other,"Investment, Portfolio Management, Pensions and Funds|Finance and Insurance|"
56019,Other,"Banks, Credit Card Companies, Mortgage Providers|Finance and Insurance|"
56040,ISP,Eyeball|Computer and Information Technology|Internet Service Provider (ISP)|Not Validating RPKI ROV
56041,ISP,Eyeball|Internet Service Provider (ISP)|Computer and Information Technology|Not Validating RPKI ROV
56042,ISP,Eyeball|Computer and Information Technology|Internet Service Provider (ISP)|Not Validating RPKI ROV
56044,ISP,Eyeball|Computer and Information Technology|Internet Service Provider (ISP)|Not Validating RPKI ROV
56045,ISP,Internet Service Provider (ISP)|Computer and Information Technology|
56046,ISP,Eyeball|Internet Service Provider (ISP)|Computer and Information Technology|Validating RPKI ROV
56047,ISP,Eyeball|Computer and Information Technology|Internet Service Provider (ISP)|Validating RPKI ROV
56048,ISP,Eyeball|Internet Service Provider (ISP)|Computer and Information Technology|Not Validating RPKI ROV
56053,ISP,Computer and Information Technology|Internet Service Provider (ISP)|Hosting and Cloud Provider|
56116,ISP,Computer and Information Technology|Hosting and Cloud Provider|Internet Service Provider (ISP)|
56119,Other,Service|
56127,ISP,Hosting and Cloud Provider|Computer and Information Technology|Internet Service Provider (ISP)|
56176,ISP,Computer and Information Technology|Internet Service Provider (ISP)|Hosting and Cloud Provider|
56187,ISP,Internet Service Provider (ISP)|Computer and Information Technology|Hosting and Cloud Provider|
56230,ISP,Hosting and Cloud Provider|Computer and Information Technology|Internet Service Provider (ISP)|
56279,ISP,Internet Service Provider (ISP)|Computer and Information Technology|Hosting and Cloud Provider|
56282,ISP,Computer and Information Technology|Internet Service Provider (ISP)|
56292,ISP,Computer and Information Technology|Internet Service Provider (ISP)|Hosting and Cloud Provider|
56314,ISP,Hosting and Cloud Provider|Computer and Information Technology|Internet Service Provider (ISP)|
23610,Other,"Radio and Television Providers|Media, Publishing, and Broadcasting|"
23611,Unknown,
23650,ISP,Eyeball|Hosting and Cloud Provider|Computer and Information Technology|Phone Provider
23662,Unknown,
23724,ISP,Eyeball|Computer and Information Technology|Internet Service Provider (ISP)|Not Validating RPKI ROV
23771,Other,Computer and Information Technology|
23839,ISP,Computer and Information Technology|Internet Service Provider (ISP)|
23840,Other,Manufacturing|Electronics and Computer Components|
23841,ISP,"Media, Publishing, and Broadcasting|Radio and Television Providers|Computer and Information Technology|Internet Service Provider (ISP)"
23842,Other,"Buildings, Repair, Maintenance (Pest Control, Landscaping, Cleaning, Locksmiths, Car Washes, etc)|Service|"
23843,Other,"Human Rights and Social Advocacy (Human Rights, Environment and Wildlife Conservation, Other)|Community Groups and Nonprofits|"
23844,ISP,Phone Provider|Computer and Information Technology|Internet Service Provider (ISP)|
23845,Other,Computer and Information Technology|
23846,Academic/Edu,"Colleges, Universities, and Professional Schools|Education and Research|"
23847,Unknown,
23848,Other,Content|Software Development|Computer and Information Technology|
23849,ISP,Computer and Information Technology|Internet Service Provider (ISP)|
23850,Other,"Radio and Television Providers|Media, Publishing, and Broadcasting|"
23851,Other,"Civil Engineering Construction (Utility Lines, Roads and Bridges)|Construction and Real Estate|"
23852,ISP,Software Development|Internet Service Provider (ISP)|Computer and Information Technology|
23853,ISP,Content|Hosting and Cloud Provider|Computer and Information Technology|Internet Service Provider (ISP)
23910,Academic/Edu,"Tranco 10k Host|Colleges, Universities, and Professional Schools|Research and Development Organizations|Education and Research"
23911,ISP,"Carrier|Colleges, Universities, and Professional Schools|Education and Research|"
23912,Other,"Retail Stores, Wholesale, and E-commerce Sites|"
23924,ISP,Computer and Information Technology|Internet Service Provider (ISP)|Hosting and Cloud Provider|
24059,ISP,"Finance and Insurance|Investment, Portfolio Management, Pensions and Funds|Computer and Information Technology|Internet Service Provider (ISP)"
24119,Academic/Edu,Education and Research|Research and Development Organizations|
24133,ISP,Service|Hosting and Cloud Provider|Software Development|Computer and Information Technology
24134,Other,Computer and Information Technology|
24135,Unknown,
24136,ISP,Computer and Information Technology|Internet Service Provider (ISP)|Education and Research|
24137,Enterprise,"Law, Business, and Consulting Services|Service|"
24138,ISP,Eyeball|Internet Service Provider (ISP)|Computer and Information Technology|Not Validating RPKI ROV
24139,ISP,Eyeball|Computer and Information Technology|Internet Service Provider (ISP)|Not Validating RPKI ROV
24140,ISP,Software Development|Internet Service Provider (ISP)|Service|Computer and Information Technology
24141,ISP,Computer and Information Technology|Internet Service Provider (ISP)|
24142,Other,Software Development|Computer and Information Technology|
24143,Other,"Civil Engineering Construction (Utility Lines, Roads and Bridges)|Construction and Real Estate|"
24144,Other,Manufacturing|Machinery|
24145,Unknown,
24146,Unknown,
24147,ISP,Internet Service Provider (ISP)|Computer and Information Technology|
24148,Unknown,
24149,ISP,Internet Critical Infra|Computer and Information Technology|Internet Service Provider (ISP)|Anycast
24150,ISP,Internet Service Provider (ISP)|Computer and Information Technology|Hosting and Cloud Provider|
24151,ISP,Tranco 10k Host|Education and Research|Internet Service Provider (ISP)|Computer and Information Technology
24152,Unknown,
24239,Content/CDN,Hosting and Cloud Provider|Computer and Information Technology|
24301,Other,"Retail Stores, Wholesale, and E-commerce Sites|"
24302,ISP,Computer and Information Technology|Internet Service Provider (ISP)|
24310,Other,"Retail Stores, Wholesale, and E-commerce Sites|Software Development|Computer and Information Technology|"
24311,ISP,Internet Service Provider (ISP)|Computer and Information Technology|Phone Provider|
24348,Academic/Edu,"Not Validating RPKI ROV|Education and Research|Colleges, Universities, and Professional Schools|"
24349,Academic/Edu,"Not Validating RPKI ROV|Education and Research|Colleges, Universities, and Professional Schools|"
24350,Academic/Edu,"Validating RPKI ROV|Colleges, Universities, and Professional Schools|Education and Research|"
24351,Academic/Edu,"Education and Research|Colleges, Universities, and Professional Schools|Not Validating RPKI ROV|"
24352,Academic/Edu,"Validating RPKI ROV|Education and Research|Colleges, Universities, and Professional Schools|"
24353,Academic/Edu,"Validating RPKI ROV|Education and Research|Colleges, Universities, and Professional Schools|"
24354,Other,Not Validating RPKI ROV|Computer and Information Technology|
24355,Academic/Edu,"Validating RPKI ROV|Education and Research|Colleges, Universities, and Professional Schools|"
24356,Academic/Edu,"Not Validating RPKI ROV|Education and Research|Colleges, Universities, and Professional Schools|"
24357,Academic/Edu,"Not Validating RPKI ROV|Colleges, Universities, and Professional Schools|Education and Research|"
24358,Academic/Edu,"Not Validating RPKI ROV|Education and Research|Colleges, Universities, and Professional Schools|"
24359,Other,Not Validating RPKI ROV|Computer and Information Technology|
24360,Other,Validating RPKI ROV|Computer and Information Technology|
24361,Academic/Edu,"Not Validating RPKI ROV|Colleges, Universities, and Professional Schools|Education and Research|"
24362,Academic/Edu,"Not Validating RPKI ROV|Colleges, Universities, and Professional Schools|Education and Research|"
24363,Academic/Edu,"Validating RPKI ROV|Education and Research|Colleges, Universities, and Professional Schools|"
24364,Eyeball,"Eyeball|Colleges, Universities, and Professional Schools|Education and Research|Validating RPKI ROV"
24365,Academic/Edu,"Education and Research|Colleges, Universities, and Professional Schools|Not Validating RPKI ROV|"
24366,Other,Computer and Information Technology|Not Validating RPKI ROV|
24367,Academic/Edu,"Validating RPKI ROV|Education and Research|Colleges, Universities, and Professional Schools|"
24368,Other,Not Validating RPKI ROV|Computer and Information Technology|
24369,Academic/Edu,"Validating RPKI ROV|Education and Research|Colleges, Universities, and Professional Schools|"
24370,Academic/Edu,"Education and Research|Not Validating RPKI ROV|Colleges, Universities, and Professional Schools|"
24371,Academic/Edu,"Not Validating RPKI ROV|Education and Research|Colleges, Universities, and Professional Schools|"
24372,Other,Not Validating RPKI ROV|Computer and Information Technology|
24376,ISP,Internet Service Provider (ISP)|Computer and Information Technology|
24400,ISP,Carrier|Phone Provider|Internet Service Provider (ISP)|Computer and Information Technology
24401,Unknown,
24402,Enterprise,"Service|Law, Business, and Consulting Services|"
24403,ISP,Hosting and Cloud Provider|Computer and Information Technology|Internet Service Provider (ISP)|
24404,ISP,Hosting and Cloud Provider|Computer and Information Technology|Internet Service Provider (ISP)|
24405,Unknown,
24406,ISP,Internet Critical Infra|Computer and Information Technology|Internet Service Provider (ISP)|Software Development
24407,Other,Computer and Information Technology|
24408,ISP,Software Development|Computer and Information Technology|Internet Service Provider (ISP)|
24409,ISP,Internet Critical Infra|Software Development|Computer and Information Technology|Internet Service Provider (ISP)
24410,ISP,Software Development|Computer and Information Technology|Internet Service Provider (ISP)|
24411,Unknown,
24412,Unknown,
24413,Content/CDN,Validating RPKI ROV|Computer and Information Technology|Hosting and Cloud Provider|
24414,Unknown,
24415,Other,"Media, Publishing, and Broadcasting|Radio and Television Providers|"
24416,ISP,"Internet Service Provider (ISP)|Computer and Information Technology|Museums, Libraries, and Entertainment|Software Development"
24417,Other,"Media, Publishing, and Broadcasting|Radio and Television Providers|"
24418,ISP,Computer and Information Technology|Software Development|Internet Service Provider (ISP)|Service
24419,Unknown,
24420,Academic/Edu,"Education and Research|Colleges, Universities, and Professional Schools|Research and Development Organizations|"
24421,Other,"Retail Stores, Wholesale, and E-commerce Sites|Clothing, Fashion, Luggage|"
24422,Enterprise,"Law, Business, and Consulting Services|Service|"
24423,Other,Real Estate (Residential and/or Commercial)|Construction and Real Estate|
24424,Other,Computer and Information Technology|Technology Consulting Services|Software Development|Search
24425,ISP,Internet Service Provider (ISP)|Computer and Information Technology|
24426,Content/CDN,Computer and Information Technology|Hosting and Cloud Provider|Software Development|
24427,ISP,Not Validating RPKI ROV|Internet Service Provider (ISP)|Computer and Information Technology|
24428,ISP,Internet Service Provider (ISP)|Software Development|Machinery|Manufacturing
24429,Content/CDN,Content|Software Development|Computer and Information Technology|Hosting and Cloud Provider
24430,Enterprise,"Corporate/Enterprise|Freight, Shipment, and Postal Services|Postal Services and Couriers|"
24444,ISP,Eyeball|Phone Provider|Internet Service Provider (ISP)|Computer and Information Technology
24445,ISP,Eyeball|Internet Service Provider (ISP)|Phone Provider|Computer and Information Technology
24460,Other,"Retail Stores, Wholesale, and E-commerce Sites|"
24489,ISP,Internet Service Provider (ISP)|Computer and Information Technology|
24490,ISP,Computer and Information Technology|Internet Service Provider (ISP)|
24495,Other,"Retail Stores, Wholesale, and E-commerce Sites|"
24547,ISP,Eyeball|Phone Provider|Internet Service Provider (ISP)|Computer and Information Technology
57330,Eyeball,Education and Research|Eyeball|
24564,Other,Computer and Information Technology|Software Development|
24575,Academic/Edu,"Colleges, Universities, and Professional Schools|Education and Research|"
58026,Enterprise,"Postal Services and Couriers|Law, Business, and Consulting Services|Service|Freight, Shipment, and Postal Services"
58251,Content/CDN,Hosting and Cloud Provider|Computer and Information Technology|
58336,ISP,Computer and Information Technology|Internet Service Provider (ISP)|
58410,ISP,Computer and Information Technology|Internet Service Provider (ISP)|Hosting and Cloud Provider|
58412,ISP,Internet Service Provider (ISP)|Hosting and Cloud Provider|Computer and Information Technology|
58415,ISP,Computer and Information Technology|Internet Service Provider (ISP)|Hosting and Cloud Provider|
58416,Other,"Media, Publishing, and Broadcasting|"
58417,ISP,Hosting and Cloud Provider|Internet Service Provider (ISP)|Computer and Information Technology|
58448,Other,"Internet Critical Infra|Social Assistance (Temporary Shelters, Emergency Relief, Child Day Care, etc)|Service|"
58461,ISP,Carrier|Computer and Information Technology|Internet Service Provider (ISP)|Not Validating RPKI ROV
58466,ISP,Eyeball|Internet Service Provider (ISP)|Computer and Information Technology|Software Development
58517,ISP,Computer and Information Technology|Internet Service Provider (ISP)|Phone Provider|
58518,ISP,Phone Provider|Internet Service Provider (ISP)|Computer and Information Technology|
58519,ISP,Content|Computer and Information Technology|Internet Service Provider (ISP)|Not Validating RPKI ROV
58520,ISP,Computer and Information Technology|Internet Service Provider (ISP)|
58536,Other,"Internet Critical Infra|Service|Social Assistance (Temporary Shelters, Emergency Relief, Child Day Care, etc)|"
58539,ISP,Internet Service Provider (ISP)|Computer and Information Technology|
58540,ISP,Eyeball|Internet Service Provider (ISP)|Computer and Information Technology|
58541,ISP,Tranco 10k Host|Computer and Information Technology|Internet Service Provider (ISP)|Not Validating RPKI ROV
58542,ISP,Tranco 10k Host|Computer and Information Technology|Internet Service Provider (ISP)|Not Validating RPKI ROV
58543,ISP,Not Validating RPKI ROV|Internet Service Provider (ISP)|Computer and Information Technology|
58563,ISP,Not Validating RPKI ROV|Computer and Information Technology|Internet Service Provider (ISP)|
58564,ISP,"Insurance Carriers and Agencies|Investment, Portfolio Management, Pensions and Funds|Finance and Insurance|"
58565,Other,Construction and Real Estate|Real Estate (Residential and/or Commercial)|
58566,Unknown,
58567,ISP,"Investment, Portfolio Management, Pensions and Funds|Insurance Carriers and Agencies|Finance and Insurance|"
58568,ISP,"Investment, Portfolio Management, Pensions and Funds|Insurance Carriers and Agencies|Finance and Insurance|"
58569,ISP,"Investment, Portfolio Management, Pensions and Funds|Insurance Carriers and Agencies|Finance and Insurance|"
58570,ISP,"Investment, Portfolio Management, Pensions and Funds|Insurance Carriers and Agencies|Finance and Insurance|"
58571,ISP,Computer and Information Technology|Internet Service Provider (ISP)|
58572,ISP,"Insurance Carriers and Agencies|Investment, Portfolio Management, Pensions and Funds|Finance and Insurance|"
58573,ISP,"Investment, Portfolio Management, Pensions and Funds|Insurance Carriers and Agencies|Finance and Insurance|"
58574,ISP,"Finance and Insurance|Investment, Portfolio Management, Pensions and Funds|Insurance Carriers and Agencies|"
58593,ISP,Content|Computer and Information Technology|Internet Service Provider (ISP)|Not Validating RPKI ROV
58741,Other,Computer and Information Technology|
58769,Other,Other|
58770,Other,Other|
58771,Other,Other|
58772,Other,"Finance and Insurance|Agriculture, Mining, and Refineries (Farming, Greenhouses, Mining, Forestry, and Animal Farming)|Banks, Credit Card Companies, Mortgage Providers|Investment, Portfolio Management, Pensions and Funds"
58773,Other,"Media, Publishing, and Broadcasting|Print Media (Newspapers, Magazines, Books)|"
58774,Government,"Government and Regulatory Agencies, Administrations, Departments, and Services|Government and Public Administration|"
58775,Other,"Print Media (Newspapers, Magazines, Books)|Media, Publishing, and Broadcasting|"
58776,Other,Computer and Information Technology|
58777,Other,Computer and Information Technology|
58811,Other,"Social Assistance (Temporary Shelters, Emergency Relief, Child Day Care, etc)|Service|"
58827,Other,Computer and Information Technology|
58828,Academic/Edu,Education and Research|Research and Development Organizations|
58829,Other,"Retail Stores, Wholesale, and E-commerce Sites|"
58830,Other,Computer and Information Technology|
58831,Other,"Media, Publishing, and Broadcasting|"
58832,Unknown,
58833,Other,Buildings (Residential or Commercial)|Construction and Real Estate|
58834,ISP,Computer and Information Technology|Internet Service Provider (ISP)|Software Development|
58835,Other,Computer and Information Technology|
58836,Other,"Retail Stores, Wholesale, and E-commerce Sites|"
58837,Other,Computer and Information Technology|
58838,Other,"Retail Stores, Wholesale, and E-commerce Sites|"
58839,Other,Phone Provider|Computer and Information Technology|
58840,Academic/Edu,Education and Research|Research and Development Organizations|
58841,Other,Computer and Information Technology|
58842,Other,"Museums, Libraries, and Entertainment|"
58843,Other,Computer and Information Technology|
58844,Content/CDN,Software Development|Hosting and Cloud Provider|Computer and Information Technology|
58845,Unknown,
58846,Unknown,
58847,Enterprise,"Service|Law, Business, and Consulting Services|"
58848,Other,"Retail Stores, Wholesale, and E-commerce Sites|Software Development|Computer and Information Technology|"
58849,ISP,Internet Service Provider (ISP)|Computer and Information Technology|
58850,ISP,Internet Service Provider (ISP)|Computer and Information Technology|
58851,Other,Computer and Information Technology|Software Development|
58852,ISP,Computer and Information Technology|Internet Service Provider (ISP)|
58853,Other,"Retail Stores, Wholesale, and E-commerce Sites|"
58854,ISP,Hosting and Cloud Provider|Computer and Information Technology|Software Development|Internet Service Provider (ISP)
58855,ISP,Computer and Information Technology|Internet Service Provider (ISP)|
58856,ISP,"Internet Service Provider (ISP)|Software Development|Computer and Information Technology|Retail Stores, Wholesale, and E-commerce Sites"
58857,Other,Computer and Information Technology|
58858,ISP,Software Development|Internet Service Provider (ISP)|Computer and Information Technology|
58859,Other,Manufacturing|Electronics and Computer Components|
58860,ISP,Internet Service Provider (ISP)|Computer and Information Technology|
58861,Academic/Edu,Elementary and Secondary Schools|Education and Research|
58862,Other,Other|Software Development|Computer and Information Technology|
58863,ISP,Internet Service Provider (ISP)|Computer and Information Technology|Validating RPKI ROV|
58864,Other,"Retail Stores, Wholesale, and E-commerce Sites|"
58865,Enterprise,"Service|Law, Business, and Consulting Services|"
58866,Other,Computer and Information Technology|Software Development|
58879,ISP,Eyeball|Internet Service Provider (ISP)|Computer and Information Technology|
58888,ISP,Hosting and Cloud Provider|Internet Service Provider (ISP)|Computer and Information Technology|
58908,Academic/Edu,Education and Research|Research and Development Organizations|
58991,Other,"Agriculture, Mining, and Refineries (Farming, Greenhouses, Mining, Forestry, and Animal Farming)|"
58992,Other,"Music and Video Industry|Online Music and Video Streaming Services|Media, Publishing, and Broadcasting|"
58993,ISP,Software Development|Internet Service Provider (ISP)|Computer and Information Technology|
58994,Other,Computer and Information Technology|
58995,Unknown,
58996,Enterprise,"Service|Law, Business, and Consulting Services|"
58997,Content/CDN,Hosting and Cloud Provider|Computer and Information Technology|
58998,Content/CDN,Hosting and Cloud Provider|Computer and Information Technology|
58999,Other,Software Development|Computer and Information Technology|
59000,Other,Computer and Information Technology|
59001,Other,"Retail Stores, Wholesale, and E-commerce Sites|"
59002,ISP,Internet Service Provider (ISP)|Computer and Information Technology|
59003,Other,Software Development|Computer and Information Technology|
59004,Other,Computer and Information Technology|
59005,Other,Computer and Information Technology|
59006,ISP,Computer and Information Technology|Internet Service Provider (ISP)|
59007,Other,Computer and Information Technology|
59008,ISP,"Online Music and Video Streaming Services|Internet Service Provider (ISP)|Media, Publishing, and Broadcasting|Computer and Information Technology"
59009,Other,"Online Music and Video Streaming Services|Media, Publishing, and Broadcasting|Music and Video Industry|"
59010,Other,"Retail Stores, Wholesale, and E-commerce Sites|"
59011,Other,"Retail Stores, Wholesale, and E-commerce Sites|"
59012,Enterprise,"Freight, Shipment, and Postal Services|Manufacturing|Food, Beverage, and Tobacco|Service"
59013,Unknown,
59014,ISP,Computer and Information Technology|Software Development|Internet Service Provider (ISP)|Hosting and Cloud Provider
59015,Other,"Retail Stores, Wholesale, and E-commerce Sites|"
59016,Other,"Radio and Television Providers|Media, Publishing, and Broadcasting|"
59017,Academic/Edu,"Other Schools, Instruction, and Exam Preparation (Trade Schools, Art Schools, Driving Instruction, etc.)|Education and Research|"
59018,Unknown,
59019,ISP,"Tranco 10k Host|Retail Stores, Wholesale, and E-commerce Sites|Software Development|Internet Service Provider (ISP)"
59020,ISP,Hosting and Cloud Provider|Software Development|Service|Computer and Information Technology
59021,Other,"Retail Stores, Wholesale, and E-commerce Sites|"
59022,Other,"Music and Video Industry|Media, Publishing, and Broadcasting|Online Music and Video Streaming Services|"
59023,ISP,Computer and Information Technology|Internet Service Provider (ISP)|
59024,Other,"Media, Publishing, and Broadcasting|Music and Video Industry|Online Music and Video Streaming Services|"
59025,ISP,"Retail Stores, Wholesale, and E-commerce Sites|Software Development|Search|Internet Service Provider (ISP)"
59026,Enterprise,"Law, Business, and Consulting Services|Service|Investment, Portfolio Management, Pensions and Funds|Media, Publishing, and Broadcasting"
59027,ISP,Internet Service Provider (ISP)|Computer and Information Technology|
59028,Other,Service|
59029,Enterprise,"Online Informational Content|Media, Publishing, and Broadcasting|Service|Radio and Television Providers"
59030,Other,Electronics and Computer Components|Manufacturing|
59031,Other,Computer and Information Technology|Software Development|
59032,Other,Computer and Information Technology|
59033,ISP,Internet Service Provider (ISP)|Computer and Information Technology|
59034,Other,Computer and Information Technology|Software Development|
59035,Other,Software Development|Computer and Information Technology|
59036,Unknown,
59037,Content/CDN,Computer and Information Technology|Hosting and Cloud Provider|Software Development|
59038,Other,"Media, Publishing, and Broadcasting|"
59039,Enterprise,"Service|Media, Publishing, and Broadcasting|Music and Video Industry|Law, Business, and Consulting Services"
59040,Other,"Retail Stores, Wholesale, and E-commerce Sites|"
59041,ISP,Computer and Information Technology|Internet Service Provider (ISP)|
59042,Unknown,
59043,ISP,Computer and Network Security|Computer and Information Technology|Internet Service Provider (ISP)|Not Validating RPKI ROV
59044,Other,"Search|Computer and Information Technology|Software Development|Retail Stores, Wholesale, and E-commerce Sites"
59045,Content/CDN,Not Validating RPKI ROV|Computer and Information Technology|Hosting and Cloud Provider|
59046,ISP,Computer and Information Technology|Internet Service Provider (ISP)|
59047,Other,Computer and Information Technology|
59048,ISP,Software Development|Internet Service Provider (ISP)|Computer and Information Technology|
59049,Other,"Retail Stores, Wholesale, and E-commerce Sites|"
59050,ISP,"Computer and Information Technology|Retail Stores, Wholesale, and E-commerce Sites|Software Development|Internet Service Provider (ISP)"
59051,Other,Service|
59052,Other,Service|
59053,Other,Service|
59054,Other,Service|
59055,Other,Service|
59056,Other,Computer and Information Technology|
59057,ISP,"Community Groups and Nonprofits|Media, Publishing, and Broadcasting|Music and Video Industry|Online Music and Video Streaming Services"
59058,Other,Computer and Information Technology|Software Development|
59059,Other,Computer and Information Technology|
59060,Other,"Electric Power Generation, Transmission, Distribution|Utilities (Excluding Internet Service)|"
59061,Other,Automotive and Transportation|Manufacturing|
59062,Other,"Retail Stores, Wholesale, and E-commerce Sites|"
59063,Other,Manufacturing|Electronics and Computer Components|
59064,Other,"Music and Video Industry|Museums, Libraries, and Entertainment|Computer and Information Technology|Radio and Television Providers"
59065,Content/CDN,"Finance and Insurance|Software Development|Law, Business, and Consulting Services|Investment, Portfolio Management, Pensions and Funds"
59066,Other,Software Development|Computer and Information Technology|
59067,Enterprise,"Service|Other|Law, Business, and Consulting Services|Computer and Information Technology"
59068,Other,"Finance and Insurance|Banks, Credit Card Companies, Mortgage Providers|"
59069,Other,"Online Informational Content|Manufacturing|Media, Publishing, and Broadcasting|"
59070,Content/CDN,Computer and Information Technology|Hosting and Cloud Provider|
59071,Unknown,
59072,Other,Computer and Information Technology|Software Development|
59073,Other,"Finance and Insurance|Investment, Portfolio Management, Pensions and Funds|Banks, Credit Card Companies, Mortgage Providers|"
59074,ISP,Finance and Insurance|Insurance Carriers and Agencies|
59075,ISP,Software Development|Computer and Information Technology|Internet Service Provider (ISP)|
59076,Other,Service|
59077,ISP,Internet Service Provider (ISP)|Hosting and Cloud Provider|Service|Software Development
59078,ISP,Internet Service Provider (ISP)|Computer and Information Technology|
59079,Other,"Media, Publishing, and Broadcasting|Music and Video Industry|Online Music and Video Streaming Services|"
59080,ISP,Internet Service Provider (ISP)|Computer and Information Technology|
59081,Other,Software Development|Computer and Information Technology|
59082,Other,Computer and Information Technology|
59083,Other,Computer and Information Technology|
59084,Other,Software Development|Computer and Information Technology|
59085,Other,"Online Music and Video Streaming Services|Media, Publishing, and Broadcasting|Music and Video Industry|"
59086,Other,Computer and Information Technology|
59087,Other,Service|
59088,Other,Service|
59089,ISP,"Computer and Information Technology|Radio and Television Providers|Media, Publishing, and Broadcasting|Internet Service Provider (ISP)"
59090,ISP,Computer and Information Technology|Internet Service Provider (ISP)|
145631,Unknown,
59201,Academic/Edu,"Colleges, Universities, and Professional Schools|Education and Research|Not Validating RPKI ROV|"
59223,Other,"Media, Publishing, and Broadcasting|Music and Video Industry|Online Music and Video Streaming Services|"
59224,Other,"Media, Publishing, and Broadcasting|Music and Video Industry|Online Music and Video Streaming Services|"
59225,Other,"Music and Video Industry|Online Music and Video Streaming Services|Media, Publishing, and Broadcasting|"
59226,Other,"Music and Video Industry|Online Music and Video Streaming Services|Media, Publishing, and Broadcasting|"
59227,Other,"Music and Video Industry|Media, Publishing, and Broadcasting|Online Music and Video Streaming Services|"
59228,Other,"Music and Video Industry|Online Music and Video Streaming Services|Media, Publishing, and Broadcasting|"
59229,Other,"Finance and Insurance|Investment, Portfolio Management, Pensions and Funds|"
59230,Other,"Media, Publishing, and Broadcasting|Music and Video Industry|Online Music and Video Streaming Services|"
59231,Other,"Media, Publishing, and Broadcasting|Music and Video Industry|Online Music and Video Streaming Services|"
59232,ISP,"Insurance Carriers and Agencies|Finance and Insurance|Investment, Portfolio Management, Pensions and Funds|"
59233,Other,"Music and Video Industry|Online Music and Video Streaming Services|Media, Publishing, and Broadcasting|"
59265,Other,"Freight, Shipment, and Postal Services|"
59293,Enterprise,"Service|Law, Business, and Consulting Services|"
59294,Other,Computer and Information Technology|
59296,Other,"Finance and Insurance|Investment, Portfolio Management, Pensions and Funds|"
59297,Other,"Utilities (Excluding Internet Service)|Electric Power Generation, Transmission, Distribution|"
59298,Other,"Utilities (Excluding Internet Service)|Electric Power Generation, Transmission, Distribution|"
59299,Other,Computer and Information Technology|
59300,Other,"Investment, Portfolio Management, Pensions and Funds|Finance and Insurance|"
59301,Other,"Retail Stores, Wholesale, and E-commerce Sites|"
59302,Other,Water Supply and Irrigation|Utilities (Excluding Internet Service)|
59303,ISP,Insurance Carriers and Agencies|Finance and Insurance|
59304,Other,Computer and Information Technology|
59305,Other,Computer and Information Technology|
59306,Enterprise,"Service|Law, Business, and Consulting Services|"
59307,Other,Utilities (Excluding Internet Service)|Steam and Air-Conditioning Supply|
59308,Other,"Retail Stores, Wholesale, and E-commerce Sites|"
59309,Other,"Investment, Portfolio Management, Pensions and Funds|Finance and Insurance|"
59310,Other,Real Estate (Residential and/or Commercial)|Construction and Real Estate|
59311,Other,Computer and Information Technology|
59312,Other,"Investment, Portfolio Management, Pensions and Funds|Finance and Insurance|"
59313,Other,Computer and Information Technology|
59314,Other,"Finance and Insurance|Investment, Portfolio Management, Pensions and Funds|"
59384,ISP,"Finance and Insurance|Investment, Portfolio Management, Pensions and Funds|Insurance Carriers and Agencies|"
59385,Unknown,
59386,Unknown,
59387,Unknown,
59388,Unknown,
59389,Unknown,
59390,Unknown,
59391,Unknown,
145683,Unknown,
145686,Unknown,
60666,Other,"Retail Stores, Wholesale, and E-commerce Sites|Freight, Shipment, and Postal Services|Food, Beverage, and Tobacco|Manufacturing"
145727,Unknown,
62230,Enterprise,"Service|Law, Business, and Consulting Services|Media, Publishing, and Broadcasting|Music and Video Industry"
142729,Unknown,
45056,Other,"Media, Publishing, and Broadcasting|Online Music and Video Streaming Services|"
45057,ISP,Internet Service Provider (ISP)|Computer and Information Technology|Eyeball|
45058,Enterprise,"Construction and Real Estate|Civil Engineering Construction (Utility Lines, Roads and Bridges)|Law, Business, and Consulting Services|Service"
45060,ISP,Computer and Information Technology|Internet Service Provider (ISP)|
45061,ISP,"Server Hosting|Internet Service Provider (ISP)|Computer and Information Technology|Retail Stores, Wholesale, and E-commerce Sites"
45062,ISP,Eyeball|Software Development|Internet Service Provider (ISP)|Computer and Information Technology
45063,Unknown,
45064,ISP,Construction and Real Estate|Internet Service Provider (ISP)|Real Estate (Residential and/or Commercial)|Computer and Information Technology
45065,Unknown,
45066,Content/CDN,Computer and Information Technology|Computer and Network Security|Hosting and Cloud Provider|
45067,Other,"Music and Video Industry|Computer and Information Technology|Museums, Libraries, and Entertainment|Online Music and Video Streaming Services"
142761,Unknown,
45068,Other,Computer and Information Technology|
45069,ISP,Internet Service Provider (ISP)|Computer and Information Technology|
45070,Enterprise,"Service|Law, Business, and Consulting Services|"
45071,Other,Manufacturing|Clothing and Textiles|
45074,ISP,Computer and Information Technology|Internet Service Provider (ISP)|
45075,Other,"Radio and Television Providers|Online Music and Video Streaming Services|Media, Publishing, and Broadcasting|Online Informational Content"
45076,Other,Computer and Information Technology|Search|
45077,ISP,Internet Service Provider (ISP)|Education and Research|Computer and Information Technology|
45078,ISP,Service|Internet Service Provider (ISP)|Computer and Information Technology|Community Groups and Nonprofits
45079,Other,"Retail Stores, Wholesale, and E-commerce Sites|"
45080,Other,"Retail Stores, Wholesale, and E-commerce Sites|"
45081,Academic/Edu,"Colleges, Universities, and Professional Schools|Education and Research|"
45082,Other,Computer and Information Technology|Software Development|
45083,ISP,Computer and Information Technology|Internet Service Provider (ISP)|
45084,ISP,Internet Service Provider (ISP)|Computer and Information Technology|
45085,Other,Search|Computer and Information Technology|
45086,Other,"Retail Stores, Wholesale, and E-commerce Sites|"
45087,Other,"Retail Stores, Wholesale, and E-commerce Sites|"
45088,Other,Computer and Information Technology|
45089,Enterprise,"Law, Business, and Consulting Services|Service|"
45090,ISP,"Content|Museums, Libraries, and Entertainment|Service|Law, Business, and Consulting Services"
45091,Other,Computer and Information Technology|Software Development|
45092,ISP,Computer and Information Technology|Internet Service Provider (ISP)|
45093,Other,"Retail Stores, Wholesale, and E-commerce Sites|"
45094,ISP,Software Development|Internet Service Provider (ISP)|Hosting and Cloud Provider|Computer and Information Technology
45095,Other,Electronics and Computer Components|Manufacturing|
45096,Other,Software Development|Computer and Information Technology|
45097,ISP,Hosting and Cloud Provider|Computer and Network Security|Software Development|Computer and Information Technology
45098,ISP,"Software Development|Computer and Information Technology|Internet Service Provider (ISP)|Retail Stores, Wholesale, and E-commerce Sites"
45099,ISP,Internet Service Provider (ISP)|Hosting and Cloud Provider|Computer and Information Technology|
45102,Eyeball,Eyeball|Computer and Information Technology|Hosting and Cloud Provider|Software Development
45105,Other,Computer and Information Technology|
45106,Government,"Government and Public Administration|Government and Regulatory Agencies, Administrations, Departments, and Services|"
45107,Unknown,
45115,Unknown,
63530,ISP,Internet Service Provider (ISP)|Computer and Information Technology|
63531,ISP,Software Development|Internet Service Provider (ISP)|Computer and Information Technology|
63532,Other,"Retail Stores, Wholesale, and E-commerce Sites|"
63533,Other,Software Development|Computer and Information Technology|
63534,Other,"Retail Stores, Wholesale, and E-commerce Sites|"
63535,Other,Computer and Information Technology|
63536,Other,Computer and Information Technology|
63537,Other,Software Development|Computer and Information Technology|
63538,Other,Computer and Information Technology|
63539,Other,Computer and Information Technology|
63540,Other,"Music and Video Industry|Online Music and Video Streaming Services|Media, Publishing, and Broadcasting|"
63541,ISP,"Internet Service Provider (ISP)|Computer and Information Technology|Retail Stores, Wholesale, and E-commerce Sites|Software Development"
63542,ISP,"Software Development|Internet Service Provider (ISP)|Computer and Information Technology|Retail Stores, Wholesale, and E-commerce Sites"
63543,ISP,"Software Development|Internet Service Provider (ISP)|Computer and Information Technology|Retail Stores, Wholesale, and E-commerce Sites"
63544,Unknown,
63545,Other,Software Development|Computer and Information Technology|
63546,Other,Computer and Information Technology|Software Development|
63547,Other,Software Development|Computer and Information Technology|
63548,ISP,Electronics and Computer Components|Computer and Information Technology|Manufacturing|Internet Service Provider (ISP)
63549,Enterprise,"Law, Business, and Consulting Services|Service|"
63550,Other,Computer and Information Technology|
63551,Other,Computer and Information Technology|
63552,Other,"Metal, Glass, Wood, and Paper Manufacturing|Manufacturing|"
63553,Other,Computer and Information Technology|Software Development|
63554,Other,Software Development|Computer and Information Technology|
63555,ISP,Server Hosting|Internet Service Provider (ISP)|Computer and Information Technology|
63556,Other,Software Development|Computer and Information Technology|
63557,Academic/Edu,Research and Development Organizations|Education and Research|
63558,Other,"Media, Publishing, and Broadcasting|"
63559,Other,"Media, Publishing, and Broadcasting|"
63560,Other,"Retail Stores, Wholesale, and E-commerce Sites|"
63561,ISP,Computer and Information Technology|Software Development|Internet Service Provider (ISP)|
63562,Other,Computer and Information Technology|
63563,Other,Computer and Information Technology|
63564,ISP,Software Development|Computer and Information Technology|Internet Service Provider (ISP)|
63565,Other,Computer and Information Technology|
63566,ISP,Computer and Information Technology|Internet Service Provider (ISP)|
63567,Other,"Retail Stores, Wholesale, and E-commerce Sites|Software Development|Computer and Information Technology|"
63568,Other,Computer and Information Technology|
63569,Other,Computer and Information Technology|
63570,Unknown,
63571,ISP,Computer and Information Technology|Internet Service Provider (ISP)|
63572,ISP,Computer and Information Technology|Internet Service Provider (ISP)|
63573,ISP,Internet Service Provider (ISP)|Hosting and Cloud Provider|Computer and Information Technology|Software Development
63574,Other,Machinery|Manufacturing|
63575,Unknown,
63576,Unknown,
63577,Other,"Retail Stores, Wholesale, and E-commerce Sites|"
63578,ISP,Internet Service Provider (ISP)|Computer and Information Technology|
63579,Other,"Retail Stores, Wholesale, and E-commerce Sites|"
63580,Academic/Edu,Education and Research|Research and Development Organizations|Not Validating RPKI ROV|
63581,Other,"Media, Publishing, and Broadcasting|Radio and Television Providers|"
63582,Academic/Edu,"Internet Critical Infra|Colleges, Universities, and Professional Schools|Education and Research|"
63583,Academic/Edu,"Internet Critical Infra|Colleges, Universities, and Professional Schools|Education and Research|Anycast"
63584,ISP,Computer and Network Security|Computer and Information Technology|Internet Service Provider (ISP)|Hosting and Cloud Provider
63585,Enterprise,"Computer and Information Technology|Law, Business, and Consulting Services|Service|Retail Stores, Wholesale, and E-commerce Sites"
63586,ISP,Computer and Information Technology|Internet Service Provider (ISP)|
63587,Other,"Media, Publishing, and Broadcasting|"
63588,Other,"Computer and Information Technology|Museums, Libraries, and Entertainment|Software Development|"
63589,Other,Machinery|Manufacturing|
63590,ISP,Internet Service Provider (ISP)|Computer and Information Technology|Phone Provider|
63591,Other,Computer and Information Technology|Software Development|
63592,Other,"Media, Publishing, and Broadcasting|"
63593,Other,Computer and Information Technology|Manufacturing|Phone Provider|Electronics and Computer Components
63594,Unknown,
63595,Other,Electronics and Computer Components|Manufacturing|
63596,Unknown,
63597,Unknown,
63598,Other,Software Development|Computer and Information Technology|
63599,ISP,Software Development|Internet Service Provider (ISP)|Computer and Information Technology|
63600,ISP,Internet Service Provider (ISP)|Computer and Network Security|Computer and Information Technology|
63601,ISP,Computer and Information Technology|Internet Service Provider (ISP)|Computer and Network Security|
63602,Other,"Retail Stores, Wholesale, and E-commerce Sites|Clothing, Fashion, Luggage|"
63603,ISP,Computer and Information Technology|Internet Service Provider (ISP)|
63604,Unknown,
63605,Other,Computer and Information Technology|
63606,Enterprise,"Law, Business, and Consulting Services|Service|"
63607,Other,Computer and Information Technology|
63608,Unknown,
63609,Other,Computer and Information Technology|
63610,Other,Electronics and Computer Components|Manufacturing|
63611,ISP,"Software Development|Internet Service Provider (ISP)|Computer and Information Technology|Retail Stores, Wholesale, and E-commerce Sites"
63612,ISP,Internet Service Provider (ISP)|Computer and Information Technology|
63613,Unknown,
63614,ISP,Internet Service Provider (ISP)|Computer and Information Technology|Hosting and Cloud Provider|Computer and Network Security
63615,ISP,Internet Service Provider (ISP)|Computer and Information Technology|Service|
63616,Enterprise,"Service|Law, Business, and Consulting Services|Retail Stores, Wholesale, and E-commerce Sites|"
63617,Enterprise,"Retail Stores, Wholesale, and E-commerce Sites|Service|Freight, Shipment, and Postal Services|Law, Business, and Consulting Services"
63618,Other,Computer and Information Technology|
63619,ISP,"Internet Service Provider (ISP)|Computer and Information Technology|Retail Stores, Wholesale, and E-commerce Sites|Search"
63620,ISP,Internet Service Provider (ISP)|Computer and Information Technology|Eyeball|
63621,Other,"Radio and Television Providers|Media, Publishing, and Broadcasting|"
63622,Content/CDN,Computer and Information Technology|Hosting and Cloud Provider|
63623,Unknown,
63624,Unknown,
63625,Unknown,
63626,Unknown,
63627,Other,"Media, Publishing, and Broadcasting|Music and Video Industry|Online Music and Video Streaming Services|Software Development"
63628,Other,Computer and Information Technology|Software Development|
63629,Other,"Not Validating RPKI ROV|Online Music and Video Streaming Services|Automotive and Transportation|Media, Publishing, and Broadcasting"
63630,Other,Buildings (Residential or Commercial)|Construction and Real Estate|
63631,ISP,Computer and Information Technology|Internet Service Provider (ISP)|
63632,Other,"Media, Publishing, and Broadcasting|"
63633,Academic/Edu,Education and Research|Research and Development Organizations|
63634,Other,Computer and Information Technology|
63635,ISP,Software Development|Computer and Information Technology|Internet Service Provider (ISP)|
63636,ISP,Internet Service Provider (ISP)|Computer and Information Technology|
63637,Other,Computer and Information Technology|
63638,ISP,Internet Service Provider (ISP)|Computer and Information Technology|
63639,ISP,Internet Service Provider (ISP)|Computer and Information Technology|
63640,Other,Computer and Information Technology|
63641,Enterprise,"Law, Business, and Consulting Services|Service|"
63642,ISP,Internet Service Provider (ISP)|Computer and Information Technology|
63643,Unknown,
63644,Other,"Service|Retail Stores, Wholesale, and E-commerce Sites|Health Care Services|"
63645,Unknown,
63646,Content/CDN,Software Development|Computer and Information Technology|Automotive and Transportation|Manufacturing
63647,Other,Computer and Information Technology|
63648,Content/CDN,Tranco 10k Host|Manufacturing|Computer and Information Technology|Automotive and Transportation
63649,Other,Computer and Information Technology|Software Development|
63650,Other,Computer and Information Technology|
63651,Other,Service|
63652,Unknown,
63653,Other,"Retail Stores, Wholesale, and E-commerce Sites|"
63654,Other,"Computer and Information Technology|Retail Stores, Wholesale, and E-commerce Sites|Computer and Network Security|Software Development"
63655,ISP,"Software Development|Military, Defense, National Security, and International Affairs|Phone Provider|Hosting and Cloud Provider"
63656,Other,Computer and Information Technology|Software Development|
63657,Other,Software Development|Computer and Information Technology|
63658,Other,Software Development|Computer and Information Technology|
63659,ISP,Computer and Information Technology|Internet Service Provider (ISP)|
63660,Other,Computer and Information Technology|Software Development|
63661,ISP,Software Development|Internet Service Provider (ISP)|Computer and Information Technology|
63662,Enterprise,"Media, Publishing, and Broadcasting|Finance and Insurance|Service|Law, Business, and Consulting Services"
63663,Other,Machinery|Manufacturing|
63664,Other,Computer and Information Technology|
63665,ISP,Computer and Information Technology|Software Development|Internet Service Provider (ISP)|
63666,Enterprise,"Software Development|Service|Computer and Information Technology|Law, Business, and Consulting Services"
63667,Other,Software Development|Manufacturing|Computer and Information Technology|Electronics and Computer Components
63668,Other,"Banks, Credit Card Companies, Mortgage Providers|Finance and Insurance|"
63669,Other,"Banks, Credit Card Companies, Mortgage Providers|Finance and Insurance|"
63670,Unknown,
63671,Other,Computer and Information Technology|
63672,Other,"Media, Publishing, and Broadcasting|Online Music and Video Streaming Services|Music and Video Industry|"
63673,Government,"Travel and Accommodation|Government and Regulatory Agencies, Administrations, Departments, and Services|Online Informational Content|Government and Public Administration"
63674,Other,Software Development|Computer and Information Technology|
63675,Other,Computer and Information Technology|
63676,Content/CDN,Computer and Information Technology|Hosting and Cloud Provicer|Hosting and Cloud Provider|
63677,ISP,Computer and Information Technology|Internet Service Provider (ISP)|Software Development|
63678,ISP,Computer and Information Technology|Internet Service Provider (ISP)|
63679,ISP,Software Development|Computer and Information Technology|Internet Service Provider (ISP)|Validating RPKI ROV
63680,ISP,Internet Service Provider (ISP)|Computer and Information Technology|
63681,ISP,Computer and Information Technology|Internet Service Provider (ISP)|Software Development|
63682,ISP,Computer and Information Technology|Internet Service Provider (ISP)|
63683,Other,"Retail Stores, Wholesale, and E-commerce Sites|"
63684,Enterprise,"Law, Business, and Consulting Services|Service|Computer and Information Technology|"
63685,Content/CDN,Hosting and Cloud Provider|Hosting and Cloud Provicer|Software Development|Computer and Information Technology
63686,Other,"Radio and Television Providers|Media, Publishing, and Broadcasting|"
63687,Other,Computer and Information Technology|
63688,Content/CDN,Software Development|Hosting and Cloud Provider|Computer and Information Technology|Hosting and Cloud Provicer
63689,ISP,Computer and Information Technology|Internet Service Provider (ISP)|
63690,ISP,Internet Service Provider (ISP)|Computer and Information Technology|
63691,ISP,Computer and Information Technology|Internet Service Provider (ISP)|
63692,Other,Software Development|Computer and Information Technology|
63693,Other,Computer and Information Technology|
63694,Other,Computer and Information Technology|Software Development|
63695,Content/CDN,"Hosting and Cloud Provider|Retail Stores, Wholesale, and E-commerce Sites|Computer and Information Technology|"
63696,Other,"Manufacturing|Computer and Information Technology|Electronics and Computer Components|Buildings, Repair, Maintenance (Pest Control, Landscaping, Cleaning, Locksmiths, Car Washes, etc)"
63697,Other,"Buildings, Repair, Maintenance (Pest Control, Landscaping, Cleaning, Locksmiths, Car Washes, etc)|Electronics and Computer Components|Service|Software Development"
63698,Other,Software Development|Computer and Information Technology|
63699,Enterprise,"Service|Law, Business, and Consulting Services|"
63700,Other,"Finance and Insurance|Banks, Credit Card Companies, Mortgage Providers|"
63701,ISP,"Computer and Information Technology|Media, Publishing, and Broadcasting|Human Rights and Social Advocacy (Human Rights, Environment and Wildlife Conservation, Other)|Community Groups and Nonprofits"
63702,ISP,Service|Computer and Information Technology|Internet Service Provider (ISP)|
63703,Other,Service|
63704,ISP,Computer and Information Technology|Internet Service Provider (ISP)|
63705,Other,"Retail Stores, Wholesale, and E-commerce Sites|"
63706,Academic/Edu,Research and Development Organizations|Education and Research|
63707,Other,"Retail Stores, Wholesale, and E-commerce Sites|"
63708,ISP,Internet Service Provider (ISP)|Computer and Information Technology|
63709,Other,Computer and Information Technology|
63710,Unknown,
63711,ISP,Computer and Information Technology|Internet Service Provider (ISP)|
63712,ISP,Computer and Information Technology|Internet Service Provider (ISP)|
63713,ISP,Internet Service Provider (ISP)|Computer and Information Technology|
63714,ISP,Computer and Information Technology|Internet Service Provider (ISP)|
63715,ISP,Internet Service Provider (ISP)|Computer and Information Technology|
63716,ISP,Internet Service Provider (ISP)|Computer and Information Technology|
63717,Unknown,
63718,Other,Software Development|Computer and Information Technology|
63719,ISP,Education and Research|Computer and Information Technology|Internet Service Provider (ISP)|
63720,Other,Computer and Information Technology|
63721,Enterprise,"Service|Law, Business, and Consulting Services|"
63722,ISP,Software Development|Internet Service Provider (ISP)|Computer and Information Technology|
63723,Unknown,
63724,Unknown,
63725,Enterprise,"Service|Law, Business, and Consulting Services|"
63726,ISP,Computer and Information Technology|Internet Service Provider (ISP)|
63727,ISP,Software Development|Computer and Information Technology|Internet Service Provider (ISP)|Hosting and Cloud Provider
63728,Other,Computer and Information Technology|Search|
63729,Other,Computer and Information Technology|Search|
63810,Other,Computer and Information Technology|
63811,ISP,Finance and Insurance|Insurance Carriers and Agencies|
63812,Other,"Investment, Portfolio Management, Pensions and Funds|Finance and Insurance|"
63813,Other,Computer and Information Technology|
63814,Other,Computer and Information Technology|
63815,Other,"Investment, Portfolio Management, Pensions and Funds|Finance and Insurance|"
63816,Other,"Finance and Insurance|Investment, Portfolio Management, Pensions and Funds|"
63817,Other,"Investment, Portfolio Management, Pensions and Funds|Finance and Insurance|"
63818,Other,"Finance and Insurance|Investment, Portfolio Management, Pensions and Funds|"
63819,Enterprise,"Service|Law, Business, and Consulting Services|"
63820,Enterprise,"Service|Law, Business, and Consulting Services|"
63821,ISP,Finance and Insurance|Insurance Carriers and Agencies|
63822,Other,Computer and Information Technology|
63823,Other,Computer and Information Technology|
63824,Enterprise,"Service|Law, Business, and Consulting Services|"
63825,Other,"Finance and Insurance|Investment, Portfolio Management, Pensions and Funds|"
63828,Other,Software Development|Computer and Information Technology|
63829,Other,"Media, Publishing, and Broadcasting|"
63833,Other,Software Development|Computer and Information Technology|
63835,ISP,Tranco 10k Host|Internet Service Provider (ISP)|Computer and Information Technology|Not Validating RPKI ROV
63836,ISP,Internet Service Provider (ISP)|Computer and Information Technology|
63837,ISP,Internet Service Provider (ISP)|Computer and Information Technology|
63838,ISP,Internet Service Provider (ISP)|Computer and Information Technology|
63918,ISP,Internet Service Provider (ISP)|Computer and Information Technology|Hosting and Cloud Provider|
63959,ISP,Eyeball|Computer and Information Technology|Internet Service Provider (ISP)|Not Validating RPKI ROV
63999,Other,Software Development|Computer and Information Technology|
64021,Content/CDN,Computer and Information Technology|Hosting and Cloud Provider|
143050,Unknown,
143120,Unknown,
143121,Unknown,
145858,Unknown,
143176,Unknown,
143194,Unknown,
143195,Unknown,
