asn,category,tags
196608,ISP,Hosting and Cloud Provider|Computer and Information Technology|Internet Service Provider (ISP)|
57345,Other,"Utilities (Excluding Internet Service)|Agriculture, Mining, and Refineries (Farming, Greenhouses, Mining, Forestry, and Animal Farming)|"
196609,Academic/Edu,"Education and Research|Retail Stores, Wholesale, and E-commerce Sites|Computer and Information Technology|"
196610,ISP,Validating RPKI ROV|Internet Service Provider (ISP)|Computer and Information Technology|
8196,ISP,Internet Service Provider (ISP)|Computer and Information Technology|Hosting and Cloud Provider|
24581,Content/CDN,Hosting and Cloud Provider|Computer and Information Technology|
24582,ISP,Software Development|Computer and Information Technology|Internet Service Provider (ISP)|
40967,Other,"Software Development|Computer and Information Technology|Freight, Shipment, and Postal Services|"
196612,ISP,Internet Service Provider (ISP)|Computer and Information Technology|
49161,Other,Machinery|Manufacturing|
57353,ISP,Eyeball|Computer and Information Technology|Internet Service Provider (ISP)|Not Validating RPKI ROV
40971,Other,"Computer and Information Technology|Media, Publishing, and Broadcasting|Music and Video Industry|Software Development"
8204,ISP,Computer and Information Technology|Internet Service Provider (ISP)|
196616,ISP,Internet Service Provider (ISP)|Computer and Information Technology|
24590,ISP,"Internet Service Provider (ISP)|Service|Law, Business, and Consulting Services|Computer and Information Technology"
49166,Other,"Service|Buildings (Residential or Commercial)|Civil Engineering Construction (Utility Lines, Roads and Bridges)|Buildings, Repair, Maintenance (Pest Control, Landscaping, Cleaning, Locksmiths, Car Washes, etc)"
8208,ISP,Validating RPKI ROV|Software Development|Construction and Real Estate|Internet Service Provider (ISP)
40976,Other,Computer and Information Technology|
57358,Content/CDN,"Server Hosting|Freight, Shipment, and Postal Services|"
196624,Other,Construction and Real Estate|Service|Real Estate (Residential and/or Commercial)|
213003,Other,Health Care Services|Personal ASN|
24603,ISP,Validating RPKI ROV|Computer and Information Technology|Internet Service Provider (ISP)|
28,Eyeball,Research and Development Organizations|Education and Research|Community Groups and Nonprofits|Eyeball
40988,Content/CDN,Not Validating RPKI ROV|Hosting and Cloud Provider|Computer and Information Technology|Software Development
8222,ISP,Internet Service Provider (ISP)|Computer and Information Technology|
24606,Government,"Government and Public Administration|Computer and Information Technology|Service|Law, Business, and Consulting Services"
57376,Other,"Clothing, Fashion, Luggage|Retail Stores, Wholesale, and E-commerce Sites|"
196636,Other,"Service|Investment, Portfolio Management, Pensions and Funds|Finance and Insurance|"
213027,Other,Community Groups and Nonprofits|
40999,ISP,Computer and Information Technology|Internet Service Provider (ISP)|
49192,ISP,Internet Service Provider (ISP)|Computer and Information Technology|
213033,Other,"Civil Engineering Construction (Utility Lines, Roads and Bridges)|Construction and Real Estate|"
57395,Other,Not Validating RPKI ROV|Computer and Information Technology|Software Development|
57399,ISP,Software Development|Construction and Real Estate|Internet Service Provider (ISP)|Computer and Information Technology
24632,ISP,Internet Service Provider (ISP)|Computer and Information Technology|
139321,ISP,Hosting and Cloud Provider|Computer and Information Technology|Internet Service Provider (ISP)|Content
213049,ISP,Computer and Information Technology|Internet Service Provider (ISP)|
24635,ISP,Software Development|Computer and Information Technology|Internet Service Provider (ISP)|Service
24637,ISP,"Carrier|Service|Retail Stores, Wholesale, and E-commerce Sites|Internet Service Provider (ISP)"
24639,Academic/Edu,Education and Research|Research and Development Organizations|Validating RPKI ROV|
24640,ISP,"Internet Service Provider (ISP)|Retail Stores, Wholesale, and E-commerce Sites|Computer and Information Technology|"
57407,ISP,Validating RPKI ROV|Software Development|Computer and Information Technology|Internet Service Provider (ISP)
213056,ISP,Software Development|Internet Service Provider (ISP)|Computer and Information Technology|
204867,Other,"Retail Stores, Wholesale, and E-commerce Sites|"
49220,Other,Validating RPKI ROV|Software Development|Computer and Information Technology|
213062,Enterprise,"Retail Stores, Wholesale, and E-commerce Sites|Hospitals and Medical Centers|Law, Business, and Consulting Services|Service"
213064,Other,"Machinery|Service|Manufacturing|Freight, Shipment, and Postal Services"
49225,Other,Community Groups and Nonprofits|
8268,ISP,Internet Service Provider (ISP)|Computer and Information Technology|
204877,ISP,Internet Service Provider (ISP)|Computer and Information Technology|Research and Development Organizations|Education and Research
213068,Academic/Edu,"Education and Research|Colleges, Universities, and Professional Schools|"
41040,ISP,Internet Service Provider (ISP)|Computer and Information Technology|Hosting and Cloud Provider|
24657,ISP,Server Hosting|Internet Service Provider (ISP)|Electronics and Computer Components|Service
49234,Content/CDN,Government|Service|Computer and Information Technology|Hosting and Cloud Provider
204881,Unknown,
204883,Other,Computer and Information Technology|Personal ASN|
213314,ISP,Service|Computer and Information Technology|Internet Service Provider (ISP)|
196694,Other,"Agriculture, Mining, and Refineries (Farming, Greenhouses, Mining, Forestry, and Animal Farming)|Food, Beverage, and Tobacco|Food, Grocery, Beverages|Freight, Shipment, and Postal Services"
57433,ISP,Validating RPKI ROV|Internet Service Provider (ISP)|Computer and Information Technology|
57437,Content/CDN,"Finance and Insurance|Hosting and Cloud Provider|Service|Banks, Credit Card Companies, Mortgage Providers"
213087,Other,Computer and Information Technology|
8292,ISP,Software Development|Internet Service Provider (ISP)|Computer and Information Technology|Hosting and Cloud Provider
24676,ISP,Hosting and Cloud Provider|Software Development|Education and Research|Computer and Information Technology
24679,ISP,Content|Computer and Information Technology|Internet Service Provider (ISP)|Validating RPKI ROV
213097,Other,Buildings (Residential or Commercial)|Construction and Real Estate|Real Estate (Residential and/or Commercial)|
196714,ISP,Home ISP|Computer and Information Technology|Internet Service Provider (ISP)|Not Validating RPKI ROV
8303,Academic/Edu,"Online Informational Content|Museums, Libraries, and Entertainment|Radio and Television Providers|Government and Public Administration"
204911,Other,Content|Community Groups and Nonprofits|ToR Services|
204913,ISP,Internet Service Provider (ISP)|Computer and Information Technology|
213105,Other,"Buildings, Repair, Maintenance (Pest Control, Landscaping, Cleaning, Locksmiths, Car Washes, etc)|Service|Freight, Shipment, and Postal Services|Trucking"
213106,Other,Community Groups and Nonprofits|Not Validating RPKI ROV|
41078,ISP,Internet Service Provider (ISP)|Computer and Information Technology|
49274,Other,Software Development|Computer and Information Technology|Manufacturing|Health Care Services
49275,ISP,"Internet Service Provider (ISP)|Computer and Information Technology|Freight, Shipment, and Postal Services|Software Development"
196731,Eyeball,Chemical and Pharmaceutical Manufacturing|Manufacturing|Validating RPKI ROV|Corporate/Enterprise
204924,ISP,Software Development|Computer and Information Technology|Internet Service Provider (ISP)|
41086,ISP,Internet Service Provider (ISP)|Service|Research and Development Organizations|Software Development
8319,ISP,Validating RPKI ROV|Internet Service Provider (ISP)|Computer and Information Technology|
213118,Enterprise,"Service|Law, Business, and Consulting Services|"
213125,ISP,Phone Provider|Software Development|Travel and Accommodation|Internet Service Provider (ISP)
213126,Other,Other|
41095,ISP,Carrier|Internet Service Provider (ISP)|Computer and Information Technology|Not Validating RPKI ROV
213127,Other,Service|Computer and Information Technology|Software Development|
57481,ISP,Computer and Information Technology|Internet Service Provider (ISP)|
49294,Other,"Metal, Glass, Wood, and Paper Manufacturing|Manufacturing|Machinery|Electronics and Computer Components"
204942,ISP,"Service|Internet Service Provider (ISP)|Computer and Information Technology|Law, Business, and Consulting Services"
49296,ISP,Not Validating RPKI ROV|Computer and Information Technology|Internet Service Provider (ISP)|
213136,ISP,"Computer and Information Technology|Internet Service Provider (ISP)|Media, Publishing, and Broadcasting|Service"
41108,ISP,Eyeball|Internet Service Provider (ISP)|Computer and Information Technology|Server Hosting
213140,Enterprise,"Service|Law, Business, and Consulting Services|Computer and Information Technology|Manufacturing"
41110,ISP,Home ISP|Internet Service Provider (ISP)|Computer and Information Technology|Validating RPKI ROV
213141,Other,Chemical and Pharmaceutical Manufacturing|Manufacturing|
196763,ISP,Computer and Information Technology|Internet Service Provider (ISP)|
8351,ISP,Validating RPKI ROV|Computer and Information Technology|Internet Service Provider (ISP)|
49312,Content/CDN,"Software Development|Computer and Information Technology|Media, Publishing, and Broadcasting|Hosting and Cloud Provider"
213151,Other,"Personal ASN|Service|Social Assistance (Temporary Shelters, Emergency Relief, Child Day Care, etc)|Community Groups and Nonprofits"
8354,Other,"Investment, Portfolio Management, Pensions and Funds|Finance and Insurance|Validating RPKI ROV|"
204965,Enterprise,"Real Estate (Residential and/or Commercial)|Service|Law, Business, and Consulting Services|Construction and Real Estate"
8360,ISP,"Finance and Insurance|Service|Insurance Carriers and Agencies|Law, Business, and Consulting Services"
49321,Other,"Construction and Real Estate|Metal, Glass, Wood, and Paper Manufacturing|Civil Engineering Construction (Utility Lines, Roads and Bridges)|Buildings (Residential or Commercial)"
213162,Government,"Military, Defense, National Security, and International Affairs|Computer and Information Technology|Software Development|Retail Stores, Wholesale, and E-commerce Sites"
8365,ISP,"Eyeball|Service|Computer and Information Technology|Retail Stores, Wholesale, and E-commerce Sites"
204977,Enterprise,"Service|Law, Business, and Consulting Services|Manufacturing|Retail Stores, Wholesale, and E-commerce Sites"
41139,ISP,Internet Service Provider (ISP)|Computer and Information Technology|
213171,Other,Computer and Information Technology|
8373,Enterprise,"Tranco 10k Host|Banks, Credit Card Companies, Mortgage Providers|Finance and Insurance|Not Validating RPKI ROV"
8375,ISP,"Server Hosting|Internet Service Provider (ISP)|Retail Stores, Wholesale, and E-commerce Sites|Computer and Information Technology"
24764,Other,"Software Development|Manufacturing|Computer and Information Technology|Retail Stores, Wholesale, and E-commerce Sites"
57533,Other,"Automotive and Transportation|Manufacturing|Retail Stores, Wholesale, and E-commerce Sites|Motor Vehicles and Parts"
24766,Enterprise,"Law, Business, and Consulting Services|Service|"
204989,ISP,Eyeball|Computer and Information Technology|Internet Service Provider (ISP)|Home ISP
57537,ISP,Computer and Information Technology|Internet Service Provider (ISP)|
8391,ISP,Eyeball|Technology Consulting Services|Computer and Information Technology|Internet Service Provider (ISP)
41163,ISP,Internet Service Provider (ISP)|Computer and Information Technology|Software Development|
57548,Other,Construction and Real Estate|Real Estate (Residential and/or Commercial)|
41167,ISP,Internet Service Provider (ISP)|Manufacturing|Computer and Information Technology|Electronics and Computer Components
213200,Other,"Computer and Information Technology|Retail Stores, Wholesale, and E-commerce Sites|Software Development|Content"
24786,Other,Validating RPKI ROV|Computer and Information Technology|Software Development|
57555,Other,Technology Consulting Services|Computer and Information Technology|
196819,ISP,Validating RPKI ROV|Internet Service Provider (ISP)|Computer and Information Technology|Not Validating RPKI ROV
8405,ISP,Internet Service Provider (ISP)|Computer and Information Technology|
49366,Other,Community Groups and Nonprofits|
213204,Other,"Print Media (Newspapers, Magazines, Books)|Media, Publishing, and Broadcasting|"
213209,Other,"Freight, Shipment, and Postal Services|"
41179,ISP,"Computer and Network Security|Military, Defense, National Security, and International Affairs|Software Development|Government and Public Administration"
205020,ISP,Software Development|Internet Service Provider (ISP)|Computer and Information Technology|
213211,Other,Construction and Real Estate|Buildings (Residential or Commercial)|
213213,Content/CDN,Hosting and Cloud Provider|Computer and Information Technology|Computer and Network Security|
8422,ISP,Eyeball|Computer and Information Technology|Internet Service Provider (ISP)|Not Validating RPKI ROV
57575,Other,"Not Validating RPKI ROV|Food, Grocery, Beverages|Retail Stores, Wholesale, and E-commerce Sites|Food Services and Drinking Places"
205033,Government,"Government and Public Administration|Government and Regulatory Agencies, Administrations, Departments, and Services|Government|"
205037,ISP,Software Development|Online Informational Content|Internet Service Provider (ISP)|Computer and Information Technology
205038,Content/CDN,Computer and Information Technology|Hosting and Cloud Provider|
213230,ISP,Content|Internet Service Provider (ISP)|Computer and Information Technology|Hosting and Cloud Provider
205042,ISP,Software Development|Internet Service Provider (ISP)|Computer and Information Technology|
213237,Other,"Service|Retail Stores, Wholesale, and E-commerce Sites|Personal ASN|"
205046,Academic/Edu,"Research and Development Organizations|Community Groups and Nonprofits|Computer and Information Technology|Human Rights and Social Advocacy (Human Rights, Environment and Wildlife Conservation, Other)"
213238,Government,"Government and Public Administration|Government and Regulatory Agencies, Administrations, Departments, and Services|Government|"
205050,Other,"Buildings, Repair, Maintenance (Pest Control, Landscaping, Cleaning, Locksmiths, Car Washes, etc)|Service|Buildings (Residential or Commercial)|Construction and Real Estate"
251,Other,Other|
213242,Content/CDN,Computer and Information Technology|Hosting and Cloud Provider|
41213,Other,"Manufacturing|Clothing, Fashion, Luggage|Retail Stores, Wholesale, and E-commerce Sites|"
24833,Other,"Construction and Real Estate|Banks, Credit Card Companies, Mortgage Providers|Real Estate (Residential and/or Commercial)|Finance and Insurance"
8450,Academic/Edu,"Education and Research|Colleges, Universities, and Professional Schools|Not Validating RPKI ROV|"
213249,Other,"Clothing, Fashion, Luggage|Retail Stores, Wholesale, and E-commerce Sites|"
24836,Other,"Software Development|Retail Stores, Wholesale, and E-commerce Sites|Computer and Information Technology|"
213250,Content/CDN,"Content|Retail Stores, Wholesale, and E-commerce Sites|Server Hosting|VPN Host"
8454,Eyeball,"Freight, Shipment, and Postal Services|Validating RPKI ROV|Corporate/Enterprise|Eyeball"
57607,Other,"Construction and Real Estate|Manufacturing|Retail Stores, Wholesale, and E-commerce Sites|"
24840,ISP,Hosting and Cloud Provider|Software Development|Internet Service Provider (ISP)|Computer and Information Technology
196870,Government,"Online Informational Content|Community Groups and Nonprofits|Media, Publishing, and Broadcasting|Human Rights and Social Advocacy (Human Rights, Environment and Wildlife Conservation, Other)"
213251,Other,Manufacturing|Automotive and Transportation|Real Estate (Residential and/or Commercial)|Construction and Real Estate
24845,Government,"Government|Electric Power Generation, Transmission, Distribution|Utilities (Excluding Internet Service)|"
205071,ISP,Internet Service Provider (ISP)|Computer and Information Technology|
57618,ISP,Software Development|Internet Service Provider (ISP)|Computer and Information Technology|Education and Research
8469,ISP,Eyeball|Internet Service Provider (ISP)|Computer and Information Technology|Not Validating RPKI ROV
213273,ISP,Computer and Information Technology|Internet Service Provider (ISP)|
49435,ISP,Computer and Information Technology|Internet Service Provider (ISP)|
49436,Other,"Water Supply and Irrigation|Steam and Air-Conditioning Supply|Sewage Treatment|Electric Power Generation, Transmission, Distribution"
24861,Enterprise,"Law, Business, and Consulting Services|Service|"
213275,Academic/Edu,Education and Research|
213276,Enterprise,"Service|Law, Business, and Consulting Services|Civil Engineering Construction (Utility Lines, Roads and Bridges)|Construction and Real Estate"
288,Eyeball,"Eyeball|Government and Regulatory Agencies, Administrations, Departments, and Services|Government and Public Administration|Education and Research"
8481,ISP,Computer and Information Technology|Internet Service Provider (ISP)|
57632,Other,"Civil Engineering Construction (Utility Lines, Roads and Bridges)|Construction and Real Estate|Retail Stores, Wholesale, and E-commerce Sites|Personal ASN"
213280,Enterprise,"Law, Business, and Consulting Services|Service|"
24868,Other,"Online Music and Video Streaming Services|Service|Media, Publishing, and Broadcasting|"
213281,ISP,Eyeball|Computer and Information Technology|Internet Service Provider (ISP)|Business Broadband
41254,Other,"Retail Stores, Wholesale, and E-commerce Sites|Computer and Information Technology|"
205094,Other,Validating RPKI ROV|
213283,Government,"Law Enforcement, Public Safety, and Justice|Government and Regulatory Agencies, Administrations, Departments, and Services|Government and Public Administration|Government"
8489,Academic/Edu,Validating RPKI ROV|Research and Development Organizations|Software Development|Education and Research
205100,Academic/Edu,"ToR Services|Law, Business, and Consulting Services|Service|Education and Research"
213294,Unknown,
8495,ISP,ToR Services|Computer and Information Technology|Internet Service Provider (ISP)|Not Validating RPKI ROV
57648,Content/CDN,Hosting and Cloud Provider|Software Development|Research and Development Organizations|Computer and Information Technology
213297,Other,Community Groups and Nonprofits|
205103,ISP,Internet Service Provider (ISP)|Computer and Information Technology|
49459,ISP,Computer and Information Technology|Internet Service Provider (ISP)|
213299,Other,Service|
213300,ISP,"Internet Service Provider (ISP)|Computer and Information Technology|Retail Stores, Wholesale, and E-commerce Sites|"
49464,ISP,Service|Internet Service Provider (ISP)|Computer and Information Technology|
205112,ISP,Eyeball|Internet Service Provider (ISP)|Computer and Information Technology|Validating RPKI ROV
196922,ISP,Computer and Information Technology|Internet Service Provider (ISP)|
205115,ISP,Internet Service Provider (ISP)|Computer and Information Technology|
205117,Other,"Machinery|Metal, Glass, Wood, and Paper Manufacturing|Manufacturing|Retail Stores, Wholesale, and E-commerce Sites"
49473,Enterprise,Sewage Treatment|Community Groups and Nonprofits|Service|Utilities (Excluding Internet Service)
24898,Content/CDN,Computer and Information Technology|Hosting and Cloud Provider|
24899,Other,"Online Informational Content|Media, Publishing, and Broadcasting|Health Care Services|"
24900,Content/CDN,Computer and Information Technology|Hosting and Cloud Provider|
24901,Content/CDN,Computer and Information Technology|Hosting and Cloud Provider|
24902,Other,"Online Informational Content|Media, Publishing, and Broadcasting|Health Care Services|"
8519,Academic/Edu,"Government and Public Administration|Education and Research|Government and Regulatory Agencies, Administrations, Departments, and Services|Government"
8520,Content/CDN,Validating RPKI ROV|Computer and Information Technology|Hosting and Cloud Provider|Software Development
41289,Government,Government|Government and Public Administration|Community Groups and Nonprofits|Not Validating RPKI ROV
57667,ISP,Hosting and Cloud Provider|Software Development|Internet Service Provider (ISP)|Computer and Information Technology
196932,ISP,Eyeball|Internet Service Provider (ISP)|Computer and Information Technology|
213319,ISP,Internet Service Provider (ISP)|Software Development|Computer and Information Technology|
24909,ISP,"Retail Stores, Wholesale, and E-commerce Sites|Law, Business, and Consulting Services|Service|Software Development"
41293,Other,Computer and Information Technology|
205137,Eyeball,"Eyeball|Retail Stores, Wholesale, and E-commerce Sites|Clothing, Fashion, Luggage|"
41298,Other,Service|Computer and Information Technology|
213330,Other,Manufacturing|
57684,Other,"Utilities (Excluding Internet Service)|Agriculture, Mining, and Refineries (Farming, Greenhouses, Mining, Forestry, and Animal Farming)|Water Supply and Irrigation|"
49494,Enterprise,"Software Development|Machinery|Service|Retail Stores, Wholesale, and E-commerce Sites"
213335,Other,"Water Transportation|Service|Freight, Shipment, and Postal Services|"
196954,ISP,"Eyeball|Computer and Information Technology|Internet Service Provider (ISP)|Retail Stores, Wholesale, and E-commerce Sites"
41307,ISP,Not Validating RPKI ROV|Internet Service Provider (ISP)|Computer and Information Technology|
49499,Other,"Community Groups and Nonprofits|Human Rights and Social Advocacy (Human Rights, Environment and Wildlife Conservation, Other)|"
213341,Other,"Food, Beverage, and Tobacco|Food, Grocery, Beverages|Manufacturing|Retail Stores, Wholesale, and E-commerce Sites"
24926,Other,"Buildings, Repair, Maintenance (Pest Control, Landscaping, Cleaning, Locksmiths, Car Washes, etc)|Manufacturing|Machinery|Retail Stores, Wholesale, and E-commerce Sites"
213342,Eyeball,"Media, Publishing, and Broadcasting|Education and Research|Online Informational Content|Research and Development Organizations"
205154,Other,"Computer and Information Technology|Retail Stores, Wholesale, and E-commerce Sites|"
8549,Enterprise,"Law, Business, and Consulting Services|Service|Computer and Information Technology|Validating RPKI ROV"
205159,Content/CDN,"Hosting and Cloud Provider|Computer and Information Technology|Service|Law, Business, and Consulting Services"
196968,ISP,Eyeball|Internet Service Provider (ISP)|Computer and Information Technology|Not Validating RPKI ROV
41321,ISP,"Law, Business, and Consulting Services|Computer and Information Technology|Software Development|Internet Service Provider (ISP)"
213353,Enterprise,"Finance and Insurance|Law, Business, and Consulting Services|Accountants, Tax Preparers, Payroll Services|Service"
24939,Content/CDN,Hosting and Cloud Provider|Computer and Information Technology|
24940,ISP,Content|Software Development|Computer and Information Technology|Internet Service Provider (ISP)
205165,Enterprise,"Law, Business, and Consulting Services|Service|Personal ASN|"
213358,Other,Computer and Information Technology|
8560,ISP,Content|Internet Service Provider (ISP)|Computer and Information Technology|Validating RPKI ROV
8561,ISP,Internet Critical Infra|Hosting and Cloud Provider|Technology Consulting Services|Internet Service Provider (ISP)
49523,Other,"Electric Power Generation, Transmission, Distribution|Agriculture, Mining, and Refineries (Farming, Greenhouses, Mining, Forestry, and Animal Farming)|Service|Utilities (Excluding Internet Service)"
8569,ISP,Not Validating RPKI ROV|Computer and Information Technology|Research and Development Organizations|Education and Research
24956,Other,"Validating RPKI ROV|Retail Stores, Wholesale, and E-commerce Sites|Clothing, Fashion, Luggage|"
49532,ISP,VPN Host|Internet Service Provider (ISP)|Computer and Information Technology|Validating RPKI ROV
205184,Other,"Anycast|Service|Media, Publishing, and Broadcasting|"
24961,ISP,Content|Internet Service Provider (ISP)|Computer and Information Technology|Hosting and Cloud Provider
213386,Other,"Personal ASN|Retail Stores, Wholesale, and E-commerce Sites|"
57739,ISP,Computer and Information Technology|Internet Service Provider (ISP)|Hosting and Cloud Provider|VPN Host
24973,Content/CDN,Hosting and Cloud Provider|Computer and Information Technology|VPN Host|
8590,Other,"Automotive and Transportation|Finance and Insurance|Banks, Credit Card Companies, Mortgage Providers|Manufacturing"
49552,Academic/Edu,"Education and Research|Other Schools, Instruction, and Exam Preparation (Trade Schools, Art Schools, Driving Instruction, etc.)|Corporate/Enterprise|"
213392,Other,Personal ASN|Buildings (Residential or Commercial)|Construction and Real Estate|Service
24978,ISP,Not Validating RPKI ROV|Computer and Information Technology|Internet Service Provider (ISP)|Radio and Television Providers
33171,Other,"Online Informational Content|Media, Publishing, and Broadcasting|"
197008,ISP,"Not Validating RPKI ROV|Retail Stores, Wholesale, and E-commerce Sites|Internet Service Provider (ISP)|Computer and Information Technology"
41365,Other,"Manufacturing|Agriculture, Mining, and Refineries (Farming, Greenhouses, Mining, Forestry, and Animal Farming)|Metal, Glass, Wood, and Paper Manufacturing|"
213396,Other,Computer and Information Technology|Software Development|
205210,Other,"Agriculture, Mining, and Refineries (Farming, Greenhouses, Mining, Forestry, and Animal Farming)|"
24989,ISP,Eyeball|Internet Service Provider (ISP)|Computer and Information Technology|Not Validating RPKI ROV
205214,Content/CDN,Computer and Information Technology|Hosting and Cloud Provider|
213408,Other,Personal ASN|
24993,ISP,Internet Service Provider (ISP)|Computer and Information Technology|
213416,Other,Personal ASN|
57769,ISP,Internet Service Provider (ISP)|Computer and Information Technology|
49581,Content/CDN,"Content|Computer and Information Technology|Retail Stores, Wholesale, and E-commerce Sites|Software Development"
213422,Other,Personal ASN|
213423,Other,Personal ASN|
213425,Unknown,
213426,Other,Personal ASN|
57780,Other,Computer and Information Technology|Software Development|
41399,Content/CDN,"Hosting and Cloud Provider|Software Development|Retail Stores, Wholesale, and E-commerce Sites|Computer and Information Technology"
205240,Other,"Personal ASN|Buildings (Residential or Commercial)|Construction and Real Estate|Retail Stores, Wholesale, and E-commerce Sites"
8638,ISP,Internet Service Provider (ISP)|Computer and Information Technology|
205249,ISP,"Government and Public Administration|Computer and Information Technology|Internet Service Provider (ISP)|Military, Defense, National Security, and International Affairs"
49603,ISP,Software Development|Internet Service Provider (ISP)|Education and Research|Computer and Information Technology
41412,Content/CDN,Software Development|Computer and Information Technology|Hosting and Cloud Provider|
197063,ISP,Not Validating RPKI ROV|Computer and Information Technology|Internet Service Provider (ISP)|
8648,ISP,Tranco 10k Host|Computer and Information Technology|Internet Service Provider (ISP)|Not Validating RPKI ROV
8649,Other,"Computer and Information Technology|Retail Stores, Wholesale, and E-commerce Sites|Validating RPKI ROV|"
41416,Other,"Finance and Insurance|Banks, Credit Card Companies, Mortgage Providers|"
49609,ISP,Computer and Information Technology|Internet Service Provider (ISP)|Software Development|
57802,ISP,Computer and Information Technology|Internet Service Provider (ISP)|
213449,Eyeball,Personal ASN|Eyeball|
25038,ISP,Validating RPKI ROV|Internet Service Provider (ISP)|Computer and Information Technology|Hosting and Cloud Provider
25039,Other,Machinery|Service|Manufacturing|Chemical and Pharmaceutical Manufacturing
197071,ISP,Content|Internet Service Provider (ISP)|Computer and Information Technology|Not Validating RPKI ROV
213450,Unknown,
41431,Other,Software Development|Computer and Information Technology|
205272,Academic/Edu,"Tranco 10k Host|Military, Defense, National Security, and International Affairs|Retail Stores, Wholesale, and E-commerce Sites|Research and Development Organizations"
57821,Other,Personal ASN|Community Groups and Nonprofits|Validating RPKI ROV|
25054,ISP,"Service|Education and Research|Retail Stores, Wholesale, and E-commerce Sites|Software Development"
213472,Unknown,
25058,ISP,Computer and Information Technology|Software Development|Health Care Services|Internet Service Provider (ISP)
25063,ISP,Internet Service Provider (ISP)|Computer and Information Technology|Hosting and Cloud Provider|
49639,ISP,Insurance Carriers and Agencies|Hospitals and Medical Centers|Finance and Insurance|Health Care Services
197095,ISP,"Technology Consulting Services|Internet Service Provider (ISP)|Computer and Information Technology|Retail Stores, Wholesale, and E-commerce Sites"
205287,Other,"Retail Stores, Wholesale, and E-commerce Sites|Computer and Information Technology|"
41451,Other,"Food, Grocery, Beverages|Food Services and Drinking Places|Retail Stores, Wholesale, and E-commerce Sites|Travel and Accommodation"
25068,Other,"Retail Stores, Wholesale, and E-commerce Sites|Computer and Information Technology|"
57837,ISP,"Internet Service Provider (ISP)|Software Development|Military, Defense, National Security, and International Affairs|Computer and Information Technology"
57838,ISP,Software Development|Service|Internet Service Provider (ISP)|Computer and Information Technology
8687,ISP,Validating RPKI ROV|Computer and Information Technology|Internet Service Provider (ISP)|
205291,ISP,Computer and Information Technology|Internet Service Provider (ISP)|
41457,Enterprise,"Service|Law, Business, and Consulting Services|"
25074,ISP,Internet Service Provider (ISP)|Computer and Information Technology|VPN Host|
49651,ISP,"Agriculture, Mining, and Refineries (Farming, Greenhouses, Mining, Forestry, and Animal Farming)|Law, Business, and Consulting Services|Computer and Information Technology|Manufacturing"
213484,Unknown,
213490,Unknown,
213491,Unknown,
213492,Unknown,
25081,ISP,Not Validating RPKI ROV|Internet Service Provider (ISP)|Computer and Information Technology|
25083,ISP,Software Development|Computer and Information Technology|Internet Service Provider (ISP)|
205310,Enterprise,"Computer and Information Technology|Service|Law, Business, and Consulting Services|Corporate/Enterprise"
213512,Unknown,
205321,ISP,"Internet Service Provider (ISP)|Retail Stores, Wholesale, and E-commerce Sites|Computer and Information Technology|"
25102,ISP,"Computer and Information Technology|Retail Stores, Wholesale, and E-commerce Sites|Internet Service Provider (ISP)|Software Development"
213518,Unknown,
25109,ISP,Insurance Carriers and Agencies|Finance and Insurance|
213527,Unknown,
8731,Enterprise,"Service|Law, Business, and Consulting Services|Computer and Information Technology|"
25115,ISP,"Electric Power Generation, Transmission, Distribution|Utilities (Excluding Internet Service)|Manufacturing|Computer and Information Technology"
8735,ISP,"Validating RPKI ROV|Law, Business, and Consulting Services|Service|Software Development"
41504,ISP,Server Hosting|Computer and Information Technology|Internet Service Provider (ISP)|Service
49696,Other,Computer and Information Technology|
49697,Academic/Edu,Education and Research|Personal ASN|
57891,ISP,Computer and Information Technology|Internet Service Provider (ISP)|
57892,Other,"Retail Stores, Wholesale, and E-commerce Sites|Clothing, Fashion, Luggage|"
8741,ISP,VPN Host|Computer and Information Technology|Internet Service Provider (ISP)|Validating RPKI ROV
197157,Enterprise,Online Music and Video Streaming Services|Service|Software Development|Computer and Information Technology
205350,ISP,Internet Service Provider (ISP)|Computer and Information Technology|
197160,Other,"Freight, Shipment, and Postal Services|Trucking|Personal ASN|"
553,Eyeball,"Eyeball|Colleges, Universities, and Professional Schools|Education and Research|Validating RPKI ROV"
41514,Other,Electronics and Computer Components|Service|Manufacturing|Machinery
197164,ISP,Internet Service Provider (ISP)|Software Development|Computer and Information Technology|Education and Research
205356,Content/CDN,Software Development|Hosting and Cloud Provider|Service|Computer and Information Technology
213554,Unknown,
205365,Enterprise,"Personal ASN|Law, Business, and Consulting Services|Service|"
205366,Academic/Edu,"Education and Research|Research and Development Organizations|Service|Law, Business, and Consulting Services"
57911,ISP,"Retail Stores, Wholesale, and E-commerce Sites|Machinery|Electronics and Computer Components|Health Care Services"
8763,ISP,Tranco 10k Host|Computer and Information Technology|Internet Service Provider (ISP)|Validating RPKI ROV
213566,Unknown,
8767,ISP,Eyeball|Internet Service Provider (ISP)|Computer and Information Technology|Validating RPKI ROV
205376,Other,"Machinery|Manufacturing|Metal, Glass, Wood, and Paper Manufacturing|"
213569,Unknown,
205382,Other,Service|
49735,Content/CDN,Hosting and Cloud Provider|Electronics and Computer Components|Computer and Information Technology|Manufacturing
41546,ISP,"Software Development|Internet Service Provider (ISP)|Computer and Information Technology|Retail Stores, Wholesale, and E-commerce Sites"
49739,Enterprise,"Hospitals and Medical Centers|Health Care Services|Service|Law, Business, and Consulting Services"
205388,Other,ToR Services|Automotive and Transportation|Manufacturing|Construction and Real Estate
213579,Other,Personal ASN|
205390,ISP,Hosting and Cloud Provider|Software Development|Service|Internet Service Provider (ISP)
25167,Other,"Retail Stores, Wholesale, and E-commerce Sites|"
49745,Academic/Edu,Personal ASN|Not Validating RPKI ROV|Education and Research|
213587,Unknown,
213589,Unknown,
8792,Enterprise,"Not Validating RPKI ROV|Law, Business, and Consulting Services|Service|Media, Publishing, and Broadcasting"
8793,ISP,Not Validating RPKI ROV|Computer and Information Technology|Internet Service Provider (ISP)|
8794,Other,"Media, Publishing, and Broadcasting|Online Informational Content|Print Media (Newspapers, Magazines, Books)|"
197208,ISP,Software Development|Internet Service Provider (ISP)|Computer and Information Technology|
49756,Government,"Government and Public Administration|Government and Regulatory Agencies, Administrations, Departments, and Services|"
205411,ISP,Tranco 10k Host|Hosting and Cloud Provider|Computer and Information Technology|Internet Service Provider (ISP)
8804,ISP,Validating RPKI ROV|Internet Service Provider (ISP)|Computer and Information Technology|
213611,Other,Personal ASN|
41585,ISP,"Not Validating RPKI ROV|Computer and Information Technology|Media, Publishing, and Broadcasting|Hosting and Cloud Provider"
57969,ISP,Technology Consulting Services|Computer and Information Technology|Internet Service Provider (ISP)|
41587,Other,"Metal, Glass, Wood, and Paper Manufacturing|Machinery|Manufacturing|Automotive and Transportation"
8820,ISP,ToR Services|Computer and Information Technology|Internet Service Provider (ISP)|Not Validating RPKI ROV
205425,Other,"Museums, Libraries, and Entertainment|Retail Stores, Wholesale, and E-commerce Sites|"
205426,Content/CDN,"Law, Business, and Consulting Services|Hosting and Cloud Provider|Service|Computer and Information Technology"
8823,ISP,Server Hosting|Internet Service Provider (ISP)|Computer and Information Technology|Validating RPKI ROV
205427,ISP,Internet Service Provider (ISP)|Computer and Information Technology|
8826,ISP,Health Care Services|Automotive and Transportation|Internet Service Provider (ISP)|Machinery
197242,Other,"Retail Stores, Wholesale, and E-commerce Sites|Service|"
205435,ISP,"Electric Power Generation, Transmission, Distribution|Hosting and Cloud Provider|Software Development|Utilities (Excluding Internet Service)"
25220,ISP,"Server Hosting|Hosting and Cloud Provider|Internet Service Provider (ISP)|Retail Stores, Wholesale, and E-commerce Sites"
197252,ISP,Construction and Real Estate|Not Validating RPKI ROV|Hosting and Cloud Provider|Real Estate (Residential and/or Commercial)
213641,Other,Content|Personal ASN|
205453,ISP,Internet Service Provider (ISP)|Computer and Information Technology|
213648,Unknown,
213651,Unknown,
197269,ISP,Computer and Information Technology|Software Development|Internet Service Provider (ISP)|
58010,ISP,ToR Services|Computer and Information Technology|Internet Service Provider (ISP)|Not Validating RPKI ROV
8859,Content/CDN,"Server Hosting|Other Schools, Instruction, and Exam Preparation (Trade Schools, Art Schools, Driving Instruction, etc.)|Service|Software Development"
25245,ISP,Software Development|Service|Internet Service Provider (ISP)|Computer and Information Technology
58015,Other,Manufacturing|
41637,ISP,Computer and Information Technology|Internet Service Provider (ISP)|Hosting and Cloud Provider|Anycast
25254,Enterprise,"Utilities (Excluding Internet Service)|Service|Electric Power Generation, Transmission, Distribution|Law, Business, and Consulting Services"
205477,Other,"Retail Stores, Wholesale, and E-commerce Sites|Manufacturing|Electronics and Computer Components|"
680,ISP,Eyeball|Internet Service Provider (ISP)|Computer and Information Technology|Validating RPKI ROV
8874,ISP,Internet Service Provider (ISP)|Education and Research|Computer and Information Technology|Research and Development Organizations
8875,ISP,Validating RPKI ROV|Hosting and Cloud Provider|Internet Service Provider (ISP)|Computer and Information Technology
25260,ISP,"Print Media (Newspapers, Magazines, Books)|Computer and Information Technology|Internet Service Provider (ISP)|Media, Publishing, and Broadcasting"
49836,ISP,Technology Consulting Services|Computer and Information Technology|Internet Service Provider (ISP)|
8878,ISP,Validating RPKI ROV|Internet Service Provider (ISP)|Computer and Information Technology|
8879,ISP,Validating RPKI ROV|Computer and Information Technology|Internet Service Provider (ISP)|
205487,ISP,"Service|Law, Business, and Consulting Services|Education and Research|Electronics and Computer Components"
8881,ISP,Eyeball|Computer and Information Technology|Internet Service Provider (ISP)|Not Validating RPKI ROV
197297,Other,"Museums, Libraries, and Entertainment|Computer and Information Technology|"
213674,Other,Personal ASN|
8885,ISP,Computer and Information Technology|Internet Service Provider (ISP)|
205496,ISP,"Software Development|Internet Service Provider (ISP)|Computer and Information Technology|Retail Stores, Wholesale, and E-commerce Sites"
205497,Enterprise,"Computer and Information Technology|Law, Business, and Consulting Services|Service|"
25276,ISP,"Media, Publishing, and Broadcasting|Online Informational Content|Hosting and Cloud Provider|Computer and Information Technology"
8893,ISP,Eyeball|Internet Service Provider (ISP)|Computer and Information Technology|Validating RPKI ROV
25279,ISP,Computer and Information Technology|Software Development|Education and Research|Research and Development Organizations
49855,ISP,"ToR Services|Retail Stores, Wholesale, and E-commerce Sites|Computer and Information Technology|Internet Service Provider (ISP)"
205505,Enterprise,"Service|Banks, Credit Card Companies, Mortgage Providers|Finance and Insurance|Law, Business, and Consulting Services"
8899,ISP,Internet Service Provider (ISP)|Hosting and Cloud Provider|Computer and Information Technology|Manufacturing
205511,ISP,Computer and Network Security|Internet Service Provider (ISP)|Service|Computer and Information Technology
25291,ISP,Content|Computer and Information Technology|Internet Service Provider (ISP)|Validating RPKI ROV
49871,Other,"Finance and Insurance|Banks, Credit Card Companies, Mortgage Providers|Computer and Information Technology|"
205519,ISP,Service|Computer and Information Technology|Internet Service Provider (ISP)|Not Validating RPKI ROV
58069,Academic/Edu,"Colleges, Universities, and Professional Schools|Education and Research|Academic|"
197334,ISP,Computer and Information Technology|Internet Service Provider (ISP)|
213718,Unknown,
213720,Unknown,
205529,ISP,Computer and Information Technology|Internet Service Provider (ISP)|
205530,ISP,Internet Service Provider (ISP)|Computer and Information Technology|
213721,Unknown,
41692,ISP,Internet Service Provider (ISP)|Computer and Information Technology|
8925,ISP,Validating RPKI ROV|Software Development|Computer and Information Technology|Online Informational Content
49885,Enterprise,"Software Development|Retail Stores, Wholesale, and E-commerce Sites|Service|Law, Business, and Consulting Services"
213726,Unknown,
41698,Academic/Edu,"Law, Business, and Consulting Services|Freight, Shipment, and Postal Services|Other Schools, Instruction, and Exam Preparation (Trade Schools, Art Schools, Driving Instruction, etc.)|Computer and Information Technology"
41699,Other,"Banks, Credit Card Companies, Mortgage Providers|Finance and Insurance|"
41700,Enterprise,"Real Estate (Residential and/or Commercial)|Law, Business, and Consulting Services|Service|Construction and Real Estate"
25317,ISP,"Law, Business, and Consulting Services|Service|Computer and Information Technology|Internet Service Provider (ISP)"
197347,Enterprise,"Service|Law, Business, and Consulting Services|Museums, Libraries, and Entertainment|Corporate/Enterprise"
58087,ISP,"ToR Services|Law, Business, and Consulting Services|Buildings (Residential or Commercial)|Investment, Portfolio Management, Pensions and Funds"
205542,ISP,"Computer and Information Technology|Internet Service Provider (ISP)|Media, Publishing, and Broadcasting|Hosting and Cloud Provider"
8937,ISP,Not Validating RPKI ROV|Internet Service Provider (ISP)|Computer and Information Technology|
205543,ISP,Computer and Information Technology|Hosting and Cloud Provider|Computer and Network Security|Service
213731,Unknown,
8940,Enterprise,"Law, Business, and Consulting Services|Computer and Information Technology|Service|"
25325,ISP,Hosting and Cloud Provider|Software Development|Internet Service Provider (ISP)|Computer and Information Technology
58092,Academic/Edu,"Research and Development Organizations|Law, Business, and Consulting Services|Chemical and Pharmaceutical Manufacturing|Software Development"
213735,Unknown,
213736,Unknown,
213740,Unknown,
213741,Unknown,
213748,Other,Personal ASN|
197365,Other,"Retail Stores, Wholesale, and E-commerce Sites|Computer and Information Technology|"
49910,Academic/Edu,"Software Development|Education and Research|Computer and Information Technology|Retail Stores, Wholesale, and E-commerce Sites"
58106,Enterprise,"Finance and Insurance|Law, Business, and Consulting Services|Service|Investment, Portfolio Management, Pensions and Funds"
41723,Enterprise,"Law, Business, and Consulting Services|Service|"
8956,Government,"Government and Regulatory Agencies, Administrations, Departments, and Services|Government and Public Administration|Government|"
41731,Academic/Edu,Education and Research|Computer and Information Technology|Search|Personal ASN
205571,Other,Computer and Information Technology|Not Validating RPKI ROV|
213764,Other,Personal ASN|
213768,Unknown,
8972,ISP,Eyeball|Computer and Information Technology|Internet Service Provider (ISP)|Hosting and Cloud Provider
49933,ISP,Personal ASN|Internet Service Provider (ISP)|Computer and Information Technology|
205582,ISP,Not Validating RPKI ROV|Computer and Information Technology|Internet Service Provider (ISP)|
58129,Content/CDN,"Computer and Information Technology|Retail Stores, Wholesale, and E-commerce Sites|Freight, Shipment, and Postal Services|Hosting and Cloud Provider"
58132,ISP,Hosting and Cloud Provider|Computer and Information Technology|Internet Service Provider (ISP)|
205597,Other,"Personal ASN|Retail Stores, Wholesale, and E-commerce Sites|Buildings, Repair, Maintenance (Pest Control, Landscaping, Cleaning, Locksmiths, Car Washes, etc)|Service"
213792,Unknown,
58145,Enterprise,"Law, Business, and Consulting Services|Service|Personal ASN|"
49956,ISP,Internet Service Provider (ISP)|Computer and Information Technology|
49957,Academic/Edu,"Computer and Information Technology|Law, Business, and Consulting Services|Other Schools, Instruction, and Exam Preparation (Trade Schools, Art Schools, Driving Instruction, etc.)|Service"
58149,ISP,Finance and Insurance|Insurance Carriers and Agencies|
41767,ISP,Technology Consulting Services|Internet Service Provider (ISP)|Computer and Information Technology|
205612,Other,"Finance and Insurance|Banks, Credit Card Companies, Mortgage Providers|Investment, Portfolio Management, Pensions and Funds|"
205614,Eyeball,"Server Hosting|Law, Business, and Consulting Services|Service|Computer and Information Technology"
9007,Other,"Print Media (Newspapers, Magazines, Books)|Software Development|Service|Computer and Information Technology"
41776,Enterprise,"Civil Engineering Construction (Utility Lines, Roads and Bridges)|Service|Law, Business, and Consulting Services|Construction and Real Estate"
9009,ISP,Carrier|Computer and Information Technology|Internet Service Provider (ISP)|Validating RPKI ROV
25394,ISP,Eyeball|Internet Service Provider (ISP)|Computer and Information Technology|Validating RPKI ROV
213815,Unknown,
197434,ISP,Personal ASN|Computer and Information Technology|Internet Service Provider (ISP)|Online Informational Content
197435,Other,Manufacturing|
9020,ISP,Computer and Information Technology|Internet Service Provider (ISP)|
205627,Enterprise,"Corporate/Enterprise|Retail Stores, Wholesale, and E-commerce Sites|"
9022,ISP,"Not Validating RPKI ROV|Retail Stores, Wholesale, and E-commerce Sites|Construction and Real Estate|Hosting and Cloud Provider"
197438,Academic/Edu,Personal ASN|Education and Research|
205632,Academic/Edu,Software Development|Computer and Information Technology|furniture|Education and Research
25411,ISP,Computer and Information Technology|Software Development|Internet Service Provider (ISP)|
9030,ISP,"Internet Service Provider (ISP)|Computer and Information Technology|Online Informational Content|Media, Publishing, and Broadcasting"
25415,ISP,VPN Host|Internet Service Provider (ISP)|Computer and Information Technology|Validating RPKI ROV
9033,ISP,"Community Groups and Nonprofits|Internet Service Provider (ISP)|Computer and Information Technology|Human Rights and Social Advocacy (Human Rights, Environment and Wildlife Conservation, Other)"
25419,Enterprise,"Software Development|Law, Business, and Consulting Services|Media, Publishing, and Broadcasting|Computer and Information Technology"
213836,Unknown,
25423,ISP,"Service|Buildings, Repair, Maintenance (Pest Control, Landscaping, Cleaning, Locksmiths, Car Washes, etc)|Computer and Information Technology|Retail Stores, Wholesale, and E-commerce Sites"
213842,Unknown,
25432,ISP,"Software Development|Electronics and Computer Components|Retail Stores, Wholesale, and E-commerce Sites|Computer and Information Technology"
213850,Other,ToR Services|Personal ASN|
213851,Unknown,
205660,Other,"Retail Stores, Wholesale, and E-commerce Sites|"
41821,Other,"Computer and Information Technology|Media, Publishing, and Broadcasting|Service|Buildings, Repair, Maintenance (Pest Control, Landscaping, Cleaning, Locksmiths, Car Washes, etc)"
58206,Other,Computer and Information Technology|
197469,Other,Personal ASN|Computer and Information Technology|
205661,Other,"Retail Stores, Wholesale, and E-commerce Sites|Computer and Information Technology|Computer and Network Security|Software Development"
50017,Other,"Buildings, Repair, Maintenance (Pest Control, Landscaping, Cleaning, Locksmiths, Car Washes, etc)|Service|"
58209,Eyeball,"Retail Stores, Wholesale, and E-commerce Sites|Eyeball|"
58211,Other,"Buildings, Repair, Maintenance (Pest Control, Landscaping, Cleaning, Locksmiths, Car Washes, etc)|Service|"
58212,ISP,ToR Services|Hosting and Cloud Provider|Software Development|Computer and Information Technology
197473,Other,"Music and Video Industry|Computer and Information Technology|Media, Publishing, and Broadcasting|"
197477,Content/CDN,"Content|Civil Engineering Construction (Utility Lines, Roads and Bridges)|Agriculture, Mining, and Refineries (Farming, Greenhouses, Mining, Forestry, and Animal Farming)|Retail Stores, Wholesale, and E-commerce Sites"
9063,ISP,Eyeball|Internet Service Provider (ISP)|Computer and Information Technology|Not Validating RPKI ROV
205666,ISP,"Computer and Information Technology|Internet Service Provider (ISP)|Retail Stores, Wholesale, and E-commerce Sites|Software Development"
9066,ISP,Computer and Information Technology|Internet Service Provider (ISP)|Not Validating RPKI ROV|Eyeball
9067,ISP,"Validating RPKI ROV|Software Development|Education and Research|Law, Business, and Consulting Services"
25452,Other,Software Development|Computer and Information Technology|
205675,ISP,"Media, Publishing, and Broadcasting|Retail Stores, Wholesale, and E-commerce Sites|Internet Service Provider (ISP)|Computer and Information Technology"
50030,ISP,"Computer and Information Technology|Internet Service Provider (ISP)|Service|Buildings, Repair, Maintenance (Pest Control, Landscaping, Cleaning, Locksmiths, Car Washes, etc)"
50034,Enterprise,"Service|Law, Business, and Consulting Services|Computer and Information Technology|"
197491,ISP,"Computer and Information Technology|Retail Stores, Wholesale, and E-commerce Sites|Internet Service Provider (ISP)|Law, Business, and Consulting Services"
58234,Other,"Retail Stores, Wholesale, and E-commerce Sites|Food, Grocery, Beverages|"
9083,ISP,Validating RPKI ROV|Computer and Information Technology|Internet Service Provider (ISP)|Software Development
205691,ISP,Eyeball|Not Validating RPKI ROV|Internet Service Provider (ISP)|Government and Public Administration
50050,ISP,Not Validating RPKI ROV|Computer and Information Technology|Internet Service Provider (ISP)|
58243,ISP,Carrier|Internet Service Provider (ISP)|Computer and Information Technology|Not Validating RPKI ROV
205700,Other,"Retail Stores, Wholesale, and E-commerce Sites|Travel and Accommodation|"
197509,Other,Computer and Information Technology|
205703,Other,"Buildings, Repair, Maintenance (Pest Control, Landscaping, Cleaning, Locksmiths, Car Washes, etc)|Electric Power Generation, Transmission, Distribution|Natural Gas Distribution|Utilities (Excluding Internet Service)"
25481,ISP,"Software Development|Computer and Information Technology|Media, Publishing, and Broadcasting|Internet Service Provider (ISP)"
9099,Government,Content|Corporate/Enterprise|Computer and Information Technology|Government and Public Administration
25484,ISP,"Service|Internet Service Provider (ISP)|Law, Business, and Consulting Services|Computer and Information Technology"
50061,Other,"Not Validating RPKI ROV|Accountants, Tax Preparers, Payroll Services|Finance and Insurance|"
25486,ISP,Internet Service Provider (ISP)|Computer and Information Technology|
50064,ISP,"Computer and Information Technology|Construction and Real Estate|Internet Service Provider (ISP)|Civil Engineering Construction (Utility Lines, Roads and Bridges)"
50068,ISP,"Software Development|Internet Service Provider (ISP)|Computer and Information Technology|Retail Stores, Wholesale, and E-commerce Sites"
197524,ISP,Home ISP|Computer and Information Technology|Internet Service Provider (ISP)|Validating RPKI ROV
58265,ISP,Internet Service Provider (ISP)|Computer and Information Technology|
205723,Other,Computer and Information Technology|Software Development|
50076,Other,"Manufacturing|Machinery|Retail Stores, Wholesale, and E-commerce Sites|Electronics and Computer Components"
213915,Other,Content|
41886,Content/CDN,Computer and Information Technology|Hosting and Cloud Provider|
25504,ISP,VPN Host|Research and Development Organizations|Hosting and Cloud Provider|Electronics and Computer Components
197539,Other,Service|
197540,ISP,Content|Hosting and Cloud Provider|Computer and Information Technology|Internet Service Provider (ISP)
41893,ISP,"Retail Stores, Wholesale, and E-commerce Sites|Computer and Information Technology|Electronics and Computer Components|Internet Service Provider (ISP)"
213925,Unknown,
205736,ISP,Software Development|Computer and Information Technology|Internet Service Provider (ISP)|Phone Provider
213928,Other,Personal ASN|
9132,ISP,Internet Service Provider (ISP)|Computer and Information Technology|
25516,ISP,Computer and Information Technology|Internet Service Provider (ISP)|
197549,ISP,Internet Service Provider (ISP)|Computer and Information Technology|
9135,Other,Validating RPKI ROV|Computer and Information Technology|
9136,ISP,Carrier|Internet Service Provider (ISP)|Computer and Information Technology|Validating RPKI ROV
205740,Other,Personal ASN|
205741,ISP,Validating RPKI ROV|Computer and Information Technology|Internet Service Provider (ISP)|
213939,Unknown,
197558,ISP,Eyeball|Internet Service Provider (ISP)|Computer and Information Technology|Validating RPKI ROV
9145,ISP,Eyeball|Internet Service Provider (ISP)|Computer and Information Technology|Validating RPKI ROV
205758,ISP,Internet Service Provider (ISP)|Computer and Information Technology|Technology Consulting Services|
25538,Other,Validating RPKI ROV|Community Groups and Nonprofits|
205764,Other,Hospitals and Medical Centers|Health Care Services|
41926,Other,Computer and Information Technology|Automotive and Transportation|Manufacturing|
205766,ISP,Internet Service Provider (ISP)|Computer and Information Technology|Hosting and Cloud Provider|Server Hosting
50120,Other,Software Development|Computer and Information Technology|
205769,ISP,Business Broadband|Internet Service Provider (ISP)|Computer and Information Technology|Not Validating RPKI ROV
9163,ISP,Validating RPKI ROV|Satellite Communication|Internet Service Provider (ISP)|Computer and Information Technology
58323,Other,"Retail Stores, Wholesale, and E-commerce Sites|Computer and Information Technology|"
41941,Other,Other|
213973,Unknown,
9175,ISP,"Internet Service Provider (ISP)|Print Media (Newspapers, Magazines, Books)|Hosting and Cloud Provider|Law, Business, and Consulting Services"
25560,ISP,"VPN Host|Buildings, Repair, Maintenance (Pest Control, Landscaping, Cleaning, Locksmiths, Car Washes, etc)|Hosting and Cloud Provider|Other Schools, Instruction, and Exam Preparation (Trade Schools, Art Schools, Driving Instruction, etc.)"
58329,ISP,ToR Services|Computer and Information Technology|Internet Service Provider (ISP)|Hosting and Cloud Provider
197593,Other,"Retail Stores, Wholesale, and E-commerce Sites|"
205785,Other,"Manufacturing|Machinery|Metal, Glass, Wood, and Paper Manufacturing|"
41948,Other,Machinery|Manufacturing|
213975,Unknown,
9182,ISP,Internet Service Provider (ISP)|Software Development|Computer and Information Technology|
9183,Eyeball,Eyeball|Machinery|Computer and Information Technology|Manufacturing
205790,Enterprise,"Validating RPKI ROV|Online Informational Content|Service|Law, Business, and Consulting Services"
50145,Other,"Manufacturing|Metal, Glass, Wood, and Paper Manufacturing|Computer and Information Technology|"
205791,ISP,Computer and Information Technology|Internet Service Provider (ISP)|
41955,Other,Validating RPKI ROV|Software Development|Computer and Information Technology|
9188,Enterprise,"Not Validating RPKI ROV|Software Development|Computer and Information Technology|Law, Business, and Consulting Services"
213985,Unknown,
213986,Unknown,
41961,ISP,"Freight, Shipment, and Postal Services|Computer and Information Technology|Internet Service Provider (ISP)|Software Development"
58346,Enterprise,"Community Groups and Nonprofits|Law, Business, and Consulting Services|Service|"
25579,ISP,Internet Service Provider (ISP)|Service|Computer and Information Technology|
205802,Other,"Agriculture, Mining, and Refineries (Farming, Greenhouses, Mining, Forestry, and Animal Farming)|Utilities (Excluding Internet Service)|"
9197,ISP,Validating RPKI ROV|Computer and Information Technology|Internet Service Provider (ISP)|
197614,ISP,Internet Service Provider (ISP)|Computer and Information Technology|Personal ASN|
205806,ISP,"Eyeball|Steam and Air-Conditioning Supply|Electric Power Generation, Transmission, Distribution|Natural Gas Distribution"
205807,Content/CDN,Not Validating RPKI ROV|Service|Hosting and Cloud Provider|Software Development
41969,Other,"Online Informational Content|Radio and Television Providers|Media, Publishing, and Broadcasting|"
213997,Other,Personal ASN|
214002,Unknown,
205818,ISP,Internet Service Provider (ISP)|Computer and Information Technology|
9211,ISP,Server Hosting|Computer and Information Technology|Internet Service Provider (ISP)|Not Validating RPKI ROV
41981,Other,Community Groups and Nonprofits|
214014,Unknown,
50179,Other,Software Development|Computer and Information Technology|
214019,Other,Content|
197637,ISP,Eyeball|Internet Service Provider (ISP)|Computer and Information Technology|Validating RPKI ROV
214020,Other,Personal ASN|
197639,Other,"Health Care Services|Print Media (Newspapers, Magazines, Books)|Media, Publishing, and Broadcasting|"
205831,ISP,Hosting and Cloud Provider|Internet Service Provider (ISP)|Computer and Information Technology|
197641,ISP,Internet Service Provider (ISP)|Computer and Information Technology|
50189,ISP,Internet Service Provider (ISP)|Computer and Information Technology|
33806,Other,"Retail Stores, Wholesale, and E-commerce Sites|Software Development|Service|Computer and Information Technology"
41998,ISP,Eyeball|Computer and Information Technology|Internet Service Provider (ISP)|Not Validating RPKI ROV
33808,ISP,Internet Service Provider (ISP)|Computer and Information Technology|
33811,Content/CDN,Hosting and Cloud Provider|Computer and Information Technology|
205843,Other,"Retail Stores, Wholesale, and E-commerce Sites|Media, Publishing, and Broadcasting|Radio and Television Providers|Service"
205844,ISP,Computer and Information Technology|Internet Service Provider (ISP)|Home ISP|Eyeball
33814,Eyeball,Machinery|Manufacturing|Automotive and Transportation|Electronics and Computer Components
50198,Other,Manufacturing|Chemical and Pharmaceutical Manufacturing|Tranco 10k Host|
42008,ISP,"Internet Service Provider (ISP)|Online Informational Content|Media, Publishing, and Broadcasting|Computer and Information Technology"
205848,Content/CDN,Content|Hosting and Cloud Provider|Computer and Information Technology|Personal ASN
197659,Other,Manufacturing|Construction and Real Estate|Electronics and Computer Components|Machinery
205854,Other,Electronics and Computer Components|Manufacturing|Not Validating RPKI ROV|
33824,ISP,"Internet Service Provider (ISP)|Computer and Information Technology|Software Development|Law, Business, and Consulting Services"
33828,ISP,"Retail Stores, Wholesale, and E-commerce Sites|Internet Service Provider (ISP)|Computer and Information Technology|"
214052,Other,Content|
33832,Enterprise,"Service|Law, Business, and Consulting Services|"
50216,Other,"Retail Stores, Wholesale, and E-commerce Sites|"
205867,ISP,Computer and Information Technology|Internet Service Provider (ISP)|
205868,ISP,Hosting and Cloud Provider|Internet Service Provider (ISP)|Computer and Information Technology|
205869,Other,"Freight, Shipment, and Postal Services|Utilities (Excluding Internet Service)|Natural Gas Distribution|"
42034,Other,Computer and Information Technology|Software Development|
33843,ISP,Not Validating RPKI ROV|Computer and Information Technology|Internet Service Provider (ISP)|
42035,ISP,"Education and Research|Research and Development Organizations|Retail Stores, Wholesale, and E-commerce Sites|Software Development"
214068,Unknown,
33846,ISP,Server Hosting|Internet Service Provider (ISP)|Computer and Information Technology|Hosting and Cloud Provider
33848,Other,"Not Validating RPKI ROV|Service|Manufacturing|Retail Stores, Wholesale, and E-commerce Sites"
205881,Other,Automotive and Transportation|Manufacturing|Machinery|
205887,ISP,Computer and Information Technology|Internet Service Provider (ISP)|
205890,Other,"Computer and Information Technology|Construction and Real Estate|Civil Engineering Construction (Utility Lines, Roads and Bridges)|Software Development"
50246,ISP,"Banks, Credit Card Companies, Mortgage Providers|Computer and Information Technology|Finance and Insurance|Internet Service Provider (ISP)"
214093,Unknown,
42063,Other,"Software Development|Computer and Information Technology|Retail Stores, Wholesale, and E-commerce Sites|"
197711,ISP,Internet Service Provider (ISP)|Hosting and Cloud Provider|Computer and Information Technology|
33873,ISP,Not Validating RPKI ROV|Internet Service Provider (ISP)|Computer and Information Technology|Hosting and Cloud Provider
205908,Academic/Edu,Education and Research|
214101,Unknown,
214104,Unknown,
214106,Unknown,
197729,Academic/Edu,Computer and Information Technology|Elementary and Secondary Schools|Education and Research|Research and Development Organizations
33891,ISP,Carrier|Internet Service Provider (ISP)|Computer and Information Technology|DDoS Mitigation
33896,Other,"Machinery|Manufacturing|Buildings (Residential or Commercial)|Retail Stores, Wholesale, and E-commerce Sites"
205931,Enterprise,"Media, Publishing, and Broadcasting|Service|Law, Business, and Consulting Services|"
197745,ISP,Computer and Information Technology|Internet Service Provider (ISP)|
214131,Unknown,
42102,Content/CDN,Computer and Information Technology|Hosting and Cloud Provider|
214138,Other,Content|
205948,ISP,Content|Internet Service Provider (ISP)|Computer and Information Technology|Server Hosting
197759,Eyeball,Utilities (Excluding Internet Service)|Manufacturing|Computer and Information Technology|Chemical and Pharmaceutical Manufacturing
197762,Unknown,
50307,Enterprise,"Law, Business, and Consulting Services|Music and Video Industry|Service|Media, Publishing, and Broadcasting"
33933,Enterprise,"Computer and Information Technology|Law, Business, and Consulting Services|Service|Media, Publishing, and Broadcasting"
197777,ISP,Software Development|Manufacturing|Computer and Information Technology|Internet Service Provider (ISP)
205969,Other,Community Groups and Nonprofits|Personal ASN|
205970,Academic/Edu,"Law, Business, and Consulting Services|Service|Education and Research|Personal ASN"
33940,ISP,"Computer and Information Technology|Retail Stores, Wholesale, and E-commerce Sites|Internet Service Provider (ISP)|"
50324,ISP,Eyeball|Computer and Information Technology|Internet Service Provider (ISP)|Not Validating RPKI ROV
197782,Other,"Online Informational Content|Media, Publishing, and Broadcasting|"
205973,ISP,Computer and Information Technology|Software Development|Internet Service Provider (ISP)|Government and Public Administration
50332,ISP,Electronics and Computer Components|Internet Service Provider (ISP)|Hosting and Cloud Provider|Manufacturing
33950,Other,Service|
33956,ISP,Internet Service Provider (ISP)|Hosting and Cloud Provider|Computer and Information Technology|
214181,Unknown,
50343,Content/CDN,Tranco 10k Host|Computer and Information Technology|Software Development|Hosting and Cloud Provider
197803,Other,"Museums, Libraries, and Entertainment|Recreation, Sports, and Performing Arts|"
214187,Unknown,
214191,Unknown,
214194,Eyeball,Personal ASN|Eyeball|
214197,Unknown,
42166,Other,"Utilities (Excluding Internet Service)|Steam and Air-Conditioning Supply|Electric Power Generation, Transmission, Distribution|"
197814,Other,"Personal ASN|Media, Publishing, and Broadcasting|Online Music and Video Streaming Services|"
33984,ISP,ToR Services|Computer and Information Technology|Hosting and Cloud Provider|Internet Service Provider (ISP)
33988,ISP,Insurance Carriers and Agencies|Health Care Services|Finance and Insurance|Hospitals and Medical Centers
50372,ISP,Computer and Information Technology|Internet Service Provider (ISP)|
42184,ISP,Carrier|Internet Service Provider (ISP)|Computer and Information Technology|Validating RPKI ROV
206028,ISP,Internet Service Provider (ISP)|Computer and Information Technology|
214223,Eyeball,Eyeball|Personal ASN|
42197,Other,"Media, Publishing, and Broadcasting|Service|Manufacturing|Not Validating RPKI ROV"
34009,Academic/Edu,"Media, Publishing, and Broadcasting|Education and Research|Print Media (Newspapers, Magazines, Books)|"
50393,ISP,Internet Service Provider (ISP)|Computer and Information Technology|
34011,Content/CDN,Tranco 10k Host|Hosting and Cloud Provider|Computer and Information Technology|Not Validating RPKI ROV
50395,Other,"Investment, Portfolio Management, Pensions and Funds|Finance and Insurance|"
34015,Other,"Electric Power Generation, Transmission, Distribution|Utilities (Excluding Internet Service)|Natural Gas Distribution|Water Supply and Irrigation"
214239,Unknown,
214243,Other,Personal ASN|
42215,Other,"Finance and Insurance|Investment, Portfolio Management, Pensions and Funds|"
50407,Enterprise,"Service|Law, Business, and Consulting Services|Computer and Information Technology|"
42221,Other,"Computer and Information Technology|Retail Stores, Wholesale, and E-commerce Sites|"
214253,Unknown,
34031,Content/CDN,"Hosting and Cloud Provider|Computer and Information Technology|Phone Provider|Media, Publishing, and Broadcasting"
206063,Other,Software Development|Computer and Information Technology|
197874,Government,Travel and Accommodation|Government|
214266,Unknown,
1275,Other,"Community Groups and Nonprofits|Recreation, Sports, and Performing Arts|Museums, Libraries, and Entertainment|"
206075,Content/CDN,Content|Computer and Information Technology|Server Hosting|ToR Services
197885,Other,Personal ASN|
206076,Other,Service|
206080,Other,"Media, Publishing, and Broadcasting|Online Music and Video Streaming Services|Software Development|Computer and Information Technology"
197890,ISP,Internet Service Provider (ISP)|Computer and Information Technology|
34051,ISP,"Media, Publishing, and Broadcasting|Internet Service Provider (ISP)|Hotels, Motels, Inns, Other Traveler Accommodation|Travel and Accommodation"
50436,ISP,"ToR Services|Retail Stores, Wholesale, and E-commerce Sites|Internet Service Provider (ISP)|Computer and Information Technology"
214278,Unknown,
42249,Government,"Computer and Network Security|Law Enforcement, Public Safety, and Justice|Service|Government and Regulatory Agencies, Administrations, Departments, and Services"
50441,Other,Community Groups and Nonprofits|
206092,ISP,Eyeball|Internet Service Provider (ISP)|Computer and Information Technology|Community Groups and Nonprofits
214289,Unknown,
1299,ISP,T1|Internet Service Provider (ISP)|Computer and Information Technology|Validating RPKI ROV
214292,Unknown,
197909,Government,"Government and Public Administration|Military, Defense, National Security, and International Affairs|"
42263,ISP,Content|Software Development|Internet Service Provider (ISP)|Computer and Information Technology
50455,Enterprise,"Machinery|Buildings, Repair, Maintenance (Pest Control, Landscaping, Cleaning, Locksmiths, Car Washes, etc)|Law, Business, and Consulting Services|Service"
50458,Other,"Retail Stores, Wholesale, and E-commerce Sites|Buildings, Repair, Maintenance (Pest Control, Landscaping, Cleaning, Locksmiths, Car Washes, etc)|Service|"
197915,Content/CDN,Not Validating RPKI ROV|Software Development|Hosting and Cloud Provider|Computer and Information Technology
50462,Enterprise,"Construction and Real Estate|Law, Business, and Consulting Services|Civil Engineering Construction (Utility Lines, Roads and Bridges)|Service"
42274,Other,"Utilities (Excluding Internet Service)|Electric Power Generation, Transmission, Distribution|Service|Agriculture, Mining, and Refineries (Farming, Greenhouses, Mining, Forestry, and Animal Farming)"
50469,ISP,Validating RPKI ROV|Computer and Information Technology|Internet Service Provider (ISP)|
34086,ISP,"Tranco 10k Host|Law, Business, and Consulting Services|Phone Provider|Service"
34088,ISP,Server Hosting|Internet Service Provider (ISP)|Computer and Information Technology|Software Development
42281,ISP,"Retail Stores, Wholesale, and E-commerce Sites|Computer and Information Technology|Internet Service Provider (ISP)|"
50472,Other,Tranco 10k Host|Technology Consulting Services|Computer and Information Technology|Community Groups and Nonprofits
214312,Other,Personal ASN|
197932,Other,"Software Development|Computer and Information Technology|Retail Stores, Wholesale, and E-commerce Sites|"
214316,Unknown,
214319,Unknown,
42290,ISP,Technology Consulting Services|Software Development|Internet Service Provider (ISP)|Computer and Information Technology
197938,Other,"Museums, Libraries, and Entertainment|Software Development|Manufacturing|Computer and Information Technology"
206131,Other,"Computer and Information Technology|Retail Stores, Wholesale, and E-commerce Sites|Software Development|"
34103,ISP,Computer and Information Technology|Internet Service Provider (ISP)|
206138,ISP,Internet Service Provider (ISP)|Education and Research|Computer and Information Technology|Research and Development Organizations
206141,ISP,Corporate/Enterprise|Internet Service Provider (ISP)|Computer and Information Technology|Not Validating RPKI ROV
50495,ISP,Internet Service Provider (ISP)|Computer and Information Technology|
214339,Other,Content|
206149,ISP,Insurance Carriers and Agencies|Finance and Insurance|
42312,Other,"Media, Publishing, and Broadcasting|Music and Video Industry|"
50508,Enterprise,"Law, Business, and Consulting Services|Service|"
34125,ISP,Server Hosting|Government and Public Administration|Computer and Information Technology|Internet Service Provider (ISP)
197965,Other,Not Validating RPKI ROV|Computer and Information Technology|Software Development|Service
34127,ISP,Not Validating RPKI ROV|Internet Service Provider (ISP)|Computer and Information Technology|
206161,Other,"Service|Personal Care and Lifestyle (Barber Shops, Nail Salons, Diet Centers, Laundry, etc)|Personal ASN|"
50518,ISP,Music and Video Industry|Computer and Information Technology|Radio and Television Providers|Internet Service Provider (ISP)
197975,ISP,"Software Development|Internet Service Provider (ISP)|Law, Business, and Consulting Services|Service"
50524,ISP,"Software Development|Service|Computer and Information Technology|Law, Business, and Consulting Services"
42335,ISP,Computer and Information Technology|Internet Service Provider (ISP)|Hosting and Cloud Provider|
50533,ISP,Not Validating RPKI ROV|Computer and Information Technology|Internet Service Provider (ISP)|
197990,ISP,"Internet Service Provider (ISP)|Computer and Information Technology|Retail Stores, Wholesale, and E-commerce Sites|"
34154,ISP,Not Validating RPKI ROV|Internet Service Provider (ISP)|Computer and Information Technology|
34156,ISP,Eyeball|Internet Service Provider (ISP)|Software Development|Computer and Information Technology
206196,ISP,Utilities (Excluding Internet Service)|Natural Gas Distribution|Water Supply and Irrigation|Steam and Air-Conditioning Supply
214389,Unknown,
34171,ISP,Internet Service Provider (ISP)|Computer and Information Technology|
34172,Other,"Human Rights and Social Advocacy (Human Rights, Environment and Wildlife Conservation, Other)|Churches and Religious Organizations|Community Groups and Nonprofits|"
42366,ISP,Validating RPKI ROV|Computer and Information Technology|Internet Service Provider (ISP)|
214398,Unknown,
198016,ISP,Personal ASN|Computer and Network Security|Internet Service Provider (ISP)|Computer and Information Technology
214401,Unknown,
198018,Enterprise,"Law, Business, and Consulting Services|Travel and Accommodation|Computer and Information Technology|Hotels, Motels, Inns, Other Traveler Accommodation"
206211,Enterprise,"Service|Law, Business, and Consulting Services|Manufacturing|Computer and Information Technology"
214403,Unknown,
214405,Other,Anycast|
50566,ISP,"Software Development|Computer and Information Technology|Internet Service Provider (ISP)|Retail Stores, Wholesale, and E-commerce Sites"
198022,ISP,Internet Service Provider (ISP)|Computer and Information Technology|
214410,Unknown,
34191,ISP,"Education and Research|Retail Stores, Wholesale, and E-commerce Sites|Software Development|Other Schools, Instruction, and Exam Preparation (Trade Schools, Art Schools, Driving Instruction, etc.)"
50575,ISP,Internet Service Provider (ISP)|Computer and Information Technology|
34193,Other,Computer and Information Technology|Manufacturing|Technology Consulting Services|Software Development
214421,Unknown,
42390,ISP,Validating RPKI ROV|Internet Service Provider (ISP)|Computer and Information Technology|
206231,ISP,"Internet Service Provider (ISP)|Computer and Information Technology|Law, Business, and Consulting Services|Buildings, Repair, Maintenance (Pest Control, Landscaping, Cleaning, Locksmiths, Car Washes, etc)"
198041,ISP,"Software Development|Service|Internet Service Provider (ISP)|Media, Publishing, and Broadcasting"
206236,Other,ToR Services|Hospitals and Medical Centers|Health Care Services|
214428,Other,Personal ASN|
198047,ISP,VPN Host|Internet Service Provider (ISP)|Computer and Information Technology|Hosting and Cloud Provider
206240,ISP,Computer and Information Technology|Technology Consulting Services|Internet Service Provider (ISP)|Software Development
50595,Academic/Edu,"Colleges, Universities, and Professional Schools|Education and Research|Academic|"
34213,ISP,Computer and Information Technology|Internet Service Provider (ISP)|
34219,ISP,Not Validating RPKI ROV|Computer and Information Technology|Phone Provider|Internet Service Provider (ISP)
206253,Other,"Service|Social Assistance (Temporary Shelters, Emergency Relief, Child Day Care, etc)|Personal ASN|"
34225,ISP,Internet Service Provider (ISP)|Software Development|Computer and Information Technology|
214450,Other,Personal ASN|
50611,ISP,Internet Critical Infra|Hosting and Cloud Provider|Technology Consulting Services|Computer and Information Technology
206266,ISP,Health Care Services|Insurance Carriers and Agencies|Finance and Insurance|
214459,Unknown,
50621,ISP,"Retail Stores, Wholesale, and E-commerce Sites|Electronics and Computer Components|Phone Provider|Software Development"
34240,ISP,"Internet Service Provider (ISP)|Hosting and Cloud Provider|Education and Research|Retail Stores, Wholesale, and E-commerce Sites"
214464,Unknown,
206274,ISP,"Finance and Insurance|Banks, Credit Card Companies, Mortgage Providers|Insurance Carriers and Agencies|"
50629,ISP,Carrier|Computer and Information Technology|Internet Service Provider (ISP)|Validating RPKI ROV
206277,Content/CDN,"Service|Software Development|Law, Business, and Consulting Services|Hosting and Cloud Provider"
34247,ISP,"Print Media (Newspapers, Magazines, Books)|Software Development|Service|Internet Service Provider (ISP)"
42442,ISP,Computer and Information Technology|Hosting and Cloud Provider|Internet Service Provider (ISP)|
206283,ISP,Satellite Internet|Computer and Information Technology|Internet Service Provider (ISP)|Validating RPKI ROV
206285,Other,"Personal Care and Lifestyle (Barber Shops, Nail Salons, Diet Centers, Laundry, etc)|Manufacturing|Clothing and Textiles|Service"
34256,Other,"Recreation, Sports, and Performing Arts|Retail Stores, Wholesale, and E-commerce Sites|Travel and Accommodation|Museums, Libraries, and Entertainment"
50642,ISP,Internet Service Provider (ISP)|Computer and Information Technology|Service|
206293,ISP,Computer and Information Technology|Internet Service Provider (ISP)|
214493,Unknown,
206303,ISP,Internet Service Provider (ISP)|Computer and Information Technology|Hosting and Cloud Provider|
42464,Other,Real Estate (Residential and/or Commercial)|Construction and Real Estate|
198116,ISP,Internet Service Provider (ISP)|Computer and Information Technology|
198119,Other,"Software Development|Computer and Information Technology|Service|Media, Publishing, and Broadcasting"
206313,Eyeball,Eyeball|Community Groups and Nonprofits|Not Validating RPKI ROV|
34289,ISP,VPN Host|Internet Service Provider (ISP)|Software Development|Computer and Information Technology
214513,Other,Personal ASN|
214517,Unknown,
50681,Other,Service|
198139,ISP,Computer and Information Technology|Internet Service Provider (ISP)|
198145,Other,"Validating RPKI ROV|Electric Power Generation, Transmission, Distribution|Agriculture, Mining, and Refineries (Farming, Greenhouses, Mining, Forestry, and Animal Farming)|Steam and Air-Conditioning Supply"
206339,Other,Manufacturing|Machinery|
34308,ISP,Computer and Information Technology|Internet Service Provider (ISP)|Not Validating RPKI ROV|
34309,ISP,Tranco 10k Host|Computer and Information Technology|Internet Service Provider (ISP)|VPN Host
206341,Government,"Government and Public Administration|Government and Regulatory Agencies, Administrations, Departments, and Services|Not Validating RPKI ROV|Government"
214533,Other,Personal ASN|
50696,ISP,"Computer and Information Technology|Internet Service Provider (ISP)|Retail Stores, Wholesale, and E-commerce Sites|Education and Research"
198160,ISP,Server Hosting|Internet Service Provider (ISP)|Computer and Information Technology|
206356,Other,Community Groups and Nonprofits|
214554,Unknown,
214556,Unknown,
206374,ISP,Software Development|Internet Service Provider (ISP)|Computer and Information Technology|
214568,Unknown,
206384,Academic/Edu,"Law, Business, and Consulting Services|Service|Education and Research|"
198196,ISP,Internet Service Provider (ISP)|Computer and Information Technology|
214580,Unknown,
214585,Unknown,
206394,Content/CDN,Computer and Information Technology|Service|Radio and Television Providers|Hosting and Cloud Provider
198205,Enterprise,"Finance and Insurance|Law, Business, and Consulting Services|Service|Banks, Credit Card Companies, Mortgage Providers"
214591,Unknown,
42562,Other,"Freight, Shipment, and Postal Services|"
34372,ISP,"Server Hosting|Computer and Information Technology|Internet Service Provider (ISP)|Media, Publishing, and Broadcasting"
214598,Other,Personal ASN|
198218,ISP,Computer and Information Technology|Internet Service Provider (ISP)|
214603,Unknown,
50768,Other,"Computer and Information Technology|Retail Stores, Wholesale, and E-commerce Sites|Service|Buildings, Repair, Maintenance (Pest Control, Landscaping, Cleaning, Locksmiths, Car Washes, etc)"
198225,ISP,Computer and Information Technology|Internet Service Provider (ISP)|
34386,Other,Chemical and Pharmaceutical Manufacturing|Manufacturing|
206423,ISP,"Buildings, Repair, Maintenance (Pest Control, Landscaping, Cleaning, Locksmiths, Car Washes, etc)|Internet Service Provider (ISP)|Service|Computer and Information Technology"
34396,ISP,Internet Service Provider (ISP)|Computer and Information Technology|
214622,Unknown,
214626,Unknown,
42596,ISP,Internet Service Provider (ISP)|Computer and Information Technology|Not Validating RPKI ROV|
206437,ISP,Internet Service Provider (ISP)|Computer and Information Technology|
214628,Unknown,
206441,Enterprise,"Freight, Shipment, and Postal Services|Law, Business, and Consulting Services|Travel and Accommodation|Service"
42605,ISP,Not Validating RPKI ROV|Computer and Information Technology|Internet Service Provider (ISP)|
50800,ISP,"Computer and Information Technology|Internet Service Provider (ISP)|Education and Research|Retail Stores, Wholesale, and E-commerce Sites"
50801,ISP,Software Development|Construction and Real Estate|Electronics and Computer Components|Computer and Network Security
34419,ISP,Internet Service Provider (ISP)|Computer and Information Technology|
206452,ISP,"Law, Business, and Consulting Services|Service|Computer and Information Technology|Internet Service Provider (ISP)"
214646,Other,Personal ASN|
198264,Other,"Online Informational Content|Media, Publishing, and Broadcasting|"
214651,Unknown,
34432,ISP,Internet Service Provider (ISP)|Computer and Information Technology|Server Hosting|VPN Host
34439,Enterprise,"Service|Law, Business, and Consulting Services|Manufacturing|"
34440,ISP,Computer and Information Technology|Internet Service Provider (ISP)|Software Development|
50824,Enterprise,"Law, Business, and Consulting Services|Service|Not Validating RPKI ROV|"
34445,Other,Service|
198287,Unknown,
206480,Other,"Personal Care and Lifestyle (Barber Shops, Nail Salons, Diet Centers, Laundry, etc)|Service|Personal ASN|"
34452,Enterprise,"Service|Law, Business, and Consulting Services|"
34453,Other,"Buildings, Repair, Maintenance (Pest Control, Landscaping, Cleaning, Locksmiths, Car Washes, etc)|Service|Retail Stores, Wholesale, and E-commerce Sites|"
34455,ISP,Computer and Information Technology|Software Development|Internet Service Provider (ISP)|
198296,Other,"Not Validating RPKI ROV|Media, Publishing, and Broadcasting|Online Informational Content|Online Music and Video Streaming Services"
34457,ISP,"Finance and Insurance|Buildings, Repair, Maintenance (Pest Control, Landscaping, Cleaning, Locksmiths, Car Washes, etc)|Service|Insurance Carriers and Agencies"
214682,Other,Personal ASN|
34460,Other,"Retail Stores, Wholesale, and E-commerce Sites|Chemical and Pharmaceutical Manufacturing|Manufacturing|"
34461,ISP,Internet Service Provider (ISP)|Service|Software Development|Computer and Information Technology
42652,ISP,Eyeball|Internet Service Provider (ISP)|Computer and Information Technology|Validating RPKI ROV
214684,Unknown,
206497,ISP,Not Validating RPKI ROV|Manufacturing|Internet Service Provider (ISP)|Computer and Information Technology
198311,Other,Travel and Accommodation|Air Travel|
206506,Other,"Banks, Credit Card Companies, Mortgage Providers|Finance and Insurance|Personal ASN|"
198315,Other,Personal ASN|
214706,Other,Validating RPKI ROV|
50873,Other,VPN Host|Food Services and Drinking Places|Travel and Accommodation|
198333,ISP,"Software Development|Internet Service Provider (ISP)|Computer and Information Technology|Law, Business, and Consulting Services"
42691,ISP,"Internet Service Provider (ISP)|Computer and Information Technology|Retail Stores, Wholesale, and E-commerce Sites|Utilities (Excluding Internet Service)"
42698,Other,Other|
42699,ISP,Hosting and Cloud Provider|Software Development|Computer and Information Technology|Internet Service Provider (ISP)
206545,Other,"Finance and Insurance|Banks, Credit Card Companies, Mortgage Providers|"
206549,Other,Computer and Information Technology|Radio and Television Providers|Manufacturing|Electronics and Computer Components
206551,Other,"Buildings, Repair, Maintenance (Pest Control, Landscaping, Cleaning, Locksmiths, Car Washes, etc)|Service|"
34520,Academic/Edu,Education and Research|Research and Development Organizations|
50905,Other,Software Development|Computer and Information Technology|
1754,ISP,Validating RPKI ROV|Computer and Information Technology|Internet Service Provider (ISP)|
206554,Unknown,
206555,ISP,Finance and Insurance|Insurance Carriers and Agencies|
214753,Eyeball,Personal ASN|Eyeball|
57338,Academic/Edu,"Media, Publishing, and Broadcasting|Boarding Houses, Dormitories, Workers’ Camps|Colleges, Universities, and Professional Schools|Manufacturing"
34531,Other,Software Development|Computer and Information Technology|
206564,ISP,VPN Host|Internet Service Provider (ISP)|Computer and Information Technology|Hosting and Cloud Provider
42730,Content/CDN,ToR Services|Computer and Information Technology|Hosting and Cloud Provider|Validating RPKI ROV
206578,ISP,Internet Service Provider (ISP)|Computer and Information Technology|
214771,Unknown,
34548,Other,"Retail Stores, Wholesale, and E-commerce Sites|"
34549,ISP,Content|Internet Service Provider (ISP)|Computer and Information Technology|Validating RPKI ROV
50932,ISP,Software Development|Computer and Information Technology|Internet Service Provider (ISP)|
206583,ISP,Internet Service Provider (ISP)|Computer and Information Technology|
214778,Unknown,
50943,Enterprise,"Real Estate (Residential and/or Commercial)|Service|Law, Business, and Consulting Services|Freight, Shipment, and Postal Services"
214784,Other,Personal ASN|
34564,Other,Software Development|Computer and Information Technology|Not Validating RPKI ROV|
206597,Other,Manufacturing|Machinery|Electronics and Computer Components|
34568,ISP,Not Validating RPKI ROV|Internet Service Provider (ISP)|Computer and Information Technology|
214792,Enterprise,Corporate/Enterprise|
214801,Other,Personal ASN|
50964,Content/CDN,Software Development|Service|Computer and Information Technology|Hosting and Cloud Provider
50965,Other,Service|
42777,Government,"Government and Public Administration|Government and Regulatory Agencies, Administrations, Departments, and Services|Law, Business, and Consulting Services|Service"
206618,Other,"Automotive and Transportation|Retail Stores, Wholesale, and E-commerce Sites|Manufacturing|Motor Vehicles and Parts"
206620,Enterprise,"Service|Law, Business, and Consulting Services|Retail Stores, Wholesale, and E-commerce Sites|"
34591,ISP,Software Development|Computer and Information Technology|Internet Service Provider (ISP)|
50978,Enterprise,"Service|Law, Business, and Consulting Services|"
198435,ISP,Government|Computer and Information Technology|Internet Service Provider (ISP)|
214827,Unknown,
198444,Academic/Edu,Construction and Real Estate|Elementary and Secondary Schools|Education and Research|Buildings (Residential or Commercial)
198453,Content/CDN,Computer and Information Technology|Hosting and Cloud Provider|Personal ASN|
34614,Other,Computer and Information Technology|
214840,Other,Personal ASN|
214844,Eyeball,Eyeball|
34624,ISP,Content|Internet Service Provider (ISP)|Computer and Information Technology|Server Hosting
42821,ISP,"Computer and Information Technology|Education and Research|Retail Stores, Wholesale, and E-commerce Sites|Other Schools, Instruction, and Exam Preparation (Trade Schools, Art Schools, Driving Instruction, etc.)"
51022,ISP,"Technology Consulting Services|Computer and Information Technology|Internet Service Provider (ISP)|Retail Stores, Wholesale, and E-commerce Sites"
214865,Other,Personal ASN|
34646,Other,"Service|Software Development|Personal Care and Lifestyle (Barber Shops, Nail Salons, Diet Centers, Laundry, etc)|Computer and Information Technology"
42840,ISP,Hosting and Cloud Provider|Internet Service Provider (ISP)|Computer and Information Technology|
1893,ISP,"Museums, Libraries, and Entertainment|Buildings, Repair, Maintenance (Pest Control, Landscaping, Cleaning, Locksmiths, Car Washes, etc)|Service|Hosting and Cloud Provider"
1895,Academic/Edu,"Education and Research|Colleges, Universities, and Professional Schools|"
42856,Other,Software Development|Computer and Information Technology|
1898,Other,Validating RPKI ROV|Personal ASN|
198506,Other,Construction and Real Estate|Real Estate (Residential and/or Commercial)|
214892,Other,Personal ASN|
51053,ISP,Finance and Insurance|Insurance Carriers and Agencies|
214895,Unknown,
51057,ISP,Software Development|Computer and Information Technology|Internet Service Provider (ISP)|
51058,Other,Personal ASN|Service|Computer and Information Technology|
214900,Unknown,
51061,ISP,Internet Service Provider (ISP)|Computer and Information Technology|
42873,Academic/Edu,Research and Development Organizations|Education and Research|
34685,Content/CDN,Computer and Information Technology|Hosting and Cloud Provider|
42879,Other,"Retail Stores, Wholesale, and E-commerce Sites|Metal, Glass, Wood, and Paper Manufacturing|Automotive and Transportation|Manufacturing"
214915,Unknown,
198533,ISP,Computer and Information Technology|Internet Service Provider (ISP)|
42886,ISP,Computer and Information Technology|Internet Service Provider (ISP)|
206727,Other,Service|
34701,Enterprise,"Machinery|Law, Business, and Consulting Services|Manufacturing|Service"
214928,Other,Personal ASN|Content|
206740,Academic/Edu,Education and Research|Personal ASN|
214932,Unknown,
206742,ISP,"Service|Internet Service Provider (ISP)|Computer and Information Technology|Law, Business, and Consulting Services"
214944,Unknown,
34722,Enterprise,"Service|Computer and Information Technology|Software Development|Law, Business, and Consulting Services"
214947,Unknown,
206761,ISP,Internet Service Provider (ISP)|Computer and Information Technology|Validating RPKI ROV|
51114,Other,Computer and Information Technology|
198570,ISP,Eyeball|Internet Service Provider (ISP)|Computer and Information Technology|Not Validating RPKI ROV
133036,ISP,"Media, Publishing, and Broadcasting|Travel and Accommodation|Internet Service Provider (ISP)|Hotels, Motels, Inns, Other Traveler Accommodation"
198571,ISP,Computer and Information Technology|Software Development|Internet Service Provider (ISP)|
198573,ISP,"Electric Power Generation, Transmission, Distribution|Software Development|Law, Business, and Consulting Services|Utilities (Excluding Internet Service)"
214953,Other,Personal ASN|
214960,Unknown,
42931,Other,Service|
198582,ISP,Internet Service Provider (ISP)|Computer and Information Technology|
51127,Content/CDN,"Computer and Information Technology|Retail Stores, Wholesale, and E-commerce Sites|Hosting and Cloud Provider|Software Development"
198584,Content/CDN,Content|Server Hosting|
206775,ISP,Internet Service Provider (ISP)|Software Development|Computer and Information Technology|
51131,ISP,Computer and Information Technology|Internet Service Provider (ISP)|
206780,ISP,Computer and Information Technology|Internet Service Provider (ISP)|
214971,Unknown,
51137,Content/CDN,"Service|Computer and Information Technology|Law, Business, and Consulting Services|Hosting and Cloud Provider"
214985,Unknown,
34764,ISP,Internet Service Provider (ISP)|Computer and Information Technology|
198605,ISP,Eyeball|Computer and Network Security|Software Development|Service
214992,Other,Personal ASN|
214996,Content/CDN,Content|Validating RPKI ROV|Server Hosting|ToR Services
42965,ISP,Home ISP|Computer and Information Technology|Internet Service Provider (ISP)|Not Validating RPKI ROV
214997,Unknown,
214999,Unknown,
42969,Academic/Edu,"Computer and Network Security|Service|Education and Research|Buildings, Repair, Maintenance (Pest Control, Landscaping, Cleaning, Locksmiths, Car Washes, etc)"
215004,Other,Personal ASN|
206813,Other,Community Groups and Nonprofits|
51167,ISP,Content|Internet Service Provider (ISP)|Computer and Information Technology|Hosting and Cloud Provider
51169,ISP,"Law, Business, and Consulting Services|Internet Service Provider (ISP)|Computer and Information Technology|Service"
215010,Unknown,
34788,ISP,Tranco 10k Host|Software Development|Internet Service Provider (ISP)|Computer and Information Technology
51176,ISP,"Construction and Real Estate|Service|Computer and Information Technology|Retail Stores, Wholesale, and E-commerce Sites"
34793,Other,Machinery|Computer and Information Technology|Manufacturing|Electronics and Computer Components
206825,ISP,Not Validating RPKI ROV|Computer and Information Technology|Internet Service Provider (ISP)|
42989,ISP,Computer and Information Technology|Internet Service Provider (ISP)|
206834,Enterprise,"Service|Law, Business, and Consulting Services|Computer and Information Technology|Media, Publishing, and Broadcasting"
206835,Eyeball,"Law, Business, and Consulting Services|Computer and Information Technology|Retail Stores, Wholesale, and E-commerce Sites|Real Estate (Residential and/or Commercial)"
34807,Other,Hospitals and Medical Centers|Health Care Services|
51191,Other,"Not Validating RPKI ROV|Retail Stores, Wholesale, and E-commerce Sites|"
215034,Other,Personal ASN|
34817,Enterprise,"Computer and Information Technology|Law, Business, and Consulting Services|Service|"
51201,Other,Community Groups and Nonprofits|
51202,ISP,Eyeball|Computer and Information Technology|Internet Service Provider (ISP)|Radio and Television Providers
51205,Other,"Retail Stores, Wholesale, and E-commerce Sites|Media, Publishing, and Broadcasting|Music and Video Industry|"
206855,Content/CDN,Hosting and Cloud Provider|Software Development|Computer and Information Technology|
215051,Unknown,
51215,Other,"Freight, Shipment, and Postal Services|Passenger Transit (Car, Bus, Taxi, Subway)|Not Validating RPKI ROV|"
198672,Other,Software Development|Computer and Information Technology|Validating RPKI ROV|
51217,Other,Service|
34834,Content/CDN,Software Development|Computer and Information Technology|Hosting and Cloud Provider|
59411,ISP,Computer and Information Technology|Internet Service Provider (ISP)|
198673,Other,"Automotive and Transportation|Manufacturing|Freight, Shipment, and Postal Services|Travel and Accommodation"
215061,Unknown,
198678,Unknown,
34839,Enterprise,"Print Media (Newspapers, Magazines, Books)|Law, Business, and Consulting Services|Service|Media, Publishing, and Broadcasting"
51224,Unknown,
43033,ISP,Electronics and Computer Components|Manufacturing|Computer and Information Technology|Internet Service Provider (ISP)
198680,Unknown,
215064,Unknown,
206880,ISP,Internet Service Provider (ISP)|Computer and Information Technology|
43043,ISP,Computer and Information Technology|Internet Service Provider (ISP)|
215080,Unknown,
51242,Other,"Hotels, Motels, Inns, Other Traveler Accommodation|Travel and Accommodation|"
59437,ISP,Internet Service Provider (ISP)|Computer and Information Technology|
198703,Government,"Media, Publishing, and Broadcasting|Radio and Television Providers|Government and Public Administration|Government and Regulatory Agencies, Administrations, Departments, and Services"
206899,Content/CDN,Hosting and Cloud Provider|Construction and Real Estate|Software Development|Computer and Information Technology
34868,ISP,Computer and Information Technology|Internet Service Provider (ISP)|
198710,ISP,Computer and Information Technology|Internet Service Provider (ISP)|
43066,Content/CDN,"Tranco 10k Host|Service|Government and Regulatory Agencies, Administrations, Departments, and Services|Law, Business, and Consulting Services"
206906,Eyeball,"Freight, Shipment, and Postal Services|Utilities (Excluding Internet Service)|Passenger Transit (Car, Bus, Taxi, Subway)|Steam and Air-Conditioning Supply"
34878,Academic/Edu,"Tranco 10k Host|Colleges, Universities, and Professional Schools|Education and Research|Validating RPKI ROV"
206915,ISP,Software Development|Internet Service Provider (ISP)|Computer and Information Technology|
2117,Academic/Edu,Education and Research|
198726,ISP,Eyeball|Computer and Information Technology|Internet Service Provider (ISP)|Not Validating RPKI ROV
206917,ISP,Finance and Insurance|Health Care Services|Service|Computer and Information Technology
2125,ISP,Internet Service Provider (ISP)|Electronics and Computer Components|Manufacturing|Computer and Information Technology
34895,ISP,"Server Hosting|Computer and Information Technology|Retail Stores, Wholesale, and E-commerce Sites|Internet Service Provider (ISP)"
59474,Other,Other|Validating RPKI ROV|
34899,ISP,Computer and Information Technology|Internet Service Provider (ISP)|
206936,ISP,"Banks, Credit Card Companies, Mortgage Providers|Computer and Information Technology|Internet Service Provider (ISP)|Finance and Insurance"
198745,Other,Service|
34906,Enterprise,"Service|Law, Business, and Consulting Services|"
215134,Other,Personal ASN|
206946,Other,"Retail Stores, Wholesale, and E-commerce Sites|"
215147,Eyeball,Eyeball|Validating RPKI ROV|Server Hosting|
34924,ISP,Travel and Accommodation|Computer and Information Technology|Internet Service Provider (ISP)|
34928,ISP,Computer and Information Technology|Software Development|Hosting and Cloud Provider|Internet Service Provider (ISP)
59507,ISP,Computer and Information Technology|Internet Service Provider (ISP)|
198775,ISP,Software Development|Internet Service Provider (ISP)|Computer and Information Technology|
34936,Other,Travel and Accommodation|
206970,ISP,Government and Public Administration|Computer and Information Technology|Internet Service Provider (ISP)|Computer and Network Security
215163,Other,Personal ASN|
51324,ISP,"Content|Law, Business, and Consulting Services|Software Development|Service"
206978,ISP,"Agriculture, Mining, and Refineries (Farming, Greenhouses, Mining, Forestry, and Animal Farming)|Sewage Treatment|Steam and Air-Conditioning Supply|Utilities (Excluding Internet Service)"
43140,ISP,Computer and Information Technology|Technology Consulting Services|Internet Service Provider (ISP)|
34953,ISP,Carrier|Computer and Information Technology|Internet Service Provider (ISP)|Not Validating RPKI ROV
43150,ISP,Hosting and Cloud Provider|Internet Service Provider (ISP)|Computer and Information Technology|ToR Services
206990,ISP,Software Development|Computer and Information Technology|Internet Service Provider (ISP)|
215185,Other,Event|
43155,Enterprise,"Law, Business, and Consulting Services|Steam and Air-Conditioning Supply|Electric Power Generation, Transmission, Distribution|Natural Gas Distribution"
34966,ISP,Personal ASN|Internet Service Provider (ISP)|Computer and Information Technology|Not Validating RPKI ROV
198807,ISP,"Computer and Information Technology|Finance and Insurance|Law, Business, and Consulting Services|Service"
34972,Other,Service|
215197,Unknown,
59552,Other,"Construction and Real Estate|Retail Stores, Wholesale, and E-commerce Sites|Service|Buildings (Residential or Commercial)"
198818,ISP,Computer and Information Technology|Internet Service Provider (ISP)|
207010,ISP,Technology Consulting Services|Software Development|Service|Internet Service Provider (ISP)
51364,Enterprise,"Service|Law, Business, and Consulting Services|Retail Stores, Wholesale, and E-commerce Sites|"
34982,Other,Electronics and Computer Components|Manufacturing|Computer and Information Technology|
59567,ISP,"Radio and Television Providers|Service|Internet Service Provider (ISP)|Media, Publishing, and Broadcasting"
59568,Academic/Edu,Software Development|Computer and Information Technology|Research and Development Organizations|Education and Research
43186,ISP,Computer and Information Technology|Internet Service Provider (ISP)|
51378,Other,"Recreation, Sports, and Performing Arts|Hospitals and Medical Centers|Media, Publishing, and Broadcasting|Health Care Services"
51379,Other,Software Development|Computer and Information Technology|
34997,ISP,Computer and Information Technology|Internet Service Provider (ISP)|
59570,Academic/Edu,Content|Education and Research|Personal ASN|
215218,Unknown,
43193,Government,"Tranco 10k Host|Government|Government and Public Administration|Government and Regulatory Agencies, Administrations, Departments, and Services"
35003,Enterprise,"Personal ASN|Service|Law, Business, and Consulting Services|"
51396,ISP,"Content|Construction and Real Estate|Software Development|Civil Engineering Construction (Utility Lines, Roads and Bridges)"
215236,Other,Personal ASN|
59592,ISP,Computer and Information Technology|Internet Service Provider (ISP)|
51401,ISP,"Media, Publishing, and Broadcasting|Software Development|Internet Service Provider (ISP)|Computer and Information Technology"
51402,ISP,"Eyeball|Retail Stores, Wholesale, and E-commerce Sites|Not Validating RPKI ROV|Home ISP"
207048,Enterprise,"Law, Business, and Consulting Services|Service|Buildings, Repair, Maintenance (Pest Control, Landscaping, Cleaning, Locksmiths, Car Washes, etc)|"
207053,Enterprise,Software Development|Computer and Information Technology|Service|Finance and Insurance
215245,Unknown,
215250,Other,Personal ASN|Validating RPKI ROV|
198870,Enterprise,"Software Development|Computer and Information Technology|Service|Law, Business, and Consulting Services"
51417,ISP,Internet Service Provider (ISP)|Computer and Information Technology|Hosting and Cloud Provider|Service
215258,Unknown,
35039,Content/CDN,"Tranco 10k Host|Computer and Information Technology|Hosting and Cloud Provider|Law, Business, and Consulting Services"
35042,Other,Validating RPKI ROV|Computer and Information Technology|Software Development|
35044,Other,"Finance and Insurance|Investment, Portfolio Management, Pensions and Funds|"
207077,Content/CDN,Personal ASN|Hosting and Cloud Provider|Computer and Information Technology|
207079,Other,"Personal ASN|Not Validating RPKI ROV|Passenger Transit (Car, Bus, Taxi, Subway)|Freight, Shipment, and Postal Services"
43241,Other,Service|Computer and Information Technology|
198889,Other,Personal ASN|
43243,Other,"Metal, Glass, Wood, and Paper Manufacturing|Manufacturing|Machinery|"
207082,Other,Computer and Information Technology|Software Development|
35053,ISP,"Hosting and Cloud Provider|Computer and Information Technology|Banks, Credit Card Companies, Mortgage Providers|Internet Service Provider (ISP)"
198893,Unknown,
215275,Eyeball,Eyeball|
215282,Unknown,
43252,ISP,Computer and Information Technology|Internet Service Provider (ISP)|
35061,Content/CDN,"Freight, Shipment, and Postal Services|Postal Services and Couriers|Computer and Information Technology|Hosting and Cloud Provider"
35062,ISP,"Internet Service Provider (ISP)|Computer and Information Technology|Service|Law, Business, and Consulting Services"
198904,ISP,"Utilities (Excluding Internet Service)|Internet Service Provider (ISP)|Computer and Information Technology|Electric Power Generation, Transmission, Distribution"
35065,Enterprise,"Law, Business, and Consulting Services|Museums, Libraries, and Entertainment|Validating RPKI ROV|Not Validating RPKI ROV"
59645,Academic/Edu,Personal ASN|Education and Research|Validating RPKI ROV|
215293,Unknown,
198913,ISP,"Content|Media, Publishing, and Broadcasting|Computer and Information Technology|Retail Stores, Wholesale, and E-commerce Sites"
207111,Other,"Retail Stores, Wholesale, and E-commerce Sites|Personal ASN|"
51467,Enterprise,"Law, Business, and Consulting Services|Buildings, Repair, Maintenance (Pest Control, Landscaping, Cleaning, Locksmiths, Car Washes, etc)|Service|"
207116,Other,Manufacturing|
215310,Content/CDN,Server Hosting|
198930,ISP,Home ISP|Computer and Information Technology|Internet Service Provider (ISP)|Not Validating RPKI ROV
51483,ISP,"Server Hosting|Internet Service Provider (ISP)|Computer and Information Technology|Law, Business, and Consulting Services"
43292,Academic/Edu,Computer and Information Technology|Software Development|Education and Research|
59675,ISP,Validating RPKI ROV|Software Development|Internet Service Provider (ISP)|Computer and Information Technology
198939,ISP,Computer and Network Security|Internet Service Provider (ISP)|Computer and Information Technology|
207139,Other,Service|
51492,ISP,Internet Service Provider (ISP)|Computer and Information Technology|
43304,Content/CDN,Software Development|Computer and Information Technology|Phone Provider|Hosting and Cloud Provider
43305,Other,"Investment, Portfolio Management, Pensions and Funds|Finance and Insurance|"
51496,ISP,Software Development|Internet Service Provider (ISP)|Manufacturing|Computer and Information Technology
215338,Unknown,
198956,Other,"Computer and Information Technology|Retail Stores, Wholesale, and E-commerce Sites|Technology Consulting Services|"
35117,Content/CDN,"Computer and Information Technology|Hosting and Cloud Provider|Software Development|Retail Stores, Wholesale, and E-commerce Sites"
215341,Unknown,
215344,Unknown,
198967,ISP,Eyeball|Computer and Information Technology|Internet Service Provider (ISP)|Not Validating RPKI ROV
207160,ISP,Computer and Information Technology|Internet Service Provider (ISP)|
59710,ISP,Internet Service Provider (ISP)|Computer and Information Technology|Not Validating RPKI ROV|
43329,ISP,Internet Service Provider (ISP)|Computer and Information Technology|Hosting and Cloud Provider|Service
59716,ISP,Internet Service Provider (ISP)|Computer and Information Technology|
215365,Content/CDN,Content|Server Hosting|
51527,Other,Tranco 10k Host|Computer and Information Technology|Software Development|
198983,Content/CDN,"Server Hosting|Retail Stores, Wholesale, and E-commerce Sites|"
51531,ISP,Computer and Information Technology|Internet Service Provider (ISP)|
207180,ISP,Internet Service Provider (ISP)|Hosting and Cloud Provider|Technology Consulting Services|Software Development
43341,ISP,Eyeball|Computer and Information Technology|Internet Service Provider (ISP)|Not Validating RPKI ROV
215372,Unknown,
35151,Other,"Freight, Shipment, and Postal Services|Retail Stores, Wholesale, and E-commerce Sites|Trucking|"
198996,Other,"Buildings, Repair, Maintenance (Pest Control, Landscaping, Cleaning, Locksmiths, Car Washes, etc)|Service|Retail Stores, Wholesale, and E-commerce Sites|"
43353,Enterprise,"Law, Business, and Consulting Services|Service|Buildings (Residential or Commercial)|Construction and Real Estate"
43354,Other,Tranco 10k Host|Music and Video Industry|Online Music and Video Streaming Services|Radio and Television Providers
35163,Other,Not Validating RPKI ROV|Other|
133466,Other,"Automotive and Transportation|Computer and Information Technology|Manufacturing|Retail Stores, Wholesale, and E-commerce Sites"
207193,Enterprise,"Service|Law, Business, and Consulting Services|"
207197,Other,"Software Development|Computer and Information Technology|Retail Stores, Wholesale, and E-commerce Sites|"
215389,Other,Personal ASN|
59745,ISP,Hosting and Cloud Provider|Computer and Information Technology|Internet Service Provider (ISP)|
35170,Enterprise,"Law, Business, and Consulting Services|Service|Computer and Information Technology|Construction and Real Estate"
207203,Eyeball,Eyeball|Computer and Information Technology|Hosting and Cloud Provider|Not Validating RPKI ROV
215398,Unknown,
59752,Other,"Computer and Information Technology|Retail Stores, Wholesale, and E-commerce Sites|"
215400,Other,Content|
207210,Other,"Utilities (Excluding Internet Service)|Electric Power Generation, Transmission, Distribution|"
51567,Other,Computer and Information Technology|Software Development|
215407,Unknown,
215412,Unknown,
51576,ISP,Computer and Information Technology|Education and Research|Internet Service Provider (ISP)|Research and Development Organizations
199033,Unknown,
59775,Enterprise,"Law, Business, and Consulting Services|Service|"
207234,ISP,Internet Service Provider (ISP)|Computer and Information Technology|
59780,ISP,"Internet Service Provider (ISP)|Education and Research|Research and Development Organizations|Retail Stores, Wholesale, and E-commerce Sites"
35205,ISP,Home ISP|Computer and Information Technology|Internet Service Provider (ISP)|Business Broadband
43397,Eyeball,Software Development|Computer and Information Technology|Corporate/Enterprise|Eyeball
35207,ISP,Not Validating RPKI ROV|Software Development|Internet Service Provider (ISP)|Computer and Information Technology
35208,Other,Software Development|Computer and Information Technology|Electronics and Computer Components|Manufacturing
59785,Other,"Food, Beverage, and Tobacco|Manufacturing|"
215431,Unknown,
207243,Other,Manufacturing|Electronics and Computer Components|Computer and Information Technology|
51598,Content/CDN,Service|Computer and Information Technology|Hosting and Cloud Provider|
43407,ISP,"Tranco 10k Host|Media, Publishing, and Broadcasting|Computer and Information Technology|Online Music and Video Streaming Services"
59790,ISP,Home ISP|Internet Service Provider (ISP)|Computer and Information Technology|Not Validating RPKI ROV
199056,Content/CDN,"Software Development|Hosting and Cloud Provider|Service|Law, Business, and Consulting Services"
207248,ISP,"Retail Stores, Wholesale, and E-commerce Sites|Technology Consulting Services|Internet Service Provider (ISP)|Computer and Information Technology"
207252,Content/CDN,Content|Validating RPKI ROV|Server Hosting|ToR Services
207253,ISP,"Computer and Information Technology|Electric Power Generation, Transmission, Distribution|Internet Service Provider (ISP)|Utilities (Excluding Internet Service)"
215444,Enterprise,Corporate/Enterprise|
35227,Other,"Electric Power Generation, Transmission, Distribution|Museums, Libraries, and Entertainment|Natural Gas Distribution|Utilities (Excluding Internet Service)"
207262,Other,"Food, Beverage, and Tobacco|Chemical and Pharmaceutical Manufacturing|Manufacturing|Retail Stores, Wholesale, and E-commerce Sites"
215458,Unknown,
215459,Unknown,
199079,ISP,Internet Service Provider (ISP)|Computer and Information Technology|
35242,ISP,Internet Service Provider (ISP)|Computer and Information Technology|Software Development|
59819,Other,"Software Development|Media, Publishing, and Broadcasting|Freight, Shipment, and Postal Services|Computer and Information Technology"
35244,ISP,Eyeball|Internet Service Provider (ISP)|Computer and Information Technology|Not Validating RPKI ROV
207277,Other,Software Development|Computer and Information Technology|
59822,Other,"Retail Stores, Wholesale, and E-commerce Sites|Clothing, Fashion, Luggage|"
199086,Enterprise,"Law, Business, and Consulting Services|Service|Media, Publishing, and Broadcasting|Finance and Insurance"
207278,Other,"Civil Engineering Construction (Utility Lines, Roads and Bridges)|Construction and Real Estate|"
215466,Other,Personal ASN|
199090,Other,"Online Informational Content|Media, Publishing, and Broadcasting|Print Media (Newspapers, Magazines, Books)|Not Validating RPKI ROV"
35252,Other,"Manufacturing|Retail Stores, Wholesale, and E-commerce Sites|"
207289,Enterprise,"Service|Law, Business, and Consulting Services|"
35258,ISP,Validating RPKI ROV|Internet Service Provider (ISP)|Computer and Information Technology|Not Validating RPKI ROV
43450,Enterprise,"Law, Business, and Consulting Services|Software Development|Service|Computer and Information Technology"
215482,Unknown,
43453,Enterprise,"Law, Business, and Consulting Services|Software Development|Service|Computer and Information Technology"
215485,Unknown,
43455,Other,Chemical and Pharmaceutical Manufacturing|Manufacturing|
199104,Other,"Banks, Credit Card Companies, Mortgage Providers|Finance and Insurance|"
35265,Other,"Utilities (Excluding Internet Service)|Electric Power Generation, Transmission, Distribution|"
207297,Other,"Service|Retail Stores, Wholesale, and E-commerce Sites|Buildings, Repair, Maintenance (Pest Control, Landscaping, Cleaning, Locksmiths, Car Washes, etc)|"
59843,ISP,"Law, Business, and Consulting Services|Service|Computer and Information Technology|Internet Service Provider (ISP)"
207298,ISP,Software Development|Internet Service Provider (ISP)|Computer and Information Technology|Hosting and Cloud Provider
59845,ISP,Computer and Information Technology|Internet Service Provider (ISP)|
207302,Other,"Human Rights and Social Advocacy (Human Rights, Environment and Wildlife Conservation, Other)|Community Groups and Nonprofits|"
215491,Other,Personal ASN|
199114,Other,Manufacturing|Health Care Services|Chemical and Pharmaceutical Manufacturing|
43467,Other,"Retail Stores, Wholesale, and E-commerce Sites|"
215500,Other,Personal ASN|
207309,Other,"Service|Software Development|Computer and Information Technology|Retail Stores, Wholesale, and E-commerce Sites"
199118,ISP,"ToR Services|Education and Research|Other Schools, Instruction, and Exam Preparation (Trade Schools, Art Schools, Driving Instruction, etc.)|Internet Service Provider (ISP)"
215504,Unknown,
199121,ISP,"Software Development|Retail Stores, Wholesale, and E-commerce Sites|Computer and Information Technology|Manufacturing"
215509,Other,Personal ASN|
51671,Other,"Hotels, Motels, Inns, Other Traveler Accommodation|Travel and Accommodation|"
51673,Other,"Freight, Shipment, and Postal Services|Banks, Credit Card Companies, Mortgage Providers|Finance and Insurance|Travel and Accommodation"
35292,Other,Computer and Information Technology|Personal ASN|
215517,Unknown,
215518,Unknown,
207327,ISP,"Law, Business, and Consulting Services|Service|Internet Service Provider (ISP)|Computer and Information Technology"
207334,ISP,"Retail Stores, Wholesale, and E-commerce Sites|Software Development|Computer and Information Technology|Internet Service Provider (ISP)"
199144,Academic/Edu,"Software Development|Computer and Information Technology|Banks, Credit Card Companies, Mortgage Providers|Research and Development Organizations"
59881,Other,"Passenger Transit (Car, Bus, Taxi, Subway)|Railroad Transportation|Freight, Shipment, and Postal Services|"
149993,ISP,Computer and Information Technology|Internet Service Provider (ISP)|
35309,Other,"Phone Provider|Utilities (Excluding Internet Service)|Software Development|Retail Stores, Wholesale, and E-commerce Sites"
43503,ISP,Computer and Information Technology|Internet Service Provider (ISP)|
51699,ISP,Computer and Information Technology|Internet Service Provider (ISP)|
43509,Other,"Banks, Credit Card Companies, Mortgage Providers|Finance and Insurance|"
215544,Unknown,
35321,Other,Construction and Real Estate|
199163,ISP,"Not Validating RPKI ROV|Computer and Information Technology|Retail Stores, Wholesale, and E-commerce Sites|Internet Service Provider (ISP)"
215547,Unknown,
215550,Unknown,
35329,ISP,Hosting and Cloud Provider|Computer and Information Technology|Internet Service Provider (ISP)|Software Development
51714,ISP,Software Development|Computer and Information Technology|Internet Service Provider (ISP)|Education and Research
43524,ISP,Internet Service Provider (ISP)|Computer and Information Technology|
207364,ISP,Software Development|Internet Service Provider (ISP)|Computer and Information Technology|
215556,Unknown,
215558,Unknown,
51720,ISP,"Internet Service Provider (ISP)|Computer and Information Technology|Service|Law, Business, and Consulting Services"
199176,ISP,Computer and Information Technology|Internet Service Provider (ISP)|
215561,Other,Personal ASN|
215562,Unknown,
215563,Unknown,
43536,ISP,Phone Provider|Software Development|Internet Service Provider (ISP)|Computer and Information Technology
59921,Eyeball,Eyeball|Validating RPKI ROV|Water Supply and Irrigation|Natural Gas Distribution
215569,Eyeball,Eyeball|
51733,ISP,Not Validating RPKI ROV|Computer and Network Security|Software Development|Government and Public Administration
215576,Unknown,
35366,ISP,Content|Computer and Information Technology|Education and Research|Software Development
35368,Enterprise,Railroad Transportation|Manufacturing|Automotive and Transportation|Service
207404,Enterprise,"Service|Law, Business, and Consulting Services|Chemical and Pharmaceutical Manufacturing|Metal, Glass, Wood, and Paper Manufacturing"
43566,ISP,"Software Development|Computer and Information Technology|Internet Service Provider (ISP)|Media, Publishing, and Broadcasting"
207407,Other,Machinery|Manufacturing|Electronics and Computer Components|
207408,ISP,ToR Services|Server Hosting|Not Validating RPKI ROV|Hosting and Cloud Provider
199218,ISP,VPN Host|Computer and Information Technology|Internet Service Provider (ISP)|
207411,Enterprise,"Service|Construction and Real Estate|Real Estate (Residential and/or Commercial)|Law, Business, and Consulting Services"
215606,Unknown,
35388,ISP,"Computer and Information Technology|Retail Stores, Wholesale, and E-commerce Sites|Software Development|Internet Service Provider (ISP)"
59965,ISP,Computer and Information Technology|Internet Service Provider (ISP)|
35391,Enterprise,"Machinery|Manufacturing|Service|Law, Business, and Consulting Services"
59971,Enterprise,"Service|Freight, Shipment, and Postal Services|Law, Business, and Consulting Services|"
199241,Other,Personal ASN|
207436,ISP,Internet Service Provider (ISP)|Computer and Information Technology|
51795,Other,"Media, Publishing, and Broadcasting|Radio and Television Providers|"
43607,Eyeball,Community Groups and Nonprofits|Server Hosting|Eyeball|
59991,Other,Service|
215641,Unknown,
207455,Other,Service|
43617,Enterprise,"Law, Business, and Consulting Services|Service|Personal ASN|"
215649,Unknown,
60003,Academic/Edu,"Other Schools, Instruction, and Exam Preparation (Trade Schools, Art Schools, Driving Instruction, etc.)|Software Development|Computer and Information Technology|Education and Research"
207460,ISP,Internet Service Provider (ISP)|Computer and Information Technology|
215653,Unknown,
43623,ISP,"Content|Music and Video Industry|Law, Business, and Consulting Services|Online Informational Content"
199271,ISP,"Finance and Insurance|Service|Insurance Carriers and Agencies|Law, Business, and Consulting Services"
215658,Unknown,
215665,Eyeball,Eyeball|Personal ASN|
51827,ISP,Internet Service Provider (ISP)|Computer and Information Technology|
60020,Content/CDN,Computer and Information Technology|Hosting and Cloud Provider|
199284,ISP,Eyeball|Computer and Information Technology|Internet Service Provider (ISP)|Validating RPKI ROV
207481,ISP,Not Validating RPKI ROV|Internet Service Provider (ISP)|Computer and Information Technology|Software Development
51834,Other,"Retail Stores, Wholesale, and E-commerce Sites|"
199294,ISP,Software Development|Internet Service Provider (ISP)|Computer and Information Technology|
51839,Academic/Edu,"Education and Research|Other Schools, Instruction, and Exam Preparation (Trade Schools, Art Schools, Driving Instruction, etc.)|"
207486,ISP,"Internet Service Provider (ISP)|Software Development|Law, Business, and Consulting Services|Computer and Information Technology"
207491,Other,"Retail Stores, Wholesale, and E-commerce Sites|Clothing, Fashion, Luggage|Personal ASN|"
199306,Other,"Freight, Shipment, and Postal Services|Chemical and Pharmaceutical Manufacturing|Utilities (Excluding Internet Service)|Manufacturing"
207498,ISP,"Retail Stores, Wholesale, and E-commerce Sites|Computer and Information Technology|Internet Service Provider (ISP)|"
60044,ISP,Computer and Information Technology|Internet Service Provider (ISP)|
207499,Other,Computer and Information Technology|Service|Finance and Insurance|Real Estate (Residential and/or Commercial)
207503,Other,"Retail Stores, Wholesale, and E-commerce Sites|"
51861,Enterprise,"Personal ASN|Service|Freight, Shipment, and Postal Services|Buildings, Repair, Maintenance (Pest Control, Landscaping, Cleaning, Locksmiths, Car Washes, etc)"
51862,ISP,Internet Service Provider (ISP)|Computer and Information Technology|
51871,ISP,Validating RPKI ROV|Computer and Information Technology|Internet Service Provider (ISP)|
60063,Other,"Electric Power Generation, Transmission, Distribution|Utilities (Excluding Internet Service)|"
60068,ISP,Carrier|Internet Service Provider (ISP)|Online Music and Video Streaming Services|Computer and Information Technology
60069,Academic/Edu,Manufacturing|Automotive and Transportation|Research and Development Organizations|Education and Research
215717,Other,"Retail Stores, Wholesale, and E-commerce Sites|"
51887,ISP,"Research and Development Organizations|Computer and Information Technology|Education and Research|Retail Stores, Wholesale, and E-commerce Sites"
207535,ISP,Internet Service Provider (ISP)|Computer and Information Technology|
43701,Other,"Electronics and Computer Components|Metal, Glass, Wood, and Paper Manufacturing|Automotive and Transportation|Machinery"
51895,ISP,"Content|Server Hosting|Computer and Information Technology|Media, Publishing, and Broadcasting"
199354,Academic/Edu,"Colleges, Universities, and Professional Schools|Research and Development Organizations|Education and Research|Academic"
35515,ISP,Software Development|Service|Computer and Information Technology|Internet Service Provider (ISP)
60091,ISP,Internet Service Provider (ISP)|Computer and Information Technology|
215738,Content/CDN,Server Hosting|
215744,Other,"Retail Stores, Wholesale, and E-commerce Sites|"
51906,ISP,"Internet Service Provider (ISP)|Hosting and Cloud Provider|Retail Stores, Wholesale, and E-commerce Sites|Computer and Information Technology"
215747,Unknown,
43722,Academic/Edu,"Education and Research|Service|Retail Stores, Wholesale, and E-commerce Sites|"
215756,ISP,Computer and Information Technology|Internet Service Provider (ISP)|Corporate/Enterprise|Eyeball
35536,ISP,Software Development|Technology Consulting Services|Internet Service Provider (ISP)|Computer and Information Technology
35537,ISP,Internet Service Provider (ISP)|Computer and Information Technology|
43729,ISP,Internet Service Provider (ISP)|Computer and Information Technology|
51922,Enterprise,"Clothing, Fashion, Luggage|Service|Law, Business, and Consulting Services|Retail Stores, Wholesale, and E-commerce Sites"
207570,ISP,"Software Development|Internet Service Provider (ISP)|Computer and Information Technology|Retail Stores, Wholesale, and E-commerce Sites"
2773,ISP,Phone Provider|Service|Computer and Information Technology|Internet Service Provider (ISP)
207572,ISP,Natural Gas Distribution|Steam and Air-Conditioning Supply|Utilities (Excluding Internet Service)|Internet Service Provider (ISP)
2775,ISP,"Service|Retail Stores, Wholesale, and E-commerce Sites|Computer and Information Technology|Phone Provider"
2776,ISP,"Computer and Information Technology|Service|Retail Stores, Wholesale, and E-commerce Sites|Internet Service Provider (ISP)"
2777,ISP,Phone Provider|Internet Service Provider (ISP)|Computer and Information Technology|Service
2778,ISP,Phone Provider|Service|Internet Service Provider (ISP)|Computer and Information Technology
60123,Government,"Government and Public Administration|Government and Regulatory Agencies, Administrations, Departments, and Services|"
2780,ISP,"Service|Retail Stores, Wholesale, and E-commerce Sites|Phone Provider|Internet Service Provider (ISP)"
35548,ISP,"Computer and Information Technology|Retail Stores, Wholesale, and E-commerce Sites|Software Development|Internet Service Provider (ISP)"
2782,ISP,"Phone Provider|Internet Service Provider (ISP)|Service|Retail Stores, Wholesale, and E-commerce Sites"
199388,Other,"Online Informational Content|Media, Publishing, and Broadcasting|"
60128,Content/CDN,"Computer and Information Technology|Finance and Insurance|Law, Business, and Consulting Services|Service"
207580,ISP,Computer and Network Security|Software Development|Computer and Information Technology|Internet Service Provider (ISP)
207584,Other,"Computer and Information Technology|Service|Media, Publishing, and Broadcasting|Software Development"
215770,Other,Service|
215774,ISP,Computer and Information Technology|Internet Service Provider (ISP)|
215775,Unknown,
2792,ISP,Validating RPKI ROV|Computer and Information Technology|Internet Service Provider (ISP)|
207592,ISP,Tranco 10k Host|Internet Service Provider (ISP)|Hosting and Cloud Provider|Software Development
215787,Content/CDN,Server Hosting|Hosting and Cloud Provider|Computer and Information Technology|
207597,Other,Chemical and Pharmaceutical Manufacturing|Manufacturing|
215792,Other,"Agriculture, Mining, and Refineries (Farming, Greenhouses, Mining, Forestry, and Animal Farming)|Utilities (Excluding Internet Service)|"
199412,Other,Software Development|Computer and Information Technology|
215797,Academic/Edu,Education and Research|
60150,Other,"Validating RPKI ROV|Retail Stores, Wholesale, and E-commerce Sites|"
199414,Other,"Content|Retail Stores, Wholesale, and E-commerce Sites|Anycast|"
207611,Academic/Edu,Education and Research|
215804,Unknown,
199421,ISP,Internet Service Provider (ISP)|Computer and Information Technology|
207613,ISP,Computer and Information Technology|Internet Service Provider (ISP)|Personal ASN|
60164,Enterprise,"Software Development|Law, Business, and Consulting Services|Service|Computer and Information Technology"
2822,Other,"Retail Stores, Wholesale, and E-commerce Sites|Food, Grocery, Beverages|Personal ASN|"
60167,ISP,"Computer and Information Technology|Retail Stores, Wholesale, and E-commerce Sites|Software Development|Internet Service Provider (ISP)"
207622,Other,Service|
60169,ISP,Carrier|Computer and Information Technology|Internet Service Provider (ISP)|
51978,ISP,Home ISP|Computer and Information Technology|Internet Service Provider (ISP)|Validating RPKI ROV
60170,Other,"Human Rights and Social Advocacy (Human Rights, Environment and Wildlife Conservation, Other)|Community Groups and Nonprofits|"
43788,ISP,Internet Service Provider (ISP)|Computer and Information Technology|Software Development|
207626,Other,"Banks, Credit Card Companies, Mortgage Providers|Finance and Insurance|"
199438,ISP,Internet Service Provider (ISP)|Computer and Information Technology|
60175,ISP,Not Validating RPKI ROV|Internet Service Provider (ISP)|Computer and Information Technology|Manufacturing
207630,ISP,"Internet Service Provider (ISP)|Software Development|Retail Stores, Wholesale, and E-commerce Sites|Computer and Information Technology"
215820,ISP,Computer and Information Technology|Internet Service Provider (ISP)|Personal ASN|
215828,Eyeball,Eyeball|Validating RPKI ROV|
60181,Content/CDN,"Service|Law, Business, and Consulting Services|Computer and Information Technology|Hosting and Cloud Provider"
35607,ISP,"Retail Stores, Wholesale, and E-commerce Sites|Manufacturing|Internet Service Provider (ISP)|Machinery"
215835,ISP,Internet Service Provider (ISP)|Computer and Information Technology|
215837,ISP,Content|Server Hosting|Internet Service Provider (ISP)|Computer and Information Technology
215838,ISP,Computer and Information Technology|Internet Service Provider (ISP)|
52001,Other,"Computer and Information Technology|Retail Stores, Wholesale, and E-commerce Sites|Service|"
35618,Content/CDN,"Hosting and Cloud Provider|Print Media (Newspapers, Magazines, Books)|Computer and Information Technology|Media, Publishing, and Broadcasting"
2851,ISP,Internet Service Provider (ISP)|Computer and Information Technology|
133924,Other,Manufacturing|
2857,Eyeball,"Eyeball|Colleges, Universities, and Professional Schools|Education and Research|Validating RPKI ROV"
215849,ISP,Internet Service Provider (ISP)|Computer and Information Technology|Personal ASN|Eyeball
52012,Other,Machinery|Manufacturing|Automotive and Transportation|
2861,Other,Buildings (Residential or Commercial)|Construction and Real Estate|Validating RPKI ROV|
199471,Eyeball,Eyeball|Validating RPKI ROV|Personal ASN|
60209,ISP,Service|Internet Service Provider (ISP)|Computer and Information Technology|
60211,ISP,Computer and Information Technology|Internet Service Provider (ISP)|
199476,ISP,Computer and Information Technology|Internet Service Provider (ISP)|
215859,ISP,Content|Internet Service Provider (ISP)|Computer and Information Technology|Server Hosting
215866,ISP,Computer and Information Technology|Internet Service Provider (ISP)|
207678,Other,"Recreation, Sports, and Performing Arts|Museums, Libraries, and Entertainment|"
199488,ISP,Personal ASN|Computer and Information Technology|Internet Service Provider (ISP)|Software Development
215876,Other,Service|
52038,Other,"Food, Grocery, Beverages|Food, Beverage, and Tobacco|Freight, Shipment, and Postal Services|Manufacturing"
43847,ISP,ToR Services|Internet Service Provider (ISP)|Hosting and Cloud Provider|Computer and Information Technology
207686,ISP,Computer and Information Technology|Internet Service Provider (ISP)|
35657,Other,"Media, Publishing, and Broadcasting|Online Informational Content|"
215879,ISP,Computer and Information Technology|Internet Service Provider (ISP)|
35659,Other,Software Development|Computer and Information Technology|
60235,Other,"Retail Stores, Wholesale, and E-commerce Sites|Computer and Information Technology|"
43857,ISP,Validating RPKI ROV|Computer and Information Technology|Internet Service Provider (ISP)|
52051,ISP,Computer and Information Technology|Internet Service Provider (ISP)|
207706,Other,"Retail Stores, Wholesale, and E-commerce Sites|"
35675,Other,Community Groups and Nonprofits|
43868,ISP,Software Development|Internet Service Provider (ISP)|Computer and Information Technology|
35677,Government,"Government and Regulatory Agencies, Administrations, Departments, and Services|Government and Public Administration|Banks, Credit Card Companies, Mortgage Providers|Finance and Insurance"
60253,ISP,Software Development|Internet Service Provider (ISP)|Computer and Information Technology|
35679,Government,"Government and Public Administration|Government and Regulatory Agencies, Administrations, Departments, and Services|Museums, Libraries, and Entertainment|"
60254,Content/CDN,Service|Computer and Information Technology|Hosting and Cloud Provider|Corporate/Enterprise
207707,Other,"Motor Vehicles and Parts|Manufacturing|Automotive and Transportation|Retail Stores, Wholesale, and E-commerce Sites"
215898,Unknown,
35684,ISP,Software Development|Internet Service Provider (ISP)|Government and Public Administration|Computer and Information Technology
207716,Academic/Edu,Education and Research|
60264,Enterprise,"Natural Gas Distribution|Law, Business, and Consulting Services|Service|Retail Stores, Wholesale, and E-commerce Sites"
207720,Other,Computer and Information Technology|Manufacturing|Electronics and Computer Components|Software Development
207721,Other,Computer and Information Technology|
60272,Other,"Food, Beverage, and Tobacco|Chemical and Pharmaceutical Manufacturing|Manufacturing|"
207732,ISP,Software Development|Computer and Information Technology|Internet Service Provider (ISP)|
35704,Content/CDN,Tranco 10k Host|Computer and Information Technology|Hosting and Cloud Provider|Government
43897,Eyeball,"Machinery|Metal, Glass, Wood, and Paper Manufacturing|Manufacturing|Retail Stores, Wholesale, and E-commerce Sites"
52088,ISP,Computer and Information Technology|Internet Service Provider (ISP)|Validating RPKI ROV|
207738,ISP,"Online Informational Content|Computer and Information Technology|Media, Publishing, and Broadcasting|Internet Service Provider (ISP)"
35708,ISP,Computer and Information Technology|Internet Service Provider (ISP)|
207741,Academic/Edu,"Service|Education and Research|Retail Stores, Wholesale, and E-commerce Sites|"
35710,ISP,Validating RPKI ROV|Computer and Information Technology|Internet Service Provider (ISP)|
43902,ISP,Computer and Information Technology|Hosting and Cloud Provider|Internet Service Provider (ISP)|ToR Services
207749,Other,"Chemical and Pharmaceutical Manufacturing|Natural Gas Distribution|Passenger Transit (Car, Bus, Taxi, Subway)|Utilities (Excluding Internet Service)"
43910,Other,"Retail Stores, Wholesale, and E-commerce Sites|Computer and Network Security|Software Development|Computer and Information Technology"
43911,ISP,Computer and Information Technology|Internet Service Provider (ISP)|Personal ASN|
60294,ISP,Eyeball|Internet Service Provider (ISP)|Computer and Information Technology|Not Validating RPKI ROV
35721,Enterprise,"Law, Business, and Consulting Services|Service|Investment, Portfolio Management, Pensions and Funds|Finance and Insurance"
60295,Other,Other|
199563,ISP,Health Care Services|Computer and Information Technology|Internet Service Provider (ISP)|Manufacturing
35724,ISP,"Internet Service Provider (ISP)|Freight, Shipment, and Postal Services|Computer and Information Technology|Software Development"
52112,Content/CDN,Content|Buildings (Residential or Commercial)|Construction and Real Estate|Server Hosting
52113,ISP,Hosting and Cloud Provider|Computer and Information Technology|Software Development|Service
60305,ISP,"Retail Stores, Wholesale, and E-commerce Sites|Software Development|Computer and Information Technology|Internet Service Provider (ISP)"
60307,Other,"Retail Stores, Wholesale, and E-commerce Sites|"
199574,Other,Service|
215960,Other,Computer and Information Technology|Personal ASN|
199578,Academic/Edu,"Academic|Education and Research|Colleges, Universities, and Professional Schools|Validating RPKI ROV"
35739,Other,Radio and Television Providers|Online Informational Content|Tranco 10k Host|Not Validating RPKI ROV
60316,ISP,Internet Service Provider (ISP)|Computer and Information Technology|
207776,ISP,Internet Service Provider (ISP)|Computer and Information Technology|Software Development|
35746,Academic/Edu,"Service|Other Schools, Instruction, and Exam Preparation (Trade Schools, Art Schools, Driving Instruction, etc.)|Software Development|Computer and Information Technology"
207781,Eyeball,Eyeball|Personal ASN|Manufacturing|Machinery
199597,Other,"Food Services and Drinking Places|Recreation, Sports, and Performing Arts|Travel and Accommodation|Museums, Libraries, and Entertainment"
207790,ISP,Computer and Information Technology|Internet Service Provider (ISP)|
207793,ISP,"Retail Stores, Wholesale, and E-commerce Sites|Civil Engineering Construction (Utility Lines, Roads and Bridges)|Law, Business, and Consulting Services|Service"
215986,Unknown,
215987,ISP,Computer and Information Technology|Internet Service Provider (ISP)|
43959,ISP,Internet Service Provider (ISP)|Technology Consulting Services|Computer and Information Technology|Hosting and Cloud Provider
60344,Enterprise,"Health Care Services|Service|Buildings, Repair, Maintenance (Pest Control, Landscaping, Cleaning, Locksmiths, Car Washes, etc)|Law, Business, and Consulting Services"
60345,Eyeball,Eyeball|Research and Development Organizations|Education and Research|Software Development
215992,ISP,Computer and Information Technology|Software Development|Internet Service Provider (ISP)|
199610,ISP,Content|Internet Service Provider (ISP)|Computer and Information Technology|Hosting and Cloud Provider
215996,ISP,Computer and Information Technology|Internet Service Provider (ISP)|
52158,Other,"Buildings, Repair, Maintenance (Pest Control, Landscaping, Cleaning, Locksmiths, Car Washes, etc)|Civil Engineering Construction (Utility Lines, Roads and Bridges)|Service|Electronics and Computer Components"
60351,ISP,Internet Service Provider (ISP)|Computer and Information Technology|
43978,ISP,"Software Development|Law, Business, and Consulting Services|Internet Service Provider (ISP)|Service"
43980,Other,"Freight, Shipment, and Postal Services|Retail Stores, Wholesale, and E-commerce Sites|Travel and Accommodation|Food Services and Drinking Places"
207821,ISP,Validating RPKI ROV|Internet Service Provider (ISP)|Computer and Information Technology|
216020,Unknown,
43992,ISP,Internet Service Provider (ISP)|Computer and Information Technology|Technology Consulting Services|
207834,Other,"Travel and Accommodation|Hotels, Motels, Inns, Other Traveler Accommodation|"
35803,Other,"Banks, Credit Card Companies, Mortgage Providers|Finance and Insurance|"
60380,ISP,Hosting and Cloud Provider|Computer and Information Technology|Internet Service Provider (ISP)|
199644,Other,"Clothing, Fashion, Luggage|Manufacturing|Retail Stores, Wholesale, and E-commerce Sites|"
199645,ISP,Internet Service Provider (ISP)|Computer and Information Technology|
44003,Other,"Travel and Accommodation|Freight, Shipment, and Postal Services|Trucking|"
60393,Other,"Retail Stores, Wholesale, and E-commerce Sites|Buildings, Repair, Maintenance (Pest Control, Landscaping, Cleaning, Locksmiths, Car Washes, etc)|Service|Not Validating RPKI ROV"
216043,Unknown,
60400,Enterprise,"Software Development|Service|Law, Business, and Consulting Services|Computer and Information Technology"
44017,Other,Community Groups and Nonprofits|
44018,Other,"Freight, Shipment, and Postal Services|Software Development|Computer and Information Technology|"
44023,Other,"Online Informational Content|Radio and Television Providers|Media, Publishing, and Broadcasting|"
35833,ISP,Validating RPKI ROV|Computer and Information Technology|Internet Service Provider (ISP)|
199679,ISP,"Software Development|Hosting and Cloud Provider|Retail Stores, Wholesale, and E-commerce Sites|Computer and Information Technology"
207871,ISP,Not Validating RPKI ROV|Internet Service Provider (ISP)|Computer and Information Technology|
60417,Academic/Edu,Construction and Real Estate|Real Estate (Residential and/or Commercial)|Automotive and Transportation|Manufacturing
199681,ISP,Internet Service Provider (ISP)|Computer and Information Technology|Personal ASN|
216063,ISP,ToR Services|Internet Service Provider (ISP)|Computer and Information Technology|
216065,Unknown,
216067,ISP,Computer and Information Technology|Software Development|Internet Service Provider (ISP)|
207878,Other,"Freight, Shipment, and Postal Services|"
216071,ISP,Content|Computer and Information Technology|Internet Service Provider (ISP)|Server Hosting
207880,Other,"Retail Stores, Wholesale, and E-commerce Sites|Personal ASN|"
207882,ISP,Computer and Information Technology|Internet Service Provider (ISP)|
216078,ISP,Internet Service Provider (ISP)|Computer and Information Technology|
216079,Other,"Online Informational Content|Media, Publishing, and Broadcasting|Personal ASN|Content"
207888,ISP,Internet Service Provider (ISP)|Computer and Information Technology|
216081,Unknown,
216084,Content/CDN,Server Hosting|
199703,Unknown,
44058,ISP,Software Development|Computer and Information Technology|Internet Service Provider (ISP)|
207902,Other,"Retail Stores, Wholesale, and E-commerce Sites|"
216094,ISP,Internet Service Provider (ISP)|Computer and Information Technology|
44064,ISP,"Computer and Information Technology|Retail Stores, Wholesale, and E-commerce Sites|Internet Service Provider (ISP)|Software Development"
44066,ISP,Eyeball|Internet Service Provider (ISP)|Computer and Information Technology|Not Validating RPKI ROV
207908,Other,"Media, Publishing, and Broadcasting|Music and Video Industry|Personal ASN|"
60454,Enterprise,"Law, Business, and Consulting Services|Service|Metal, Glass, Wood, and Paper Manufacturing|Manufacturing"
44076,Other,Computer and Information Technology|
60461,ISP,Computer and Information Technology|Internet Service Provider (ISP)|
199725,Other,"Manufacturing|Electronics and Computer Components|Retail Stores, Wholesale, and E-commerce Sites|"
207918,Other,"Retail Stores, Wholesale, and E-commerce Sites|"
207921,Other,"Retail Stores, Wholesale, and E-commerce Sites|"
216114,Other,Software Development|Computer and Information Technology|Manufacturing|Health Care Services
207926,ISP,Internet Service Provider (ISP)|Computer and Information Technology|
60480,Other,"Personal Care and Lifestyle (Barber Shops, Nail Salons, Diet Centers, Laundry, etc)|Service|"
60481,Enterprise,"Law, Business, and Consulting Services|Service|Community Groups and Nonprofits|"
207939,Enterprise,"Law, Business, and Consulting Services|Service|Computer and Information Technology|"
216134,Other,"Manufacturing|Automotive and Transportation|Retail Stores, Wholesale, and E-commerce Sites|"
207943,Other,"Construction and Real Estate|Civil Engineering Construction (Utility Lines, Roads and Bridges)|"
199753,ISP,"VPN Host|Computer and Information Technology|Internet Service Provider (ISP)|Other Schools, Instruction, and Exam Preparation (Trade Schools, Art Schools, Driving Instruction, etc.)"
207946,Enterprise,"Service|Freight, Shipment, and Postal Services|Law, Business, and Consulting Services|Computer and Information Technology"
216150,ISP,Internet Service Provider (ISP)|Computer and Information Technology|
207959,ISP,"Service|Hosting and Cloud Provider|Computer and Information Technology|Media, Publishing, and Broadcasting"
216152,Other,"Other|Retail Stores, Wholesale, and E-commerce Sites|Food, Grocery, Beverages|"
207961,Other,"Freight, Shipment, and Postal Services|"
3163,ISP,Internet Service Provider (ISP)|Computer and Information Technology|VPN Host|Validating RPKI ROV
207968,Other,"Personal ASN|Social Assistance (Temporary Shelters, Emergency Relief, Child Day Care, etc)|Service|Community Groups and Nonprofits"
44131,Other,Computer and Information Technology|Search|
216168,Other,"Electric Power Generation, Transmission, Distribution|Utilities (Excluding Internet Service)|Agriculture, Mining, and Refineries (Farming, Greenhouses, Mining, Forestry, and Animal Farming)|"
60522,ISP,Eyeball|Internet Service Provider (ISP)|Computer and Information Technology|Not Validating RPKI ROV
199786,Other,"Freight, Shipment, and Postal Services|"
199789,ISP,Internet Service Provider (ISP)|Computer and Information Technology|
216176,Other,Validating RPKI ROV|Personal ASN|
44152,Other,Computer and Information Technology|Software Development|
199801,Enterprise,"Accountants, Tax Preparers, Payroll Services|Finance and Insurance|Law, Business, and Consulting Services|Service"
60538,Other,"Software Development|Computer and Information Technology|Banks, Credit Card Companies, Mortgage Providers|Finance and Insurance"
44156,ISP,Manufacturing|Computer and Information Technology|Machinery|Internet Service Provider (ISP)
216188,ISP,ToR Services|Internet Service Provider (ISP)|Computer and Information Technology|
207999,ISP,"Service|Computer and Information Technology|Media, Publishing, and Broadcasting|Software Development"
216197,Academic/Edu,Education and Research|
60550,Content/CDN,Content|Computer and Information Technology|Hosting and Cloud Provider|
3209,ISP,Eyeball|Computer and Information Technology|Internet Service Provider (ISP)|Not Validating RPKI ROV
3211,ISP,Phone Provider|Computer and Information Technology|Internet Service Provider (ISP)|
208013,Content/CDN,"Hosting and Cloud Provider|Software Development|Computer and Information Technology|Retail Stores, Wholesale, and E-commerce Sites"
3214,ISP,Content|Computer and Information Technology|Internet Service Provider (ISP)|Validating RPKI ROV
199822,ISP,Internet Service Provider (ISP)|Computer and Information Technology|
208015,ISP,Software Development|Service|Computer and Information Technology|Internet Service Provider (ISP)
44177,Other,Computer and Information Technology|
44178,ISP,Internet Service Provider (ISP)|Computer and Information Technology|
208016,Other,Computer and Information Technology|
44180,ISP,"Eyeball|Computer and Information Technology|Internet Service Provider (ISP)|Retail Stores, Wholesale, and E-commerce Sites"
208025,ISP,Internet Service Provider (ISP)|Computer and Information Technology|Software Development|
60571,Other,Food Services and Drinking Places|Travel and Accommodation|
208028,Other,"Buildings, Repair, Maintenance (Pest Control, Landscaping, Cleaning, Locksmiths, Car Washes, etc)|Service|"
216219,Unknown,
60574,ISP,Internet Service Provider (ISP)|Computer and Information Technology|
216223,ISP,Internet Service Provider (ISP)|Computer and Information Technology|
60576,Other,"Museums, Libraries, and Entertainment|Software Development|Computer and Information Technology|"
44194,Other,"Validating RPKI ROV|Community Groups and Nonprofits|Human Rights and Social Advocacy (Human Rights, Environment and Wildlife Conservation, Other)|Not Validating RPKI ROV"
216232,ISP,Internet Service Provider (ISP)|Computer and Information Technology|
216233,Eyeball,Eyeball|Personal ASN|
3247,Academic/Edu,"Service|Education and Research|Law, Business, and Consulting Services|Buildings, Repair, Maintenance (Pest Control, Landscaping, Cleaning, Locksmiths, Car Washes, etc)"
44207,Enterprise,"Law, Business, and Consulting Services|Service|Computer and Information Technology|Online Music and Video Streaming Services"
208050,Content/CDN,"Computer and Information Technology|Law, Business, and Consulting Services|Hosting and Cloud Provider|Service"
208054,ISP,Software Development|Computer and Information Technology|Internet Service Provider (ISP)|
44215,Enterprise,"Metal, Glass, Wood, and Paper Manufacturing|Law, Business, and Consulting Services|Manufacturing|Service"
208058,Other,"Tranco 10k Host|Agriculture, Mining, and Refineries (Farming, Greenhouses, Mining, Forestry, and Animal Farming)|"
208059,Eyeball,Eyeball|Service|Personal ASN|
44225,ISP,Internet Service Provider (ISP)|Computer and Information Technology|
44227,Content/CDN,Hosting and Cloud Provider|Computer and Information Technology|Software Development|
199876,ISP,Computer and Information Technology|Community Groups and Nonprofits|Software Development|Internet Service Provider (ISP)
44229,ISP,"Internet Service Provider (ISP)|Retail Stores, Wholesale, and E-commerce Sites|Computer and Information Technology|"
199877,Enterprise,"Law, Business, and Consulting Services|Service|Computer and Information Technology|"
3271,Content/CDN,Education and Research|Computer and Information Technology|Service|Software Development
44231,Other,"Manufacturing|Retail Stores, Wholesale, and E-commerce Sites|Chemical and Pharmaceutical Manufacturing|"
199880,Other,Community Groups and Nonprofits|Churches and Religious Organizations|
208068,Other,Service|
216262,ISP,Computer and Information Technology|Internet Service Provider (ISP)|Software Development|
216267,Eyeball,Service|Eyeball|
3278,Enterprise,"Computer and Information Technology|Law, Business, and Consulting Services|Service|Manufacturing"
60629,ISP,Internet Service Provider (ISP)|Hosting and Cloud Provider|Computer and Information Technology|
216277,ISP,Computer and Information Technology|Internet Service Provider (ISP)|
208089,Other,"Software Development|Computer and Information Technology|Retail Stores, Wholesale, and E-commerce Sites|Finance and Insurance"
216282,Other,Service|
208101,Other,"Service|Retail Stores, Wholesale, and E-commerce Sites|Food, Grocery, Beverages|ToR Services"
216295,Academic/Edu,Education and Research|Research and Development Organizations|Personal ASN|
199912,Other,Software Development|Computer and Information Technology|
208106,Content/CDN,"Retail Stores, Wholesale, and E-commerce Sites|Hosting and Cloud Provider|Computer and Information Technology|"
199918,Other,Personal ASN|Computer and Information Technology|Software Development|Validating RPKI ROV
44273,ISP,"Anycast|Retail Stores, Wholesale, and E-commerce Sites|Internet Service Provider (ISP)|Computer and Information Technology"
3320,ISP,T1|Computer and Information Technology|Internet Service Provider (ISP)|Validating RPKI ROV
60664,ISP,Eyeball|Software Development|Computer and Information Technology|Internet Service Provider (ISP)
199928,Content/CDN,"Computer and Information Technology|Service|Hosting and Cloud Provider|Law, Business, and Consulting Services"
44283,Other,Service|Software Development|Computer and Information Technology|
60669,Enterprise,"Service|Law, Business, and Consulting Services|"
199938,ISP,Content|Internet Service Provider (ISP)|Computer and Information Technology|Server Hosting
3331,ISP,Not Validating RPKI ROV|Internet Service Provider (ISP)|Computer and Information Technology|
208134,ISP,"Retail Stores, Wholesale, and E-commerce Sites|Computer and Information Technology|Internet Service Provider (ISP)|"
208135,Other,Personal ASN|Real Estate (Residential and/or Commercial)|Construction and Real Estate|Validating RPKI ROV
3337,Other,"Retail Stores, Wholesale, and E-commerce Sites|Buildings, Repair, Maintenance (Pest Control, Landscaping, Cleaning, Locksmiths, Car Washes, etc)|Service|Machinery"
44298,Other,Service|
216330,ISP,Internet Service Provider (ISP)|Computer and Information Technology|Personal ASN|
216331,ISP,Computer and Information Technology|Internet Service Provider (ISP)|
216333,Other,Content|Validating RPKI ROV|
60689,ISP,"Media, Publishing, and Broadcasting|Computer and Information Technology|Law, Business, and Consulting Services|Service"
208146,Academic/Edu,Education and Research|
208151,ISP,Insurance Carriers and Agencies|Computer and Information Technology|Finance and Insurance|Health Care Services
199960,ISP,Computer and Information Technology|Internet Service Provider (ISP)|Software Development|
199963,Enterprise,"Law, Business, and Consulting Services|Service|"
216351,Other,Personal ASN|
208162,Content/CDN,Hosting and Cloud Provider|Utilities (Excluding Internet Service)|Computer and Information Technology|Research and Development Organizations
208163,Enterprise,"Law, Business, and Consulting Services|Service|"
208169,Other,"Human Rights and Social Advocacy (Human Rights, Environment and Wildlife Conservation, Other)|Community Groups and Nonprofits|Validating RPKI ROV|"
199982,Other,Personal ASN|
44335,ISP,Hosting and Cloud Provider|Internet Service Provider (ISP)|Computer and Information Technology|
208175,Content/CDN,Computer and Information Technology|Hosting and Cloud Provider|Phone Provider|Software Development
216367,Eyeball,Service|Eyeball|
44339,Other,Technology Consulting Services|Computer and Information Technology|
208183,Eyeball,"Eyeball|Computer and Information Technology|Retail Stores, Wholesale, and E-commerce Sites|Validating RPKI ROV"
60729,Eyeball,Eyeball|Community Groups and Nonprofits|Validating RPKI ROV|ToR Services
208187,Content/CDN,Software Development|Computer and Information Technology|Hosting and Cloud Provider|Phone Provider
200003,Other,Not Validating RPKI ROV|Real Estate (Residential and/or Commercial)|Construction and Real Estate|
216387,ISP,Computer and Information Technology|Internet Service Provider (ISP)|
216390,Unknown,
208203,Other,"Utilities (Excluding Internet Service)|Computer and Information Technology|Electric Power Generation, Transmission, Distribution|Agriculture, Mining, and Refineries (Farming, Greenhouses, Mining, Forestry, and Animal Farming)"
208204,ISP,Internet Service Provider (ISP)|Computer and Information Technology|Hosting and Cloud Provider|
44365,ISP,Internet Service Provider (ISP)|Computer and Information Technology|Not Validating RPKI ROV|
208206,Other,Computer and Information Technology|
208208,Content/CDN,"ToR Services|Manufacturing|Retail Stores, Wholesale, and E-commerce Sites|Food, Beverage, and Tobacco"
216401,Other,Personal ASN|
216403,Unknown,
216404,Other,Manufacturing|
208218,ISP,"Hosting and Cloud Provider|Service|Retail Stores, Wholesale, and E-commerce Sites|Computer and Information Technology"
60767,Enterprise,"Personal ASN|Law, Business, and Consulting Services|Service|Validating RPKI ROV"
208228,Enterprise,"Social Assistance (Temporary Shelters, Emergency Relief, Child Day Care, etc)|Hospitals and Medical Centers|Health Care Services|Law, Business, and Consulting Services"
60774,ISP,"Law, Business, and Consulting Services|Internet Service Provider (ISP)|Computer and Information Technology|Service"
208230,Other,Hospitals and Medical Centers|Community Groups and Nonprofits|Health Care Services|
60776,Enterprise,"Law, Business, and Consulting Services|Service|Computer and Information Technology|Validating RPKI ROV"
208235,ISP,Internet Service Provider (ISP)|Computer and Information Technology|Not Validating RPKI ROV|
208236,Other,"Retail Stores, Wholesale, and E-commerce Sites|"
216427,Other,Personal ASN|
208238,Enterprise,"Law, Business, and Consulting Services|Service|Computer and Information Technology|"
44404,Other,Software Development|Computer and Information Technology|Not Validating RPKI ROV|
60789,ISP,Software Development|Internet Service Provider (ISP)|Computer and Information Technology|
44409,Other,"Banks, Credit Card Companies, Mortgage Providers|Finance and Insurance|"
208250,ISP,"Software Development|Hosting and Cloud Provider|Computer and Information Technology|Retail Stores, Wholesale, and E-commerce Sites"
44413,Other,Real Estate (Residential and/or Commercial)|Construction and Real Estate|
44414,ISP,"Internet Service Provider (ISP)|Retail Stores, Wholesale, and E-commerce Sites|Computer and Information Technology|"
60799,Other,"Finance and Insurance|Banks, Credit Card Companies, Mortgage Providers|"
200062,ISP,"Server Hosting|Hosting and Cloud Provider|Service|Law, Business, and Consulting Services"
60802,Academic/Edu,Personal ASN|Education and Research|
216451,ISP,Computer and Information Technology|Internet Service Provider (ISP)|
208262,Other,Community Groups and Nonprofits|
36231,ISP,Content|Internet Service Provider (ISP)|Computer and Information Technology|Not Validating RPKI ROV
216459,Unknown,
216463,Other,Community Groups and Nonprofits|
200081,ISP,"ToR Services|Retail Stores, Wholesale, and E-commerce Sites|Education and Research|Other Schools, Instruction, and Exam Preparation (Trade Schools, Art Schools, Driving Instruction, etc.)"
216466,Other,Technology Consulting Services|Computer and Information Technology|
44438,Other,"Museums, Libraries, and Entertainment|"
200086,ISP,Internet Service Provider (ISP)|Computer and Information Technology|
60824,ISP,Internet Service Provider (ISP)|Computer and Information Technology|
216474,Other,"Construction and Real Estate|Retail Stores, Wholesale, and E-commerce Sites|Automotive and Transportation|Utilities (Excluding Internet Service)"
200093,ISP,"Service|Law, Business, and Consulting Services|Computer and Information Technology|Internet Service Provider (ISP)"
208290,ISP,Computer and Information Technology|Phone Provider|Internet Service Provider (ISP)|Not Validating RPKI ROV
44458,Other,Software Development|Computer and Information Technology|
60845,ISP,"Finance and Insurance|Insurance Carriers and Agencies|Banks, Credit Card Companies, Mortgage Providers|Service"
200109,Other,"Computer and Information Technology|Retail Stores, Wholesale, and E-commerce Sites|Tranco 10k Host|"
200117,Other,Computer and Network Security|Computer and Information Technology|
200119,ISP,Internet Service Provider (ISP)|Computer and Information Technology|Business Broadband|Home ISP
208321,Enterprise,"Service|Law, Business, and Consulting Services|"
44486,ISP,Content|Internet Service Provider (ISP)|Computer and Information Technology|Not Validating RPKI ROV
44496,ISP,Internet Service Provider (ISP)|Computer and Information Technology|Personal ASN|
44497,ISP,"Retail Stores, Wholesale, and E-commerce Sites|Internet Service Provider (ISP)|Computer and Information Technology|Software Development"
44499,ISP,"Media, Publishing, and Broadcasting|Computer and Information Technology|Internet Service Provider (ISP)|Service"
208340,Other,"Media, Publishing, and Broadcasting|Print Media (Newspapers, Magazines, Books)|Personal ASN|"
208342,Other,"Community Groups and Nonprofits|Human Rights and Social Advocacy (Human Rights, Environment and Wildlife Conservation, Other)|"
44510,ISP,"Internet Service Provider (ISP)|Law, Business, and Consulting Services|Service|Computer and Information Technology"
208366,ISP,Internet Critical Infra|Internet Service Provider (ISP)|Computer and Information Technology|Anycast
208372,Academic/Edu,Education and Research|Computer and Information Technology|Elementary and Secondary Schools|
200183,ISP,"Software Development|Internet Service Provider (ISP)|Computer and Information Technology|Media, Publishing, and Broadcasting"
200185,ISP,Eyeball|Hosting and Cloud Provider|Computer and Information Technology|Internet Service Provider (ISP)
200187,ISP,Internet Service Provider (ISP)|Computer and Information Technology|
60926,Other,Health Care Services|
44545,ISP,"Banks, Credit Card Companies, Mortgage Providers|Computer and Information Technology|Education and Research|Software Development"
208395,Enterprise,"Buildings, Repair, Maintenance (Pest Control, Landscaping, Cleaning, Locksmiths, Car Washes, etc)|Service|Law, Business, and Consulting Services|"
200207,ISP,Internet Service Provider (ISP)|Computer and Information Technology|
200209,ISP,Computer and Information Technology|Internet Service Provider (ISP)|
60948,Enterprise,"Online Informational Content|Service|Law, Business, and Consulting Services|Buildings (Residential or Commercial)"
44569,Other,"Manufacturing|Automotive and Transportation|Retail Stores, Wholesale, and E-commerce Sites|"
60955,Enterprise,"Content|Computer and Information Technology|Law, Business, and Consulting Services|Buildings, Repair, Maintenance (Pest Control, Landscaping, Cleaning, Locksmiths, Car Washes, etc)"
200220,ISP,Internet Service Provider (ISP)|Computer and Information Technology|Hosting and Cloud Provider|
200225,ISP,Internet Service Provider (ISP)|Computer and Information Technology|
200229,ISP,Internet Service Provider (ISP)|Computer and Information Technology|Personal ASN|Content
200230,Other,Personal ASN|
3624,ISP,Not Validating RPKI ROV|Computer and Information Technology|Internet Service Provider (ISP)|
200237,Other,Personal ASN|
200238,ISP,Internet Service Provider (ISP)|Computer and Information Technology|Software Development|
208431,ISP,Carrier|Computer and Information Technology|
200242,ISP,Eyeball|Internet Service Provider (ISP)|Computer and Information Technology|Personal ASN
60979,Content/CDN,"Hosting and Cloud Provider|Computer and Information Technology|Retail Stores, Wholesale, and E-commerce Sites|"
208434,Other,"Personal ASN|Retail Stores, Wholesale, and E-commerce Sites|"
208438,ISP,"Retail Stores, Wholesale, and E-commerce Sites|Software Development|Internet Service Provider (ISP)|Computer and Information Technology"
44599,Other,"Service|Buildings, Repair, Maintenance (Pest Control, Landscaping, Cleaning, Locksmiths, Car Washes, etc)|Retail Stores, Wholesale, and E-commerce Sites|Clothing, Fashion, Luggage"
200249,Enterprise,"Content|Media, Publishing, and Broadcasting|Online Informational Content|Corporate/Enterprise"
208444,Content/CDN,Hosting and Cloud Provider|Computer and Information Technology|
60991,ISP,Computer and Information Technology|Internet Service Provider (ISP)|
200258,Unknown,
208451,Other,"Service|Retail Stores, Wholesale, and E-commerce Sites|Buildings, Repair, Maintenance (Pest Control, Landscaping, Cleaning, Locksmiths, Car Washes, etc)|Construction and Real Estate"
208452,Other,"Music and Video Industry|Media, Publishing, and Broadcasting|Radio and Television Providers|"
60997,Government,"Nursing, Residential Care Facilities, Assisted Living, and Home Health Care|Health Care Services|Government|"
208454,Academic/Edu,Education and Research|Personal ASN|
208460,ISP,Computer and Information Technology|Internet Service Provider (ISP)|Personal ASN|
208462,ISP,"Computer and Information Technology|Retail Stores, Wholesale, and E-commerce Sites|Software Development|Internet Service Provider (ISP)"
208463,Other,Automotive and Transportation|Manufacturing|Electronics and Computer Components|Service
200275,ISP,Internet Service Provider (ISP)|Software Development|Computer and Information Technology|
200278,ISP,Home ISP|Internet Service Provider (ISP)|Computer and Information Technology|Not Validating RPKI ROV
208470,Other,"Service|Buildings, Repair, Maintenance (Pest Control, Landscaping, Cleaning, Locksmiths, Car Washes, etc)|Retail Stores, Wholesale, and E-commerce Sites|Not Validating RPKI ROV"
208474,Content/CDN,Hosting and Cloud Provider|Computer and Information Technology|
208477,Other,Software Development|Computer and Information Technology|Personal ASN|
208480,Enterprise,"Service|Law, Business, and Consulting Services|Retail Stores, Wholesale, and E-commerce Sites|"
200291,Content/CDN,"Not Validating RPKI ROV|Software Development|Computer and Information Technology|Law, Business, and Consulting Services"
61028,ISP,"Civil Engineering Construction (Utility Lines, Roads and Bridges)|Computer and Information Technology|Internet Service Provider (ISP)|Utilities (Excluding Internet Service)"
44645,ISP,Computer and Information Technology|Internet Service Provider (ISP)|Construction and Real Estate|Service
208484,ISP,Computer and Information Technology|Internet Service Provider (ISP)|
208488,ISP,"Phone Provider|Law, Business, and Consulting Services|Internet Service Provider (ISP)|Service"
200297,Content/CDN,Hosting and Cloud Provider|Computer and Information Technology|
61038,Other,"Banks, Credit Card Companies, Mortgage Providers|Finance and Insurance|"
200303,ISP,Anycast|Computer and Information Technology|Internet Service Provider (ISP)|Not Validating RPKI ROV
44656,ISP,Home ISP|Computer and Information Technology|Validating RPKI ROV|Business Broadband
208498,Enterprise,"Law, Business, and Consulting Services|Service|Social Assistance (Temporary Shelters, Emergency Relief, Child Day Care, etc)|"
208500,Other,Computer and Information Technology|
208508,Government,"Government and Regulatory Agencies, Administrations, Departments, and Services|Government and Public Administration|Government|"
208509,ISP,Software Development|Internet Service Provider (ISP)|Computer and Information Technology|Hosting and Cloud Provider
200319,ISP,Computer and Information Technology|Internet Service Provider (ISP)|
208513,Other,Computer and Information Technology|Software Development|
208517,ISP,"Retail Stores, Wholesale, and E-commerce Sites|Software Development|Internet Service Provider (ISP)|Computer and Information Technology"
61063,Other,Hospitals and Medical Centers|Health Care Services|
44683,Other,"Electronics and Computer Components|Manufacturing|Chemical and Pharmaceutical Manufacturing|Metal, Glass, Wood, and Paper Manufacturing"
208527,Other,"Metal, Glass, Wood, and Paper Manufacturing|Manufacturing|"
61083,Enterprise,"Law, Business, and Consulting Services|Service|"
44700,ISP,Server Hosting|Internet Service Provider (ISP)|Computer and Information Technology|Not Validating RPKI ROV
208545,Other,"Retail Stores, Wholesale, and E-commerce Sites|Computer and Information Technology|"
208546,ISP,Internet Service Provider (ISP)|Computer and Information Technology|
208549,Other,Hospitals and Medical Centers|Health Care Services|Community Groups and Nonprofits|
44716,ISP,Tranco 10k Host|Internet Service Provider (ISP)|Computer and Information Technology|ToR Services
208559,ISP,Computer and Information Technology|Internet Service Provider (ISP)|
208562,Other,Service|
200372,Other,"Content|Online Informational Content|Media, Publishing, and Broadcasting|Personal ASN"
200373,ISP,Computer and Information Technology|Software Development|Internet Service Provider (ISP)|
200374,Other,"Retail Stores, Wholesale, and E-commerce Sites|Media, Publishing, and Broadcasting|Online Informational Content|Print Media (Newspapers, Magazines, Books)"
200377,Academic/Edu,"Computer and Information Technology|Education and Research|Retail Stores, Wholesale, and E-commerce Sites|Software Development"
208571,ISP,"Computer and Information Technology|Software Development|Law, Business, and Consulting Services|Service"
200386,ISP,"Internet Service Provider (ISP)|Computer and Information Technology|Media, Publishing, and Broadcasting|Hosting and Cloud Provider"
208582,ISP,Hosting and Cloud Provider|Computer and Information Technology|Internet Service Provider (ISP)|
200392,ISP,Electronics and Computer Components|Service|Internet Service Provider (ISP)|Manufacturing
200393,ISP,Computer and Information Technology|Internet Service Provider (ISP)|Anycast|
200395,Other,"Construction and Real Estate|Electronics and Computer Components|Civil Engineering Construction (Utility Lines, Roads and Bridges)|Manufacturing"
200397,Academic/Edu,Medical Laboratories and Diagnostic Centers|Education and Research|Research and Development Organizations|Health Care Services
200402,Other,"Not Validating RPKI ROV|Manufacturing|Retail Stores, Wholesale, and E-commerce Sites|"
61142,Other,"Passenger Transit (Car, Bus, Taxi, Subway)|Freight, Shipment, and Postal Services|Personal ASN|"
208606,Enterprise,"Computer and Information Technology|Water Supply and Irrigation|Electric Power Generation, Transmission, Distribution|Manufacturing"
61153,Other,Not Validating RPKI ROV|Other|
61157,ISP,Content|Internet Service Provider (ISP)|Software Development|Hosting and Cloud Provider
208614,ISP,"Internet Service Provider (ISP)|Law, Business, and Consulting Services|Computer and Information Technology|Service"
200423,Other,Clothing and Textiles|Manufacturing|
44780,ISP,"Service|Law, Business, and Consulting Services|Computer and Information Technology|Internet Service Provider (ISP)"
200439,Other,Electronics and Computer Components|Manufacturing|Automotive and Transportation|
208633,ISP,Computer and Information Technology|Internet Service Provider (ISP)|
44795,Other,"Construction and Real Estate|Retail Stores, Wholesale, and E-commerce Sites|"
61183,ISP,Hosting and Cloud Provider|Internet Service Provider (ISP)|Computer and Information Technology|Software Development
208644,Enterprise,"Service|Law, Business, and Consulting Services|Computer and Information Technology|"
200461,ISP,Server Hosting|Internet Service Provider (ISP)|Computer and Information Technology|
200462,ISP,ToR Services|Internet Service Provider (ISP)|Computer and Information Technology|Validating RPKI ROV
208653,ISP,Insurance Carriers and Agencies|Finance and Insurance|
200465,ISP,"Real Estate (Residential and/or Commercial)|Service|Insurance Carriers and Agencies|Banks, Credit Card Companies, Mortgage Providers"
208658,Other,"Retail Stores, Wholesale, and E-commerce Sites|Personal ASN|"
44819,Enterprise,"Not Validating RPKI ROV|Computer and Information Technology|Law, Business, and Consulting Services|Service"
208665,Other,"Service|Social Assistance (Temporary Shelters, Emergency Relief, Child Day Care, etc)|"
44833,Other,Computer and Network Security|Computer and Information Technology|
61218,ISP,Server Hosting|Internet Service Provider (ISP)|Computer and Information Technology|
200482,ISP,Computer and Information Technology|Internet Service Provider (ISP)|
208676,Other,"Banks, Credit Card Companies, Mortgage Providers|Finance and Insurance|"
200486,Other,"Validating RPKI ROV|Food, Grocery, Beverages|Service|Retail Stores, Wholesale, and E-commerce Sites"
208681,Other,"Computer and Information Technology|Retail Stores, Wholesale, and E-commerce Sites|Travel and Accommodation|"
200490,Other,"ToR Services|Personal ASN|Retail Stores, Wholesale, and E-commerce Sites|"
200491,ISP,"Computer and Information Technology|Service|Law, Business, and Consulting Services|Internet Service Provider (ISP)"
208696,Other,Other|
61244,ISP,Home ISP|Internet Service Provider (ISP)|Computer and Information Technology|
208702,Other,"Personal ASN|Retail Stores, Wholesale, and E-commerce Sites|Manufacturing|Machinery"
200512,Other,"Computer and Information Technology|Software Development|Casinos and Gambling|Museums, Libraries, and Entertainment"
200516,Academic/Edu,Education and Research|
200517,ISP,Phone Provider|Computer and Information Technology|Online Music and Video Streaming Services|Other
200519,ISP,Not Validating RPKI ROV|Computer and Information Technology|Internet Service Provider (ISP)|
200520,Other,Other|
208713,Other,Service|Personal ASN|
200527,ISP,"Computer and Information Technology|Retail Stores, Wholesale, and E-commerce Sites|Internet Service Provider (ISP)|"
44880,ISP,Computer and Information Technology|Internet Service Provider (ISP)|
61266,Other,"Music and Video Industry|Computer and Information Technology|Community Groups and Nonprofits|Freight, Shipment, and Postal Services"
208727,Other,Not Validating RPKI ROV|Community Groups and Nonprofits|
61273,Other,"Computer and Information Technology|Retail Stores, Wholesale, and E-commerce Sites|Phone Provider|Software Development"
208733,Content/CDN,Personal ASN|Hosting and Cloud Provider|Computer and Information Technology|
200548,ISP,Hosting and Cloud Provider|Internet Service Provider (ISP)|Computer and Information Technology|
200561,ISP,Computer and Information Technology|Internet Service Provider (ISP)|
208758,Other,"Real Estate (Residential and/or Commercial)|Civil Engineering Construction (Utility Lines, Roads and Bridges)|Construction and Real Estate|"
61303,Other,"Retail Stores, Wholesale, and E-commerce Sites|Construction and Real Estate|Software Development|Computer and Information Technology"
200567,Enterprise,"Corporate/Enterprise|Retail Stores, Wholesale, and E-commerce Sites|"
208759,Enterprise,"Anycast|Service|Law, Business, and Consulting Services|"
208763,Content/CDN,Computer and Information Technology|Hosting and Cloud Provider|Software Development|
61310,Enterprise,"Computer and Information Technology|Law, Business, and Consulting Services|Service|Freight, Shipment, and Postal Services"
208766,Other,"Service|Construction and Real Estate|Retail Stores, Wholesale, and E-commerce Sites|Real Estate (Residential and/or Commercial)"
200576,Other,Computer and Information Technology|Software Development|
208772,Eyeball,Eyeball|Community Groups and Nonprofits|Validating RPKI ROV|
61317,ISP,"Eyeball|Utilities (Excluding Internet Service)|Computer and Information Technology|Electric Power Generation, Transmission, Distribution"
44946,Content/CDN,Server Hosting|Computer and Information Technology|Hosting and Cloud Provider|Service
44949,Content/CDN,"Content|Military, Defense, National Security, and International Affairs|Hosting and Cloud Provider|Computer and Information Technology"
61333,ISP,Internet Service Provider (ISP)|Computer and Information Technology|
44951,Enterprise,"Banks, Credit Card Companies, Mortgage Providers|Computer and Information Technology|Finance and Insurance|Law, Business, and Consulting Services"
200599,ISP,Chemical and Pharmaceutical Manufacturing|Steam and Air-Conditioning Supply|Utilities (Excluding Internet Service)|Internet Service Provider (ISP)
200603,Unknown,
200605,Other,"Content|Personal ASN|Retail Stores, Wholesale, and E-commerce Sites|"
61343,Other,Finance and Insurance|Software Development|Computer and Information Technology|
200615,ISP,Internet Service Provider (ISP)|Computer and Information Technology|Hosting and Cloud Provider|
61352,Government,"Government|Computer and Information Technology|Service|Buildings, Repair, Maintenance (Pest Control, Landscaping, Cleaning, Locksmiths, Car Washes, etc)"
44972,ISP,Internet Service Provider (ISP)|Computer and Information Technology|
44973,ISP,Server Hosting|Computer and Information Technology|Internet Service Provider (ISP)|Validating RPKI ROV
44974,ISP,Not Validating RPKI ROV|Internet Service Provider (ISP)|Computer and Information Technology|
208814,Other,"Personal ASN|Recreation, Sports, and Performing Arts|Museums, Libraries, and Entertainment|Service"
208818,Enterprise,"Service|Law, Business, and Consulting Services|Personal ASN|"
208819,Eyeball,"Retail Stores, Wholesale, and E-commerce Sites|Not Validating RPKI ROV|Business Broadband|Content"
44986,ISP,"Hotels, Motels, Inns, Other Traveler Accommodation|Air Travel|Service|Media, Publishing, and Broadcasting"
61374,ISP,Internet Service Provider (ISP)|Computer and Information Technology|
200638,ISP,Internet Service Provider (ISP)|Computer and Information Technology|
61377,Other,"Retail Stores, Wholesale, and E-commerce Sites|"
61381,ISP,Computer and Information Technology|Internet Service Provider (ISP)|
208840,Enterprise,"Retail Stores, Wholesale, and E-commerce Sites|Computer and Information Technology|Corporate/Enterprise|Content"
208843,Enterprise,"Service|Law, Business, and Consulting Services|Computer and Information Technology|Buildings, Repair, Maintenance (Pest Control, Landscaping, Cleaning, Locksmiths, Car Washes, etc)"
200657,Government,"Human Rights and Social Advocacy (Human Rights, Environment and Wildlife Conservation, Other)|Government and Public Administration|Community Groups and Nonprofits|Government and Regulatory Agencies, Administrations, Departments, and Services"
208849,Other,Automotive and Transportation|Manufacturing|
45012,Content/CDN,"Content|Computer and Information Technology|Retail Stores, Wholesale, and E-commerce Sites|Software Development"
208854,Other,"Retail Stores, Wholesale, and E-commerce Sites|Validating RPKI ROV|"
200667,ISP,"Software Development|Internet Service Provider (ISP)|Computer and Information Technology|Retail Stores, Wholesale, and E-commerce Sites"
61407,Other,"Freight, Shipment, and Postal Services|Retail Stores, Wholesale, and E-commerce Sites|Civil Engineering Construction (Utility Lines, Roads and Bridges)|Construction and Real Estate"
208868,Enterprise,"Metal, Glass, Wood, and Paper Manufacturing|Manufacturing|Agriculture, Mining, and Refineries (Farming, Greenhouses, Mining, Forestry, and Animal Farming)|Law, Business, and Consulting Services"
45031,ISP,Hosting and Cloud Provider|Computer and Information Technology|Internet Service Provider (ISP)|VPN Host
61415,Enterprise,"Buildings, Repair, Maintenance (Pest Control, Landscaping, Cleaning, Locksmiths, Car Washes, etc)|Service|Law, Business, and Consulting Services|Computer and Information Technology"
45034,Other,Travel and Accommodation|
208875,ISP,Computer and Information Technology|Internet Service Provider (ISP)|
45038,Enterprise,"Law, Business, and Consulting Services|Service|Software Development|Computer and Information Technology"
61430,ISP,Not Validating RPKI ROV|Internet Service Provider (ISP)|Computer and Information Technology|
208887,Other,"Freight, Shipment, and Postal Services|"
20473,ISP,Content|Hosting and Cloud Provider|Computer and Information Technology|Internet Service Provider (ISP)
200703,Enterprise,"Retail Stores, Wholesale, and E-commerce Sites|Service|Law, Business, and Consulting Services|"
12288,Other,"Retail Stores, Wholesale, and E-commerce Sites|Media, Publishing, and Broadcasting|Print Media (Newspapers, Magazines, Books)|Software Development"
28674,ISP,Hosting and Cloud Provider|Computer and Information Technology|Internet Service Provider (ISP)|
12291,Enterprise,"Corporate/Enterprise|Retail Stores, Wholesale, and E-commerce Sites|Travel and Accommodation|Service"
12292,ISP,"Retail Stores, Wholesale, and E-commerce Sites|Construction and Real Estate|Internet Service Provider (ISP)|Computer and Information Technology"
28676,ISP,Carrier|Hosting and Cloud Provider|Internet Service Provider (ISP)|Computer and Information Technology
20488,ISP,Internet Service Provider (ISP)|Computer and Information Technology|
12298,Academic/Edu,"Retail Stores, Wholesale, and E-commerce Sites|Education and Research|Manufacturing|Computer and Information Technology"
200715,Enterprise,"Law, Business, and Consulting Services|Chemical and Pharmaceutical Manufacturing|Manufacturing|Print Media (Newspapers, Magazines, Books)"
200718,ISP,Computer and Information Technology|Internet Service Provider (ISP)|Software Development|Personal ASN
12306,ISP,Tranco 10k Host|Computer and Information Technology|Internet Service Provider (ISP)|Not Validating RPKI ROV
28693,Other,Machinery|Manufacturing|
28694,ISP,Manufacturing|Computer and Information Technology|Internet Service Provider (ISP)|
12312,ISP,Eyeball|Computer and Information Technology|Internet Service Provider (ISP)|Validating RPKI ROV
12313,ISP,Internet Service Provider (ISP)|Computer and Information Technology|
12316,ISP,Not Validating RPKI ROV|Internet Service Provider (ISP)|Computer and Information Technology|
28701,Other,"Service|Buildings (Residential or Commercial)|Construction and Real Estate|Buildings, Repair, Maintenance (Pest Control, Landscaping, Cleaning, Locksmiths, Car Washes, etc)"
208924,Other,"Retail Stores, Wholesale, and E-commerce Sites|"
200735,ISP,Eyeball|Radio and Television Providers|Internet Service Provider (ISP)|Computer and Information Technology
208927,Other,"Manufacturing|Machinery|Buildings, Repair, Maintenance (Pest Control, Landscaping, Cleaning, Locksmiths, Car Washes, etc)|Service"
208929,ISP,Software Development|Service|Internet Service Provider (ISP)|Computer and Information Technology
200739,Other,Travel and Accommodation|Manufacturing|Automotive and Transportation|
200740,Content/CDN,Content|Hosting and Cloud Provider|Computer and Information Technology|Not Validating RPKI ROV
12329,ISP,Not Validating RPKI ROV|Computer and Information Technology|Internet Service Provider (ISP)|
28714,Academic/Edu,Education and Research|
12331,Other,Automotive and Transportation|Manufacturing|Not Validating RPKI ROV|
12337,ISP,Eyeball|Computer and Information Technology|Internet Service Provider (ISP)|Validating RPKI ROV
200757,Enterprise,"Media, Publishing, and Broadcasting|Online Music and Video Streaming Services|Law, Business, and Consulting Services|Service"
28731,Other,"Service|Retail Stores, Wholesale, and E-commerce Sites|"
12348,ISP,Tranco 10k Host|Computer and Information Technology|Internet Service Provider (ISP)|Not Validating RPKI ROV
12349,Other,"Manufacturing|Agriculture, Mining, and Refineries (Farming, Greenhouses, Mining, Forestry, and Animal Farming)|Chemical and Pharmaceutical Manufacturing|Health Care Services"
208958,Other,"Personal ASN|Retail Stores, Wholesale, and E-commerce Sites|Construction and Real Estate|"
200768,Other,"Computer and Information Technology|Construction and Real Estate|Electric Power Generation, Transmission, Distribution|Real Estate (Residential and/or Commercial)"
20546,ISP,"Content Delivery Network|Computer and Network Security|Software Development|Law, Business, and Consulting Services"
12355,ISP,Eyeball|Internet Service Provider (ISP)|Computer and Information Technology|Not Validating RPKI ROV
200770,Academic/Edu,Computer and Information Technology|Service|Software Development|Education and Research
208964,Other,Real Estate (Residential and/or Commercial)|Construction and Real Estate|
208967,Other,"Retail Stores, Wholesale, and E-commerce Sites|Recreation, Sports, and Performing Arts|Museums, Libraries, and Entertainment|Computer and Information Technology"
12360,ISP,Eyeball|Computer and Information Technology|Internet Service Provider (ISP)|Validating RPKI ROV
200776,ISP,Computer and Information Technology|Internet Service Provider (ISP)|
200777,ISP,Content|Tranco 10k Host|Government|Computer and Information Technology
200779,ISP,"Finance and Insurance|Internet Service Provider (ISP)|Banks, Credit Card Companies, Mortgage Providers|Computer and Information Technology"
28748,ISP,Eyeball|Internet Service Provider (ISP)|Computer and Information Technology|Not Validating RPKI ROV
208968,Other,"Construction and Real Estate|Civil Engineering Construction (Utility Lines, Roads and Bridges)|Computer and Information Technology|Service"
208974,Other,"Buildings (Residential or Commercial)|Construction and Real Estate|Retail Stores, Wholesale, and E-commerce Sites|"
208976,ISP,Server Hosting|Internet Service Provider (ISP)|Computer and Information Technology|
20561,Academic/Edu,Education and Research|Manufacturing|Automotive and Transportation|Research and Development Organizations
28753,ISP,Content|Internet Service Provider (ISP)|Hosting and Cloud Provider|Computer and Information Technology
12371,ISP,"Law, Business, and Consulting Services|Technology Consulting Services|Service|Computer and Information Technology"
28756,Government,"Human Rights and Social Advocacy (Human Rights, Environment and Wildlife Conservation, Other)|Service|Law, Business, and Consulting Services|Government and Regulatory Agencies, Administrations, Departments, and Services"
12374,ISP,Eyeball|Hosting and Cloud Provider|Software Development|Computer and Information Technology
28759,Other,Software Development|Computer and Information Technology|
208982,ISP,Technology Consulting Services|Computer and Information Technology|Internet Service Provider (ISP)|
208985,Other,"Personal ASN|Online Informational Content|Media, Publishing, and Broadcasting|"
20570,ISP,Not Validating RPKI ROV|Internet Service Provider (ISP)|Computer and Information Technology|
12379,ISP,Internet Service Provider (ISP)|Software Development|Computer and Information Technology|
20572,ISP,"Military, Defense, National Security, and International Affairs|Phone Provider|Media, Publishing, and Broadcasting|Software Development"
200797,Other,"Not Validating RPKI ROV|Computer and Information Technology|Retail Stores, Wholesale, and E-commerce Sites|Software Development"
208988,ISP,Home ISP|Computer and Information Technology|Internet Service Provider (ISP)|Validating RPKI ROV
208989,ISP,"Online Informational Content|Internet Service Provider (ISP)|Computer and Information Technology|Retail Stores, Wholesale, and E-commerce Sites"
200801,ISP,Hosting and Cloud Provider|Internet Service Provider (ISP)|Computer and Information Technology|
28770,Academic/Edu,"Software Development|Other Schools, Instruction, and Exam Preparation (Trade Schools, Art Schools, Driving Instruction, etc.)|Law, Business, and Consulting Services|Education and Research"
208994,Other,"Buildings, Repair, Maintenance (Pest Control, Landscaping, Cleaning, Locksmiths, Car Washes, etc)|Service|"
20588,Other,"Community Groups and Nonprofits|Human Rights and Social Advocacy (Human Rights, Environment and Wildlife Conservation, Other)|"
12399,ISP,Content|Internet Service Provider (ISP)|Computer and Information Technology|Validating RPKI ROV
20594,ISP,"Internet Service Provider (ISP)|Computer and Information Technology|Software Development|Law, Business, and Consulting Services"
20595,Other,"Banks, Credit Card Companies, Mortgage Providers|Finance and Insurance|"
12404,Other,"Manufacturing|Online Informational Content|Computer and Information Technology|Media, Publishing, and Broadcasting"
209014,Other,Computer and Information Technology|
200825,ISP,Internet Service Provider (ISP)|Computer and Information Technology|
28801,Other,Travel and Accommodation|
12422,Enterprise,"Manufacturing|Service|Law, Business, and Consulting Services|Retail Stores, Wholesale, and E-commerce Sites"
20621,ISP,Computer and Information Technology|Internet Service Provider (ISP)|Hosting and Cloud Provider|Software Development
200846,ISP,Corporate/Enterprise|Service|Software Development|Computer and Information Technology
12431,ISP,Internet Service Provider (ISP)|Computer and Information Technology|Server Hosting|Not Validating RPKI ROV
209039,ISP,"Internet Service Provider (ISP)|Computer and Information Technology|Retail Stores, Wholesale, and E-commerce Sites|"
209040,Other,"Validating RPKI ROV|Computer and Information Technology|Service|Buildings, Repair, Maintenance (Pest Control, Landscaping, Cleaning, Locksmiths, Car Washes, etc)"
209044,ISP,Internet Service Provider (ISP)|Computer and Information Technology|Computer and Network Security|Service
12437,ISP,"Not Validating RPKI ROV|Software Development|Military, Defense, National Security, and International Affairs|Service"
12440,ISP,Computer and Information Technology|Internet Service Provider (ISP)|
20633,Academic/Edu,"Tranco 10k Host|Education and Research|Health Care Services|Colleges, Universities, and Professional Schools"
200856,Other,"Health Care Services|Nursing, Residential Care Facilities, Assisted Living, and Home Health Care|"
20640,ISP,Not Validating RPKI ROV|Internet Service Provider (ISP)|Computer and Information Technology|
209056,ISP,"Chemical and Pharmaceutical Manufacturing|Agriculture, Mining, and Refineries (Farming, Greenhouses, Mining, Forestry, and Animal Farming)|Software Development|Internet Service Provider (ISP)"
20646,Other,"Health Care Services|Online Informational Content|Media, Publishing, and Broadcasting|"
20647,ISP,Carrier|Computer and Information Technology|Internet Service Provider (ISP)|Server Hosting
12460,ISP,Computer and Information Technology|Internet Service Provider (ISP)|
20653,Academic/Edu,"Computer and Information Technology|Education and Research|Other Schools, Instruction, and Exam Preparation (Trade Schools, Art Schools, Driving Instruction, etc.)|"
12466,ISP,Education and Research|Software Development|Computer and Information Technology|Internet Service Provider (ISP)
12470,ISP,Validating RPKI ROV|Internet Service Provider (ISP)|Computer and Information Technology|Not Validating RPKI ROV
209081,Other,"Clothing, Fashion, Luggage|Retail Stores, Wholesale, and E-commerce Sites|"
12480,ISP,Validating RPKI ROV|Computer and Information Technology|Internet Service Provider (ISP)|
20676,ISP,Eyeball|Internet Service Provider (ISP)|Computer and Information Technology|Validating RPKI ROV
20677,ISP,Not Validating RPKI ROV|Computer and Information Technology|Internet Service Provider (ISP)|
209093,ISP,Computer and Information Technology|Internet Service Provider (ISP)|
28876,ISP,Not Validating RPKI ROV|Internet Service Provider (ISP)|Computer and Information Technology|
20686,ISP,VPN Host|Computer and Information Technology|Internet Service Provider (ISP)|Validating RPKI ROV
28879,Enterprise,"Manufacturing|Retail Stores, Wholesale, and E-commerce Sites|Service|Electronics and Computer Components"
209103,Other,Validating RPKI ROV|Computer and Network Security|Software Development|Computer and Information Technology
20692,Other,Buildings (Residential or Commercial)|Construction and Real Estate|Real Estate (Residential and/or Commercial)|
200916,Unknown,
12502,ISP,Not Validating RPKI ROV|Internet Service Provider (ISP)|Computer and Information Technology|
20694,Eyeball,Eyeball|Computer and Information Technology|Hosting and Cloud Provider|Not Validating RPKI ROV
209110,Other,"Computer and Information Technology|Service|Retail Stores, Wholesale, and E-commerce Sites|Software Development"
200921,Enterprise,"Service|Computer and Information Technology|Software Development|Law, Business, and Consulting Services"
209114,Other,"Manufacturing|Clothing and Textiles|Retail Stores, Wholesale, and E-commerce Sites|"
200924,ISP,Home ISP|Computer and Information Technology|Internet Service Provider (ISP)|Not Validating RPKI ROV
12510,Content/CDN,Not Validating RPKI ROV|Hosting and Cloud Provider|Service|Computer and Information Technology
12512,ISP,Not Validating RPKI ROV|Computer and Information Technology|Internet Service Provider (ISP)|
209122,Enterprise,"Media, Publishing, and Broadcasting|Online Music and Video Streaming Services|Print Media (Newspapers, Magazines, Books)|Law, Business, and Consulting Services"
200931,Other,Electronics and Computer Components|Machinery|Manufacturing|
28902,Other,"Retail Stores, Wholesale, and E-commerce Sites|Software Development|Computer and Information Technology|"
20715,ISP,Software Development|Computer and Information Technology|Internet Service Provider (ISP)|
20717,ISP,Computer and Information Technology|Internet Service Provider (ISP)|Software Development|
200941,ISP,"Hotels, Motels, Inns, Other Traveler Accommodation|Travel and Accommodation|Law, Business, and Consulting Services|Service"
200943,ISP,Computer and Information Technology|Internet Service Provider (ISP)|
28918,ISP,Validating RPKI ROV|Computer and Information Technology|Internet Service Provider (ISP)|
209148,Academic/Edu,Phone Provider|Software Development|Education and Research|Government and Public Administration
209149,ISP,"Retail Stores, Wholesale, and E-commerce Sites|Internet Service Provider (ISP)|Computer and Information Technology|"
12546,Other,"Manufacturing|Water Transportation|Freight, Shipment, and Postal Services|"
20738,ISP,VPN Host|Computer and Information Technology|Internet Service Provider (ISP)|
20740,Enterprise,"Museums, Libraries, and Entertainment|Media, Publishing, and Broadcasting|Service|Law, Business, and Consulting Services"
28932,Academic/Edu,"Travel and Accommodation|Service|Software Development|Law, Business, and Consulting Services"
28940,Government,"Government and Public Administration|Computer and Information Technology|Service|Law, Business, and Consulting Services"
12557,Content/CDN,Hosting and Cloud Provider|Computer and Information Technology|Technology Consulting Services|Software Development
209164,Other,"Agriculture, Mining, and Refineries (Farming, Greenhouses, Mining, Forestry, and Animal Farming)|Buildings, Repair, Maintenance (Pest Control, Landscaping, Cleaning, Locksmiths, Car Washes, etc)|Service|Personal ASN"
200975,Content/CDN,Computer and Information Technology|Hosting and Cloud Provider|Personal ASN|Content
209169,Academic/Edu,Software Development|Computer and Information Technology|Education and Research|Research and Development Organizations
200978,ISP,"Law, Business, and Consulting Services|Service|Retail Stores, Wholesale, and E-commerce Sites|Software Development"
20755,ISP,Internet Service Provider (ISP)|Hosting and Cloud Provider|Computer and Information Technology|
12571,ISP,"Service|Internet Service Provider (ISP)|Buildings, Repair, Maintenance (Pest Control, Landscaping, Cleaning, Locksmiths, Car Washes, etc)|Computer and Information Technology"
20765,Other,Manufacturing|Chemical and Pharmaceutical Manufacturing|
12574,Content/CDN,"VPN Host|Computer and Information Technology|Law, Business, and Consulting Services|Hosting and Cloud Provider"
20768,Other,"Retail Stores, Wholesale, and E-commerce Sites|"
28961,Enterprise,"Service|Law, Business, and Consulting Services|Retail Stores, Wholesale, and E-commerce Sites|Clothing, Fashion, Luggage"
209185,Other,"Personal ASN|Food, Grocery, Beverages|Manufacturing|Retail Stores, Wholesale, and E-commerce Sites"
12579,Content/CDN,Computer and Network Security|Hosting and Cloud Provider|Computer and Information Technology|
12581,ISP,"Computer and Information Technology|Law, Business, and Consulting Services|Service|Internet Service Provider (ISP)"
20773,ISP,VPN Host|Internet Service Provider (ISP)|Computer and Information Technology|Hosting and Cloud Provider
20775,ISP,"Retail Stores, Wholesale, and E-commerce Sites|Media, Publishing, and Broadcasting|Research and Development Organizations|Service"
209193,ISP,Internet Service Provider (ISP)|Computer and Information Technology|
12586,ISP,Content|Computer and Information Technology|Internet Service Provider (ISP)|Validating RPKI ROV
20783,ISP,Not Validating RPKI ROV|Internet Service Provider (ISP)|Computer and Information Technology|
201010,ISP,Education and Research|Research and Development Organizations|Software Development|Computer and Information Technology
28979,Enterprise,"Corporate/Enterprise|Clothing, Fashion, Luggage|Household Appliances and Electronics|Food, Grocery, Beverages"
201011,ISP,Eyeball|Service|Software Development|Internet Service Provider (ISP)
12598,Other,"Media, Publishing, and Broadcasting|Print Media (Newspapers, Magazines, Books)|Software Development|Online Informational Content"
20791,ISP,Computer and Information Technology|Internet Service Provider (ISP)|
20792,ISP,Machinery|Computer and Information Technology|Manufacturing|Internet Service Provider (ISP)
201014,ISP,Hosting and Cloud Provider|Software Development|Computer and Information Technology|Internet Service Provider (ISP)
20795,ISP,"Retail Stores, Wholesale, and E-commerce Sites|Computer and Information Technology|Software Development|Internet Service Provider (ISP)"
209216,Other,Computer and Information Technology|
12610,ISP,Computer and Information Technology|Internet Service Provider (ISP)|Hosting and Cloud Provider|
12611,ISP,Eyeball|Internet Service Provider (ISP)|Computer and Information Technology|Validating RPKI ROV
20802,Enterprise,"Law, Business, and Consulting Services|Service|"
20805,ISP,Internet Service Provider (ISP)|Computer and Information Technology|
135492,ISP,Computer and Information Technology|Internet Service Provider (ISP)|
201026,Other,"Service|Retail Stores, Wholesale, and E-commerce Sites|Personal Care and Lifestyle (Barber Shops, Nail Salons, Diet Centers, Laundry, etc)|Clothing, Fashion, Luggage"
20810,ISP,Home ISP|Internet Service Provider (ISP)|Computer and Information Technology|Not Validating RPKI ROV
201035,ISP,Not Validating RPKI ROV|Computer and Information Technology|Internet Service Provider (ISP)|
29008,Other,Computer and Information Technology|
12625,ISP,"Not Validating RPKI ROV|Software Development|Investment, Portfolio Management, Pensions and Funds|Service"
29010,ISP,Software Development|Internet Service Provider (ISP)|Computer and Information Technology|Manufacturing
209232,ISP,"Government and Public Administration|Military, Defense, National Security, and International Affairs|Retail Stores, Wholesale, and E-commerce Sites|Internet Service Provider (ISP)"
29014,ISP,Content|Software Development|Internet Service Provider (ISP)|Computer and Information Technology
20825,ISP,Computer and Information Technology|Internet Service Provider (ISP)|
29018,ISP,"Internet Service Provider (ISP)|Computer and Information Technology|Software Development|Retail Stores, Wholesale, and E-commerce Sites"
12638,ISP,Not Validating RPKI ROV|Internet Service Provider (ISP)|Computer and Information Technology|
20830,ISP,Internet Service Provider (ISP)|Computer and Information Technology|
209247,Other,"Retail Stores, Wholesale, and E-commerce Sites|"
12643,ISP,Internet Service Provider (ISP)|Computer and Information Technology|
201059,Academic/Edu,Computer and Information Technology|Service|Education and Research|Technology Consulting Services
209257,ISP,Computer and Information Technology|Internet Service Provider (ISP)|
201066,ISP,Software Development|Internet Service Provider (ISP)|Computer and Information Technology|
29037,ISP,Server Hosting|Internet Service Provider (ISP)|Computer and Information Technology|Not Validating RPKI ROV
12655,Other,"Service|Media, Publishing, and Broadcasting|Print Media (Newspapers, Magazines, Books)|"
209264,ISP,Internet Service Provider (ISP)|Computer and Information Technology|
12657,ISP,Education and Research|Software Development|Computer and Information Technology|Internet Service Provider (ISP)
20849,ISP,Computer and Information Technology|Hosting and Cloud Provider|Internet Service Provider (ISP)|
29042,ISP,"Freight, Shipment, and Postal Services|Internet Service Provider (ISP)|Computer and Information Technology|Law, Business, and Consulting Services"
209270,ISP,"Internet Service Provider (ISP)|Retail Stores, Wholesale, and E-commerce Sites|Computer and Information Technology|"
20855,ISP,Service|Construction and Real Estate|Internet Service Provider (ISP)|Computer and Information Technology
12665,Content/CDN,"Computer and Information Technology|Hosting and Cloud Provider|Retail Stores, Wholesale, and E-commerce Sites|"
209282,ISP,"Internet Service Provider (ISP)|Software Development|Law, Business, and Consulting Services|Service"
12676,ISP,Content|Computer and Information Technology|Internet Service Provider (ISP)|Not Validating RPKI ROV
12680,Other,"Media, Publishing, and Broadcasting|Service|Print Media (Newspapers, Magazines, Books)|Computer and Information Technology"
29066,Eyeball,Eyeball|Hosting and Cloud Provider|Computer and Information Technology|Not Validating RPKI ROV
20880,ISP,Eyeball|Internet Service Provider (ISP)|Computer and Information Technology|Not Validating RPKI ROV
12693,ISP,Eyeball|Computer and Information Technology|Internet Service Provider (ISP)|Not Validating RPKI ROV
20886,ISP,Eyeball|Computer and Information Technology|Internet Service Provider (ISP)|Not Validating RPKI ROV
29088,Other,Health Care Services|Chemical and Pharmaceutical Manufacturing|Manufacturing|Not Validating RPKI ROV
20899,Other,Computer and Information Technology|
20902,ISP,"Retail Stores, Wholesale, and E-commerce Sites|Software Development|Computer and Information Technology|Internet Service Provider (ISP)"
209322,Other,Computer and Information Technology|
29105,ISP,Finance and Insurance|Insurance Carriers and Agencies|Health Care Services|
29108,ISP,Internet Service Provider (ISP)|Computer and Information Technology|
12726,Content/CDN,Software Development|Computer and Information Technology|Hosting and Cloud Provider|
20918,ISP,"Software Development|Computer and Information Technology|Internet Service Provider (ISP)|Retail Stores, Wholesale, and E-commerce Sites"
201142,Other,"Manufacturing|Retail Stores, Wholesale, and E-commerce Sites|Chemical and Pharmaceutical Manufacturing|"
209335,Academic/Edu,"Research and Development Organizations|Colleges, Universities, and Professional Schools|Education and Research|"
12731,ISP,Carrier|Computer and Information Technology|Internet Service Provider (ISP)|Not Validating RPKI ROV
12732,ISP,Tranco 10k Host|Internet Service Provider (ISP)|Computer and Information Technology|
209347,Other,"Community Groups and Nonprofits|Human Rights and Social Advocacy (Human Rights, Environment and Wildlife Conservation, Other)|"
201157,Other,Real Estate (Residential and/or Commercial)|Construction and Real Estate|
209350,Other,"Utilities (Excluding Internet Service)|Retail Stores, Wholesale, and E-commerce Sites|Agriculture, Mining, and Refineries (Farming, Greenhouses, Mining, Forestry, and Animal Farming)|Food, Grocery, Beverages"
20936,ISP,Internet Service Provider (ISP)|Computer and Information Technology|Service|Phone Provider
12748,Enterprise,"Corporate/Enterprise|Buildings (Residential or Commercial)|Service|Retail Stores, Wholesale, and E-commerce Sites"
29140,ISP,Content|Computer and Information Technology|Hosting and Cloud Provider|Internet Service Provider (ISP)
29141,ISP,Content|Internet Service Provider (ISP)|Computer and Information Technology|Hosting and Cloud Provider
201173,Eyeball,"Community Groups and Nonprofits|Human Rights and Social Advocacy (Human Rights, Environment and Wildlife Conservation, Other)|Eyeball|"
12759,ISP,Eyeball|Internet Service Provider (ISP)|Computer and Information Technology|Not Validating RPKI ROV
29145,ISP,"Finance and Insurance|Law, Business, and Consulting Services|Service|Insurance Carriers and Agencies"
209379,Other,Software Development|Computer and Information Technology|
201203,Other,"Trucking|Freight, Shipment, and Postal Services|"
20980,Enterprise,"Music and Video Industry|Service|Law, Business, and Consulting Services|Media, Publishing, and Broadcasting"
201206,ISP,Internet Service Provider (ISP)|Computer and Information Technology|
201208,Other,"Software Development|Accountants, Tax Preparers, Payroll Services|Investment, Portfolio Management, Pensions and Funds|Computer and Information Technology"
209400,ISP,Home ISP|Internet Service Provider (ISP)|Computer and Information Technology|
29178,ISP,Service|Software Development|Internet Service Provider (ISP)|Computer and Information Technology
201213,ISP,Computer and Information Technology|Internet Service Provider (ISP)|
20990,Other,"Banks, Credit Card Companies, Mortgage Providers|Finance and Insurance|"
209405,Other,"Electric Power Generation, Transmission, Distribution|Service|Utilities (Excluding Internet Service)|Manufacturing"
61955,ISP,Computer and Information Technology|Internet Service Provider (ISP)|
201222,ISP,Personal ASN|Computer and Information Technology|Internet Service Provider (ISP)|
12808,Enterprise,"Media, Publishing, and Broadcasting|Service|Law, Business, and Consulting Services|Computer and Information Technology"
29192,Content/CDN,"Utilities (Excluding Internet Service)|Computer and Information Technology|Electric Power Generation, Transmission, Distribution|Service"
209419,Other,"Investment, Portfolio Management, Pensions and Funds|Finance and Insurance|Personal ASN|"
12813,ISP,Hosting and Cloud Provider|Manufacturing|Computer and Information Technology|Research and Development Organizations
61967,Academic/Edu,"Computer and Information Technology|Service|Education and Research|Other Schools, Instruction, and Exam Preparation (Trade Schools, Art Schools, Driving Instruction, etc.)"
12816,ISP,Tranco 10k Host|Internet Service Provider (ISP)|Research and Development Organizations|Community Groups and Nonprofits
12817,Academic/Edu,Education and Research|
61969,Enterprise,"Media, Publishing, and Broadcasting|Software Development|Computer and Information Technology|Law, Business, and Consulting Services"
201232,ISP,"Software Development|Electronics and Computer Components|Computer and Information Technology|Freight, Shipment, and Postal Services"
209427,ISP,"Internet Service Provider (ISP)|Civil Engineering Construction (Utility Lines, Roads and Bridges)|Computer and Information Technology|Retail Stores, Wholesale, and E-commerce Sites"
12822,ISP,Computer and Information Technology|Internet Service Provider (ISP)|
209432,Other,Health Care Services|Hospitals and Medical Centers|Personal ASN|
12830,ISP,Manufacturing|Computer and Information Technology|Internet Service Provider (ISP)|Electronics and Computer Components
61982,Other,"Museums, Libraries, and Entertainment|Service|"
21026,ISP,"Hosting and Cloud Provider|Service|Software Development|Law, Business, and Consulting Services"
61987,Enterprise,"Service|Law, Business, and Consulting Services|"
21032,ISP,Eyeball|Internet Service Provider (ISP)|Computer and Information Technology|Not Validating RPKI ROV
29224,Other,"Freight, Shipment, and Postal Services|"
201257,Unknown,
12843,ISP,Eyeball|Internet Service Provider (ISP)|Computer and Information Technology|Not Validating RPKI ROV
21044,ISP,Computer and Information Technology|Internet Service Provider (ISP)|Phone Provider|
12853,Academic/Edu,"Utilities (Excluding Internet Service)|Electric Power Generation, Transmission, Distribution|Buildings, Repair, Maintenance (Pest Control, Landscaping, Cleaning, Locksmiths, Car Washes, etc)|Service"
29236,Enterprise,"Law, Business, and Consulting Services|Service|"
29239,ISP,Server Hosting|Computer and Information Technology|Internet Service Provider (ISP)|Hosting and Cloud Provider
12857,ISP,"Internet Service Provider (ISP)|Education and Research|Retail Stores, Wholesale, and E-commerce Sites|Research and Development Organizations"
209467,Other,"Print Media (Newspapers, Magazines, Books)|Manufacturing|Service|Media, Publishing, and Broadcasting"
201283,Academic/Edu,Phone Provider|Computer and Information Technology|Education and Research|Research and Development Organizations
201284,Other,"Investment, Portfolio Management, Pensions and Funds|Finance and Insurance|"
21063,Other,"Water Transportation|Freight, Shipment, and Postal Services|"
62023,ISP,Satellite Internet|Computer and Information Technology|Internet Service Provider (ISP)|Not Validating RPKI ROV
209480,ISP,Internet Service Provider (ISP)|Computer and Information Technology|Software Development|
29259,ISP,ToR Services|Internet Service Provider (ISP)|Computer and Information Technology|
62028,Academic/Edu,"Manufacturing|Research and Development Organizations|Education and Research|Retail Stores, Wholesale, and E-commerce Sites"
201291,ISP,"Retail Stores, Wholesale, and E-commerce Sites|Software Development|Computer and Information Technology|Internet Service Provider (ISP)"
201299,ISP,Computer and Network Security|Internet Service Provider (ISP)|Government and Public Administration|Computer and Information Technology
12886,ISP,Server Hosting|Internet Service Provider (ISP)|Computer and Information Technology|Not Validating RPKI ROV
12888,ISP,Air Travel|Service|Internet Service Provider (ISP)|Computer and Information Technology
21080,ISP,Not Validating RPKI ROV|Computer and Information Technology|Internet Service Provider (ISP)|
21083,ISP,Computer and Information Technology|Internet Service Provider (ISP)|
12894,Content/CDN,Software Development|Computer and Information Technology|Hosting and Cloud Provider|
12897,ISP,Eyeball|Computer and Information Technology|Internet Service Provider (ISP)|Validating RPKI ROV
12898,Other,Computer and Information Technology|
209509,Other,"Construction and Real Estate|Computer and Information Technology|Service|Civil Engineering Construction (Utility Lines, Roads and Bridges)"
201318,Government,"Government and Public Administration|Government and Regulatory Agencies, Administrations, Departments, and Services|"
12907,ISP,Internet Service Provider (ISP)|Computer and Information Technology|Validating RPKI ROV|
29298,ISP,Tranco 10k Host|Internet Service Provider (ISP)|Computer and Information Technology|Health Care Services
12915,ISP,Software Development|Hosting and Cloud Provider|Computer and Information Technology|Internet Service Provider (ISP)
209530,Other,"Buildings (Residential or Commercial)|Construction and Real Estate|Service|Retail Stores, Wholesale, and E-commerce Sites"
12923,ISP,Internet Service Provider (ISP)|Software Development|Computer and Information Technology|
29308,Other,Computer and Information Technology|Health Care Services|Software Development|
62075,Other,"Personal ASN|Finance and Insurance|Investment, Portfolio Management, Pensions and Funds|"
62078,Other,"Buildings (Residential or Commercial)|Construction and Real Estate|Retail Stores, Wholesale, and E-commerce Sites|Personal ASN"
201339,Government,"Government and Public Administration|Government and Regulatory Agencies, Administrations, Departments, and Services|"
12931,ISP,Eyeball|Computer and Information Technology|Internet Service Provider (ISP)|Service
29316,Enterprise,"Service|Law, Business, and Consulting Services|Computer and Information Technology|"
29317,Other,"Freight, Shipment, and Postal Services|Personal ASN|"
62086,ISP,Computer and Information Technology|Hosting and Cloud Provider|Software Development|Internet Service Provider (ISP)
62087,ISP,Software Development|Internet Service Provider (ISP)|Hosting and Cloud Provider|Computer and Information Technology
209545,ISP,Computer and Network Security|Internet Service Provider (ISP)|Computer and Information Technology|
12941,ISP,Home ISP|Computer and Information Technology|Internet Service Provider (ISP)|Validating RPKI ROV
209551,ISP,Home ISP|Computer and Information Technology|Internet Service Provider (ISP)|Validating RPKI ROV
201370,ISP,"Media, Publishing, and Broadcasting|Service|Military, Defense, National Security, and International Affairs|Online Informational Content"
29341,Other,"Service|Social Assistance (Temporary Shelters, Emergency Relief, Child Day Care, etc)|"
21150,ISP,"Not Validating RPKI ROV|Law, Business, and Consulting Services|Service|Computer and Information Technology"
62109,Other,"Agriculture, Mining, and Refineries (Farming, Greenhouses, Mining, Forestry, and Animal Farming)|Freight, Shipment, and Postal Services|Trucking|"
201377,Other,"Media, Publishing, and Broadcasting|Online Informational Content|"
29347,ISP,"Hosting and Cloud Provider|Buildings, Repair, Maintenance (Pest Control, Landscaping, Cleaning, Locksmiths, Car Washes, etc)|Service|Software Development"
21158,Other,Personal ASN|Buildings (Residential or Commercial)|Construction and Real Estate|
21161,ISP,Not Validating RPKI ROV|Service|Government and Public Administration|Internet Service Provider (ISP)
29358,ISP,Internet Service Provider (ISP)|Computer and Information Technology|Software Development|
209585,ISP,Hosting and Cloud Provider|Software Development|Computer and Information Technology|Internet Service Provider (ISP)
201396,ISP,Computer and Information Technology|Internet Service Provider (ISP)|Not Validating RPKI ROV|
21173,ISP,Software Development|Internet Service Provider (ISP)|Computer and Information Technology|
29367,Enterprise,"Media, Publishing, and Broadcasting|Computer and Information Technology|Service|Law, Business, and Consulting Services"
201399,ISP,Software Development|Computer and Information Technology|Internet Service Provider (ISP)|Health Care Services
21180,Other,Health Care Services|Chemical and Pharmaceutical Manufacturing|Manufacturing|
29373,Enterprise,"Media, Publishing, and Broadcasting|Print Media (Newspapers, Magazines, Books)|Service|Law, Business, and Consulting Services"
209598,ISP,Computer and Information Technology|Internet Service Provider (ISP)|
201410,ISP,Computer and Information Technology|Internet Service Provider (ISP)|
21192,Other,"Service|Media, Publishing, and Broadcasting|Radio and Television Providers|Tranco 10k Host"
209610,ISP,Internet Service Provider (ISP)|Computer and Information Technology|
21197,Other,Manufacturing|Machinery|Electronics and Computer Components|
21198,ISP,Internet Service Provider (ISP)|Computer and Information Technology|Software Development|
13010,ISP,"Internet Service Provider (ISP)|Computer and Information Technology|Retail Stores, Wholesale, and E-commerce Sites|"
29394,Content/CDN,Computer and Information Technology|Hosting and Cloud Provider|
13012,ISP,Not Validating RPKI ROV|Computer and Information Technology|Internet Service Provider (ISP)|Eyeball
209620,ISP,"Validating RPKI ROV|Internet Service Provider (ISP)|Computer and Information Technology|Law, Business, and Consulting Services"
21207,Other,"Electric Power Generation, Transmission, Distribution|Service|Agriculture, Mining, and Refineries (Farming, Greenhouses, Mining, Forestry, and Animal Farming)|Water Supply and Irrigation"
209623,Enterprise,"Retail Stores, Wholesale, and E-commerce Sites|Clothing, Fashion, Luggage|Corporate/Enterprise|"
13020,Eyeball,Eyeball|Event|Community Groups and Nonprofits|Computer and Information Technology
29404,ISP,Not Validating RPKI ROV|Software Development|Internet Service Provider (ISP)|Computer and Information Technology
201438,Other,"Retail Stores, Wholesale, and E-commerce Sites|Construction and Real Estate|Buildings (Residential or Commercial)|Metal, Glass, Wood, and Paper Manufacturing"
29408,Other,Manufacturing|
29413,ISP,Home ISP|Computer and Information Technology|Internet Service Provider (ISP)|Validating RPKI ROV
13031,ISP,Software Development|Computer and Information Technology|Internet Service Provider (ISP)|Service
13039,ISP,Server Hosting|Internet Service Provider (ISP)|Computer and Information Technology|
13040,Academic/Edu,Research and Development Organizations|Computer and Information Technology|Education and Research|
29423,Content/CDN,Validating RPKI ROV|Software Development|Computer and Information Technology|Hosting and Cloud Provider
21234,Enterprise,"Service|Law, Business, and Consulting Services|"
13043,Other,Not Validating RPKI ROV|Health Care Services|Chemical and Pharmaceutical Manufacturing|Manufacturing
21235,ISP,"Construction and Real Estate|Civil Engineering Construction (Utility Lines, Roads and Bridges)|Internet Service Provider (ISP)|Computer and Information Technology"
13045,ISP,Eyeball|Internet Service Provider (ISP)|Computer and Information Technology|Validating RPKI ROV
62193,ISP,Computer and Information Technology|Internet Service Provider (ISP)|
201463,Enterprise,"Investment, Portfolio Management, Pensions and Funds|Retail Stores, Wholesale, and E-commerce Sites|Computer and Network Security|Computer and Information Technology"
62204,Other,"Freight, Shipment, and Postal Services|"
13054,ISP,Not Validating RPKI ROV|Computer and Information Technology|Internet Service Provider (ISP)|
13058,ISP,Eyeball|Computer and Information Technology|Internet Service Provider (ISP)|Business Broadband
209673,Other,Other|
21263,ISP,Eyeball|Internet Service Provider (ISP)|Computer and Information Technology|Not Validating RPKI ROV
201491,Other,"Media, Publishing, and Broadcasting|Computer and Information Technology|Buildings, Repair, Maintenance (Pest Control, Landscaping, Cleaning, Locksmiths, Car Washes, etc)|Software Development"
201492,Content/CDN,Computer and Information Technology|Hosting and Cloud Provider|
209689,Other,"Computer and Information Technology|Retail Stores, Wholesale, and E-commerce Sites|Banks, Credit Card Companies, Mortgage Providers|Finance and Insurance"
13083,ISP,Internet Service Provider (ISP)|Computer and Information Technology|Phone Provider|
29471,Enterprise,Electronics and Computer Components|Technology Consulting Services|Service|Manufacturing
62240,ISP,"Content|Internet Service Provider (ISP)|Computer and Information Technology|Media, Publishing, and Broadcasting"
29473,Other,Computer and Information Technology|
209707,ISP,Internet Service Provider (ISP)|Computer and Information Technology|
29484,Academic/Edu,"Academic|Education and Research|Colleges, Universities, and Professional Schools|Not Validating RPKI ROV"
13101,ISP,Eyeball|Computer and Information Technology|Internet Service Provider (ISP)|Validating RPKI ROV
62253,ISP,"Real Estate (Residential and/or Commercial)|Service|Law, Business, and Consulting Services|Construction and Real Estate"
29487,Other,Manufacturing|Health Care Services|Chemical and Pharmaceutical Manufacturing|
29488,ISP,Computer and Information Technology|Internet Service Provider (ISP)|
209715,Other,"Computer and Information Technology|Civil Engineering Construction (Utility Lines, Roads and Bridges)|Construction and Real Estate|"
29494,Other,"Banks, Credit Card Companies, Mortgage Providers|Finance and Insurance|"
201526,ISP,Computer and Information Technology|Internet Service Provider (ISP)|
201530,ISP,Not Validating RPKI ROV|Finance and Insurance|Insurance Carriers and Agencies|
13115,ISP,"Software Development|Law, Business, and Consulting Services|Internet Service Provider (ISP)|Service"
62269,Other,Personal ASN|Buildings (Residential or Commercial)|Construction and Real Estate|
62270,Other,"Machinery|Manufacturing|Retail Stores, Wholesale, and E-commerce Sites|Metal, Glass, Wood, and Paper Manufacturing"
29505,ISP,Home ISP|Internet Service Provider (ISP)|Computer and Information Technology|Validating RPKI ROV
201537,ISP,Computer and Information Technology|Internet Service Provider (ISP)|
29507,Other,"Freight, Shipment, and Postal Services|"
209729,Other,Computer and Information Technology|Manufacturing|Software Development|
201541,ISP,Internet Service Provider (ISP)|Computer and Information Technology|
29510,Other,Community Groups and Nonprofits|
201543,Other,"Food, Grocery, Beverages|Retail Stores, Wholesale, and E-commerce Sites|Clothing, Fashion, Luggage|"
13128,Other,"Service|Computer and Information Technology|Buildings, Repair, Maintenance (Pest Control, Landscaping, Cleaning, Locksmiths, Car Washes, etc)|"
201545,Other,"Freight, Shipment, and Postal Services|Retail Stores, Wholesale, and E-commerce Sites|"
13130,Enterprise,"Law, Business, and Consulting Services|Service|Manufacturing|Automotive and Transportation"
29515,ISP,Computer and Information Technology|Hosting and Cloud Provider|Government and Public Administration|Internet Service Provider (ISP)
13132,ISP,Not Validating RPKI ROV|Internet Service Provider (ISP)|Computer and Information Technology|
209740,ISP,Computer and Information Technology|Internet Service Provider (ISP)|
13135,ISP,Server Hosting|Internet Service Provider (ISP)|Computer and Information Technology|Not Validating RPKI ROV
209744,ISP,"Law, Business, and Consulting Services|Service|Software Development|Internet Service Provider (ISP)"
209745,ISP,Hosting and Cloud Provider|Computer and Information Technology|Internet Service Provider (ISP)|Personal ASN
62291,Other,"Civil Engineering Construction (Utility Lines, Roads and Bridges)|Construction and Real Estate|"
13140,ISP,Internet Service Provider (ISP)|Computer and Information Technology|
21336,ISP,Computer and Information Technology|Internet Service Provider (ISP)|
62297,ISP,Software Development|Computer and Information Technology|Internet Service Provider (ISP)|
201560,ISP,Computer and Information Technology|Internet Service Provider (ISP)|
201561,ISP,Computer and Information Technology|Internet Service Provider (ISP)|
13148,ISP,"Service|Retail Stores, Wholesale, and E-commerce Sites|Construction and Real Estate|Computer and Information Technology"
29532,Enterprise,"Computer and Information Technology|Law, Business, and Consulting Services|Software Development|Service"
13157,ISP,Not Validating RPKI ROV|Internet Service Provider (ISP)|Computer and Information Technology|
62310,ISP,Validating RPKI ROV|Software Development|Internet Service Provider (ISP)|Computer and Information Technology
21352,Other,"Phone Provider|Computer and Information Technology|Civil Engineering Construction (Utility Lines, Roads and Bridges)|Retail Stores, Wholesale, and E-commerce Sites"
21355,Enterprise,"Freight, Shipment, and Postal Services|Computer and Information Technology|Law, Business, and Consulting Services|Service"
13167,ISP,Internet Service Provider (ISP)|Computer and Information Technology|Manufacturing|Health Care Services
29551,ISP,Tranco 10k Host|Computer and Information Technology|Internet Service Provider (ISP)|Validating RPKI ROV
209781,Other,"Agriculture, Mining, and Refineries (Farming, Greenhouses, Mining, Forestry, and Animal Farming)|Utilities (Excluding Internet Service)|"
209784,ISP,Internet Service Provider (ISP)|Computer and Information Technology|Eyeball|
29562,ISP,Internet Service Provider (ISP)|Computer and Information Technology|Home ISP|Eyeball
13184,ISP,Internet Service Provider (ISP)|Computer and Information Technology|
62336,ISP,Eyeball|Internet Service Provider (ISP)|Computer and Information Technology|Validating RPKI ROV
29570,Enterprise,"Law, Business, and Consulting Services|Service|"
13187,Other,Manufacturing|Chemical and Pharmaceutical Manufacturing|
62338,Enterprise,"Travel and Accommodation|Service|Law, Business, and Consulting Services|"
62341,ISP,"Software Development|Service|Internet Service Provider (ISP)|Media, Publishing, and Broadcasting"
21382,Enterprise,"Law, Business, and Consulting Services|Service|Computer and Information Technology|Finance and Insurance"
201600,Other,Computer and Information Technology|
209793,Enterprise,"Law, Business, and Consulting Services|Utilities (Excluding Internet Service)|Service|Banks, Credit Card Companies, Mortgage Providers"
21385,ISP,Carrier|Computer and Information Technology|Internet Service Provider (ISP)|Not Validating RPKI ROV
201609,Enterprise,"Law, Business, and Consulting Services|Banks, Credit Card Companies, Mortgage Providers|Real Estate (Residential and/or Commercial)|Finance and Insurance"
21387,ISP,"Internet Service Provider (ISP)|Service|Computer and Information Technology|Retail Stores, Wholesale, and E-commerce Sites"
13201,ISP,"Hosting and Cloud Provider|Computer and Information Technology|Internet Service Provider (ISP)|Retail Stores, Wholesale, and E-commerce Sites"
62354,Other,Computer and Information Technology|
62359,ISP,"Internet Service Provider (ISP)|Software Development|Media, Publishing, and Broadcasting|Law, Business, and Consulting Services"
62365,ISP,"Eyeball|Civil Engineering Construction (Utility Lines, Roads and Bridges)|Internet Service Provider (ISP)|Computer and Information Technology"
209824,Content/CDN,"Server Hosting|Computer and Information Technology|Manufacturing|Print Media (Newspapers, Magazines, Books)"
21413,ISP,Eyeball|Internet Service Provider (ISP)|Computer and Information Technology|Validating RPKI ROV
209830,ISP,"Finance and Insurance|Banks, Credit Card Companies, Mortgage Providers|Insurance Carriers and Agencies|"
13233,Content/CDN,"Law, Business, and Consulting Services|Online Music and Video Streaming Services|Hosting and Cloud Provider|Software Development"
62387,ISP,Computer and Information Technology|Internet Service Provider (ISP)|
201652,ISP,"Internet Service Provider (ISP)|Civil Engineering Construction (Utility Lines, Roads and Bridges)|Computer and Information Technology|Technology Consulting Services"
13237,ISP,Eyeball|Internet Service Provider (ISP)|Computer and Information Technology|Not Validating RPKI ROV
209844,ISP,Internet Service Provider (ISP)|Computer and Information Technology|
209846,ISP,"Corporate/Enterprise|Electric Power Generation, Transmission, Distribution|Natural Gas Distribution|Utilities (Excluding Internet Service)"
29624,ISP,Computer and Information Technology|Internet Service Provider (ISP)|
29627,Other,"Investment, Portfolio Management, Pensions and Funds|Finance and Insurance|Banks, Credit Card Companies, Mortgage Providers|"
62396,Other,Travel and Accommodation|Personal ASN|
13246,ISP,Validating RPKI ROV|Internet Service Provider (ISP)|Computer and Information Technology|
13247,ISP,Not Validating RPKI ROV|Computer and Information Technology|Internet Service Provider (ISP)|
13251,Other,"Retail Stores, Wholesale, and E-commerce Sites|Computer and Information Technology|"
209859,Enterprise,"Personal ASN|Service|Law, Business, and Consulting Services|Retail Stores, Wholesale, and E-commerce Sites"
62407,Enterprise,"Law, Business, and Consulting Services|Service|"
201672,Content/CDN,"Hosting and Cloud Provider|Law, Business, and Consulting Services|Service|Computer and Information Technology"
201681,ISP,Hosting and Cloud Provider|Computer and Information Technology|Software Development|Internet Service Provider (ISP)
21458,Other,"Banks, Credit Card Companies, Mortgage Providers|Finance and Insurance|"
21461,ISP,Internet Service Provider (ISP)|Computer and Information Technology|
201685,Other,Service|
209877,ISP,"Software Development|Computer and Information Technology|Banks, Credit Card Companies, Mortgage Providers|Internet Service Provider (ISP)"
29658,ISP,"Internet Service Provider (ISP)|Retail Stores, Wholesale, and E-commerce Sites|Computer and Information Technology|"
13275,ISP,Hosting and Cloud Provider|Software Development|Internet Service Provider (ISP)|Computer and Information Technology
21467,Academic/Edu,Education and Research|
21473,ISP,Carrier|Computer and Information Technology|Internet Service Provider (ISP)|Not Validating RPKI ROV
13282,Content/CDN,"Software Development|Military, Defense, National Security, and International Affairs|Hosting and Cloud Provider|Law, Business, and Consulting Services"
62434,Other,"Freight, Shipment, and Postal Services|"
21476,ISP,"Server Hosting|Online Informational Content|Manufacturing|Media, Publishing, and Broadcasting"
201698,Enterprise,"Computer and Information Technology|Service|Software Development|Law, Business, and Consulting Services"
29670,Other,Validating RPKI ROV|Community Groups and Nonprofits|Not Validating RPKI ROV|
201701,Eyeball,Eyeball|Community Groups and Nonprofits|Not Validating RPKI ROV|
209891,Other,"Retail Stores, Wholesale, and E-commerce Sites|"
13289,ISP,Not Validating RPKI ROV|Internet Service Provider (ISP)|Computer and Information Technology|
209894,Other,"Community Groups and Nonprofits|Human Rights and Social Advocacy (Human Rights, Environment and Wildlife Conservation, Other)|"
201709,ISP,Computer and Information Technology|Internet Service Provider (ISP)|
29682,Other,"Banks, Credit Card Companies, Mortgage Providers|Finance and Insurance|"
13301,Enterprise,"Computer and Information Technology|Service|Law, Business, and Consulting Services|"
29686,ISP,Content|Computer and Information Technology|Internet Service Provider (ISP)|Server Hosting
62454,ISP,Computer and Information Technology|Internet Service Provider (ISP)|
21499,ISP,ToR Services|Internet Service Provider (ISP)|Hosting and Cloud Provider|Software Development
62460,Other,"Museums, Libraries, and Entertainment|Media, Publishing, and Broadcasting|Print Media (Newspapers, Magazines, Books)|"
21501,ISP,Computer and Information Technology|Internet Service Provider (ISP)|Hosting and Cloud Provider|
209915,Enterprise,"Corporate/Enterprise|Travel and Accommodation|Hotels, Motels, Inns, Other Traveler Accommodation|Law, Business, and Consulting Services"
209917,Other,"Metal, Glass, Wood, and Paper Manufacturing|Manufacturing|"
201729,ISP,"Electric Power Generation, Transmission, Distribution|Natural Gas Distribution|Law, Business, and Consulting Services|Utilities (Excluding Internet Service)"
201734,Other,Manufacturing|Health Care Services|
13335,ISP,Content|Software Development|Government and Public Administration|Internet Service Provider (ISP)
209943,Other,"Civil Engineering Construction (Utility Lines, Roads and Bridges)|Retail Stores, Wholesale, and E-commerce Sites|Construction and Real Estate|"
209949,Other,Service|
209953,Other,"Retail Stores, Wholesale, and E-commerce Sites|Construction and Real Estate|Real Estate (Residential and/or Commercial)|"
201764,Enterprise,"Computer and Information Technology|Law, Business, and Consulting Services|Service|Software Development"
201779,ISP,"Law, Business, and Consulting Services|Hosting and Cloud Provider|Software Development|Service"
201785,Other,Service|
209979,Other,"Retail Stores, Wholesale, and E-commerce Sites|Clothing, Fashion, Luggage|"
209981,Other,"Retail Stores, Wholesale, and E-commerce Sites|Computer and Information Technology|"
209991,Other,Software Development|Finance and Insurance|Computer and Information Technology|
136264,Other,Other|
201807,Content/CDN,"Law, Business, and Consulting Services|Computer and Information Technology|Service|Software Development"
201809,Other,"Food, Beverage, and Tobacco|Travel and Accommodation|Food Services and Drinking Places|Retail Stores, Wholesale, and E-commerce Sites"
201829,ISP,Phone Provider|Internet Service Provider (ISP)|Computer and Information Technology|
210023,Content/CDN,Hosting and Cloud Provider|Computer and Information Technology|
201832,ISP,"Internet Service Provider (ISP)|Retail Stores, Wholesale, and E-commerce Sites|Education and Research|Hosting and Cloud Provider"
210029,ISP,"Computer and Information Technology|Banks, Credit Card Companies, Mortgage Providers|Retail Stores, Wholesale, and E-commerce Sites|Internet Service Provider (ISP)"
201840,ISP,"Radio and Television Providers|Media, Publishing, and Broadcasting|Internet Service Provider (ISP)|Computer and Information Technology"
210035,Eyeball,Education and Research|Corporate/Enterprise|Eyeball|
210044,ISP,"Utilities (Excluding Internet Service)|Internet Service Provider (ISP)|Computer and Information Technology|Electric Power Generation, Transmission, Distribution"
201856,Unknown,
201878,Other,"Recreation, Sports, and Performing Arts|Water Supply and Irrigation|Freight, Shipment, and Postal Services|Passenger Transit (Car, Bus, Taxi, Subway)"
210070,Other,"Validating RPKI ROV|Retail Stores, Wholesale, and E-commerce Sites|Construction and Real Estate|Computer and Information Technology"
201886,Enterprise,"Service|Investment, Portfolio Management, Pensions and Funds|Law, Business, and Consulting Services|Finance and Insurance"
201901,Other,Computer and Information Technology|Software Development|
210098,ISP,"Media, Publishing, and Broadcasting|Software Development|Computer and Information Technology|Manufacturing"
201917,ISP,Phone Provider|Computer and Information Technology|Internet Service Provider (ISP)|
210120,ISP,Internet Service Provider (ISP)|Computer and Information Technology|
210127,Other,Computer and Information Technology|Software Development|
210143,Other,"Human Rights and Social Advocacy (Human Rights, Environment and Wildlife Conservation, Other)|Community Groups and Nonprofits|Not Validating RPKI ROV|"
201955,ISP,"Internet Service Provider (ISP)|Law, Business, and Consulting Services|Service|Computer and Information Technology"
201962,ISP,Eyeball|Internet Service Provider (ISP)|Computer and Information Technology|Not Validating RPKI ROV
201963,Other,Computer and Information Technology|Software Development|
210168,Unknown,
210183,Other,"Construction and Real Estate|Retail Stores, Wholesale, and E-commerce Sites|Real Estate (Residential and/or Commercial)|Not Validating RPKI ROV"
210198,Other,"Software Development|Computer and Information Technology|Retail Stores, Wholesale, and E-commerce Sites|"
210199,Other,Computer and Information Technology|Software Development|Personal ASN|
38168,Other,"Service|Media, Publishing, and Broadcasting|"
5401,Other,Validating RPKI ROV|Computer and Information Technology|Software Development|Personal ASN
5405,ISP,Carrier|Buildings (Residential or Commercial)|Construction and Real Estate|Validating RPKI ROV
5409,ISP,Validating RPKI ROV|Internet Service Provider (ISP)|Computer and Information Technology|
210214,Other,Construction and Real Estate|Real Estate (Residential and/or Commercial)|
210217,Academic/Edu,"Software Development|Law, Business, and Consulting Services|Education and Research|Research and Development Organizations"
210222,ISP,Internet Service Provider (ISP)|Computer and Information Technology|
202034,Academic/Edu,"Retail Stores, Wholesale, and E-commerce Sites|Software Development|Other Schools, Instruction, and Exam Preparation (Trade Schools, Art Schools, Driving Instruction, etc.)|Computer and Information Technology"
210226,Content/CDN,Content|Hosting and Cloud Provider|Construction and Real Estate|Real Estate (Residential and/or Commercial)
5430,ISP,Tranco 10k Host|Internet Service Provider (ISP)|Computer and Information Technology|Validating RPKI ROV
202040,Other,"Retail Stores, Wholesale, and E-commerce Sites|Computer and Information Technology|Software Development|"
210236,ISP,Computer and Information Technology|Internet Service Provider (ISP)|
202046,Unknown,
210249,Other,"Buildings, Repair, Maintenance (Pest Control, Landscaping, Cleaning, Locksmiths, Car Washes, etc)|Service|"
210251,ISP,Internet Service Provider (ISP)|Computer and Information Technology|
210259,ISP,Natural Gas Distribution|Water Supply and Irrigation|Service|Internet Service Provider (ISP)
210261,ISP,"Service|Law, Business, and Consulting Services|Computer and Information Technology|Internet Service Provider (ISP)"
202077,ISP,Hosting and Cloud Provider|Internet Service Provider (ISP)|Computer and Information Technology|Software Development
210274,ISP,Software Development|Computer and Information Technology|Internet Service Provider (ISP)|Hosting and Cloud Provider
210286,ISP,"Print Media (Newspapers, Magazines, Books)|Computer and Information Technology|Internet Service Provider (ISP)|Civil Engineering Construction (Utility Lines, Roads and Bridges)"
210298,ISP,Validating RPKI ROV|Internet Service Provider (ISP)|Computer and Information Technology|Technology Consulting Services
202108,ISP,"Internet Service Provider (ISP)|Service|Law, Business, and Consulting Services|Computer and Information Technology"
5501,Academic/Edu,"Validating RPKI ROV|Utilities (Excluding Internet Service)|Research and Development Organizations|Electric Power Generation, Transmission, Distribution"
210303,Government,"Government and Regulatory Agencies, Administrations, Departments, and Services|Government and Public Administration|Freight, Shipment, and Postal Services|Validating RPKI ROV"
210304,ISP,Computer and Information Technology|Internet Service Provider (ISP)|
202113,ISP,Computer and Information Technology|Internet Service Provider (ISP)|
30083,ISP,Eyeball|Computer and Network Security|Service|Hosting and Cloud Provider
46475,ISP,Tranco 10k Host|Hosting and Cloud Provider|Internet Service Provider (ISP)|Computer and Information Technology
5517,ISP,Server Hosting|Hosting and Cloud Provider|Computer and Information Technology|Internet Service Provider (ISP)
5520,Academic/Edu,"Validating RPKI ROV|Law, Business, and Consulting Services|Colleges, Universities, and Professional Schools|Service"
5521,ISP,"Media, Publishing, and Broadcasting|Software Development|Internet Service Provider (ISP)|Computer and Information Technology"
210326,Enterprise,"Service|Law, Business, and Consulting Services|Buildings, Repair, Maintenance (Pest Control, Landscaping, Cleaning, Locksmiths, Car Washes, etc)|"
210333,Enterprise,Corporate/Enterprise|Finance and Insurance|
210336,ISP,Internet Service Provider (ISP)|Computer and Information Technology|
5539,ISP,Tranco 10k Host|Internet Service Provider (ISP)|Computer and Information Technology|Not Validating RPKI ROV
5549,Other,Service|
202167,Other,"Content|Museums, Libraries, and Entertainment|Software Development|Computer and Information Technology"
202182,ISP,Software Development|Internet Service Provider (ISP)|Computer and Information Technology|Hosting and Cloud Provider
202186,Enterprise,"Service|Law, Business, and Consulting Services|Retail Stores, Wholesale, and E-commerce Sites|"
202195,Other,Service|
210397,ISP,"Personal ASN|Investment, Portfolio Management, Pensions and Funds|Insurance Carriers and Agencies|Finance and Insurance"
202208,ISP,Eyeball|Service|Internet Service Provider (ISP)|Computer and Information Technology
5605,ISP,Validating RPKI ROV|Internet Service Provider (ISP)|Computer and Information Technology|
210408,Other,Computer and Information Technology|Computer and Network Security|
202217,ISP,Software Development|Internet Service Provider (ISP)|Computer and Information Technology|
398830,ISP,"Freight, Shipment, and Postal Services|Software Development|Manufacturing|Eyeball"
210424,Unknown,
210428,Unknown,
202238,ISP,"Internet Service Provider (ISP)|Computer and Information Technology|Retail Stores, Wholesale, and E-commerce Sites|Construction and Real Estate"
210430,Academic/Edu,"Education and Research|Other Schools, Instruction, and Exam Preparation (Trade Schools, Art Schools, Driving Instruction, etc.)|"
202245,ISP,Computer and Information Technology|Internet Service Provider (ISP)|
210437,ISP,"Internet Service Provider (ISP)|Computer and Information Technology|Software Development|Retail Stores, Wholesale, and E-commerce Sites"
202252,ISP,Internet Service Provider (ISP)|Computer and Information Technology|
210446,Content/CDN,Computer and Information Technology|Computer and Network Security|Hosting and Cloud Provider|
210463,Other,Computer and Information Technology|Software Development|
202278,ISP,Computer and Information Technology|Internet Service Provider (ISP)|
202283,Other,Computer and Information Technology|
202284,Other,"Finance and Insurance|Software Development|Banks, Credit Card Companies, Mortgage Providers|Computer and Information Technology"
202285,Unknown,
210482,ISP,Internet Service Provider (ISP)|Computer and Information Technology|
202295,ISP,Internet Service Provider (ISP)|Computer and Information Technology|
210489,ISP,Computer and Information Technology|Internet Service Provider (ISP)|
202298,ISP,Software Development|Internet Service Provider (ISP)|Computer and Information Technology|
136767,Other,"Automotive and Transportation|Travel and Accommodation|Freight, Shipment, and Postal Services|Manufacturing"
210496,Other,"Clothing, Fashion, Luggage|Retail Stores, Wholesale, and E-commerce Sites|"
202329,Eyeball,"Eyeball|Validating RPKI ROV|Hospitals and Medical Centers|Law, Business, and Consulting Services"
210521,Unknown,
210522,Content/CDN,Computer and Information Technology|Hosting and Cloud Provider|Personal ASN|
202333,Other,"Utilities (Excluding Internet Service)|Electric Power Generation, Transmission, Distribution|Natural Gas Distribution|Steam and Air-Conditioning Supply"
202343,ISP,"Internet Service Provider (ISP)|Computer and Information Technology|Retail Stores, Wholesale, and E-commerce Sites|"
202351,Other,Health Care Services|Hospitals and Medical Centers|
210544,Other,Service|
202355,Enterprise,Service|Utilities (Excluding Internet Service)|Machinery|Manufacturing
210557,Enterprise,"Law, Business, and Consulting Services|Service|"
210558,Content/CDN,Content|Server Hosting|ToR Services|
210561,ISP,Computer and Information Technology|Internet Service Provider (ISP)|Personal ASN|
210563,ISP,Computer and Information Technology|Internet Service Provider (ISP)|
202373,ISP,Not Validating RPKI ROV|Internet Service Provider (ISP)|Computer and Information Technology|
210570,Unknown,
210577,ISP,Personal ASN|Internet Service Provider (ISP)|Computer and Information Technology|
210582,Unknown,
210585,Other,Manufacturing|
210586,ISP,Computer and Information Technology|Internet Service Provider (ISP)|
210589,Other,"Media, Publishing, and Broadcasting|Online Informational Content|"
202401,ISP,Internet Service Provider (ISP)|Hosting and Cloud Provider|ToR Services|Not Validating RPKI ROV
210596,Academic/Edu,Elementary and Secondary Schools|Education and Research|Community Groups and Nonprofits|
202409,Unknown,
210606,Unknown,
210617,Other,"Personal ASN|Freight, Shipment, and Postal Services|"
202435,Enterprise,"Law, Business, and Consulting Services|Service|"
210633,Content/CDN,"VPN Host|Server Hosting|Computer and Information Technology|Retail Stores, Wholesale, and E-commerce Sites"
202457,ISP,Internet Service Provider (ISP)|Computer and Information Technology|
210653,Unknown,
202462,ISP,Computer and Information Technology|Internet Service Provider (ISP)|
63199,ISP,Eyeball|Computer and Information Technology|Internet Service Provider (ISP)|Not Validating RPKI ROV
14061,Content/CDN,Content|Hosting and Cloud Provider|Software Development|Computer and Information Technology
202499,ISP,Internet Service Provider (ISP)|Computer and Information Technology|
210696,Other,Computer and Information Technology|
210701,Content/CDN,Computer and Network Security|Computer and Information Technology|Hosting and Cloud Provider|
210711,ISP,Computer and Information Technology|Internet Service Provider (ISP)|
202524,Other,"Buildings (Residential or Commercial)|Construction and Real Estate|Retail Stores, Wholesale, and E-commerce Sites|"
202526,ISP,Machinery|Manufacturing|Computer and Information Technology|Internet Service Provider (ISP)
210729,ISP,Computer and Information Technology|Internet Service Provider (ISP)|
202539,Other,"ToR Services|Clothing, Fashion, Luggage|Retail Stores, Wholesale, and E-commerce Sites|"
202560,Enterprise,"Service|Law, Business, and Consulting Services|Utilities (Excluding Internet Service)|Electric Power Generation, Transmission, Distribution"
202566,ISP,Internet Service Provider (ISP)|Computer and Information Technology|
210759,ISP,Internet Service Provider (ISP)|Computer and Information Technology|
202577,Academic/Edu,"Service|Education and Research|Social Assistance (Temporary Shelters, Emergency Relief, Child Day Care, etc)|Elementary and Secondary Schools"
202579,Other,"Service|Computer and Information Technology|Personal Care and Lifestyle (Barber Shops, Nail Salons, Diet Centers, Laundry, etc)|"
202584,ISP,Hosting and Cloud Provider|Internet Service Provider (ISP)|Computer and Information Technology|Personal ASN
210780,Other,Travel and Accommodation|
202592,ISP,Internet Service Provider (ISP)|Computer and Information Technology|
210785,Unknown,
210793,ISP,Validating RPKI ROV|Computer and Information Technology|Internet Service Provider (ISP)|
210795,Other,Chemical and Pharmaceutical Manufacturing|Manufacturing|Automotive and Transportation|
202610,Content/CDN,"Law, Business, and Consulting Services|Software Development|Service|Computer and Information Technology"
210803,ISP,Internet Service Provider (ISP)|Computer and Information Technology|
210804,Unknown,
210809,ISP,Internet Service Provider (ISP)|Computer and Information Technology|
202627,ISP,Computer and Information Technology|Internet Service Provider (ISP)|Personal ASN|
210819,ISP,Computer and Information Technology|Internet Service Provider (ISP)|Hosting and Cloud Provider|
210833,ISP,Internet Service Provider (ISP)|Computer and Information Technology|
210849,Other,"Media, Publishing, and Broadcasting|Online Informational Content|"
202661,Unknown,
210860,Other,"Retail Stores, Wholesale, and E-commerce Sites|Travel and Accommodation|Food Services and Drinking Places|Software Development"
202680,Enterprise,"Law, Business, and Consulting Services|Buildings, Repair, Maintenance (Pest Control, Landscaping, Cleaning, Locksmiths, Car Washes, etc)|Service|Computer and Information Technology"
210881,Academic/Edu,Computer and Information Technology|Education and Research|Search|Personal ASN
202693,Other,Construction and Real Estate|Real Estate (Residential and/or Commercial)|
202694,ISP,Health Care Services|Insurance Carriers and Agencies|Finance and Insurance|
210887,Other,Personal ASN|
210888,Other,Personal ASN|
202698,Enterprise,"Retail Stores, Wholesale, and E-commerce Sites|Law, Business, and Consulting Services|Service|"
202701,Other,"Retail Stores, Wholesale, and E-commerce Sites|Food, Grocery, Beverages|Service|"
202702,Enterprise,"Computer and Information Technology|Law, Business, and Consulting Services|Service|Software Development"
202707,ISP,Eyeball|Internet Service Provider (ISP)|Computer and Information Technology|
202716,ISP,Finance and Insurance|Insurance Carriers and Agencies|Validating RPKI ROV|
210908,Academic/Edu,Education and Research|
210909,ISP,Internet Service Provider (ISP)|Computer and Information Technology|
210916,Other,"Music and Video Industry|Media, Publishing, and Broadcasting|"
202729,Other,Personal ASN|Health Care Services|Hospitals and Medical Centers|
202730,Other,"Retail Stores, Wholesale, and E-commerce Sites|Clothing, Fashion, Luggage|Recreation, Sports, and Performing Arts|Museums, Libraries, and Entertainment"
202731,ISP,Software Development|Manufacturing|Computer and Information Technology|Education and Research
210922,ISP,Internet Service Provider (ISP)|Computer and Information Technology|
202739,Other,"Personal ASN|Retail Stores, Wholesale, and E-commerce Sites|"
202741,ISP,"Internet Service Provider (ISP)|Computer and Information Technology|Construction and Real Estate|Retail Stores, Wholesale, and E-commerce Sites"
210937,Other,Software Development|Computer and Information Technology|
210941,ISP,"Online Informational Content|Media, Publishing, and Broadcasting|Internet Service Provider (ISP)|Computer and Information Technology"
38914,ISP,Internet Service Provider (ISP)|Computer and Information Technology|
47108,ISP,Computer and Information Technology|Internet Service Provider (ISP)|
38927,ISP,Content|Internet Service Provider (ISP)|Computer and Information Technology|Hosting and Cloud Provider
30742,ISP,Not Validating RPKI ROV|Computer and Information Technology|Software Development|Internet Service Provider (ISP)
210967,ISP,Internet Service Provider (ISP)|Computer and Information Technology|
210969,Unknown,
38938,ISP,"Electric Power Generation, Transmission, Distribution|Agriculture, Mining, and Refineries (Farming, Greenhouses, Mining, Forestry, and Animal Farming)|Steam and Air-Conditioning Supply|Utilities (Excluding Internet Service)"
38943,Other,"Machinery|Computer and Information Technology|Freight, Shipment, and Postal Services|Manufacturing"
202784,Enterprise,"Law, Business, and Consulting Services|Media, Publishing, and Broadcasting|Service|"
47138,ISP,Server Hosting|Internet Service Provider (ISP)|Computer and Information Technology|
38948,ISP,"Service|Law, Business, and Consulting Services|Internet Service Provider (ISP)|Computer and Information Technology"
202789,Other,"Civil Engineering Construction (Utility Lines, Roads and Bridges)|Service|Construction and Real Estate|"
38953,Academic/Edu,"Government and Public Administration|Computer and Information Technology|Education and Research|Military, Defense, National Security, and International Affairs"
30766,ISP,Eyeball|Computer and Information Technology|Internet Service Provider (ISP)|Validating RPKI ROV
30774,ISP,Internet Service Provider (ISP)|Computer and Information Technology|
202810,Other,"Automotive and Transportation|Retail Stores, Wholesale, and E-commerce Sites|Manufacturing|"
6206,ISP,Computer and Information Technology|Software Development|Internet Service Provider (ISP)|
202815,ISP,Internet Service Provider (ISP)|Computer and Information Technology|
211007,Unknown,
30787,Other,Machinery|Manufacturing|
30791,ISP,Software Development|Computer and Information Technology|Internet Service Provider (ISP)|Hosting and Cloud Provider
38988,Other,"Electric Power Generation, Transmission, Distribution|Utilities (Excluding Internet Service)|"
38989,Other,"Finance and Insurance|Investment, Portfolio Management, Pensions and Funds|"
211023,Other,"Media, Publishing, and Broadcasting|Service|Museums, Libraries, and Entertainment|"
30800,ISP,"Retail Stores, Wholesale, and E-commerce Sites|Software Development|Internet Service Provider (ISP)|Computer and Information Technology"
211026,ISP,"Media, Publishing, and Broadcasting|Service|Internet Service Provider (ISP)|Computer and Information Technology"
211030,ISP,Computer and Information Technology|Internet Service Provider (ISP)|
47195,Other,"Media, Publishing, and Broadcasting|Museums, Libraries, and Entertainment|Phone Provider|Software Development"
202847,ISP,"Insurance Carriers and Agencies|Investment, Portfolio Management, Pensions and Funds|Finance and Insurance|Health Care Services"
202851,Content/CDN,"Law, Business, and Consulting Services|Buildings, Repair, Maintenance (Pest Control, Landscaping, Cleaning, Locksmiths, Car Washes, etc)|Service|Banks, Credit Card Companies, Mortgage Providers"
30823,ISP,Content|Computer and Information Technology|Internet Service Provider (ISP)|Not Validating RPKI ROV
47208,ISP,Computer and Information Technology|Internet Service Provider (ISP)|
30825,Other,"Food, Beverage, and Tobacco|Manufacturing|Food, Grocery, Beverages|Retail Stores, Wholesale, and E-commerce Sites"
39018,ISP,"Retail Stores, Wholesale, and E-commerce Sites|Software Development|Internet Service Provider (ISP)|Computer and Information Technology"
47215,ISP,Content|Computer and Information Technology|Internet Service Provider (ISP)|Server Hosting
30834,ISP,Internet Service Provider (ISP)|Computer and Information Technology|
39035,Other,"Retail Stores, Wholesale, and E-commerce Sites|"
47228,ISP,Internet Service Provider (ISP)|Computer and Information Technology|
211069,Other,Content|
202878,ISP,Computer and Information Technology|Internet Service Provider (ISP)|
211075,Government,"Government and Regulatory Agencies, Administrations, Departments, and Services|Government and Public Administration|Buildings, Repair, Maintenance (Pest Control, Landscaping, Cleaning, Locksmiths, Car Washes, etc)|Service"
211083,ISP,Internet Service Provider (ISP)|Computer and Information Technology|
211088,Other,Personal ASN|
39063,ISP,Internet Service Provider (ISP)|Computer and Information Technology|
211095,Content/CDN,Hosting and Cloud Provider|Computer and Information Technology|
47261,Other,"Online Informational Content|Media, Publishing, and Broadcasting|Print Media (Newspapers, Magazines, Books)|"
47263,Other,Content|Utilities (Excluding Internet Service)|Service|Construction and Real Estate
39077,Enterprise,"Law, Business, and Consulting Services|Service|Media, Publishing, and Broadcasting|Print Media (Newspapers, Magazines, Books)"
47274,Academic/Edu,Health Care Services|Research and Development Organizations|Education and Research|Manufacturing
39083,ISP,Corporate/Enterprise|Computer and Information Technology|Internet Service Provider (ISP)|
211115,Other,Software Development|Computer and Information Technology|
47277,ISP,Internet Service Provider (ISP)|Computer and Information Technology|
202926,Content/CDN,"Software Development|Computer and Information Technology|Law, Business, and Consulting Services|Service"
47279,ISP,"Software Development|Internet Service Provider (ISP)|Computer and Information Technology|Retail Stores, Wholesale, and E-commerce Sites"
202929,Content/CDN,"Construction and Real Estate|Service|Media, Publishing, and Broadcasting|Radio and Television Providers"
39090,ISP,Eyeball|Internet Service Provider (ISP)|Computer and Information Technology|Not Validating RPKI ROV
39100,Government,"Government and Public Administration|Government and Regulatory Agencies, Administrations, Departments, and Services|Not Validating RPKI ROV|"
202941,Other,Health Care Services|Hospitals and Medical Centers|
47295,ISP,"Media, Publishing, and Broadcasting|Software Development|Law, Business, and Consulting Services|Online Informational Content"
47297,ISP,Business Broadband|Internet Service Provider (ISP)|Computer and Information Technology|
202946,ISP,Internet Service Provider (ISP)|Computer and Network Security|Software Development|Computer and Information Technology
30915,Other,Construction and Real Estate|Manufacturing|
202952,Other,"Online Informational Content|Media, Publishing, and Broadcasting|Personal ASN|"
211144,ISP,"Computer and Information Technology|Retail Stores, Wholesale, and E-commerce Sites|Internet Service Provider (ISP)|"
47309,ISP,Computer and Information Technology|Internet Service Provider (ISP)|
202957,Other,"Steam and Air-Conditioning Supply|Electric Power Generation, Transmission, Distribution|Service|Utilities (Excluding Internet Service)"
39123,ISP,Technology Consulting Services|Software Development|Internet Service Provider (ISP)|Computer and Information Technology
39129,Other,Service|
211161,Enterprise,"Law, Business, and Consulting Services|Service|"
30941,Other,Machinery|Manufacturing|
39138,ISP,Carrier|Internet Service Provider (ISP)|Computer and Information Technology|Not Validating RPKI ROV
211170,ISP,Internet Service Provider (ISP)|Computer and Information Technology|
211179,Other,Computer and Information Technology|Software Development|
47340,Other,Manufacturing|Chemical and Pharmaceutical Manufacturing|
39151,ISP,Satellite Internet|Internet Service Provider (ISP)|Hosting and Cloud Provider|Technology Consulting Services
30962,ISP,Content|Computer and Information Technology|Internet Service Provider (ISP)|Not Validating RPKI ROV
47347,ISP,"Computer and Information Technology|Retail Stores, Wholesale, and E-commerce Sites|Internet Service Provider (ISP)|"
211187,Content/CDN,Computer and Information Technology|Service|Hosting and Cloud Provider|
203005,Other,"Online Informational Content|Media, Publishing, and Broadcasting|"
39170,Enterprise,"Service|Software Development|Law, Business, and Consulting Services|Banks, Credit Card Companies, Mortgage Providers"
203015,Other,Computer and Information Technology|Software Development|
47368,Other,"Retail Stores, Wholesale, and E-commerce Sites|"
47369,Other,"Computer and Information Technology|Software Development|Technology Consulting Services|Retail Stores, Wholesale, and E-commerce Sites"
203017,Enterprise,"Service|Law, Business, and Consulting Services|Construction and Real Estate|"
211207,ISP,Internet Service Provider (ISP)|Computer and Information Technology|Personal ASN|
47372,Other,Computer and Information Technology|
203022,Enterprise,"Law, Business, and Consulting Services|Service|"
203038,Other,Community Groups and Nonprofits|
31007,Enterprise,"Manufacturing|Retail Stores, Wholesale, and E-commerce Sites|Service|Law, Business, and Consulting Services"
31010,ISP,"Internet Service Provider (ISP)|Computer and Information Technology|Retail Stores, Wholesale, and E-commerce Sites|Software Development"
203043,ISP,Anycast|Computer and Information Technology|Construction and Real Estate|Internet Service Provider (ISP)
203045,Other,"Manufacturing|Retail Stores, Wholesale, and E-commerce Sites|"
203046,Other,"Freight, Shipment, and Postal Services|"
39209,ISP,Hosting and Cloud Provider|Computer and Information Technology|Internet Service Provider (ISP)|
31025,ISP,Computer and Information Technology|Internet Service Provider (ISP)|
39218,ISP,Computer and Information Technology|Internet Service Provider (ISP)|Service|Not Validating RPKI ROV
47409,Other,Software Development|Computer and Information Technology|
39220,ISP,Computer and Information Technology|Technology Consulting Services|Internet Service Provider (ISP)|
211255,Other,Service|
39225,Other,Community Groups and Nonprofits|
39227,ISP,Hosting and Cloud Provider|Internet Service Provider (ISP)|Computer and Information Technology|Not Validating RPKI ROV
203078,Content/CDN,"Computer and Information Technology|Software Development|Law, Business, and Consulting Services|Service"
47432,Other,"Hospitals and Medical Centers|Nursing, Residential Care Facilities, Assisted Living, and Home Health Care|Health Care Services|"
31049,Other,Manufacturing|Machinery|
203080,Content/CDN,"Not Validating RPKI ROV|Service|Software Development|Law, Business, and Consulting Services"
47435,Government,"Finance and Insurance|Government and Public Administration|Law Enforcement, Public Safety, and Justice|Service"
203085,ISP,Hosting and Cloud Provider|Software Development|Computer and Information Technology|Internet Service Provider (ISP)
31054,Government,"Computer and Network Security|Government and Public Administration|Computer and Information Technology|Law Enforcement, Public Safety, and Justice"
31055,ISP,Internet Service Provider (ISP)|Computer and Information Technology|
31056,Other,Community Groups and Nonprofits|
211280,Other,"Computer and Information Technology|Finance and Insurance|Investment, Portfolio Management, Pensions and Funds|Accountants, Tax Preparers, Payroll Services"
211281,Other,Manufacturing|Machinery|
211286,Academic/Edu,Tranco 10k Host|Education and Research|
47447,ISP,Content|Computer and Information Technology|Internet Service Provider (ISP)|Validating RPKI ROV
39257,ISP,Validating RPKI ROV|Internet Service Provider (ISP)|Computer and Information Technology|
203098,ISP,Internet Service Provider (ISP)|Computer and Information Technology|
211292,Other,"Technology Consulting Services|Retail Stores, Wholesale, and E-commerce Sites|Computer and Information Technology|Phone Provider"
211296,ISP,"Law, Business, and Consulting Services|Internet Service Provider (ISP)|Computer and Information Technology|Freight, Shipment, and Postal Services"
211301,Content/CDN,Content|Computer and Information Technology|Hosting and Cloud Provider|Server Hosting
31078,ISP,Computer and Information Technology|Internet Service Provider (ISP)|
47462,Academic/Edu,Manufacturing|Machinery|Education and Research|
203123,ISP,Computer and Information Technology|Internet Service Provider (ISP)|
211319,Government,Government|Computer and Information Technology|
31098,Other,"Retail Stores, Wholesale, and E-commerce Sites|Software Development|Computer and Information Technology|Buildings, Repair, Maintenance (Pest Control, Landscaping, Cleaning, Locksmiths, Car Washes, etc)"
39290,ISP,Computer and Information Technology|Software Development|Internet Service Provider (ISP)|
31100,ISP,VPN Host|Internet Service Provider (ISP)|Computer and Information Technology|
39291,ISP,Internet Service Provider (ISP)|Computer and Information Technology|
203132,Content/CDN,Software Development|Hosting and Cloud Provider|Computer and Information Technology|Education and Research
31103,ISP,Content|Internet Service Provider (ISP)|Computer and Information Technology|Not Validating RPKI ROV
47487,Enterprise,"Law, Business, and Consulting Services|Retail Stores, Wholesale, and E-commerce Sites|Service|Food, Grocery, Beverages"
47488,Other,Software Development|Computer and Information Technology|
47491,Content/CDN,Hosting and Cloud Provider|Computer and Information Technology|
211331,Other,"Retail Stores, Wholesale, and E-commerce Sites|"
47496,Other,"Hotels, Motels, Inns, Other Traveler Accommodation|Travel and Accommodation|Personal ASN|"
211337,Unknown,
203155,ISP,Internet Service Provider (ISP)|Computer and Information Technology|
211357,ISP,Internet Service Provider (ISP)|Computer and Information Technology|Not Validating RPKI ROV|
47518,ISP,"Media, Publishing, and Broadcasting|Software Development|Online Informational Content|Internet Service Provider (ISP)"
211364,ISP,"Media, Publishing, and Broadcasting|Computer and Information Technology|Internet Service Provider (ISP)|Personal ASN"
31142,ISP,Computer and Information Technology|Internet Service Provider (ISP)|
47526,ISP,Content|Internet Service Provider (ISP)|Computer and Information Technology|Server Hosting
203175,Enterprise,"Computer and Information Technology|Service|Software Development|Law, Business, and Consulting Services"
31147,Content/CDN,"Computer and Information Technology|Retail Stores, Wholesale, and E-commerce Sites|Hosting and Cloud Provider|Software Development"
47536,ISP,Server Hosting|Computer and Information Technology|Internet Service Provider (ISP)|Real Estate (Residential and/or Commercial)
47540,Content/CDN,Not Validating RPKI ROV|Computer and Information Technology|Hosting and Cloud Provider|
39351,ISP,Eyeball|Internet Service Provider (ISP)|Computer and Information Technology|Validating RPKI ROV
203196,ISP,"Civil Engineering Construction (Utility Lines, Roads and Bridges)|Internet Service Provider (ISP)|Media, Publishing, and Broadcasting|Computer and Information Technology"
31168,Enterprise,"Service|Law, Business, and Consulting Services|"
203207,Other,Computer and Information Technology|
39373,Content/CDN,Computer and Information Technology|Real Estate (Residential and/or Commercial)|Hosting and Cloud Provider|Construction and Real Estate
203215,ISP,Internet Service Provider (ISP)|Software Development|Education and Research|Computer and Information Technology
31184,Other,"Retail Stores, Wholesale, and E-commerce Sites|"
31186,ISP,Internet Service Provider (ISP)|Computer and Information Technology|
39378,ISP,"Content|Internet Service Provider (ISP)|Computer and Information Technology|Law, Business, and Consulting Services"
39380,Other,"Buildings, Repair, Maintenance (Pest Control, Landscaping, Cleaning, Locksmiths, Car Washes, etc)|Service|Retail Stores, Wholesale, and E-commerce Sites|"
203224,ISP,"Technology Consulting Services|Computer and Information Technology|Internet Service Provider (ISP)|Civil Engineering Construction (Utility Lines, Roads and Bridges)"
211417,ISP,Service|Computer and Information Technology|Internet Service Provider (ISP)|
203226,ISP,Eyeball|Internet Service Provider (ISP)|Software Development|Computer and Information Technology
203228,ISP,Validating RPKI ROV|Internet Service Provider (ISP)|Computer and Information Technology|
31197,ISP,Computer and Information Technology|Internet Service Provider (ISP)|
211428,Other,"Retail Stores, Wholesale, and E-commerce Sites|"
211429,Other,"Construction and Real Estate|Service|Buildings, Repair, Maintenance (Pest Control, Landscaping, Cleaning, Locksmiths, Car Washes, etc)|"
211447,ISP,Computer and Information Technology|Internet Service Provider (ISP)|
47610,Academic/Edu,"Tranco 10k Host|Colleges, Universities, and Professional Schools|Research and Development Organizations|Education and Research"
6657,Enterprise,"Law, Business, and Consulting Services|Service|"
6659,ISP,"Internet Service Provider (ISP)|Media, Publishing, and Broadcasting|Computer and Information Technology|Hosting and Cloud Provider"
203269,Unknown,
6666,Other,Service|
31243,ISP,Computer and Information Technology|Internet Service Provider (ISP)|
203278,Other,Computer and Information Technology|
39441,ISP,Internet Service Provider (ISP)|Computer and Information Technology|Validating RPKI ROV|
211479,Other,"Online Informational Content|Media, Publishing, and Broadcasting|Museums, Libraries, and Entertainment|Personal ASN"
47641,ISP,"Retail Stores, Wholesale, and E-commerce Sites|Software Development|Internet Service Provider (ISP)|Computer and Information Technology"
39450,Other,"Clothing, Fashion, Luggage|Retail Stores, Wholesale, and E-commerce Sites|"
31259,ISP,"Service|Internet Service Provider (ISP)|Media, Publishing, and Broadcasting|Computer and Information Technology"
211483,Other,Manufacturing|Automotive and Transportation|
203293,ISP,"Retail Stores, Wholesale, and E-commerce Sites|Home ISP|Eyeball|"
6687,Content/CDN,Hosting and Cloud Provider|Software Development|Computer and Information Technology|Validating RPKI ROV
211488,Other,"Software Development|Retail Stores, Wholesale, and E-commerce Sites|Computer and Information Technology|"
6695,ISP,"Law, Business, and Consulting Services|Internet Service Provider (ISP)|Computer and Information Technology|Service"
211498,ISP,Personal ASN|Internet Service Provider (ISP)|Computer and Information Technology|
31276,ISP,Computer and Information Technology|Internet Service Provider (ISP)|
47661,Other,"Finance and Insurance|Accountants, Tax Preparers, Payroll Services|"
211507,Other,ToR Services|
31285,Other,"Banks, Credit Card Companies, Mortgage Providers|Finance and Insurance|"
203325,Enterprise,"Law, Business, and Consulting Services|Service|"
203329,ISP,Server Hosting|Internet Service Provider (ISP)|Computer and Information Technology|Not Validating RPKI ROV
6724,ISP,Content|Internet Service Provider (ISP)|Computer and Information Technology|Hosting and Cloud Provider
203333,Other,Computer and Information Technology|Personal ASN|
211525,Other,Service|
47691,ISP,Internet Service Provider (ISP)|Computer and Information Technology|Not Validating RPKI ROV|
6733,ISP,"Internet Service Provider (ISP)|Community Groups and Nonprofits|Government and Regulatory Agencies, Administrations, Departments, and Services|Hosting and Cloud Provider"
203341,ISP,Internet Service Provider (ISP)|Computer and Information Technology|
6735,ISP,Validating RPKI ROV|Internet Service Provider (ISP)|Computer and Information Technology|
47696,ISP,"Software Development|Service|Computer and Information Technology|Law, Business, and Consulting Services"
211536,Content/CDN,"Service|Law, Business, and Consulting Services|Hosting and Cloud Provider|Software Development"
31315,Other,Community Groups and Nonprofits|
47700,Other,"Media, Publishing, and Broadcasting|Print Media (Newspapers, Magazines, Books)|"
31317,ISP,Eyeball|Computer and Information Technology|Internet Service Provider (ISP)|Not Validating RPKI ROV
203347,Enterprise,"Software Development|Computer and Information Technology|Retail Stores, Wholesale, and E-commerce Sites|Search"
47706,Other,Manufacturing|Machinery|
211547,Other,Software Development|Computer and Information Technology|
211549,Other,Computer and Information Technology|Computer and Network Security|
6751,ISP,"Hosting and Cloud Provider|Phone Provider|Internet Service Provider (ISP)|Retail Stores, Wholesale, and E-commerce Sites"
39519,ISP,ToR Services|Internet Service Provider (ISP)|Computer and Information Technology|Hosting and Cloud Provider
6753,ISP,Computer and Information Technology|Internet Service Provider (ISP)|
31333,ISP,Hosting and Cloud Provider|Computer and Information Technology|Internet Service Provider (ISP)|
31334,ISP,Eyeball|Computer and Information Technology|Internet Service Provider (ISP)|Home ISP
39525,ISP,Computer and Information Technology|Internet Service Provider (ISP)|
47717,ISP,"Service|Law, Business, and Consulting Services|Education and Research|Retail Stores, Wholesale, and E-commerce Sites"
6766,Other,"Community Groups and Nonprofits|Human Rights and Social Advocacy (Human Rights, Environment and Wildlife Conservation, Other)|Not Validating RPKI ROV|"
211568,Other,"Freight, Shipment, and Postal Services|"
39538,Other,Software Development|Electronics and Computer Components|Computer and Information Technology|Manufacturing
31348,ISP,"Internet Service Provider (ISP)|Computer and Information Technology|Retail Stores, Wholesale, and E-commerce Sites|Finance and Insurance"
211573,Eyeball,Computer and Information Technology|Personal ASN|Eyeball|
211574,ISP,Internet Service Provider (ISP)|Computer and Information Technology|
31352,Other,"Utilities (Excluding Internet Service)|Water Supply and Irrigation|Steam and Air-Conditioning Supply|Electric Power Generation, Transmission, Distribution"
211579,Eyeball,Eyeball|Personal ASN|
211581,Other,"Content|Personal ASN|Media, Publishing, and Broadcasting|Online Informational Content"
6786,ISP,Server Hosting|Software Development|Education and Research|Internet Service Provider (ISP)
6787,ISP,"Software Development|Computer and Information Technology|Internet Service Provider (ISP)|Retail Stores, Wholesale, and E-commerce Sites"
39556,Content/CDN,Hosting and Cloud Provider|Computer and Information Technology|VPN Host|
211586,Unknown,
47751,Other,"Software Development|Computer and Information Technology|Retail Stores, Wholesale, and E-commerce Sites|"
31371,Other,ToR Services|Community Groups and Nonprofits|
211600,Enterprise,"Service|Law, Business, and Consulting Services|Retail Stores, Wholesale, and E-commerce Sites|"
203412,Government,"Government and Public Administration|Travel and Accommodation|Government and Regulatory Agencies, Administrations, Departments, and Services|"
6805,ISP,Eyeball|Internet Service Provider (ISP)|Computer and Information Technology|Not Validating RPKI ROV
47769,Other,"Finance and Insurance|Banks, Credit Card Companies, Mortgage Providers|"
203420,Other,"Retail Stores, Wholesale, and E-commerce Sites|Buildings, Repair, Maintenance (Pest Control, Landscaping, Cleaning, Locksmiths, Car Washes, etc)|Service|"
47777,ISP,Government and Public Administration|Internet Service Provider (ISP)|Computer and Information Technology|Service
203427,ISP,Internet Service Provider (ISP)|Computer and Information Technology|
31396,Enterprise,"Service|Law, Business, and Consulting Services|"
211622,ISP,"Online Informational Content|Museums, Libraries, and Entertainment|Internet Service Provider (ISP)|Computer and Information Technology"
31399,ISP,Eyeball|Computer and Information Technology|Finance and Insurance|Software Development
31400,ISP,Eyeball|Computer and Information Technology|Internet Service Provider (ISP)|Not Validating RPKI ROV
6825,Other,Computer and Information Technology|
203437,Enterprise,"Service|Law, Business, and Consulting Services|"
203440,Other,Service|
6833,Enterprise,"Freight, Shipment, and Postal Services|Natural Gas Distribution|Utilities (Excluding Internet Service)|Corporate/Enterprise"
203441,Other,"Media, Publishing, and Broadcasting|Print Media (Newspapers, Magazines, Books)|Online Informational Content|"
211635,Other,Personal ASN|
203446,ISP,Carrier|Software Development|Internet Service Provider (ISP)|Computer and Information Technology
211643,Enterprise,"Service|Law, Business, and Consulting Services|"
211645,Enterprise,"Service|Law, Business, and Consulting Services|Computer and Information Technology|"
39614,ISP,"Content|Law, Business, and Consulting Services|Service|Computer and Information Technology"
211646,Content/CDN,Hosting and Cloud Provider|Computer and Information Technology|
211651,Government,"Government and Public Administration|Government and Regulatory Agencies, Administrations, Departments, and Services|"
47815,Other,Computer and Information Technology|
211656,Other,"Freight, Shipment, and Postal Services|"
211657,ISP,Computer and Information Technology|Internet Service Provider (ISP)|Not Validating RPKI ROV|
211660,ISP,Software Development|Internet Service Provider (ISP)|Computer and Information Technology|
31438,ISP,Computer and Information Technology|Internet Service Provider (ISP)|Not Validating RPKI ROV|
211662,Content/CDN,Computer and Information Technology|Hosting and Cloud Provider|
211664,Content/CDN,Computer and Information Technology|Hosting and Cloud Provider|
47826,Other,"Metal, Glass, Wood, and Paper Manufacturing|Machinery|Automotive and Transportation|Manufacturing"
203478,Other,Personal ASN|Travel and Accommodation|
211671,Other,"Personal ASN|Online Informational Content|Media, Publishing, and Broadcasting|"
47832,Enterprise,"Service|Law, Business, and Consulting Services|"
31451,Academic/Edu,"Personal ASN|Service|Software Development|Retail Stores, Wholesale, and E-commerce Sites"
6878,ISP,Validating RPKI ROV|Internet Service Provider (ISP)|Computer and Information Technology|Service
203490,ISP,Computer and Information Technology|Internet Service Provider (ISP)|
47846,Content/CDN,Tranco 10k Host|Hosting and Cloud Provider|Computer and Information Technology|
211688,Eyeball,"Eyeball|Computer and Information Technology|Media, Publishing, and Broadcasting|Service"
211690,ISP,Internet Service Provider (ISP)|Computer and Information Technology|
203507,ISP,Government and Public Administration|Computer and Information Technology|Computer and Network Security|Internet Service Provider (ISP)
6900,ISP,Computer and Information Technology|Internet Service Provider (ISP)|Validating RPKI ROV|
211704,Other,Personal ASN|
31481,Other,"Retail Stores, Wholesale, and E-commerce Sites|"
47865,ISP,Internet Service Provider (ISP)|Computer and Information Technology|
211710,ISP,Internet Service Provider (ISP)|Computer and Information Technology|
203520,ISP,Hosting and Cloud Provider|Computer and Information Technology|Internet Service Provider (ISP)|
203524,ISP,"Trucking|Freight, Shipment, and Postal Services|Computer and Information Technology|Internet Service Provider (ISP)"
47877,ISP,"Buildings, Repair, Maintenance (Pest Control, Landscaping, Cleaning, Locksmiths, Car Washes, etc)|Hosting and Cloud Provider|Service|Computer and Information Technology"
47878,Other,"Computer and Information Technology|Retail Stores, Wholesale, and E-commerce Sites|"
203526,Other,"Retail Stores, Wholesale, and E-commerce Sites|"
31498,Other,"Retail Stores, Wholesale, and E-commerce Sites|Machinery|Manufacturing|"
211727,Enterprise,"Retail Stores, Wholesale, and E-commerce Sites|Corporate/Enterprise|"
203536,ISP,Not Validating RPKI ROV|Internet Service Provider (ISP)|Computer and Information Technology|
39702,ISP,Server Hosting|Internet Service Provider (ISP)|Computer and Information Technology|Validating RPKI ROV
39705,ISP,Computer and Information Technology|Internet Service Provider (ISP)|
47897,Enterprise,"Health Care Services|Computer and Information Technology|Law, Business, and Consulting Services|Service"
203546,ISP,"Computer and Information Technology|Internet Service Provider (ISP)|Retail Stores, Wholesale, and E-commerce Sites|Software Development"
211737,Other,Manufacturing|
31517,Other,"Motor Vehicles and Parts|Retail Stores, Wholesale, and E-commerce Sites|"
31518,Other,"Museums, Libraries, and Entertainment|"
31521,Academic/Edu,"Computer and Information Technology|Service|Education and Research|Law, Business, and Consulting Services"
47906,ISP,Computer and Information Technology|Internet Service Provider (ISP)|Hosting and Cloud Provider|Software Development
211751,ISP,Computer and Information Technology|Internet Service Provider (ISP)|
203560,ISP,Computer and Information Technology|Internet Service Provider (ISP)|
31529,ISP,Internet Critical Infra|Internet Service Provider (ISP)|Computer and Information Technology|Anycast
31530,ISP,Computer and Information Technology|Internet Service Provider (ISP)|
211752,Other,Computer and Information Technology|
47924,Unknown,
211768,Other,Computer and Information Technology|
31550,Other,"Manufacturing|Civil Engineering Construction (Utility Lines, Roads and Bridges)|Retail Stores, Wholesale, and E-commerce Sites|Construction and Real Estate"
203584,ISP,"Finance and Insurance|Service|Insurance Carriers and Agencies|Law, Business, and Consulting Services"
47937,Other,"Buildings, Repair, Maintenance (Pest Control, Landscaping, Cleaning, Locksmiths, Car Washes, etc)|Service|Personal ASN|"
203592,ISP,"Validating RPKI ROV|Education and Research|Retail Stores, Wholesale, and E-commerce Sites|Computer and Information Technology"
203593,ISP,Not Validating RPKI ROV|Internet Service Provider (ISP)|Computer and Information Technology|
211784,ISP,Computer and Information Technology|Internet Service Provider (ISP)|Software Development|
211788,Other,Computer and Network Security|Computer and Information Technology|
31572,ISP,"Buildings, Repair, Maintenance (Pest Control, Landscaping, Cleaning, Locksmiths, Car Washes, etc)|Service|Computer and Information Technology|Internet Service Provider (ISP)"
203604,ISP,"Hosting and Cloud Provider|Electric Power Generation, Transmission, Distribution|Computer and Information Technology|Internet Service Provider (ISP)"
211800,ISP,Internet Service Provider (ISP)|Computer and Information Technology|Not Validating RPKI ROV|
47965,Other,Other|
203617,ISP,"Software Development|Law, Business, and Consulting Services|Service|Internet Service Provider (ISP)"
39779,ISP,Internet Service Provider (ISP)|Software Development|Computer and Information Technology|Hosting and Cloud Provider
203621,ISP,"Other Schools, Instruction, and Exam Preparation (Trade Schools, Art Schools, Driving Instruction, etc.)|Retail Stores, Wholesale, and E-commerce Sites|Education and Research|Computer and Information Technology"
31596,Enterprise,"Media, Publishing, and Broadcasting|Online Music and Video Streaming Services|Software Development|Online Informational Content"
39788,Other,Computer and Information Technology|Technology Consulting Services|ToR Services|
211820,ISP,Computer and Information Technology|Internet Service Provider (ISP)|Hosting and Cloud Provider|
211823,Enterprise,"Service|Law, Business, and Consulting Services|"
39795,Other,"Computer and Information Technology|Print Media (Newspapers, Magazines, Books)|Media, Publishing, and Broadcasting|"
31607,Academic/Edu,Software Development|Research and Development Organizations|Education and Research|Computer and Information Technology
203642,ISP,Internet Service Provider (ISP)|Phone Provider|Computer and Information Technology|
31614,ISP,Internet Service Provider (ISP)|Computer and Information Technology|
64396,ISP,Internet Service Provider (ISP)|Computer and Information Technology|ToR Services|
39828,ISP,Internet Service Provider (ISP)|Computer and Information Technology|
39835,ISP,Validating RPKI ROV|Computer and Information Technology|Internet Service Provider (ISP)|
211873,Other,"Electric Power Generation, Transmission, Distribution|Utilities (Excluding Internet Service)|"
48039,ISP,Computer and Information Technology|Internet Service Provider (ISP)|
64427,Content/CDN,"Software Development|Service|Law, Business, and Consulting Services|Computer and Information Technology"
203692,Other,"Service|Media, Publishing, and Broadcasting|Retail Stores, Wholesale, and E-commerce Sites|"
203696,Academic/Edu,"Other Schools, Instruction, and Exam Preparation (Trade Schools, Art Schools, Driving Instruction, etc.)|Education and Research|"
48049,Content/CDN,Computer and Information Technology|Hosting and Cloud Provider|
203700,ISP,"Internet Service Provider (ISP)|Computer and Information Technology|Software Development|Retail Stores, Wholesale, and E-commerce Sites"
31671,Enterprise,"Law, Business, and Consulting Services|Service|"
203703,ISP,"Print Media (Newspapers, Magazines, Books)|Electronics and Computer Components|Manufacturing|Computer and Information Technology"
211897,Other,Other|
211900,Other,"Civil Engineering Construction (Utility Lines, Roads and Bridges)|Construction and Real Estate|"
48062,ISP,Software Development|Computer and Information Technology|Internet Service Provider (ISP)|Service
64446,Other,"Media, Publishing, and Broadcasting|Print Media (Newspapers, Magazines, Books)|"
211906,Other,"Retail Stores, Wholesale, and E-commerce Sites|"
211907,Eyeball,"Trucking|Freight, Shipment, and Postal Services|Personal ASN|Eyeball"
211909,Other,Health Care Services|
203724,Academic/Edu,"Research and Development Organizations|Education and Research|Retail Stores, Wholesale, and E-commerce Sites|Software Development"
211920,ISP,Computer and Information Technology|Internet Service Provider (ISP)|
39892,Other,Validating RPKI ROV|Software Development|Computer and Information Technology|
31705,Content/CDN,Computer and Information Technology|Community Groups and Nonprofits|Hosting and Cloud Provider|Not Validating RPKI ROV
64475,Eyeball,Eyeball|Community Groups and Nonprofits|Not Validating RPKI ROV|Validating RPKI ROV
48097,Other,Manufacturing|Not Validating RPKI ROV|
211939,Other,Other|
211941,Other,Other|Not Validating RPKI ROV|
39913,Other,"Service|Retail Stores, Wholesale, and E-commerce Sites|"
31722,Enterprise,"Retail Stores, Wholesale, and E-commerce Sites|Law, Business, and Consulting Services|Service|Food, Grocery, Beverages"
31723,ISP,Computer and Information Technology|Internet Service Provider (ISP)|
48111,ISP,Internet Service Provider (ISP)|Computer and Information Technology|
203759,Other,Validating RPKI ROV|Computer and Information Technology|
203761,ISP,Internet Service Provider (ISP)|Computer and Information Technology|Hosting and Cloud Provider|
211958,ISP,Internet Service Provider (ISP)|Computer and Information Technology|
31735,ISP,Software Development|Computer and Information Technology|Internet Service Provider (ISP)|
211960,Other,Hospitals and Medical Centers|Health Care Services|
48126,ISP,Computer and Information Technology|Internet Service Provider (ISP)|
203777,Unknown,
15363,Enterprise,"Investment, Portfolio Management, Pensions and Funds|Service|Banks, Credit Card Companies, Mortgage Providers|Computer and Information Technology"
48132,ISP,Internet Service Provider (ISP)|Computer and Information Technology|Manufacturing|Electronics and Computer Components
211972,Other,"Personal ASN|Retail Stores, Wholesale, and E-commerce Sites|"
15366,ISP,Eyeball|Internet Service Provider (ISP)|Computer and Information Technology|Validating RPKI ROV
211975,Other,"Retail Stores, Wholesale, and E-commerce Sites|Travel and Accommodation|Food Services and Drinking Places|Food, Grocery, Beverages"
15368,ISP,Hosting and Cloud Provider|Internet Service Provider (ISP)|Computer and Information Technology|
48139,Enterprise,"Print Media (Newspapers, Magazines, Books)|Media, Publishing, and Broadcasting|Computer and Information Technology|Law, Business, and Consulting Services"
15372,ISP,Not Validating RPKI ROV|Internet Service Provider (ISP)|Computer and Information Technology|
15375,Other,"Banks, Credit Card Companies, Mortgage Providers|Finance and Insurance|"
203792,Other,"Service|Media, Publishing, and Broadcasting|"
48145,Other,"Trucking|Freight, Shipment, and Postal Services|Computer and Information Technology|"
48152,ISP,Computer and Information Technology|Internet Service Provider (ISP)|
48153,Other,Service|
48154,ISP,Internet Service Provider (ISP)|Computer and Information Technology|Validating RPKI ROV|
15388,ISP,Server Hosting|Hosting and Cloud Provider|Software Development|Internet Service Provider (ISP)
56357,Academic/Edu,"Academic|Validating RPKI ROV|Colleges, Universities, and Professional Schools|Education and Research"
48168,Unknown,
203819,Academic/Edu,"Education and Research|Government and Public Administration|Government and Regulatory Agencies, Administrations, Departments, and Services|Personal ASN"
203820,Other,"Water Supply and Irrigation|Museums, Libraries, and Entertainment|Recreation, Sports, and Performing Arts|Utilities (Excluding Internet Service)"
48173,Content/CDN,"Content|Retail Stores, Wholesale, and E-commerce Sites|Computer and Information Technology|Software Development"
56368,Other,"Personal ASN|Food, Grocery, Beverages|Retail Stores, Wholesale, and E-commerce Sites|"
203829,Enterprise,"Metal, Glass, Wood, and Paper Manufacturing|Service|Law, Business, and Consulting Services|Manufacturing"
15415,ISP,"Validating RPKI ROV|Software Development|Law, Business, and Consulting Services|Internet Service Provider (ISP)"
203833,Content/CDN,VPN Host|Computer and Information Technology|Hosting and Cloud Provider|Computer and Network Security
212026,Other,Service|
203836,ISP,Hosting and Cloud Provider|Service|Computer and Information Technology|Internet Service Provider (ISP)
56381,ISP,Content|Internet Service Provider (ISP)|Computer and Information Technology|Validating RPKI ROV
203838,Other,"Buildings (Residential or Commercial)|Chemical and Pharmaceutical Manufacturing|Construction and Real Estate|Metal, Glass, Wood, and Paper Manufacturing"
212033,Other,Other|
212038,ISP,Computer and Information Technology|Internet Service Provider (ISP)|Software Development|Corporate/Enterprise
212039,Content/CDN,Computer and Information Technology|Hosting and Cloud Provider|Service|
48200,ISP,Server Hosting|Computer and Information Technology|Internet Service Provider (ISP)|
15434,ISP,Internet Service Provider (ISP)|Computer and Information Technology|
212044,Other,"Personal ASN|Retail Stores, Wholesale, and E-commerce Sites|"
203853,ISP,"Computer and Network Security|Service|Media, Publishing, and Broadcasting|Internet Service Provider (ISP)"
203854,ISP,Internet Service Provider (ISP)|Computer and Information Technology|
212049,Eyeball,"Eyeball|Retail Stores, Wholesale, and E-commerce Sites|Food, Grocery, Beverages|Personal ASN"
15442,Enterprise,"Law, Business, and Consulting Services|Service|"
15446,Content/CDN,Finance and Insurance|Service|Education and Research|Hosting and Cloud Provider
203865,ISP,Internet Service Provider (ISP)|Computer and Information Technology|
15451,ISP,Eyeball|Hosting and Cloud Provider|Software Development|Internet Service Provider (ISP)
56411,Enterprise,"Health Care Services|Clothing, Fashion, Luggage|Law, Business, and Consulting Services|Service"
212060,Other,Travel and Accommodation|
15456,ISP,Tranco 10k Host|Internet Service Provider (ISP)|Computer and Information Technology|Not Validating RPKI ROV
15465,ISP,"Eyeball|Computer and Information Technology|Manufacturing|Law, Business, and Consulting Services"
203881,Other,"Manufacturing|Chemical and Pharmaceutical Manufacturing|Metal, Glass, Wood, and Paper Manufacturing|Machinery"
203889,Other,"Food, Grocery, Beverages|Retail Stores, Wholesale, and E-commerce Sites|"
212085,Other,Manufacturing|Chemical and Pharmaceutical Manufacturing|
203894,Content/CDN,"Service|Freight, Shipment, and Postal Services|Hosting and Cloud Provider|Trucking"
15479,ISP,Internet Service Provider (ISP)|Computer and Information Technology|
56440,Other,"Personal Care and Lifestyle (Barber Shops, Nail Salons, Diet Centers, Laundry, etc)|Service|Manufacturing|Retail Stores, Wholesale, and E-commerce Sites"
212091,Enterprise,"Software Development|Computer and Information Technology|Service|Law, Business, and Consulting Services"
15486,ISP,Internet Service Provider (ISP)|Software Development|Computer and Information Technology|
56448,ISP,Computer and Information Technology|Internet Service Provider (ISP)|
15492,Other,"Steam and Air-Conditioning Supply|Agriculture, Mining, and Refineries (Farming, Greenhouses, Mining, Forestry, and Animal Farming)|Sewage Treatment|Electric Power Generation, Transmission, Distribution"
15495,Enterprise,"Manufacturing|Computer and Information Technology|Law, Business, and Consulting Services|Service"
212103,Enterprise,"Print Media (Newspapers, Magazines, Books)|Law, Business, and Consulting Services|Service|Media, Publishing, and Broadcasting"
15499,ISP,"Software Development|Internet Service Provider (ISP)|Media, Publishing, and Broadcasting|Computer and Information Technology"
48269,ISP,Computer and Information Technology|Internet Service Provider (ISP)|Software Development|
203924,ISP,Validating RPKI ROV|Internet Service Provider (ISP)|Computer and Information Technology|
48280,Enterprise,"Service|Manufacturing|Law, Business, and Consulting Services|Media, Publishing, and Broadcasting"
212120,Other,"Personal ASN|Metal, Glass, Wood, and Paper Manufacturing|Manufacturing|Machinery"
31898,Content/CDN,Content|Software Development|Computer and Information Technology|Service
48284,ISP,Validating RPKI ROV|Computer and Information Technology|Internet Service Provider (ISP)|
15518,ISP,Computer and Information Technology|Internet Service Provider (ISP)|
48290,Academic/Edu,Education and Research|Manufacturing|Hospitals and Medical Centers|Health Care Services
48295,Enterprise,"Service|Accountants, Tax Preparers, Payroll Services|Law, Business, and Consulting Services|Finance and Insurance"
212137,ISP,Software Development|Internet Service Provider (ISP)|Computer and Information Technology|
203947,ISP,"Technology Consulting Services|Law, Business, and Consulting Services|Service|Internet Service Provider (ISP)"
48303,ISP,Computer and Information Technology|Internet Service Provider (ISP)|
15540,ISP,Hosting and Cloud Provider|Internet Service Provider (ISP)|Computer and Information Technology|Computer and Network Security
212148,ISP,"Internet Service Provider (ISP)|Law, Business, and Consulting Services|Service|Computer and Information Technology"
56505,Other,"Retail Stores, Wholesale, and E-commerce Sites|Manufacturing|"
48314,ISP,Content|Internet Service Provider (ISP)|Computer and Information Technology|Not Validating RPKI ROV
203965,ISP,Computer and Information Technology|Internet Service Provider (ISP)|Phone Provider|
15550,Enterprise,"Service|Law, Business, and Consulting Services|Software Development|Computer and Information Technology"
203968,ISP,"Internet Service Provider (ISP)|Computer and Information Technology|Software Development|Retail Stores, Wholesale, and E-commerce Sites"
203970,Other,"Automotive and Transportation|Manufacturing|Computer and Information Technology|Retail Stores, Wholesale, and E-commerce Sites"
48324,ISP,Hosting and Cloud Provider|Software Development|Internet Service Provider (ISP)|Computer and Information Technology
48328,ISP,Validating RPKI ROV|Computer and Information Technology|Internet Service Provider (ISP)|
48329,Other,Hospitals and Medical Centers|Health Care Services|
212168,Content/CDN,Computer and Information Technology|Hosting and Cloud Provider|
203983,Other,"Freight, Shipment, and Postal Services|Retail Stores, Wholesale, and E-commerce Sites|Buildings, Repair, Maintenance (Pest Control, Landscaping, Cleaning, Locksmiths, Car Washes, etc)|Service"
203986,ISP,Computer and Information Technology|Internet Service Provider (ISP)|
212179,Other,"Buildings (Residential or Commercial)|Civil Engineering Construction (Utility Lines, Roads and Bridges)|Construction and Real Estate|"
56532,ISP,Insurance Carriers and Agencies|Community Groups and Nonprofits|Service|Finance and Insurance
212181,Other,"Food, Grocery, Beverages|Retail Stores, Wholesale, and E-commerce Sites|"
48344,ISP,Computer and Information Technology|Internet Service Provider (ISP)|
203994,ISP,Internet Service Provider (ISP)|Computer and Information Technology|
15580,ISP,Not Validating RPKI ROV|Insurance Carriers and Agencies|Service|Finance and Insurance
48352,Eyeball,Computer and Information Technology|Software Development|Corporate/Enterprise|Eyeball
204003,Other,"Personal ASN|Buildings, Repair, Maintenance (Pest Control, Landscaping, Cleaning, Locksmiths, Car Washes, etc)|Service|"
15590,Eyeball,"Eyeball|Software Development|Law, Business, and Consulting Services|Computer and Information Technology"
48360,Other,"Travel and Accommodation|Computer and Information Technology|Software Development|Freight, Shipment, and Postal Services"
204008,ISP,Computer and Information Technology|Internet Service Provider (ISP)|
15594,ISP,Validating RPKI ROV|Computer and Information Technology|Internet Service Provider (ISP)|
204010,ISP,Internet Service Provider (ISP)|Computer and Information Technology|
15598,ISP,"Server Hosting|Hosting and Cloud Provider|Computer and Information Technology|Retail Stores, Wholesale, and E-commerce Sites"
212209,Other,"Software Development|Automotive and Transportation|Retail Stores, Wholesale, and E-commerce Sites|Computer and Information Technology"
56567,ISP,Internet Service Provider (ISP)|Computer and Information Technology|
212215,ISP,"Media, Publishing, and Broadcasting|Computer and Information Technology|Internet Service Provider (ISP)|Online Informational Content"
204028,ISP,"Computer and Information Technology|Retail Stores, Wholesale, and E-commerce Sites|Internet Service Provider (ISP)|"
15613,Other,"Retail Stores, Wholesale, and E-commerce Sites|Computer and Information Technology|Finance and Insurance|Software Development"
204033,Unknown,
204034,ISP,Internet Service Provider (ISP)|Computer and Information Technology|
48387,Enterprise,"Personal ASN|Law, Business, and Consulting Services|Service|"
204035,ISP,Server Hosting|Internet Service Provider (ISP)|Computer and Information Technology|Hosting and Cloud Provider
212225,Other,"Accountants, Tax Preparers, Payroll Services|Finance and Insurance|"
204038,ISP,Software Development|Content|Server Hosting|Hosting and Cloud Provider
212226,Enterprise,"Law, Business, and Consulting Services|Service|Personal ASN|"
212228,ISP,Internet Service Provider (ISP)|Hosting and Cloud Provider|Computer and Information Technology|
56586,ISP,"Internet Service Provider (ISP)|Service|Buildings, Repair, Maintenance (Pest Control, Landscaping, Cleaning, Locksmiths, Car Washes, etc)|Research and Development Organizations"
212238,ISP,Content|Internet Service Provider (ISP)|Computer and Information Technology|Validating RPKI ROV
212239,ISP,Computer and Information Technology|Internet Service Provider (ISP)|
204052,Enterprise,"Service|Machinery|Law, Business, and Consulting Services|Electronics and Computer Components"
204053,Content/CDN,"Software Development|Hosting and Cloud Provider|Retail Stores, Wholesale, and E-commerce Sites|Computer and Information Technology"
212245,Other,Content|Computer and Information Technology|Software Development|Validating RPKI ROV
212246,Other,"Computer and Information Technology|Retail Stores, Wholesale, and E-commerce Sites|"
15644,Other,Not Validating RPKI ROV|Chemical and Pharmaceutical Manufacturing|Manufacturing|
204061,ISP,"Print Media (Newspapers, Magazines, Books)|Media, Publishing, and Broadcasting|Software Development|Internet Service Provider (ISP)"
204065,Enterprise,"Service|Law, Business, and Consulting Services|"
212257,Other,Computer and Information Technology|
15657,ISP,Not Validating RPKI ROV|Internet Service Provider (ISP)|Hosting and Cloud Provider|Computer and Information Technology
48425,Other,"Retail Stores, Wholesale, and E-commerce Sites|"
204073,ISP,Computer and Information Technology|Internet Service Provider (ISP)|Validating RPKI ROV|
212267,Other,Other|
56636,Other,Electronics and Computer Components|Software Development|Computer and Information Technology|Manufacturing
204093,ISP,Internet Service Provider (ISP)|Computer and Information Technology|
212284,Other,"Agriculture, Mining, and Refineries (Farming, Greenhouses, Mining, Forestry, and Animal Farming)|Electric Power Generation, Transmission, Distribution|Natural Gas Distribution|Utilities (Excluding Internet Service)"
212290,Other,Computer and Information Technology|
48457,Other,Computer and Information Technology|
212297,ISP,"Education and Research|Computer and Information Technology|Retail Stores, Wholesale, and E-commerce Sites|Software Development"
204109,Enterprise,"Service|Law, Business, and Consulting Services|"
204110,ISP,Phone Provider|Internet Service Provider (ISP)|Software Development|Computer and Information Technology
212302,Academic/Edu,"Education and Research|Computer and Information Technology|Software Development|Retail Stores, Wholesale, and E-commerce Sites"
56657,Other,Service|
15698,Enterprise,"Buildings, Repair, Maintenance (Pest Control, Landscaping, Cleaning, Locksmiths, Car Washes, etc)|Service|Electric Power Generation, Transmission, Distribution|Law, Business, and Consulting Services"
204116,Academic/Edu,Phone Provider|Technology Consulting Services|Education and Research|Computer and Information Technology
15702,ISP,"Not Validating RPKI ROV|Service|Buildings, Repair, Maintenance (Pest Control, Landscaping, Cleaning, Locksmiths, Car Washes, etc)|Computer and Information Technology"
204119,ISP,Computer and Information Technology|Internet Service Provider (ISP)|Hosting and Cloud Provider|
15709,ISP,Phone Provider|Internet Service Provider (ISP)|Computer and Information Technology|
212317,ISP,Content|Computer and Information Technology|Internet Service Provider (ISP)|Server Hosting
204127,Other,"Phone Provider|Museums, Libraries, and Entertainment|Software Development|Computer and Information Technology"
212320,Other,Computer and Information Technology|
212322,Other,Computer and Information Technology|Personal ASN|
48483,Other,"Buildings, Repair, Maintenance (Pest Control, Landscaping, Cleaning, Locksmiths, Car Washes, etc)|Computer and Information Technology|Construction and Real Estate|Service"
48484,ISP,Eyeball|Computer and Information Technology|Internet Service Provider (ISP)|
15717,ISP,Internet Service Provider (ISP)|Computer and Information Technology|
204135,Other,Anycast|Computer and Information Technology|
15722,Other,Construction and Real Estate|Buildings (Residential or Commercial)|
204138,Other,"Not Validating RPKI ROV|Manufacturing|Retail Stores, Wholesale, and E-commerce Sites|Automotive and Transportation"
15725,ISP,Carrier|Internet Service Provider (ISP)|Computer and Information Technology|Server Hosting
15726,ISP,"Other Schools, Instruction, and Exam Preparation (Trade Schools, Art Schools, Driving Instruction, etc.)|Software Development|Internet Service Provider (ISP)|Computer and Information Technology"
204146,ISP,"Computer and Information Technology|Media, Publishing, and Broadcasting|Internet Service Provider (ISP)|"
15731,Unknown,
204147,Enterprise,"Service|Law, Business, and Consulting Services|Retail Stores, Wholesale, and E-commerce Sites|"
212340,ISP,Computer and Information Technology|Internet Service Provider (ISP)|
212341,ISP,Computer and Information Technology|Internet Service Provider (ISP)|
204155,ISP,"Internet Service Provider (ISP)|Radio and Television Providers|Computer and Information Technology|Media, Publishing, and Broadcasting"
15743,ISP,Validating RPKI ROV|Hosting and Cloud Provider|Internet Service Provider (ISP)|Computer and Information Technology
48519,ISP,Anycast|Computer and Information Technology|Hosting and Cloud Provider|Technology Consulting Services
56719,Other,"Service|Buildings, Repair, Maintenance (Pest Control, Landscaping, Cleaning, Locksmiths, Car Washes, etc)|Buildings,Repair,Maintenance(PestControl,Landscaping,Cleaning, Locksmiths, Car Washes, etc)|"
212367,Other,"Electric Power Generation, Transmission, Distribution|Utilities (Excluding Internet Service)|Steam and Air-Conditioning Supply|Agriculture, Mining, and Refineries (Farming, Greenhouses, Mining, Forestry, and Animal Farming)"
15763,ISP,Not Validating RPKI ROV|Computer and Information Technology|Internet Service Provider (ISP)|
204181,Other,Personal ASN|
15769,Other,"Banks, Credit Card Companies, Mortgage Providers|Finance and Insurance|"
204188,ISP,"Health Care Services|Computer and Information Technology|Freight, Shipment, and Postal Services|Insurance Carriers and Agencies"
212382,Other,Service|
48543,ISP,Software Development|Computer and Information Technology|Internet Service Provider (ISP)|
48545,Other,"Investment, Portfolio Management, Pensions and Funds|Finance and Insurance|Banks, Credit Card Companies, Mortgage Providers|"
56737,Other,"Electric Power Generation, Transmission, Distribution|Utilities (Excluding Internet Service)|"
204195,Enterprise,"Software Development|Computer and Information Technology|Service|Law, Business, and Consulting Services"
204201,Eyeball,Education and Research|Service|Research and Development Organizations|Community Groups and Nonprofits
56748,Other,"Retail Stores, Wholesale, and E-commerce Sites|"
15790,Government,Content|Corporate/Enterprise|Computer and Information Technology|Service
212403,Other,Hospitals and Medical Centers|Health Care Services|
204218,ISP,Computer and Information Technology|Internet Service Provider (ISP)|
48572,Other,"Freight, Shipment, and Postal Services|Not Validating RPKI ROV|"
56764,Other,Software Development|Computer and Information Technology|
212412,Other,"Museums, Libraries, and Entertainment|"
212415,Academic/Edu,"Personal ASN|Other Schools, Instruction, and Exam Preparation (Trade Schools, Art Schools, Driving Instruction, etc.)|Service|Education and Research"
204227,Content/CDN,"Computer and Information Technology|Law, Business, and Consulting Services|Software Development|Service"
48582,ISP,Computer and Information Technology|Internet Service Provider (ISP)|Software Development|Service
15817,Content/CDN,VPN Host|Hosting and Cloud Provider|Computer and Information Technology|Validating RPKI ROV
48585,ISP,Validating RPKI ROV|Service|Computer and Information Technology|Internet Service Provider (ISP)
204233,Other,"Casinos and Gambling|Museums, Libraries, and Entertainment|Computer and Information Technology|"
204243,Enterprise,"Buildings, Repair, Maintenance (Pest Control, Landscaping, Cleaning, Locksmiths, Car Washes, etc)|Service|Computer and Information Technology|Retail Stores, Wholesale, and E-commerce Sites"
48596,ISP,Content|Internet Service Provider (ISP)|Service|Computer and Information Technology
56788,ISP,Internet Service Provider (ISP)|Computer and Information Technology|
212440,ISP,Server Hosting|Software Development|Computer and Information Technology|Internet Service Provider (ISP)
204250,ISP,"Service|Media, Publishing, and Broadcasting|Computer and Information Technology|Computer and Network Security"
204252,ISP,Software Development|Internet Service Provider (ISP)|Computer and Information Technology|Not Validating RPKI ROV
204253,Enterprise,"Content|Media, Publishing, and Broadcasting|Finance and Insurance|Banks, Credit Card Companies, Mortgage Providers"
204254,ISP,Personal ASN|Internet Service Provider (ISP)|Computer and Information Technology|
56801,Government,"Government and Regulatory Agencies, Administrations, Departments, and Services|Government and Public Administration|"
15844,ISP,Not Validating RPKI ROV|Computer and Information Technology|Internet Service Provider (ISP)|
212455,Enterprise,"Law, Business, and Consulting Services|Service|Buildings (Residential or Commercial)|Construction and Real Estate"
56813,ISP,Computer and Information Technology|Internet Service Provider (ISP)|
15854,Other,"Computer and Information Technology|Retail Stores, Wholesale, and E-commerce Sites|Service|Software Development"
212472,Academic/Edu,Education and Research|
15866,ISP,"Software Development|Other Schools, Instruction, and Exam Preparation (Trade Schools, Art Schools, Driving Instruction, etc.)|Internet Service Provider (ISP)|Computer and Information Technology"
48646,Academic/Edu,Education and Research|
204296,Other,Manufacturing|Chemical and Pharmaceutical Manufacturing|
212495,Academic/Edu,Personal ASN|Education and Research|Research and Development Organizations|
15891,ISP,VPN Host|Internet Service Provider (ISP)|Software Development|Computer and Information Technology
204308,Other,"Buildings, Repair, Maintenance (Pest Control, Landscaping, Cleaning, Locksmiths, Car Washes, etc)|Service|Retail Stores, Wholesale, and E-commerce Sites|"
15894,ISP,Internet Service Provider (ISP)|Computer and Information Technology|
204310,Enterprise,"Service|Law, Business, and Consulting Services|Computer and Information Technology|"
212509,ISP,Internet Service Provider (ISP)|Computer and Information Technology|Eyeball|
56863,ISP,"Social Assistance (Temporary Shelters, Emergency Relief, Child Day Care, etc)|Service|Software Development|Computer and Information Technology"
15904,Other,Community Groups and Nonprofits|
204320,ISP,"Internet Service Provider (ISP)|Law, Business, and Consulting Services|Computer and Information Technology|Service"
212520,Other,"Metal, Glass, Wood, and Paper Manufacturing|Manufacturing|Service|Buildings, Repair, Maintenance (Pest Control, Landscaping, Cleaning, Locksmiths, Car Washes, etc)"
212522,ISP,Computer and Information Technology|Internet Service Provider (ISP)|
56876,ISP,Internet Service Provider (ISP)|Computer and Information Technology|
15925,ISP,Eyeball|Internet Service Provider (ISP)|Computer and Information Technology|Validating RPKI ROV
56890,ISP,Internet Service Provider (ISP)|Computer and Information Technology|
15933,ISP,Not Validating RPKI ROV|Computer and Information Technology|Internet Service Provider (ISP)|
204349,Other,"Retail Stores, Wholesale, and E-commerce Sites|"
56896,Other,"Finance and Insurance|Banks, Credit Card Companies, Mortgage Providers|"
15943,ISP,Eyeball|Computer and Information Technology|Internet Service Provider (ISP)|Validating RPKI ROV
15945,ISP,Computer and Information Technology|Internet Service Provider (ISP)|
56912,ISP,Computer and Information Technology|Internet Service Provider (ISP)|Not Validating RPKI ROV|
204368,Other,Travel and Accommodation|
56919,ISP,Insurance Carriers and Agencies|Finance and Insurance|
15960,ISP,Not Validating RPKI ROV|Computer and Information Technology|Internet Service Provider (ISP)|
15961,ISP,"Service|Hosting and Cloud Provider|Law, Business, and Consulting Services|Software Development"
212567,Other,"Not Validating RPKI ROV|Construction and Real Estate|Investment, Portfolio Management, Pensions and Funds|Finance and Insurance"
15968,Other,Computer and Information Technology|
212582,ISP,Content|Internet Service Provider (ISP)|Computer and Information Technology|
212583,ISP,"Internet Service Provider (ISP)|Computer and Information Technology|Retail Stores, Wholesale, and E-commerce Sites|Construction and Real Estate"
212586,Enterprise,"Law, Business, and Consulting Services|Service|"
212587,Government,"Government and Public Administration|Government and Regulatory Agencies, Administrations, Departments, and Services|"
56942,Enterprise,"Buildings, Repair, Maintenance (Pest Control, Landscaping, Cleaning, Locksmiths, Car Washes, etc)|Service|Software Development|Law, Business, and Consulting Services"
204400,Content/CDN,Hosting and Cloud Provider|Computer and Information Technology|
212592,Enterprise,"Service|Law, Business, and Consulting Services|Accountants, Tax Preparers, Payroll Services|Finance and Insurance"
15987,ISP,Server Hosting|Computer and Information Technology|Internet Service Provider (ISP)|Hosting and Cloud Provider
56948,Other,Health Care Services|Hospitals and Medical Centers|
212596,Other,Personal ASN|Motor Vehicles and Parts|Manufacturing|Service
212603,Other,"Finance and Insurance|Banks, Credit Card Companies, Mortgage Providers|"
15996,ISP,"Service|Phone Provider|Retail Stores, Wholesale, and E-commerce Sites|Internet Service Provider (ISP)"
16001,ISP,"Computer and Information Technology|Internet Service Provider (ISP)|Other Schools, Instruction, and Exam Preparation (Trade Schools, Art Schools, Driving Instruction, etc.)|Software Development"
212613,ISP,"Electric Power Generation, Transmission, Distribution|Technology Consulting Services|Utilities (Excluding Internet Service)|Water Supply and Irrigation"
48777,Other,Validating RPKI ROV|Community Groups and Nonprofits|
48778,ISP,Internet Service Provider (ISP)|Computer and Information Technology|
16017,Other,Machinery|Manufacturing|
48785,Other,Finance and Insurance|
16024,ISP,Business Broadband|Computer and Information Technology|Internet Service Provider (ISP)|Hosting and Cloud Provider
48793,ISP,Internet Service Provider (ISP)|Computer and Information Technology|
56984,Enterprise,"Electronics and Computer Components|Service|Retail Stores, Wholesale, and E-commerce Sites|Machinery"
204443,Other,"Service|Media, Publishing, and Broadcasting|Personal ASN|"
204445,ISP,"Internet Service Provider (ISP)|Computer and Information Technology|Law, Business, and Consulting Services|Service"
204449,Other,"Agriculture, Mining, and Refineries (Farming, Greenhouses, Mining, Forestry, and Animal Farming)|Utilities (Excluding Internet Service)|"
204451,Content/CDN,Computer and Information Technology|Hosting and Cloud Provider|Computer and Network Security|
56997,Enterprise,"Software Development|Law, Business, and Consulting Services|Service|Computer and Information Technology"
212647,Other,Other|Content|
48821,Enterprise,Corporate/Enterprise|Software Development|Manufacturing|Computer and Information Technology
48823,ISP,Computer and Information Technology|Hosting and Cloud Provider|Internet Service Provider (ISP)|
48824,Other,Computer and Information Technology|Personal ASN|
204480,ISP,Computer and Information Technology|Internet Service Provider (ISP)|
204481,ISP,Internet Service Provider (ISP)|Computer and Information Technology|
212672,Other,Service|
48835,ISP,Internet Service Provider (ISP)|Computer and Information Technology|
212674,Academic/Edu,"Colleges, Universities, and Professional Schools|Education and Research|"
212678,Other,"Retail Stores, Wholesale, and E-commerce Sites|"
204487,ISP,Internet Service Provider (ISP)|Computer and Information Technology|
16072,ISP,"Internet Service Provider (ISP)|Retail Stores, Wholesale, and E-commerce Sites|Banks, Credit Card Companies, Mortgage Providers|Computer and Information Technology"
16075,Other,"ToR Services|Media, Publishing, and Broadcasting|Online Informational Content|"
57037,Content/CDN,Computer and Network Security|Hosting and Cloud Provider|Computer and Information Technology|
212688,ISP,"Internet Service Provider (ISP)|Law, Business, and Consulting Services|Service|Computer and Information Technology"
212691,Other,"Retail Stores, Wholesale, and E-commerce Sites|Clothing, Fashion, Luggage|Personal ASN|"
16084,Enterprise,"Software Development|Computer and Information Technology|Service|Law, Business, and Consulting Services"
212693,ISP,Internet Service Provider (ISP)|Computer and Information Technology|Not Validating RPKI ROV|
204506,Other,"Service|Manufacturing|Metal, Glass, Wood, and Paper Manufacturing|Personal ASN"
204512,ISP,Software Development|Computer and Information Technology|Internet Service Provider (ISP)|
16097,ISP,Eyeball|Internet Service Provider (ISP)|Computer and Information Technology|Not Validating RPKI ROV
212710,Content/CDN,Computer and Information Technology|Software Development|Phone Provider|Hosting and Cloud Provider
16107,Other,"Finance and Insurance|Banks, Credit Card Companies, Mortgage Providers|"
16108,Other,Community Groups and Nonprofits|
204527,ISP,"Internet Service Provider (ISP)|Civil Engineering Construction (Utility Lines, Roads and Bridges)|Construction and Real Estate|Computer and Information Technology"
212723,ISP,Computer and Information Technology|Internet Service Provider (ISP)|
57089,ISP,"Retail Stores, Wholesale, and E-commerce Sites|Software Development|Internet Service Provider (ISP)|Computer and Information Technology"
212737,Other,"Food, Grocery, Beverages|Manufacturing|Retail Stores, Wholesale, and E-commerce Sites|Freight, Shipment, and Postal Services"
212739,Other,"Electric Power Generation, Transmission, Distribution|Construction and Real Estate|Service|Software Development"
204548,Content/CDN,Content|Service|Computer and Information Technology|Hosting and Cloud Provider
57094,Other,"Retail Stores, Wholesale, and E-commerce Sites|"
212744,Eyeball,Computer and Information Technology|Hosting and Cloud Provider|Eyeball|
212745,Other,Software Development|Computer and Information Technology|
212746,Enterprise,"Personal ASN|Law, Business, and Consulting Services|Service|"
16148,ISP,Education and Research|Research and Development Organizations|Computer and Information Technology|Internet Service Provider (ISP)
48918,ISP,Carrier|Internet Service Provider (ISP)|Computer and Information Technology|Validating RPKI ROV
16151,Other,"Manufacturing|Software Development|Retail Stores, Wholesale, and E-commerce Sites|Electronics and Computer Components"
57115,ISP,Internet Service Provider (ISP)|Hosting and Cloud Provider|Computer and Information Technology|
48927,ISP,Content|Software Development|Internet Service Provider (ISP)|Search
212779,Academic/Edu,Software Development|Research and Development Organizations|Education and Research|Construction and Real Estate
204591,Other,Computer and Information Technology|
57137,ISP,Computer and Information Technology|Hosting and Cloud Provider|Internet Service Provider (ISP)|Technology Consulting Services
48951,ISP,Not Validating RPKI ROV|Computer and Information Technology|Internet Service Provider (ISP)|
212794,ISP,Internet Service Provider (ISP)|Service|Computer and Information Technology|Software Development
212795,Academic/Edu,Academic|Service|Education and Research|Utilities (Excluding Internet Service)
16188,ISP,Validating RPKI ROV|Electronics and Computer Components|Internet Service Provider (ISP)|Manufacturing
212799,Content/CDN,Computer and Information Technology|Hosting and Cloud Provider|Content|
57154,ISP,Home ISP|Internet Service Provider (ISP)|Computer and Information Technology|Not Validating RPKI ROV
204612,Other,"Manufacturing|Automotive and Transportation|Metal, Glass, Wood, and Paper Manufacturing|"
16202,ISP,Eyeball|Computer and Information Technology|Internet Service Provider (ISP)|Not Validating RPKI ROV
16205,ISP,Eyeball|Internet Service Provider (ISP)|Computer and Information Technology|Not Validating RPKI ROV
204625,Other,Personal ASN|Community Groups and Nonprofits|
212824,ISP,Computer and Information Technology|Internet Service Provider (ISP)|
16218,ISP,"Hosting and Cloud Provider|Internet Service Provider (ISP)|Retail Stores, Wholesale, and E-commerce Sites|Computer and Information Technology"
204636,Other,"Museums, Libraries, and Entertainment|Service|Casinos and Gambling|"
57183,Other,Computer and Information Technology|
57190,Other,"Software Development|Trucking|Computer and Information Technology|Freight, Shipment, and Postal Services"
204646,ISP,Computer and Information Technology|Internet Service Provider (ISP)|
49009,Other,Not Validating RPKI ROV|Community Groups and Nonprofits|
204663,ISP,Internet Service Provider (ISP)|Computer and Information Technology|
212858,Enterprise,"Service|Law, Business, and Consulting Services|Personal ASN|"
49024,ISP,Internet Service Provider (ISP)|Software Development|Computer and Information Technology|Service
204672,Other,"Not Validating RPKI ROV|Water Supply and Irrigation|Natural Gas Distribution|Electric Power Generation, Transmission, Distribution"
204673,ISP,Health Care Services|Software Development|Internet Service Provider (ISP)|Computer and Information Technology
212864,Content/CDN,"Computer and Information Technology|Hosting and Cloud Provider|Media, Publishing, and Broadcasting|Personal ASN"
204676,Other,"Retail Stores, Wholesale, and E-commerce Sites|"
57222,Other,"Freight, Shipment, and Postal Services|Trucking|"
212871,Eyeball,"Eyeball|Law, Business, and Consulting Services|Service|"
57224,Other,Computer and Information Technology|
204680,Academic/Edu,"Academic|Colleges, Universities, and Professional Schools|Education and Research|"
49034,Eyeball,"Law, Business, and Consulting Services|Service|Media, Publishing, and Broadcasting|Manufacturing"
204681,Enterprise,"Service|Law, Business, and Consulting Services|"
204682,ISP,Internet Service Provider (ISP)|Computer and Information Technology|
16276,Content/CDN,Content|Hosting and Cloud Provider|Computer and Information Technology|Not Validating RPKI ROV
16277,ISP,"Electronics and Computer Components|Hosting and Cloud Provider|Internet Service Provider (ISP)|Metal, Glass, Wood, and Paper Manufacturing"
212886,Enterprise,"Media, Publishing, and Broadcasting|Computer and Information Technology|Law, Business, and Consulting Services|Service"
57243,Other,"Service|Retail Stores, Wholesale, and E-commerce Sites|Social Assistance (Temporary Shelters, Emergency Relief, Child Day Care, etc)|"
204702,Eyeball,"Eyeball|Computer and Information Technology|Buildings, Repair, Maintenance (Pest Control, Landscaping, Cleaning, Locksmiths, Car Washes, etc)|Service"
212894,Academic/Edu,Education and Research|Research and Development Organizations|Computer and Information Technology|
204704,ISP,"Retail Stores, Wholesale, and E-commerce Sites|Internet Service Provider (ISP)|Software Development|Buildings, Repair, Maintenance (Pest Control, Landscaping, Cleaning, Locksmiths, Car Washes, etc)"
212895,ISP,Carrier|Computer and Information Technology|Internet Service Provider (ISP)|Personal ASN
204723,ISP,Software Development|Internet Service Provider (ISP)|Computer and Information Technology|
204724,Enterprise,"Law, Business, and Consulting Services|Retail Stores, Wholesale, and E-commerce Sites|Computer and Information Technology|Service"
16313,Other,"Construction and Real Estate|Banks, Credit Card Companies, Mortgage Providers|Finance and Insurance|Investment, Portfolio Management, Pensions and Funds"
49081,ISP,Service|Computer and Information Technology|Manufacturing|Software Development
16316,ISP,"Home ISP|Service|Media, Publishing, and Broadcasting|Online Informational Content"
212924,Enterprise,"Law, Business, and Consulting Services|Service|"
49086,Content/CDN,"Computer and Information Technology|Hosting and Cloud Provider|Retail Stores, Wholesale, and E-commerce Sites|"
57282,ISP,Software Development|Computer and Information Technology|Internet Service Provider (ISP)|
212930,Government,"Government and Public Administration|Government and Regulatory Agencies, Administrations, Departments, and Services|"
49092,Other,"Museums, Libraries, and Entertainment|Recreation, Sports, and Performing Arts|Media, Publishing, and Broadcasting|Music and Video Industry"
49097,ISP,Software Development|Computer and Information Technology|Internet Service Provider (ISP)|
204750,ISP,"Media, Publishing, and Broadcasting|Computer and Information Technology|Radio and Television Providers|Internet Service Provider (ISP)"
212943,Enterprise,"Law, Business, and Consulting Services|Retail Stores, Wholesale, and E-commerce Sites|Computer and Information Technology|Service"
212952,Other,Service|
212961,Enterprise,"Freight, Shipment, and Postal Services|Manufacturing|Law, Business, and Consulting Services|Service"
16356,Other,"Service|Machinery|Manufacturing|Retail Stores, Wholesale, and E-commerce Sites"
57317,ISP,"Manufacturing|Internet Service Provider (ISP)|Electronics and Computer Components|Law, Business, and Consulting Services"
16358,ISP,Hosting and Cloud Provider|Service|Software Development|Internet Service Provider (ISP)
212966,Other,Software Development|Computer and Information Technology|
16360,ISP,"Construction and Real Estate|Civil Engineering Construction (Utility Lines, Roads and Bridges)|Internet Service Provider (ISP)|Computer and Information Technology"
49130,ISP,Computer and Information Technology|Internet Service Provider (ISP)|Hosting and Cloud Provider|
16365,Other,"Finance and Insurance|Banks, Credit Card Companies, Mortgage Providers|"
212973,Content/CDN,Hosting and Cloud Provider|Computer and Network Security|Computer and Information Technology|
57328,ISP,"Computer and Information Technology|Internet Service Provider (ISP)|Community Groups and Nonprofits|Human Rights and Social Advocacy (Human Rights, Environment and Wildlife Conservation, Other)"
204786,ISP,Computer and Information Technology|Internet Service Provider (ISP)|
16374,Other,Community Groups and Nonprofits|
16378,Other,"Retail Stores, Wholesale, and E-commerce Sites|Phone Provider|Computer and Information Technology|"
204796,Other,"Validating RPKI ROV|Manufacturing|Retail Stores, Wholesale, and E-commerce Sites|Computer and Information Technology"
212989,Other,"Validating RPKI ROV|Human Rights and Social Advocacy (Human Rights, Environment and Wildlife Conservation, Other)|Community Groups and Nonprofits|Not Validating RPKI ROV"
57342,Other,Computer and Information Technology|
