asn,category,tags
204800,Other,Other
212992,Other,"Computer and Information Technology|Museums, Libraries, and Entertainment|Software Development|Phone Provider"
49158,ISP,Business Broadband|Not Validating RPKI ROV|Internet Service Provider (ISP)|Computer and Information Technology
7,ISP,Government|Validating RPKI ROV|Internet Service Provider (ISP)|Computer and Information Technology
213000,Other,Health Care Services
213001,ISP,"Internet Service Provider (ISP)|Community Groups and Nonprofits|Human Rights and Social Advocacy (Human Rights, Environment and Wildlife Conservation, Other)|Computer and Information Technology"
57356,ISP,Eyeball|Not Validating RPKI ROV|Computer and Information Technology|Internet Service Provider (ISP)
24594,ISP,Computer and Information Technology|Internet Service Provider (ISP)
204819,Other,Software Development|Computer and Information Technology
196628,ISP,Validating RPKI ROV|Computer and Information Technology|Internet Service Provider (ISP)
204821,ISP,Internet Service Provider (ISP)|Computer and Information Technology
213016,ISP,Not Validating RPKI ROV|Computer and Information Technology|Computer and Network Security|Internet Service Provider (ISP)
40986,Other,"Media, Publishing, and Broadcasting|Service"
204826,Eyeball,Finance and Insurance|Eyeball
8220,ISP,Carrier|Validating RPKI ROV|Internet Service Provider (ISP)|Computer and Information Technology
204828,ISP,Computer and Information Technology|Internet Service Provider (ISP)|Content
49182,ISP,"Validating RPKI ROV|Hosting, Cloud Provider, Data Center, Server Colocation|Computer and Information Technology|Internet Service Provider (ISP)"
40992,Other,"Utilities (Excluding Internet Service)|Electric Power Generation, Transmission, Distribution|Investment, Portfolio Management, Pensions and Funds|Finance and Insurance"
57377,Government,"Government and Public Administration|Government and Regulatory Agencies, Administrations, Departments, and Services"
213026,Eyeball,Service|Personal ASN|IPv6 only|Eyeball
139301,ISP,Internet Service Provider (ISP)|Computer and Information Technology|Hosting and Cloud Provider|Software Development
196646,Other,Service
41000,ISP,Content|Hosting and Cloud Provider|Internet Service Provider (ISP)|Computer and Information Technology
204844,Content/CDN,Server Hosting|Hosting and Cloud Provider|Computer and Information Technology
196656,Other,Computer and Information Technology
49201,Other,Manufacturing
41012,ISP,Computer and Information Technology|Validating RPKI ROV|Internet Service Provider (ISP)
204853,ISP,Internet Service Provider (ISP)|Computer and Information Technology
24633,ISP,Internet Service Provider (ISP)|Computer and Information Technology
49209,ISP,Internet Service Provider (ISP)|Computer and Information Technology
204857,Eyeball,"Computer and Information Technology|Law, Business, and Consulting Services|Service|Corporate/Enterprise"
139324,Other,Service
41021,Other,"Computer and Information Technology|Retail Stores, Wholesale, and E-commerce Sites"
213051,ISP,Computer and Information Technology|Internet Service Provider (ISP)
57408,Government,"Service|Law, Business, and Consulting Services|Government and Regulatory Agencies, Administrations, Departments, and Services|Government and Public Administration"
196674,ISP,Software Development|Not Validating RPKI ROV|Computer and Information Technology|Internet Service Provider (ISP)
213060,Content/CDN,Hosting and Cloud Provider|Computer and Information Technology
57417,ISP,Internet Service Provider (ISP)|Computer and Information Technology|Eyeball
8266,ISP,Software Development|Internet Service Provider (ISP)|Computer and Information Technology
24650,Enterprise,"Law, Business, and Consulting Services|Banks, Credit Card Companies, Mortgage Providers|Finance and Insurance|Investment, Portfolio Management, Pensions and Funds"
49229,ISP,Internet Service Provider (ISP)|Validating RPKI ROV|Computer and Information Technology
8272,ISP,Service|Internet Service Provider (ISP)|Hosting and Cloud Provider|Computer and Information Technology
213074,ISP,Internet Service Provider (ISP)|Computer and Information Technology
8276,ISP,Internet Service Provider (ISP)|Computer and Information Technology|Software Development
213078,ISP,Computer and Information Technology|Internet Service Provider (ISP)
8282,ISP,Computer and Information Technology|Not Validating RPKI ROV|Internet Service Provider (ISP)
24669,ISP,"Internet Service Provider (ISP)|Online Informational Content|Software Development|Media, Publishing, and Broadcasting"
24670,Other,Construction and Real Estate|Manufacturing
49247,Other,"Buildings, Repair, Maintenance (Pest Control, Landscaping, Cleaning, Locksmiths, Car Washes, etc)|Service"
213085,ISP,Computer and Information Technology|Internet Service Provider (ISP)
24673,Content/CDN,Computer and Information Technology|Hosting and Cloud Provider
213092,Other,IPv6 only|Service
213094,ISP,Internet Service Provider (ISP)|Validating RPKI ROV|Computer and Information Technology
8296,Other,"Validating RPKI ROV|Service|Online Informational Content|Media, Publishing, and Broadcasting"
204910,Other,Construction and Real Estate
49263,ISP,Computer and Information Technology|Internet Service Provider (ISP)
204914,Content/CDN,"Server Hosting|Civil Engineering Construction (Utility Lines, Roads and Bridges)|Construction and Real Estate|Buildings (Residential or Commercial)"
213112,ISP,Computer and Information Technology|Internet Service Provider (ISP)
204921,Other,"Computer and Information Technology|Retail Stores, Wholesale, and E-commerce Sites"
213119,ISP,Internet Service Provider (ISP)|Computer and Information Technology|Anycast
204928,Unknown,
24705,ISP,Computer and Information Technology|Internet Service Provider (ISP)
204931,Other,Service|IPv6 only
57477,ISP,Internet Service Provider (ISP)|Computer and Information Technology
196741,Enterprise,Travel and Accommodation|Service|Software Development|Finance and Insurance
41095,ISP,Carrier|Validating RPKI ROV|Internet Service Provider (ISP)|Computer and Information Technology
196744,Academic/Edu,Not Validating RPKI ROV|Computer and Information Technology|Education and Research
196745,ISP,Computer and Information Technology|Hosting and Cloud Provider|Internet Service Provider (ISP)
8330,Other,Validating RPKI ROV|Service
41099,ISP,Computer and Information Technology|Not Validating RPKI ROV|Internet Service Provider (ISP)
57483,Other,Personal ASN
204939,ISP,Computer and Information Technology|Internet Service Provider (ISP)|VPN Host|Eyeball
204942,ISP,"Service|Internet Service Provider (ISP)|Law, Business, and Consulting Services|Computer and Network Security"
41103,Other,Validating RPKI ROV|Manufacturing
8336,Other,Validating RPKI ROV|Service
204945,Content/CDN,Computer and Information Technology|Hosting and Cloud Provider|Software Development
204946,Other,IPv6 only|Anycast|Content
41107,ISP,Computer and Information Technology|Not Validating RPKI ROV|Internet Service Provider (ISP)
131222,ISP,Computer and Information Technology|Internet Service Provider (ISP)
213150,Other,"Construction and Real Estate|Civil Engineering Construction (Utility Lines, Roads and Bridges)"
401568,Other,"Recreation, Sports, and Performing Arts|Computer and Information Technology|Museums, Libraries, and Entertainment|Software Development"
49313,ISP,Computer and Information Technology|Internet Service Provider (ISP)|Hosting and Cloud Provider
8356,Other,"Validating RPKI ROV|Media, Publishing, and Broadcasting"
24742,ISP,Internet Service Provider (ISP)|Software Development|Finance and Insurance|Computer and Information Technology
49318,ISP,Technology Consulting Services|Computer and Information Technology|Internet Service Provider (ISP)
196778,Eyeball,"Government and Regulatory Agencies, Administrations, Departments, and Services|Government and Public Administration|Freight, Shipment, and Postal Services|Travel and Accommodation"
213163,Eyeball,Computer and Network Security|Computer and Information Technology|Eyeball
49324,Government,"Government and Public Administration|Government and Regulatory Agencies, Administrations, Departments, and Services|Government"
401583,Unknown,
213169,Other,Personal ASN|Construction and Real Estate|Buildings (Residential or Commercial)
204978,ISP,Internet Service Provider (ISP)|Computer and Information Technology
204979,Other,"Computer and Information Technology|Human Rights and Social Advocacy (Human Rights, Environment and Wildlife Conservation, Other)|Search|Community Groups and Nonprofits"
8372,ISP,"Computer and Information Technology|Law, Business, and Consulting Services|Internet Service Provider (ISP)|Service"
213183,ISP,"Validating RPKI ROV|Internet Service Provider (ISP)|Computer and Information Technology|Hosting, Cloud Provider, Data Center, Server Colocation"
49344,ISP,Internet Service Provider (ISP)|Computer and Information Technology
213185,Eyeball,Education and Research|Personal ASN|Eyeball
204994,Eyeball,Education and Research|IPv6 only|Personal ASN|Eyeball
204997,Content/CDN,Computer and Information Technology|Hosting and Cloud Provider
213190,ISP,Computer and Information Technology|Internet Service Provider (ISP)
24775,Government,"Computer and Network Security|Military, Defense, National Security, and International Affairs|Government and Public Administration|Computer and Information Technology"
196809,Other,"Finance and Insurance|Online Music and Video Streaming Services|Investment, Portfolio Management, Pensions and Funds|Media, Publishing, and Broadcasting"
24778,ISP,Not Validating RPKI ROV|Software Development|Hosting and Cloud Provider|Internet Service Provider (ISP)
49354,ISP,Internet Service Provider (ISP)|Phone Provider|Computer and Information Technology
196813,Enterprise,"Law, Business, and Consulting Services|Service"
205006,Other,"Recreation, Sports, and Performing Arts|Travel and Accommodation|Manufacturing|Health Care Services"
8401,Other,"Museums, Libraries, and Entertainment|Music and Video Industry|Media, Publishing, and Broadcasting"
213201,Academic/Edu,Education and Research|Personal ASN
205011,Enterprise,"Software Development|Finance and Insurance|Computer and Information Technology|Law, Business, and Consulting Services"
205012,Enterprise,"Software Development|Computer and Information Technology|Law, Business, and Consulting Services|Service"
213202,ISP,Not Validating RPKI ROV|Internet Service Provider (ISP)|Computer and Information Technology|Corporate/Enterprise
401626,Other,Computer and Information Technology
213210,ISP,Computer and Information Technology|Internet Service Provider (ISP)|IPv6 only
49372,ISP,Internet Service Provider (ISP)|Computer and Information Technology
49374,ISP,"Online Informational Content|Internet Service Provider (ISP)|Media, Publishing, and Broadcasting|Computer and Information Technology"
49375,ISP,Home ISP|Validating RPKI ROV|Internet Service Provider (ISP)|Computer and Information Technology
57567,Other,"Museums, Libraries, and Entertainment|Software Development|Casinos and Gambling|Computer and Information Technology"
8419,ISP,Computer and Information Technology|Not Validating RPKI ROV|Internet Service Provider (ISP)
24807,ISP,"Law, Business, and Consulting Services|Service|Computer and Information Technology|Internet Service Provider (ISP)"
196839,Unknown,
8426,ISP,Eyeball|Validating RPKI ROV|Computer and Information Technology|Internet Service Provider (ISP)
213229,Other,Community Groups and Nonprofits
205039,ISP,"Computer and Information Technology|Online Informational Content|Internet Service Provider (ISP)|Media, Publishing, and Broadcasting"
57586,Unknown,
8435,Other,"Banks, Credit Card Companies, Mortgage Providers|Validating RPKI ROV|Finance and Insurance"
41203,Other,"Freight, Shipment, and Postal Services"
49396,Unknown,
49401,ISP,Computer and Information Technology|Internet Service Provider (ISP)
8444,Other,Finance and Insurance|Validating RPKI ROV
205052,ISP,Computer and Information Technology|Internet Service Provider (ISP)
205056,ISP,Internet Service Provider (ISP)|Computer and Information Technology
205058,Academic/Edu,Education and Research|IPv6 only
57604,Content/CDN,Hosting and Cloud Provider|Computer and Information Technology
49415,ISP,Internet Service Provider (ISP)|Computer and Information Technology
8457,ISP,Validating RPKI ROV|Computer and Information Technology|Internet Service Provider (ISP)
24842,ISP,Software Development|Internet Service Provider (ISP)|Computer and Information Technology
49418,ISP,Carrier|Software Development|Hosting and Cloud Provider|Service
196875,ISP,Computer and Information Technology|Hosting and Cloud Provider|Software Development|Internet Service Provider (ISP)
41230,ISP,Eyeball|Not Validating RPKI ROV|Computer and Information Technology|Internet Service Provider (ISP)
41231,ISP,Content|Computer and Information Technology|Internet Service Provider (ISP)|Hosting and Cloud Provider
41232,ISP,Eyeball|Validating RPKI ROV|Computer and Information Technology|Internet Service Provider (ISP)
49425,ISP,Internet Service Provider (ISP)|Not Validating RPKI ROV|Computer and Information Technology
196881,ISP,Computer and Information Technology|Not Validating RPKI ROV|Internet Service Provider (ISP)
205072,ISP,Hosting and Cloud Provider|Computer and Information Technology|Internet Service Provider (ISP)
8468,ISP,Eyeball|Validating RPKI ROV|Computer and Information Technology|Internet Service Provider (ISP)
213262,Academic/Edu,IPv6 only|Education and Research
213265,Other,Service
8472,Other,Service
57624,ISP,Computer and Information Technology|Not Validating RPKI ROV|Internet Service Provider (ISP)
213272,Content/CDN,Computer and Information Technology|Software Development|Hosting and Cloud Provider|Finance and Insurance
41246,ISP,"Internet Service Provider (ISP)|Media, Publishing, and Broadcasting|Computer and Information Technology|Online Informational Content"
49438,ISP,Technology Consulting Services|Computer and Information Technology|Internet Service Provider (ISP)
49440,ISP,Internet Service Provider (ISP)|Computer and Information Technology
24865,ISP,Computer and Information Technology|Computer and Network Security|Internet Service Provider (ISP)|Personal ASN
205090,Content/CDN,VPN Host|Computer and Information Technology|Hosting and Cloud Provider|Tranco 10k Host
24867,ISP,"Computer and Information Technology|Not Validating RPKI ROV|Law, Business, and Consulting Services|Service"
205091,ISP,Internet Service Provider (ISP)|Computer and Information Technology
196902,Academic/Edu,Not Validating RPKI ROV|Elementary and Secondary Schools|Education and Research|Government
41255,Academic/Edu,Education and Research|IPv6 only
49448,ISP,Computer and Information Technology|Internet Service Provider (ISP)|Software Development
213287,ISP,Internet Service Provider (ISP)|Computer and Information Technology
205098,Other,Computer and Information Technology|Software Development
213289,ISP,"Computer and Information Technology|Internet Service Provider (ISP)|Service|Law, Business, and Consulting Services"
57650,Academic/Edu,"Education and Research|Community Groups and Nonprofits|Human Rights and Social Advocacy (Human Rights, Environment and Wildlife Conservation, Other)|Law, Business, and Consulting Services"
205106,ISP,"Software Development|Media, Publishing, and Broadcasting|Computer and Information Technology|Hosting and Cloud Provider"
57653,ISP,Computer and Information Technology|Not Validating RPKI ROV|Internet Service Provider (ISP)
205114,Other,"Not Validating RPKI ROV|Service|Buildings, Repair, Maintenance (Pest Control, Landscaping, Cleaning, Locksmiths, Car Washes, etc)"
41276,Other,"Service|Media, Publishing, and Broadcasting"
213308,Academic/Edu,"Finance and Insurance|Computer and Information Technology|Banks, Credit Card Companies, Mortgage Providers|Education and Research"
24894,Enterprise,"Law, Business, and Consulting Services|Service|Media, Publishing, and Broadcasting"
205120,ISP,Internet Service Provider (ISP)|Computer and Information Technology
41281,Content/CDN,Server Hosting|Community Groups and Nonprofits|Validating RPKI ROV|Tor services
57672,ISP,Computer and Information Technology|Internet Service Provider (ISP)|Personal ASN
49485,ISP,Internet Service Provider (ISP)|Not Validating RPKI ROV|Computer and Information Technology
49487,ISP,Computer and Information Technology|Software Development|Internet Service Provider (ISP)
49490,ISP,Software Development|Computer and Information Technology|Internet Service Provider (ISP)
24916,ISP,Server Hosting|Not Validating RPKI ROV|Computer and Information Technology|Internet Service Provider (ISP)
57688,Other,Service
139610,Other,Computer and Information Technology
49503,ISP,"Internet Service Provider (ISP)|Service|Law, Business, and Consulting Services|Computer and Information Technology"
8546,ISP,Internet Service Provider (ISP)|Computer and Information Technology
196962,ISP,Internet Service Provider (ISP)|Service|Hosting and Cloud Provider|Computer and Information Technology
8548,Academic/Edu,"Human Rights and Social Advocacy (Human Rights, Environment and Wildlife Conservation, Other)|Education and Research|Community Groups and Nonprofits"
213349,ISP,Internet Service Provider (ISP)|Computer and Information Technology|Hosting and Cloud Provider
8550,Other,Service
49512,Content/CDN,Hosting and Cloud Provider|Computer and Information Technology
8553,ISP,Validating RPKI ROV|Computer and Information Technology|Internet Service Provider (ISP)|VPN Host
213354,Content/CDN,Tor services|Not Validating RPKI ROV|Computer and Information Technology|Hosting and Cloud Provider
16755,ISP,"Service|Law, Business, and Consulting Services|Internet Service Provider (ISP)|Computer and Information Technology"
24949,ISP,"Finance and Insurance|Banks, Credit Card Companies, Mortgage Providers|Insurance Carriers and Agencies"
205177,ISP,Not Validating RPKI ROV|Internet Service Provider (ISP)|Software Development|Computer and Information Technology
24958,ISP,Computer and Information Technology|Not Validating RPKI ROV|Internet Service Provider (ISP)
196990,Other,"Banks, Credit Card Companies, Mortgage Providers|Finance and Insurance"
8576,ISP,Validating RPKI ROV|Internet Service Provider (ISP)|Computer and Information Technology
8577,Other,Computer and Information Technology
205182,Enterprise,"Service|Law, Business, and Consulting Services|Personal Care and Lifestyle (Barber Shops, Nail Salons, Diet Centers, Laundry, etc)|Computer and Information Technology"
213385,ISP,Internet Service Provider (ISP)|Computer and Information Technology
8586,ISP,Internet Service Provider (ISP)|Not Validating RPKI ROV|Computer and Information Technology
41354,ISP,Phone Provider|Validating RPKI ROV|Technology Consulting Services|Computer and Information Technology
41355,ISP,Computer and Information Technology|Hosting and Cloud Provider|Software Development|Internet Service Provider (ISP)
41357,ISP,VPN Host|Internet Service Provider (ISP)|Hosting and Cloud Provider|Computer and Information Technology
49546,ISP,Validating RPKI ROV|Computer and Information Technology|Internet Service Provider (ISP)
57740,ISP,Computer and Information Technology|Internet Service Provider (ISP)
24976,ISP,Service|Internet Service Provider (ISP)|Hosting and Cloud Provider|Computer and Network Security
205197,Other,"Not Validating RPKI ROV|Retail Stores, Wholesale, and E-commerce Sites|Travel and Accommodation|Food, Grocery, Beverages"
41362,Enterprise,"Law, Business, and Consulting Services|Service"
205200,Other,Electronics and Computer Components|Manufacturing
213388,Content/CDN,"Content|Computer and Information Technology|Hosting, Cloud Provider, Data Center, Server Colocation"
57750,ISP,"Media, Publishing, and Broadcasting|Government and Public Administration|Service|Software Development"
41367,Other,Validating RPKI ROV|Service
57751,Other,Technology Consulting Services|Computer and Information Technology
205210,Other,"Agriculture, Mining, and Refineries (Farming, Greenhouses, Mining, Forestry, and Animal Farming)"
41373,ISP,"Radio and Television Providers|Media, Publishing, and Broadcasting|Computer and Information Technology|Hosting and Cloud Provider"
8607,ISP,Eyeball|Not Validating RPKI ROV|Computer and Information Technology|Internet Service Provider (ISP)
41379,ISP,Computer and Information Technology|Software Development|Internet Service Provider (ISP)
41380,Other,Service
8613,ISP,Validating RPKI ROV|Internet Service Provider (ISP)|Computer and Information Technology
49572,ISP,Computer and Information Technology|Validating RPKI ROV|Internet Service Provider (ISP)
41383,Other,Manufacturing|Household Appliances and Electronics|Computer and Information Technology|Construction and Real Estate
205220,ISP,Computer and Information Technology|Internet Service Provider (ISP)|Hosting and Cloud Provider|Service
205224,Enterprise,"Service|Law, Business, and Consulting Services|IPv6 only|Personal ASN"
57770,Enterprise,"Service|Law, Business, and Consulting Services"
8619,Enterprise,"Validating RPKI ROV|Law, Business, and Consulting Services|Service|Finance and Insurance"
8622,ISP,Server Hosting|Validating RPKI ROV|Computer and Information Technology|Internet Service Provider (ISP)
25006,ISP,Computer and Information Technology|Internet Service Provider (ISP)|Radio and Television Providers|Phone Provider
197039,Other,"Banks, Credit Card Companies, Mortgage Providers|Validating RPKI ROV|Finance and Insurance"
41393,ISP,Computer and Information Technology|Hosting and Cloud Provider|Software Development|Internet Service Provider (ISP)
197040,Enterprise,"Service|Software Development|Media, Publishing, and Broadcasting|Finance and Insurance"
205237,Other,Not Validating RPKI ROV|Real Estate (Residential and/or Commercial)|Construction and Real Estate
213431,Unknown,
41400,ISP,Computer and Information Technology|Not Validating RPKI ROV|Internet Service Provider (ISP)
49592,Content/CDN,"Law, Business, and Consulting Services|Service|Hosting and Cloud Provider|Construction and Real Estate"
213434,Eyeball,Eyeball|IPv6 only|Personal ASN|Computer and Information Technology
213436,Content/CDN,"Hosting, Cloud Provider, Data Center, Server Colocation|Computer and Information Technology"
25022,ISP,Computer and Information Technology|Internet Service Provider (ISP)|Software Development
57793,ISP,Home ISP|Computer and Information Technology|Internet Service Provider (ISP)
213441,Unknown,
25030,ISP,"Investment, Portfolio Management, Pensions and Funds|Finance and Insurance|Insurance Carriers and Agencies|Banks, Credit Card Companies, Mortgage Providers"
41415,Other,"Not Validating RPKI ROV|Computer and Information Technology|Software Development|Museums, Libraries, and Entertainment"
49606,Enterprise,"Service|Law, Business, and Consulting Services"
49607,Other,"Banks, Credit Card Companies, Mortgage Providers|Finance and Insurance"
213447,Eyeball,Education and Research|IPv6 only|Eyeball
8651,Other,Finance and Insurance|Validating RPKI ROV|Service
213448,Content/CDN,"Hosting, Cloud Provider, Data Center, Server Colocation|Computer and Information Technology"
213451,Other,"Technology Consulting Services|Computer and Information Technology|Retail Stores, Wholesale, and E-commerce Sites"
49615,Other,Construction and Real Estate|Buildings (Residential or Commercial)
8656,ISP,Computer and Information Technology|Internet Service Provider (ISP)
25041,ISP,Internet Service Provider (ISP)|Computer and Information Technology
205265,Other,Service|IPv6 only
213460,Other,Computer and Information Technology
25048,ISP,Computer and Information Technology|Internet Service Provider (ISP)
25050,ISP,"Banks, Credit Card Companies, Mortgage Providers|Internet Service Provider (ISP)|Finance and Insurance|Software Development"
8669,ISP,Validating RPKI ROV|Computer and Information Technology|Internet Service Provider (ISP)|Software Development
197085,Enterprise,"Service|Law, Business, and Consulting Services"
205281,ISP,Internet Service Provider (ISP)|Software Development|Computer and Information Technology|Construction and Real Estate
205283,Other,Software Development|Computer and Information Technology
8676,Eyeball,"Eyeball|Validating RPKI ROV|Media, Publishing, and Broadcasting|Server Hosting"
25061,ISP,Validating RPKI ROV|Computer and Information Technology|Internet Service Provider (ISP)
205286,Enterprise,"Law, Business, and Consulting Services|Service"
8680,ISP,Eyeball|Not Validating RPKI ROV|Internet Service Provider (ISP)|Computer and Information Technology
41448,ISP,"Computer and Information Technology|Internet Service Provider (ISP)|Service|Media, Publishing, and Broadcasting"
205290,Other,"Agriculture, Mining, and Refineries (Farming, Greenhouses, Mining, Forestry, and Animal Farming)"
8683,ISP,Hosting and Cloud Provider|Validating RPKI ROV|Computer and Information Technology|Internet Service Provider (ISP)
205292,Other,"Finance and Insurance|Banks, Credit Card Companies, Mortgage Providers"
213482,Content/CDN,Server Hosting|Manufacturing|Electronics and Computer Components
8686,Content/CDN,"Service|Hosting, Cloud Provider, Data Center, Server Colocation|Retail Stores, Wholesale, and E-commerce Sites|Computer and Information Technology"
205294,Other,Service
197104,ISP,Computer and Information Technology|Internet Service Provider (ISP)
8689,ISP,Validating RPKI ROV|Computer and Information Technology|Internet Service Provider (ISP)|Eyeball
197106,Enterprise,"Finance and Insurance|Investment, Portfolio Management, Pensions and Funds|Law, Business, and Consulting Services|Service"
197107,ISP,Computer and Information Technology|Validating RPKI ROV|Software Development|Internet Service Provider (ISP)
213493,Content/CDN,"Hosting, Cloud Provider, Data Center, Server Colocation|Computer and Information Technology|Manufacturing|Electronics and Computer Components"
213495,Government,"Content|Law Enforcement, Public Safety, and Justice|Government and Public Administration"
49657,ISP,"Banks, Credit Card Companies, Mortgage Providers|Finance and Insurance|Software Development|Internet Service Provider (ISP)"
57850,Academic/Edu,"Agriculture, Mining, and Refineries (Farming, Greenhouses, Mining, Forestry, and Animal Farming)|Education and Research|Utilities (Excluding Internet Service)"
8698,ISP,"Banks, Credit Card Companies, Mortgage Providers|Validating RPKI ROV|Insurance Carriers and Agencies|Finance and Insurance"
205309,ISP,Computer and Information Technology|Internet Service Provider (ISP)
213502,Other,Finance and Insurance
205311,ISP,Not Validating RPKI ROV|Computer and Information Technology|Internet Service Provider (ISP)
213507,ISP,"IPv6 only|Retail Stores, Wholesale, and E-commerce Sites|Computer and Information Technology|Internet Service Provider (ISP)"
8709,ISP,Computer and Information Technology|Internet Service Provider (ISP)
41477,Other,Finance and Insurance|Computer and Information Technology
213509,Other,Service
213513,Other,Finance and Insurance
8714,Other,"Search|Human Rights and Social Advocacy (Human Rights, Environment and Wildlife Conservation, Other)|Computer and Information Technology|Community Groups and Nonprofits"
25098,ISP,Server Hosting|Computer and Information Technology|Internet Service Provider (ISP)|Anycast
8716,ISP,"Computer and Information Technology|Service|Internet Service Provider (ISP)|Law, Business, and Consulting Services"
41484,ISP,Computer and Information Technology|Not Validating RPKI ROV|Internet Service Provider (ISP)
213515,Other,"Museums, Libraries, and Entertainment"
8718,Other,"Investment, Portfolio Management, Pensions and Funds|Finance and Insurance"
205328,Other,"Software Development|Computer and Information Technology|Retail Stores, Wholesale, and E-commerce Sites"
41489,ISP,Computer and Information Technology|Internet Service Provider (ISP)
213520,Content/CDN,"Server Hosting|Online Informational Content|Media, Publishing, and Broadcasting"
49683,ISP,Server Hosting|Hosting and Cloud Provider|Internet Service Provider (ISP)|Computer and Information Technology
25108,ISP,Content|Validating RPKI ROV|Computer and Information Technology|Hosting and Cloud Provider
41493,Other,"Investment, Portfolio Management, Pensions and Funds|Finance and Insurance"
213525,ISP,Computer and Information Technology|Internet Service Provider (ISP)
41495,ISP,Carrier|Not Validating RPKI ROV|Computer and Information Technology|Internet Service Provider (ISP)
213526,Content/CDN,"Computer and Information Technology|Law, Business, and Consulting Services|Hosting, Cloud Provider, Data Center, Server Colocation|Service"
205337,Other,Computer and Information Technology|Software Development
213529,Enterprise,"Computer and Information Technology|Service|Software Development|Law, Business, and Consulting Services"
49694,Other,Phone Provider|Software Development|Computer and Information Technology
213534,Other,"Print Media (Newspapers, Magazines, Books)|Retail Stores, Wholesale, and E-commerce Sites|Media, Publishing, and Broadcasting"
25127,Other,Service
213543,Eyeball,Eyeball|Personal ASN|IPv6 only
213546,ISP,"Computer and Information Technology|Hosting, Cloud Provider, Data Center, Server Colocation|Retail Stores, Wholesale, and E-commerce Sites|Internet Service Provider (ISP)"
213549,Content/CDN,"Computer and Information Technology|Hosting, Cloud Provider, Data Center, Server Colocation"
25135,ISP,Eyeball|Not Validating RPKI ROV|Computer and Information Technology|Internet Service Provider (ISP)
197167,Content/CDN,"Computer and Information Technology|Hosting, Cloud Provider, Data Center, Server Colocation"
205359,ISP,"Internet Service Provider (ISP)|Computer and Information Technology|Software Development|Law, Business, and Consulting Services"
205360,Other,Service
57907,ISP,Internet Service Provider (ISP)|Computer and Information Technology
8760,ISP,Computer and Information Technology|Internet Service Provider (ISP)
205372,ISP,Not Validating RPKI ROV|Internet Service Provider (ISP)|Computer and Information Technology
205373,Other,Tranco 10k Host|Real Estate (Residential and/or Commercial)|Buildings (Residential or Commercial)|Construction and Real Estate
205374,ISP,Validating RPKI ROV|Computer and Information Technology|Software Development|Internet Service Provider (ISP)
213565,ISP,Computer and Information Technology|Internet Service Provider (ISP)
49728,Government,"Government and Regulatory Agencies, Administrations, Departments, and Services|Government and Public Administration|Government"
41538,Other,"Museums, Libraries, and Entertainment|Software Development|Casinos and Gambling|Computer and Information Technology"
57927,Content/CDN,"Hosting, Cloud Provider, Data Center, Server Colocation|Service|Law, Business, and Consulting Services|Retail Stores, Wholesale, and E-commerce Sites"
25160,ISP,Carrier|Validating RPKI ROV|Internet Service Provider (ISP)|Computer and Information Technology
205383,Eyeball,Other|IPv6 only|Anycast|Personal ASN
49738,ISP,Computer and Information Technology|Internet Service Provider (ISP)
213578,ISP,"Internet Service Provider (ISP)|Computer and Information Technology|Retail Stores, Wholesale, and E-commerce Sites"
41548,Academic/Edu,"Validating RPKI ROV|Government and Regulatory Agencies, Administrations, Departments, and Services|Education and Research|Government and Public Administration"
57932,Other,Community Groups and Nonprofits|Computer and Information Technology
139853,ISP,Computer and Information Technology|Internet Service Provider (ISP)|Hosting and Cloud Provider
205389,ISP,Validating RPKI ROV|Computer and Information Technology|Internet Service Provider (ISP)|Eyeball
49744,Content/CDN,"Not Validating RPKI ROV|Finance and Insurance|Accountants, Tax Preparers, Payroll Services|Computer and Information Technology"
41553,Other,Not Validating RPKI ROV|Other
205394,ISP,"Service|Buildings, Repair, Maintenance (Pest Control, Landscaping, Cleaning, Locksmiths, Car Washes, etc)|Computer and Information Technology|Government and Public Administration"
213580,Unknown,
213583,ISP,"Retail Stores, Wholesale, and E-commerce Sites|Computer and Information Technology|Internet Service Provider (ISP)"
8789,ISP,Validating RPKI ROV|Computer and Information Technology|Internet Service Provider (ISP)
213584,ISP,"Retail Stores, Wholesale, and E-commerce Sites|Computer and Information Technology|Internet Service Provider (ISP)"
8791,ISP,Computer and Information Technology|Internet Service Provider (ISP)|Software Development
213585,Unknown,
25178,ISP,Computer and Information Technology|Internet Service Provider (ISP)|Eyeball
205402,Other,"Online Music and Video Streaming Services|Not Validating RPKI ROV|Media, Publishing, and Broadcasting"
25180,ISP,Eyeball|Not Validating RPKI ROV|Computer and Information Technology|Internet Service Provider (ISP)
41564,ISP,Eyeball|Validating RPKI ROV|Computer and Information Technology|Internet Service Provider (ISP)
49758,Other,"Banks, Credit Card Companies, Mortgage Providers|Finance and Insurance"
8801,ISP,"Business Broadband|Validating RPKI ROV|Retail Stores, Wholesale, and E-commerce Sites|Computer and Information Technology"
8802,ISP,"Finance and Insurance|Software Development|Internet Service Provider (ISP)|Investment, Portfolio Management, Pensions and Funds"
41570,Other,"Community Groups and Nonprofits|Museums, Libraries, and Entertainment"
213603,ISP,Internet Service Provider (ISP)|Computer and Information Technology
49765,ISP,Internet Service Provider (ISP)|Validating RPKI ROV|Computer and Information Technology
213607,ISP,Internet Service Provider (ISP)|Computer and Information Technology
213608,Unknown,
213613,Other,IPv6 only
49775,ISP,"Internet Service Provider (ISP)|Retail Stores, Wholesale, and E-commerce Sites|Computer and Information Technology|Construction and Real Estate"
213615,Content/CDN,"Content|Computer and Information Technology|Hosting, Cloud Provider, Data Center, Server Colocation|Validating RPKI ROV"
213618,ISP,Internet Service Provider (ISP)|Computer and Information Technology
213620,ISP,Computer and Information Technology|Internet Service Provider (ISP)
49781,Other,Construction and Real Estate|Real Estate (Residential and/or Commercial)
205434,Other,"Computer and Information Technology|Museums, Libraries, and Entertainment|Software Development|Retail Stores, Wholesale, and E-commerce Sites"
213626,Enterprise,"Computer and Information Technology|Law, Business, and Consulting Services|Service|IPv6 only"
41596,ISP,Finance and Insurance|Insurance Carriers and Agencies
33408,Content/CDN,"Computer and Information Technology|Hosting, Cloud Provider, Data Center, Server Colocation"
49793,Other,Service
205441,Other,"Retail Stores, Wholesale, and E-commerce Sites"
8835,ISP,Internet Service Provider (ISP)|Software Development|Computer and Information Technology
8838,ISP,"Hosting, Cloud Provider, Data Center, Server Colocation|Validating RPKI ROV|Computer and Information Technology|Hosting and Cloud Provider"
57994,Other,Computer and Information Technology
8844,ISP,Internet Service Provider (ISP)|Validating RPKI ROV|Computer and Information Technology
41612,Other,"Museums, Libraries, and Entertainment|Online Informational Content|Media, Publishing, and Broadcasting"
41614,Unknown,
49807,Other,Computer and Information Technology|Technology Consulting Services
213646,ISP,Computer and Information Technology|Internet Service Provider (ISP)
213650,Unknown,
8851,ISP,Eyeball|Not Validating RPKI ROV|Internet Service Provider (ISP)|Computer and Information Technology
58007,ISP,"Construction and Real Estate|Computer and Information Technology|Civil Engineering Construction (Utility Lines, Roads and Bridges)|Postal Services and Couriers"
205464,ISP,Internet Service Provider (ISP)|Phone Provider|Computer and Information Technology
49819,Enterprise,"Service|Media, Publishing, and Broadcasting|Retail Stores, Wholesale, and E-commerce Sites|Law, Business, and Consulting Services"
205468,Other,"Service|Investment, Portfolio Management, Pensions and Funds|Finance and Insurance"
213660,Other,"Museums, Libraries, and Entertainment|Personal ASN"
49823,ISP,Eyeball|Internet Service Provider (ISP)|Computer and Information Technology
41633,Other,"Service|Media, Publishing, and Broadcasting|Retail Stores, Wholesale, and E-commerce Sites|Software Development"
197282,Other,Not Validating RPKI ROV|Service
205474,Other,Computer and Information Technology|IPv6 only|Content
205475,ISP,Computer and Information Technology|Internet Service Provider (ISP)
49829,ISP,Internet Service Provider (ISP)|Computer and Information Technology
205479,ISP,Eyeball|Computer and Information Technology|Internet Service Provider (ISP)|Personal ASN
213671,Unknown,
213673,Other,Computer and Information Technology|Computer and Network Security|IPv6 only
205489,ISP,Software Development|Finance and Insurance|Computer and Information Technology|Construction and Real Estate
205492,Other,"Investment, Portfolio Management, Pensions and Funds|Finance and Insurance"
58040,Content/CDN,Hosting and Cloud Provider|Software Development|Computer and Information Technology
213692,Other,Computer and Information Technology
205502,Other,"Retail Stores, Wholesale, and E-commerce Sites|Service|Construction and Real Estate|Civil Engineering Construction (Utility Lines, Roads and Bridges)"
49856,ISP,Internet Service Provider (ISP)|Software Development|Computer and Information Technology
8897,ISP,Validating RPKI ROV|Internet Service Provider (ISP)|Computer and Information Technology|Home ISP
8898,Other,"Community Groups and Nonprofits|Human Rights and Social Advocacy (Human Rights, Environment and Wildlife Conservation, Other)"
58051,Other,"Travel and Accommodation|Construction and Real Estate|Buildings (Residential or Commercial)|Hotels, Motels, Inns, Other Traveler Accommodation"
58052,ISP,Not Validating RPKI ROV|Internet Service Provider (ISP)|Computer and Information Technology|IPv6 only
213696,Unknown,
8902,ISP,Internet Service Provider (ISP)|Not Validating RPKI ROV|Computer and Information Technology
213702,Content/CDN,"Tor services|Online Informational Content|Media, Publishing, and Broadcasting|Server Hosting"
197320,Other,"Human Rights and Social Advocacy (Human Rights, Environment and Wildlife Conservation, Other)|Community Groups and Nonprofits|Health Care Services"
213707,Unknown,
49868,Other,Service
205517,ISP,Not Validating RPKI ROV|Computer and Information Technology|Internet Service Provider (ISP)
17102,ISP,Computer and Information Technology|Internet Service Provider (ISP)|Hosting and Cloud Provider
41678,ISP,Server Hosting|Validating RPKI ROV|Internet Service Provider (ISP)|Software Development
8912,ISP,Internet Service Provider (ISP)|Computer and Information Technology|VPN Host
58062,ISP,Internet Service Provider (ISP)|Computer and Information Technology
58064,Enterprise,"Manufacturing|Service|Machinery|Law, Business, and Consulting Services"
58065,ISP,VPN Host|Validating RPKI ROV|Computer and Information Technology|Internet Service Provider (ISP)
8916,ISP,Content|Not Validating RPKI ROV|Computer and Information Technology|Internet Service Provider (ISP)
213712,Enterprise,"Service|Law, Business, and Consulting Services|Software Development|Computer and Information Technology"
49882,Enterprise,"Not Validating RPKI ROV|Law, Business, and Consulting Services|Banks, Credit Card Companies, Mortgage Providers|Finance and Insurance"
25307,Content/CDN,Hosting and Cloud Provider|Computer and Information Technology
205533,Content/CDN,"Hosting, Cloud Provider, Data Center, Server Colocation|Computer and Information Technology"
25310,ISP,Eyeball|Not Validating RPKI ROV|Internet Service Provider (ISP)|Computer and Information Technology
41695,ISP,Internet Service Provider (ISP)|Not Validating RPKI ROV|Computer and Information Technology
197342,ISP,Computer and Information Technology|Hosting and Cloud Provider|Internet Service Provider (ISP)|Software Development
213725,Other,IPv6 only
25314,Content/CDN,Computer and Information Technology|Hosting and Cloud Provider
213728,Unknown,
213729,Enterprise,"Computer and Information Technology|Law, Business, and Consulting Services|Online Informational Content|Service"
213734,ISP,Internet Service Provider (ISP)|Computer and Information Technology
205544,ISP,Server Hosting|Not Validating RPKI ROV|Computer and Information Technology|Software Development
205545,ISP,Not Validating RPKI ROV|Internet Service Provider (ISP)|Computer and Information Technology
49898,Other,Computer and Information Technology
197355,Other,"Investment, Portfolio Management, Pensions and Funds|Finance and Insurance"
49900,Other,Service
205548,Content/CDN,Hosting and Cloud Provider|Computer and Information Technology|Software Development
8942,Other,Real Estate (Residential and/or Commercial)|Construction and Real Estate
8943,ISP,Carrier|Not Validating RPKI ROV|Computer and Information Technology|Internet Service Provider (ISP)
205552,ISP,"Computer and Information Technology|Hosting, Cloud Provider, Data Center, Server Colocation|Retail Stores, Wholesale, and E-commerce Sites|Internet Service Provider (ISP)"
213737,Unknown,
58101,ISP,"Online Informational Content|Internet Service Provider (ISP)|Computer and Information Technology|Media, Publishing, and Broadcasting"
58102,ISP,"Media, Publishing, and Broadcasting|Retail Stores, Wholesale, and E-commerce Sites|Computer and Information Technology|Internet Service Provider (ISP)"
25335,ISP,Computer and Information Technology|Internet Service Provider (ISP)
8952,Other,Computer and Information Technology
49911,Other,"Banks, Credit Card Companies, Mortgage Providers|Finance and Insurance"
197370,Government,"Government and Public Administration|Government and Regulatory Agencies, Administrations, Departments, and Services|Government"
49915,ISP,Hosting and Cloud Provider|Internet Service Provider (ISP)|Computer and Information Technology|Software Development
213750,Unknown,
205565,ISP,Internet Service Provider (ISP)|Computer and Information Technology
205566,ISP,Computer and Information Technology|Internet Service Provider (ISP)
25343,Academic/Edu,"Colleges, Universities, and Professional Schools|Education and Research|Academic"
213755,Other,Electronics and Computer Components|Manufacturing
213756,ISP,Internet Service Provider (ISP)|Computer and Information Technology
25346,ISP,Internet Service Provider (ISP)|Computer and Information Technology
213760,Unknown,
58117,ISP,Internet Service Provider (ISP)|Software Development|Computer and Information Technology
49926,ISP,Internet Service Provider (ISP)|Community Groups and Nonprofits|Computer and Information Technology
213767,Content/CDN,"Hosting, Cloud Provider, Data Center, Server Colocation|Computer and Information Technology|Personal ASN|IPv6 only"
58120,ISP,Internet Service Provider (ISP)|Computer and Information Technology
197387,Other,Service
58124,Content/CDN,Hosting and Cloud Provider|Computer and Information Technology
213771,Eyeball,Eyeball|IPv6 only|Electronics and Computer Components|Manufacturing
49937,ISP,Computer and Information Technology|Internet Service Provider (ISP)
786,Eyeball,"Eyeball|Not Validating RPKI ROV|Education and Research|Human Rights and Social Advocacy (Human Rights, Environment and Wildlife Conservation, Other)"
205586,Other,"Human Rights and Social Advocacy (Human Rights, Environment and Wildlife Conservation, Other)|Community Groups and Nonprofits"
41751,Other,"Validating RPKI ROV|Retail Stores, Wholesale, and E-commerce Sites"
25369,ISP,Content|Validating RPKI ROV|Computer and Information Technology|Internet Service Provider (ISP)
213786,Other,Computer and Information Technology|Technology Consulting Services|Computer and Network Security
58140,Other,"Retail Stores, Wholesale, and E-commerce Sites|Clothing, Fashion, Luggage"
213790,ISP,Computer and Information Technology|Internet Service Provider (ISP)|Hosting and Cloud Provider|Tor services
197407,ISP,Internet Service Provider (ISP)|Computer and Information Technology
25376,ISP,Server Hosting|Computer and Information Technology|Hosting and Cloud Provider|Internet Service Provider (ISP)
58144,Other,"Service|Media, Publishing, and Broadcasting|Online Music and Video Streaming Services|Computer and Information Technology"
197409,ISP,"Retail Stores, Wholesale, and E-commerce Sites|Travel and Accommodation|Food Services and Drinking Places|Food, Grocery, Beverages"
205599,Other,"Retail Stores, Wholesale, and E-commerce Sites|Food, Grocery, Beverages"
58148,Other,Computer and Information Technology|IPv6 only
49958,Other,"Not Validating RPKI ROV|Casinos and Gambling|Museums, Libraries, and Entertainment"
197414,ISP,Internet Service Provider (ISP)|Computer and Information Technology|Software Development|Machinery
213798,Other,"IPv6 only|Online Informational Content|Media, Publishing, and Broadcasting|Anycast"
9002,ISP,Carrier|Validating RPKI ROV|Computer and Information Technology|Internet Service Provider (ISP)
197419,ISP,"Internet Service Provider (ISP)|Computer and Information Technology|Service|Law, Business, and Consulting Services"
213803,ISP,Internet Service Provider (ISP)|Computer and Information Technology
49967,Government,"Real Estate (Residential and/or Commercial)|Government and Regulatory Agencies, Administrations, Departments, and Services|Government and Public Administration|Community Groups and Nonprofits"
205615,Other,Finance and Insurance|Software Development|Computer and Information Technology
213809,Unknown,
9011,Government,"Government and Regulatory Agencies, Administrations, Departments, and Services|Validating RPKI ROV|Government and Public Administration"
9014,ISP,Computer and Information Technology|Internet Service Provider (ISP)|Hosting and Cloud Provider
49978,ISP,Internet Service Provider (ISP)|Computer and Information Technology
58173,ISP,Computer and Information Technology|Internet Service Provider (ISP)
205630,ISP,"Internet Service Provider (ISP)|Computer and Information Technology|Service|Media, Publishing, and Broadcasting"
213831,Other,Computer and Information Technology|Software Development|Technology Consulting Services|Personal ASN
58188,ISP,Software Development|Computer and Information Technology|Internet Service Provider (ISP)
25421,Other,"Retail Stores, Wholesale, and E-commerce Sites|Not Validating RPKI ROV"
197452,ISP,Computer and Information Technology|Internet Service Provider (ISP)
49999,Other,"Media, Publishing, and Broadcasting|Service"
205648,ISP,"Internet Service Provider (ISP)|Retail Stores, Wholesale, and E-commerce Sites|Computer and Information Technology|IPv6 only"
205649,Other,"Phone Provider|Finance and Insurance|Banks, Credit Card Companies, Mortgage Providers|Computer and Information Technology"
213840,ISP,"Internet Service Provider (ISP)|Hosting, Cloud Provider, Data Center, Server Colocation|Computer and Information Technology"
41811,ISP,Internet Service Provider (ISP)|Not Validating RPKI ROV|Computer and Information Technology
213843,Content/CDN,"Computer and Information Technology|Hosting, Cloud Provider, Data Center, Server Colocation|Electronics and Computer Components|Manufacturing"
205654,ISP,Validating RPKI ROV|Internet Service Provider (ISP)|Computer and Information Technology
213854,Government,"Service|Government and Public Administration|Buildings, Repair, Maintenance (Pest Control, Landscaping, Cleaning, Locksmiths, Car Washes, etc)|Law Enforcement, Public Safety, and Justice"
9057,ISP,Internet Service Provider (ISP)|Computer and Information Technology|Computer and Network Security
50023,ISP,Computer and Information Technology|Validating RPKI ROV|Internet Service Provider (ISP)
213863,ISP,"Computer and Information Technology|Law, Business, and Consulting Services|Internet Service Provider (ISP)|Service"
213867,ISP,Computer and Information Technology|Radio and Television Providers|Hosting and Cloud Provider|Internet Service Provider (ISP)
205676,Content/CDN,Not Validating RPKI ROV|Technology Consulting Services|Hosting and Cloud Provider|Computer and Information Technology
41839,ISP,"Service|Internet Service Provider (ISP)|Computer and Information Technology|Media, Publishing, and Broadcasting"
58223,Other,Software Development|Computer and Information Technology
58226,Other,Computer and Information Technology|Software Development
25460,ISP,Validating RPKI ROV|Computer and Information Technology|Internet Service Provider (ISP)
213877,Content/CDN,"Tor services|Electronics and Computer Components|Hosting, Cloud Provider, Data Center, Server Colocation|Computer and Information Technology"
25462,ISP,Computer and Information Technology|Internet Service Provider (ISP)|Content
41847,ISP,Internet Service Provider (ISP)|Not Validating RPKI ROV|Computer and Information Technology
25464,ISP,"Not Validating RPKI ROV|Government and Public Administration|Media, Publishing, and Broadcasting|Computer and Information Technology"
9084,Other,"Finance and Insurance|Banks, Credit Card Companies, Mortgage Providers"
205693,Government,"Not Validating RPKI ROV|Automotive and Transportation|Manufacturing|Government and Regulatory Agencies, Administrations, Departments, and Services"
9086,ISP,Computer and Information Technology|Validating RPKI ROV|Internet Service Provider (ISP)
25470,ISP,Computer and Information Technology|Internet Service Provider (ISP)
213885,Academic/Edu,Computer and Information Technology|Education and Research|Software Development
213887,ISP,Server Hosting|Computer and Information Technology|Internet Service Provider (ISP)
9090,Other,"Online Informational Content|Media, Publishing, and Broadcasting|Finance and Insurance"
213888,Content/CDN,"Hosting, Cloud Provider, Data Center, Server Colocation|Computer and Information Technology"
213889,Unknown,
213893,ISP,"Carrier|Colleges, Universities, and Professional Schools|Education and Research"
58246,ISP,"Home ISP|Validating RPKI ROV|Media, Publishing, and Broadcasting|Internet Service Provider (ISP)"
50056,ISP,VPN Host|Computer and Information Technology|Internet Service Provider (ISP)|Server Hosting
205705,ISP,"Software Development|Internet Service Provider (ISP)|Media, Publishing, and Broadcasting|Computer and Information Technology"
213897,Other,Software Development|Computer and Information Technology|IPv6 only
213898,Unknown,
50063,Other,"Food Services and Drinking Places|Retail Stores, Wholesale, and E-commerce Sites|Travel and Accommodation|Food, Grocery, Beverages"
9105,ISP,Eyeball|Not Validating RPKI ROV|Home ISP|Computer and Information Technology
213905,Content/CDN,"Hosting, Cloud Provider, Data Center, Server Colocation|Computer and Information Technology|Electronics and Computer Components|Manufacturing"
205719,Other,Computer and Information Technology|Computer and Network Security
50077,ISP,Internet Service Provider (ISP)|Computer and Information Technology
50078,Other,"Retail Stores, Wholesale, and E-commerce Sites"
58270,ISP,Computer and Information Technology|Internet Service Provider (ISP)|Software Development|IPv6 only
58273,ISP,Eyeball|Not Validating RPKI ROV|Community Groups and Nonprofits|Business Broadband
213921,Other,Computer and Information Technology|Software Development
9126,ISP,Internet Service Provider (ISP)|Hosting and Cloud Provider|Computer and Information Technology
132006,ISP,Internet Service Provider (ISP)|Computer and Information Technology
41896,ISP,Internet Service Provider (ISP)|Computer and Information Technology
205734,Other,"Motor Vehicles and Parts|Retail Stores, Wholesale, and E-commerce Sites|Automotive and Transportation|Manufacturing"
205739,ISP,Computer and Information Technology|Internet Service Provider (ISP)
58285,ISP,Not Validating RPKI ROV|Internet Service Provider (ISP)|Computer and Information Technology|Construction and Real Estate
9140,ISP,Computer and Information Technology|Validating RPKI ROV|Internet Service Provider (ISP)
205749,ISP,Computer and Information Technology|Internet Service Provider (ISP)|IPv6 only
9142,ISP,Computer and Information Technology|Validating RPKI ROV|Internet Service Provider (ISP)
205750,Enterprise,"Media, Publishing, and Broadcasting|Print Media (Newspapers, Magazines, Books)|Law, Business, and Consulting Services|Retail Stores, Wholesale, and E-commerce Sites"
197560,Content/CDN,Hosting and Cloud Provider|Software Development|Computer and Information Technology|Finance and Insurance
50108,Other,"Media, Publishing, and Broadcasting|Computer and Information Technology|Software Development|Phone Provider"
205756,Other,"Motor Vehicles and Parts|Retail Stores, Wholesale, and E-commerce Sites"
197568,ISP,Insurance Carriers and Agencies|Finance and Insurance|Computer and Information Technology
9153,ISP,Computer and Information Technology|Not Validating RPKI ROV|Internet Service Provider (ISP)
50113,Eyeball,Eyeball|Not Validating RPKI ROV|Hosting and Cloud Provider|Computer and Information Technology
58305,ISP,Eyeball|Computer and Information Technology|Internet Service Provider (ISP)
9156,Other,"Online Informational Content|Media, Publishing, and Broadcasting|Online Music and Video Streaming Services"
213955,Unknown,
205767,Other,"Investment, Portfolio Management, Pensions and Funds|Electric Power Generation, Transmission, Distribution|Utilities (Excluding Internet Service)|Finance and Insurance"
9161,ISP,Not Validating RPKI ROV|Computer and Information Technology|Internet Service Provider (ISP)|Validating RPKI ROV
25546,ISP,Computer and Information Technology|Internet Service Provider (ISP)
205771,ISP,Home ISP|Validating RPKI ROV|Computer and Information Technology|Internet Service Provider (ISP)
205772,Other,"Museums, Libraries, and Entertainment|Recreation, Sports, and Performing Arts|Casinos and Gambling"
41936,Other,Construction and Real Estate
50131,ISP,Server Hosting|Not Validating RPKI ROV|Hosting and Cloud Provider|Internet Service Provider (ISP)
50132,ISP,"Software Development|Internet Service Provider (ISP)|Computer and Information Technology|Retail Stores, Wholesale, and E-commerce Sites"
58325,Other,"Service|Validating RPKI ROV|Media, Publishing, and Broadcasting"
25562,Other,Software Development|Computer and Information Technology
9179,ISP,Hosting and Cloud Provider|Internet Service Provider (ISP)|Computer and Information Technology
197594,ISP,Internet Service Provider (ISP)|Software Development|Computer and Information Technology
213982,Other,Computer and Information Technology|Personal ASN|IPv6 only
41951,Academic/Edu,"Media, Publishing, and Broadcasting|Online Music and Video Streaming Services|Education and Research|Education Software"
58338,Other,"Retail Stores, Wholesale, and E-commerce Sites"
58339,Other,"IPv6 only|Retail Stores, Wholesale, and E-commerce Sites"
213989,Content/CDN,"Computer and Information Technology|Hosting, Cloud Provider, Data Center, Server Colocation"
213990,ISP,Internet Service Provider (ISP)|Computer and Information Technology
9191,ISP,Internet Service Provider (ISP)|Computer and Information Technology
50152,ISP,Internet Service Provider (ISP)|Computer and Information Technology
25577,ISP,Carrier|Validating RPKI ROV|Internet Service Provider (ISP)|Computer and Information Technology
50156,Enterprise,"Corporate/Enterprise|Law, Business, and Consulting Services|Service|Computer and Information Technology"
58349,ISP,Internet Service Provider (ISP)|Computer and Information Technology
25582,ISP,Internet Service Provider (ISP)|Not Validating RPKI ROV|Computer and Information Technology
205804,ISP,Server Hosting|Computer and Information Technology|Software Development|Internet Service Provider (ISP)
25585,ISP,Not Validating RPKI ROV|Computer and Information Technology|Internet Service Provider (ISP)|Home ISP
50162,ISP,Computer and Information Technology|Internet Service Provider (ISP)
25588,Content/CDN,Computer and Information Technology|Hosting and Cloud Provider
214005,Other,Computer and Information Technology
41977,Other,Computer and Information Technology|Software Development|Technology Consulting Services
50173,ISP,Computer and Information Technology|Hosting and Cloud Provider|Internet Service Provider (ISP)
214013,Unknown,
205826,Unknown,
214018,Other,IPv6 only
41988,Other,"Nursing, Residential Care Facilities, Assisted Living, and Home Health Care|Health Care Services"
214026,Other,Computer and Information Technology|Computer and Network Security
50193,ISP,Computer and Information Technology|Internet Service Provider (ISP)
205842,ISP,Computer and Information Technology|Internet Service Provider (ISP)
197651,Other,"Retail Stores, Wholesale, and E-commerce Sites"
42004,ISP,Internet Service Provider (ISP)|Not Validating RPKI ROV|Computer and Information Technology
205847,ISP,Internet Service Provider (ISP)|Validating RPKI ROV|Computer and Information Technology
42009,Other,"Service|Buildings, Repair, Maintenance (Pest Control, Landscaping, Cleaning, Locksmiths, Car Washes, etc)"
42010,ISP,Internet Service Provider (ISP)|Not Validating RPKI ROV|Computer and Information Technology
50202,ISP,Insurance Carriers and Agencies|Finance and Insurance
33820,ISP,"Chemical and Pharmaceutical Manufacturing|Finance and Insurance|Law, Business, and Consulting Services|Computer and Information Technology"
50203,ISP,Internet Service Provider (ISP)|Software Development|Computer and Information Technology
214045,Unknown,
205855,Other,"Casinos and Gambling|Museums, Libraries, and Entertainment"
9248,Other,"Food, Grocery, Beverages|Retail Stores, Wholesale, and E-commerce Sites"
197669,ISP,Validating RPKI ROV|Computer and Information Technology|Internet Service Provider (ISP)|Software Development
214055,Unknown,
214056,Other,Computer and Information Technology|Computer and Network Security
197677,Other,Computer and Information Technology
50224,Eyeball,Eyeball|Computer and Information Technology|Personal ASN
214064,Unknown,
197685,ISP,Internet Service Provider (ISP)|Computer and Information Technology|Hosting and Cloud Provider|Service
205878,Enterprise,"Service|Manufacturing|Law, Business, and Consulting Services|IPv6 only"
214073,ISP,Computer and Information Technology|Internet Service Provider (ISP)
42044,ISP,Tranco 10k Host|Computer and Information Technology|Internet Service Provider (ISP)
205885,ISP,Not Validating RPKI ROV|Internet Service Provider (ISP)|Computer and Information Technology
33854,ISP,Not Validating RPKI ROV|Internet Service Provider (ISP)|Computer and Information Technology
42046,Other,"Online Informational Content|Media, Publishing, and Broadcasting"
205886,Other,"Civil Engineering Construction (Utility Lines, Roads and Bridges)|Buildings (Residential or Commercial)|Construction and Real Estate|Real Estate (Residential and/or Commercial)"
214079,Content/CDN,Server Hosting|Content
33860,Other,Finance and Insurance
42053,Other,"Media, Publishing, and Broadcasting|Finance and Insurance|Computer and Information Technology|Banks, Credit Card Companies, Mortgage Providers"
205892,ISP,Eyeball|Computer and Information Technology|Internet Service Provider (ISP)|Business Broadband
205896,Other,"Passenger Transit (Car, Bus, Taxi, Subway)|Freight, Shipment, and Postal Services"
205897,Content/CDN,Computer and Information Technology|Hosting and Cloud Provider|IPv6 only|Server Hosting
205900,ISP,Computer and Information Technology|Service|Internet Service Provider (ISP)|Phone Provider
214098,Content/CDN,"Server Hosting|Recreation, Sports, and Performing Arts|Museums, Libraries, and Entertainment"
197715,ISP,Internet Service Provider (ISP)|Computer and Information Technology
205909,Academic/Edu,Education and Research|IPv6 only
33879,Other,Search|Computer and Information Technology
197723,Unknown,
205917,ISP,Computer and Information Technology|Not Validating RPKI ROV|Software Development|Internet Service Provider (ISP)
205918,Other,Finance and Insurance
42081,Academic/Edu,Education and Research|Online Informational Content|Research and Development Organizations|Utilities (Excluding Internet Service)
214116,ISP,Hosting and Cloud Provider|Internet Service Provider (ISP)|Software Development|Computer and Information Technology
33898,ISP,Electronics and Computer Components|Computer and Information Technology|Phone Provider|Manufacturing
205932,ISP,Internet Service Provider (ISP)|Computer and Information Technology
50287,ISP,Software Development|Computer and Information Technology|Internet Service Provider (ISP)
205936,ISP,Internet Service Provider (ISP)|Computer and Information Technology|Finance and Insurance
50292,ISP,Internet Service Provider (ISP)|Not Validating RPKI ROV|Computer and Information Technology
205944,Enterprise,"Service|Law, Business, and Consulting Services|Finance and Insurance|Investment, Portfolio Management, Pensions and Funds"
197753,Eyeball,Computer and Network Security|Software Development|Computer and Information Technology|Event
50300,ISP,Content|Validating RPKI ROV|Internet Service Provider (ISP)|Computer and Information Technology
214143,Other,Computer and Information Technology|Satellite Communication
33920,ISP,"Internet Service Provider (ISP)|Not Validating RPKI ROV|Computer and Information Technology|Military, Defense, National Security, and International Affairs"
33921,ISP,Phone Provider|Computer and Information Technology|Internet Service Provider (ISP)
214160,Other,Software Development|Computer and Information Technology|IPv6 only
42129,Content/CDN,Computer and Information Technology|Hosting and Cloud Provider
214162,Unknown,
33941,ISP,Eyeball|Validating RPKI ROV|Computer and Information Technology|Internet Service Provider (ISP)
205975,ISP,Eyeball|Validating RPKI ROV|Computer and Information Technology|Internet Service Provider (ISP)
214168,ISP,Computer and Information Technology|Internet Service Provider (ISP)|IPv6 only
50329,Academic/Edu,Education and Research
33953,Other,"Software Development|Computer and Network Security|Banks, Credit Card Companies, Mortgage Providers|Finance and Insurance"
205986,Other,Computer and Information Technology
214177,Other,"Investment, Portfolio Management, Pensions and Funds|Finance and Insurance"
205996,ISP,Carrier|Computer and Information Technology|Internet Service Provider (ISP)
214188,Content/CDN,"Computer and Information Technology|Hosting, Cloud Provider, Data Center, Server Colocation"
33967,Government,"Government and Public Administration|Government and Regulatory Agencies, Administrations, Departments, and Services|Government"
33968,ISP,Internet Service Provider (ISP)|Hosting and Cloud Provider|Software Development|Computer and Information Technology
206000,ISP,"Computer and Information Technology|Retail Stores, Wholesale, and E-commerce Sites|Finance and Insurance|Insurance Carriers and Agencies"
33970,ISP,Computer and Information Technology|Internet Service Provider (ISP)
206003,ISP,Internet Service Provider (ISP)|Computer and Information Technology
33975,ISP,Computer and Information Technology|Hosting and Cloud Provider|Internet Service Provider (ISP)
214199,Content/CDN,"Software Development|Computer and Information Technology|Service|Law, Business, and Consulting Services"
50363,ISP,Internet Service Provider (ISP)|Finance and Insurance|Computer and Information Technology
33981,Other,"Finance and Insurance|Software Development|Computer and Information Technology|Banks, Credit Card Companies, Mortgage Providers"
42173,Other,"Media, Publishing, and Broadcasting|Service"
206016,Other,Finance and Insurance|Chemical and Pharmaceutical Manufacturing|Manufacturing
214214,Enterprise,"Service|Law, Business, and Consulting Services|Media, Publishing, and Broadcasting|Retail Stores, Wholesale, and E-commerce Sites"
206024,ISP,Not Validating RPKI ROV|Insurance Carriers and Agencies|Manufacturing|Service
197839,Enterprise,"Law, Business, and Consulting Services|Service"
42192,ISP,"Internet Service Provider (ISP)|Computer and Information Technology|Law, Business, and Consulting Services|Service"
50385,Other,"Anycast|Museums, Libraries, and Entertainment"
206033,Enterprise,"Content|Computer and Information Technology|Service|Law, Business, and Consulting Services"
206036,Other,Service
214228,Other,Service
50391,Eyeball,Eyeball|Computer and Information Technology|Server Hosting
17626,ISP,Computer and Information Technology|Internet Service Provider (ISP)
34010,ISP,Internet Service Provider (ISP)|Computer and Information Technology
197852,Other,"Investment, Portfolio Management, Pensions and Funds|Finance and Insurance|Banks, Credit Card Companies, Mortgage Providers"
214238,Other,Computer and Information Technology
214240,Unknown,
206049,ISP,Internet Service Provider (ISP)|Computer and Information Technology
214242,Other,IPv6 only|Computer and Information Technology|Software Development
197860,Content/CDN,"Computer and Information Technology|Hosting, Cloud Provider, Data Center, Server Colocation"
42214,Other,Anycast|Computer and Information Technology
42217,Other,"Construction and Real Estate|Museums, Libraries, and Entertainment|Real Estate (Residential and/or Commercial)|Travel and Accommodation"
34026,ISP,Internet Service Provider (ISP)|Computer and Information Technology
50412,Other,"Human Rights and Social Advocacy (Human Rights, Environment and Wildlife Conservation, Other)|Construction and Real Estate|Community Groups and Nonprofits"
206062,ISP,Computer and Information Technology|Internet Service Provider (ISP)
197872,Other,"Software Development|Phone Provider|Media, Publishing, and Broadcasting|Computer and Information Technology"
50419,Enterprise,"Service|Law, Business, and Consulting Services"
42228,ISP,Internet Service Provider (ISP)|Not Validating RPKI ROV|Computer and Information Technology
206067,ISP,Eyeball|Validating RPKI ROV|Internet Service Provider (ISP)|Computer and Information Technology
50422,ISP,Internet Service Provider (ISP)|Computer and Information Technology
206069,Other,"Postal Services and Couriers|Freight, Shipment, and Postal Services|Passenger Transit (Car, Bus, Taxi, Subway)|Trucking"
206071,Other,"Phone Provider|Software Development|Media, Publishing, and Broadcasting|Computer and Information Technology"
34041,Academic/Edu,"Human Rights and Social Advocacy (Human Rights, Environment and Wildlife Conservation, Other)|Community Groups and Nonprofits|Health Care Services|Education and Research"
206074,ISP,Computer and Information Technology|Internet Service Provider (ISP)|IPv6 only
214260,Other,Computer and Information Technology
42237,ISP,Server Hosting|Not Validating RPKI ROV|Computer and Information Technology|Internet Service Provider (ISP)
206078,ISP,Internet Service Provider (ISP)|Not Validating RPKI ROV|Computer and Information Technology
214271,ISP,Internet Service Provider (ISP)|Computer and Information Technology
50432,ISP,Internet Service Provider (ISP)|Computer and Information Technology
214280,Content/CDN,"Computer and Information Technology|Electronics and Computer Components|Manufacturing|Hosting, Cloud Provider, Data Center, Server Colocation"
197898,ISP,Internet Service Provider (ISP)|Validating RPKI ROV|Computer and Information Technology|Hosting and Cloud Provider
206092,ISP,Eyeball|Validating RPKI ROV|Computer and Information Technology|Internet Service Provider (ISP)
50445,Other,"Service|Media, Publishing, and Broadcasting|Computer and Information Technology"
214284,ISP,Computer and Information Technology|Internet Service Provider (ISP)
214285,Unknown,
206097,ISP,Computer and Information Technology|Internet Service Provider (ISP)
34066,ISP,Internet Service Provider (ISP)|Computer and Information Technology
214293,Content/CDN,"Hosting, Cloud Provider, Data Center, Server Colocation|Computer and Information Technology"
214294,Other,"Museums, Libraries, and Entertainment|Online Informational Content|Media, Publishing, and Broadcasting|Recreation, Sports, and Performing Arts"
214295,Other,"Media, Publishing, and Broadcasting"
197913,ISP,Computer and Information Technology|Internet Service Provider (ISP)
50461,Other,Technology Consulting Services|Computer and Information Technology
34079,Academic/Edu,"Colleges, Universities, and Professional Schools|Community Groups and Nonprofits|Human Rights and Social Advocacy (Human Rights, Environment and Wildlife Conservation, Other)|Education and Research"
42271,ISP,Computer and Information Technology|Internet Service Provider (ISP)|Hosting and Cloud Provider
34082,Other,"Service|Media, Publishing, and Broadcasting"
214307,Unknown,
50468,ISP,Computer and Information Technology|Internet Service Provider (ISP)
214309,Other,"Museums, Libraries, and Entertainment|Recreation, Sports, and Performing Arts"
214311,Other,"Media, Publishing, and Broadcasting|Online Informational Content"
214314,Other,Construction and Real Estate
214315,Other,Construction and Real Estate
34099,Other,"Travel and Accommodation|Computer and Information Technology|Software Development|Media, Publishing, and Broadcasting"
214323,Other,"Museums, Libraries, and Entertainment"
206134,ISP,Tor services|Not Validating RPKI ROV|Internet Service Provider (ISP)|Service
206136,ISP,"Online Informational Content|Internet Service Provider (ISP)|Software Development|Media, Publishing, and Broadcasting"
50489,ISP,"Community Groups and Nonprofits|Computer and Information Technology|Human Rights and Social Advocacy (Human Rights, Environment and Wildlife Conservation, Other)|Hosting and Cloud Provider"
214332,ISP,Computer and Information Technology|Internet Service Provider (ISP)|Hosting and Cloud Provider
206143,ISP,Internet Service Provider (ISP)|Computer and Information Technology
206144,ISP,Computer and Information Technology|Internet Service Provider (ISP)|Online Informational Content|Software Development
42305,ISP,Computer and Information Technology|Internet Service Provider (ISP)
206146,Other,"Banks, Credit Card Companies, Mortgage Providers|Software Development|Service|Computer and Information Technology"
9540,ISP,Computer and Information Technology|Internet Service Provider (ISP)|Software Development
197958,ISP,Computer and Information Technology|Internet Service Provider (ISP)
34119,ISP,Content|Not Validating RPKI ROV|Computer and Information Technology|Internet Service Provider (ISP)
206150,ISP,Computer and Information Technology|Internet Service Provider (ISP)
214347,Unknown,
50510,Other,Community Groups and Nonprofits|Health Care Services
214351,Other,Computer and Network Security|Computer and Information Technology
206160,Other,"Online Informational Content|Media, Publishing, and Broadcasting|Personal ASN"
206164,Other,Finance and Insurance|Anycast
34134,ISP,Validating RPKI ROV|Computer and Information Technology|Internet Service Provider (ISP)
206166,Other,"Finance and Insurance|Investment, Portfolio Management, Pensions and Funds"
197976,Other,"Casinos and Gambling|Museums, Libraries, and Entertainment"
42330,ISP,Eyeball|Computer and Information Technology|Internet Service Provider (ISP)
42332,ISP,Software Development|Computer and Information Technology|Internet Service Provider (ISP)
214365,Content/CDN,Computer and Information Technology|Server Hosting|Content
50534,ISP,Computer and Information Technology|Internet Service Provider (ISP)
42344,ISP,Internet Service Provider (ISP)|Computer and Information Technology
206187,Other,Finance and Insurance
9580,Academic/Edu,Validating RPKI ROV|Education and Research
34158,Other,"Online Informational Content|Online Music and Video Streaming Services|Media, Publishing, and Broadcasting"
42353,ISP,Computer and Information Technology|Internet Service Provider (ISP)
42359,ISP,Internet Service Provider (ISP)|Computer and Information Technology
198010,Other,"Retail Stores, Wholesale, and E-commerce Sites"
206202,ISP,Internet Service Provider (ISP)|Computer and Information Technology|IPv6 only
34178,Government,"Computer and Information Technology|Computer and Network Security|Military, Defense, National Security, and International Affairs|Government and Public Administration"
206210,Other,Computer and Information Technology
214402,Eyeball,Eyeball
214409,Content/CDN,"Hosting, Cloud Provider, Data Center, Server Colocation|Computer and Information Technology"
206223,Other,Service
198032,Academic/Edu,Education and Research
214416,Unknown,
214420,Eyeball,Eyeball|Computer and Information Technology|Personal ASN|IPv6 only
198037,Content/CDN,"Content|Hosting, Cloud Provider, Data Center, Server Colocation|Computer and Information Technology|Server Hosting"
206229,Other,"Utilities (Excluding Internet Service)|Agriculture, Mining, and Refineries (Farming, Greenhouses, Mining, Forestry, and Animal Farming)"
206232,ISP,Computer and Information Technology|Internet Service Provider (ISP)|Phone Provider
214424,Other,Computer and Information Technology|Software Development
34202,ISP,"Online Informational Content|Media, Publishing, and Broadcasting|Software Development|Internet Service Provider (ISP)"
214425,Unknown,
214426,Unknown,
206237,Other,"Finance and Insurance|Banks, Credit Card Companies, Mortgage Providers"
214432,Content/CDN,"Hosting, Cloud Provider, Data Center, Server Colocation|Computer and Information Technology|Manufacturing|Electronics and Computer Components"
206245,ISP,Computer and Information Technology|Not Validating RPKI ROV|Internet Service Provider (ISP)
206246,Other,Finance and Insurance
214437,ISP,Internet Service Provider (ISP)|Computer and Information Technology
214438,ISP,Internet Service Provider (ISP)|Computer and Information Technology
42412,Other,Service
50605,Unknown,
198063,Enterprise,"Service|Media, Publishing, and Broadcasting|Law, Business, and Consulting Services"
214451,Other,"Personal ASN|Online Informational Content|Media, Publishing, and Broadcasting"
214453,Other,"Online Informational Content|Media, Publishing, and Broadcasting|Retail Stores, Wholesale, and E-commerce Sites|Computer and Information Technology"
198071,Unknown,
214455,ISP,Internet Service Provider (ISP)|Computer and Information Technology|Content
50617,Other,Hospitals and Medical Centers|Computer and Information Technology|Health Care Services
214457,Enterprise,"Service|Law, Business, and Consulting Services|Computer and Information Technology|IPv6 only"
42427,Government,"Software Development|Government and Public Administration|Accountants, Tax Preparers, Payroll Services|Service"
206269,Other,"Real Estate (Residential and/or Commercial)|Construction and Real Estate|Freight, Shipment, and Postal Services|Personal ASN"
214462,Unknown,
214471,Unknown,
50632,ISP,Computer and Information Technology|Internet Service Provider (ISP)|Software Development
214480,ISP,Content|Internet Service Provider (ISP)|Computer and Information Technology|Server Hosting
206289,Other,"Finance and Insurance|Banks, Credit Card Companies, Mortgage Providers"
198100,Unknown,
198104,ISP,"Internet Service Provider (ISP)|Media, Publishing, and Broadcasting|Computer and Information Technology"
42457,Other,Computer and Information Technology
206300,Other,Computer and Network Security|Computer and Information Technology
34270,ISP,Internet Service Provider (ISP)|Not Validating RPKI ROV|Computer and Information Technology
50656,ISP,Computer and Information Technology|Service|Software Development|Internet Service Provider (ISP)
42465,Government,"Computer and Network Security|Military, Defense, National Security, and International Affairs|Government and Public Administration|Software Development"
42466,Enterprise,"Computer and Information Technology|Service|Law, Business, and Consulting Services"
206307,ISP,Internet Service Provider (ISP)|Computer and Information Technology|Phone Provider|Search
214496,Unknown,
214498,ISP,Internet Service Provider (ISP)|Computer and Information Technology
34282,Content/CDN,Content|Not Validating RPKI ROV|Hosting and Cloud Provider|Computer and Information Technology
148971,Other,IPv6 only
214506,Unknown,
42479,ISP,Internet Service Provider (ISP)|Software Development|Computer and Information Technology
214512,Unknown,
214514,Eyeball,Personal ASN|IPv6 only|Eyeball
206324,ISP,Internet Service Provider (ISP)|Computer and Information Technology
214519,Other,"Finance and Insurance|Investment, Portfolio Management, Pensions and Funds"
198136,ISP,Internet Service Provider (ISP)|Construction and Real Estate|Computer and Information Technology
206332,ISP,Computer and Information Technology|Internet Service Provider (ISP)
198142,Academic/Edu,Not Validating RPKI ROV|Education and Research|Elementary and Secondary Schools|Government and Public Administration
206335,Enterprise,"Service|Law, Business, and Consulting Services"
214534,Unknown,
50697,Other,Computer and Information Technology|Computer and Network Security
206347,ISP,Home ISP|Validating RPKI ROV|Internet Service Provider (ISP)|Phone Provider
206352,ISP,Computer and Information Technology|Internet Service Provider (ISP)
42513,Other,Service
214544,Other,Computer and Information Technology
206357,ISP,Computer and Information Technology|Internet Service Provider (ISP)
50711,ISP,Internet Service Provider (ISP)|Computer and Information Technology
214555,Enterprise,"Computer and Information Technology|Service|Law, Business, and Consulting Services"
214557,Content/CDN,"Hosting, Cloud Provider, Data Center, Server Colocation|Computer and Information Technology"
214558,Unknown,
214559,Unknown,
206371,ISP,Computer and Information Technology|Internet Service Provider (ISP)
206372,ISP,"Internet Service Provider (ISP)|Finance and Insurance|Accountants, Tax Preparers, Payroll Services|Computer and Information Technology"
214565,Enterprise,"Content|Service|Law, Business, and Consulting Services"
214566,Content/CDN,"Manufacturing|Hosting, Cloud Provider, Data Center, Server Colocation|Computer and Information Technology|Electronics and Computer Components"
34344,Other,"Freight, Shipment, and Postal Services|Water Transportation"
42536,Enterprise,"Investment, Portfolio Management, Pensions and Funds|Accountants, Tax Preparers, Payroll Services|Law, Business, and Consulting Services|Service"
34350,ISP,Computer and Information Technology|Health Care Services|Internet Service Provider (ISP)
42543,ISP,"Banks, Credit Card Companies, Mortgage Providers|Internet Service Provider (ISP)|Finance and Insurance|Computer and Information Technology"
214579,Unknown,
50743,ISP,Software Development|Internet Service Provider (ISP)|Computer and Information Technology|Eyeball
206392,Eyeball,"Finance and Insurance|Banks, Credit Card Companies, Mortgage Providers|IPv6 only|Eyeball"
214583,Unknown,
9786,Content/CDN,Computer and Information Technology|Hosting and Cloud Provider
50746,ISP,Validating RPKI ROV|Internet Service Provider (ISP)|Software Development|Computer and Information Technology
206397,Content/CDN,Computer and Information Technology|Hosting and Cloud Provider
214590,Other,Computer and Information Technology
214592,Other,IPv6 only
214594,Unknown,
214595,Unknown,
214596,Unknown,
42565,Other,"Online Informational Content|Media, Publishing, and Broadcasting"
206405,ISP,Computer and Information Technology|Internet Service Provider (ISP)
214599,Unknown,
214600,Unknown,
214602,Content/CDN,"IPv6 only|Service|Law, Business, and Consulting Services|Museums, Libraries, and Entertainment"
198219,Eyeball,Eyeball|Personal ASN|Buildings (Residential or Commercial)|Construction and Real Estate
198220,ISP,Computer and Information Technology|Internet Service Provider (ISP)|Hosting and Cloud Provider|Software Development
206411,Other,"Construction and Real Estate|Buildings (Residential or Commercial)|Civil Engineering Construction (Utility Lines, Roads and Bridges)"
198222,Academic/Edu,"Other Schools, Instruction, and Exam Preparation (Trade Schools, Art Schools, Driving Instruction, etc.)|Colleges, Universities, and Professional Schools|Education and Research"
214604,Unknown,
214605,Unknown,
214606,Other,"Community Groups and Nonprofits|Search|Human Rights and Social Advocacy (Human Rights, Environment and Wildlife Conservation, Other)|Computer and Information Technology"
42579,ISP,Computer and Information Technology|Internet Service Provider (ISP)
50773,Other,Computer and Information Technology|Software Development
198231,ISP,Internet Service Provider (ISP)|Computer and Information Technology
214618,Other,Anycast|Computer and Network Security|Computer and Information Technology
206427,Other,"Metal, Glass, Wood, and Paper Manufacturing|Buildings (Residential or Commercial)|Civil Engineering Construction (Utility Lines, Roads and Bridges)|Construction and Real Estate"
214627,ISP,Internet Service Provider (ISP)|Computer and Information Technology
50788,ISP,Internet Service Provider (ISP)|Software Development|Computer and Information Technology
34406,ISP,Hosting and Cloud Provider|Internet Service Provider (ISP)|Computer and Information Technology
34407,Other,Service
198250,ISP,"Retail Stores, Wholesale, and E-commerce Sites|Computer and Information Technology|Internet Service Provider (ISP)|Civil Engineering Construction (Utility Lines, Roads and Bridges)"
214634,Eyeball,"Law, Business, and Consulting Services|Service|Eyeball"
34413,ISP,"Media, Publishing, and Broadcasting|Computer and Information Technology|Online Informational Content|Internet Service Provider (ISP)"
214637,Other,"Media, Publishing, and Broadcasting"
50799,Other,Software Development|Computer and Information Technology
42611,ISP,Home ISP|Computer and Information Technology|Internet Service Provider (ISP)|Business Broadband
50807,ISP,"Content|Service|Media, Publishing, and Broadcasting|Internet Service Provider (ISP)"
214647,Unknown,
206457,Other,"Computer and Information Technology|Software Development|Phone Provider|Media, Publishing, and Broadcasting"
214654,Unknown,
206467,Other,Not Validating RPKI ROV|Service
214661,Content/CDN,"Hosting, Cloud Provider, Data Center, Server Colocation|Electronics and Computer Components|Computer and Information Technology|Manufacturing"
50823,ISP,Internet Service Provider (ISP)|Computer and Information Technology|Server Hosting|Content
214663,Content/CDN,"Hosting, Cloud Provider, Data Center, Server Colocation|Computer and Information Technology"
214665,Other,"Recreation, Sports, and Performing Arts|Museums, Libraries, and Entertainment"
34442,ISP,Server Hosting|Not Validating RPKI ROV|Computer and Information Technology|Internet Service Provider (ISP)
42635,Other,Computer and Information Technology
50826,Other,"Finance and Insurance|Banks, Credit Card Companies, Mortgage Providers"
214670,Other,"Media, Publishing, and Broadcasting|Online Informational Content"
206479,Other,Computer and Information Technology|Service|Content
214672,Other,IPv6 only
206483,ISP,Phone Provider|Computer and Information Technology|Internet Service Provider (ISP)|Software Development
206490,Government,"Government and Regulatory Agencies, Administrations, Departments, and Services|Government and Public Administration|Government"
198299,Other,Computer and Information Technology
198300,Other,Construction and Real Estate
198306,ISP,"Insurance Carriers and Agencies|Investment, Portfolio Management, Pensions and Funds|Finance and Insurance"
206499,ISP,Content|Internet Service Provider (ISP)|Computer and Information Technology|Server Hosting
198312,ISP,Computer and Network Security|Internet Service Provider (ISP)|Computer and Information Technology
198313,ISP,Computer and Information Technology|Internet Service Provider (ISP)
206509,ISP,Validating RPKI ROV|Internet Service Provider (ISP)|Community Groups and Nonprofits|Computer and Information Technology
206512,Content/CDN,Not Validating RPKI ROV|Hosting and Cloud Provider|Computer and Information Technology
214705,Other,Computer and Network Security|Computer and Information Technology
149172,Content/CDN,"Computer and Information Technology|Hosting, Cloud Provider, Data Center, Server Colocation|IPv6 only"
50871,ISP,"Internet Service Provider (ISP)|Human Rights and Social Advocacy (Human Rights, Environment and Wildlife Conservation, Other)|Community Groups and Nonprofits|Computer and Information Technology"
198328,ISP,"Internet Service Provider (ISP)|Online Informational Content|Media, Publishing, and Broadcasting|Computer and Information Technology"
214713,Unknown,
214714,Unknown,
214715,Unknown,
198332,Other,Other
214716,Content/CDN,"Content|Media, Publishing, and Broadcasting|Online Informational Content|Server Hosting"
42689,ISP,Eyeball|Not Validating RPKI ROV|Internet Service Provider (ISP)|Computer and Information Technology
50882,ISP,Computer and Information Technology|Internet Service Provider (ISP)
34499,ISP,Internet Service Provider (ISP)|Hosting and Cloud Provider|Computer and Information Technology
198337,Content/CDN,"Not Validating RPKI ROV|Software Development|Finance and Insurance|Retail Stores, Wholesale, and E-commerce Sites"
206530,ISP,Eyeball|Computer and Information Technology|Internet Service Provider (ISP)
214722,Enterprise,"Computer and Information Technology|Software Development|Service|Law, Business, and Consulting Services"
50888,ISP,Computer and Information Technology|Internet Service Provider (ISP)
50889,ISP,"Content|Validating RPKI ROV|Museums, Libraries, and Entertainment|Electronics and Computer Components"
214731,Eyeball,Eyeball|Satellite Communication|Computer and Information Technology|IPv6 only
198351,ISP,"Computer and Information Technology|Internet Service Provider (ISP)|Media, Publishing, and Broadcasting"
42705,ISP,Computer and Information Technology|Validating RPKI ROV|Internet Service Provider (ISP)
198353,ISP,Computer and Information Technology|Internet Service Provider (ISP)
206547,Other,Technology Consulting Services|Software Development|Computer and Information Technology
214745,Unknown,
198362,Academic/Edu,Education and Research
34523,ISP,Computer and Information Technology|Internet Service Provider (ISP)
214749,ISP,"Personal ASN|Hosting, Cloud Provider, Data Center, Server Colocation|Computer and Information Technology|Internet Service Provider (ISP)"
50910,Other,Computer and Information Technology
206573,ISP,"Hosting and Cloud Provider|Internet Service Provider (ISP)|Software Development|Retail Stores, Wholesale, and E-commerce Sites"
198382,Other,Computer and Information Technology
206576,ISP,Not Validating RPKI ROV|Internet Service Provider (ISP)|Computer and Information Technology|Education and Research
50930,ISP,"Internet Service Provider (ISP)|Hosting and Cloud Provider|Government and Public Administration|Military, Defense, National Security, and International Affairs"
198386,ISP,Health Care Services|Internet Service Provider (ISP)|Software Development|Finance and Insurance
214770,Other,Health Care Services
50935,Content/CDN,Computer and Information Technology|Hosting and Cloud Provider
34555,ISP,Content|Validating RPKI ROV|Computer and Information Technology|Internet Service Provider (ISP)
132865,ISP,Computer and Information Technology|Internet Service Provider (ISP)
50948,ISP,Service|Software Development|Computer and Information Technology|Internet Service Provider (ISP)
42761,Other,"Finance and Insurance|Retail Stores, Wholesale, and E-commerce Sites|Banks, Credit Card Companies, Mortgage Providers|Merchant Wholesalers"
198412,ISP,Anycast|Hosting and Cloud Provider|Internet Service Provider (ISP)|Software Development
50957,ISP,Computer and Information Technology|Internet Service Provider (ISP)|Hosting and Cloud Provider
42775,Content/CDN,"VPN Host|Freight, Shipment, and Postal Services|Hosting and Cloud Provider|Computer and Information Technology"
214808,Unknown,
198426,ISP,Not Validating RPKI ROV|Computer and Information Technology|Internet Service Provider (ISP)
34587,Content/CDN,Computer and Information Technology|Hosting and Cloud Provider
50972,Other,"Retail Stores, Wholesale, and E-commerce Sites|Food, Grocery, Beverages|Online Informational Content|Online Music and Video Streaming Services"
214811,Other,"Casinos and Gambling|Museums, Libraries, and Entertainment"
206626,ISP,Validating RPKI ROV|Not Validating RPKI ROV|Computer and Information Technology|Internet Service Provider (ISP)
214818,Eyeball,IPv6 only|Personal ASN|Eyeball
214819,Unknown,
206629,Government,"Law, Business, and Consulting Services|Service|Government"
214820,Unknown,
198440,ISP,Eyeball|Not Validating RPKI ROV|Computer and Information Technology|Internet Service Provider (ISP)
50985,Other,"Software Development|Media, Publishing, and Broadcasting|Phone Provider|Computer and Information Technology"
206634,Other,"Service|Media, Publishing, and Broadcasting"
214826,Unknown,
206637,ISP,"Computer and Information Technology|Military, Defense, National Security, and International Affairs|Internet Service Provider (ISP)|Computer and Network Security"
214834,Content/CDN,Server Hosting|Content
34611,Other,"Retail Stores, Wholesale, and E-commerce Sites"
214835,ISP,"Computer and Information Technology|Hosting, Cloud Provider, Data Center, Server Colocation|Internet Service Provider (ISP)"
1849,ISP,Computer and Information Technology|Internet Service Provider (ISP)|Phone Provider
206650,Enterprise,"Software Development|Service|Computer and Information Technology|Law, Business, and Consulting Services"
51005,ISP,"Service|Media, Publishing, and Broadcasting|Computer and Information Technology|Internet Service Provider (ISP)"
34623,Government,"Government and Public Administration|Military, Defense, National Security, and International Affairs|Computer and Information Technology"
34625,ISP,Internet Service Provider (ISP)|Computer and Information Technology
198466,Other,"Online Informational Content|Media, Publishing, and Broadcasting|Museums, Libraries, and Entertainment"
198472,Government,Government and Public Administration|Government
206664,ISP,"Internet Service Provider (ISP)|Investment, Portfolio Management, Pensions and Funds|Software Development|Finance and Insurance"
214861,Other,"Electronics and Computer Components|Museums, Libraries, and Entertainment|Recreation, Sports, and Performing Arts|Manufacturing"
42831,ISP,Content|Validating RPKI ROV|Computer and Information Technology|Hosting and Cloud Provider
34640,Other,Finance and Insurance|Computer and Information Technology|Software Development
206671,ISP,Computer and Information Technology|Internet Service Provider (ISP)|Personal ASN
51031,ISP,Computer and Information Technology|Internet Service Provider (ISP)|Eyeball
34649,ISP,Computer and Information Technology|Internet Service Provider (ISP)|Hosting and Cloud Provider
206681,Enterprise,"Law, Business, and Consulting Services|Service"
206682,ISP,Computer and Information Technology|Internet Service Provider (ISP)|Software Development
34654,ISP,Internet Service Provider (ISP)|Computer and Information Technology
206686,ISP,Internet Service Provider (ISP)|Computer and Information Technology|Hosting and Cloud Provider
206688,Other,"Investment, Portfolio Management, Pensions and Funds|Finance and Insurance"
206689,Content/CDN,Software Development|Hosting and Cloud Provider|Finance and Insurance|Computer and Information Technology
206690,Content/CDN,Finance and Insurance|Computer and Information Technology|Software Development|Hosting and Cloud Provider
51043,ISP,Eyeball|Validating RPKI ROV|Computer and Information Technology|Internet Service Provider (ISP)
34660,ISP,Computer and Information Technology|Validating RPKI ROV|Internet Service Provider (ISP)|Content
42853,ISP,Computer and Information Technology|Internet Service Provider (ISP)
214880,Unknown,
51047,ISP,Internet Service Provider (ISP)|Computer and Information Technology|Software Development|Hosting and Cloud Provider
51048,ISP,Carrier|Validating RPKI ROV|Computer and Network Security|Internet Service Provider (ISP)
214894,Unknown,
51055,ISP,Computer and Information Technology|Not Validating RPKI ROV|Internet Service Provider (ISP)
34675,ISP,Computer and Information Technology|Internet Service Provider (ISP)
51059,ISP,Content|Internet Service Provider (ISP)|Computer and Information Technology|Software Development
51063,ISP,Internet Service Provider (ISP)|Computer and Information Technology
42875,ISP,Software Development|Computer and Information Technology|Internet Service Provider (ISP)
206715,Content/CDN,"Server Hosting|Retail Stores, Wholesale, and E-commerce Sites|Food, Grocery, Beverages|Clothing, Fashion, Luggage"
214910,Other,"Investment, Portfolio Management, Pensions and Funds|Software Development|Accountants, Tax Preparers, Payroll Services|Finance and Insurance"
42880,Content/CDN,Computer and Information Technology|Hosting and Cloud Provider
34693,Other,Software Development|Finance and Insurance|Computer and Information Technology
34697,ISP,Software Development|Electronics and Computer Components|Computer and Information Technology|Manufacturing
51082,ISP,Computer and Information Technology|Internet Service Provider (ISP)
214924,Unknown,
206733,Content/CDN,Finance and Insurance|Hosting and Cloud Provider|Software Development|Computer and Information Technology
51087,ISP,"Carrier|Banks, Credit Card Companies, Mortgage Providers|Finance and Insurance|Validating RPKI ROV"
214927,Academic/Edu,"Colleges, Universities, and Professional Schools|Education and Research"
214931,Other,Personal ASN|IPv6 only|Computer and Information Technology|Software Development
42902,ISP,"Internet Service Provider (ISP)|Software Development|Media, Publishing, and Broadcasting|Computer and Information Technology"
206745,Content/CDN,"Computer and Information Technology|Electronics and Computer Components|Hosting, Cloud Provider, Data Center, Server Colocation|Manufacturing"
198554,ISP,Anycast|Computer and Information Technology|Internet Service Provider (ISP)|Software Development
206747,Government,"Government and Regulatory Agencies, Administrations, Departments, and Services|Government and Public Administration"
34716,Content/CDN,"Computer and Information Technology|Law, Business, and Consulting Services|Hosting, Cloud Provider, Data Center, Server Colocation|Service"
42909,ISP,Content|Internet Service Provider (ISP)|Service|Computer and Network Security
51100,Other,"Media, Publishing, and Broadcasting|Online Informational Content|Construction and Real Estate|Agriculture, Mining, and Refineries (Farming, Greenhouses, Mining, Forestry, and Animal Farming)"
206754,Academic/Edu,Education and Research|Personal ASN|Validating RPKI ROV
214947,Content/CDN,Hosting and Cloud Provider|Computer and Information Technology
198567,Other,"Investment, Portfolio Management, Pensions and Funds|Banks, Credit Card Companies, Mortgage Providers|Finance and Insurance"
34728,ISP,Finance and Insurance|Computer and Information Technology|Health Care Services|Internet Service Provider (ISP)
34737,Government,"Computer and Information Technology|Computer and Network Security|Military, Defense, National Security, and International Affairs|Government and Public Administration"
206773,Academic/Edu,"Education and Research|Law, Business, and Consulting Services|Service"
34745,ISP,Manufacturing|Computer and Information Technology|Internet Service Provider (ISP)|Electronics and Computer Components
34746,Other,Computer and Information Technology|Not Validating RPKI ROV
214974,ISP,"Computer and Information Technology|Law, Business, and Consulting Services|Internet Service Provider (ISP)|Service"
42944,Enterprise,"Museums, Libraries, and Entertainment|Service|Recreation, Sports, and Performing Arts|Media, Publishing, and Broadcasting"
42952,Other,"Museums, Libraries, and Entertainment|Recreation, Sports, and Performing Arts|Health Care Services"
206792,Other,"Online Informational Content|Media, Publishing, and Broadcasting|IPv6 only|Personal ASN"
214984,Content/CDN,"Hosting, Cloud Provider, Data Center, Server Colocation|Computer and Information Technology"
206798,ISP,Software Development|Internet Service Provider (ISP)|Hosting and Cloud Provider|Computer and Information Technology
206800,Other,"Computer and Information Technology|Phone Provider|Software Development|Media, Publishing, and Broadcasting"
51159,ISP,"Computer and Information Technology|Not Validating RPKI ROV|Media, Publishing, and Broadcasting|Service"
215000,ISP,Internet Service Provider (ISP)|Computer and Information Technology
215002,Other,Computer and Information Technology|IPv6 only
215003,ISP,"Computer and Information Technology|Internet Service Provider (ISP)|Retail Stores, Wholesale, and E-commerce Sites|Hosting, Cloud Provider, Data Center, Server Colocation"
133084,Academic/Edu,"Human Rights and Social Advocacy (Human Rights, Environment and Wildlife Conservation, Other)|Community Groups and Nonprofits|Education and Research"
42973,ISP,Eyeball|Validating RPKI ROV|Internet Service Provider (ISP)|Computer and Information Technology
215005,Unknown,
198623,ISP,Computer and Information Technology|Internet Service Provider (ISP)
215008,ISP,Computer and Information Technology|Internet Service Provider (ISP)
51170,ISP,Phone Provider|Computer and Information Technology|Internet Service Provider (ISP)|Software Development
198628,Other,Software Development|Computer and Information Technology|Finance and Insurance|Community Groups and Nonprofits
215012,Content/CDN,Hosting and Cloud Provider|Computer and Information Technology
34790,ISP,Computer and Information Technology|Not Validating RPKI ROV|Internet Service Provider (ISP)
206822,ISP,"Computer and Information Technology|Software Development|Online Informational Content|Media, Publishing, and Broadcasting"
42987,ISP,"Internet Service Provider (ISP)|Media, Publishing, and Broadcasting|Computer and Information Technology"
198636,Content/CDN,"Hosting, Cloud Provider, Data Center, Server Colocation|Computer and Information Technology"
215022,Other,IPv6 only
215023,ISP,Internet Service Provider (ISP)|Computer and Information Technology
43006,ISP,Internet Service Provider (ISP)|Computer and Information Technology
34816,Other,Computer and Information Technology|Computer and Network Security|Health Care Services
43009,ISP,"Computer and Information Technology|Internet Service Provider (ISP)|Service|Media, Publishing, and Broadcasting"
206848,ISP,"Computer and Information Technology|Software Development|Online Informational Content|Media, Publishing, and Broadcasting"
59395,ISP,Computer and Information Technology|Not Validating RPKI ROV|Internet Service Provider (ISP)
43013,ISP,Computer and Information Technology|Internet Service Provider (ISP)
215047,ISP,Computer and Information Technology|Internet Service Provider (ISP)
59402,ISP,Computer and Information Technology|Internet Service Provider (ISP)|Software Development
34827,Academic/Edu,Education and Research
51212,Other,"Retail Stores, Wholesale, and E-commerce Sites|Service|Software Development|Media, Publishing, and Broadcasting"
59410,ISP,Computer and Information Technology|Internet Service Provider (ISP)
215058,ISP,"Retail Stores, Wholesale, and E-commerce Sites|Hosting, Cloud Provider, Data Center, Server Colocation|Internet Service Provider (ISP)|Computer and Information Technology"
51221,Other,Finance and Insurance
51222,Other,Not Validating RPKI ROV|Finance and Insurance|Computer and Information Technology
206870,Other,Service
215066,ISP,Eyeball|Computer and Information Technology|Business Broadband|Home ISP
206877,Content/CDN,"Computer and Information Technology|Hosting, Cloud Provider, Data Center, Server Colocation|IPv6 only"
34846,Other,"Online Informational Content|Museums, Libraries, and Entertainment|Music and Video Industry|Media, Publishing, and Broadcasting"
215071,Other,Electronics and Computer Components|Manufacturing
59426,Other,Computer and Information Technology|Search
198690,ISP,Internet Service Provider (ISP)|Computer and Information Technology
34854,ISP,Content|Computer and Information Technology|Internet Service Provider (ISP)
215086,Other,"Online Informational Content|Media, Publishing, and Broadcasting|IPv6 only|Content"
59439,ISP,"Media, Publishing, and Broadcasting|Computer and Information Technology|Internet Service Provider (ISP)|Online Informational Content"
206895,Eyeball,Service|Personal ASN|Eyeball
215089,Content/CDN,"Hosting, Cloud Provider, Data Center, Server Colocation|Computer and Information Technology"
43059,ISP,"Internet Service Provider (ISP)|Retail Stores, Wholesale, and E-commerce Sites|Computer and Information Technology"
206900,Other,"Human Rights and Social Advocacy (Human Rights, Environment and Wildlife Conservation, Other)|Community Groups and Nonprofits"
59445,ISP,Internet Service Provider (ISP)|Software Development|Computer and Information Technology
51263,ISP,Home ISP|Validating RPKI ROV|Internet Service Provider (ISP)|Computer and Information Technology
59455,ISP,Server Hosting|Validating RPKI ROV|Computer and Information Technology|Internet Service Provider (ISP)
198722,ISP,Not Validating RPKI ROV|Computer and Information Technology|Internet Service Provider (ISP)|Business Broadband
198723,Academic/Edu,"Not Validating RPKI ROV|Education Software|Education and Research|Colleges, Universities, and Professional Schools"
206918,Government,"Government and Public Administration|Government and Regulatory Agencies, Administrations, Departments, and Services|Government"
43079,Other,Other
215112,Unknown,
198729,ISP,"Computer and Information Technology|Online Informational Content|Internet Service Provider (ISP)|Media, Publishing, and Broadcasting"
34890,Enterprise,"Law, Business, and Consulting Services|Computer and Information Technology|Retail Stores, Wholesale, and E-commerce Sites|Service"
43082,ISP,Computer and Information Technology|Hosting and Cloud Provider|Internet Service Provider (ISP)
206924,Eyeball,Eyeball|Computer and Information Technology|Education and Research|Online Informational Content
206925,ISP,Computer and Information Technology|Internet Service Provider (ISP)
215113,Unknown,
198736,ISP,Validating RPKI ROV|Internet Service Provider (ISP)|Computer and Information Technology|Business Broadband
2129,Content/CDN,Validating RPKI ROV|Hosting and Cloud Provider|Computer and Information Technology
34900,Other,Software Development|Finance and Insurance|Computer and Information Technology
198740,ISP,"Internet Service Provider (ISP)|Computer and Information Technology|Hosting, Cloud Provider, Data Center, Server Colocation|Retail Stores, Wholesale, and E-commerce Sites"
206933,ISP,"Computer and Information Technology|Retail Stores, Wholesale, and E-commerce Sites|Internet Service Provider (ISP)"
51287,Other,"Clothing, Fashion, Luggage|Retail Stores, Wholesale, and E-commerce Sites"
206934,ISP,Server Hosting|Computer and Information Technology|Internet Service Provider (ISP)|Software Development
215127,Other,Computer and Information Technology|IPv6 only
215128,Eyeball,Eyeball|Computer and Information Technology
206939,ISP,Computer and Information Technology|Internet Service Provider (ISP)|Phone Provider|Software Development
34914,Other,Finance and Insurance
2147,Other,"Service|Validating RPKI ROV|Media, Publishing, and Broadcasting|Radio and Television Providers"
43108,ISP,Internet Service Provider (ISP)|Hosting and Cloud Provider|Computer and Information Technology|Server Hosting
59493,Content/CDN,"Hosting, Cloud Provider, Data Center, Server Colocation|Investment, Portfolio Management, Pensions and Funds|Computer and Information Technology|Finance and Insurance"
51303,ISP,Internet Service Provider (ISP)|Computer and Information Technology
34920,ISP,Computer and Information Technology|Internet Service Provider (ISP)|Hosting and Cloud Provider
34922,Government,"Service|Media, Publishing, and Broadcasting|Software Development|Government and Public Administration"
198768,Eyeball,"Computer and Information Technology|Service|Law, Business, and Consulting Services|IPv6 only"
215152,ISP,Internet Service Provider (ISP)|Computer and Information Technology
34930,Other,"Not Validating RPKI ROV|Community Groups and Nonprofits|Freight, Shipment, and Postal Services"
34931,ISP,Server Hosting|Technology Consulting Services|Computer and Information Technology|Hosting and Cloud Provider
34934,ISP,Internet Service Provider (ISP)|Hosting and Cloud Provider|Computer and Information Technology|VPN Host
51318,Other,"Banks, Credit Card Companies, Mortgage Providers|Finance and Insurance|Investment, Portfolio Management, Pensions and Funds"
51320,ISP,Computer and Information Technology|Internet Service Provider (ISP)
215158,ISP,Computer and Information Technology|Internet Service Provider (ISP)|IPv6 only
215159,Other,Finance and Insurance
43131,ISP,Internet Service Provider (ISP)|Computer and Information Technology
34940,ISP,Internet Service Provider (ISP)|Hosting and Cloud Provider|Software Development|Computer and Information Technology
198781,ISP,Computer and Information Technology|Not Validating RPKI ROV|Internet Service Provider (ISP)
206974,ISP,"Computer and Information Technology|Buildings, Repair, Maintenance (Pest Control, Landscaping, Cleaning, Locksmiths, Car Washes, etc)|Construction and Real Estate|Civil Engineering Construction (Utility Lines, Roads and Bridges)"
215162,ISP,Computer and Information Technology|Internet Service Provider (ISP)
206976,Other,Service
51329,ISP,Internet Service Provider (ISP)|Computer and Information Technology
215172,ISP,Carrier|Internet Service Provider (ISP)|Computer and Information Technology|Personal ASN
198789,Other,Computer and Information Technology
206981,Academic/Edu,Education and Research|Personal ASN|Content
206984,Content/CDN,Hosting and Cloud Provider|Computer and Information Technology
59529,Other,Software Development|Finance and Insurance|Computer and Information Technology
206985,Other,"Community Groups and Nonprofits|Human Rights and Social Advocacy (Human Rights, Environment and Wildlife Conservation, Other)"
206986,ISP,"Media, Publishing, and Broadcasting|Computer and Information Technology|Software Development|Internet Service Provider (ISP)"
198796,Other,Computer and Information Technology|Software Development
206987,ISP,Computer and Information Technology|Internet Service Provider (ISP)|Personal ASN|IPv6 only
215176,Unknown,
215184,ISP,Computer and Information Technology|Internet Service Provider (ISP)
198801,Other,"Finance and Insurance|Investment, Portfolio Management, Pensions and Funds"
59538,Eyeball,Eyeball|Construction and Real Estate|Buildings (Residential or Commercial)|Server Hosting
215187,ISP,"Hosting, Cloud Provider, Data Center, Server Colocation|Internet Service Provider (ISP)|Computer and Information Technology|Retail Stores, Wholesale, and E-commerce Sites"
43157,ISP,Computer and Information Technology|Internet Service Provider (ISP)|Phone Provider
34967,ISP,Internet Service Provider (ISP)|Computer and Information Technology
206999,ISP,Internet Service Provider (ISP)|Computer and Information Technology
215195,ISP,"Hosting, Cloud Provider, Data Center, Server Colocation|Computer and Information Technology|Internet Service Provider (ISP)"
207009,Other,"Media, Publishing, and Broadcasting|Print Media (Newspapers, Magazines, Books)"
34979,Content/CDN,Server Hosting
198823,ISP,"Computer and Information Technology|Internet Service Provider (ISP)|Military, Defense, National Security, and International Affairs|Government and Public Administration"
43178,Unknown,
207019,ISP,"Software Development|Internet Service Provider (ISP)|Online Informational Content|Media, Publishing, and Broadcasting"
215210,Other,IPv6 only
59565,ISP,Computer and Information Technology|Hosting and Cloud Provider|Internet Service Provider (ISP)
59566,ISP,Internet Service Provider (ISP)|Computer and Information Technology|IPv6 only
59581,Government,"Government and Regulatory Agencies, Administrations, Departments, and Services|Government and Public Administration"
43198,ISP,Internet Service Provider (ISP)|Software Development|Computer and Information Technology
51391,Academic/Edu,Education and Research|Personal ASN
51392,ISP,Content|Computer and Information Technology|Internet Service Provider (ISP)|Server Hosting
207039,ISP,"Community Groups and Nonprofits|Human Rights and Social Advocacy (Human Rights, Environment and Wildlife Conservation, Other)|Computer and Information Technology|Internet Service Provider (ISP)"
198850,ISP,"Law, Business, and Consulting Services|Service|Computer and Information Technology|Internet Service Provider (ISP)"
207043,ISP,"Military, Defense, National Security, and International Affairs|Government and Public Administration|Internet Service Provider (ISP)|Computer and Information Technology"
215231,Other,Finance and Insurance
207045,ISP,Internet Service Provider (ISP)|Software Development|Computer and Information Technology
43207,ISP,Not Validating RPKI ROV|Computer and Information Technology|Internet Service Provider (ISP)
215242,Enterprise,"Content|Law, Business, and Consulting Services|Service"
215243,Content/CDN,"Service|Computer and Information Technology|Law, Business, and Consulting Services|Hosting, Cloud Provider, Data Center, Server Colocation"
59597,ISP,Eyeball|Internet Service Provider (ISP)|Software Development|Computer and Information Technology
51406,ISP,Internet Service Provider (ISP)|Computer and Information Technology
198862,ISP,"Hosting, Cloud Provider, Data Center, Server Colocation|Internet Service Provider (ISP)|Computer and Information Technology|Retail Stores, Wholesale, and E-commerce Sites"
198863,Academic/Edu,"Colleges, Universities, and Professional Schools|Education and Research|Academic"
51409,ISP,Computer and Information Technology|Internet Service Provider (ISP)
198864,Academic/Edu,Education and Research|Not Validating RPKI ROV|Education Software|Validating RPKI ROV
43219,ISP,Computer and Information Technology|Internet Service Provider (ISP)|Software Development
215252,ISP,Computer and Information Technology|Internet Service Provider (ISP)
59608,Other,Construction and Real Estate|Real Estate (Residential and/or Commercial)
207067,Enterprise,"Law, Business, and Consulting Services|Service|Media, Publishing, and Broadcasting|Radio and Television Providers"
215262,Other,"Museums, Libraries, and Entertainment|Recreation, Sports, and Performing Arts"
207072,Other,Computer and Information Technology
59617,ISP,Internet Service Provider (ISP)|Computer and Information Technology|Personal ASN|Eyeball
59619,Government,"Validating RPKI ROV|Government and Regulatory Agencies, Administrations, Departments, and Services|Government and Public Administration|Government"
43236,Enterprise,"Law, Business, and Consulting Services|Service"
35045,Other,Computer and Information Technology|Phone Provider
59621,Unknown,
215268,Unknown,
207080,Eyeball,Eyeball|Education and Research|Personal ASN
215269,Unknown,
215276,Unknown,
207086,Other,"Construction and Real Estate|Real Estate (Residential and/or Commercial)|Civil Engineering Construction (Utility Lines, Roads and Bridges)"
51439,ISP,"Investment, Portfolio Management, Pensions and Funds|Finance and Insurance|Insurance Carriers and Agencies"
198895,ISP,Eyeball|Computer and Information Technology|Internet Service Provider (ISP)
207087,Other,"Banks, Credit Card Companies, Mortgage Providers|Finance and Insurance"
59634,Other,Software Development|Computer and Information Technology
43251,Other,Software Development|Computer and Network Security|Computer and Information Technology
207089,Other,"Community Groups and Nonprofits|Media, Publishing, and Broadcasting|Online Informational Content"
59638,Other,Service
43255,Other,Finance and Insurance
207096,ISP,Internet Service Provider (ISP)|Computer and Information Technology
215286,Content/CDN,"Computer and Information Technology|Hosting, Cloud Provider, Data Center, Server Colocation"
43259,Other,Service
35069,Other,Finance and Insurance
35071,ISP,Validating RPKI ROV|Not Validating RPKI ROV|Internet Service Provider (ISP)|Computer and Information Technology
207108,ISP,Content|Computer and Information Technology|Internet Service Provider (ISP)|Server Hosting
215303,Eyeball,"Hosting, Cloud Provider, Data Center, Server Colocation|Computer and Information Technology|Eyeball"
215304,Unknown,
35082,ISP,Internet Service Provider (ISP)|Computer and Information Technology|Computer and Network Security
59659,ISP,Server Hosting|Validating RPKI ROV|Internet Service Provider (ISP)|Computer and Information Technology
59660,Content/CDN,"Not Validating RPKI ROV|Law, Business, and Consulting Services|Service|Retail Stores, Wholesale, and E-commerce Sites"
207120,ISP,Not Validating RPKI ROV|Internet Service Provider (ISP)|Computer and Information Technology
207121,ISP,Computer and Information Technology|Internet Service Provider (ISP)
215316,Content/CDN,"Computer and Information Technology|Hosting, Cloud Provider, Data Center, Server Colocation"
215320,ISP,"Computer and Information Technology|Buildings, Repair, Maintenance (Pest Control, Landscaping, Cleaning, Locksmiths, Car Washes, etc)|Service|Internet Service Provider (ISP)"
215322,ISP,Eyeball|Internet Service Provider (ISP)|Computer and Information Technology
215323,Content/CDN,"Computer and Information Technology|Hosting, Cloud Provider, Data Center, Server Colocation|Server Hosting"
59676,Other,Computer and Information Technology
59680,ISP,"Hosting, Cloud Provider, Data Center, Server Colocation|Software Development|Computer and Information Technology|Internet Service Provider (ISP)"
35106,Content/CDN,Service|Electronics and Computer Components|Hosting and Cloud Provider|Software Development
51490,ISP,"Not Validating RPKI ROV|Internet Service Provider (ISP)|Service|Media, Publishing, and Broadcasting"
51491,ISP,Computer and Information Technology|Internet Service Provider (ISP)
207140,Other,"Human Rights and Social Advocacy (Human Rights, Environment and Wildlife Conservation, Other)|Agriculture, Mining, and Refineries (Farming, Greenhouses, Mining, Forestry, and Animal Farming)|Utilities (Excluding Internet Service)|Community Groups and Nonprofits"
215332,Eyeball,"Service|Computer and Information Technology|Software Development|Recreation, Sports, and Performing Arts"
51498,ISP,Computer and Information Technology|Internet Service Provider (ISP)
198957,ISP,Hosting and Cloud Provider|Internet Service Provider (ISP)|Computer and Network Security|Computer and Information Technology
35120,ISP,Computer and Information Technology|Internet Service Provider (ISP)|Mobile Data/Carrier
43313,ISP,Technology Consulting Services|Internet Service Provider (ISP)|Computer and Information Technology|Phone Provider
207155,ISP,"Service|Media, Publishing, and Broadcasting|Internet Service Provider (ISP)|Computer and Information Technology"
207158,ISP,"Computer and Information Technology|Media, Publishing, and Broadcasting|Software Development|Internet Service Provider (ISP)"
59705,ISP,Software Development|Hosting and Cloud Provider|Computer and Information Technology|Internet Service Provider (ISP)
207162,ISP,Internet Service Provider (ISP)|Software Development|Computer and Information Technology
207163,Other,"Media, Publishing, and Broadcasting"
215355,Content/CDN,Content|Computer and Information Technology|Manufacturing|Electronics and Computer Components
215363,Enterprise,"Service|Law, Business, and Consulting Services|Computer and Information Technology|IPv6 only"
59717,Other,"Not Validating RPKI ROV|Retail Stores, Wholesale, and E-commerce Sites|Construction and Real Estate"
51526,Other,Community Groups and Nonprofits|Computer and Information Technology
35143,Other,"Retail Stores, Wholesale, and E-commerce Sites"
43336,Unknown,
198981,Content/CDN,"Software Development|Hosting and Cloud Provider|Service|Buildings, Repair, Maintenance (Pest Control, Landscaping, Cleaning, Locksmiths, Car Washes, etc)"
207173,Government,"Military, Defense, National Security, and International Affairs|Service|Government and Public Administration"
215368,Other,"Museums, Libraries, and Entertainment|Personal ASN|IPv6 only"
59724,Academic/Edu,Not Validating RPKI ROV|Education and Research
198990,Other,"Content|Validating RPKI ROV|Manufacturing|Agriculture, Mining, and Refineries (Farming, Greenhouses, Mining, Forestry, and Animal Farming)"
207183,ISP,Computer and Information Technology|Software Development|Internet Service Provider (ISP)
59730,ISP,"Retail Stores, Wholesale, and E-commerce Sites|Hosting, Cloud Provider, Data Center, Server Colocation|Computer and Information Technology|Internet Service Provider (ISP)"
215378,Unknown,
59736,ISP,Internet Service Provider (ISP)|Manufacturing|Electronics and Computer Components|Phone Provider
51545,ISP,Internet Service Provider (ISP)|Software Development|Computer and Information Technology
207194,ISP,Internet Service Provider (ISP)|Software Development|Computer and Information Technology
43355,ISP,Corporate/Enterprise|Not Validating RPKI ROV|Internet Service Provider (ISP)|Computer and Information Technology
207195,ISP,Software Development|Internet Service Provider (ISP)|Computer and Information Technology
215387,Enterprise,"Travel and Accommodation|Music and Video Industry|Service|Recreation, Sports, and Performing Arts"
215388,Enterprise,"Service|Law, Business, and Consulting Services|Technology Consulting Services|Computer and Information Technology"
51551,ISP,Internet Service Provider (ISP)|Validating RPKI ROV|Computer and Information Technology
207200,Unknown,
51553,ISP,Internet Service Provider (ISP)|Computer and Information Technology
215397,Other,Finance and Insurance
43367,Other,Computer and Information Technology|Software Development
133479,Other,Computer and Information Technology|Software Development|Technology Consulting Services
51561,ISP,Eyeball|Validating RPKI ROV|Computer and Information Technology|Internet Service Provider (ISP)
35180,ISP,Computer and Information Technology|Internet Service Provider (ISP)|Service|Software Development
59756,ISP,Internet Service Provider (ISP)|Computer and Information Technology
51572,Other,Computer and Information Technology
215413,ISP,Computer and Information Technology|Internet Service Provider (ISP)|Server Hosting|Content
215415,Enterprise,"Service|Law, Business, and Consulting Services|Media, Publishing, and Broadcasting|Computer and Information Technology"
215419,Content/CDN,"Hosting, Cloud Provider, Data Center, Server Colocation|Validating RPKI ROV|Server Hosting|Computer and Information Technology"
35196,Content/CDN,"Law, Business, and Consulting Services|Museums, Libraries, and Entertainment|Hosting and Cloud Provider|Software Development"
35200,ISP,Internet Service Provider (ISP)|Computer and Information Technology
43392,Other,Finance and Insurance
59778,ISP,Server Hosting|Computer and Information Technology|Internet Service Provider (ISP)
215429,Other,Validating RPKI ROV|Chemical and Pharmaceutical Manufacturing|Health Care Services|Manufacturing
59783,ISP,Internet Service Provider (ISP)|Construction and Real Estate|Computer and Information Technology
199052,Other,"Electronics and Computer Components|Recreation, Sports, and Performing Arts|Manufacturing|Museums, Libraries, and Entertainment"
207245,Other,Computer and Information Technology|Software Development|Service
215439,Content/CDN,VPN Host|Computer and Network Security|Computer and Information Technology|Anycast
43408,Other,Computer and Information Technology|Computer and Network Security
51601,ISP,Computer and Information Technology|Internet Service Provider (ISP)
199058,Content/CDN,Server Hosting|Computer and Information Technology
51603,Unknown,
199066,ISP,"Retail Stores, Wholesale, and E-commerce Sites|Internet Service Provider (ISP)|Software Development|Hosting and Cloud Provider"
59803,Other,Software Development|Computer and Information Technology
35228,ISP,Mobile Data/Carrier|Validating RPKI ROV|Internet Service Provider (ISP)|Computer and Information Technology
215450,ISP,Computer and Information Technology|Internet Service Provider (ISP)
59806,Other,Construction and Real Estate|Computer and Information Technology|Real Estate (Residential and/or Commercial)
215453,ISP,Computer and Information Technology|Internet Service Provider (ISP)
59809,ISP,Computer and Information Technology|Internet Service Provider (ISP)
59811,ISP,Computer and Information Technology|Internet Service Provider (ISP)|Phone Provider
43428,ISP,Internet Service Provider (ISP)|Computer and Information Technology
59813,ISP,Personal ASN|Internet Service Provider (ISP)|Computer and Information Technology
207268,ISP,IPv6 only|Computer and Information Technology|Internet Service Provider (ISP)
59816,ISP,Server Hosting|Not Validating RPKI ROV|Internet Service Provider (ISP)|Computer and Information Technology
35241,Other,Service
43433,Other,"Service|Media, Publishing, and Broadcasting|Personal ASN"
59817,Other,Computer and Information Technology
59820,Other,Service
207273,Content/CDN,"Computer and Information Technology|Hosting, Cloud Provider, Data Center, Server Colocation"
215468,Other,Computer and Information Technology|Software Development
215470,Content/CDN,Computer and Information Technology|Software Development|Server Hosting|IPv6 only
215471,ISP,Computer and Information Technology|Internet Service Provider (ISP)
43442,ISP,"Internet Service Provider (ISP)|Retail Stores, Wholesale, and E-commerce Sites|Computer and Information Technology"
215474,Unknown,
215476,ISP,"Service|Law, Business, and Consulting Services|Internet Service Provider (ISP)|Computer and Information Technology"
35259,Unknown,
59836,Enterprise,"Construction and Real Estate|Real Estate (Residential and/or Commercial)|Law, Business, and Consulting Services|Service"
59839,ISP,"Computer and Network Security|Computer and Information Technology|Retail Stores, Wholesale, and E-commerce Sites|Internet Service Provider (ISP)"
207295,ISP,"Finance and Insurance|Insurance Carriers and Agencies|Investment, Portfolio Management, Pensions and Funds"
35266,ISP,Internet Service Provider (ISP)|Not Validating RPKI ROV|Computer and Information Technology
35269,ISP,Computer and Information Technology|Internet Service Provider (ISP)|Software Development
199109,ISP,Computer and Information Technology|Internet Service Provider (ISP)|Personal ASN|IPv6 only
43463,Other,Electronics and Computer Components|Machinery|Manufacturing
199111,ISP,"Computer and Information Technology|Internet Service Provider (ISP)|Media, Publishing, and Broadcasting|Software Development"
215497,Enterprise,"Service|Computer and Information Technology|Law, Business, and Consulting Services|Technology Consulting Services"
215499,ISP,"Internet Service Provider (ISP)|Computer and Information Technology|Hosting, Cloud Provider, Data Center, Server Colocation|Personal ASN"
207310,ISP,Internet Service Provider (ISP)|Computer and Information Technology
207312,Other,"Retail Stores, Wholesale, and E-commerce Sites|Motor Vehicles and Parts"
43475,Government,"Retail Stores, Wholesale, and E-commerce Sites|Government"
199131,Government,"Validating RPKI ROV|Government and Public Administration|Government and Regulatory Agencies, Administrations, Departments, and Services|Government"
43486,Other,"Banks, Credit Card Companies, Mortgage Providers|Finance and Insurance"
207328,Content/CDN,"Hosting, Cloud Provider, Data Center, Server Colocation|Computer and Information Technology|Hosting and Cloud Provider"
2529,ISP,Internet Service Provider (ISP)|Computer and Information Technology
35299,ISP,Computer and Information Technology|Internet Service Provider (ISP)
59876,Other,Community Groups and Nonprofits|Personal ASN
215523,ISP,Computer and Information Technology|Internet Service Provider (ISP)|Business Broadband|Home ISP
215527,Other,Anycast|Computer and Information Technology|Software Development|Finance and Insurance
207339,ISP,Internet Service Provider (ISP)|Computer and Information Technology|Software Development
51692,Content/CDN,"Content|Hosting, Cloud Provider, Data Center, Server Colocation|Computer and Information Technology|Server Hosting"
59888,ISP,Eyeball|Validating RPKI ROV|Computer and Information Technology|Internet Service Provider (ISP)
215540,Content/CDN,"VPN Host|Validating RPKI ROV|Service|Law, Business, and Consulting Services"
59893,ISP,"Hosting, Cloud Provider, Data Center, Server Colocation|Internet Service Provider (ISP)|Retail Stores, Wholesale, and E-commerce Sites|Computer and Information Technology"
59894,Other,Computer and Information Technology
59895,ISP,Server Hosting|Validating RPKI ROV|Internet Service Provider (ISP)|Computer and Information Technology
51704,Academic/Edu,Education and Research
59897,Content/CDN,Computer and Information Technology|Hosting and Cloud Provider
215543,Unknown,
51707,Academic/Edu,"Government and Regulatory Agencies, Administrations, Departments, and Services|Government and Public Administration|Media, Publishing, and Broadcasting|Education and Research"
199164,ISP,Internet Service Provider (ISP)|Computer and Information Technology
199165,Enterprise,"Law, Business, and Consulting Services|Service"
59902,ISP,Computer and Information Technology|Internet Service Provider (ISP)
35327,ISP,Computer and Information Technology|Internet Service Provider (ISP)
43519,ISP,Content|Internet Service Provider (ISP)|Hosting and Cloud Provider|Computer and Information Technology
51713,Content/CDN,"Tranco 10k Host|Computer and Information Technology|Hosting, Cloud Provider, Data Center, Server Colocation"
59904,ISP,Finance and Insurance|Insurance Carriers and Agencies
59907,ISP,Computer and Information Technology|Internet Service Provider (ISP)
215551,Other,Community Groups and Nonprofits
43525,ISP,Service|Internet Service Provider (ISP)|Software Development|Computer and Network Security
215560,ISP,"Media, Publishing, and Broadcasting|Internet Service Provider (ISP)|Computer and Information Technology"
43534,ISP,"Internet Service Provider (ISP)|Retail Stores, Wholesale, and E-commerce Sites|Technology Consulting Services|Computer and Information Technology"
59920,Other,Computer and Information Technology|IPv6 only
43539,Content/CDN,Hosting and Cloud Provider|Computer and Information Technology
215575,Other,IPv6 only
43545,ISP,Internet Service Provider (ISP)|Not Validating RPKI ROV|Computer and Information Technology
2589,ISP,"Law, Business, and Consulting Services|Validating RPKI ROV|Internet Service Provider (ISP)|Software Development"
59933,ISP,Internet Service Provider (ISP)|Computer and Information Technology
43551,Other,Other
215587,Content/CDN,Hosting and Cloud Provider|Computer and Information Technology
199204,ISP,Technology Consulting Services|Computer and Information Technology|Internet Service Provider (ISP)
215590,ISP,Internet Service Provider (ISP)|Computer and Information Technology
199208,Other,"Investment, Portfolio Management, Pensions and Funds|Accountants, Tax Preparers, Payroll Services|Finance and Insurance"
215592,Unknown,
199210,Other,"Investment, Portfolio Management, Pensions and Funds|Accountants, Tax Preparers, Payroll Services|Finance and Insurance"
43565,ISP,Computer and Information Technology|Internet Service Provider (ISP)
35375,Other,Real Estate (Residential and/or Commercial)|Construction and Real Estate
59952,Other,"Air Travel|Hotels, Motels, Inns, Other Traveler Accommodation|Travel and Accommodation"
59953,ISP,Eyeball|Validating RPKI ROV|Internet Service Provider (ISP)|Computer and Information Technology
51762,ISP,Internet Service Provider (ISP)|Computer and Information Technology
215600,ISP,Computer and Information Technology|Internet Service Provider (ISP)|IPv6 only
51766,Government,"Buildings, Repair, Maintenance (Pest Control, Landscaping, Cleaning, Locksmiths, Car Washes, etc)|Government and Regulatory Agencies, Administrations, Departments, and Services|Service|Government and Public Administration"
207416,ISP,Validating RPKI ROV|Construction and Real Estate|Internet Service Provider (ISP)|Computer and Information Technology
43584,ISP,Service|Internet Service Provider (ISP)|Software Development|Hosting and Cloud Provider
215617,Unknown,
207427,ISP,"Construction and Real Estate|Law, Business, and Consulting Services|Buildings (Residential or Commercial)|Computer and Information Technology"
51782,ISP,Not Validating RPKI ROV|Computer and Information Technology|Internet Service Provider (ISP)|Eyeball
35399,ISP,Internet Service Provider (ISP)|Computer and Information Technology|Software Development
43599,ISP,Computer and Information Technology|Validating RPKI ROV|Internet Service Provider (ISP)
215631,Enterprise,"Electronics and Computer Components|Manufacturing|Service|Law, Business, and Consulting Services"
215635,ISP,Computer and Information Technology|Internet Service Provider (ISP)|Software Development
215636,ISP,Computer and Information Technology|Software Development|Internet Service Provider (ISP)
215638,Eyeball,"Eyeball|Technology Consulting Services|Retail Stores, Wholesale, and E-commerce Sites|Computer and Information Technology"
51805,Other,"Investment, Portfolio Management, Pensions and Funds|Finance and Insurance"
199262,Government,"Government and Public Administration|Government and Regulatory Agencies, Administrations, Departments, and Services|Freight, Shipment, and Postal Services|Travel and Accommodation"
207456,ISP,Internet Service Provider (ISP)|Computer and Information Technology
51809,ISP,Eyeball|Other|Home ISP|Business Broadband
35425,ISP,Content|Internet Service Provider (ISP)|Computer and Information Technology|Hosting and Cloud Provider
43620,Content/CDN,"Retail Stores, Wholesale, and E-commerce Sites|Computer and Information Technology|Travel and Accommodation|Hosting, Cloud Provider, Data Center, Server Colocation"
60004,Other,"Retail Stores, Wholesale, and E-commerce Sites|Construction and Real Estate|Buildings (Residential or Commercial)|Civil Engineering Construction (Utility Lines, Roads and Bridges)"
199269,ISP,Computer and Network Security|Computer and Information Technology|Internet Service Provider (ISP)|Service
207461,Content/CDN,Computer and Information Technology|Hosting and Cloud Provider
35433,ISP,Validating RPKI ROV|Computer and Information Technology|Internet Service Provider (ISP)
215657,Other,"Media, Publishing, and Broadcasting|Print Media (Newspapers, Magazines, Books)"
60011,ISP,Server Hosting|Computer and Information Technology|Internet Service Provider (ISP)|Hosting and Cloud Provider
60012,ISP,Internet Service Provider (ISP)|Computer and Information Technology
35437,ISP,Not Validating RPKI ROV|Internet Service Provider (ISP)|Computer and Information Technology|Home ISP
43629,ISP,"Computer and Information Technology|Internet Service Provider (ISP)|Media, Publishing, and Broadcasting"
51823,ISP,Internet Service Provider (ISP)|Computer and Information Technology
60013,Content/CDN,Computer and Information Technology|Hosting and Cloud Provider
60015,ISP,Software Development|Computer and Information Technology|Internet Service Provider (ISP)
215660,Other,IPv6 only
199283,ISP,Eyeball|Validating RPKI ROV|Computer and Information Technology|Internet Service Provider (ISP)
215661,Content/CDN,"Computer and Information Technology|Hosting, Cloud Provider, Data Center, Server Colocation"
199285,ISP,Computer and Information Technology|Internet Service Provider (ISP)|Software Development
199286,ISP,Computer and Information Technology|Internet Service Provider (ISP)
215662,Unknown,
215672,Other,Computer and Information Technology
215674,Content/CDN,"Hosting, Cloud Provider, Data Center, Server Colocation|Manufacturing|Electronics and Computer Components|Computer and Information Technology"
199291,ISP,Software Development|Computer and Information Technology|Internet Service Provider (ISP)
215675,Other,"Media, Publishing, and Broadcasting|Online Informational Content|Online Music and Video Streaming Services"
27263,Other,"Clothing, Fashion, Luggage|Service|Personal Care and Lifestyle (Barber Shops, Nail Salons, Diet Centers, Laundry, etc)|Retail Stores, Wholesale, and E-commerce Sites"
60036,ISP,Home ISP|Not Validating RPKI ROV|Computer and Information Technology|Internet Service Provider (ISP)
51845,Enterprise,"Computer and Network Security|Law, Business, and Consulting Services|Computer and Information Technology|Technology Consulting Services"
35462,Other,"Online Informational Content|Media, Publishing, and Broadcasting"
60038,Other,"Travel and Accommodation|Hotels, Motels, Inns, Other Traveler Accommodation|Air Travel|Food Services and Drinking Places"
60045,ISP,Computer and Information Technology|Not Validating RPKI ROV|Internet Service Provider (ISP)
215698,Unknown,
43669,ISP,Internet Service Provider (ISP)|Computer and Information Technology|Software Development|Hosting and Cloud Provider
133782,Academic/Edu,Validating RPKI ROV|Education and Research
207511,Other,"Online Informational Content|Media, Publishing, and Broadcasting|Finance and Insurance"
215703,Content/CDN,"Content|Recreation, Sports, and Performing Arts|Museums, Libraries, and Entertainment|Media, Publishing, and Broadcasting"
60060,Government,"Government and Public Administration|Construction and Real Estate|Computer and Information Technology|Law, Business, and Consulting Services"
60064,Content/CDN,Server Hosting|Computer and Information Technology
207520,Other,Software Development|Computer and Information Technology|Finance and Insurance
199330,ISP,Anycast|Computer and Information Technology|Internet Service Provider (ISP)|Internet Critical Infra
60068,ISP,"Carrier|Validating RPKI ROV|Media, Publishing, and Broadcasting|Computer and Information Technology"
207524,Other,"Media, Publishing, and Broadcasting|Finance and Insurance|Online Informational Content"
207525,Other,Computer and Information Technology
199335,ISP,Computer and Information Technology|Internet Service Provider (ISP)
215720,Other,Service
207529,ISP,"Carrier|Retail Stores, Wholesale, and E-commerce Sites|Personal ASN|Anycast"
207534,ISP,Internet Service Provider (ISP)|Computer and Information Technology
60079,Eyeball,"Eyeball|Community Groups and Nonprofits|Museums, Libraries, and Entertainment|Event"
207536,Content/CDN,"Hosting, Cloud Provider, Data Center, Server Colocation|Computer and Information Technology"
215730,Content/CDN,Server Hosting|Electronics and Computer Components|Manufacturing|VPN Host
207543,ISP,Anycast|Computer and Information Technology|Internet Service Provider (ISP)|Software Development
51901,Content/CDN,"Travel and Accommodation|Computer and Information Technology|Service|Hosting, Cloud Provider, Data Center, Server Colocation"
207549,ISP,Computer and Information Technology|Internet Service Provider (ISP)
215742,ISP,Computer and Information Technology|Software Development|Internet Service Provider (ISP)
207552,ISP,"Service|Internet Service Provider (ISP)|Software Development|Law, Business, and Consulting Services"
51905,ISP,"Hosting, Cloud Provider, Data Center, Server Colocation|Computer and Information Technology|Hosting and Cloud Provider|Internet Service Provider (ISP)"
60102,Other,Finance and Insurance
60103,ISP,Computer and Information Technology|Internet Service Provider (ISP)
35528,ISP,Software Development|Finance and Insurance|Computer and Information Technology|Internet Service Provider (ISP)
215754,ISP,Computer and Information Technology|Internet Service Provider (ISP)
51918,ISP,Eyeball|Not Validating RPKI ROV|Internet Service Provider (ISP)|Computer and Information Technology
207567,Eyeball,"Eyeball|Clothing, Fashion, Luggage|Retail Stores, Wholesale, and E-commerce Sites|Server Hosting"
215758,Unknown,
207569,Content/CDN,Server Hosting|Computer and Information Technology|Hosting and Cloud Provider
215759,ISP,"Content|Internet Service Provider (ISP)|Service|Media, Publishing, and Broadcasting"
199379,ISP,Internet Service Provider (ISP)|Computer and Information Technology|Software Development
51926,ISP,"Computer and Information Technology|Internet Service Provider (ISP)|Software Development|Media, Publishing, and Broadcasting"
215766,Unknown,
60120,ISP,Internet Service Provider (ISP)|Computer and Information Technology
35545,ISP,"Computer and Information Technology|Online Informational Content|Internet Service Provider (ISP)|Media, Publishing, and Broadcasting"
215768,ISP,"Hosting, Cloud Provider, Data Center, Server Colocation|Computer and Information Technology|Internet Service Provider (ISP)|Personal ASN"
35551,ISP,Hosting and Cloud Provider|Computer and Information Technology|Internet Service Provider (ISP)
207586,ISP,Computer and Information Technology|Internet Service Provider (ISP)|IPv6 only
51939,ISP,Corporate/Enterprise|Computer and Information Technology|Internet Service Provider (ISP)|IPv6 only
215780,Other,"Media, Publishing, and Broadcasting"
199398,ISP,Computer and Information Technology|Internet Service Provider (ISP)|Service
35559,Academic/Edu,Education and Research
51945,ISP,Server Hosting|Not Validating RPKI ROV|Internet Service Provider (ISP)|Computer and Information Technology
51946,Academic/Edu,"Human Rights and Social Advocacy (Human Rights, Environment and Wildlife Conservation, Other)|Colleges, Universities, and Professional Schools|Community Groups and Nonprofits|Education and Research"
199404,Content/CDN,"Hosting, Cloud Provider, Data Center, Server Colocation|Computer and Information Technology"
51953,Other,Not Validating RPKI ROV|Service
207601,Other,"Media, Publishing, and Broadcasting|Software Development|Computer and Information Technology|Phone Provider"
207602,Other,"Media, Publishing, and Broadcasting|Software Development|Computer and Information Technology|Phone Provider"
35575,ISP,Business Broadband|Validating RPKI ROV|Computer and Information Technology|Internet Service Provider (ISP)
60157,ISP,Software Development|Internet Service Provider (ISP)|Computer and Information Technology
199423,ISP,Internet Service Provider (ISP)|Computer and Information Technology
60160,Other,"Real Estate (Residential and/or Commercial)|Finance and Insurance|Construction and Real Estate|Investment, Portfolio Management, Pensions and Funds"
2818,Content/CDN,"Content|Not Validating RPKI ROV|Media, Publishing, and Broadcasting|Online Informational Content"
207625,Government,"Government and Regulatory Agencies, Administrations, Departments, and Services|Government and Public Administration"
215817,Other,"Media, Publishing, and Broadcasting|Computer and Information Technology"
215821,Unknown,
51983,ISP,Internet Service Provider (ISP)|Software Development|Computer and Information Technology
215826,Content/CDN,Server Hosting
215827,ISP,Internet Service Provider (ISP)|Computer and Information Technology
60180,ISP,Computer and Information Technology|Internet Service Provider (ISP)
150296,ISP,Software Development|Internet Service Provider (ISP)|Computer and Information Technology
199448,ISP,Internet Service Provider (ISP)|Computer and Information Technology
215833,Eyeball,"Human Rights and Social Advocacy (Human Rights, Environment and Wildlife Conservation, Other)|Community Groups and Nonprofits|Corporate/Enterprise|Eyeball"
60187,Academic/Edu,Academic|Not Validating RPKI ROV|Education and Research
199452,ISP,Home ISP|Validating RPKI ROV|Internet Service Provider (ISP)|Computer and Information Technology
207645,ISP,Business Broadband|Computer and Information Technology|Internet Service Provider (ISP)|Home ISP
51999,ISP,Computer and Information Technology|Internet Service Provider (ISP)|IPv6 only|Carrier
199455,ISP,"Computer and Information Technology|Media, Publishing, and Broadcasting|Internet Service Provider (ISP)"
60193,ISP,Internet Service Provider (ISP)|Not Validating RPKI ROV|Computer and Information Technology
60194,Other,Software Development|Finance and Insurance|Computer and Information Technology
199456,Other,Computer and Information Technology|Software Development
207652,Other,Computer and Information Technology
215845,Content/CDN,Hosting and Cloud Provider|Computer and Information Technology
199462,ISP,Internet Service Provider (ISP)|Computer and Information Technology
2855,Other,Service
2856,ISP,Eyeball|Not Validating RPKI ROV|Internet Service Provider (ISP)|Computer and Information Technology
60200,ISP,Computer and Information Technology|Internet Service Provider (ISP)|Hosting and Cloud Provider|Software Development
199464,Other,Computer and Information Technology|Construction and Real Estate|Buildings (Residential or Commercial)
199468,ISP,Business Broadband|Not Validating RPKI ROV|Computer and Information Technology|Internet Service Provider (ISP)
215854,ISP,Computer and Information Technology|Internet Service Provider (ISP)
207663,Content/CDN,Hosting and Cloud Provider|Computer and Information Technology|Personal ASN
215857,Unknown,
60210,Content/CDN,Hosting and Cloud Provider|Computer and Information Technology
43827,Government,"Government and Public Administration|Government and Regulatory Agencies, Administrations, Departments, and Services|Community Groups and Nonprofits|Law, Business, and Consulting Services"
150325,Government,"Personal ASN|Military, Defense, National Security, and International Affairs|Government and Public Administration"
52024,Other,"Manufacturing|Automotive and Transportation|Retail Stores, Wholesale, and E-commerce Sites"
52025,ISP,Carrier|Software Development|Computer and Information Technology|Internet Service Provider (ISP)
199481,ISP,Internet Service Provider (ISP)|Hosting and Cloud Provider|Computer and Information Technology|Software Development
43835,Enterprise,"Computer and Network Security|Computer and Information Technology|Law, Business, and Consulting Services|Software Development"
60220,Other,"Media, Publishing, and Broadcasting|Computer and Information Technology|Phone Provider|Software Development"
207673,ISP,"Museums, Libraries, and Entertainment|Internet Service Provider (ISP)|Computer and Information Technology|Recreation, Sports, and Performing Arts"
43838,Academic/Edu,"Not Validating RPKI ROV|Education and Research|Colleges, Universities, and Professional Schools|Government"
60223,ISP,"Content|Server Hosting|Hosting, Cloud Provider, Data Center, Server Colocation|Computer and Information Technology"
215870,Academic/Edu,Education and Research
60228,Content/CDN,Hosting and Cloud Provider|Computer and Information Technology
52037,Other,Real Estate (Residential and/or Commercial)|Construction and Real Estate
199492,Enterprise,"Freight, Shipment, and Postal Services|Retail Stores, Wholesale, and E-commerce Sites|Law, Business, and Consulting Services|Agriculture, Mining, and Refineries (Farming, Greenhouses, Mining, Forestry, and Animal Farming)"
207687,ISP,Internet Service Provider (ISP)|Computer and Information Technology
52041,ISP,"Content|Internet Service Provider (ISP)|Hosting, Cloud Provider, Data Center, Server Colocation|Computer and Information Technology"
43851,ISP,Computer and Information Technology|Internet Service Provider (ISP)
60237,Other,"Banks, Credit Card Companies, Mortgage Providers|Finance and Insurance"
35662,ISP,Computer and Information Technology|Internet Service Provider (ISP)|VPN Host
199501,ISP,"Computer and Information Technology|Buildings, Repair, Maintenance (Pest Control, Landscaping, Cleaning, Locksmiths, Car Washes, etc)|Internet Service Provider (ISP)|Service"
60241,ISP,Internet Service Provider (ISP)|Not Validating RPKI ROV|Computer and Information Technology
215889,ISP,Internet Service Provider (ISP)|Computer and Information Technology
199507,Other,Service
207701,ISP,Internet Service Provider (ISP)|Computer and Information Technology
35670,ISP,Software Development|Internet Service Provider (ISP)|Computer and Information Technology
199516,ISP,Internet Service Provider (ISP)|Computer and Information Technology
52063,ISP,"Internet Service Provider (ISP)|Media, Publishing, and Broadcasting|Computer and Information Technology|Validating RPKI ROV"
43872,ISP,Eyeball|Not Validating RPKI ROV|Computer and Information Technology|Internet Service Provider (ISP)
60255,ISP,Eyeball|Validating RPKI ROV|Internet Service Provider (ISP)|Computer and Information Technology
60257,ISP,Not Validating RPKI ROV|Computer and Information Technology|Internet Service Provider (ISP)|Home ISP
199519,ISP,"Eyeball|Computer and Information Technology|Internet Service Provider (ISP)|Hosting, Cloud Provider, Data Center, Server Colocation"
215905,ISP,"Computer and Information Technology|Retail Stores, Wholesale, and E-commerce Sites|Internet Service Provider (ISP)|Hosting, Cloud Provider, Data Center, Server Colocation"
215909,Other,"Retail Stores, Wholesale, and E-commerce Sites|Computer and Information Technology"
43878,ISP,"Software Development|Computer and Information Technology|Media, Publishing, and Broadcasting|Online Informational Content"
215913,Other,"Retail Stores, Wholesale, and E-commerce Sites|Personal ASN"
215915,ISP,Computer and Information Technology|Internet Service Provider (ISP)
52076,ISP,Software Development|Internet Service Provider (ISP)|Computer and Information Technology
35694,ISP,Computer and Information Technology|Hosting and Cloud Provider|Internet Service Provider (ISP)
199534,ISP,Not Validating RPKI ROV|Internet Service Provider (ISP)|Computer and Information Technology
199535,Other,"Museums, Libraries, and Entertainment|Casinos and Gambling|Anycast"
215925,Other,"Museums, Libraries, and Entertainment|Recreation, Sports, and Performing Arts"
199542,ISP,Computer and Information Technology|Internet Service Provider (ISP)|Hosting and Cloud Provider
207734,ISP,"Computer and Information Technology|Online Informational Content|Internet Service Provider (ISP)|Media, Publishing, and Broadcasting"
215926,Other,Service
60282,Government,Not Validating RPKI ROV|Travel and Accommodation|Government and Public Administration|Computer and Information Technology
35707,Other,Service
199548,ISP,Internet Service Provider (ISP)|Computer and Information Technology
199555,Other,"Finance and Insurance|Investment, Portfolio Management, Pensions and Funds"
207748,Academic/Edu,Personal ASN|Education and Research
60297,Enterprise,"Law, Business, and Consulting Services|Service|Software Development|Media, Publishing, and Broadcasting"
207754,Enterprise,"Law, Business, and Consulting Services|Service|IPv6 only"
43915,ISP,Internet Service Provider (ISP)|Validating RPKI ROV|Community Groups and Nonprofits|Computer and Information Technology
207755,Enterprise,"Service|Finance and Insurance|Law, Business, and Consulting Services|Personal ASN"
207756,Enterprise,"Finance and Insurance|Law, Business, and Consulting Services|Service|Investment, Portfolio Management, Pensions and Funds"
199569,ISP,"Software Development|Service|Internet Service Provider (ISP)|Law, Business, and Consulting Services"
43924,Other,Computer and Information Technology|Software Development
207765,Other,Computer and Information Technology
215959,ISP,Internet Service Provider (ISP)|Software Development|Computer and Information Technology
35736,ISP,Manufacturing|Internet Service Provider (ISP)|Service|Electronics and Computer Components
215963,ISP,Internet Service Provider (ISP)|Computer and Information Technology
215965,Other,"Museums, Libraries, and Entertainment|IPv6 only"
43935,ISP,Internet Service Provider (ISP)|Software Development|Hosting and Cloud Provider|Computer and Information Technology
207784,ISP,Computer and Information Technology|Internet Service Provider (ISP)
43949,ISP,Insurance Carriers and Agencies|Finance and Insurance
43950,Other,Validating RPKI ROV
60333,Academic/Edu,"Education and Research|Colleges, Universities, and Professional Schools|Academic"
150448,ISP,Computer and Information Technology|Internet Service Provider (ISP)
215981,Other,Construction and Real Estate
60339,ISP,Internet Service Provider (ISP)|Computer and Information Technology|Eyeball
52148,Content/CDN,Hosting and Cloud Provider|Computer and Information Technology
215989,ISP,Computer and Information Technology|Internet Service Provider (ISP)
199614,ISP,Internet Service Provider (ISP)|Computer and Information Technology
216001,Other,Construction and Real Estate
52167,ISP,Internet Service Provider (ISP)|Computer and Information Technology|Software Development
35788,Government,"Government and Public Administration|Computer and Network Security|Military, Defense, National Security, and International Affairs|Computer and Information Technology"
199629,ISP,Internet Service Provider (ISP)|Computer and Information Technology
216014,Unknown,
142290,Other,IPv6 only
207827,ISP,"Government and Public Administration|Computer and Network Security|Military, Defense, National Security, and International Affairs|Civil Engineering Construction (Utility Lines, Roads and Bridges)"
35801,Enterprise,"Service|Law, Business, and Consulting Services"
60377,ISP,Eyeball|Validating RPKI ROV|Computer and Information Technology|Internet Service Provider (ISP)
216026,Academic/Edu,Computer and Information Technology|Education and Research|Research and Development Organizations
60381,Enterprise,"Real Estate (Residential and/or Commercial)|Construction and Real Estate|Law, Business, and Consulting Services|Service"
60382,Academic/Edu,"Colleges, Universities, and Professional Schools|Education and Research|Academic|Validating RPKI ROV"
199649,Enterprise,"Service|Law, Business, and Consulting Services"
207841,ISP,Carrier|Computer and Information Technology|Validating RPKI ROV
216036,ISP,Computer and Information Technology|Internet Service Provider (ISP)
199654,ISP,"Content|Computer and Information Technology|Hosting, Cloud Provider, Data Center, Server Colocation|Internet Service Provider (ISP)"
207846,Eyeball,Computer and Information Technology|Personal ASN|Eyeball
52200,Other,Manufacturing|Automotive and Transportation
44008,Government,"Government and Regulatory Agencies, Administrations, Departments, and Services|Government and Public Administration"
44009,ISP,Hosting and Cloud Provider|Internet Service Provider (ISP)|Software Development|Computer and Information Technology
60395,ISP,Internet Service Provider (ISP)|Computer and Information Technology
199659,ISP,Not Validating RPKI ROV|Internet Service Provider (ISP)|Computer and Information Technology
216039,Other,Computer and Information Technology|Software Development
216047,Unknown,
35825,Other,"Online Informational Content|Content|Media, Publishing, and Broadcasting|Online Music and Video Streaming Services"
35826,ISP,Computer and Information Technology|Validating RPKI ROV|Internet Service Provider (ISP)
44022,Enterprise,"Corporate/Enterprise|Banks, Credit Card Companies, Mortgage Providers|Finance and Insurance"
35831,ISP,"Media, Publishing, and Broadcasting|Computer and Information Technology|Internet Service Provider (ISP)|Service"
35832,Government,"Government and Regulatory Agencies, Administrations, Departments, and Services|Government and Public Administration"
216055,Other,"Museums, Libraries, and Entertainment|Personal ASN|IPv6 only"
199675,ISP,Not Validating RPKI ROV|Finance and Insurance|Insurance Carriers and Agencies
216059,ISP,Computer and Information Technology|Internet Service Provider (ISP)|Software Development
35838,ISP,Not Validating RPKI ROV|Internet Service Provider (ISP)|Computer and Information Technology
199686,Content/CDN,"Software Development|Retail Stores, Wholesale, and E-commerce Sites|Computer and Information Technology|Service"
199688,Other,IPv6 only
216073,ISP,Computer and Information Technology|Internet Service Provider (ISP)
60426,ISP,Internet Service Provider (ISP)|Not Validating RPKI ROV|Computer and Information Technology
60431,Other,Service
207890,ISP,"Internet Service Provider (ISP)|Hosting, Cloud Provider, Data Center, Server Colocation|Retail Stores, Wholesale, and E-commerce Sites|Computer and Information Technology"
44052,ISP,Computer and Information Technology|Internet Service Provider (ISP)|Software Development
216085,Other,Service
60439,ISP,Server Hosting|Internet Service Provider (ISP)|Hosting and Cloud Provider|Computer and Information Technology
60440,ISP,Internet Service Provider (ISP)|Computer and Information Technology
199706,ISP,"Validating RPKI ROV|Law, Business, and Consulting Services|Internet Service Provider (ISP)|Online Informational Content"
207899,Other,Service
207900,Government,"Service|Government and Public Administration|Military, Defense, National Security, and International Affairs"
199710,Other,"Museums, Libraries, and Entertainment|Media, Publishing, and Broadcasting|Online Music and Video Streaming Services|Recreation, Sports, and Performing Arts"
199713,ISP,Computer and Information Technology|Not Validating RPKI ROV|Internet Service Provider (ISP)
199716,ISP,Computer and Information Technology|Internet Service Provider (ISP)
199717,Eyeball,Business Broadband|Computer and Information Technology
199720,Unknown,
216104,Other,Computer and Information Technology|Validating RPKI ROV
207916,ISP,Internet Service Provider (ISP)|Computer and Information Technology|Tor services
216111,Unknown,
60464,Other,"Retail Stores, Wholesale, and E-commerce Sites|Construction and Real Estate|Agriculture, Mining, and Refineries (Farming, Greenhouses, Mining, Forestry, and Animal Farming)"
216115,Other,Manufacturing|Electronics and Computer Components
207924,ISP,Internet Service Provider (ISP)|Computer and Information Technology
207925,ISP,Computer and Information Technology|Internet Service Provider (ISP)
216116,Enterprise,"Law, Business, and Consulting Services|Service"
199735,ISP,"Not Validating RPKI ROV|Retail Stores, Wholesale, and E-commerce Sites|Internet Service Provider (ISP)|Computer and Information Technology"
207927,Content/CDN,"Computer and Information Technology|Electronics and Computer Components|Manufacturing|Hosting, Cloud Provider, Data Center, Server Colocation"
216121,Other,"Online Informational Content|Electronics and Computer Components|Museums, Libraries, and Entertainment|Media, Publishing, and Broadcasting"
199738,ISP,"Media, Publishing, and Broadcasting|Not Validating RPKI ROV|Computer and Information Technology|Radio and Television Providers"
60477,Content/CDN,Computer and Information Technology|Hosting and Cloud Provider
199741,ISP,Internet Service Provider (ISP)|Computer and Information Technology
216126,Eyeball,Eyeball|Technology Consulting Services|Computer and Information Technology|Online Informational Content
207936,Other,Community Groups and Nonprofits
216127,ISP,Server Hosting|Internet Service Provider (ISP)|Computer and Information Technology|Tor services
199748,ISP,Computer and Information Technology|Internet Service Provider (ISP)|Phone Provider
216138,ISP,"Internet Service Provider (ISP)|Retail Stores, Wholesale, and E-commerce Sites|Computer and Information Technology"
216139,ISP,Validating RPKI ROV|Internet Service Provider (ISP)|Computer and Information Technology|Server Hosting
60492,Government,"Computer and Information Technology|Finance and Insurance|Government and Public Administration|Military, Defense, National Security, and International Affairs"
44110,Academic/Edu,"Elementary and Secondary Schools|Education and Research|Government and Public Administration|Government and Regulatory Agencies, Administrations, Departments, and Services"
199764,Other,"Not Validating RPKI ROV|Phone Provider|Media, Publishing, and Broadcasting|Computer and Information Technology"
207957,Content/CDN,"Server Hosting|Manufacturing|Hosting, Cloud Provider, Data Center, Server Colocation|Electronics and Computer Components"
199766,ISP,Software Development|Computer and Information Technology|Internet Service Provider (ISP)
216149,ISP,Computer and Information Technology|Internet Service Provider (ISP)
207960,ISP,"Eyeball|Computer and Information Technology|Internet Service Provider (ISP)|Hosting, Cloud Provider, Data Center, Server Colocation"
60507,Content/CDN,Hosting and Cloud Provider|Computer and Information Technology
207965,Academic/Edu,Education and Research
216157,ISP,Internet Service Provider (ISP)|Computer and Information Technology|IPv6 only
199775,ISP,Eyeball|Validating RPKI ROV|Computer and Information Technology|Internet Service Provider (ISP)
3170,ISP,Carrier|Not Validating RPKI ROV|Computer and Information Technology|Manufacturing
216167,ISP,Internet Service Provider (ISP)|Computer and Information Technology
199785,Other,Tor services
199788,Other,"Museums, Libraries, and Entertainment"
199794,Enterprise,"Food, Grocery, Beverages|Service|Retail Stores, Wholesale, and E-commerce Sites|Law, Business, and Consulting Services"
216179,Government,"Software Development|Government and Public Administration|Computer and Network Security|Media, Publishing, and Broadcasting"
216180,Content/CDN,"Computer and Information Technology|Hosting, Cloud Provider, Data Center, Server Colocation"
199799,Other,Computer and Information Technology|Software Development
207993,ISP,"Retail Stores, Wholesale, and E-commerce Sites|Computer and Information Technology|Internet Service Provider (ISP)"
216186,Other,"Online Informational Content|Media, Publishing, and Broadcasting|Computer and Information Technology|Computer and Network Security"
207995,ISP,Eyeball|Validating RPKI ROV|Internet Service Provider (ISP)|Computer and Information Technology
199804,Other,Computer and Information Technology
60542,Enterprise,"Law, Business, and Consulting Services|Service|Computer and Information Technology|Retail Stores, Wholesale, and E-commerce Sites"
60547,ISP,Computer and Information Technology|Hosting and Cloud Provider|Internet Service Provider (ISP)
3206,Other,Validating RPKI ROV|Travel and Accommodation
3213,ISP,Validating RPKI ROV|Not Validating RPKI ROV|Internet Service Provider (ISP)|Computer and Information Technology
216207,Government,"Government and Public Administration|Government and Regulatory Agencies, Administrations, Departments, and Services"
44176,ISP,"Real Estate (Residential and/or Commercial)|Validating RPKI ROV|Civil Engineering Construction (Utility Lines, Roads and Bridges)|Buildings (Residential or Commercial)"
3220,ISP,Computer and Information Technology|Internet Service Provider (ISP)
199828,ISP,Software Development|Internet Service Provider (ISP)|Computer and Information Technology
208021,Academic/Edu,"Education and Research|Government and Regulatory Agencies, Administrations, Departments, and Services|Government and Public Administration|Personal ASN"
3223,ISP,Content|Validating RPKI ROV|Internet Service Provider (ISP)|Computer and Information Technology
216212,Other,Finance and Insurance|IPv6 only
216217,ISP,Internet Service Provider (ISP)|Computer and Information Technology
208026,Other,"Retail Stores, Wholesale, and E-commerce Sites"
3232,Other,Service
199843,Other,Community Groups and Nonprofits
208035,ISP,Computer and Network Security|Computer and Information Technology|Internet Service Provider (ISP)
44205,ISP,Computer and Information Technology|Internet Service Provider (ISP)
199853,ISP,Not Validating RPKI ROV|Internet Service Provider (ISP)|Computer and Information Technology
199856,Unknown,
60593,Other,Travel and Accommodation|Manufacturing|Automotive and Transportation
216240,Other,Other
208051,Other,"Museums, Libraries, and Entertainment|Software Development|Computer and Information Technology|Community Groups and Nonprofits"
3252,ISP,Internet Service Provider (ISP)|Validating RPKI ROV|Computer and Information Technology
216243,ISP,Service|Internet Service Provider (ISP)|Computer and Information Technology|Personal ASN
44218,ISP,Not Validating RPKI ROV|Computer and Information Technology|Internet Service Provider (ISP)
216254,ISP,"Internet Service Provider (ISP)|Computer and Information Technology|Hosting, Cloud Provider, Data Center, Server Colocation|Personal ASN"
44226,ISP,Insurance Carriers and Agencies|Software Development|Computer and Information Technology|Internet Service Provider (ISP)
60610,ISP,Server Hosting|Validating RPKI ROV|Computer and Information Technology|Internet Service Provider (ISP)
199875,Other,"Software Development|Phone Provider|Computer and Information Technology|Media, Publishing, and Broadcasting"
216265,Other,Content|Computer and Information Technology
199883,ISP,"VPN Host|Computer and Information Technology|Hosting, Cloud Provider, Data Center, Server Colocation|Hosting and Cloud Provider"
199886,ISP,Internet Service Provider (ISP)|Computer and Information Technology
208079,ISP,Computer and Network Security|Computer and Information Technology|Internet Service Provider (ISP)
216274,ISP,Internet Service Provider (ISP)|Computer and Information Technology
199903,ISP,"Government and Public Administration|Military, Defense, National Security, and International Affairs|Computer and Information Technology|Internet Service Provider (ISP)"
60640,Content/CDN,Hosting and Cloud Provider|Computer and Information Technology
208098,Other,Computer and Information Technology|Software Development|Validating RPKI ROV
3300,ISP,Computer and Information Technology|Not Validating RPKI ROV|Internet Service Provider (ISP)
199909,ISP,Software Development|Internet Service Provider (ISP)|Computer and Information Technology
60648,ISP,Hosting and Cloud Provider|Internet Service Provider (ISP)|Software Development|Computer and Information Technology
44268,Other,"Retail Stores, Wholesale, and E-commerce Sites"
199916,Other,Finance and Insurance
60654,Other,Computer and Information Technology
216307,ISP,Software Development|Computer and Information Technology|Internet Service Provider (ISP)
208118,ISP,Computer and Information Technology|Internet Service Provider (ISP)
208120,ISP,Computer and Information Technology|Internet Service Provider (ISP)
208121,Content/CDN,Hosting and Cloud Provider|Computer and Information Technology
208123,ISP,Internet Service Provider (ISP)|Computer and Information Technology
60670,ISP,Eyeball|Not Validating RPKI ROV|Internet Service Provider (ISP)|Computer and Information Technology
60672,ISP,Server Hosting|Not Validating RPKI ROV|Computer and Information Technology|Internet Service Provider (ISP)
142594,Content/CDN,"Content|Hosting, Cloud Provider, Data Center, Server Colocation|Computer and Information Technology|Validating RPKI ROV"
44292,Other,"Retail Stores, Wholesale, and E-commerce Sites|Computer and Information Technology|Health Care Services|Software Development"
60677,Other,Finance and Insurance
216324,ISP,"Carrier|Service|Law, Business, and Consulting Services|Computer and Information Technology"
199944,ISP,Not Validating RPKI ROV|Internet Service Provider (ISP)|Computer and Information Technology
199946,ISP,Software Development|Hosting and Cloud Provider|Computer and Information Technology|Internet Service Provider (ISP)
199948,ISP,Internet Service Provider (ISP)|Computer and Information Technology|Software Development
3344,ISP,Utilities (Excluding Internet Service)|Computer and Information Technology|Internet Service Provider (ISP)
44305,Content/CDN,Hosting and Cloud Provider|Computer and Information Technology
60688,Other,"Retail Stores, Wholesale, and E-commerce Sites"
44307,ISP,Software Development|Internet Service Provider (ISP)|Computer and Information Technology
44308,ISP,Computer and Information Technology|Internet Service Provider (ISP)|Software Development
199957,ISP,Hosting and Cloud Provider|Internet Service Provider (ISP)|Computer and Information Technology|Personal ASN
208147,ISP,Internet Service Provider (ISP)|Computer and Information Technology
208150,Other,Electronics and Computer Components|Manufacturing
216336,Enterprise,"Service|Computer and Information Technology|Law, Business, and Consulting Services|Technology Consulting Services"
199954,Other,"Finance and Insurance|Banks, Credit Card Companies, Mortgage Providers"
44314,Other,Service
60698,ISP,Computer and Information Technology|Internet Service Provider (ISP)
208160,ISP,Computer and Information Technology|Internet Service Provider (ISP)
216354,ISP,Computer and Information Technology|Internet Service Provider (ISP)
60710,ISP,Internet Service Provider (ISP)|Computer and Information Technology
216361,Content/CDN,"Computer and Information Technology|Hosting, Cloud Provider, Data Center, Server Colocation"
60714,ISP,Software Development|Computer and Information Technology|Internet Service Provider (ISP)
44332,Content/CDN,Hosting and Cloud Provider|Computer and Information Technology
216364,Other,Computer and Information Technology|IPv6 only
208174,Other,Manufacturing|Electronics and Computer Components
199984,ISP,Validating RPKI ROV|Computer and Information Technology|Internet Service Provider (ISP)
208176,ISP,Internet Service Provider (ISP)|Computer and Information Technology|Hosting and Cloud Provider
208180,ISP,Not Validating RPKI ROV|Service|Internet Service Provider (ISP)|Hosting and Cloud Provider
216376,Other,Air Travel|Other|Travel and Accommodation
134458,Other,Computer and Information Technology
208189,ISP,Eyeball|Internet Service Provider (ISP)|Computer and Information Technology|Business Broadband
60735,ISP,Internet Service Provider (ISP)|Computer and Information Technology
60736,ISP,"Computer and Network Security|Military, Defense, National Security, and International Affairs|Government and Public Administration|Internet Service Provider (ISP)"
208191,Other,Software Development|Computer and Information Technology
44355,Other,Motor Vehicles and Parts|Automotive and Transportation|Computer and Information Technology|Other
44356,ISP,Server Hosting|Validating RPKI ROV|Internet Service Provider (ISP)|Computer and Information Technology
60739,ISP,Computer and Information Technology|Internet Service Provider (ISP)
44360,Other,"Computer and Information Technology|Retail Stores, Wholesale, and E-commerce Sites"
200008,Other,Computer and Information Technology|Finance and Insurance
44366,Other,Computer and Information Technology
44369,ISP,Not Validating RPKI ROV|Computer and Information Technology|Internet Service Provider (ISP)|Academic
44371,ISP,Computer and Information Technology|Finance and Insurance|Internet Service Provider (ISP)|Software Development
44372,Other,"Construction and Real Estate|Buildings (Residential or Commercial)|Civil Engineering Construction (Utility Lines, Roads and Bridges)"
216405,Content/CDN,"Computer and Information Technology|Hosting, Cloud Provider, Data Center, Server Colocation"
44374,ISP,Computer and Information Technology|Internet Service Provider (ISP)
60758,Enterprise,"Online Music and Video Streaming Services|Service|Law, Business, and Consulting Services|Media, Publishing, and Broadcasting"
60760,Other,"Banks, Credit Card Companies, Mortgage Providers|Finance and Insurance"
60759,ISP,Computer and Information Technology|Software Development|Internet Service Provider (ISP)
200039,Other,"Service|Media, Publishing, and Broadcasting"
216424,ISP,Computer and Information Technology|Software Development|Internet Service Provider (ISP)
216425,Other,Content|Computer and Information Technology
44402,Other,Finance and Insurance
44403,Government,Government and Public Administration|Service|Government|Community Groups and Nonprofits
60787,Other,"Media, Publishing, and Broadcasting|Online Informational Content"
60788,ISP,Internet Service Provider (ISP)|Computer and Information Technology|Service
200052,Content/CDN,Content|Computer and Information Technology|Hosting and Cloud Provider|Tor services
208242,Eyeball,Education and Research|Personal ASN|Eyeball
216437,ISP,Computer and Information Technology|Internet Service Provider (ISP)
60793,ISP,Internet Service Provider (ISP)|Validating RPKI ROV|Computer and Information Technology
36218,ISP,"Hosting and Cloud Provider|Online Informational Content|Media, Publishing, and Broadcasting|Internet Service Provider (ISP)"
216442,ISP,Internet Service Provider (ISP)|Computer and Information Technology
60800,ISP,Carrier|Not Validating RPKI ROV|Internet Service Provider (ISP)|Computer and Information Technology
216454,ISP,Insurance Carriers and Agencies|Finance and Insurance
134536,ISP,"Law, Business, and Consulting Services|Computer and Information Technology|Service|Internet Service Provider (ISP)"
44426,Other,Service
200079,Enterprise,"Computer and Information Technology|Law, Business, and Consulting Services|Technology Consulting Services|Service"
60819,ISP,Anycast|Not Validating RPKI ROV|Computer and Information Technology|Hosting and Cloud Provider
200083,ISP,Computer and Information Technology|Hosting and Cloud Provider|Internet Service Provider (ISP)
60825,Other,Software Development|Service|Computer and Information Technology
44442,Government,"Validating RPKI ROV|Government and Public Administration|Government and Regulatory Agencies, Administrations, Departments, and Services|Government"
44444,ISP,Tranco 10k Host|Validating RPKI ROV|Computer and Information Technology|Internet Service Provider (ISP)
44445,Government,"Military, Defense, National Security, and International Affairs|Computer and Information Technology|Software Development|Computer and Network Security"
200099,Unknown,
200104,Other,"Museums, Libraries, and Entertainment|Service|IPv6 only|Content"
60841,Content/CDN,"Content|Service|Computer and Information Technology|Law, Business, and Consulting Services"
200105,Content/CDN,Computer and Information Technology|Online Informational Content|Service|Hosting and Cloud Provider
208302,Other,"Retail Stores, Wholesale, and E-commerce Sites"
200113,ISP,"Retail Stores, Wholesale, and E-commerce Sites|Computer and Information Technology|Internet Service Provider (ISP)"
60851,Other,Finance and Insurance
208307,ISP,Computer and Information Technology|Internet Service Provider (ISP)|Software Development
208309,Other,Computer and Information Technology|Software Development
44471,Other,"Museums, Libraries, and Entertainment"
208311,Other,Food Services and Drinking Places|Computer and Information Technology|Travel and Accommodation|Service
44474,Other,"Utilities (Excluding Internet Service)|Finance and Insurance|Electric Power Generation, Transmission, Distribution|Investment, Portfolio Management, Pensions and Funds"
200124,ISP,Finance and Insurance|Computer and Information Technology|Internet Service Provider (ISP)|Software Development
36287,ISP,Hosting and Cloud Provider|Computer and Information Technology|Internet Service Provider (ISP)
44480,Enterprise,"Computer and Information Technology|Computer and Network Security|Service|Law, Business, and Consulting Services"
200131,Content/CDN,"Computer and Information Technology|Hosting, Cloud Provider, Data Center, Server Colocation"
60868,Enterprise,"Law, Business, and Consulting Services|Software Development|Service|Media, Publishing, and Broadcasting"
44488,Other,"Online Informational Content|Media, Publishing, and Broadcasting"
208330,ISP,Not Validating RPKI ROV|Computer and Information Technology|Internet Service Provider (ISP)
200143,Enterprise,"Law, Business, and Consulting Services|Computer and Information Technology|Software Development|Service"
208335,Other,"Real Estate (Residential and/or Commercial)|Food, Grocery, Beverages|Retail Stores, Wholesale, and E-commerce Sites|Construction and Real Estate"
200147,ISP,Not Validating RPKI ROV|Internet Service Provider (ISP)|Hosting and Cloud Provider|Computer and Information Technology
60885,Other,Computer and Information Technology|Software Development|Tranco 10k Host
208341,ISP,Phone Provider|Computer and Information Technology|Internet Service Provider (ISP)
200151,Other,Service
44504,ISP,Internet Service Provider (ISP)|Computer and Information Technology|Server Hosting|Content
60890,ISP,Internet Critical Infra|Internet Service Provider (ISP)|Computer and Information Technology|Anycast
44509,ISP,Computer and Information Technology|Internet Service Provider (ISP)
60894,Other,"Electric Power Generation, Transmission, Distribution|Utilities (Excluding Internet Service)|Buildings (Residential or Commercial)|Construction and Real Estate"
60897,Other,"Retail Stores, Wholesale, and E-commerce Sites"
60898,Other,"Freight, Shipment, and Postal Services"
60899,ISP,Computer and Information Technology|Internet Service Provider (ISP)|Hosting and Cloud Provider
44516,ISP,Internet Service Provider (ISP)|Computer and Information Technology
200164,ISP,Health Care Services|Insurance Carriers and Agencies|Finance and Insurance
200167,Enterprise,"Computer and Information Technology|Manufacturing|Service|Law, Business, and Consulting Services"
44521,Other,"Anycast|Museums, Libraries, and Entertainment|Software Development|Computer and Information Technology"
200174,ISP,Not Validating RPKI ROV|Internet Service Provider (ISP)|Computer and Information Technology
60912,Other,"Service|Buildings, Repair, Maintenance (Pest Control, Landscaping, Cleaning, Locksmiths, Car Washes, etc)"
208368,Other,"Computer and Information Technology|Computer and Network Security|Online Informational Content|Media, Publishing, and Broadcasting"
60914,ISP,Internet Service Provider (ISP)|Computer and Information Technology
60922,Content/CDN,Computer and Information Technology|Hosting and Cloud Provider
60925,Academic/Edu,Service|Education Software|Education and Research
208386,Content/CDN,Computer and Information Technology|Hosting and Cloud Provider
44548,Other,Computer and Information Technology|Finance and Insurance
60933,ISP,Not Validating RPKI ROV|Phone Provider|Computer and Information Technology|Internet Service Provider (ISP)
60934,ISP,"Human Rights and Social Advocacy (Human Rights, Environment and Wildlife Conservation, Other)|Computer and Information Technology|Community Groups and Nonprofits|Internet Service Provider (ISP)"
200198,ISP,"Computer and Information Technology|Technology Consulting Services|Media, Publishing, and Broadcasting|Online Informational Content"
208393,Content/CDN,Computer and Information Technology|Hosting and Cloud Provider
208394,Academic/Edu,Education and Research
200203,Unknown,
60945,ISP,"Manufacturing|Electronics and Computer Components|Hosting, Cloud Provider, Data Center, Server Colocation|Computer and Information Technology"
208402,Other,Software Development|Computer and Information Technology|Health Care Services
60949,Other,Service|Not Validating RPKI ROV
60952,Other,Construction and Real Estate|Buildings (Residential or Commercial)|Anycast
208408,Other,"Trucking|Freight, Shipment, and Postal Services|Computer and Information Technology"
44574,Other,Validating RPKI ROV|Travel and Accommodation
208417,Other,Computer and Information Technology|Software Development
60962,Government,"Not Validating RPKI ROV|Government and Regulatory Agencies, Administrations, Departments, and Services|Government and Public Administration"
208420,ISP,Internet Service Provider (ISP)|Computer and Information Technology
60969,ISP,Software Development|Computer and Information Technology|Hosting and Cloud Provider|Internet Service Provider (ISP)
60977,ISP,"Computer and Information Technology|Manufacturing|Internet Service Provider (ISP)|Museums, Libraries, and Entertainment"
200241,Unknown,
60981,ISP,Internet Service Provider (ISP)|Computer and Information Technology
208442,ISP,Online Informational Content|Internet Service Provider (ISP)|Software Development|Service
200251,Other,"Music and Video Industry|Media, Publishing, and Broadcasting"
200260,Unknown,
44617,Other,Finance and Insurance
11856,ISP,"Media, Publishing, and Broadcasting|Computer and Information Technology|Internet Service Provider (ISP)|Music and Video Industry"
61012,Content/CDN,Content|Computer and Information Technology|Hosting and Cloud Provider
200279,Enterprise,"Computer and Information Technology|Software Development|Law, Business, and Consulting Services|Service"
200280,Eyeball,Computer and Information Technology|Software Development|Personal ASN|Eyeball
61024,ISP,Computer and Information Technology|Internet Service Provider (ISP)
36454,Content/CDN,"Tor services|Hosting, Cloud Provider, Data Center, Server Colocation|Computer and Information Technology|Hosting and Cloud Provider"
44646,Other,Service
200299,Other,Finance and Insurance|Software Development|Computer and Information Technology|IPv6 only
200304,ISP,"Computer and Information Technology|Media, Publishing, and Broadcasting|Online Informational Content|Internet Service Provider (ISP)"
61046,ISP,VPN Host|Validating RPKI ROV|Computer and Information Technology|Internet Service Provider (ISP)
61049,ISP,Carrier|Not Validating RPKI ROV|Internet Service Provider (ISP)|Computer and Information Technology
208507,Other,"Investment, Portfolio Management, Pensions and Funds|Banks, Credit Card Companies, Mortgage Providers|Finance and Insurance|Construction and Real Estate"
44671,ISP,Computer and Information Technology|Internet Service Provider (ISP)
208522,ISP,Internet Service Provider (ISP)|Computer and Information Technology
44684,ISP,Content|Validating RPKI ROV|Computer and Information Technology|Internet Service Provider (ISP)
208524,ISP,Internet Service Provider (ISP)|Computer and Information Technology|Software Development
61070,Other,"Finance and Insurance|Accountants, Tax Preparers, Payroll Services"
208533,Content/CDN,Not Validating RPKI ROV|Computer and Information Technology|Hosting and Cloud Provider
44697,ISP,"Computer and Information Technology|Internet Service Provider (ISP)|Media, Publishing, and Broadcasting|Software Development"
61081,ISP,Computer and Information Technology|Internet Service Provider (ISP)
61087,ISP,Computer and Information Technology|Software Development|Internet Service Provider (ISP)
44706,ISP,Internet Service Provider (ISP)|Computer and Information Technology
61093,ISP,Internet Service Provider (ISP)|Computer and Information Technology
61097,ISP,Computer and Information Technology|Internet Service Provider (ISP)
200365,Academic/Edu,IPv6 only|Education and Research
61105,Other,"Software Development|Online Music and Video Streaming Services|Media, Publishing, and Broadcasting|Computer and Information Technology"
200371,ISP,Computer and Information Technology|Internet Service Provider (ISP)|IPv6 only
208563,ISP,Eyeball|Internet Service Provider (ISP)|Computer and Information Technology|Education and Research
208564,Other,"Service|Media, Publishing, and Broadcasting"
61112,Content/CDN,Content|Computer and Information Technology|Tor services|VPN Host
208576,Other,"Museums, Libraries, and Entertainment"
61124,ISP,Eyeball|Not Validating RPKI ROV|Computer and Information Technology|Internet Service Provider (ISP)
61126,Academic/Edu,Education and Research|IPv6 only
44745,Other,Software Development|Finance and Insurance|Community Groups and Nonprofits|Computer and Information Technology
208585,Other,"Retail Stores, Wholesale, and E-commerce Sites"
44749,ISP,Computer and Information Technology|Internet Service Provider (ISP)
208589,ISP,Internet Service Provider (ISP)|Computer and Information Technology|IPv6 only
61135,ISP,Validating RPKI ROV|Hosting and Cloud Provider|Internet Service Provider (ISP)|Computer and Information Technology
208590,Academic/Edu,Education and Research|Validating RPKI ROV|Personal ASN
44754,ISP,"Service|Internet Service Provider (ISP)|Media, Publishing, and Broadcasting|Computer and Information Technology"
200416,Other,Not Validating RPKI ROV|Service|Software Development|Computer and Information Technology
200418,ISP,Internet Service Provider (ISP)|Software Development|Hosting and Cloud Provider|Computer and Information Technology
208612,Eyeball,Education and Research|Personal ASN|Eyeball
200425,Other,Computer and Information Technology|Service|Software Development
200427,Content/CDN,"Hosting, Cloud Provider, Data Center, Server Colocation|Technology Consulting Services|Computer and Information Technology|Law, Business, and Consulting Services"
208621,ISP,Server Hosting|Validating RPKI ROV|Software Development|Internet Service Provider (ISP)
44782,Other,"Finance and Insurance|Investment, Portfolio Management, Pensions and Funds"
208623,ISP,Computer and Information Technology|Internet Service Provider (ISP)
44791,Other,Computer and Information Technology
208632,ISP,Computer and Information Technology|Internet Service Provider (ISP)
208634,Other,Computer and Information Technology
208636,Content/CDN,Server Hosting|Computer and Information Technology|Hosting and Cloud Provider
208638,Government,"Finance and Insurance|Government and Public Administration|Computer and Network Security|Law, Business, and Consulting Services"
200455,ISP,IPv6 only|Internet Service Provider (ISP)|Computer and Information Technology|Anycast
44810,Other,Community Groups and Nonprofits
200468,Enterprise,"Service|Law, Business, and Consulting Services"
200469,Other,"Retail Stores, Wholesale, and E-commerce Sites"
44824,ISP,Computer and Network Security|Computer and Information Technology|Internet Service Provider (ISP)
200473,ISP,"Household Appliances and Electronics|Media, Publishing, and Broadcasting|Computer and Information Technology|Internet Service Provider (ISP)"
208665,Other,"Service|Social Assistance (Temporary Shelters, Emergency Relief, Child Day Care, etc)|Personal ASN"
61215,ISP,Computer and Information Technology|Not Validating RPKI ROV|Internet Service Provider (ISP)
208680,Other,"Retail Stores, Wholesale, and E-commerce Sites|Travel and Accommodation"
200493,Other,"Software Development|Computer and Network Security|Banks, Credit Card Companies, Mortgage Providers|Computer and Information Technology"
61231,ISP,Computer and Information Technology|Validating RPKI ROV|Internet Service Provider (ISP)
208687,ISP,Eyeball|Computer and Information Technology|Internet Service Provider (ISP)|Home ISP
200498,Other,Finance and Insurance
200499,Other,Computer and Network Security|Computer and Information Technology|IPv6 only
208697,Other,"Not Validating RPKI ROV|Retail Stores, Wholesale, and E-commerce Sites"
208699,Other,Personal ASN|IPv6 only|Real Estate (Residential and/or Commercial)|Construction and Real Estate
200508,ISP,Computer and Information Technology|Internet Service Provider (ISP)|Content
61245,ISP,Computer and Information Technology|Internet Service Provider (ISP)
200514,ISP,Server Hosting|Internet Service Provider (ISP)|Computer and Information Technology|Tranco 10k Host
208707,Enterprise,"Service|Law, Business, and Consulting Services"
208711,Content/CDN,Server Hosting|Computer and Information Technology|Hosting and Cloud Provider
61257,Enterprise,"Law, Business, and Consulting Services|Computer and Information Technology|Service"
44874,ISP,Internet Service Provider (ISP)|Computer and Information Technology|Home ISP|Eyeball
208723,Content/CDN,Content|Service|Tor services|Validating RPKI ROV
200535,Enterprise,"Technology Consulting Services|Computer and Information Technology|Service|Law, Business, and Consulting Services"
44891,ISP,Internet Service Provider (ISP)|Computer and Information Technology
200541,ISP,Not Validating RPKI ROV|Internet Service Provider (ISP)|Computer and Information Technology|Computer and Network Security
61281,ISP,"Computer and Information Technology|Media, Publishing, and Broadcasting|Online Informational Content|Internet Service Provider (ISP)"
61283,Content/CDN,Computer and Information Technology|Hosting and Cloud Provider
200552,Content/CDN,Hosting and Cloud Provider|Computer and Information Technology
208755,Eyeball,Service|Eyeball|Personal ASN|Construction and Real Estate
200564,Other,Service
208756,ISP,Computer and Information Technology|Internet Service Provider (ISP)
208765,Other,Computer and Network Security|Software Development|Computer and Information Technology
200581,Other,Computer and Information Technology
44934,ISP,Internet Service Provider (ISP)|Computer and Information Technology
61323,ISP,Tor services|Not Validating RPKI ROV|Computer and Information Technology|Internet Service Provider (ISP)
208781,Other,Not Validating RPKI ROV|Service
208784,Other,Finance and Insurance|Software Development|Computer and Information Technology|Service
44948,Other,"Online Music and Video Streaming Services|Music and Video Industry|Media, Publishing, and Broadcasting|Computer and Information Technology"
200597,ISP,"Software Development|Freight, Shipment, and Postal Services|Computer and Information Technology|Internet Service Provider (ISP)"
61337,ISP,Validating RPKI ROV|Internet Service Provider (ISP)|Computer and Information Technology|Home ISP
44955,ISP,Internet Service Provider (ISP)|Computer and Information Technology
61341,ISP,Software Development|Internet Service Provider (ISP)|Computer and Information Technology|Hosting and Cloud Provider
208802,ISP,Computer and Information Technology|Internet Service Provider (ISP)
208804,ISP,Not Validating RPKI ROV|Internet Service Provider (ISP)|Computer and Information Technology
200614,Content/CDN,"Law, Business, and Consulting Services|Service|Software Development|Hosting and Cloud Provider"
44971,Academic/Edu,"Not Validating RPKI ROV|Education and Research|Colleges, Universities, and Professional Schools|Academic"
200623,ISP,Content|Server Hosting|Computer and Information Technology|Internet Service Provider (ISP)
44980,Other,Community Groups and Nonprofits|Personal ASN
44981,ISP,Validating RPKI ROV|Computer and Information Technology|Internet Service Provider (ISP)
200636,Content/CDN,Content|Server Hosting
61373,ISP,Computer and Information Technology|Internet Service Provider (ISP)
200639,Academic/Edu,Education and Research
208833,ISP,Internet Service Provider (ISP)|Computer and Information Technology
200642,ISP,Carrier|IPv6 only|Internet Service Provider (ISP)|Computer and Information Technology
200652,ISP,Computer and Information Technology|Hosting and Cloud Provider|Internet Service Provider (ISP)|Service
200658,Content/CDN,Hosting and Cloud Provider|Computer and Information Technology
200660,Content/CDN,Computer and Information Technology|Hosting and Cloud Provider
45014,ISP,Content|Not Validating RPKI ROV|Computer and Information Technology|Internet Service Provider (ISP)
200671,Other,Computer and Information Technology|Computer and Network Security
200675,Other,"Utilities (Excluding Internet Service)|Agriculture, Mining, and Refineries (Farming, Greenhouses, Mining, Forestry, and Animal Farming)"
45028,ISP,"Internet Service Provider (ISP)|Media, Publishing, and Broadcasting|Computer and Information Technology|Service"
61414,ISP,Server Hosting|Internet Service Provider (ISP)|Service|Software Development
45033,ISP,Not Validating RPKI ROV|Internet Service Provider (ISP)|Computer and Information Technology|Software Development
200681,ISP,Computer and Information Technology|Internet Service Provider (ISP)
61419,ISP,Computer and Information Technology|Internet Service Provider (ISP)
200682,ISP,Software Development|Internet Service Provider (ISP)|Computer and Information Technology
61427,ISP,Computer and Information Technology|Internet Service Provider (ISP)
200692,ISP,Internet Service Provider (ISP)|Software Development|Computer and Information Technology
208886,Other,Real Estate (Residential and/or Commercial)|Construction and Real Estate
200700,ISP,Computer and Information Technology|Internet Service Provider (ISP)
208893,Other,Content
208895,ISP,Hosting and Cloud Provider|Internet Service Provider (ISP)|Computer and Information Technology
28673,Content/CDN,Hosting and Cloud Provider|Computer and Information Technology
12290,ISP,Internet Service Provider (ISP)|Computer and Information Technology|Server Hosting
200707,ISP,Computer and Information Technology|Internet Service Provider (ISP)|Hosting and Cloud Provider|IPv6 only
200708,Other,"Service|Software Development|Media, Publishing, and Broadcasting|Computer and Information Technology"
200709,Content/CDN,Computer and Information Technology|Hosting and Cloud Provider
208902,Other,Service
208907,ISP,Personal ASN|Computer and Information Technology|Internet Service Provider (ISP)
208908,ISP,Computer and Information Technology|Software Development|Internet Service Provider (ISP)
28690,Other,"Banks, Credit Card Companies, Mortgage Providers|Finance and Insurance"
208915,Other,Anycast|Automotive and Transportation|Manufacturing
20500,ISP,Computer and Information Technology|Internet Service Provider (ISP)
28705,ISP,Computer and Information Technology|Internet Service Provider (ISP)|Software Development|Corporate/Enterprise
200740,Content/CDN,Content|Not Validating RPKI ROV|Hosting and Cloud Provider|Computer and Information Technology
20517,Other,"Service|Online Music and Video Streaming Services|Media, Publishing, and Broadcasting|Computer and Information Technology"
28715,Other,"Human Rights and Social Advocacy (Human Rights, Environment and Wildlife Conservation, Other)|Not Validating RPKI ROV|Community Groups and Nonprofits"
200747,ISP,Internet Service Provider (ISP)|Computer and Information Technology
200751,ISP,Internet Service Provider (ISP)|Computer and Information Technology
200754,Other,IPv6 only|Computer and Information Technology
208949,ISP,Hosting and Cloud Provider|Computer and Information Technology|Internet Service Provider (ISP)
200758,Other,"Food, Grocery, Beverages|Retail Stores, Wholesale, and E-commerce Sites"
28729,Other,"Validating RPKI ROV|Motor Vehicles and Parts|Retail Stores, Wholesale, and E-commerce Sites"
200769,Other,"Recreation, Sports, and Performing Arts|Museums, Libraries, and Entertainment"
20547,ISP,Computer and Information Technology|Internet Service Provider (ISP)
208970,Other,Manufacturing|Automotive and Transportation|Electronics and Computer Components
28757,ISP,Eyeball|Validating RPKI ROV|Internet Service Provider (ISP)|Computer and Information Technology
53335,Other,"Manufacturing|Food, Beverage, and Tobacco"
200800,Other,IPv6 only
20577,Other,"Finance and Insurance|Retail Stores, Wholesale, and E-commerce Sites|Investment, Portfolio Management, Pensions and Funds"
28772,Other,Computer and Information Technology
12390,ISP,Eyeball|Not Validating RPKI ROV|Computer and Information Technology|Internet Service Provider (ISP)
209003,Other,"Service|Media, Publishing, and Broadcasting"
28780,ISP,"Service|Internet Service Provider (ISP)|Retail Stores, Wholesale, and E-commerce Sites|Computer and Information Technology"
28786,ISP,Service|Software Development|Computer and Information Technology|Internet Service Provider (ISP)
20596,ISP,Validating RPKI ROV|Computer and Information Technology|Service|Internet Service Provider (ISP)
209015,Academic/Edu,"Education and Research|Music and Video Industry|Media, Publishing, and Broadcasting"
28792,ISP,Server Hosting|Internet Service Provider (ISP)|Computer and Information Technology
209022,ISP,Eyeball|Computer and Information Technology|Internet Service Provider (ISP)|IPv6 only
200840,Enterprise,"Service|Law, Business, and Consulting Services|IPv6 only"
209035,Other,"Media, Publishing, and Broadcasting"
28816,ISP,Computer and Network Security|Internet Service Provider (ISP)|Computer and Information Technology|IPv6 only
12433,ISP,Computer and Information Technology|Internet Service Provider (ISP)
20629,Content/CDN,Hosting and Cloud Provider|Computer and Information Technology
200870,ISP,Not Validating RPKI ROV|Computer and Information Technology|Internet Service Provider (ISP)
20652,ISP,Not Validating RPKI ROV|Computer and Information Technology|Internet Service Provider (ISP)|Phone Provider
200876,ISP,Computer and Information Technology|Not Validating RPKI ROV|Internet Service Provider (ISP)
28846,Other,Radio and Television Providers|Online Music and Video Streaming Services|Computer and Information Technology|Software Development
12471,ISP,Computer and Information Technology|Internet Service Provider (ISP)
209080,Enterprise,"Food Services and Drinking Places|Travel and Accommodation|Law, Business, and Consulting Services|Service"
209082,Content/CDN,Hosting and Cloud Provider|Computer and Information Technology
45244,Other,"Software Development|Print Media (Newspapers, Magazines, Books)|Media, Publishing, and Broadcasting|Freight, Shipment, and Postal Services"
28863,Other,Service
200898,Other,"Community Groups and Nonprofits|Human Rights and Social Advocacy (Human Rights, Environment and Wildlife Conservation, Other)"
20679,ISP,Hosting and Cloud Provider|Computer and Information Technology|Internet Service Provider (ISP)
12488,ISP,Content|Computer and Information Technology|Hosting and Cloud Provider|Internet Service Provider (ISP)
200904,ISP,Server Hosting|Computer and Information Technology|Internet Service Provider (ISP)|Hosting and Cloud Provider
12496,ISP,Eyeball|Validating RPKI ROV|Computer and Information Technology|Internet Service Provider (ISP)
200917,ISP,"Computer and Information Technology|Law, Business, and Consulting Services|Internet Service Provider (ISP)|Service"
28886,ISP,Carrier|Validating RPKI ROV|Internet Service Provider (ISP)|Computer and Information Technology
20695,Other,Finance and Insurance
200919,Other,Software Development|Computer and Information Technology
209113,Academic/Edu,Education and Research
200927,Content/CDN,"Computer and Information Technology|Hosting, Cloud Provider, Data Center, Server Colocation|IPv6 only"
135392,Content/CDN,"Electronics and Computer Components|Hosting, Cloud Provider, Data Center, Server Colocation|Computer and Information Technology|Manufacturing"
20705,Other,"Tranco 10k Host|Finance and Insurance|Banks, Credit Card Companies, Mortgage Providers"
12519,ISP,Server Hosting|Validating RPKI ROV|Internet Service Provider (ISP)|Computer and Information Technology
20712,ISP,Eyeball|Validating RPKI ROV|Internet Service Provider (ISP)|Computer and Information Technology
209134,ISP,Internet Service Provider (ISP)|Computer and Information Technology
28914,ISP,Not Validating RPKI ROV|Computer and Information Technology|Hosting and Cloud Provider|Internet Service Provider (ISP)
200950,Content/CDN,"Content|Retail Stores, Wholesale, and E-commerce Sites|Validating RPKI ROV|Server Hosting"
200961,Other,Computer and Information Technology
20738,ISP,VPN Host|Computer and Information Technology|Internet Service Provider (ISP)
28934,ISP,Computer and Information Technology|Internet Service Provider (ISP)|Phone Provider
12554,ISP,Hosting and Cloud Provider|Internet Service Provider (ISP)|Computer and Information Technology
28939,ISP,Computer and Information Technology|Not Validating RPKI ROV|Internet Service Provider (ISP)
200973,Other,Manufacturing|Electronics and Computer Components
209181,ISP,Server Hosting|Not Validating RPKI ROV|Internet Service Provider (ISP)|Computer and Information Technology
28959,Other,"Investment, Portfolio Management, Pensions and Funds|Finance and Insurance"
12576,ISP,Eyeball|Not Validating RPKI ROV|Home ISP|Mobile Data/Carrier
200994,ISP,Validating RPKI ROV|Computer and Information Technology|Internet Service Provider (ISP)
201002,ISP,Eyeball|Computer and Information Technology|Internet Service Provider (ISP)
209198,Eyeball,Validating RPKI ROV|Eyeball
209199,ISP,Content|Internet Service Provider (ISP)|Computer and Information Technology|Server Hosting
209210,ISP,Computer and Information Technology|Internet Service Provider (ISP)
12606,ISP,Computer and Information Technology|Hosting and Cloud Provider|Internet Service Provider (ISP)
20799,ISP,Eyeball|Not Validating RPKI ROV|Internet Service Provider (ISP)|Computer and Information Technology
201024,Content/CDN,"Hosting, Cloud Provider, Data Center, Server Colocation|Computer and Information Technology|Technology Consulting Services|Law, Business, and Consulting Services"
209215,Other,"Online Informational Content|Media, Publishing, and Broadcasting"
135492,ISP,Computer and Information Technology|Internet Service Provider (ISP)
12613,Enterprise,Electronics and Computer Components|Manufacturing|Corporate/Enterprise
209220,ISP,Hosting and Cloud Provider|Computer and Information Technology|Internet Service Provider (ISP)|Server Hosting
29006,Content/CDN,Computer and Information Technology|Hosting and Cloud Provider
201038,Other,"Finance and Insurance|Banks, Credit Card Companies, Mortgage Providers"
209230,Other,"Software Development|Retail Stores, Wholesale, and E-commerce Sites|Computer and Information Technology"
29009,ISP,Eyeball|Not Validating RPKI ROV|Internet Service Provider (ISP)|Computer and Information Technology
12628,ISP,Validating RPKI ROV|Computer and Information Technology|Internet Service Provider (ISP)|Service
209237,ISP,Computer and Information Technology|Internet Service Provider (ISP)
29016,Academic/Edu,Education and Research
29017,ISP,Carrier|Computer and Information Technology|Internet Service Provider (ISP)|Server Hosting
29019,Academic/Edu,Software Development|Service|Research and Development Organizations|Computer and Information Technology
209243,Content/CDN,"Server Hosting|Electronics and Computer Components|Computer and Information Technology|Hosting, Cloud Provider, Data Center, Server Colocation"
12640,ISP,"Computer and Information Technology|Law, Business, and Consulting Services|Hosting and Cloud Provider|Internet Service Provider (ISP)"
12641,Other,Service
20832,ISP,Internet Service Provider (ISP)|Computer and Information Technology
29026,ISP,Finance and Insurance|Insurance Carriers and Agencies
201060,Other,Computer and Information Technology
4455,ISP,Carrier|Not Validating RPKI ROV|Computer and Information Technology|Internet Service Provider (ISP)
12647,ISP,Internet Service Provider (ISP)|Hosting and Cloud Provider|Computer and Information Technology|IPv6 only
29033,ISP,"Computer and Information Technology|Service|Banks, Credit Card Companies, Mortgage Providers|Internet Service Provider (ISP)"
20842,ISP,Not Validating RPKI ROV|Computer and Information Technology|Internet Service Provider (ISP)
209260,Other,"Retail Stores, Wholesale, and E-commerce Sites|Tor services"
209264,ISP,Computer and Information Technology|Internet Service Provider (ISP)
29045,ISP,Internet Service Provider (ISP)|Software Development|Computer and Information Technology
29048,Other,"Finance and Insurance|Retail Stores, Wholesale, and E-commerce Sites|Investment, Portfolio Management, Pensions and Funds|Computer and Information Technology"
209274,Other,Not Validating RPKI ROV|Manufacturing|Electronics and Computer Components|Tranco 10k Host
20859,Other,"Banks, Credit Card Companies, Mortgage Providers|Finance and Insurance"
20860,ISP,Content|Not Validating RPKI ROV|Internet Service Provider (ISP)|Hosting and Cloud Provider
201093,ISP,Travel and Accommodation|Internet Service Provider (ISP)|Computer and Information Technology|Software Development
12678,ISP,Corporate/Enterprise|Not Validating RPKI ROV|Internet Service Provider (ISP)|Software Development
201101,Other,Service
20878,ISP,Internet Service Provider (ISP)|Computer and Information Technology
209297,Other,Computer and Information Technology|Anycast
201106,ISP,Internet Service Provider (ISP)|Not Validating RPKI ROV|Hosting and Cloud Provider|Computer and Information Technology
201115,Other,Computer and Information Technology
12701,Other,"Banks, Credit Card Companies, Mortgage Providers|Finance and Insurance"
12703,ISP,Internet Service Provider (ISP)|Not Validating RPKI ROV|Computer and Information Technology
12708,ISP,Not Validating RPKI ROV|Internet Service Provider (ISP)|Computer and Information Technology|Home ISP
201126,ISP,Corporate/Enterprise|Internet Service Provider (ISP)|Computer and Information Technology
209318,Other,"Human Rights and Social Advocacy (Human Rights, Environment and Wildlife Conservation, Other)|Community Groups and Nonprofits"
201131,Other,"Personal ASN|Not Validating RPKI ROV|Retail Stores, Wholesale, and E-commerce Sites"
209324,Other,Not Validating RPKI ROV|Computer and Information Technology|Software Development|Service
209326,Other,"Manufacturing|Retail Stores, Wholesale, and E-commerce Sites|Chemical and Pharmaceutical Manufacturing"
209329,ISP,Not Validating RPKI ROV|Computer and Information Technology|Service|Internet Service Provider (ISP)
20915,ISP,Internet Service Provider (ISP)|Computer and Information Technology
29107,ISP,Eyeball|Validating RPKI ROV|Internet Service Provider (ISP)|Computer and Information Technology
209336,ISP,Computer and Information Technology|Internet Service Provider (ISP)
209340,Academic/Edu,Education and Research
209341,ISP,Tor services|Computer and Information Technology|Internet Service Provider (ISP)
29120,Enterprise,"Law, Business, and Consulting Services|Service"
29131,ISP,Internet Service Provider (ISP)|Computer and Information Technology|VPN Host
201164,Enterprise,"Service|Law, Business, and Consulting Services|Software Development|Computer and Information Technology"
12755,ISP,"Service|Law, Business, and Consulting Services|Internet Service Provider (ISP)|Hosting and Cloud Provider"
209363,ISP,"Service|Law, Business, and Consulting Services|Internet Service Provider (ISP)|Hosting and Cloud Provider"
209364,Eyeball,Computer and Information Technology|Eyeball
12761,ISP,"Computer and Information Technology|Validating RPKI ROV|Law, Business, and Consulting Services|Hosting and Cloud Provider"
20955,Academic/Edu,Education and Research
12775,ISP,Server Hosting|Internet Service Provider (ISP)|Computer and Information Technology|Validating RPKI ROV
15565,ISP,Computer and Information Technology|Internet Service Provider (ISP)|Hosting and Cloud Provider
29164,ISP,Internet Service Provider (ISP)|Hosting and Cloud Provider|Computer and Information Technology
209391,Other,Computer and Information Technology
20976,ISP,Internet Service Provider (ISP)|Computer and Information Technology
12789,Enterprise,"Service|Not Validating RPKI ROV|Computer and Information Technology|Media, Publishing, and Broadcasting"
29180,ISP,Eyeball|Computer and Information Technology|Internet Service Provider (ISP)
209413,ISP,"Computer and Information Technology|Military, Defense, National Security, and International Affairs|Internet Service Provider (ISP)|Government and Public Administration"
209414,Other,"Agriculture, Mining, and Refineries (Farming, Greenhouses, Mining, Forestry, and Animal Farming)"
209417,ISP,Computer and Information Technology|Internet Service Provider (ISP)|Personal ASN
201226,Other,Manufacturing|Automotive and Transportation
29197,Other,"Finance and Insurance|Banks, Credit Card Companies, Mortgage Providers"
201230,ISP,"Insurance Carriers and Agencies|Government and Public Administration|Finance and Insurance|Other Government and Regulatory Agencies, Administrations, Departments, and Services"
29200,ISP,Computer and Information Technology|Internet Service Provider (ISP)|Phone Provider|Software Development
29202,Other,"Media, Publishing, and Broadcasting|Service"
61972,ISP,Internet Service Provider (ISP)|Computer and Information Technology|Manufacturing|Automotive and Transportation
61977,Eyeball,Computer and Information Technology|Software Development|Corporate/Enterprise|Eyeball
61978,Content/CDN,"Hosting, Cloud Provider, Data Center, Server Colocation|Computer and Information Technology"
29214,Government,"Human Rights and Social Advocacy (Human Rights, Environment and Wildlife Conservation, Other)|Government and Public Administration|Government and Regulatory Agencies, Administrations, Departments, and Services|Community Groups and Nonprofits"
29219,Unknown,
209447,ISP,Internet Service Provider (ISP)|Computer and Information Technology|Content
201258,Other,Computer and Information Technology
209452,ISP,Construction and Real Estate|Computer and Information Technology|Internet Service Provider (ISP)
201261,Other,"Recreation, Sports, and Performing Arts|Museums, Libraries, and Entertainment|Music and Video Industry|Media, Publishing, and Broadcasting"
201266,Other,Service
12852,ISP,Computer and Information Technology|Hosting and Cloud Provider|Internet Service Provider (ISP)
201277,ISP,Computer and Information Technology|Validating RPKI ROV|Internet Service Provider (ISP)|Hosting and Cloud Provider
21054,ISP,Computer and Information Technology|Internet Service Provider (ISP)
62016,ISP,"Media, Publishing, and Broadcasting|Computer and Information Technology|Internet Service Provider (ISP)"
201280,ISP,"Computer and Information Technology|Law, Business, and Consulting Services|Internet Service Provider (ISP)|Software Development"
12870,ISP,Internet Service Provider (ISP)|Hosting and Cloud Provider|Computer and Information Technology
201289,ISP,"Computer and Information Technology|Law, Business, and Consulting Services|Internet Service Provider (ISP)|Service"
12878,ISP,"Law, Business, and Consulting Services|Computer and Information Technology|Hosting and Cloud Provider|Internet Service Provider (ISP)"
12884,Other,Service
21077,ISP,Internet Service Provider (ISP)|Not Validating RPKI ROV|Computer and Information Technology|Software Development
201301,Other,Software Development|Computer and Information Technology
201303,ISP,Internet Critical Infra|Anycast|Internet Service Provider (ISP)|Computer and Information Technology
201304,ISP,Internet Critical Infra|Anycast|Internet Service Provider (ISP)|Computer and Information Technology
209493,ISP,"Validating RPKI ROV|Retail Stores, Wholesale, and E-commerce Sites|Computer and Information Technology|Internet Service Provider (ISP)"
209503,Content/CDN,"Hosting, Cloud Provider, Data Center, Server Colocation|Computer and Information Technology|Manufacturing|Electronics and Computer Components"
209505,ISP,Computer and Information Technology|Internet Service Provider (ISP)
209507,ISP,Computer and Information Technology|Internet Service Provider (ISP)|IPv6 only|Content
201316,Other,"Banks, Credit Card Companies, Mortgage Providers|Retail Stores, Wholesale, and E-commerce Sites|Finance and Insurance"
21099,Other,"Software Development|Computer and Information Technology|Retail Stores, Wholesale, and E-commerce Sites"
62059,ISP,Internet Service Provider (ISP)|Not Validating RPKI ROV|Computer and Information Technology
201323,ISP,Validating RPKI ROV|Computer and Information Technology|Internet Service Provider (ISP)
201327,ISP,"Computer and Information Technology|Law, Business, and Consulting Services|Internet Service Provider (ISP)|Service"
29297,ISP,Not Validating RPKI ROV|Internet Service Provider (ISP)|Computer and Information Technology
201335,Other,Community Groups and Nonprofits|IPv6 only
62079,Other,"Service|Media, Publishing, and Broadcasting"
209536,Other,"Electric Power Generation, Transmission, Distribution|Investment, Portfolio Management, Pensions and Funds|Utilities (Excluding Internet Service)|Finance and Insurance"
209540,Other,"Not Validating RPKI ROV|Air Travel|Hotels, Motels, Inns, Other Traveler Accommodation|Travel and Accommodation"
201351,Other,Buildings (Residential or Commercial)|Construction and Real Estate|IPv6 only
201353,ISP,Computer and Information Technology|Internet Service Provider (ISP)|Personal ASN
21130,ISP,Hosting and Cloud Provider|Validating RPKI ROV|Computer and Information Technology|VPN Host
201357,ISP,Internet Service Provider (ISP)|Software Development|Computer and Information Technology
201358,Other,"Finance and Insurance|Investment, Portfolio Management, Pensions and Funds|Computer and Information Technology"
209557,Other,"Buildings, Repair, Maintenance (Pest Control, Landscaping, Cleaning, Locksmiths, Car Washes, etc)|Service|IPv6 only"
12953,ISP,"Computer and Information Technology|Internet Service Provider (ISP)|Software Development|Investment, Portfolio Management, Pensions and Funds"
209565,ISP,IPv6 only|Internet Service Provider (ISP)|Computer and Information Technology
201375,ISP,Service|Internet Service Provider (ISP)|Computer and Information Technology|Software Development
62112,ISP,"Media, Publishing, and Broadcasting|Internet Service Provider (ISP)|Computer and Information Technology|Music and Video Industry"
21160,ISP,Finance and Insurance|Insurance Carriers and Agencies
4785,ISP,Internet Service Provider (ISP)|Validating RPKI ROV|Computer and Information Technology
201398,Content/CDN,Server Hosting|Software Development|Computer and Information Technology
209594,Other,Computer and Information Technology|Software Development
209600,Other,"Print Media (Newspapers, Magazines, Books)|Media, Publishing, and Broadcasting|Computer and Information Technology|IPv6 only"
62145,Other,"Other|Metal, Glass, Wood, and Paper Manufacturing"
201409,Content/CDN,"Computer and Information Technology|Electronics and Computer Components|Manufacturing|Hosting, Cloud Provider, Data Center, Server Colocation"
21188,Other,Service
209606,Content/CDN,"IPv6 only|Hosting, Cloud Provider, Data Center, Server Colocation|Service|Law, Business, and Consulting Services"
209609,ISP,Internet Service Provider (ISP)|Computer and Information Technology
13002,ISP,Internet Service Provider (ISP)|Computer and Information Technology
209611,ISP,Not Validating RPKI ROV|Computer and Information Technology|Internet Service Provider (ISP)
13005,ISP,Computer and Information Technology|Internet Service Provider (ISP)
201422,Other,"Retail Stores, Wholesale, and E-commerce Sites"
13009,ISP,Carrier|Not Validating RPKI ROV|Computer and Information Technology|Internet Service Provider (ISP)
62163,ISP,Computer and Information Technology|Internet Service Provider (ISP)
21206,Other,Computer and Information Technology
29400,Other,Finance and Insurance|Validating RPKI ROV
13017,ISP,Internet Service Provider (ISP)|Computer and Information Technology
201432,ISP,Service|Internet Service Provider (ISP)|Computer and Information Technology
201433,Other,"Service|Personal Care and Lifestyle (Barber Shops, Nail Salons, Diet Centers, Laundry, etc)"
62172,ISP,Carrier|Computer and Information Technology|Internet Service Provider (ISP)|Server Hosting
201437,Other,Computer and Information Technology
29409,ISP,Internet Service Provider (ISP)|Computer and Information Technology
21218,Content/CDN,Not Validating RPKI ROV|Computer and Information Technology|Hosting and Cloud Provider
209635,ISP,Internet Service Provider (ISP)|Computer and Information Technology|Phone Provider|Software Development
209641,Content/CDN,Tor services|Education and Research|Server Hosting
13037,ISP,Eyeball|Validating RPKI ROV|Internet Service Provider (ISP)|Computer and Information Technology
62189,ISP,Computer and Information Technology|Internet Service Provider (ISP)
21233,ISP,"Internet Service Provider (ISP)|Media, Publishing, and Broadcasting|Computer and Information Technology|Online Informational Content"
62195,Other,"Utilities (Excluding Internet Service)|Agriculture, Mining, and Refineries (Farming, Greenhouses, Mining, Forestry, and Animal Farming)|Construction and Real Estate"
201467,Other,Construction and Real Estate|Real Estate (Residential and/or Commercial)|Manufacturing
201471,ISP,Software Development|Computer and Information Technology|Internet Service Provider (ISP)|Hosting and Cloud Provider
45828,ISP,Computer and Information Technology|Internet Service Provider (ISP)
209669,Other,Content|Personal ASN|Service
29446,ISP,Internet Service Provider (ISP)|Not Validating RPKI ROV|Computer and Information Technology
201478,Other,"Investment, Portfolio Management, Pensions and Funds|Finance and Insurance"
62217,ISP,VPN Host|Computer and Information Technology|Internet Service Provider (ISP)|Software Development
21260,ISP,Validating RPKI ROV|Computer and Information Technology|Internet Service Provider (ISP)|Hosting and Cloud Provider
29452,ISP,Server Hosting|Computer and Information Technology|Internet Service Provider (ISP)|Hosting and Cloud Provider
201487,Other,Computer and Network Security|Computer and Information Technology|Software Development|Personal ASN
62224,ISP,Internet Service Provider (ISP)|Service|Software Development|Hosting and Cloud Provider
29457,ISP,Server Hosting|Not Validating RPKI ROV|Finance and Insurance|Internet Service Provider (ISP)
21267,ISP,Computer and Information Technology|Validating RPKI ROV|Internet Service Provider (ISP)
13076,ISP,"Computer and Information Technology|Internet Service Provider (ISP)|Media, Publishing, and Broadcasting"
62227,ISP,Validating RPKI ROV|Internet Service Provider (ISP)|Computer and Information Technology
201493,ISP,"Computer and Information Technology|Media, Publishing, and Broadcasting|Internet Service Provider (ISP)|Software Development"
201497,Enterprise,"Law, Business, and Consulting Services|Service"
209693,Other,Tor services|Service|Validating RPKI ROV
62240,ISP,"Content|Validating RPKI ROV|Media, Publishing, and Broadcasting|Online Informational Content"
29474,ISP,Computer and Information Technology|Internet Service Provider (ISP)
201506,ISP,Internet Service Provider (ISP)|Computer and Information Technology
62244,Other,"Content|Churches and Religious Organizations|Computer and Information Technology|Media, Publishing, and Broadcasting"
201508,ISP,Validating RPKI ROV|Computer and Information Technology|Internet Service Provider (ISP)|Eyeball
29478,Other,Anycast|Personal ASN|IPv6 only
62246,ISP,"Personal ASN|Hosting and Cloud Provider|Internet Service Provider (ISP)|Museums, Libraries, and Entertainment"
62249,Other,Manufacturing|Automotive and Transportation|Travel and Accommodation
209710,Content/CDN,"Server Hosting|Recreation, Sports, and Performing Arts|Museums, Libraries, and Entertainment"
21296,Other,"Accountants, Tax Preparers, Payroll Services|Finance and Insurance"
21301,ISP,Computer and Information Technology|Internet Service Provider (ISP)
201528,Other,Manufacturing|Health Care Services
201529,Other,Manufacturing|Health Care Services|IPv6 only
62267,ISP,Validating RPKI ROV|Internet Service Provider (ISP)|Computer and Information Technology
209723,ISP,Computer and Information Technology|Internet Service Provider (ISP)
201536,ISP,Software Development|Computer and Information Technology|Internet Service Provider (ISP)|Hosting and Cloud Provider
62273,Other,Computer and Information Technology
29506,ISP,"Internet Service Provider (ISP)|Investment, Portfolio Management, Pensions and Funds|Software Development|Finance and Insurance"
13126,ISP,Computer and Information Technology|Validating RPKI ROV|Internet Service Provider (ISP)
201542,ISP,"Software Development|Media, Publishing, and Broadcasting|Computer and Information Technology|Law, Business, and Consulting Services"
209734,ISP,Computer and Information Technology|Internet Service Provider (ISP)|Hosting and Cloud Provider|Software Development
21321,ISP,Computer and Information Technology|Internet Service Provider (ISP)
209735,ISP,Server Hosting|Computer and Information Technology|Internet Service Provider (ISP)|Validating RPKI ROV
209738,ISP,"Internet Service Provider (ISP)|Computer and Information Technology|Retail Stores, Wholesale, and E-commerce Sites|Hosting and Cloud Provider"
21327,ISP,Computer and Information Technology|Internet Service Provider (ISP)|Manufacturing|Phone Provider
29527,ISP,"Eyeball|Government and Public Administration|Military, Defense, National Security, and International Affairs|Computer and Information Technology"
13144,ISP,Internet Service Provider (ISP)|Computer and Information Technology
21339,ISP,Internet Service Provider (ISP)|Validating RPKI ROV|Computer and Information Technology
62299,Other,Service
209756,Content/CDN,Hosting and Cloud Provider|Computer and Information Technology
45919,Other,Finance and Insurance|Construction and Real Estate|Real Estate (Residential and/or Commercial)
201567,ISP,Computer and Information Technology|Internet Service Provider (ISP)|IPv6 only
21345,ISP,Computer and Information Technology|Internet Service Provider (ISP)
21346,Content/CDN,Hosting and Cloud Provider|Computer and Information Technology
45921,Other,Finance and Insurance
209761,Other,Not Validating RPKI ROV|Service
209762,ISP,"Internet Service Provider (ISP)|Hosting, Cloud Provider, Data Center, Server Colocation|Computer and Information Technology|Retail Stores, Wholesale, and E-commerce Sites"
209765,Enterprise,"Computer and Information Technology|Law, Business, and Consulting Services|Service"
201576,Unknown,
62313,ISP,Internet Service Provider (ISP)|Not Validating RPKI ROV|Computer and Information Technology
201579,ISP,Internet Service Provider (ISP)|Computer and Information Technology
21356,ISP,Software Development|Internet Service Provider (ISP)|Hosting and Cloud Provider|Computer and Information Technology
201580,ISP,Hosting and Cloud Provider|Internet Service Provider (ISP)|Software Development|Computer and Information Technology
29550,ISP,Eyeball|Not Validating RPKI ROV|Computer and Information Technology|Internet Service Provider (ISP)
209771,ISP,IPv6 only|Internet Service Provider (ISP)|Technology Consulting Services|Computer and Information Technology
209777,ISP,Computer and Information Technology|Internet Service Provider (ISP)
13173,Other,Computer and Information Technology
21369,ISP,Service|Technology Consulting Services|Internet Service Provider (ISP)|Computer and Information Technology
21371,ISP,Computer and Information Technology|Internet Service Provider (ISP)
29575,Other,"Finance and Insurance|Online Informational Content|Media, Publishing, and Broadcasting"
62346,Other,Computer and Information Technology
201616,ISP,IPv6 only|Not Validating RPKI ROV|Internet Service Provider (ISP)|Computer and Information Technology
209808,Academic/Edu,Education and Research|IPv6 only|Personal ASN
209809,Other,Service
21396,ISP,Internet Critical Infra|Internet Service Provider (ISP)|Computer and Information Technology|Server Hosting
13205,ISP,"Hosting, Cloud Provider, Data Center, Server Colocation|Not Validating RPKI ROV|Computer and Information Technology|Internet Service Provider (ISP)"
62364,Government,"Government and Public Administration|Government and Regulatory Agencies, Administrations, Departments, and Services|Government"
13213,Content/CDN,Content|Validating RPKI ROV|Computer and Information Technology|Hosting and Cloud Provider
13217,ISP,Internet Service Provider (ISP)|Computer and Information Technology
13218,Other,Software Development|Computer and Information Technology
29606,ISP,VPN Host|Not Validating RPKI ROV|Internet Service Provider (ISP)|Computer and Information Technology
62374,Other,Construction and Real Estate|Buildings (Residential or Commercial)|Personal ASN
29611,ISP,Eyeball|Validating RPKI ROV|Computer and Information Technology|Internet Service Provider (ISP)
21422,ISP,Internet Service Provider (ISP)|Software Development|Computer and Information Technology
209838,ISP,Computer and Information Technology|Internet Service Provider (ISP)
21433,ISP,Internet Service Provider (ISP)|Service|Computer and Information Technology|Construction and Real Estate
29626,Government,"Government and Regulatory Agencies, Administrations, Departments, and Services|Government and Public Administration|Government"
201657,ISP,Computer and Information Technology|Internet Service Provider (ISP)
21439,Enterprise,"Finance and Insurance|Investment, Portfolio Management, Pensions and Funds|Law, Business, and Consulting Services|Service"
201664,Unknown,
209858,Other,"Online Informational Content|Media, Publishing, and Broadcasting"
62403,Enterprise,"Service|Law, Business, and Consulting Services"
29636,ISP,VPN Host|Not Validating RPKI ROV|Computer and Information Technology|Internet Service Provider (ISP)
21448,ISP,Computer and Information Technology|Internet Service Provider (ISP)|Hosting and Cloud Provider
62408,ISP,Internet Service Provider (ISP)|Computer and Information Technology
201676,Enterprise,"Service|Law, Business, and Consulting Services"
209869,Content/CDN,Hosting and Cloud Provider|Computer and Information Technology|Personal ASN
29646,ISP,"Investment, Portfolio Management, Pensions and Funds|Computer and Information Technology|Software Development|Internet Service Provider (ISP)"
209870,ISP,Carrier|Computer and Information Technology
62417,ISP,"Freight, Shipment, and Postal Services|Computer and Information Technology|Internet Service Provider (ISP)|Software Development"
21459,ISP,"Law, Business, and Consulting Services|Health Care Services|Internet Service Provider (ISP)|Software Development"
21464,Other,Service
201690,ISP,Computer and Information Technology|Internet Service Provider (ISP)
62428,Other,Manufacturing|Machinery|Electronics and Computer Components
21470,ISP,Validating RPKI ROV|Hosting and Cloud Provider|Computer and Information Technology|Computer and Network Security
201694,Other,"Civil Engineering Construction (Utility Lines, Roads and Bridges)|Buildings (Residential or Commercial)|Retail Stores, Wholesale, and E-commerce Sites|Construction and Real Estate"
21472,ISP,Internet Service Provider (ISP)|Not Validating RPKI ROV|Computer and Information Technology
5089,ISP,Eyeball|Validating RPKI ROV|Internet Service Provider (ISP)|Computer and Information Technology
29664,ISP,Hosting and Cloud Provider|Not Validating RPKI ROV|Internet Service Provider (ISP)|Computer and Information Technology
136162,ISP,Computer and Information Technology|Internet Service Provider (ISP)
29668,ISP,Server Hosting|Computer and Information Technology|Internet Service Provider (ISP)
13285,ISP,Eyeball|Not Validating RPKI ROV|Internet Service Provider (ISP)|Computer and Information Technology
201696,Government,"Government and Regulatory Agencies, Administrations, Departments, and Services|Government and Public Administration"
209888,ISP,Computer and Information Technology|Internet Service Provider (ISP)|Service|Software Development
209899,ISP,Internet Service Provider (ISP)|Computer and Information Technology
29676,ISP,Computer and Information Technology|Internet Service Provider (ISP)
201714,Other,Not Validating RPKI ROV
201715,ISP,Internet Service Provider (ISP)|Computer and Information Technology
21493,ISP,Internet Service Provider (ISP)|Hosting and Cloud Provider|Software Development|Computer and Information Technology
201738,Other,"Construction and Real Estate|Real Estate (Residential and/or Commercial)|Agriculture, Mining, and Refineries (Farming, Greenhouses, Mining, Forestry, and Animal Farming)"
201739,ISP,Computer and Information Technology|Internet Service Provider (ISP)
209931,ISP,Not Validating RPKI ROV|Computer and Information Technology|Internet Service Provider (ISP)
201755,ISP,"Computer and Information Technology|Law, Business, and Consulting Services|Internet Service Provider (ISP)|Service"
201758,Other,Computer and Information Technology
201762,Government,"Government and Public Administration|Government and Regulatory Agencies, Administrations, Departments, and Services|Government"
201765,Other,Computer and Information Technology
201773,Academic/Edu,"Colleges, Universities, and Professional Schools|Education and Research|Academic|Tranco 10k Host"
29754,Academic/Edu,"Colleges, Universities, and Professional Schools|Education and Research"
201798,ISP,Computer and Information Technology|Internet Service Provider (ISP)|Home ISP|Server Hosting
201799,ISP,Internet Service Provider (ISP)|Computer and Information Technology
201802,Other,Computer and Information Technology
209997,Other,"Retail Stores, Wholesale, and E-commerce Sites"
209999,Other,"Museums, Libraries, and Entertainment|Recreation, Sports, and Performing Arts"
201811,Other,Service|Real Estate (Residential and/or Commercial)|Construction and Real Estate
210005,ISP,"Service|Law, Business, and Consulting Services|Software Development|Internet Service Provider (ISP)"
201815,Other,"IPv6 only|Community Groups and Nonprofits|Human Rights and Social Advocacy (Human Rights, Environment and Wildlife Conservation, Other)"
201824,Other,Computer and Information Technology|Software Development
201830,Government,"Government and Public Administration|Government and Regulatory Agencies, Administrations, Departments, and Services"
201831,Other,Finance and Insurance
210025,Academic/Edu,Personal ASN|Education and Research|Validating RPKI ROV
201838,ISP,Eyeball|Validating RPKI ROV|Computer and Information Technology|Internet Service Provider (ISP)
201854,ISP,Internet Service Provider (ISP)|Computer and Information Technology
201855,Other,"Not Validating RPKI ROV|Finance and Insurance|Investment, Portfolio Management, Pensions and Funds"
201862,ISP,Computer and Information Technology|Internet Service Provider (ISP)|Hosting and Cloud Provider
210054,Other,Not Validating RPKI ROV|Utilities (Excluding Internet Service)
201864,ISP,Computer and Information Technology|Internet Service Provider (ISP)
201867,ISP,Phone Provider|Computer and Information Technology|Internet Service Provider (ISP)
210062,ISP,Internet Service Provider (ISP)|Computer and Information Technology
210087,ISP,Internet Service Provider (ISP)|Computer and Information Technology
210090,Other,"Museums, Libraries, and Entertainment|Food Services and Drinking Places|Recreation, Sports, and Performing Arts|Travel and Accommodation"
201902,ISP,Software Development|Computer and Information Technology|Internet Service Provider (ISP)
201903,ISP,Internet Service Provider (ISP)|Software Development|Computer and Information Technology
210096,ISP,Computer and Information Technology|Internet Service Provider (ISP)
46257,ISP,"Media, Publishing, and Broadcasting|Computer and Information Technology|Internet Service Provider (ISP)|Software Development"
210097,Content/CDN,Computer and Information Technology|Hosting and Cloud Provider|Server Hosting
210099,Other,Computer and Information Technology|Not Validating RPKI ROV
210101,Other,Computer and Information Technology
54470,Enterprise,Software Development|Computer and Information Technology|Phone Provider|Service
201930,Other,"Service|Media, Publishing, and Broadcasting"
201933,ISP,Internet Service Provider (ISP)|Not Validating RPKI ROV|Computer and Information Technology
201941,Other,Health Care Services|Hospitals and Medical Centers
201949,ISP,Internet Service Provider (ISP)|Computer and Information Technology
201971,ISP,Content|Not Validating RPKI ROV|Computer and Information Technology|Internet Service Provider (ISP)
210164,ISP,"Retail Stores, Wholesale, and E-commerce Sites|Computer and Information Technology|Internet Service Provider (ISP)|Hosting and Cloud Provider"
201980,ISP,Computer and Information Technology|Internet Service Provider (ISP)
5378,ISP,Eyeball|Not Validating RPKI ROV|Computer and Information Technology|Internet Service Provider (ISP)
201988,Content/CDN,Server Hosting
210187,ISP,Manufacturing|Internet Service Provider (ISP)|Software Development|Finance and Insurance
5388,ISP,Computer and Information Technology|Internet Service Provider (ISP)
210192,Other,"Museums, Libraries, and Entertainment"
5400,ISP,Carrier|Not Validating RPKI ROV|Computer and Information Technology|Internet Service Provider (ISP)
210203,ISP,Computer and Information Technology|Internet Service Provider (ISP)|Carrier
202013,ISP,Software Development|Not Validating RPKI ROV|Internet Service Provider (ISP)|Computer and Information Technology
210206,ISP,"Service|Buildings, Repair, Maintenance (Pest Control, Landscaping, Cleaning, Locksmiths, Car Washes, etc)|Computer and Information Technology|Internet Service Provider (ISP)"
210208,Other,"Not Validating RPKI ROV|Media, Publishing, and Broadcasting|Software Development|Phone Provider"
202020,ISP,Business Broadband|Not Validating RPKI ROV|Internet Service Provider (ISP)|Computer and Information Technology
5413,ISP,Eyeball|Not Validating RPKI ROV|Internet Service Provider (ISP)|Computer and Information Technology
210216,ISP,"Law, Business, and Consulting Services|Service|Computer and Information Technology|Community Groups and Nonprofits"
202027,Enterprise,"Law, Business, and Consulting Services|Service"
5428,ISP,Computer and Information Technology|Internet Service Provider (ISP)
202038,Other,"Media, Publishing, and Broadcasting|Not Validating RPKI ROV|Online Music and Video Streaming Services"
202051,Other,"Buildings, Repair, Maintenance (Pest Control, Landscaping, Cleaning, Locksmiths, Car Washes, etc)|Service|Freight, Shipment, and Postal Services"
202052,ISP,Not Validating RPKI ROV|Computer and Information Technology|Internet Service Provider (ISP)
210253,ISP,Internet Service Provider (ISP)|Computer and Information Technology
210258,ISP,Internet Service Provider (ISP)|Validating RPKI ROV|Computer and Information Technology|Phone Provider
5459,Other,Validating RPKI ROV|Search|Computer and Information Technology|Community Groups and Nonprofits
202067,ISP,Internet Service Provider (ISP)|Computer and Information Technology
5462,ISP,Internet Service Provider (ISP)|Computer and Information Technology
5464,ISP,Hosting and Cloud Provider|Computer and Information Technology|Internet Service Provider (ISP)
202076,ISP,Eyeball|Computer and Information Technology|Internet Service Provider (ISP)
38237,ISP,Internet Service Provider (ISP)|Computer and Information Technology
210277,Other,"Utilities (Excluding Internet Service)|Electric Power Generation, Transmission, Distribution|Computer and Information Technology"
210279,Other,"Service|Media, Publishing, and Broadcasting|Computer and Information Technology|Software Development"
5482,ISP,Eyeball|Validating RPKI ROV|Internet Service Provider (ISP)|Computer and Information Technology
210282,ISP,Software Development|Internet Service Provider (ISP)|Hosting and Cloud Provider|Computer and Information Technology
5497,ISP,Computer and Information Technology|Internet Service Provider (ISP)
202107,Enterprise,"Computer and Information Technology|Law, Business, and Consulting Services|Service|Software Development"
5500,ISP,Computer and Information Technology|Validating RPKI ROV|Internet Service Provider (ISP)
202110,Other,Service
5503,ISP,Business Broadband|Not Validating RPKI ROV|Computer and Information Technology|Internet Service Provider (ISP)
202114,ISP,Internet Service Provider (ISP)|Education and Research|Computer and Information Technology
210310,ISP,Not Validating RPKI ROV|Computer and Information Technology|Internet Service Provider (ISP)
5519,ISP,Internet Service Provider (ISP)|Computer and Information Technology
210329,Content/CDN,Computer and Information Technology|Validating RPKI ROV|Service|Hosting and Cloud Provider
202141,ISP,Internet Service Provider (ISP)|Construction and Real Estate|Computer and Information Technology|Buildings (Residential or Commercial)
210338,Other,Computer and Information Technology|Personal ASN|IPv6 only
202147,ISP,Eyeball|Not Validating RPKI ROV|Computer and Information Technology|Internet Service Provider (ISP)
202149,ISP,"Service|Phone Provider|Computer and Network Security|Media, Publishing, and Broadcasting"
202154,Enterprise,"Law, Business, and Consulting Services|Computer and Information Technology|Service|Computer and Network Security"
136620,ISP,Not Validating RPKI ROV|Computer and Information Technology|Internet Service Provider (ISP)
5551,ISP,Internet Service Provider (ISP)|Computer and Information Technology
5552,ISP,Server Hosting|Not Validating RPKI ROV|Internet Service Provider (ISP)|Computer and Information Technology
202161,Other,"Finance and Insurance|Investment, Portfolio Management, Pensions and Funds"
5555,ISP,Computer and Information Technology|Validating RPKI ROV|Technology Consulting Services|Internet Service Provider (ISP)
202166,ISP,Computer and Information Technology|Service|Internet Service Provider (ISP)|Hosting and Cloud Provider
5564,ISP,Hosting and Cloud Provider|Validating RPKI ROV|Computer and Information Technology|Internet Service Provider (ISP)
202176,Other,Finance and Insurance
210369,Other,Service
210370,Unknown,
5571,ISP,Internet Service Provider (ISP)|Hosting and Cloud Provider|Computer and Information Technology
210377,Other,Community Groups and Nonprofits|Computer and Information Technology|Software Development|Service
202190,Other,"Retail Stores, Wholesale, and E-commerce Sites"
5586,ISP,Validating RPKI ROV|Internet Service Provider (ISP)|Computer and Information Technology
5587,ISP,Internet Service Provider (ISP)|Validating RPKI ROV|Computer and Information Technology
202194,ISP,"Law, Business, and Consulting Services|Internet Service Provider (ISP)|Computer and Information Technology|Software Development"
210386,Content/CDN,Online Informational Content|Software Development|Hosting and Cloud Provider|Service
210387,ISP,Computer and Information Technology|Internet Service Provider (ISP)|IPv6 only|Eyeball
210396,ISP,Internet Service Provider (ISP)|Phone Provider|Computer and Information Technology
202206,Content/CDN,Computer and Information Technology|Hosting and Cloud Provider
5600,ISP,Internet Service Provider (ISP)|Computer and Information Technology
5604,ISP,Internet Service Provider (ISP)|Computer and Information Technology
202212,ISP,Internet Service Provider (ISP)|Computer and Information Technology
210404,Other,Health Care Services|Community Groups and Nonprofits
5607,ISP,Eyeball|Not Validating RPKI ROV|Computer and Information Technology|Internet Service Provider (ISP)
210411,ISP,Internet Service Provider (ISP)|Computer and Information Technology
210412,ISP,Eyeball|Computer and Information Technology|Internet Service Provider (ISP)
210415,Content/CDN,Hosting and Cloud Provider|Computer and Information Technology
5622,ISP,"Computer and Information Technology|Finance and Insurance|Internet Service Provider (ISP)|Investment, Portfolio Management, Pensions and Funds"
210425,Other,Service
202235,Other,Not Validating RPKI ROV|Computer and Information Technology|IPv6 only
5631,ISP,Computer and Information Technology|Validating RPKI ROV|Internet Service Provider (ISP)
202241,Other,"Museums, Libraries, and Entertainment"
62979,ISP,Computer and Information Technology|Internet Service Provider (ISP)|Hosting and Cloud Provider
62980,ISP,Hosting and Cloud Provider|Internet Service Provider (ISP)|Computer and Information Technology
210440,Other,"Agriculture, Mining, and Refineries (Farming, Greenhouses, Mining, Forestry, and Animal Farming)|IPv6 only"
202255,Other,"Human Rights and Social Advocacy (Human Rights, Environment and Wildlife Conservation, Other)|Community Groups and Nonprofits"
210450,Other,"Recreation, Sports, and Performing Arts|Health Care Services|Museums, Libraries, and Entertainment"
210453,ISP,"Electronics and Computer Components|Hosting, Cloud Provider, Data Center, Server Colocation|Manufacturing|Internet Service Provider (ISP)"
202264,Eyeball,"Electric Power Generation, Transmission, Distribution|Utilities (Excluding Internet Service)|Eyeball"
210456,Content/CDN,"Hosting, Cloud Provider, Data Center, Server Colocation|Computer and Information Technology"
210457,Content/CDN,Server Hosting|Computer and Information Technology|Software Development
202275,ISP,"Museums, Libraries, and Entertainment|Service|Internet Service Provider (ISP)|Retail Stores, Wholesale, and E-commerce Sites"
210467,ISP,"Computer and Information Technology|Buildings, Repair, Maintenance (Pest Control, Landscaping, Cleaning, Locksmiths, Car Washes, etc)|Internet Service Provider (ISP)|Service"
202282,ISP,Eyeball|Validating RPKI ROV|Internet Service Provider (ISP)|Computer and Information Technology
63022,ISP,Internet Service Provider (ISP)|Computer and Information Technology|Hosting and Cloud Provider
63024,ISP,Internet Service Provider (ISP)|Hosting and Cloud Provider|Computer and Information Technology
202288,ISP,Internet Service Provider (ISP)|Computer and Information Technology|Personal ASN|Validating RPKI ROV
202297,ISP,Content|Not Validating RPKI ROV|Computer and Information Technology|Internet Service Provider (ISP)
210495,Content/CDN,"Computer and Information Technology|Electronics and Computer Components|Hosting, Cloud Provider, Data Center, Server Colocation|Manufacturing"
63041,ISP,Hosting and Cloud Provider|Computer and Information Technology|Internet Service Provider (ISP)
63042,ISP,Hosting and Cloud Provider|Computer and Information Technology|Internet Service Provider (ISP)
202306,ISP,Internet Service Provider (ISP)|Computer and Information Technology|Server Hosting|Software Development
202310,ISP,Computer and Information Technology|Internet Service Provider (ISP)|Hosting and Cloud Provider
202312,Other,"Finance and Insurance|Banks, Credit Card Companies, Mortgage Providers"
63053,ISP,Computer and Information Technology|Hosting and Cloud Provider|Internet Service Provider (ISP)
210511,Enterprise,"Service|Law, Business, and Consulting Services"
210516,ISP,Computer and Information Technology|Internet Service Provider (ISP)
46681,Other,"Retail Stores, Wholesale, and E-commerce Sites"
22108,Academic/Edu,Research and Development Organizations|Education and Research
210533,ISP,"Hosting, Cloud Provider, Data Center, Server Colocation|Internet Service Provider (ISP)|Computer and Information Technology|Personal ASN"
210546,ISP,Content|Internet Service Provider (ISP)|Computer and Information Technology
202355,Enterprise,"Manufacturing|Electric Power Generation, Transmission, Distribution|Service|Utilities (Excluding Internet Service)"
210549,ISP,Electronics and Computer Components|Software Development|Service|Manufacturing
202359,ISP,"Server Hosting|Hosting, Cloud Provider, Data Center, Server Colocation|Internet Service Provider (ISP)|Computer and Information Technology"
210551,Government,"Government and Regulatory Agencies, Administrations, Departments, and Services|Government and Public Administration"
202363,Other,Finance and Insurance
202364,ISP,Internet Service Provider (ISP)|Computer and Information Technology
202370,ISP,Insurance Carriers and Agencies|Finance and Insurance
30351,ISP,Internet Service Provider (ISP)|Hosting and Cloud Provider|Computer and Information Technology
210584,Other,"Accountants, Tax Preparers, Payroll Services|Finance and Insurance"
202400,ISP,"Content|Internet Service Provider (ISP)|Retail Stores, Wholesale, and E-commerce Sites|Computer and Information Technology"
202408,Unknown,
202415,ISP,Computer and Information Technology|Internet Service Provider (ISP)|Hosting and Cloud Provider
202416,Content/CDN,"Computer and Information Technology|Hosting, Cloud Provider, Data Center, Server Colocation"
210619,ISP,Home ISP|Internet Service Provider (ISP)|Computer and Information Technology
210627,ISP,Validating RPKI ROV|Internet Service Provider (ISP)|Computer and Information Technology
202443,Other,"Retail Stores, Wholesale, and E-commerce Sites"
210644,Content/CDN,Content|Manufacturing|Electronics and Computer Components|Computer and Information Technology
202454,ISP,Validating RPKI ROV|Computer and Information Technology|Internet Service Provider (ISP)
202455,Other,Construction and Real Estate|Finance and Insurance
202459,Other,Construction and Real Estate|Finance and Insurance
202466,ISP,Service|Finance and Insurance|Insurance Carriers and Agencies
210667,ISP,"Anycast|Hosting, Cloud Provider, Data Center, Server Colocation|Computer and Information Technology|Manufacturing"
202487,ISP,Computer and Information Technology|Internet Service Provider (ISP)
202488,Other,"Media, Publishing, and Broadcasting|Retail Stores, Wholesale, and E-commerce Sites|Online Informational Content"
202489,Enterprise,"Law, Business, and Consulting Services|Computer and Information Technology|Service"
210683,Enterprise,"Service|Law, Business, and Consulting Services|IPv6 only"
210703,Other,Computer and Information Technology|Computer and Network Security
202517,Other,"Banks, Credit Card Companies, Mortgage Providers|Computer and Information Technology|Finance and Insurance"
202519,Government,Community Groups and Nonprofits|Government
202525,Other,"Retail Stores, Wholesale, and E-commerce Sites"
202529,ISP,Internet Service Provider (ISP)|Electronics and Computer Components|Software Development|Computer and Information Technology
202532,Eyeball,"Computer and Information Technology|Software Development|Service|Law, Business, and Consulting Services"
210727,Other,"Media, Publishing, and Broadcasting|Anycast"
202548,ISP,Computer and Information Technology|Software Development|Internet Service Provider (ISP)
210751,Other,"Media, Publishing, and Broadcasting|Online Music and Video Streaming Services"
210757,Other,"Retail Stores, Wholesale, and E-commerce Sites"
137037,Enterprise,"Law, Business, and Consulting Services|Computer and Information Technology|Service|Validating RPKI ROV"
202574,Other,"Not Validating RPKI ROV|Hotels, Motels, Inns, Other Traveler Accommodation|Travel and Accommodation"
202575,Academic/Edu,"Colleges, Universities, and Professional Schools|Education and Research|Education Software|Academic"
210767,Content/CDN,"Hosting, Cloud Provider, Data Center, Server Colocation|Computer and Information Technology|Server Hosting"
210773,Other,Automotive and Transportation|Manufacturing|IPv6 only
202587,Other,"Freight, Shipment, and Postal Services|Travel and Accommodation"
202590,Other,"Community Groups and Nonprofits|Museums, Libraries, and Entertainment"
202595,Other,Software Development|Computer and Information Technology
202596,ISP,Eyeball|Validating RPKI ROV|Internet Service Provider (ISP)|Phone Provider
202610,Content/CDN,Hosting and Cloud Provider|Service|Software Development|Computer and Information Technology
202615,ISP,"Computer and Information Technology|Retail Stores, Wholesale, and E-commerce Sites|Internet Service Provider (ISP)|IPv6 only"
210812,Academic/Edu,"Other Schools, Instruction, and Exam Preparation (Trade Schools, Art Schools, Driving Instruction, etc.)|Education and Research|Personal ASN"
210814,Unknown,
202627,ISP,Computer and Information Technology|Internet Service Provider (ISP)|IPv6 only
153476,Content/CDN,"Hosting, Cloud Provider, Data Center, Server Colocation|Electronics and Computer Components|Computer and Information Technology|Manufacturing"
202630,ISP,"Computer and Information Technology|Media, Publishing, and Broadcasting|Online Informational Content|Technology Consulting Services"
202631,Other,"Search|Human Rights and Social Advocacy (Human Rights, Environment and Wildlife Conservation, Other)|Computer and Information Technology|Community Groups and Nonprofits"
202665,ISP,"Service|Software Development|Media, Publishing, and Broadcasting|Computer and Information Technology"
55212,ISP,Hosting and Cloud Provider|Internet Service Provider (ISP)|Computer and Information Technology
210870,Content/CDN,"Hosting, Cloud Provider, Data Center, Server Colocation|Computer and Information Technology"
210874,ISP,Business Broadband|Computer and Information Technology|Internet Service Provider (ISP)|Home ISP
202695,ISP,Not Validating RPKI ROV|Internet Service Provider (ISP)|Computer and Information Technology
210892,ISP,Internet Service Provider (ISP)|Validating RPKI ROV|Computer and Information Technology
210893,ISP,Tor services|Validating RPKI ROV|Computer and Information Technology|Software Development
38870,Other,Finance and Insurance|Real Estate (Residential and/or Commercial)|Construction and Real Estate
210919,Other,Electronics and Computer Components|Manufacturing
210920,ISP,Internet Service Provider (ISP)|Computer and Information Technology|Server Hosting
210924,ISP,Internet Service Provider (ISP)|Computer and Information Technology
210938,Other,Service
202751,Other,Computer and Information Technology|Software Development|IPv6 only
47113,Other,Finance and Insurance|Real Estate (Residential and/or Commercial)|Construction and Real Estate
202762,Eyeball,"Service|Media, Publishing, and Broadcasting|Event|Eyeball"
210961,Other,Machinery|Manufacturing|IPv6 only
30740,ISP,Computer and Information Technology|Validating RPKI ROV|Internet Service Provider (ISP)
38936,Other,"furniture|Retail Stores, Wholesale, and E-commerce Sites"
202776,Other,Anycast|IPv6 only|Personal ASN|Computer and Information Technology
30746,Academic/Edu,Education and Research|Personal ASN
210970,ISP,Computer and Information Technology|Finance and Insurance|Software Development|Internet Service Provider (ISP)
202783,Other,Hospitals and Medical Centers|Health Care Services
202787,Enterprise,"Service|Law, Business, and Consulting Services"
30756,Other,"Service|Media, Publishing, and Broadcasting|Computer and Information Technology|Software Development"
47143,ISP,Internet Service Provider (ISP)|Computer and Information Technology
202791,ISP,"Media, Publishing, and Broadcasting|Online Informational Content|Computer and Information Technology|Internet Service Provider (ISP)"
202792,ISP,"Computer and Information Technology|Software Development|Media, Publishing, and Broadcasting|Online Informational Content"
210985,Other,"Community Groups and Nonprofits|Online Informational Content|Music and Video Industry|Media, Publishing, and Broadcasting"
210988,Government,"Media, Publishing, and Broadcasting|Government and Regulatory Agencies, Administrations, Departments, and Services|Government and Public Administration"
202797,Other,"Online Informational Content|Software Development|Service|Media, Publishing, and Broadcasting"
30769,Other,Real Estate (Residential and/or Commercial)|Buildings (Residential or Commercial)|Construction and Real Estate
210993,Content/CDN,"Computer and Information Technology|Hosting, Cloud Provider, Data Center, Server Colocation|Server Hosting|Content"
210996,Government,"Government and Regulatory Agencies, Administrations, Departments, and Services|Government and Public Administration"
38966,ISP,Computer and Information Technology|Internet Service Provider (ISP)
202808,ISP,"Computer and Information Technology|Community Groups and Nonprofits|Internet Service Provider (ISP)|Human Rights and Social Advocacy (Human Rights, Environment and Wildlife Conservation, Other)"
38973,Content/CDN,"Service|Computer and Information Technology|Hosting, Cloud Provider, Data Center, Server Colocation|Retail Stores, Wholesale, and E-commerce Sites"
202818,ISP,Software Development|Computer and Information Technology|Internet Service Provider (ISP)|Finance and Insurance
211015,Government,"Government and Regulatory Agencies, Administrations, Departments, and Services|Government and Public Administration"
55369,Content/CDN,Computer and Information Technology|Hosting and Cloud Provider
211020,Content/CDN,Hosting and Cloud Provider|Computer and Information Technology
30803,ISP,Internet Service Provider (ISP)|Computer and Information Technology
211029,Enterprise,"Service|Law, Business, and Consulting Services"
38998,Other,"Community Groups and Nonprofits|Human Rights and Social Advocacy (Human Rights, Environment and Wildlife Conservation, Other)"
211032,Content/CDN,Hosting and Cloud Provider|Computer and Information Technology
211035,ISP,"IPv6 only|Computer and Information Technology|Law, Business, and Consulting Services|Internet Service Provider (ISP)"
211036,Other,Service|Personal ASN
211044,Unknown,
211049,Other,Service
30827,ISP,"Eyeball|Not Validating RPKI ROV|Media, Publishing, and Broadcasting|Online Informational Content"
211058,ISP,Computer and Information Technology|Software Development|Internet Service Provider (ISP)
47219,ISP,Computer and Information Technology|Internet Service Provider (ISP)
202867,ISP,Not Validating RPKI ROV|Internet Service Provider (ISP)|Computer and Information Technology
47227,Other,"Service|Buildings, Repair, Maintenance (Pest Control, Landscaping, Cleaning, Locksmiths, Car Washes, etc)"
30844,ISP,Carrier|Validating RPKI ROV|Computer and Information Technology|Internet Service Provider (ISP)
211067,Government,"Government and Regulatory Agencies, Administrations, Departments, and Services|Government and Public Administration"
30847,ISP,Computer and Information Technology|Internet Service Provider (ISP)|Computer and Network Security|Service
211077,Government,"Government and Regulatory Agencies, Administrations, Departments, and Services|Government and Public Administration"
202888,ISP,"Carrier|Retail Stores, Wholesale, and E-commerce Sites|Internet Service Provider (ISP)|Civil Engineering Construction (Utility Lines, Roads and Bridges)"
202897,ISP,Computer and Information Technology|Internet Service Provider (ISP)|Hosting and Cloud Provider|Software Development
211091,ISP,Construction and Real Estate|Computer and Information Technology|Internet Service Provider (ISP)|Hosting and Cloud Provider
39060,Other,"Food Services and Drinking Places|Retail Stores, Wholesale, and E-commerce Sites|Travel and Accommodation|Food, Grocery, Beverages"
202901,ISP,"Law, Business, and Consulting Services|Service|Internet Service Provider (ISP)|Software Development"
47255,Enterprise,"Service|Law, Business, and Consulting Services"
211097,Other,Service
202907,ISP,Computer and Information Technology|Internet Service Provider (ISP)
47264,ISP,Internet Service Provider (ISP)|Not Validating RPKI ROV|Computer and Information Technology
211108,ISP,Service|Finance and Insurance|Insurance Carriers and Agencies
47272,ISP,Carrier|Computer and Information Technology|Validating RPKI ROV|Server Hosting
30894,ISP,Software Development|Phone Provider|Internet Service Provider (ISP)|Computer and Information Technology
211118,Enterprise,"Service|Law, Business, and Consulting Services"
211120,Other,Computer and Information Technology
30897,ISP,Computer and Information Technology|Internet Service Provider (ISP)
211121,Other,"Construction and Real Estate|Metal, Glass, Wood, and Paper Manufacturing|Manufacturing|Real Estate (Residential and/or Commercial)"
211123,Other,"Museums, Libraries, and Entertainment|Recreation, Sports, and Performing Arts"
211126,Content/CDN,"Computer and Information Technology|Hosting, Cloud Provider, Data Center, Server Colocation"
39097,ISP,Computer and Information Technology|Not Validating RPKI ROV|Phone Provider|Software Development
202937,Other,"Online Music and Video Streaming Services|Media, Publishing, and Broadcasting|Radio and Television Providers"
202939,ISP,"Eyeball|Internet Service Provider (ISP)|Computer and Information Technology|Hosting, Cloud Provider, Data Center, Server Colocation"
211131,Content/CDN,Hosting and Cloud Provider|Computer and Information Technology
30909,ISP,Computer and Information Technology|Internet Service Provider (ISP)
39103,Other,Real Estate (Residential and/or Commercial)|Construction and Real Estate|Computer and Information Technology
47296,Other,Finance and Insurance|Computer and Information Technology
202944,ISP,Computer and Information Technology|Internet Service Provider (ISP)
30914,Other,Computer and Information Technology|Not Validating RPKI ROV|Software Development
211140,Content/CDN,Hosting and Cloud Provider|Computer and Information Technology
211142,Other,Computer and Information Technology
202953,Other,Not Validating RPKI ROV|Travel and Accommodation
39116,ISP,"Computer and Network Security|Military, Defense, National Security, and International Affairs|Government and Public Administration|Software Development"
211149,ISP,Internet Service Provider (ISP)|Computer and Information Technology|Computer and Network Security
30931,Other,Tranco 10k Host|Computer and Information Technology|Finance and Insurance|Software Development
30933,ISP,Internet Service Provider (ISP)|Computer and Information Technology
47318,Government,"Health Care Services|Service|Buildings, Repair, Maintenance (Pest Control, Landscaping, Cleaning, Locksmiths, Car Washes, etc)|Government and Regulatory Agencies, Administrations, Departments, and Services"
30938,ISP,Server Hosting|Computer and Information Technology|Internet Service Provider (ISP)
211165,Other,Computer and Information Technology
47326,ISP,Computer and Information Technology|Internet Service Provider (ISP)|Hosting and Cloud Provider|IPv6 only
211166,Other,Computer and Information Technology
211167,ISP,Software Development|Internet Service Provider (ISP)|Computer and Information Technology
202978,Other,Service
39139,Other,Service
211175,ISP,"Service|Computer and Information Technology|Law, Business, and Consulting Services|Internet Service Provider (ISP)"
153833,ISP,Internet Service Provider (ISP)|Computer and Information Technology|Hosting and Cloud Provider
211178,ISP,Internet Service Provider (ISP)|Computer and Information Technology
39148,ISP,Computer and Information Technology|Internet Service Provider (ISP)
39150,ISP,Validating RPKI ROV|Computer and Information Technology|Internet Service Provider (ISP)
202990,Content/CDN,Hosting and Cloud Provider|Electronics and Computer Components|Automotive and Transportation|Machinery
211188,Other,"Investment, Portfolio Management, Pensions and Funds|Finance and Insurance"
211189,Other,Service
30967,ISP,Mobile Data/Carrier|Phone Provider|Computer and Information Technology|Internet Service Provider (ISP)
47351,ISP,"Media, Publishing, and Broadcasting|Internet Service Provider (ISP)|Computer and Information Technology|Software Development"
203001,ISP,Computer and Information Technology|Internet Service Provider (ISP)|Software Development
211198,Other,Computer and Information Technology
203011,ISP,Computer and Information Technology|Internet Service Provider (ISP)|Software Development
39173,Other,Computer and Information Technology|Software Development|Finance and Insurance
39175,ISP,Internet Service Provider (ISP)|Not Validating RPKI ROV|Computer and Information Technology
47367,ISP,Internet Service Provider (ISP)|Computer and Information Technology
211209,ISP,Computer and Information Technology|Internet Service Provider (ISP)
39179,ISP,Computer and Information Technology|Internet Service Provider (ISP)
203031,Other,"Agriculture, Mining, and Refineries (Farming, Greenhouses, Mining, Forestry, and Animal Farming)"
39192,Eyeball,Education and Research|Personal ASN|Eyeball
211224,Eyeball,"Museums, Historical Sites, Zoos, Nature Parks|Museums, Libraries, and Entertainment|IPv6 only|Personal ASN"
47386,ISP,Internet Service Provider (ISP)|Hosting and Cloud Provider|Computer and Information Technology
31003,ISP,Validating RPKI ROV|Computer and Information Technology|Internet Service Provider (ISP)|Software Development
203035,Other,Computer and Information Technology
203036,Other,Computer and Information Technology|Software Development
137502,ISP,Content|Computer and Information Technology|Hosting and Cloud Provider|Internet Service Provider (ISP)
47391,ISP,Computer and Information Technology|Internet Service Provider (ISP)
39202,Other,"Content|Online Music and Video Streaming Services|Media, Publishing, and Broadcasting|Music and Video Industry"
39208,ISP,Computer and Information Technology|Internet Service Provider (ISP)
203048,Other,Computer and Information Technology
211244,ISP,Eyeball|Computer and Information Technology|Education and Research|Internet Service Provider (ISP)
203054,ISP,Computer and Information Technology|Internet Service Provider (ISP)
39215,ISP,"Government and Public Administration|Military, Defense, National Security, and International Affairs|Computer and Information Technology|Internet Service Provider (ISP)"
203056,ISP,Computer and Information Technology|Internet Service Provider (ISP)
203057,ISP,Travel and Accommodation|Internet Service Provider (ISP)|Computer and Information Technology|Software Development
203064,Eyeball,Computer and Information Technology|Technology Consulting Services|Eyeball
203067,ISP,Computer and Information Technology|Internet Service Provider (ISP)|Service|Software Development
203070,ISP,Computer and Information Technology|Internet Service Provider (ISP)
47426,Other,Service
203074,Other,Service|Personal ASN
203075,Other,Computer and Information Technology
203076,Other,Computer and Information Technology
211271,Other,Computer and Information Technology
31048,Other,Computer and Information Technology|Software Development
211272,Content/CDN,"Hosting and Cloud Provider|Service|Software Development|Investment, Portfolio Management, Pensions and Funds"
31050,Other,"Media, Publishing, and Broadcasting|Not Validating RPKI ROV|Online Music and Video Streaming Services|Music and Video Industry"
203082,Enterprise,"Law, Business, and Consulting Services|Service"
14670,Other,"Tor services|Retail Stores, Wholesale, and E-commerce Sites|Service"
203090,Other,"Retail Stores, Wholesale, and E-commerce Sites"
211284,ISP,"Online Informational Content|Internet Service Provider (ISP)|Software Development|Media, Publishing, and Broadcasting"
203094,Other,"Health Care Services|Museums, Libraries, and Entertainment|Recreation, Sports, and Performing Arts"
211289,ISP,Computer and Information Technology|Internet Service Provider (ISP)|Personal ASN|Eyeball
203105,ISP,"Internet Service Provider (ISP)|Computer and Information Technology|Service|Media, Publishing, and Broadcasting"
203106,Enterprise,"Not Validating RPKI ROV|Law, Business, and Consulting Services|Service|Media, Publishing, and Broadcasting"
203107,ISP,Internet Service Provider (ISP)|Finance and Insurance|Computer and Information Technology
203108,Other,Computer and Information Technology
203109,ISP,Internet Service Provider (ISP)|Software Development|Computer and Information Technology
211298,Other,Real Estate (Residential and/or Commercial)|Construction and Real Estate|Computer and Information Technology
211303,Other,"Software Development|Phone Provider|Media, Publishing, and Broadcasting|Computer and Information Technology"
203113,Eyeball,"Retail Stores, Wholesale, and E-commerce Sites|Automotive and Transportation|Manufacturing|Eyeball"
211307,Other,Not Validating RPKI ROV|Construction and Real Estate|Real Estate (Residential and/or Commercial)
31084,ISP,Internet Service Provider (ISP)|Computer and Information Technology
203121,ISP,Computer and Information Technology|Internet Service Provider (ISP)
47474,ISP,Eyeball|Not Validating RPKI ROV|Internet Service Provider (ISP)|Computer and Information Technology
47480,Content/CDN,Server Hosting|Not Validating RPKI ROV|Hosting and Cloud Provider|Service
203128,ISP,"Law, Business, and Consulting Services|Finance and Insurance|Banks, Credit Card Companies, Mortgage Providers|Insurance Carriers and Agencies"
211323,ISP,"Media, Publishing, and Broadcasting|Radio and Television Providers|Internet Service Provider (ISP)|Computer and Information Technology"
203133,Other,"Buildings, Repair, Maintenance (Pest Control, Landscaping, Cleaning, Locksmiths, Car Washes, etc)|Service"
39295,ISP,Computer and Information Technology|Internet Service Provider (ISP)
47492,Enterprise,"Computer and Information Technology|Law, Business, and Consulting Services|Service|Software Development"
203141,Other,Buildings (Residential or Commercial)|Construction and Real Estate
203146,Academic/Edu,Education and Research
211339,Other,Computer and Information Technology
6540,ISP,Computer and Information Technology|Internet Service Provider (ISP)|Hosting and Cloud Provider|Software Development
203149,ISP,Not Validating RPKI ROV|Computer and Information Technology|Internet Service Provider (ISP)
203154,Other,Community Groups and Nonprofits|Content
47508,ISP,Computer and Information Technology|Internet Service Provider (ISP)
47509,Other,IPv6 only|Construction and Real Estate
203164,Other,"Retail Stores, Wholesale, and E-commerce Sites|Travel and Accommodation|Manufacturing|Automotive and Transportation"
39326,ISP,Eyeball|Validating RPKI ROV|Computer and Information Technology|Internet Service Provider (ISP)
203168,ISP,Internet Service Provider (ISP)|Computer and Information Technology|Personal ASN|IPv6 only
203171,Other,Health Care Services
203177,ISP,Internet Service Provider (ISP)|Computer and Information Technology
211371,ISP,Computer and Information Technology|Internet Service Provider (ISP)
39341,Other,"Service|Technology Consulting Services|Media, Publishing, and Broadcasting|Computer and Information Technology"
47534,ISP,"Finance and Insurance|Technology Consulting Services|Computer and Information Technology|Banks, Credit Card Companies, Mortgage Providers"
31151,Other,"Tranco 10k Host|Computer and Information Technology|Media, Publishing, and Broadcasting|Software Development"
47535,ISP,Not Validating RPKI ROV|Internet Service Provider (ISP)|Computer and Information Technology
203184,Content/CDN,Service|Server Hosting
203185,ISP,Internet Service Provider (ISP)|Computer and Information Technology
211374,ISP,Computer and Information Technology|Internet Service Provider (ISP)
211386,Other,"Community Groups and Nonprofits|Computer and Information Technology|Search|Human Rights and Social Advocacy (Human Rights, Environment and Wildlife Conservation, Other)"
39356,ISP,Eyeball|Not Validating RPKI ROV|Computer and Information Technology|Internet Service Provider (ISP)
47549,Content/CDN,Hosting and Cloud Provider|Computer and Information Technology
211389,ISP,Internet Service Provider (ISP)|Not Validating RPKI ROV|Online Informational Content|Computer and Information Technology
211392,Other,Computer and Information Technology
211393,ISP,Software Development|Computer and Information Technology|Internet Service Provider (ISP)
47556,Other,Software Development|Computer and Information Technology
203204,Other,Computer and Information Technology
47561,Enterprise,"Law, Business, and Consulting Services|Service"
47563,Other,Service
211409,Content/CDN,"Law, Business, and Consulting Services|Service|Server Hosting|Content"
47571,ISP,Computer and Information Technology|Internet Service Provider (ISP)
47572,Enterprise,"Recreation, Sports, and Performing Arts|Museums, Libraries, and Entertainment|Law, Business, and Consulting Services|Service"
203219,ISP,Computer and Information Technology|Internet Service Provider (ISP)
39382,ISP,Internet Service Provider (ISP)|Computer and Information Technology
203220,ISP,Internet Service Provider (ISP)|Computer and Information Technology
47578,Other,"Media, Publishing, and Broadcasting"
39389,Other,Computer and Information Technology
31198,ISP,Validating RPKI ROV|Internet Service Provider (ISP)|Computer and Information Technology
47581,Other,Computer and Network Security|Computer and Information Technology|Software Development|Anycast
47582,ISP,Computer and Information Technology|Internet Service Provider (ISP)
47584,Content/CDN,Hosting and Cloud Provider|Computer and Information Technology
31202,ISP,Computer and Information Technology|Not Validating RPKI ROV|Electronics and Computer Components|Phone Provider
203231,ISP,Internet Service Provider (ISP)|Computer and Information Technology
203232,Other,"Freight, Shipment, and Postal Services|Retail Stores, Wholesale, and E-commerce Sites|Computer and Information Technology|Construction and Real Estate"
203235,ISP,Computer and Information Technology|Internet Service Provider (ISP)
203237,ISP,Internet Service Provider (ISP)|Computer and Information Technology
211427,ISP,Computer and Information Technology|Internet Service Provider (ISP)
39400,Government,"Government and Regulatory Agencies, Administrations, Departments, and Services|Government and Public Administration|Media, Publishing, and Broadcasting|Community Groups and Nonprofits"
211431,Other,Content|Personal ASN
211437,Other,"Community Groups and Nonprofits|Museums, Libraries, and Entertainment|Human Rights and Social Advocacy (Human Rights, Environment and Wildlife Conservation, Other)|Personal ASN"
211438,Government,"Government and Public Administration|Government and Regulatory Agencies, Administrations, Departments, and Services"
203251,Other,Service|Computer and Information Technology|Computer and Network Security
31220,Content/CDN,Computer and Information Technology|Hosting and Cloud Provider
203253,Other,"Agriculture, Mining, and Refineries (Farming, Greenhouses, Mining, Forestry, and Animal Farming)|Content"
39414,Other,Computer and Information Technology
31223,Other,"Software Development|Phone Provider|Media, Publishing, and Broadcasting|Computer and Information Technology"
203258,ISP,Software Development|Computer and Information Technology|Construction and Real Estate|Internet Service Provider (ISP)
47611,Other,"Media, Publishing, and Broadcasting|Music and Video Industry"
39420,Other,"Agriculture, Mining, and Refineries (Farming, Greenhouses, Mining, Forestry, and Animal Farming)|IPv6 only"
6656,ISP,Internet Service Provider (ISP)|Computer and Information Technology
6660,ISP,Computer and Information Technology|Not Validating RPKI ROV|Internet Service Provider (ISP)
211460,Other,Finance and Insurance
47622,ISP,Computer and Information Technology|Internet Service Provider (ISP)|Technology Consulting Services
47625,ISP,Software Development|Internet Service Provider (ISP)|Hosting and Cloud Provider|Computer and Information Technology
203276,Other,Other|Personal ASN
47631,ISP,Computer and Information Technology|Internet Service Provider (ISP)
6675,ISP,Computer and Information Technology|Hosting and Cloud Provider|Internet Service Provider (ISP)
211476,ISP,Computer and Information Technology|Internet Service Provider (ISP)
47638,ISP,Eyeball|Validating RPKI ROV|Internet Service Provider (ISP)|Computer and Information Technology
31256,Government,"Government and Public Administration|Community Groups and Nonprofits|Government and Regulatory Agencies, Administrations, Departments, and Services|Government"
39451,ISP,Computer and Information Technology|Internet Service Provider (ISP)|Hosting and Cloud Provider|VPN Host
39458,ISP,Computer and Information Technology|Not Validating RPKI ROV|Internet Service Provider (ISP)
39459,ISP,Computer and Information Technology|Internet Service Provider (ISP)
39461,ISP,Computer and Information Technology|Internet Service Provider (ISP)
31270,ISP,Computer and Information Technology|Internet Service Provider (ISP)
31273,ISP,Internet Service Provider (ISP)|Computer and Information Technology
211500,Other,Computer and Information Technology
211501,ISP,Eyeball|Internet Service Provider (ISP)|Hosting and Cloud Provider|Computer and Information Technology
39470,ISP,Internet Service Provider (ISP)|Computer and Information Technology
203315,Content/CDN,Validating RPKI ROV|Hosting and Cloud Provider|Computer and Information Technology|Server Hosting
39477,ISP,Validating RPKI ROV|Phone Provider|Computer and Information Technology|Internet Service Provider (ISP)
47669,Other,"Casinos and Gambling|Museums, Libraries, and Entertainment"
47671,Other,Computer and Information Technology
203317,Other,Service
211511,ISP,Computer and Information Technology|Internet Service Provider (ISP)
6717,ISP,Business Broadband|Not Validating RPKI ROV|Computer and Information Technology|Internet Service Provider (ISP)
211522,Other,"Freight, Shipment, and Postal Services|Trucking"
47685,ISP,"Internet Service Provider (ISP)|Media, Publishing, and Broadcasting|Online Informational Content|Computer and Information Technology"
6727,ISP,Computer and Information Technology|Software Development|Internet Service Provider (ISP)
6728,ISP,Internet Service Provider (ISP)|Computer and Information Technology
47693,ISP,Not Validating RPKI ROV|Internet Service Provider (ISP)|Computer and Information Technology
64080,ISP,Server Hosting|Computer and Information Technology|Internet Service Provider (ISP)
203346,ISP,"Service|Media, Publishing, and Broadcasting|Internet Service Provider (ISP)|Computer and Information Technology"
47704,ISP,Computer and Information Technology|Internet Service Provider (ISP)
6745,ISP,"Service|Internet Service Provider (ISP)|Technology Consulting Services|Law, Business, and Consulting Services"
203354,Other,Other
6749,ISP,Computer and Information Technology|Internet Service Provider (ISP)
47712,ISP,Software Development|Computer and Information Technology|Internet Service Provider (ISP)
39520,Other,"Casinos and Gambling|Museums, Libraries, and Entertainment"
39522,ISP,Service|Validating RPKI ROV|Computer and Information Technology|Internet Service Provider (ISP)
203363,ISP,Content|Software Development|Internet Service Provider (ISP)|Computer and Information Technology
47716,ISP,Computer and Information Technology|Internet Service Provider (ISP)
6757,ISP,Computer and Information Technology|Internet Service Provider (ISP)
47718,ISP,Internet Service Provider (ISP)|Computer and Information Technology
6759,ISP,Software Development|Validating RPKI ROV|Internet Service Provider (ISP)|Computer and Information Technology
211552,ISP,Internet Service Provider (ISP)|Computer and Information Technology|Server Hosting
39530,ISP,Computer and Information Technology|Internet Service Provider (ISP)
6763,Other,"Media, Publishing, and Broadcasting"
203372,Eyeball,"Eyeball|Banks, Credit Card Companies, Mortgage Providers|Finance and Insurance|Investment, Portfolio Management, Pensions and Funds"
39537,ISP,Server Hosting|Not Validating RPKI ROV|Computer and Information Technology|Internet Service Provider (ISP)
211576,ISP,Computer and Information Technology|Internet Service Provider (ISP)
39545,ISP,Internet Service Provider (ISP)|Not Validating RPKI ROV|Computer and Information Technology
47738,Academic/Edu,Elementary and Secondary Schools|Education and Research
6779,ISP,Not Validating RPKI ROV|Computer and Information Technology|Internet Service Provider (ISP)|Eyeball
211577,Unknown,
47741,Other,"Retail Stores, Wholesale, and E-commerce Sites"
39550,Other,Validating RPKI ROV|Service
39552,Enterprise,"Not Validating RPKI ROV|Service|Law, Business, and Consulting Services"
39553,Other,Computer and Information Technology|Software Development|Phone Provider|Casinos and Gambling
47744,ISP,Service|Internet Service Provider (ISP)|Software Development|Computer and Information Technology
203397,ISP,Computer and Information Technology|Internet Service Provider (ISP)
211591,ISP,"Computer and Information Technology|Internet Service Provider (ISP)|Retail Stores, Wholesale, and E-commerce Sites|Hosting, Cloud Provider, Data Center, Server Colocation"
203403,Other,"Online Informational Content|Media, Publishing, and Broadcasting"
211597,ISP,Validating RPKI ROV|Internet Service Provider (ISP)|Computer and Information Technology|Home ISP
47762,Other,Computer and Information Technology
39576,ISP,Internet Service Provider (ISP)|Computer and Information Technology|Content
47768,ISP,Tranco 10k Host|Finance and Insurance|Computer and Information Technology|Online Informational Content
203416,ISP,Internet Service Provider (ISP)|Computer and Information Technology
211612,ISP,Internet Service Provider (ISP)|Computer and Information Technology
203421,ISP,Internet Service Provider (ISP)|Computer and Information Technology
203423,Content/CDN,"Hosting, Cloud Provider, Data Center, Server Colocation|Computer and Information Technology"
39584,Other,"Finance and Insurance|Investment, Portfolio Management, Pensions and Funds"
203425,ISP,Internet Service Provider (ISP)|Computer and Information Technology
39588,Government,"Anycast|Computer and Network Security|Accountants, Tax Preparers, Payroll Services|Military, Defense, National Security, and International Affairs"
31398,ISP,Computer and Information Technology|Internet Service Provider (ISP)|Software Development
39592,Unknown,
31402,Other,"Museums, Libraries, and Entertainment|Service|Media, Publishing, and Broadcasting|Casinos and Gambling"
31404,ISP,Eyeball|Validating RPKI ROV|Computer and Information Technology|Internet Service Provider (ISP)
203438,Other,Service|Real Estate (Residential and/or Commercial)|Construction and Real Estate
47791,Other,"Phone Provider|Software Development|Media, Publishing, and Broadcasting|Computer and Information Technology"
39602,Eyeball,"Eyeball|Buildings, Repair, Maintenance (Pest Control, Landscaping, Cleaning, Locksmiths, Car Washes, etc)|Service|Server Hosting"
203443,ISP,Internet Service Provider (ISP)|Computer and Information Technology
47797,Government,"Government and Public Administration|Government and Regulatory Agencies, Administrations, Departments, and Services|Government"
6838,Other,"Personal ASN|Utilities (Excluding Internet Service)|Agriculture, Mining, and Refineries (Farming, Greenhouses, Mining, Forestry, and Animal Farming)"
203446,ISP,Carrier|Service|Internet Service Provider (ISP)|Computer and Information Technology
203449,ISP,Computer and Information Technology|Internet Service Provider (ISP)|Software Development
39610,Enterprise,"Service|Law, Business, and Consulting Services"
203452,Other,"Chemical and Pharmaceutical Manufacturing|Manufacturing|Metal, Glass, Wood, and Paper Manufacturing"
203453,ISP,Internet Service Provider (ISP)|Computer and Information Technology|Eyeball
31422,Enterprise,"Finance and Insurance|Media, Publishing, and Broadcasting|Law, Business, and Consulting Services|Service"
6847,ISP,Internet Service Provider (ISP)|Computer and Information Technology
39617,ISP,Validating RPKI ROV|Internet Service Provider (ISP)|Computer and Information Technology
39620,Unknown,
39621,Enterprise,"Law, Business, and Consulting Services|Service|Media, Publishing, and Broadcasting|Online Music and Video Streaming Services"
203460,ISP,Not Validating RPKI ROV|Internet Service Provider (ISP)|Computer and Information Technology
203465,Enterprise,"Computer and Information Technology|Service|Law, Business, and Consulting Services|Retail Stores, Wholesale, and E-commerce Sites"
211658,Enterprise,"Technology Consulting Services|Service|Law, Business, and Consulting Services|Computer and Information Technology"
6859,Other,"Validating RPKI ROV|Media, Publishing, and Broadcasting|Service"
39627,Other,"Media, Publishing, and Broadcasting"
39630,ISP,Internet Service Provider (ISP)|Computer and Information Technology
47823,Other,Computer and Information Technology
39633,ISP,Software Development|Electronics and Computer Components|Manufacturing|Internet Service Provider (ISP)
211667,Other,"Media, Publishing, and Broadcasting|Music and Video Industry"
31445,ISP,Internet Service Provider (ISP)|Not Validating RPKI ROV|Computer and Information Technology
6871,ISP,Eyeball|Validating RPKI ROV|Internet Service Provider (ISP)|Computer and Information Technology
211675,ISP,Hosting and Cloud Provider|Internet Service Provider (ISP)|Computer and Information Technology
211678,ISP,Internet Service Provider (ISP)|Not Validating RPKI ROV|Computer and Information Technology
31459,Academic/Edu,Education and Research
31463,ISP,Content|Not Validating RPKI ROV|Computer and Information Technology|Internet Service Provider (ISP)
211687,Other,Not Validating RPKI ROV|Computer and Information Technology|Computer and Network Security
6894,ISP,Computer and Information Technology|Not Validating RPKI ROV|Internet Service Provider (ISP)
31472,ISP,Eyeball|Validating RPKI ROV|Computer and Information Technology|Internet Service Provider (ISP)
203504,Other,Air Travel|Travel and Accommodation|Personal ASN|IPv6 only
31474,Unknown,
39674,ISP,Computer and Information Technology|Internet Service Provider (ISP)
6908,ISP,Carrier|Not Validating RPKI ROV|Internet Service Provider (ISP)|Computer and Information Technology
203516,ISP,"Hosting, Cloud Provider, Data Center, Server Colocation|Computer and Information Technology|Internet Service Provider (ISP)|Content"
211708,Other,Personal ASN|Computer and Information Technology|Software Development|IPv6 only
6911,ISP,Validating RPKI ROV|Internet Service Provider (ISP)|Computer and Information Technology
31487,ISP,Computer and Information Technology|Internet Service Provider (ISP)
47871,Other,Search|Service|Computer and Information Technology
31493,ISP,"Online Informational Content|Hosting and Cloud Provider|Internet Service Provider (ISP)|Media, Publishing, and Broadcasting"
47890,ISP,Carrier|Not Validating RPKI ROV|Computer and Information Technology|Technology Consulting Services
31515,ISP,Eyeball|Not Validating RPKI ROV|Internet Service Provider (ISP)|Satellite Communication
39715,Other,Finance and Insurance
39717,ISP,Internet Service Provider (ISP)|Computer and Information Technology
211754,Unknown,
31532,Other,"Casinos and Gambling|Museums, Libraries, and Entertainment"
47918,Enterprise,"Service|Law, Business, and Consulting Services"
31535,Other,"Museums, Libraries, and Entertainment|Media, Publishing, and Broadcasting|Music and Video Industry"
203568,ISP,Eyeball|Validating RPKI ROV|Computer and Information Technology|Internet Service Provider (ISP)
211760,Academic/Edu,"Retail Stores, Wholesale, and E-commerce Sites|Education and Research|Health Care Services"
39730,Content/CDN,Hosting and Cloud Provider|Computer and Information Technology
203573,ISP,"Not Validating RPKI ROV|Media, Publishing, and Broadcasting|Computer and Information Technology|Online Informational Content"
47933,ISP,Computer and Information Technology|Software Development|Internet Service Provider (ISP)
203582,ISP,Internet Service Provider (ISP)|Not Validating RPKI ROV|Computer and Information Technology
47935,ISP,"Computer and Information Technology|Internet Service Provider (ISP)|Retail Stores, Wholesale, and E-commerce Sites"
211775,Academic/Edu,Education and Research
203589,Other,Software Development|Computer and Information Technology
31562,ISP,"Banks, Credit Card Companies, Mortgage Providers|Internet Service Provider (ISP)|Software Development|Phone Provider"
47947,ISP,Internet Service Provider (ISP)|Computer and Information Technology
211787,ISP,Internet Service Provider (ISP)|Service|Software Development|Computer and Information Technology
211789,Other,Computer and Information Technology|Software Development
39767,ISP,Validating RPKI ROV|Internet Service Provider (ISP)|Computer and Information Technology
211803,Other,Computer and Information Technology
47971,Content/CDN,Hosting and Cloud Provider|Computer and Information Technology
31595,ISP,Validating RPKI ROV|Internet Service Provider (ISP)|Computer and Information Technology
203631,ISP,"Computer and Information Technology|Construction and Real Estate|Civil Engineering Construction (Utility Lines, Roads and Bridges)|Buildings (Residential or Commercial)"
47988,Other,"Museums, Libraries, and Entertainment"
211829,Other,"Media, Publishing, and Broadcasting|Construction and Real Estate|Online Informational Content|Museums, Libraries, and Entertainment"
47992,ISP,Internet Service Provider (ISP)|Hosting and Cloud Provider|Research and Development Organizations|Software Development
47998,Other,Content
47999,Other,Computer and Information Technology|Service|Software Development
203649,ISP,Eyeball|Not Validating RPKI ROV|Internet Service Provider (ISP)|Computer and Information Technology
7042,ISP,Computer and Information Technology|Internet Service Provider (ISP)
48003,Other,"Not Validating RPKI ROV|Retail Stores, Wholesale, and E-commerce Sites|Food, Grocery, Beverages"
203652,ISP,Software Development|Service|Internet Service Provider (ISP)|Computer and Information Technology
211844,Academic/Edu,"Agriculture, Mining, and Refineries (Farming, Greenhouses, Mining, Forestry, and Animal Farming)|Education and Research|Utilities (Excluding Internet Service)"
31631,ISP,Business Broadband|Not Validating RPKI ROV|Internet Service Provider (ISP)|Computer and Information Technology
31632,Other,"Freight, Shipment, and Postal Services|Travel and Accommodation"
203665,Government,"Government and Public Administration|Government and Regulatory Agencies, Administrations, Departments, and Services|Government"
211855,Other,Computer and Information Technology
31641,ISP,Internet Service Provider (ISP)|Not Validating RPKI ROV|Computer and Information Technology
203676,ISP,"Internet Service Provider (ISP)|Computer and Information Technology|Media, Publishing, and Broadcasting"
64415,ISP,Computer and Information Technology|Internet Service Provider (ISP)
39846,ISP,Internet Service Provider (ISP)|Computer and Information Technology
31655,ISP,Eyeball|Not Validating RPKI ROV|Internet Service Provider (ISP)|Computer and Information Technology
211878,Content/CDN,"Hosting, Cloud Provider, Data Center, Server Colocation|Computer and Information Technology"
211879,ISP,Internet Service Provider (ISP)|Computer and Information Technology|Computer and Network Security|Personal ASN
31659,Content/CDN,Computer and Information Technology|Hosting and Cloud Provider
203691,Eyeball,Other|Eyeball
31665,Other,"Finance and Insurance|Investment, Portfolio Management, Pensions and Funds"
64435,ISP,"Media, Publishing, and Broadcasting|Online Informational Content|Internet Service Provider (ISP)|Computer and Information Technology"
211893,Other,"Retail Stores, Wholesale, and E-commerce Sites|Trucking|Freight, Shipment, and Postal Services|Agriculture, Mining, and Refineries (Farming, Greenhouses, Mining, Forestry, and Animal Farming)"
211900,Other,"Construction and Real Estate|Civil Engineering Construction (Utility Lines, Roads and Bridges)"
203710,Other,"Computer and Information Technology|Retail Stores, Wholesale, and E-commerce Sites|Software Development"
64448,ISP,"Service|Law, Business, and Consulting Services|Computer and Information Technology|Internet Service Provider (ISP)"
138177,ISP,Computer and Information Technology|Internet Service Provider (ISP)|Hosting and Cloud Provider
39875,ISP,Computer and Information Technology|Validating RPKI ROV|Internet Service Provider (ISP)
216338,ISP,Internet Service Provider (ISP)|Computer and Information Technology
48070,ISP,"Carrier|Media, Publishing, and Broadcasting|Computer and Information Technology|Technology Consulting Services"
48071,Other,Computer and Information Technology
211912,Other,Real Estate (Residential and/or Commercial)|Construction and Real Estate
39884,ISP,Internet Service Provider (ISP)|Computer and Information Technology
203728,Other,"Media, Publishing, and Broadcasting|Online Informational Content"
48090,Content/CDN,"Service|Personal Care and Lifestyle (Barber Shops, Nail Salons, Diet Centers, Laundry, etc)|Server Hosting|Tor services"
64474,ISP,"Internet Service Provider (ISP)|Retail Stores, Wholesale, and E-commerce Sites|Computer and Information Technology"
31708,ISP,Validating RPKI ROV|Not Validating RPKI ROV|Hosting and Cloud Provider|Computer and Information Technology
31712,ISP,Validating RPKI ROV|Internet Service Provider (ISP)|Computer and Information Technology
31716,Eyeball,"Colleges, Universities, and Professional Schools|Education and Research|Eyeball"
48101,ISP,Validating RPKI ROV|Internet Service Provider (ISP)|Computer and Information Technology|Business Broadband
64485,ISP,"Computer and Information Technology|Media, Publishing, and Broadcasting|Internet Service Provider (ISP)|Hosting and Cloud Provider"
203758,Content/CDN,Content|Construction and Real Estate|Buildings (Residential or Commercial)|Tor services
31727,ISP,Content|Not Validating RPKI ROV|Computer and Information Technology|Internet Service Provider (ISP)
39921,ISP,Content|Software Development|Hosting and Cloud Provider|Internet Service Provider (ISP)
211955,Other,"Retail Stores, Wholesale, and E-commerce Sites"
211956,Eyeball,"Online Informational Content|Media, Publishing, and Broadcasting|Software Development|Computer and Information Technology"
203766,Content/CDN,"Software Development|Banks, Credit Card Companies, Mortgage Providers|Finance and Insurance|Hosting and Cloud Provider"
203767,ISP,Computer and Information Technology|Internet Service Provider (ISP)
31742,ISP,Computer and Information Technology|Not Validating RPKI ROV|Internet Service Provider (ISP)
31743,Enterprise,"Law, Business, and Consulting Services|Service|VPN Host"
211966,Enterprise,"Computer and Information Technology|Service|Technology Consulting Services|Law, Business, and Consulting Services"
56328,Other,Construction and Real Estate|Buildings (Residential or Commercial)
56329,ISP,Eyeball|Validating RPKI ROV|Internet Service Provider (ISP)|Computer and Information Technology
56335,ISP,Internet Service Provider (ISP)|Computer and Information Technology
211986,Content/CDN,Not Validating RPKI ROV|Hosting and Cloud Provider|Computer and Information Technology
203795,ISP,Insurance Carriers and Agencies|Finance and Insurance
211987,ISP,Computer and Information Technology|Software Development|Internet Service Provider (ISP)
211998,Government,"Government and Public Administration|Government and Regulatory Agencies, Administrations, Departments, and Services"
15395,ISP,Content|Not Validating RPKI ROV|Internet Service Provider (ISP)|Computer and Information Technology
203812,ISP,Internet Service Provider (ISP)|Software Development|Computer and Information Technology
48165,Other,"Print Media (Newspapers, Magazines, Books)|Media, Publishing, and Broadcasting"
203818,Other,Service
212010,ISP,"Service|Law, Business, and Consulting Services|Internet Service Provider (ISP)|Computer and Information Technology"
15404,ISP,Internet Service Provider (ISP)|Validating RPKI ROV|Computer and Information Technology|Hosting and Cloud Provider
56365,Other,Software Development|Finance and Insurance|Computer and Information Technology
48177,Other,"Manufacturing|Casinos and Gambling|Museums, Libraries, and Entertainment|Computer and Information Technology"
203826,Content/CDN,"Computer and Information Technology|Manufacturing|Electronics and Computer Components|Hosting, Cloud Provider, Data Center, Server Colocation"
212018,Enterprise,"Service|Law, Business, and Consulting Services"
15412,ISP,Carrier|Validating RPKI ROV|Computer and Information Technology|Internet Service Provider (ISP)
212019,Other,Real Estate (Residential and/or Commercial)|Construction and Real Estate
48182,ISP,"Media, Publishing, and Broadcasting|Internet Service Provider (ISP)|Online Music and Video Streaming Services|Computer and Information Technology"
15418,ISP,Hosting and Cloud Provider|Internet Service Provider (ISP)|Computer and Information Technology|Anycast
212027,ISP,Content|Internet Service Provider (ISP)|Hosting and Cloud Provider|Computer and Information Technology
15421,Content/CDN,"Service|Media, Publishing, and Broadcasting|Computer and Information Technology|Software Development"
56382,ISP,Server Hosting|Not Validating RPKI ROV|Computer and Information Technology|Internet Service Provider (ISP)
212029,Other,Other
212031,Enterprise,"Service|Law, Business, and Consulting Services"
212032,Content/CDN,Computer and Information Technology|Hosting and Cloud Provider
203842,ISP,Computer and Information Technology|Software Development|Internet Service Provider (ISP)|Hosting and Cloud Provider
212035,Other,Validating RPKI ROV|Construction and Real Estate|Buildings (Residential or Commercial)
203850,ISP,"Retail Stores, Wholesale, and E-commerce Sites|Internet Service Provider (ISP)|Computer and Information Technology"
203851,ISP,Computer and Information Technology|Not Validating RPKI ROV|Service|Internet Service Provider (ISP)
56396,ISP,"Media, Publishing, and Broadcasting|Computer and Information Technology|Law, Business, and Consulting Services|Internet Service Provider (ISP)"
212047,Content/CDN,"Law, Business, and Consulting Services|Service|Server Hosting"
203861,Other,Computer and Information Technology|Content
203867,Other,Chemical and Pharmaceutical Manufacturing|Manufacturing
203873,Other,Personal ASN|IPv6 only
212068,ISP,Eyeball|Construction and Real Estate|Computer and Information Technology|Internet Service Provider (ISP)
15463,ISP,Computer and Information Technology|Internet Service Provider (ISP)
203880,Other,"Human Rights and Social Advocacy (Human Rights, Environment and Wildlife Conservation, Other)|Community Groups and Nonprofits"
56438,ISP,Computer and Information Technology|Internet Service Provider (ISP)
203897,Other,Computer and Information Technology
15482,ISP,Internet Service Provider (ISP)|Hosting and Cloud Provider|Computer and Information Technology
56444,ISP,Not Validating RPKI ROV|Computer and Information Technology|Internet Service Provider (ISP)
48254,ISP,Content|Computer and Information Technology|Hosting and Cloud Provider|Internet Service Provider (ISP)
203902,Academic/Edu,"Colleges, Universities, and Professional Schools|Education and Research"
15490,Other,Community Groups and Nonprofits|Personal ASN
203910,ISP,Computer and Information Technology|Internet Service Provider (ISP)|Software Development|Personal ASN
48266,Eyeball,Anycast|Community Groups and Nonprofits|Education and Research|Research and Development Organizations
56460,ISP,Internet Service Provider (ISP)|Computer and Information Technology
212109,ISP,Home ISP|Validating RPKI ROV|Computer and Information Technology|Internet Service Provider (ISP)
203919,Academic/Edu,"Media, Publishing, and Broadcasting|Retail Stores, Wholesale, and E-commerce Sites|Construction and Real Estate|Colleges, Universities, and Professional Schools"
48273,ISP,Internet Service Provider (ISP)|Validating RPKI ROV|Computer and Information Technology
203923,Other,Other
15510,ISP,"Content|Computer and Information Technology|Hosting, Cloud Provider, Data Center, Server Colocation|Internet Service Provider (ISP)"
212121,Other,"IPv6 only|Retail Stores, Wholesale, and E-commerce Sites|Personal ASN"
56474,ISP,"Computer and Information Technology|Service|Media, Publishing, and Broadcasting|Software Development"
212124,Other,Construction and Real Estate
56478,ISP,Eyeball|Not Validating RPKI ROV|Internet Service Provider (ISP)|Computer and Information Technology
203938,ISP,Personal ASN|Software Development|Internet Service Provider (ISP)|Computer and Information Technology
48294,ISP,Eyeball|Not Validating RPKI ROV|Computer and Information Technology|Internet Service Provider (ISP)
48297,Eyeball,"Motor Vehicles and Parts|Metal, Glass, Wood, and Paper Manufacturing|Retail Stores, Wholesale, and E-commerce Sites|Manufacturing"
203945,ISP,Internet Service Provider (ISP)|Computer and Information Technology|Personal ASN
15533,ISP,"Software Development|Not Validating RPKI ROV|Computer and Information Technology|Law, Business, and Consulting Services"
212152,ISP,Finance and Insurance|Insurance Carriers and Agencies
203961,ISP,Computer and Information Technology|Internet Service Provider (ISP)|Anycast
212158,ISP,Internet Service Provider (ISP)|Software Development|Finance and Insurance|Computer and Information Technology
48325,ISP,Internet Service Provider (ISP)|Computer and Information Technology
212169,Other,Computer and Information Technology
212171,Content/CDN,Computer and Information Technology|Hosting and Cloud Provider
203981,Other,"Finance and Insurance|Computer and Information Technology|Banks, Credit Card Companies, Mortgage Providers|Service"
212174,ISP,Computer and Information Technology|Internet Service Provider (ISP)
212175,ISP,Carrier|Computer and Information Technology|Hosting and Cloud Provider
15568,Other,"Agriculture, Mining, and Refineries (Farming, Greenhouses, Mining, Forestry, and Animal Farming)|Utilities (Excluding Internet Service)|Finance and Insurance"
212177,ISP,Computer and Information Technology|Internet Service Provider (ISP)|Business Broadband|Server Hosting
15570,Content/CDN,"Media, Publishing, and Broadcasting|Computer and Information Technology|Software Development|Hosting and Cloud Provider"
203987,ISP,Internet Service Provider (ISP)|Computer and Information Technology
15572,ISP,Phone Provider|Computer and Information Technology|Internet Service Provider (ISP)
56533,ISP,Computer and Information Technology|Internet Service Provider (ISP)|Service|Software Development
212180,ISP,Internet Service Provider (ISP)|Computer and Information Technology|Health Care Services|Other
212182,Other,Computer and Information Technology
56540,Other,"Clothing, Fashion, Luggage|Retail Stores, Wholesale, and E-commerce Sites"
204000,Other,"Media, Publishing, and Broadcasting|Service"
212194,Unknown,
212195,ISP,"Media, Publishing, and Broadcasting|Online Informational Content|Internet Service Provider (ISP)|Computer and Information Technology"
15601,Other,Real Estate (Residential and/or Commercial)|Construction and Real Estate
204018,ISP,"Not Validating RPKI ROV|Human Rights and Social Advocacy (Human Rights, Environment and Wildlife Conservation, Other)|Finance and Insurance|Community Groups and Nonprofits"
48375,Other,Finance and Insurance
204024,Other,Computer and Information Technology|Finance and Insurance
212217,ISP,Anycast|Internet Service Provider (ISP)|Hosting and Cloud Provider|Computer and Information Technology
212222,ISP,Internet Service Provider (ISP)|Computer and Information Technology
204037,ISP,Computer and Information Technology|Internet Service Provider (ISP)
15622,Other,Service
212232,Other,Search|Software Development|Computer and Information Technology
204044,Other,Manufacturing|Not Validating RPKI ROV|Electronics and Computer Components
48397,Enterprise,"Not Validating RPKI ROV|Law, Business, and Consulting Services|Freight, Shipment, and Postal Services|Manufacturing"
212238,ISP,Content|Validating RPKI ROV|Internet Service Provider (ISP)|Computer and Information Technology
204045,Other,Finance and Insurance
204047,Other,Service
212240,Content/CDN,Hosting and Cloud Provider|Computer and Information Technology
204050,Other,Computer and Network Security|Computer and Information Technology|Software Development
15635,Enterprise,"Media, Publishing, and Broadcasting|Service|Law, Business, and Consulting Services"
15636,ISP,Insurance Carriers and Agencies|Finance and Insurance
56595,ISP,Carrier|Not Validating RPKI ROV|Computer and Information Technology|Internet Service Provider (ISP)
212244,ISP,Internet Service Provider (ISP)|Computer and Information Technology
204055,ISP,Computer and Information Technology|Internet Service Provider (ISP)|Anycast
15641,ISP,"Satellite Communication|Not Validating RPKI ROV|Media, Publishing, and Broadcasting|Computer and Information Technology"
48412,ISP,Computer and Information Technology|Internet Service Provider (ISP)|Software Development
204069,Academic/Edu,Education and Research|Elementary and Secondary Schools
15654,Enterprise,"Computer and Information Technology|Health Care Services|Service|Law, Business, and Consulting Services"
56614,Enterprise,"Service|Law, Business, and Consulting Services"
212263,ISP,"Not Validating RPKI ROV|Online Informational Content|Media, Publishing, and Broadcasting|Business Broadband"
212265,ISP,Computer and Information Technology|Internet Service Provider (ISP)
204078,Content/CDN,Hosting and Cloud Provider|Computer and Information Technology
204089,Other,"Validating RPKI ROV|Retail Stores, Wholesale, and E-commerce Sites"
48444,Eyeball,Eyeball|Computer and Information Technology
56637,Content/CDN,Computer and Information Technology|Hosting and Cloud Provider
212286,Other,"Civil Engineering Construction (Utility Lines, Roads and Bridges)|Construction and Real Estate"
48447,Other,Computer and Information Technology|Computer and Network Security|Anycast|Tranco 10k Host
204097,ISP,Computer and Information Technology|Internet Service Provider (ISP)
56644,Other,Software Development|Finance and Insurance|Computer and Information Technology
48455,ISP,Computer and Information Technology|Health Care Services|Internet Service Provider (ISP)
204103,ISP,Not Validating RPKI ROV|Computer and Information Technology|Internet Service Provider (ISP)
15689,ISP,Internet Service Provider (ISP)|Computer and Information Technology
212295,ISP,Internet Service Provider (ISP)|Computer and Information Technology
15692,ISP,Internet Service Provider (ISP)|Not Validating RPKI ROV|Computer and Information Technology
48460,ISP,"Service|Hosting and Cloud Provider|Internet Service Provider (ISP)|Media, Publishing, and Broadcasting"
48463,Other,Finance and Insurance
56670,Government,"Not Validating RPKI ROV|Government and Regulatory Agencies, Administrations, Departments, and Services|Government and Public Administration|Government"
212329,ISP,Computer and Network Security|Computer and Information Technology|Internet Service Provider (ISP)|Government and Public Administration
204139,ISP,Internet Service Provider (ISP)|Computer and Information Technology
48493,ISP,"Media, Publishing, and Broadcasting|Online Informational Content|Internet Service Provider (ISP)|Computer and Information Technology"
15727,Content/CDN,"Retail Stores, Wholesale, and E-commerce Sites|Travel and Accommodation|Service|Hosting, Cloud Provider, Data Center, Server Colocation"
212342,ISP,"Internet Service Provider (ISP)|Service|Media, Publishing, and Broadcasting|Computer and Information Technology"
56696,ISP,Eyeball|Not Validating RPKI ROV|Internet Service Provider (ISP)|Hosting and Cloud Provider
204154,Content/CDN,Server Hosting|Not Validating RPKI ROV|Computer and Information Technology|Hosting and Cloud Provider
204167,ISP,Hosting and Cloud Provider|Computer and Information Technology|Internet Service Provider (ISP)
15752,Other,"Utilities (Excluding Internet Service)|Agriculture, Mining, and Refineries (Farming, Greenhouses, Mining, Forestry, and Animal Farming)"
15753,Other,"Agriculture, Mining, and Refineries (Farming, Greenhouses, Mining, Forestry, and Animal Farming)|Not Validating RPKI ROV|Utilities (Excluding Internet Service)"
212365,Other,"Retail Stores, Wholesale, and E-commerce Sites"
56718,Other,"Community Groups and Nonprofits|Human Rights and Social Advocacy (Human Rights, Environment and Wildlife Conservation, Other)"
48529,Enterprise,"Law, Business, and Consulting Services|Service"
56723,ISP,Computer and Information Technology|Internet Service Provider (ISP)
56726,ISP,Internet Service Provider (ISP)|Computer and Information Technology
15768,Other,"Service|Media, Publishing, and Broadcasting"
15770,ISP,Not Validating RPKI ROV|Computer and Information Technology|Internet Service Provider (ISP)|Government
56730,ISP,"Not Validating RPKI ROV|Service|Law, Business, and Consulting Services|Media, Publishing, and Broadcasting"
7583,ISP,Internet Service Provider (ISP)|Computer and Information Technology
204193,ISP,Internet Service Provider (ISP)|Computer and Information Technology
212385,Other,Software Development|Computer and Information Technology
56739,Other,"Media, Publishing, and Broadcasting"
48549,ISP,Internet Service Provider (ISP)|Computer and Information Technology
48550,Academic/Edu,Education and Research
212390,ISP,Computer and Information Technology|Internet Service Provider (ISP)
212391,ISP,Internet Service Provider (ISP)|Computer and Information Technology
48553,Other,"Investment, Portfolio Management, Pensions and Funds|Finance and Insurance"
56745,ISP,Computer and Information Technology|Internet Service Provider (ISP)
204204,Other,"Investment, Portfolio Management, Pensions and Funds|Finance and Insurance"
212396,Content/CDN,Content|Not Validating RPKI ROV|Computer and Information Technology|Hosting and Cloud Provider
7598,Content/CDN,"Validating RPKI ROV|Computer and Network Security|Government and Public Administration|Military, Defense, National Security, and International Affairs"
212399,ISP,Internet Service Provider (ISP)|Computer and Information Technology
204208,Other,Health Care Services
48562,Content/CDN,Computer and Information Technology|Hosting and Cloud Provider
7603,ISP,Internet Service Provider (ISP)|Computer and Information Technology
212404,Other,Construction and Real Estate
56758,Other,IPv6 only|Computer and Information Technology
212406,ISP,Software Development|Computer and Information Technology|Finance and Insurance|Internet Service Provider (ISP)
48570,ISP,Computer and Information Technology|Internet Service Provider (ISP)
204220,ISP,"Internet Service Provider (ISP)|Agriculture, Mining, and Refineries (Farming, Greenhouses, Mining, Forestry, and Animal Farming)|Computer and Information Technology|Construction and Real Estate"
212413,Government,"Government and Regulatory Agencies, Administrations, Departments, and Services|Government and Public Administration"
204222,Government,Community Groups and Nonprofits|Government
212419,ISP,"Computer and Information Technology|Insurance Carriers and Agencies|Investment, Portfolio Management, Pensions and Funds|Finance and Insurance"
212426,ISP,Not Validating RPKI ROV|Internet Service Provider (ISP)|Computer and Information Technology
212427,Other,"Retail Stores, Wholesale, and E-commerce Sites|Food, Beverage, and Tobacco|Food, Grocery, Beverages|Travel and Accommodation"
204236,ISP,"Media, Publishing, and Broadcasting|Internet Service Provider (ISP)|Computer and Information Technology|Software Development"
48589,Other,"Construction and Real Estate|Buildings, Repair, Maintenance (Pest Control, Landscaping, Cleaning, Locksmiths, Car Washes, etc)|Manufacturing|Service"
212429,Content/CDN,"Not Validating RPKI ROV|Computer and Information Technology|Hosting, Cloud Provider, Data Center, Server Colocation"
204239,ISP,Not Validating RPKI ROV|Computer and Information Technology|Internet Service Provider (ISP)
204242,ISP,Computer and Information Technology|Internet Service Provider (ISP)
212434,ISP,"Internet Service Provider (ISP)|Government and Public Administration|Military, Defense, National Security, and International Affairs|Computer and Information Technology"
212437,Other,"Personal Care and Lifestyle (Barber Shops, Nail Salons, Diet Centers, Laundry, etc)|Service"
204247,Other,"Retail Stores, Wholesale, and E-commerce Sites"
212446,ISP,"Service|Law, Business, and Consulting Services|Internet Service Provider (ISP)|Software Development"
56802,ISP,Not Validating RPKI ROV|Internet Service Provider (ISP)|Computer and Information Technology|IPv6 only
48611,ISP,Computer and Information Technology|Internet Service Provider (ISP)
204258,ISP,Internet Service Provider (ISP)|Computer and Information Technology
15845,ISP,"Internet Service Provider (ISP)|Service|Computer and Information Technology|Law, Business, and Consulting Services"
204260,Government,"Government|Law, Business, and Consulting Services|Service|Real Estate (Residential and/or Commercial)"
204264,ISP,Internet Service Provider (ISP)|Computer and Information Technology
212459,Enterprise,"Finance and Insurance|Computer and Information Technology|Law, Business, and Consulting Services|Service"
48620,ISP,Internet Service Provider (ISP)|Validating RPKI ROV|Computer and Information Technology
212465,ISP,"Radio and Television Providers|Media, Publishing, and Broadcasting|Internet Service Provider (ISP)|Computer and Information Technology"
48628,Other,Computer and Information Technology
212469,ISP,"Media, Publishing, and Broadcasting|Computer and Information Technology|Service|Hosting and Cloud Provider"
48632,ISP,Software Development|Internet Service Provider (ISP)|Computer and Information Technology
15865,Other,Finance and Insurance
212474,ISP,Computer and Information Technology|Internet Service Provider (ISP)
212475,ISP,Service|Computer and Network Security|Radio and Television Providers|Computer and Information Technology
212479,ISP,Not Validating RPKI ROV|Internet Service Provider (ISP)|Computer and Information Technology
204291,Other,"Media, Publishing, and Broadcasting|Passenger Transit (Car, Bus, Taxi, Subway)|Museums, Libraries, and Entertainment|Casinos and Gambling"
212483,ISP,Eyeball|Internet Service Provider (ISP)|Computer and Information Technology|IPv6 only
204293,ISP,Internet Service Provider (ISP)|Computer and Information Technology|IPv6 only
212486,ISP,Computer and Information Technology|Internet Service Provider (ISP)
48655,Other,"Personal Care and Lifestyle (Barber Shops, Nail Salons, Diet Centers, Laundry, etc)|Service"
56850,Enterprise,"Law, Business, and Consulting Services|Service"
48663,ISP,Computer and Information Technology|Internet Service Provider (ISP)
15896,Other,"Service|Media, Publishing, and Broadcasting"
204316,ISP,Computer and Information Technology|Internet Service Provider (ISP)
204318,ISP,"Computer and Information Technology|Online Informational Content|Internet Service Provider (ISP)|Media, Publishing, and Broadcasting"
212511,Other,"Personal Care and Lifestyle (Barber Shops, Nail Salons, Diet Centers, Laundry, etc)|Service"
212512,Other,"Media, Publishing, and Broadcasting|Service"
204321,Enterprise,"Service|Law, Business, and Consulting Services|Online Informational Content|Media, Publishing, and Broadcasting"
204322,Enterprise,"Service|Media, Publishing, and Broadcasting|Computer and Information Technology|Law, Business, and Consulting Services"
48682,Other,Computer and Information Technology
204330,Enterprise,"Law, Business, and Consulting Services|Service"
15914,Other,Content|Air Travel|Travel and Accommodation
15917,Other,Computer and Information Technology|Software Development
48686,ISP,Internet Service Provider (ISP)|Computer and Information Technology|Software Development|Service
48688,Other,Service
204339,Content/CDN,"Service|Computer and Information Technology|Law, Business, and Consulting Services|Hosting and Cloud Provider"
204340,ISP,Internet Service Provider (ISP)|Computer and Information Technology
212534,Other,Other
204345,Eyeball,Eyeball|IPv6 only|Personal ASN|Education and Research
48700,Content/CDN,Computer and Information Technology|Electronics and Computer Components|Service|Software Development
48704,ISP,"Online Informational Content|Media, Publishing, and Broadcasting|Computer and Information Technology|Internet Service Provider (ISP)"
48706,ISP,"Technology Consulting Services|Service|Law, Business, and Consulting Services|Internet Service Provider (ISP)"
212551,Other,Computer and Information Technology|Computer and Network Security
212556,Other,Service
204375,ISP,"Internet Service Provider (ISP)|Electronics and Computer Components|Hosting, Cloud Provider, Data Center, Server Colocation|Computer and Information Technology"
147036,Enterprise,"Service|Law, Business, and Consulting Services"
56929,Government,"Government and Public Administration|Government and Regulatory Agencies, Administrations, Departments, and Services|Government"
204387,Other,"Museums, Libraries, and Entertainment|Casinos and Gambling"
212581,Other,Finance and Insurance|Computer and Information Technology|Software Development
40550,ISP,Hosting and Cloud Provider|Internet Service Provider (ISP)|Computer and Information Technology
204407,Other,Service
15992,Other,"Banks, Credit Card Companies, Mortgage Providers|Retail Stores, Wholesale, and E-commerce Sites|Software Development|Finance and Insurance"
48761,Content/CDN,Computer and Information Technology|Hosting and Cloud Provider
212601,Other,Finance and Insurance|Computer and Information Technology
204413,ISP,Internet Service Provider (ISP)|Computer and Information Technology|Hosting and Cloud Provider
204414,Other,"Investment, Portfolio Management, Pensions and Funds|Software Development|Computer and Information Technology|Finance and Insurance"
204415,ISP,Computer and Information Technology|Internet Service Provider (ISP)
212606,Other,"Software Development|Finance and Insurance|Banks, Credit Card Companies, Mortgage Providers|Computer and Information Technology"
48771,Other,"Media, Publishing, and Broadcasting|Computer and Information Technology|Software Development"
56979,ISP,"Internet Service Provider (ISP)|Computer and Information Technology|Media, Publishing, and Broadcasting"
204436,Other,Computer and Information Technology
48791,ISP,Internet Service Provider (ISP)|Computer and Information Technology|Hosting and Cloud Provider
204440,Other,"Museums, Libraries, and Entertainment"
212633,Enterprise,"Law, Business, and Consulting Services|Service|Technology Consulting Services|Computer and Information Technology"
56990,ISP,Server Hosting|Validating RPKI ROV|Internet Service Provider (ISP)|Computer and Information Technology
204446,Academic/Edu,Personal ASN|IPv6 only|Education and Research
16032,Other,"Not Validating RPKI ROV|Media, Publishing, and Broadcasting|Computer and Information Technology"
16034,Content/CDN,"Computer and Information Technology|Travel and Accommodation|Hosting, Cloud Provider, Data Center, Server Colocation|Service"
16036,ISP,Finance and Insurance|Computer and Information Technology|Internet Service Provider (ISP)|Software Development
48804,Government,"Military, Defense, National Security, and International Affairs|Government and Public Administration|Computer and Information Technology|Computer and Network Security"
212646,Other,"Recreation, Sports, and Performing Arts|Museums, Libraries, and Entertainment|Casinos and Gambling"
57002,Other,"Casinos and Gambling|Recreation, Sports, and Performing Arts|Museums, Libraries, and Entertainment"
212655,ISP,Home ISP|Internet Service Provider (ISP)|Computer and Information Technology
212656,ISP,Computer and Information Technology|Internet Service Provider (ISP)
16050,Other,"Anycast|Investment, Portfolio Management, Pensions and Funds|Finance and Insurance"
212660,Content/CDN,"Hosting, Cloud Provider, Data Center, Server Colocation|Computer and Information Technology"
57014,ISP,Internet Service Provider (ISP)|Computer and Information Technology
48825,ISP,Content|Computer and Information Technology|Internet Service Provider (ISP)|Server Hosting
204476,ISP,"Computer and Information Technology|Computer and Network Security|Service|Law, Business, and Consulting Services"
57022,Other,Computer and Information Technology|Not Validating RPKI ROV
204486,Government,Not Validating RPKI ROV|Construction and Real Estate|Real Estate (Residential and/or Commercial)|Government
212683,ISP,"Eyeball|Law, Business, and Consulting Services|Service|Business Broadband"
16082,ISP,Server Hosting|Not Validating RPKI ROV|Internet Service Provider (ISP)|Computer and Information Technology
212694,Other,Service
212701,Content/CDN,"Law, Business, and Consulting Services|Computer and Information Technology|Server Hosting|Service"
16096,Other,"Finance and Insurance|Not Validating RPKI ROV|Museums, Libraries, and Entertainment|Casinos and Gambling"
212705,Academic/Edu,Education and Research
48866,ISP,Internet Service Provider (ISP)|Phone Provider|Computer and Information Technology|Service
212706,Academic/Edu,Education and Research
204519,Other,"Not Validating RPKI ROV|Retail Stores, Wholesale, and E-commerce Sites"
212711,Content/CDN,"Media, Publishing, and Broadcasting|Online Informational Content|Server Hosting|Content"
48875,Other,"Finance and Insurance|Banks, Credit Card Companies, Mortgage Providers"
48883,ISP,"Computer and Information Technology|Buildings, Repair, Maintenance (Pest Control, Landscaping, Cleaning, Locksmiths, Car Washes, etc)|Internet Service Provider (ISP)|Service"
212729,ISP,Internet Service Provider (ISP)|Computer and Information Technology|Other|Health Care Services
204539,Other,Computer and Information Technology
212733,Content/CDN,"Hosting, Cloud Provider, Data Center, Server Colocation|Computer and Network Security|Computer and Information Technology"
204545,ISP,Computer and Information Technology|Internet Service Provider (ISP)|Hosting and Cloud Provider
48901,Content/CDN,Hosting and Cloud Provider|Computer and Information Technology
204550,ISP,Finance and Insurance|Insurance Carriers and Agencies|Server Hosting
212743,Other,"Buildings (Residential or Commercial)|Manufacturing|Construction and Real Estate|Retail Stores, Wholesale, and E-commerce Sites"
57099,ISP,Home ISP|Not Validating RPKI ROV|Computer and Information Technology|Internet Service Provider (ISP)
48910,Content/CDN,Computer and Information Technology|Hosting and Cloud Provider|Online Music and Video Streaming Services|Software Development
204558,ISP,Computer and Information Technology|Internet Service Provider (ISP)
204562,ISP,Internet Service Provider (ISP)|Validating RPKI ROV|Computer and Information Technology
57110,Other,"Online Informational Content|Media, Publishing, and Broadcasting|Personal ASN"
212759,ISP,Internet Service Provider (ISP)|Computer and Information Technology
57114,Other,Computer and Information Technology
16162,ISP,Internet Service Provider (ISP)|Computer and Information Technology
16164,ISP,Computer and Information Technology|Not Validating RPKI ROV|Internet Service Provider (ISP)
16166,Other,"Service|Media, Publishing, and Broadcasting"
204585,Other,"Civil Engineering Construction (Utility Lines, Roads and Bridges)|Buildings (Residential or Commercial)|Retail Stores, Wholesale, and E-commerce Sites|Construction and Real Estate"
212781,ISP,Computer and Information Technology|Not Validating RPKI ROV|Internet Service Provider (ISP)
16174,Other,Software Development|Computer and Information Technology
204592,ISP,Validating RPKI ROV|Internet Service Provider (ISP)|Computer and Information Technology
48945,ISP,Eyeball|Validating RPKI ROV|Computer and Information Technology|Internet Service Provider (ISP)
57138,ISP,Internet Service Provider (ISP)|Computer and Information Technology|Anycast
212784,ISP,Not Validating RPKI ROV|Internet Service Provider (ISP)|Computer and Information Technology
212788,Other,Computer and Information Technology|Anycast
48950,Enterprise,"Service|Law, Business, and Consulting Services"
204598,ISP,Computer and Information Technology|Internet Service Provider (ISP)
212791,Content/CDN,Finance and Insurance|Hosting and Cloud Provider|Software Development|Computer and Information Technology
48954,Other,Travel and Accommodation|Food Services and Drinking Places
57148,ISP,Internet Service Provider (ISP)|Hosting and Cloud Provider|Computer and Information Technology
212797,ISP,"Internet Service Provider (ISP)|Computer and Information Technology|Recreation, Sports, and Performing Arts|Museums, Libraries, and Entertainment"
48961,ISP,Internet Service Provider (ISP)|Computer and Information Technology|Eyeball
57155,Eyeball,"Law, Business, and Consulting Services|Service|Eyeball"
16197,ISP,Internet Service Provider (ISP)|Computer and Information Technology|Hosting and Cloud Provider
212806,ISP,Validating RPKI ROV|Internet Service Provider (ISP)|Hosting and Cloud Provider|Computer and Information Technology
48967,Other,"Investment, Portfolio Management, Pensions and Funds|Finance and Insurance"
212807,ISP,Computer and Information Technology|Internet Service Provider (ISP)
57161,ISP,Computer and Information Technology|Internet Service Provider (ISP)|Hosting and Cloud Provider
16204,Other,Computer and Information Technology
48973,Content/CDN,Computer and Information Technology|Hosting and Cloud Provider
57168,ISP,"Computer and Information Technology|Internet Service Provider (ISP)|Hosting and Cloud Provider|Retail Stores, Wholesale, and E-commerce Sites"
204624,Other,"Food, Beverage, and Tobacco|Manufacturing"
16212,Other,"Human Rights and Social Advocacy (Human Rights, Environment and Wildlife Conservation, Other)|Community Groups and Nonprofits"
204630,ISP,Internet Service Provider (ISP)|Hosting and Cloud Provider|Computer and Information Technology
212826,ISP,Computer and Information Technology|Internet Service Provider (ISP)
48987,Eyeball,"Freight, Shipment, and Postal Services|Construction and Real Estate|Postal Services and Couriers|Buildings (Residential or Commercial)"
16224,ISP,Event|Computer and Information Technology|Internet Service Provider (ISP)|Phone Provider
48993,Other,"Computer and Network Security|Computer and Information Technology|Media, Publishing, and Broadcasting|Service"
204640,ISP,Not Validating RPKI ROV|Computer and Information Technology|Education and Research|Internet Service Provider (ISP)
16238,ISP,"Radio and Television Providers|Media, Publishing, and Broadcasting|Internet Service Provider (ISP)|Computer and Information Technology"
204660,Other,IPv6 only
212852,Other,"Retail Stores, Wholesale, and E-commerce Sites|Clothing, Fashion, Luggage"
16247,ISP,Content|Validating RPKI ROV|Service|Computer and Information Technology
212857,ISP,Internet Service Provider (ISP)|Computer and Information Technology|Health Care Services
204670,Other,Computer and Information Technology
49026,ISP,"Service|Law, Business, and Consulting Services|Media, Publishing, and Broadcasting|Hosting and Cloud Provider"
204675,Other,"Construction and Real Estate|Buildings (Residential or Commercial)|Real Estate (Residential and/or Commercial)|Retail Stores, Wholesale, and E-commerce Sites"
16260,ISP,Carrier|Hosting and Cloud Provider|Software Development|Internet Service Provider (ISP)
212867,ISP,Computer and Information Technology|Internet Service Provider (ISP)
212868,Content/CDN,Service|Server Hosting
57228,Other,Computer and Information Technology
204688,Other,Software Development|Computer and Information Technology
212880,ISP,Computer and Information Technology|Internet Service Provider (ISP)
212885,ISP,Computer and Information Technology|Internet Service Provider (ISP)
49049,Government,"Not Validating RPKI ROV|Government and Regulatory Agencies, Administrations, Departments, and Services|Government and Public Administration|Government"
212890,Content/CDN,"Server Hosting|Computer and Information Technology|Hosting, Cloud Provider, Data Center, Server Colocation"
212902,Other,Computer and Information Technology
212903,Other,Service
16303,Other,Computer and Information Technology
212913,Content/CDN,Server Hosting|Hosting and Cloud Provider|Computer and Information Technology|Tor services
204725,Content/CDN,Hosting and Cloud Provider|Computer and Information Technology
204731,ISP,Eyeball|Validating RPKI ROV|Computer and Information Technology|Internet Service Provider (ISP)
57276,ISP,Validating RPKI ROV|Internet Service Provider (ISP)|Computer and Information Technology
40897,ISP,Computer and Information Technology|Internet Service Provider (ISP)|Hosting and Cloud Provider
212931,Unknown,
32708,ISP,Anycast|Internet Service Provider (ISP)|Computer and Information Technology|Hosting and Cloud Provider
16334,ISP,Validating RPKI ROV|Internet Service Provider (ISP)|Software Development|Computer and Information Technology
49105,Other,"Media, Publishing, and Broadcasting|Online Informational Content"
16339,ISP,Computer and Information Technology|Hosting and Cloud Provider|Internet Service Provider (ISP)
204755,Other,"Software Development|Media, Publishing, and Broadcasting|Online Informational Content|Finance and Insurance"
204757,ISP,Internet Service Provider (ISP)|Computer and Information Technology
57307,ISP,Validating RPKI ROV|Internet Service Provider (ISP)|Computer and Information Technology
16349,ISP,Phone Provider|Internet Service Provider (ISP)|Computer and Information Technology
16351,Other,"Online Music and Video Streaming Services|Media, Publishing, and Broadcasting|Music and Video Industry|Computer and Information Technology"
204767,ISP,Internet Service Provider (ISP)|Computer and Information Technology
16353,ISP,Eyeball|Not Validating RPKI ROV|Computer and Information Technology|Internet Service Provider (ISP)
204776,Eyeball,Computer and Information Technology|Software Development|Personal ASN|Eyeball
204777,ISP,Computer and Information Technology|Internet Service Provider (ISP)
16362,ISP,"Internet Service Provider (ISP)|Service|Computer and Information Technology|Law, Business, and Consulting Services"
204778,Academic/Edu,Personal ASN|Education and Research
49134,Academic/Edu,IPv6 only|Education and Research
8180,Other,"Validating RPKI ROV|Retail Stores, Wholesale, and E-commerce Sites|Computer and Information Technology"
204789,Other,IPv6 only|Finance and Insurance|Construction and Real Estate|Anycast
16376,ISP,Internet Service Provider (ISP)|Computer and Information Technology
