asn,category,tags
49152,Other,Software Development|Computer and Information Technology
212993,Other,"Agriculture, Mining, and Refineries (Farming, Greenhouses, Mining, Forestry, and Animal Farming)|Personal ASN|IPv6 only"
57346,Other,"Hotels, Motels, Inns, Other Traveler Accommodation|Travel and Accommodation"
204802,ISP,Not Validating RPKI ROV|Internet Service Provider (ISP)|Computer and Information Technology
57348,Other,Computer and Information Technology|Software Development
204818,ISP,Hosting and Cloud Provider|Internet Service Provider (ISP)|Computer and Information Technology
24600,ISP,"Tranco 10k Host|Service|Computer and Information Technology|Law, Business, and Consulting Services"
196633,Government,"Government and Public Administration|Government and Regulatory Agencies, Administrations, Departments, and Services"
8218,ISP,Carrier|Validating RPKI ROV|Computer and Information Technology|Internet Service Provider (ISP)
213018,Other,"Recreation, Sports, and Performing Arts|Museums, Libraries, and Entertainment|IPv6 only"
57373,Academic/Edu,Education and Research
204835,ISP,Not Validating RPKI ROV|Internet Service Provider (ISP)|Computer and Information Technology
8228,ISP,"Not Validating RPKI ROV|Internet Service Provider (ISP)|Computer and Information Technology|Law, Business, and Consulting Services"
214935,Academic/Edu,Education and Research|Service
196658,ISP,Computer and Information Technology|Internet Service Provider (ISP)
213047,ISP,Computer and Information Technology|Hosting and Cloud Provider|Internet Service Provider (ISP)
196670,ISP,"Insurance Carriers and Agencies|Health Care Services|Computer and Information Technology|Other Government and Regulatory Agencies, Administrations, Departments, and Services"
8255,Other,Tranco 10k Host|Computer and Information Technology|Technology Consulting Services|Software Development
214939,Content/CDN,"Law, Business, and Consulting Services|Service|Server Hosting"
204869,Other,Computer and Information Technology|Not Validating RPKI ROV|Technology Consulting Services
49230,Other,Computer and Information Technology
196689,Eyeball,Service|Eyeball
41044,Other,"Retail Stores, Wholesale, and E-commerce Sites"
41045,Other,"Online Informational Content|Media, Publishing, and Broadcasting|Computer and Information Technology|Music and Video Industry"
204887,Other,Computer and Information Technology
204897,ISP,Not Validating RPKI ROV|Internet Service Provider (ISP)|Computer and Information Technology
204902,Other,Electronics and Computer Components|Software Development|Manufacturing|Computer and Information Technology
213095,Other,Software Development|Computer and Information Technology
41064,ISP,Internet Service Provider (ISP)|Computer and Information Technology|Tranco 10k Host
8304,ISP,Server Hosting|Validating RPKI ROV|Computer and Information Technology|Internet Service Provider (ISP)
8309,ISP,Internet Service Provider (ISP)|Validating RPKI ROV|Computer and Information Technology
8310,ISP,Computer and Information Technology|Internet Service Provider (ISP)
213110,ISP,"Community Groups and Nonprofits|Human Rights and Social Advocacy (Human Rights, Environment and Wildlife Conservation, Other)|Carrier"
57468,ISP,Internet Service Provider (ISP)|Not Validating RPKI ROV|Computer and Information Technology
41090,ISP,Internet Service Provider (ISP)|Computer and Information Technology
24711,Other,Service
213135,Other,"Human Rights and Social Advocacy (Human Rights, Environment and Wildlife Conservation, Other)|Community Groups and Nonprofits"
204948,ISP,Not Validating RPKI ROV|Internet Service Provider (ISP)|Computer and Information Technology
41114,ISP,Eyeball|Validating RPKI ROV|Computer and Information Technology|Internet Service Provider (ISP)
196765,ISP,Computer and Information Technology|Internet Service Provider (ISP)|Software Development
196766,ISP,Computer and Information Technology|Internet Service Provider (ISP)
8352,Other,"Validating RPKI ROV|Construction and Real Estate|Civil Engineering Construction (Utility Lines, Roads and Bridges)|Real Estate (Residential and/or Commercial)"
204960,Content/CDN,"Hosting, Cloud Provider, Data Center, Server Colocation|Computer and Information Technology"
49314,ISP,"Music and Video Industry|Computer and Information Technology|Media, Publishing, and Broadcasting|Internet Service Provider (ISP)"
196773,ISP,Internet Service Provider (ISP)|Computer and Information Technology
41128,ISP,"Service|Internet Service Provider (ISP)|Law, Business, and Consulting Services|Computer and Information Technology"
8361,Other,"Validating RPKI ROV|Retail Stores, Wholesale, and E-commerce Sites"
8362,ISP,Eyeball|Validating RPKI ROV|Computer and Information Technology|Internet Service Provider (ISP)
204975,ISP,Government and Public Administration|Software Development|Computer and Information Technology|Computer and Network Security
49328,ISP,Computer and Information Technology|Internet Service Provider (ISP)|Software Development
24763,Government,"Military, Defense, National Security, and International Affairs|Computer and Network Security|Government and Public Administration|Software Development"
213184,ISP,Computer and Information Technology|Internet Service Provider (ISP)
198682,ISP,Eyeball|Not Validating RPKI ROV|Computer and Information Technology|Internet Service Provider (ISP)
41157,ISP,"Hosting and Cloud Provider|Internet Service Provider (ISP)|Law, Business, and Consulting Services|Computer and Information Technology"
24776,ISP,Validating RPKI ROV|Internet Service Provider (ISP)|Computer and Information Technology
213197,Enterprise,"Law, Business, and Consulting Services|Service"
8399,ISP,Eyeball|Not Validating RPKI ROV|Computer and Information Technology|Internet Service Provider (ISP)
205010,ISP,Internet Service Provider (ISP)|Computer and Information Technology
205021,ISP,Computer and Information Technology|Manufacturing|Internet Service Provider (ISP)|Electronics and Computer Components
41191,Other,Computer and Information Technology
57581,ISP,Software Development|Computer and Information Technology|Internet Service Provider (ISP)|Online Informational Content
57584,Other,"Not Validating RPKI ROV|Media, Publishing, and Broadcasting"
57591,ISP,Internet Service Provider (ISP)|Computer and Information Technology
213244,Eyeball,"Retail Stores, Wholesale, and E-commerce Sites|IPv6 only|Personal ASN|Eyeball"
261,ISP,Computer and Information Technology|Internet Service Provider (ISP)
196869,ISP,Computer and Information Technology|Internet Service Provider (ISP)
213253,Academic/Edu,Education and Research|IPv6 only|Personal ASN
24843,Other,"VPN Host|Radio and Television Providers|Media, Publishing, and Broadcasting|Tranco 10k Host"
205068,Other,Software Development|Computer and Information Technology
41233,Other,"Banks, Credit Card Companies, Mortgage Providers|Computer and Information Technology|Finance and Insurance|Service"
49434,ISP,Tranco 10k Host|Validating RPKI ROV|Internet Service Provider (ISP)|Computer and Information Technology
49441,Other,"Retail Stores, Wholesale, and E-commerce Sites"
57633,ISP,Internet Service Provider (ISP)|Not Validating RPKI ROV|Computer and Information Technology
294,ISP,Internet Service Provider (ISP)|Computer and Information Technology
8487,ISP,Computer and Information Technology|Not Validating RPKI ROV|Internet Service Provider (ISP)
49449,ISP,Not Validating RPKI ROV|Computer and Information Technology|Internet Service Provider (ISP)
57642,Enterprise,"Law, Business, and Consulting Services|Service"
49451,Other,"Clothing, Fashion, Luggage|Retail Stores, Wholesale, and E-commerce Sites"
205104,Other,Computer and Information Technology
57654,Content/CDN,Computer and Information Technology|Service|Hosting and Cloud Provider
49463,Other,Real Estate (Residential and/or Commercial)|Construction and Real Estate
41272,ISP,Not Validating RPKI ROV|Internet Service Provider (ISP)|Computer and Information Technology|Eyeball
198706,ISP,Technology Consulting Services|Computer and Information Technology|Internet Service Provider (ISP)
213313,Government,"Computer and Network Security|Government and Public Administration|Computer and Information Technology|Military, Defense, National Security, and International Affairs"
205122,ISP,Technology Consulting Services|Internet Service Provider (ISP)|Computer and Information Technology|Software Development
49477,Content/CDN,"Content|Radio and Television Providers|Media, Publishing, and Broadcasting|Online Music and Video Streaming Services"
205126,Eyeball,Computer and Information Technology|Hosting and Cloud Provider|Personal ASN|IPv6 only
213317,Government,"Government|Government and Regulatory Agencies, Administrations, Departments, and Services|Government and Public Administration"
24904,ISP,Eyeball|Validating RPKI ROV|Computer and Information Technology|Internet Service Provider (ISP)
41291,Other,Not Validating RPKI ROV|Computer and Information Technology|Software Development
8528,Eyeball,"Eyeball|Validating RPKI ROV|Museums, Libraries, and Entertainment|Recreation, Sports, and Performing Arts"
205141,Other,"Retail Stores, Wholesale, and E-commerce Sites|Construction and Real Estate"
49495,ISP,Internet Service Provider (ISP)|Hosting and Cloud Provider|Computer and Information Technology
205147,ISP,Not Validating RPKI ROV|Computer and Information Technology|Internet Service Provider (ISP)
205149,ISP,Software Development|Internet Service Provider (ISP)|Computer and Information Technology
57694,ISP,Internet Service Provider (ISP)|Software Development|Computer and Information Technology|VPN Host
49504,ISP,Internet Service Provider (ISP)|Computer and Information Technology
57696,ISP,Internet Service Provider (ISP)|Computer and Information Technology
205156,Other,"Freight, Shipment, and Postal Services"
24935,ISP,"Law, Business, and Consulting Services|Service|Internet Service Provider (ISP)|Hosting and Cloud Provider"
8554,ISP,Server Hosting|Not Validating RPKI ROV|Internet Service Provider (ISP)|Computer and Information Technology
205167,Other,"Service|Media, Publishing, and Broadcasting"
41332,ISP,Internet Service Provider (ISP)|Computer and Information Technology
8565,ISP,Internet Service Provider (ISP)|Validating RPKI ROV|Computer and Information Technology
41334,ISP,Internet Service Provider (ISP)|Computer and Information Technology
206859,ISP,Internet Service Provider (ISP)|Computer and Information Technology
24954,Other,"Manufacturing|Food, Beverage, and Tobacco"
213372,Other,Computer and Information Technology
205181,Other,Not Validating RPKI ROV|Real Estate (Residential and/or Commercial)|Construction and Real Estate
49537,Other,"Retail Stores, Wholesale, and E-commerce Sites"
49540,ISP,Internet Service Provider (ISP)|Computer and Information Technology|Eyeball
57734,Other,"Human Rights and Social Advocacy (Human Rights, Environment and Wildlife Conservation, Other)|Community Groups and Nonprofits"
213382,Content/CDN,"Media, Publishing, and Broadcasting|Online Informational Content|Education and Research|Server Hosting"
49553,Academic/Edu,Education and Research
213394,ISP,"Computer and Information Technology|Media, Publishing, and Broadcasting|Online Informational Content|Service"
49555,Other,Not Validating RPKI ROV|Automotive and Transportation|Manufacturing
197014,Other,"Casinos and Gambling|Museums, Libraries, and Entertainment"
206865,ISP,Computer and Information Technology|Internet Service Provider (ISP)
57752,ISP,Internet Service Provider (ISP)|Not Validating RPKI ROV|Computer and Information Technology
41370,ISP,"Software Development|Computer and Information Technology|Media, Publishing, and Broadcasting|Internet Service Provider (ISP)"
24990,ISP,Internet Service Provider (ISP)|Computer and Information Technology
49566,Other,Real Estate (Residential and/or Commercial)|Construction and Real Estate
205215,ISP,Computer and Information Technology|Hosting and Cloud Provider|Internet Service Provider (ISP)
213412,Other,Computer and Information Technology|Computer and Network Security
197033,ISP,Computer and Information Technology|Not Validating RPKI ROV|Internet Service Provider (ISP)
205225,Other,Community Groups and Nonprofits
206869,Other,"Finance and Insurance|Investment, Portfolio Management, Pensions and Funds"
197036,ISP,Computer and Information Technology|Not Validating RPKI ROV|Internet Service Provider (ISP)
49584,Other,"Music and Video Industry|Media, Publishing, and Broadcasting"
25009,ISP,Computer and Information Technology|Internet Service Provider (ISP)
213432,Content/CDN,"Computer and Information Technology|Hosting, Cloud Provider, Data Center, Server Colocation"
49594,ISP,Eyeball|Internet Service Provider (ISP)|Computer and Information Technology
8635,ISP,Service|Internet Service Provider (ISP)|Software Development|Computer and Information Technology
41405,ISP,Internet Service Provider (ISP)|Not Validating RPKI ROV|Computer and Information Technology
197056,Other,Buildings (Residential or Commercial)|Construction and Real Estate
41410,ISP,Computer and Network Security|Computer and Information Technology|Software Development|Hosting and Cloud Provider
206874,ISP,Computer and Information Technology|Internet Service Provider (ISP)|Software Development|Hosting and Cloud Provider
57797,ISP,Internet Service Provider (ISP)|Computer and Information Technology|Software Development
205259,Other,Health Care Services
205263,Other,"Other|Investment, Portfolio Management, Pensions and Funds|Finance and Insurance|Computer and Information Technology"
57809,ISP,Eyeball|Computer and Information Technology|Internet Service Provider (ISP)
49619,ISP,Internet Service Provider (ISP)|Computer and Information Technology
197076,ISP,Internet Service Provider (ISP)|Computer and Information Technology|Phone Provider
49623,Other,Software Development|Computer and Information Technology
197081,Other,"Not Validating RPKI ROV|Civil Engineering Construction (Utility Lines, Roads and Bridges)|Construction and Real Estate"
213466,Other,"Banks, Credit Card Companies, Mortgage Providers|Finance and Insurance"
25057,Other,Community Groups and Nonprofits
8677,Other,"Computer and Information Technology|Validating RPKI ROV|Banks, Credit Card Companies, Mortgage Providers|Software Development"
57839,ISP,Computer and Information Technology|Internet Service Provider (ISP)
41459,ISP,Computer and Information Technology|Technology Consulting Services|Internet Service Provider (ISP)
205304,Other,Computer and Information Technology|Personal ASN
205305,Content/CDN,Content|Hosting and Cloud Provider|Computer and Information Technology|IPv6 only
197114,ISP,Internet Service Provider (ISP)|Software Development|Computer and Information Technology|Education and Research
205306,ISP,"Internet Service Provider (ISP)|Service|Law, Business, and Consulting Services|Computer and Information Technology"
57855,Other,Software Development|Computer and Information Technology
41473,Other,"Not Validating RPKI ROV|Radio and Television Providers|Online Music and Video Streaming Services|Media, Publishing, and Broadcasting"
205319,Academic/Edu,"Not Validating RPKI ROV|Education and Research|Colleges, Universities, and Professional Schools"
197133,ISP,VPN Host|Not Validating RPKI ROV|Internet Service Provider (ISP)|Computer and Information Technology
213517,Other,Computer and Information Technology
197138,ISP,Service|Finance and Insurance|Insurance Carriers and Agencies
8723,ISP,Computer and Information Technology|Validating RPKI ROV|Internet Service Provider (ISP)
57877,ISP,Not Validating RPKI ROV|Computer and Information Technology|Internet Service Provider (ISP)
49688,Other,"Construction and Real Estate|Civil Engineering Construction (Utility Lines, Roads and Bridges)"
25113,ISP,Computer and Information Technology|Internet Service Provider (ISP)
49689,ISP,Computer and Information Technology|Internet Service Provider (ISP)|IPv6 only
49690,Other,Construction and Real Estate|Manufacturing|Real Estate (Residential and/or Commercial)
49692,Enterprise,"Service|Law, Business, and Consulting Services"
25117,Eyeball,Eyeball|Technology Consulting Services|Software Development|Computer and Information Technology
197149,Other,Computer and Information Technology|Software Development
49695,ISP,Computer and Information Technology|Internet Service Provider (ISP)
205338,Other,Computer and Information Technology
205344,ISP,Computer and Information Technology|Internet Service Provider (ISP)
213535,Unknown,
197161,Other,Computer and Information Technology|Software Development
57902,ISP,Eyeball|Computer and Information Technology|Internet Service Provider (ISP)
41524,Enterprise,"Service|Law, Business, and Consulting Services"
41526,Academic/Edu,Education and Research
57928,ISP,"Internet Service Provider (ISP)|Law, Business, and Consulting Services|Computer and Information Technology|Software Development"
8784,ISP,Computer and Information Technology|Validating RPKI ROV|Internet Service Provider (ISP)|Software Development
197205,ISP,"Media, Publishing, and Broadcasting|Service|Internet Service Provider (ISP)|Computer and Information Technology"
57943,ISP,Internet Service Provider (ISP)|Computer and Information Technology
57951,Other,Computer and Information Technology
213599,Unknown,
25186,ISP,"Computer and Information Technology|Internet Service Provider (ISP)|Law, Business, and Consulting Services|Service"
49763,Other,Computer and Information Technology
205413,ISP,Computer and Information Technology|Internet Service Provider (ISP)|IPv6 only
197230,Other,Manufacturing
215049,Unknown,
33392,ISP,Eyeball|Validating RPKI ROV|Computer and Information Technology|Internet Service Provider (ISP)
25215,Other,"Finance and Insurance|Banks, Credit Card Companies, Mortgage Providers|Service"
205440,Other,"Construction and Real Estate|Civil Engineering Construction (Utility Lines, Roads and Bridges)"
41605,Other,Computer and Information Technology|Software Development
213638,Other,Personal ASN
8839,Content/CDN,Tranco 10k Host|Not Validating RPKI ROV|Construction and Real Estate|Real Estate (Residential and/or Commercial)
213647,Unknown,
58004,Other,Computer and Information Technology|Software Development
205461,Eyeball,"Not Validating RPKI ROV|Government and Public Administration|Government and Regulatory Agencies, Administrations, Departments, and Services|Tranco 10k Host"
58011,Government,"Computer and Information Technology|Government and Public Administration|Government and Regulatory Agencies, Administrations, Departments, and Services|Military, Defense, National Security, and International Affairs"
41628,ISP,"Service|Law, Business, and Consulting Services|Hosting and Cloud Provider|Internet Service Provider (ISP)"
669,ISP,Computer and Information Technology|Internet Service Provider (ISP)
205472,ISP,Computer and Information Technology|Internet Service Provider (ISP)
213668,Enterprise,"Computer and Information Technology|Service|Law, Business, and Consulting Services"
205483,Enterprise,"Service|Law, Business, and Consulting Services"
58029,Other,Not Validating RPKI ROV|Computer and Information Technology|Service|Software Development
41652,ISP,Eyeball|Not Validating RPKI ROV|Computer and Information Technology|Internet Service Provider (ISP)
41653,ISP,Content|Not Validating RPKI ROV|Internet Service Provider (ISP)|Computer and Information Technology
8891,ISP,"Tranco 10k Host|Validating RPKI ROV|Service|Law, Business, and Consulting Services"
25286,Enterprise,"Law, Business, and Consulting Services|Service"
213703,Enterprise,"Computer and Information Technology|Software Development|Service|Law, Business, and Consulting Services"
25289,Other,"Banks, Credit Card Companies, Mortgage Providers|Investment, Portfolio Management, Pensions and Funds|Finance and Insurance"
8908,Other,"Validating RPKI ROV|Banks, Credit Card Companies, Mortgage Providers|Finance and Insurance"
205522,ISP,"Computer and Information Technology|Hosting, Cloud Provider, Data Center, Server Colocation|Manufacturing|Internet Service Provider (ISP)"
8921,ISP,"Validating RPKI ROV|Online Informational Content|Internet Service Provider (ISP)|Media, Publishing, and Broadcasting"
41690,Other,"Tranco 10k Host|Media, Publishing, and Broadcasting|Computer and Information Technology|Online Music and Video Streaming Services"
49881,Other,"Online Informational Content|Print Media (Newspapers, Magazines, Books)|Media, Publishing, and Broadcasting"
197337,Other,"Media, Publishing, and Broadcasting|Buildings, Repair, Maintenance (Pest Control, Landscaping, Cleaning, Locksmiths, Car Washes, etc)|Service"
205537,ISP,Internet Service Provider (ISP)|Computer and Information Technology
205541,ISP,Computer and Information Technology|Internet Service Provider (ISP)
198792,ISP,Content|Computer and Information Technology|Internet Service Provider (ISP)
205555,Other,Software Development|Not Validating RPKI ROV|Computer and Information Technology
197369,ISP,Internet Service Provider (ISP)|Software Development|Computer and Information Technology
41728,Other,"Software Development|Casinos and Gambling|Computer and Information Technology|Museums, Libraries, and Entertainment"
49920,Other,Manufacturing|Not Validating RPKI ROV|Machinery
49923,Other,"Retail Stores, Wholesale, and E-commerce Sites"
213763,Unknown,
774,ISP,Computer and Information Technology|Internet Service Provider (ISP)
775,ISP,Computer and Information Technology|Internet Service Provider (ISP)
776,ISP,Computer and Information Technology|Internet Service Provider (ISP)
197383,Other,"Retail Stores, Wholesale, and E-commerce Sites"
778,ISP,Computer and Information Technology|Internet Service Provider (ISP)
779,ISP,Internet Service Provider (ISP)|Computer and Information Technology
780,ISP,Internet Service Provider (ISP)|Computer and Information Technology
781,ISP,Internet Service Provider (ISP)|Validating RPKI ROV|Computer and Information Technology
782,ISP,Computer and Information Technology|Internet Service Provider (ISP)
783,ISP,Internet Service Provider (ISP)|Computer and Information Technology
8975,ISP,Computer and Information Technology|Internet Service Provider (ISP)|Software Development
25358,ISP,Internet Service Provider (ISP)|Computer and Information Technology
213778,Academic/Edu,"Other Schools, Instruction, and Exam Preparation (Trade Schools, Art Schools, Driving Instruction, etc.)|Education and Research"
789,ISP,Tranco 10k Host|Not Validating RPKI ROV|Internet Service Provider (ISP)|Computer and Information Technology
205590,Other,Computer and Information Technology|Personal ASN
25369,ISP,Content|Validating RPKI ROV|Computer and Information Technology|Internet Service Provider (ISP)
205593,Other,Computer and Information Technology
41765,ISP,Server Hosting|Not Validating RPKI ROV|Computer and Information Technology|Internet Service Provider (ISP)
8999,ISP,Validating RPKI ROV|Computer and Information Technology|Internet Service Provider (ISP)
49960,Other,Real Estate (Residential and/or Commercial)|Construction and Real Estate
49961,ISP,Not Validating RPKI ROV|Computer and Information Technology|Software Development|Hosting and Cloud Provider
41770,ISP,Internet Service Provider (ISP)|Software Development|Computer and Information Technology
9003,ISP,Not Validating RPKI ROV|Computer and Information Technology|Internet Service Provider (ISP)
197422,Eyeball,Eyeball|Not Validating RPKI ROV|Computer and Information Technology|Hosting and Cloud Provider
41788,Other,Technology Consulting Services|Computer and Information Technology
215090,Content/CDN,"Media, Publishing, and Broadcasting|Online Informational Content|Computer and Information Technology|Electronics and Computer Components"
205633,Enterprise,"Service|Media, Publishing, and Broadcasting|Law, Business, and Consulting Services|Retail Stores, Wholesale, and E-commerce Sites"
9036,ISP,Server Hosting|Validating RPKI ROV|Computer and Information Technology|Internet Service Provider (ISP)
25426,ISP,Internet Service Provider (ISP)|Computer and Information Technology|Phone Provider
197465,ISP,Software Development|Computer and Network Security|Computer and Information Technology|Internet Service Provider (ISP)
58208,Enterprise,"Law, Business, and Consulting Services|Service"
205669,ISP,Eyeball|Internet Service Provider (ISP)|Computer and Information Technology|Home ISP
197484,ISP,Internet Service Provider (ISP)|Computer and Information Technology
197485,ISP,Internet Service Provider (ISP)|Software Development|Computer and Information Technology|Eyeball
213868,Content/CDN,"Computer and Information Technology|Hosting, Cloud Provider, Data Center, Server Colocation"
205681,Other,"Computer and Information Technology|Manufacturing|Media, Publishing, and Broadcasting|Online Informational Content"
213873,ISP,Tor services|Computer and Information Technology|Internet Service Provider (ISP)
50036,Government,"Government and Public Administration|Government and Regulatory Agencies, Administrations, Departments, and Services"
197492,Other,Computer and Information Technology|Not Validating RPKI ROV|Software Development
886,Government,"Government and Public Administration|Government and Regulatory Agencies, Administrations, Departments, and Services"
887,Government,"Government and Public Administration|Government and Regulatory Agencies, Administrations, Departments, and Services"
205684,ISP,Content|Internet Service Provider (ISP)|Computer and Information Technology
205690,Other,"Retail Stores, Wholesale, and E-commerce Sites|Manufacturing"
197500,Other,"Not Validating RPKI ROV|Radio and Television Providers|Music and Video Industry|Media, Publishing, and Broadcasting"
9089,Enterprise,"Validating RPKI ROV|Service|Law, Business, and Consulting Services"
197505,Other,Computer and Information Technology
205698,ISP,Internet Service Provider (ISP)|Computer and Information Technology
41863,Other,"Retail Stores, Wholesale, and E-commerce Sites"
205710,Content/CDN,IPv6 only|Computer and Information Technology|Hosting and Cloud Provider
198825,ISP,Content|Computer and Information Technology|Internet Service Provider (ISP)
41894,ISP,Software Development|Internet Service Provider (ISP)|Computer and Information Technology
50087,ISP,Computer and Information Technology|Internet Service Provider (ISP)
197548,ISP,Technology Consulting Services|Computer and Information Technology|Internet Service Provider (ISP)|Software Development
197551,Other,Real Estate (Residential and/or Commercial)|Construction and Real Estate
213935,Other,IPv6 only
198831,ISP,Content|Internet Service Provider (ISP)|Computer and Information Technology
205746,Other,"Freight, Shipment, and Postal Services"
213938,Other,Construction and Real Estate
213941,Other,Electronics and Computer Components|Manufacturing
197562,Other,"Civil Engineering Construction (Utility Lines, Roads and Bridges)|Construction and Real Estate"
213947,Content/CDN,"Hosting, Cloud Provider, Data Center, Server Colocation|Computer and Information Technology"
213948,Other,Personal ASN|Computer and Information Technology
9149,ISP,Validating RPKI ROV|Computer and Information Technology|Internet Service Provider (ISP)|Software Development
213949,Other,Computer and Information Technology|Software Development
205761,Other,Manufacturing|Electronics and Computer Components
25540,ISP,Eyeball|Validating RPKI ROV|Computer and Information Technology|Internet Service Provider (ISP)
58308,Content/CDN,"Content|Museums, Libraries, and Entertainment|Recreation, Sports, and Performing Arts|Server Hosting"
197573,Other,"Retail Stores, Wholesale, and E-commerce Sites"
132039,Other,Electronics and Computer Components|Manufacturing
9159,Eyeball,"Eyeball|Finance and Insurance|Banks, Credit Card Companies, Mortgage Providers|Tranco 10k Host"
50123,Other,Manufacturing|Travel and Accommodation|Chemical and Pharmaceutical Manufacturing|Food Services and Drinking Places
50124,Eyeball,"Eyeball|Food, Grocery, Beverages|Retail Stores, Wholesale, and E-commerce Sites|Travel and Accommodation"
213966,Enterprise,"Law, Business, and Consulting Services|Service|Computer and Information Technology"
41935,ISP,Software Development|Validating RPKI ROV|Manufacturing|Service
9168,Other,Computer and Information Technology
205778,Other,"Retail Stores, Wholesale, and E-commerce Sites|IPv6 only"
213971,Content/CDN,"Computer and Information Technology|Hosting, Cloud Provider, Data Center, Server Colocation"
58324,ISP,Computer and Information Technology|Internet Service Provider (ISP)
50133,ISP,Software Development|Internet Service Provider (ISP)|Computer and Information Technology
206979,Other,Service|Computer and Information Technology
9180,Content/CDN,Software Development|Validating RPKI ROV|Computer and Information Technology|Hosting and Cloud Provider
213987,Unknown,
206983,Enterprise,"Law, Business, and Consulting Services|Service"
205801,ISP,Software Development|Internet Service Provider (ISP)|Computer and Information Technology
197618,ISP,Not Validating RPKI ROV|Computer and Information Technology|Internet Service Provider (ISP)|Eyeball
205816,Other,Service|Personal ASN
25593,Content/CDN,VPN Host|Computer and Information Technology|Hosting and Cloud Provider|Software Development
205817,Enterprise,"Service|Law, Business, and Consulting Services"
214008,Other,Computer and Network Security|Computer and Information Technology|Validating RPKI ROV
50172,Other,"Passenger Transit (Car, Bus, Taxi, Subway)|Not Validating RPKI ROV|Freight, Shipment, and Postal Services"
197638,Enterprise,Health Care Services|Community Groups and Nonprofits|Service|Manufacturing
214023,Academic/Edu,Education and Research
214029,ISP,Computer and Information Technology|Internet Service Provider (ISP)
197653,ISP,Internet Service Provider (ISP)|Computer and Information Technology
205845,Other,Software Development|Computer and Information Technology
50199,ISP,Internet Service Provider (ISP)|Computer and Information Technology
197662,Other,"Clothing, Fashion, Luggage|Retail Stores, Wholesale, and E-commerce Sites"
205860,Other,"Service|Finance and Insurance|Banks, Credit Card Companies, Mortgage Providers"
205862,Other,Computer and Information Technology
33835,ISP,Eyeball|Not Validating RPKI ROV|Computer and Information Technology|Internet Service Provider (ISP)
214065,Unknown,
214070,Academic/Edu,"Government and Regulatory Agencies, Administrations, Departments, and Services|Online Informational Content|Education and Research|Government and Public Administration"
214071,Unknown,
50234,ISP,"Service|Retail Stores, Wholesale, and E-commerce Sites|Internet Service Provider (ISP)|Computer and Information Technology"
197696,Content/CDN,VPN Host|Computer and Network Security|Hosting and Cloud Provider|Software Development
207001,Other,IPv6 only|Computer and Information Technology|Software Development
214086,Enterprise,"Service|Law, Business, and Consulting Services"
42064,Other,"Community Groups and Nonprofits|Human Rights and Social Advocacy (Human Rights, Environment and Wildlife Conservation, Other)"
205919,Academic/Edu,Education and Research
205921,Other,"Not Validating RPKI ROV|Retail Stores, Wholesale, and E-commerce Sites"
197732,ISP,Internet Service Provider (ISP)|Technology Consulting Services|Computer and Information Technology
205933,ISP,Computer and Information Technology|Internet Service Provider (ISP)
42096,ISP,"Music and Video Industry|Media, Publishing, and Broadcasting|Computer and Information Technology|Internet Service Provider (ISP)"
197744,Other,Computer and Information Technology
205939,Other,Software Development|Computer and Information Technology
205956,ISP,"Anycast|Hosting, Cloud Provider, Data Center, Server Colocation|Computer and Information Technology|Internet Service Provider (ISP)"
42117,ISP,Not Validating RPKI ROV|Internet Service Provider (ISP)|Computer and Information Technology|Eyeball
33930,ISP,Internet Service Provider (ISP)|Not Validating RPKI ROV|Computer and Information Technology
50314,Other,Finance and Insurance|Computer and Information Technology
214154,ISP,"Computer and Information Technology|Internet Service Provider (ISP)|Manufacturing|Hosting, Cloud Provider, Data Center, Server Colocation"
197778,Other,Computer and Information Technology|Software Development
33945,Other,"Agriculture, Mining, and Refineries (Farming, Greenhouses, Mining, Forestry, and Animal Farming)|Chemical and Pharmaceutical Manufacturing|Museums, Libraries, and Entertainment|Manufacturing"
197788,Other,"Finance and Insurance|Investment, Portfolio Management, Pensions and Funds"
205992,Enterprise,"Retail Stores, Wholesale, and E-commerce Sites|Law, Business, and Consulting Services|Personal Care and Lifestyle (Barber Shops, Nail Salons, Diet Centers, Laundry, etc)|Service"
206002,Other,Computer and Information Technology
197816,Content/CDN,Computer and Information Technology|Not Validating RPKI ROV|Hosting and Cloud Provider
206014,Other,"Civil Engineering Construction (Utility Lines, Roads and Bridges)|Construction and Real Estate"
206015,Other,Computer and Information Technology|Software Development
50370,Other,Construction and Real Estate|Buildings (Residential or Commercial)
34000,Other,"Construction and Real Estate|Civil Engineering Construction (Utility Lines, Roads and Bridges)"
34002,ISP,"Validating RPKI ROV|Media, Publishing, and Broadcasting|Internet Service Provider (ISP)|Hosting and Cloud Provider"
1235,ISP,Internet Service Provider (ISP)|Computer and Information Technology
50388,ISP,Computer and Information Technology|Internet Service Provider (ISP)
206037,ISP,Computer and Information Technology|Internet Service Provider (ISP)
34006,ISP,Not Validating RPKI ROV|Computer and Information Technology|Internet Service Provider (ISP)
214232,ISP,Computer and Information Technology|Internet Service Provider (ISP)
42208,Other,"Computer and Information Technology|Retail Stores, Wholesale, and E-commerce Sites|Software Development|Travel and Accommodation"
34019,Eyeball,Eyeball|Computer and Information Technology|Software Development|Validating RPKI ROV
206059,Eyeball,Eyeball|Community Groups and Nonprofits
394485,ISP,Internet Service Provider (ISP)|Computer and Information Technology
197883,ISP,Computer and Information Technology|Internet Service Provider (ISP)
206086,Other,Software Development|Computer and Information Technology
50446,Content/CDN,Content|Computer and Information Technology|Server Hosting
42258,Other,"Freight, Shipment, and Postal Services"
1299,ISP,T1|Validating RPKI ROV|Internet Service Provider (ISP)|Computer and Information Technology
1300,ISP,Computer and Information Technology|Internet Service Provider (ISP)
1301,Other,"Utilities (Excluding Internet Service)|Not Validating RPKI ROV|Computer and Information Technology|Electric Power Generation, Transmission, Distribution"
1302,ISP,Internet Service Provider (ISP)|Computer and Information Technology
1303,ISP,Internet Service Provider (ISP)|Validating RPKI ROV|Computer and Information Technology
1305,ISP,Internet Service Provider (ISP)|Computer and Information Technology
1306,ISP,Internet Service Provider (ISP)|Computer and Information Technology
1307,ISP,Internet Service Provider (ISP)|Not Validating RPKI ROV|Computer and Information Technology
1308,ISP,Computer and Information Technology|Internet Service Provider (ISP)
1309,ISP,Internet Service Provider (ISP)|Computer and Information Technology
197914,ISP,Hosting and Cloud Provider|Computer and Information Technology|Internet Service Provider (ISP)|VPN Host
197922,ISP,Eyeball|Computer and Information Technology|Internet Service Provider (ISP)|Tor services
42275,Other,Service
206120,ISP,Computer and Information Technology|Internet Service Provider (ISP)
50474,ISP,VPN Host|Internet Service Provider (ISP)|Hosting and Cloud Provider|Computer and Information Technology
215189,Other,Computer and Information Technology|Computer and Network Security
206129,Enterprise,"Retail Stores, Wholesale, and E-commerce Sites|Law, Business, and Consulting Services|Service"
214326,Other,Computer and Information Technology|Software Development|Personal ASN
207051,ISP,Internet Service Provider (ISP)|Software Development|Computer and Information Technology
50497,Other,"Computer and Information Technology|Service|Media, Publishing, and Broadcasting|Software Development"
132418,ISP,Software Development|Computer and Information Technology|Hosting and Cloud Provider|Internet Service Provider (ISP)
197959,Content/CDN,"Computer and Information Technology|Hosting, Cloud Provider, Data Center, Server Colocation"
206155,Other,Real Estate (Residential and/or Commercial)|Construction and Real Estate|Personal ASN
206165,Unknown,
197981,ISP,Internet Service Provider (ISP)|Computer and Information Technology
206178,Other,IPv6 only|Other
214376,Other,Personal ASN
42349,ISP,Hosting and Cloud Provider|Internet Service Provider (ISP)|Software Development|Computer and Information Technology
214383,Unknown,
50547,ISP,Computer and Information Technology|Internet Service Provider (ISP)
42356,Other,Search|Computer and Information Technology
214390,Content/CDN,"Content|Tranco 10k Host|Hosting, Cloud Provider, Data Center, Server Colocation|Computer and Information Technology"
214394,Other,IPv6 only
42363,ISP,Internet Service Provider (ISP)|Software Development|Computer and Information Technology|VPN Host
34173,ISP,Computer and Information Technology|Software Development|Internet Service Provider (ISP)|VPN Host
34177,ISP,Tranco 10k Host|Not Validating RPKI ROV|Internet Service Provider (ISP)|Computer and Information Technology
42369,Content/CDN,"Server Hosting|Service|Media, Publishing, and Broadcasting"
214404,Unknown,
198034,ISP,Computer and Information Technology|Internet Service Provider (ISP)
34197,ISP,Computer and Information Technology|Internet Service Provider (ISP)
50583,Academic/Edu,"Software Development|Computer and Information Technology|Education and Research|Colleges, Universities, and Professional Schools"
42392,Other,Software Development|Computer and Information Technology
50588,Government,"Military, Defense, National Security, and International Affairs|Government and Public Administration|Government and Regulatory Agencies, Administrations, Departments, and Services"
206242,Enterprise,"Service|Law, Business, and Consulting Services"
198053,ISP,Internet Service Provider (ISP)|Computer and Information Technology
198060,ISP,Computer and Information Technology|Internet Service Provider (ISP)|Software Development|Validating RPKI ROV
50618,ISP,Computer and Information Technology|Internet Service Provider (ISP)
34235,Content/CDN,VPN Host|Computer and Information Technology|Hosting and Cloud Provider|Software Development
50620,ISP,Eyeball|Computer and Information Technology|Internet Service Provider (ISP)|Home ISP
50624,ISP,Internet Service Provider (ISP)|Computer and Information Technology
50628,ISP,Carrier|Not Validating RPKI ROV|Computer and Information Technology|Internet Service Provider (ISP)
214473,Other,Computer and Information Technology
42449,Government,"Government and Regulatory Agencies, Administrations, Departments, and Services|Government and Public Administration"
42456,ISP,Internet Service Provider (ISP)|Computer and Information Technology
214490,Unknown,
214492,Unknown,
198111,ISP,Internet Service Provider (ISP)|Computer and Information Technology
42467,ISP,Internet Service Provider (ISP)|Computer and Information Technology
206308,Other,Computer and Information Technology
206310,ISP,Software Development|Internet Service Provider (ISP)|Computer and Information Technology
50664,Other,Computer and Information Technology
215227,Other,Computer and Information Technology
198126,ISP,Internet Service Provider (ISP)|Computer and Information Technology
214518,Unknown,
42487,ISP,Eyeball|Validating RPKI ROV|Computer and Information Technology|Internet Service Provider (ISP)
198149,ISP,Computer and Information Technology|Internet Service Provider (ISP)|IPv6 only
206342,ISP,"Computer and Information Technology|Government and Public Administration|Law Enforcement, Public Safety, and Justice|Internet Service Provider (ISP)"
214537,ISP,"Technology Consulting Services|Law, Business, and Consulting Services|Computer and Information Technology|Service"
50702,ISP,Computer and Information Technology|Internet Service Provider (ISP)|VPN Host
132623,Other,Service|Personal ASN|IPv6 only
215234,ISP,Internet Service Provider (ISP)|Computer and Information Technology
206359,Enterprise,"Service|Law, Business, and Consulting Services"
214560,Other,Computer and Information Technology|Computer and Network Security
214563,Enterprise,"Law, Business, and Consulting Services|Service"
198184,ISP,Internet Service Provider (ISP)|Computer and Information Technology
206379,Other,Computer and Information Technology|Software Development
207100,Other,"Retail Stores, Wholesale, and E-commerce Sites|Computer and Information Technology|Software Development"
206390,Academic/Edu,"Computer and Information Technology|Law, Business, and Consulting Services|Education and Research|Service"
214589,Unknown,
206398,ISP,Computer and Information Technology|Internet Service Provider (ISP)
206399,ISP,Computer and Information Technology|Internet Service Provider (ISP)
50758,Government,Government|Automotive and Transportation|Manufacturing
215246,Academic/Edu,Health Care Services|Education and Research
34383,ISP,Computer and Information Technology|Not Validating RPKI ROV|Eyeball|Internet Service Provider (ISP)
34391,ISP,Eyeball|Validating RPKI ROV|Computer and Information Technology|Internet Service Provider (ISP)
50778,Other,"Software Development|Retail Stores, Wholesale, and E-commerce Sites|Computer and Information Technology"
50779,ISP,"Utilities (Excluding Internet Service)|Electric Power Generation, Transmission, Distribution|Internet Service Provider (ISP)|Computer and Information Technology"
140894,ISP,Computer and Information Technology|Phone Provider|Hosting and Cloud Provider|Electronics and Computer Components
198239,ISP,Computer and Information Technology|Internet Service Provider (ISP)
214625,Other,IPv6 only
50796,ISP,Not Validating RPKI ROV|Internet Service Provider (ISP)|Computer and Information Technology|Eyeball
206445,ISP,IPv6 only|Internet Service Provider (ISP)|Computer and Information Technology
42609,Other,"Service|Social Assistance (Temporary Shelters, Emergency Relief, Child Day Care, etc)"
206450,Other,"Finance and Insurance|Banks, Credit Card Companies, Mortgage Providers|Service"
206453,Other,Computer and Information Technology
34422,Enterprise,"VPN Host|Law, Business, and Consulting Services|Service"
214650,Other,Computer and Information Technology
50812,ISP,Internet Service Provider (ISP)|Computer and Information Technology
34433,Other,Travel and Accommodation
50818,ISP,Internet Service Provider (ISP)|Computer and Information Technology|Software Development
42630,ISP,Computer and Information Technology|Internet Service Provider (ISP)|Phone Provider
34444,ISP,"Media, Publishing, and Broadcasting|Not Validating RPKI ROV|Computer and Information Technology|Internet Service Provider (ISP)"
198286,ISP,"Government and Public Administration|Insurance Carriers and Agencies|Media, Publishing, and Broadcasting|Finance and Insurance"
50834,ISP,Internet Service Provider (ISP)|Computer and Information Technology
50845,Enterprise,Corporate/Enterprise|Buildings (Residential or Commercial)|Construction and Real Estate
50858,ISP,VPN Host|Not Validating RPKI ROV|Computer and Information Technology|Internet Service Provider (ISP)
1707,ISP,Computer and Information Technology|Internet Service Provider (ISP)
1708,ISP,Computer and Information Technology|Internet Service Provider (ISP)
1709,ISP,Computer and Information Technology|Internet Service Provider (ISP)
1710,ISP,Internet Service Provider (ISP)|Computer and Information Technology
1711,ISP,Internet Service Provider (ISP)|Computer and Information Technology
1712,ISP,Academic|Validating RPKI ROV|Computer and Information Technology|Internet Service Provider (ISP)
1713,ISP,Internet Service Provider (ISP)|Computer and Information Technology
1714,ISP,Internet Service Provider (ISP)|Computer and Information Technology
1715,ISP,Computer and Information Technology|Internet Service Provider (ISP)
1716,ISP,Internet Service Provider (ISP)|Computer and Information Technology
1717,ISP,Computer and Information Technology|Internet Service Provider (ISP)
1718,ISP,Computer and Information Technology|Internet Service Provider (ISP)
1719,ISP,Computer and Information Technology|Internet Service Provider (ISP)
1720,ISP,Computer and Information Technology|Internet Service Provider (ISP)
1721,ISP,Internet Service Provider (ISP)|Computer and Information Technology
1722,ISP,Internet Service Provider (ISP)|Computer and Information Technology
1723,ISP,Computer and Information Technology|Internet Service Provider (ISP)
1724,ISP,Computer and Information Technology|Not Validating RPKI ROV|Internet Service Provider (ISP)
1725,ISP,Computer and Information Technology|Internet Service Provider (ISP)
1726,ISP,Computer and Information Technology|Internet Service Provider (ISP)
34493,ISP,"Computer and Information Technology|Internet Service Provider (ISP)|Media, Publishing, and Broadcasting|Online Informational Content"
42687,ISP,Internet Service Provider (ISP)|Computer and Information Technology
198330,ISP,Internet Service Provider (ISP)|Not Validating RPKI ROV|Computer and Information Technology
198335,ISP,Computer and Information Technology|Validating RPKI ROV|Internet Service Provider (ISP)
206525,Other,Technology Consulting Services|Computer and Information Technology
198340,Other,"Air Transportation|Freight, Shipment, and Postal Services"
34510,ISP,Internet Service Provider (ISP)|Computer and Information Technology|Eyeball
50894,Other,"Casinos and Gambling|Museums, Libraries, and Entertainment"
50897,ISP,Computer and Information Technology|Internet Service Provider (ISP)
50902,ISP,Computer and Information Technology|Internet Service Provider (ISP)|Content
50903,ISP,Eyeball|Not Validating RPKI ROV|Internet Service Provider (ISP)|Computer and Information Technology
214742,Other,"Media, Publishing, and Broadcasting|Print Media (Newspapers, Magazines, Books)"
34534,ISP,Hosting and Cloud Provider|Computer and Information Technology|Internet Service Provider (ISP)
34536,Content/CDN,Computer and Information Technology|Software Development|VPN Host|Server Hosting
206568,ISP,Software Development|Internet Service Provider (ISP)|Computer and Information Technology
206569,Enterprise,"Service|Law, Business, and Consulting Services|IPv6 only|Personal ASN"
34542,Other,"Freight, Shipment, and Postal Services"
214777,ISP,Technology Consulting Services|Internet Service Provider (ISP)|Computer and Information Technology|Software Development
206599,Other,"Retail Stores, Wholesale, and E-commerce Sites"
50954,Other,"Media, Publishing, and Broadcasting|Print Media (Newspapers, Magazines, Books)"
34572,ISP,Computer and Information Technology|Not Validating RPKI ROV|Internet Service Provider (ISP)
50960,ISP,Internet Service Provider (ISP)|Hosting and Cloud Provider|Service|Computer and Information Technology
198423,Other,"Construction and Real Estate|Civil Engineering Construction (Utility Lines, Roads and Bridges)"
206619,ISP,Insurance Carriers and Agencies|Finance and Insurance
199006,Other,"Service|Social Assistance (Temporary Shelters, Emergency Relief, Child Day Care, etc)"
50982,ISP,Finance and Insurance|Insurance Carriers and Agencies
42795,Other,"Media, Publishing, and Broadcasting|Retail Stores, Wholesale, and E-commerce Sites|Electronics and Computer Components|Manufacturing"
214838,Enterprise,"Law, Business, and Consulting Services|Service"
42811,ISP,Computer and Information Technology|Not Validating RPKI ROV|Internet Service Provider (ISP)|Eyeball
206656,ISP,"Internet Service Provider (ISP)|Software Development|Service|Law, Business, and Consulting Services"
206660,ISP,Computer and Information Technology|Internet Service Provider (ISP)
214874,Other,"Museums, Libraries, and Entertainment"
42845,ISP,Internet Service Provider (ISP)|Validating RPKI ROV|Computer and Information Technology
51038,Other,Not Validating RPKI ROV|Health Care Services|Hospitals and Medical Centers
214877,Content/CDN,"Computer and Information Technology|Hosting, Cloud Provider, Data Center, Server Colocation"
34659,ISP,Home ISP|Validating RPKI ROV|Computer and Information Technology|Internet Service Provider (ISP)
206696,ISP,"Hosting, Cloud Provider, Data Center, Server Colocation|Computer and Information Technology|Internet Service Provider (ISP)|Electronics and Computer Components"
198507,ISP,Computer and Information Technology|Not Validating RPKI ROV|Internet Service Provider (ISP)
206700,Other,Service
206709,Other,Manufacturing|Clothing and Textiles
206713,Eyeball,"Not Validating RPKI ROV|Radio and Television Providers|Education and Research|Media, Publishing, and Broadcasting"
206720,Other,"Manufacturing|Automotive and Transportation|Metal, Glass, Wood, and Paper Manufacturing|Machinery"
206721,Other,"Technology Consulting Services|Electric Power Generation, Transmission, Distribution|Utilities (Excluding Internet Service)|Computer and Information Technology"
51075,ISP,Computer and Information Technology|Internet Service Provider (ISP)
51078,Eyeball,"Hosting, Cloud Provider, Data Center, Server Colocation|Computer and Information Technology|Eyeball"
206726,ISP,"Finance and Insurance|Banks, Credit Card Companies, Mortgage Providers|Insurance Carriers and Agencies"
51083,ISP,Eyeball|Computer and Information Technology|Community Groups and Nonprofits|Internet Service Provider (ISP)
51085,Other,"Finance and Insurance|Investment, Portfolio Management, Pensions and Funds"
1935,ISP,Internet Service Provider (ISP)|Computer and Information Technology
34704,ISP,Internet Service Provider (ISP)|Not Validating RPKI ROV|Computer and Information Technology
1936,ISP,Computer and Information Technology|Internet Service Provider (ISP)
1937,ISP,Internet Service Provider (ISP)|Computer and Information Technology
1938,ISP,Internet Service Provider (ISP)|Computer and Information Technology
1939,ISP,Computer and Information Technology|Internet Service Provider (ISP)
1940,ISP,Internet Service Provider (ISP)|Computer and Information Technology
1941,ISP,Internet Service Provider (ISP)|Computer and Information Technology
1942,ISP,Internet Service Provider (ISP)|Not Validating RPKI ROV|Computer and Information Technology
1943,ISP,Internet Service Provider (ISP)|Computer and Information Technology
1944,ISP,Computer and Information Technology|Internet Service Provider (ISP)
1945,ISP,Computer and Information Technology|Not Validating RPKI ROV|Internet Service Provider (ISP)
1946,ISP,Computer and Information Technology|Internet Service Provider (ISP)
1947,ISP,Computer and Information Technology|Internet Service Provider (ISP)
1948,ISP,Internet Service Provider (ISP)|Computer and Information Technology
1949,ISP,Computer and Information Technology|Internet Service Provider (ISP)
1950,ISP,Computer and Information Technology|Internet Service Provider (ISP)
1951,ISP,Computer and Information Technology|Internet Service Provider (ISP)
1952,ISP,Computer and Information Technology|Internet Service Provider (ISP)
1953,ISP,Internet Service Provider (ISP)|Computer and Information Technology
1954,ISP,Computer and Information Technology|Internet Service Provider (ISP)
198558,Government,"Military, Defense, National Security, and International Affairs|Government and Public Administration|Phone Provider|Software Development"
214942,Unknown,
34727,ISP,Not Validating RPKI ROV|Internet Service Provider (ISP)|Software Development|Computer and Information Technology
42924,Other,Validating RPKI ROV|Construction and Real Estate
198575,Government,"Government and Regulatory Agencies, Administrations, Departments, and Services|Government and Public Administration"
214959,Other,Manufacturing|Electronics and Computer Components|Software Development|Computer and Information Technology
42929,ISP,Internet Service Provider (ISP)|Computer and Information Technology
214961,Government,"Government and Public Administration|Government and Regulatory Agencies, Administrations, Departments, and Services"
198583,ISP,Not Validating RPKI ROV|Computer and Information Technology|Internet Service Provider (ISP)
51128,Other,Construction and Real Estate|Buildings (Residential or Commercial)
206778,Content/CDN,IPv6 only|Hosting and Cloud Provider|Computer and Information Technology
34749,Content/CDN,Computer and Information Technology|Hosting and Cloud Provider|Validating RPKI ROV
206782,Content/CDN,Software Development|Computer and Information Technology|Hosting and Cloud Provider
34752,Other,"Media, Publishing, and Broadcasting|Print Media (Newspapers, Magazines, Books)|Service"
51144,Other,"Retail Stores, Wholesale, and E-commerce Sites|Manufacturing|Electronics and Computer Components|IPv6 only"
34761,ISP,Computer and Information Technology|Internet Service Provider (ISP)
206795,Enterprise,"Not Validating RPKI ROV|Law, Business, and Consulting Services|Service"
34774,Other,Computer and Information Technology
206809,Eyeball,"Eyeball|Not Validating RPKI ROV|Travel and Accommodation|Retail Stores, Wholesale, and E-commerce Sites"
42970,Other,Validating RPKI ROV|Computer and Information Technology
34783,ISP,Internet Service Provider (ISP)|Computer and Information Technology
51167,ISP,Content|Validating RPKI ROV|Hosting and Cloud Provider|Internet Service Provider (ISP)
215011,Other,IPv6 only|Computer and Information Technology|Anycast|Personal ASN
2027,Eyeball,"Eyeball|Health Care Services|Investment, Portfolio Management, Pensions and Funds|Community Groups and Nonprofits"
215021,Other,"Recreation, Sports, and Performing Arts|Museums, Libraries, and Entertainment"
206831,Other,Computer and Information Technology|Computer and Network Security|Personal ASN|IPv6 only
198641,ISP,"Service|Not Validating RPKI ROV|Computer and Information Technology|Law, Business, and Consulting Services"
34809,Other,"Freight, Shipment, and Postal Services"
206841,ISP,Computer and Information Technology|Internet Service Provider (ISP)
215035,Other,Computer and Information Technology
206851,Other,Computer and Information Technology|Computer and Network Security
51207,ISP,Eyeball|Computer and Information Technology|Internet Service Provider (ISP)|Phone Provider
206856,ISP,Not Validating RPKI ROV|Internet Service Provider (ISP)|Computer and Information Technology
2057,ISP,Internet Service Provider (ISP)|Computer and Information Technology
2058,ISP,Internet Service Provider (ISP)|Computer and Information Technology
2059,ISP,Internet Service Provider (ISP)|Computer and Information Technology
2060,ISP,Internet Service Provider (ISP)|Validating RPKI ROV|Computer and Information Technology
2061,ISP,Computer and Information Technology|Internet Service Provider (ISP)
2062,ISP,Computer and Information Technology|Internet Service Provider (ISP)
2063,ISP,Internet Service Provider (ISP)|Computer and Information Technology
2064,ISP,Internet Service Provider (ISP)|Computer and Information Technology
2065,ISP,Computer and Information Technology|Not Validating RPKI ROV|Internet Service Provider (ISP)
2066,ISP,Internet Service Provider (ISP)|Computer and Information Technology
2067,ISP,Computer and Information Technology|Validating RPKI ROV|Internet Service Provider (ISP)
2068,ISP,Internet Service Provider (ISP)|Computer and Information Technology
2069,ISP,Computer and Information Technology|Internet Service Provider (ISP)
2070,ISP,Internet Service Provider (ISP)|Computer and Information Technology
2071,ISP,Computer and Information Technology|Internet Service Provider (ISP)
2072,ISP,Internet Service Provider (ISP)|Computer and Information Technology
2073,ISP,Internet Service Provider (ISP)|Computer and Information Technology
2074,ISP,Internet Service Provider (ISP)|Computer and Information Technology
2075,ISP,Computer and Information Technology|Internet Service Provider (ISP)
2076,ISP,Internet Service Provider (ISP)|Computer and Information Technology
2077,ISP,Computer and Information Technology|Internet Service Provider (ISP)
2078,ISP,Internet Service Provider (ISP)|Computer and Information Technology
2079,ISP,Computer and Information Technology|Internet Service Provider (ISP)
2080,ISP,Internet Service Provider (ISP)|Computer and Information Technology
2081,ISP,Internet Service Provider (ISP)|Computer and Information Technology
2082,ISP,Internet Service Provider (ISP)|Computer and Information Technology
2083,ISP,Computer and Information Technology|Internet Service Provider (ISP)
2084,ISP,Internet Service Provider (ISP)|Computer and Information Technology
2085,ISP,Computer and Information Technology|Internet Service Provider (ISP)
2086,ISP,Computer and Information Technology|Internet Service Provider (ISP)
2087,ISP,Computer and Information Technology|Internet Service Provider (ISP)
2088,ISP,Internet Service Provider (ISP)|Not Validating RPKI ROV|Computer and Information Technology
2089,ISP,Internet Service Provider (ISP)|Computer and Information Technology
2090,ISP,Internet Service Provider (ISP)|Computer and Information Technology
2091,ISP,Internet Service Provider (ISP)|Computer and Information Technology
2092,ISP,Internet Service Provider (ISP)|Computer and Information Technology
2093,ISP,Internet Service Provider (ISP)|Computer and Information Technology
2094,ISP,Eyeball|Not Validating RPKI ROV|Computer and Information Technology|Internet Service Provider (ISP)
2095,ISP,Internet Service Provider (ISP)|Computer and Information Technology
2096,ISP,Internet Service Provider (ISP)|Computer and Information Technology
2097,ISP,Computer and Information Technology|Internet Service Provider (ISP)
2098,ISP,Computer and Information Technology|Internet Service Provider (ISP)
2099,ISP,Internet Service Provider (ISP)|Computer and Information Technology
2100,ISP,Internet Service Provider (ISP)|Computer and Information Technology
2101,ISP,Internet Service Provider (ISP)|Computer and Information Technology
2102,ISP,Computer and Information Technology|Internet Service Provider (ISP)
2103,ISP,Internet Service Provider (ISP)|Computer and Information Technology
2104,ISP,Internet Service Provider (ISP)|Computer and Information Technology
2105,ISP,Internet Service Provider (ISP)|Computer and Information Technology
2106,ISP,Computer and Information Technology|Internet Service Provider (ISP)
51257,Other,Software Development|Computer and Information Technology
206903,Other,"Personal Care and Lifestyle (Barber Shops, Nail Salons, Diet Centers, Laundry, etc)|Retail Stores, Wholesale, and E-commerce Sites|Service|Clothing, Fashion, Luggage"
215097,Unknown,
206914,Other,Service|Computer and Information Technology|Technology Consulting Services
51269,ISP,Eyeball|Not Validating RPKI ROV|Internet Service Provider (ISP)|Computer and Information Technology
51270,Other,Chemical and Pharmaceutical Manufacturing|Automotive and Transportation|Manufacturing
199064,ISP,Government and Public Administration|Computer and Network Security|Search|Computer and Information Technology
215114,Content/CDN,Server Hosting|Computer and Information Technology
198732,ISP,Internet Service Provider (ISP)|Software Development|Computer and Information Technology
43090,ISP,Computer and Information Technology|Internet Service Provider (ISP)|Software Development
215124,Content/CDN,"Computer and Information Technology|Hosting, Cloud Provider, Data Center, Server Colocation"
43100,Other,"Human Rights and Social Advocacy (Human Rights, Environment and Wildlife Conservation, Other)|Community Groups and Nonprofits"
206940,Other,"Retail Stores, Wholesale, and E-commerce Sites|Clothing, Fashion, Luggage"
206944,Other,"Retail Stores, Wholesale, and E-commerce Sites"
34913,Enterprise,"Law, Business, and Consulting Services|Computer and Information Technology|Media, Publishing, and Broadcasting|Service"
215140,Content/CDN,Server Hosting|Content
51301,Other,Computer and Information Technology|Software Development
215142,Content/CDN,"Hosting, Cloud Provider, Data Center, Server Colocation|Computer and Information Technology|Server Hosting"
215144,Unknown,
51306,Content/CDN,Computer and Information Technology|Manufacturing|Service|Hosting and Cloud Provider
215149,Other,Technology Consulting Services|Software Development|Computer and Information Technology
206958,ISP,Computer and Information Technology|Internet Service Provider (ISP)|Phone Provider
43121,ISP,Computer and Information Technology|Software Development|Internet Service Provider (ISP)
207214,ISP,Internet Service Provider (ISP)|Computer and Information Technology|IPv6 only
206967,Other,"Finance and Insurance|Banks, Credit Card Companies, Mortgage Providers"
207215,Other,Service
207216,Other,"Retail Stores, Wholesale, and E-commerce Sites"
2174,ISP,Internet Service Provider (ISP)|Computer and Information Technology
2175,ISP,Computer and Information Technology|Internet Service Provider (ISP)
2176,ISP,Internet Service Provider (ISP)|Computer and Information Technology
2177,ISP,Computer and Information Technology|Internet Service Provider (ISP)
2178,ISP,Internet Service Provider (ISP)|Computer and Information Technology
2179,ISP,Computer and Information Technology|Internet Service Provider (ISP)
2180,ISP,Internet Service Provider (ISP)|Computer and Information Technology
2181,ISP,Internet Service Provider (ISP)|Computer and Information Technology
2182,ISP,Internet Service Provider (ISP)|Computer and Information Technology
2183,ISP,Internet Service Provider (ISP)|Computer and Information Technology
2184,ISP,Internet Service Provider (ISP)|Computer and Information Technology
2185,ISP,Computer and Information Technology|Internet Service Provider (ISP)
2186,ISP,Internet Service Provider (ISP)|Computer and Information Technology
2187,ISP,Computer and Information Technology|Not Validating RPKI ROV|Internet Service Provider (ISP)
2188,ISP,Internet Service Provider (ISP)|Computer and Information Technology
2189,ISP,Computer and Information Technology|Internet Service Provider (ISP)
2190,ISP,Computer and Information Technology|Internet Service Provider (ISP)
2191,ISP,Computer and Information Technology|Internet Service Provider (ISP)
2192,ISP,Internet Service Provider (ISP)|Computer and Information Technology
2193,ISP,Computer and Information Technology|Internet Service Provider (ISP)
2194,ISP,Computer and Information Technology|Internet Service Provider (ISP)
2195,ISP,Internet Service Provider (ISP)|Computer and Information Technology
2196,ISP,Computer and Information Technology|Internet Service Provider (ISP)
2197,ISP,Internet Service Provider (ISP)|Computer and Information Technology
2198,ISP,Computer and Information Technology|Not Validating RPKI ROV|Internet Service Provider (ISP)
2199,ISP,Internet Service Provider (ISP)|Not Validating RPKI ROV|Computer and Information Technology
2200,ISP,Eyeball|Not Validating RPKI ROV|Computer and Information Technology|Internet Service Provider (ISP)
2201,ISP,Computer and Information Technology|Internet Service Provider (ISP)
2202,ISP,Computer and Information Technology|Not Validating RPKI ROV|Internet Service Provider (ISP)
2203,ISP,Internet Service Provider (ISP)|Computer and Information Technology
2204,ISP,Computer and Information Technology|Internet Service Provider (ISP)
2205,ISP,Internet Service Provider (ISP)|Computer and Information Technology
2206,ISP,Internet Service Provider (ISP)|Computer and Information Technology
2207,ISP,Internet Service Provider (ISP)|Computer and Information Technology
2208,ISP,Internet Service Provider (ISP)|Computer and Information Technology
2209,ISP,Internet Service Provider (ISP)|Computer and Information Technology
2210,ISP,Computer and Information Technology|Internet Service Provider (ISP)
2211,ISP,Computer and Information Technology|Internet Service Provider (ISP)
2212,ISP,Computer and Information Technology|Internet Service Provider (ISP)
2213,ISP,Internet Service Provider (ISP)|Computer and Information Technology
2214,ISP,Computer and Information Technology|Internet Service Provider (ISP)
2215,ISP,Computer and Information Technology|Internet Service Provider (ISP)
2216,ISP,Computer and Information Technology|Internet Service Provider (ISP)
2217,ISP,Internet Service Provider (ISP)|Computer and Information Technology
2218,ISP,Computer and Information Technology|Internet Service Provider (ISP)
2219,ISP,Computer and Information Technology|Internet Service Provider (ISP)
2220,ISP,Internet Service Provider (ISP)|Computer and Information Technology
2221,ISP,Internet Service Provider (ISP)|Computer and Information Technology
2222,ISP,Computer and Information Technology|Internet Service Provider (ISP)
2223,ISP,Computer and Information Technology|Internet Service Provider (ISP)
2224,ISP,Computer and Information Technology|Internet Service Provider (ISP)
2225,ISP,Internet Service Provider (ISP)|Computer and Information Technology
2226,ISP,Computer and Information Technology|Internet Service Provider (ISP)
2227,ISP,Computer and Information Technology|Internet Service Provider (ISP)
2228,ISP,Computer and Information Technology|Internet Service Provider (ISP)
2229,ISP,Computer and Information Technology|Internet Service Provider (ISP)
2230,ISP,Internet Service Provider (ISP)|Computer and Information Technology
2231,ISP,Computer and Information Technology|Internet Service Provider (ISP)
2232,ISP,Computer and Information Technology|Internet Service Provider (ISP)
2233,ISP,Internet Service Provider (ISP)|Computer and Information Technology
2234,ISP,Computer and Information Technology|Internet Service Provider (ISP)
2235,ISP,Computer and Information Technology|Internet Service Provider (ISP)
2236,ISP,Computer and Information Technology|Internet Service Provider (ISP)
2237,ISP,Computer and Information Technology|Internet Service Provider (ISP)
2238,ISP,Computer and Information Technology|Internet Service Provider (ISP)
2239,ISP,Computer and Information Technology|Internet Service Provider (ISP)
2240,ISP,Internet Service Provider (ISP)|Computer and Information Technology
35009,Other,"Retail Stores, Wholesale, and E-commerce Sites"
2241,ISP,Computer and Information Technology|Internet Service Provider (ISP)
2242,ISP,Internet Service Provider (ISP)|Computer and Information Technology
2243,ISP,Internet Service Provider (ISP)|Computer and Information Technology
2244,ISP,Internet Service Provider (ISP)|Computer and Information Technology
2245,ISP,Computer and Information Technology|Internet Service Provider (ISP)
2246,ISP,Internet Service Provider (ISP)|Computer and Information Technology
2247,ISP,Internet Service Provider (ISP)|Computer and Information Technology
2248,ISP,Computer and Information Technology|Internet Service Provider (ISP)
2249,ISP,Computer and Information Technology|Internet Service Provider (ISP)
2250,ISP,Internet Service Provider (ISP)|Computer and Information Technology
2251,ISP,Computer and Information Technology|Internet Service Provider (ISP)
2252,ISP,Computer and Information Technology|Internet Service Provider (ISP)
2253,ISP,Computer and Information Technology|Internet Service Provider (ISP)
2254,ISP,Computer and Information Technology|Internet Service Provider (ISP)
2255,ISP,Internet Service Provider (ISP)|Computer and Information Technology
2256,ISP,Internet Service Provider (ISP)|Computer and Information Technology
2257,ISP,Computer and Information Technology|Internet Service Provider (ISP)
2258,ISP,Computer and Information Technology|Internet Service Provider (ISP)
2259,ISP,Computer and Information Technology|Not Validating RPKI ROV|Internet Service Provider (ISP)
2260,ISP,Computer and Information Technology|Internet Service Provider (ISP)
2261,ISP,Internet Service Provider (ISP)|Computer and Information Technology
2262,ISP,Internet Service Provider (ISP)|Computer and Information Technology
2263,ISP,Computer and Information Technology|Not Validating RPKI ROV|Internet Service Provider (ISP)
2264,ISP,Internet Service Provider (ISP)|Computer and Information Technology
2265,ISP,Computer and Information Technology|Internet Service Provider (ISP)
2266,ISP,Computer and Information Technology|Internet Service Provider (ISP)
2267,ISP,Computer and Information Technology|Internet Service Provider (ISP)
2268,ISP,Internet Service Provider (ISP)|Computer and Information Technology
2269,ISP,Computer and Information Technology|Not Validating RPKI ROV|Internet Service Provider (ISP)
2270,ISP,Internet Service Provider (ISP)|Computer and Information Technology
2271,ISP,Computer and Information Technology|Internet Service Provider (ISP)
2272,ISP,Computer and Information Technology|Internet Service Provider (ISP)
2273,ISP,Computer and Information Technology|Internet Service Provider (ISP)
198875,Other,Hospitals and Medical Centers|Health Care Services
2278,ISP,"Service|Computer and Information Technology|Internet Service Provider (ISP)|Law, Business, and Consulting Services"
2279,ISP,"Computer and Information Technology|Internet Service Provider (ISP)|Law, Business, and Consulting Services|Service"
2280,ISP,Service|Validating RPKI ROV|Computer and Information Technology|Internet Service Provider (ISP)
2281,ISP,"Internet Service Provider (ISP)|Validating RPKI ROV|Service|Law, Business, and Consulting Services"
2282,ISP,"Service|Law, Business, and Consulting Services|Computer and Information Technology|Internet Service Provider (ISP)"
2283,ISP,"Internet Service Provider (ISP)|Law, Business, and Consulting Services|Service|Computer and Information Technology"
2284,ISP,"Law, Business, and Consulting Services|Service|Computer and Information Technology|Internet Service Provider (ISP)"
2285,ISP,"Computer and Information Technology|Validating RPKI ROV|Internet Service Provider (ISP)|Law, Business, and Consulting Services"
2286,ISP,"Law, Business, and Consulting Services|Internet Service Provider (ISP)|Computer and Information Technology|Service"
2287,ISP,"Service|Internet Service Provider (ISP)|Computer and Information Technology|Law, Business, and Consulting Services"
2288,ISP,"Service|Law, Business, and Consulting Services|Computer and Information Technology|Internet Service Provider (ISP)"
2289,ISP,"Internet Service Provider (ISP)|Computer and Information Technology|Law, Business, and Consulting Services|Service"
2290,ISP,"Computer and Information Technology|Internet Service Provider (ISP)|Law, Business, and Consulting Services|Service"
2291,ISP,"Computer and Information Technology|Internet Service Provider (ISP)|Law, Business, and Consulting Services|Service"
2292,ISP,"Law, Business, and Consulting Services|Service|Computer and Information Technology|Internet Service Provider (ISP)"
2293,ISP,"Computer and Information Technology|Internet Service Provider (ISP)|Service|Law, Business, and Consulting Services"
2294,ISP,"Law, Business, and Consulting Services|Computer and Information Technology|Service|Internet Service Provider (ISP)"
2295,ISP,"Internet Service Provider (ISP)|Computer and Information Technology|Law, Business, and Consulting Services|Service"
2296,ISP,"Law, Business, and Consulting Services|Service|Computer and Information Technology|Internet Service Provider (ISP)"
2297,ISP,"Internet Service Provider (ISP)|Computer and Information Technology|Law, Business, and Consulting Services|Service"
2298,ISP,"Internet Service Provider (ISP)|Service|Computer and Information Technology|Law, Business, and Consulting Services"
2299,ISP,"Internet Service Provider (ISP)|Law, Business, and Consulting Services|Service|Computer and Information Technology"
2300,ISP,"Computer and Information Technology|Validating RPKI ROV|Internet Service Provider (ISP)|Law, Business, and Consulting Services"
2301,ISP,"Internet Service Provider (ISP)|Computer and Information Technology|Law, Business, and Consulting Services|Service"
2302,ISP,"Internet Service Provider (ISP)|Computer and Information Technology|Law, Business, and Consulting Services|Service"
2303,ISP,"Service|Internet Service Provider (ISP)|Computer and Information Technology|Law, Business, and Consulting Services"
2304,ISP,"Computer and Information Technology|Internet Service Provider (ISP)|Law, Business, and Consulting Services|Service"
2305,ISP,"Internet Service Provider (ISP)|Service|Law, Business, and Consulting Services|Computer and Information Technology"
2306,ISP,"Computer and Information Technology|Internet Service Provider (ISP)|Law, Business, and Consulting Services|Service"
2307,ISP,"Service|Law, Business, and Consulting Services|Computer and Information Technology|Internet Service Provider (ISP)"
2308,ISP,"Service|Internet Service Provider (ISP)|Law, Business, and Consulting Services|Computer and Information Technology"
2309,ISP,"Law, Business, and Consulting Services|Service|Internet Service Provider (ISP)|Computer and Information Technology"
35075,Other,Service
35077,Eyeball,Computer and Information Technology|Eyeball
43271,Other,Computer and Information Technology|Technology Consulting Services
51458,Other,Service|Not Validating RPKI ROV
51459,Other,"Retail Stores, Wholesale, and E-commerce Sites"
35085,Other,Construction and Real Estate|Real Estate (Residential and/or Commercial)
215319,Other,Computer and Information Technology|Computer and Network Security
35101,Other,Software Development|Computer and Information Technology
2340,ISP,"Internet Service Provider (ISP)|Service|Computer and Information Technology|Law, Business, and Consulting Services"
2341,ISP,"Computer and Information Technology|Law, Business, and Consulting Services|Service|Internet Service Provider (ISP)"
2342,ISP,"Computer and Information Technology|Internet Service Provider (ISP)|Law, Business, and Consulting Services|Service"
2343,ISP,"Law, Business, and Consulting Services|Service|Computer and Information Technology|Internet Service Provider (ISP)"
2344,ISP,"Internet Service Provider (ISP)|Law, Business, and Consulting Services|Computer and Information Technology|Service"
2345,ISP,"Service|Internet Service Provider (ISP)|Law, Business, and Consulting Services|Computer and Information Technology"
2346,ISP,"Internet Service Provider (ISP)|Service|Computer and Information Technology|Law, Business, and Consulting Services"
2347,ISP,"Service|Computer and Information Technology|Internet Service Provider (ISP)|Law, Business, and Consulting Services"
2348,ISP,"Service|Internet Service Provider (ISP)|Law, Business, and Consulting Services|Computer and Information Technology"
2349,ISP,"Computer and Information Technology|Service|Internet Service Provider (ISP)|Law, Business, and Consulting Services"
59689,Enterprise,Content|Online Informational Content|Service|Software Development
43311,Enterprise,"Media, Publishing, and Broadcasting|Service|Law, Business, and Consulting Services|Tranco 10k Host"
198952,Other,"Freight, Shipment, and Postal Services"
207147,ISP,Hosting and Cloud Provider|Validating RPKI ROV|Internet Service Provider (ISP)|Computer and Information Technology
207151,ISP,Computer and Information Technology|Internet Service Provider (ISP)|Eyeball
215359,Academic/Edu,Education and Research|Buildings (Residential or Commercial)|Construction and Real Estate|Computer and Information Technology
2370,ISP,"Law, Business, and Consulting Services|Computer and Information Technology|Service|Internet Service Provider (ISP)"
2371,ISP,"Service|Internet Service Provider (ISP)|Computer and Information Technology|Law, Business, and Consulting Services"
2372,ISP,"Service|Internet Service Provider (ISP)|Computer and Information Technology|Law, Business, and Consulting Services"
2373,ISP,"Service|Internet Service Provider (ISP)|Computer and Information Technology|Law, Business, and Consulting Services"
2374,ISP,"Law, Business, and Consulting Services|Computer and Information Technology|Internet Service Provider (ISP)|Service"
2375,ISP,"Service|Internet Service Provider (ISP)|Law, Business, and Consulting Services|Computer and Information Technology"
2376,Other,Computer and Information Technology
2377,ISP,"Internet Service Provider (ISP)|Service|Law, Business, and Consulting Services|Computer and Information Technology"
59721,Other,Service
198978,ISP,Software Development|Service|Internet Service Provider (ISP)|Computer and Information Technology
198985,Other,"Tor services|Human Rights and Social Advocacy (Human Rights, Environment and Wildlife Conservation, Other)|Community Groups and Nonprofits"
207177,Enterprise,"Service|Civil Engineering Construction (Utility Lines, Roads and Bridges)|Law, Business, and Consulting Services|Buildings, Repair, Maintenance (Pest Control, Landscaping, Cleaning, Locksmiths, Car Washes, etc)"
43342,Other,"Finance and Insurance|Banks, Credit Card Companies, Mortgage Providers"
207181,Other,"Retail Stores, Wholesale, and E-commerce Sites"
35152,ISP,Computer and Network Security|Computer and Information Technology|Construction and Real Estate|Internet Service Provider (ISP)
2387,ISP,Internet Service Provider (ISP)|Computer and Information Technology
2388,ISP,Computer and Information Technology|Internet Service Provider (ISP)
2389,ISP,Internet Service Provider (ISP)|Computer and Information Technology
2390,ISP,Computer and Information Technology|Internet Service Provider (ISP)
2391,ISP,Internet Service Provider (ISP)|Computer and Information Technology
2392,ISP,Computer and Information Technology|Internet Service Provider (ISP)
2393,ISP,Internet Service Provider (ISP)|Computer and Information Technology
2394,ISP,Computer and Information Technology|Internet Service Provider (ISP)
2395,ISP,Internet Service Provider (ISP)|Computer and Information Technology
2396,ISP,Internet Service Provider (ISP)|Computer and Information Technology
2397,ISP,Internet Service Provider (ISP)|Computer and Information Technology
2398,ISP,Computer and Information Technology|Internet Service Provider (ISP)
2399,ISP,Internet Service Provider (ISP)|Computer and Information Technology
2400,ISP,Computer and Information Technology|Internet Service Provider (ISP)
2401,ISP,Internet Service Provider (ISP)|Computer and Information Technology
2402,ISP,Internet Service Provider (ISP)|Computer and Information Technology
2403,ISP,Internet Service Provider (ISP)|Computer and Information Technology
2404,ISP,Internet Service Provider (ISP)|Computer and Information Technology
2405,ISP,Internet Service Provider (ISP)|Computer and Information Technology
2406,ISP,Internet Service Provider (ISP)|Computer and Information Technology
2407,ISP,Internet Service Provider (ISP)|Computer and Information Technology
2408,ISP,Internet Service Provider (ISP)|Computer and Information Technology
2409,ISP,Internet Service Provider (ISP)|Computer and Information Technology
2410,ISP,Computer and Information Technology|Internet Service Provider (ISP)
2411,ISP,Computer and Information Technology|Internet Service Provider (ISP)
2412,ISP,Internet Service Provider (ISP)|Computer and Information Technology
2413,ISP,Computer and Information Technology|Internet Service Provider (ISP)
2414,ISP,Internet Service Provider (ISP)|Computer and Information Technology
2415,ISP,Computer and Information Technology|Internet Service Provider (ISP)
2416,ISP,Internet Service Provider (ISP)|Computer and Information Technology
2417,ISP,Internet Service Provider (ISP)|Computer and Information Technology
2418,ISP,Internet Service Provider (ISP)|Computer and Information Technology
2419,ISP,Computer and Information Technology|Internet Service Provider (ISP)
2420,ISP,Internet Service Provider (ISP)|Computer and Information Technology
2421,ISP,Computer and Information Technology|Internet Service Provider (ISP)
2422,ISP,Internet Service Provider (ISP)|Computer and Information Technology
2423,ISP,Computer and Information Technology|Internet Service Provider (ISP)
2424,ISP,Internet Service Provider (ISP)|Computer and Information Technology
2425,ISP,Computer and Information Technology|Internet Service Provider (ISP)
2426,ISP,Internet Service Provider (ISP)|Computer and Information Technology
2427,ISP,Computer and Information Technology|Internet Service Provider (ISP)
2428,ISP,Internet Service Provider (ISP)|Computer and Information Technology
2429,ISP,Internet Service Provider (ISP)|Computer and Information Technology
2430,ISP,Internet Service Provider (ISP)|Computer and Information Technology
2431,ISP,Internet Service Provider (ISP)|Computer and Information Technology
2432,ISP,Internet Service Provider (ISP)|Computer and Information Technology
2433,ISP,Computer and Information Technology|Internet Service Provider (ISP)
2434,ISP,Internet Service Provider (ISP)|Computer and Information Technology
2435,ISP,Computer and Information Technology|Internet Service Provider (ISP)
2436,ISP,Internet Service Provider (ISP)|Computer and Information Technology
2437,ISP,Computer and Information Technology|Internet Service Provider (ISP)
2438,ISP,Internet Service Provider (ISP)|Computer and Information Technology
2439,ISP,Computer and Information Technology|Internet Service Provider (ISP)
2440,ISP,Internet Service Provider (ISP)|Computer and Information Technology
2441,ISP,Internet Service Provider (ISP)|Computer and Information Technology
2442,ISP,Internet Service Provider (ISP)|Computer and Information Technology
2443,ISP,Computer and Information Technology|Internet Service Provider (ISP)
2444,ISP,Internet Service Provider (ISP)|Computer and Information Technology
2445,ISP,Internet Service Provider (ISP)|Computer and Information Technology
2446,ISP,Internet Service Provider (ISP)|Computer and Information Technology
2447,ISP,Computer and Information Technology|Internet Service Provider (ISP)
2448,ISP,Computer and Information Technology|Internet Service Provider (ISP)
2449,ISP,Internet Service Provider (ISP)|Computer and Information Technology
2450,ISP,Internet Service Provider (ISP)|Computer and Information Technology
2451,ISP,Internet Service Provider (ISP)|Computer and Information Technology
2452,ISP,Internet Service Provider (ISP)|Computer and Information Technology
2453,ISP,Internet Service Provider (ISP)|Computer and Information Technology
2454,ISP,Internet Service Provider (ISP)|Computer and Information Technology
2455,ISP,Computer and Information Technology|Internet Service Provider (ISP)
2456,ISP,Internet Service Provider (ISP)|Computer and Information Technology
2457,ISP,Internet Service Provider (ISP)|Computer and Information Technology
2458,ISP,Computer and Information Technology|Internet Service Provider (ISP)
2459,ISP,Computer and Information Technology|Internet Service Provider (ISP)
2460,ISP,Computer and Information Technology|Internet Service Provider (ISP)
2461,ISP,Internet Service Provider (ISP)|Computer and Information Technology
2462,ISP,Computer and Information Technology|Internet Service Provider (ISP)
2463,ISP,Internet Service Provider (ISP)|Computer and Information Technology
2464,ISP,Internet Service Provider (ISP)|Computer and Information Technology
2465,ISP,Internet Service Provider (ISP)|Computer and Information Technology
2466,ISP,Internet Service Provider (ISP)|Computer and Information Technology
2467,ISP,Internet Service Provider (ISP)|Computer and Information Technology
2468,ISP,Internet Service Provider (ISP)|Computer and Information Technology
2469,ISP,Internet Service Provider (ISP)|Computer and Information Technology
2470,ISP,VPN Host|Not Validating RPKI ROV|Internet Service Provider (ISP)|Computer and Information Technology
2471,ISP,Internet Service Provider (ISP)|Not Validating RPKI ROV|Computer and Information Technology
2472,ISP,Internet Service Provider (ISP)|Validating RPKI ROV|Computer and Information Technology
2473,ISP,Computer and Information Technology|Internet Service Provider (ISP)
2474,ISP,Computer and Information Technology|Internet Service Provider (ISP)
2475,ISP,Internet Service Provider (ISP)|Computer and Information Technology
2476,ISP,Internet Service Provider (ISP)|Computer and Information Technology
2477,ISP,Internet Service Provider (ISP)|Computer and Information Technology
2478,ISP,Computer and Information Technology|Internet Service Provider (ISP)
2479,ISP,Internet Service Provider (ISP)|Computer and Information Technology
2480,ISP,Computer and Information Technology|Internet Service Provider (ISP)
2481,Academic/Edu,Computer and Information Technology|Education and Research|Service|Research and Development Organizations
2482,Other,Computer and Information Technology|Community Groups and Nonprofits
2483,Other,Community Groups and Nonprofits|Computer and Information Technology
2484,Other,Internet Critical Infra|Computer and Information Technology|Community Groups and Nonprofits|Anycast
2485,Other,Computer and Information Technology|Community Groups and Nonprofits
2486,Other,Internet Critical Infra|Computer and Information Technology|Community Groups and Nonprofits|Validating RPKI ROV
51630,ISP,Software Development|Internet Service Provider (ISP)|Computer and Information Technology
43445,Other,"Online Music and Video Streaming Services|Media, Publishing, and Broadcasting|Radio and Television Providers|Online Informational Content"
59830,Other,"Investment, Portfolio Management, Pensions and Funds|Human Rights and Social Advocacy (Human Rights, Environment and Wildlife Conservation, Other)|Finance and Insurance|Community Groups and Nonprofits"
207280,Other,"Metal, Glass, Wood, and Paper Manufacturing|Manufacturing|Chemical and Pharmaceutical Manufacturing"
215486,Other,"Human Rights and Social Advocacy (Human Rights, Environment and Wildlife Conservation, Other)|Community Groups and Nonprofits|IPv6 only"
43458,Other,Computer and Information Technology
59842,Other,Travel and Accommodation
43460,Other,Chemical and Pharmaceutical Manufacturing|Manufacturing|Health Care Services
207300,Other,"Personal ASN|Health Care Services|Nursing, Residential Care Facilities, Assisted Living, and Home Health Care|Construction and Real Estate"
215494,Other,IPv6 only|Personal ASN
59852,ISP,Computer and Information Technology|Internet Service Provider (ISP)
59853,ISP,Not Validating RPKI ROV|Computer and Information Technology|Internet Service Provider (ISP)
199116,Other,"Human Rights and Social Advocacy (Human Rights, Environment and Wildlife Conservation, Other)|Community Groups and Nonprofits"
59855,Other,Community Groups and Nonprofits|Health Care Services
35280,ISP,Carrier|Computer and Information Technology|Software Development|Anycast
51664,ISP,Computer and Information Technology|Internet Service Provider (ISP)|Software Development
199117,Other,"Clothing, Fashion, Luggage|Retail Stores, Wholesale, and E-commerce Sites"
35283,ISP,Internet Service Provider (ISP)|Computer and Information Technology
199125,ISP,Computer and Information Technology|Internet Service Provider (ISP)
207324,Other,Community Groups and Nonprofits|Not Validating RPKI ROV
215521,Other,Computer and Information Technology|Personal ASN|IPv6 only
35300,Other,Software Development|Computer and Information Technology
59877,ISP,Computer and Information Technology|Not Validating RPKI ROV|Internet Service Provider (ISP)
199140,ISP,Internet Service Provider (ISP)|Validating RPKI ROV|Computer and Information Technology|Service
199142,Other,Service
215528,Content/CDN,"Law, Business, and Consulting Services|Computer and Information Technology|Hosting, Cloud Provider, Data Center, Server Colocation|Service"
215529,Academic/Edu,"Other Schools, Instruction, and Exam Preparation (Trade Schools, Art Schools, Driving Instruction, etc.)|Education and Research|Service|Computer and Information Technology"
215532,Unknown,
207345,Content/CDN,Hosting and Cloud Provider|Computer and Information Technology
35315,ISP,Internet Service Provider (ISP)|Software Development|Computer and Information Technology|Manufacturing
199157,Other,Service
199158,Other,IPv6 only
51706,Other,"Agriculture, Mining, and Refineries (Farming, Greenhouses, Mining, Forestry, and Animal Farming)"
207358,ISP,"Service|Law, Business, and Consulting Services|Banks, Credit Card Companies, Mortgage Providers|Insurance Carriers and Agencies"
199167,Other,Software Development|Computer and Information Technology
35330,ISP,Computer and Information Technology|Internet Service Provider (ISP)
215435,Enterprise,"Law, Business, and Consulting Services|Service"
207365,Other,"Freight, Shipment, and Postal Services"
35334,Content/CDN,Hosting and Cloud Provider|Computer and Information Technology
59911,Other,Software Development|Computer and Information Technology
43531,ISP,Carrier|Internet Service Provider (ISP)|Computer and Information Technology
43532,Other,"Online Informational Content|Media, Publishing, and Broadcasting|Finance and Insurance|Investment, Portfolio Management, Pensions and Funds"
207372,Other,"Agriculture, Mining, and Refineries (Farming, Greenhouses, Mining, Forestry, and Animal Farming)|Personal ASN"
215564,Other,Personal ASN
35344,ISP,Computer and Information Technology|Internet Service Provider (ISP)|Software Development|Hosting and Cloud Provider
199190,Other,Service
35353,Enterprise,"Service|Law, Business, and Consulting Services"
215581,Academic/Edu,"Other Schools, Instruction, and Exam Preparation (Trade Schools, Art Schools, Driving Instruction, etc.)|Service|Law, Business, and Consulting Services|Computer and Information Technology"
199199,Other,Software Development|Computer and Network Security|Computer and Information Technology
207392,Enterprise,"Investment, Portfolio Management, Pensions and Funds|Law, Business, and Consulting Services|Service|Finance and Insurance"
207398,Enterprise,"Law, Business, and Consulting Services|Service|Personal Care and Lifestyle (Barber Shops, Nail Salons, Diet Centers, Laundry, etc)|Retail Stores, Wholesale, and E-commerce Sites"
59944,Other,Computer and Information Technology
51754,ISP,Internet Service Provider (ISP)|Computer and Information Technology
215596,Eyeball,"Business Broadband|Computer and Information Technology|Hosting, Cloud Provider, Data Center, Server Colocation"
215599,Content/CDN,"Server Hosting|Museums, Libraries, and Entertainment|Electronics and Computer Components|Manufacturing"
51761,ISP,Software Development|Computer and Information Technology|Internet Service Provider (ISP)
207410,Other,"Construction and Real Estate|Real Estate (Residential and/or Commercial)|Civil Engineering Construction (Utility Lines, Roads and Bridges)"
215604,Content/CDN,"Hosting, Cloud Provider, Data Center, Server Colocation|Computer and Information Technology"
43573,ISP,Computer and Information Technology|Internet Service Provider (ISP)|Hosting and Cloud Provider|Software Development
207421,Other,"Retail Stores, Wholesale, and E-commerce Sites"
215614,Unknown,
35393,ISP,VPN Host|Validating RPKI ROV|Hosting and Cloud Provider|Computer and Information Technology
199233,ISP,Finance and Insurance|Manufacturing|Insurance Carriers and Agencies|Automotive and Transportation
207430,ISP,Internet Service Provider (ISP)|Software Development|Computer and Information Technology|Service
207435,Other,Not Validating RPKI ROV|Travel and Accommodation
199248,ISP,Internet Service Provider (ISP)|Computer and Information Technology
59988,Other,Health Care Services
215637,Other,Community Groups and Nonprofits|IPv6 only
199255,Other,Computer and Information Technology
215639,Unknown,
207449,ISP,Validating RPKI ROV|Computer and Information Technology|Internet Service Provider (ISP)|Server Hosting
199258,Other,Personal ASN|IPv6 only
59997,Content/CDN,Computer and Information Technology|Hosting and Cloud Provider
51806,Other,Not Validating RPKI ROV|Manufacturing
60001,ISP,"Service|Law, Business, and Consulting Services|Computer and Information Technology|Hosting and Cloud Provider"
35426,Enterprise,"Tor services|Service|Law, Business, and Consulting Services|Validating RPKI ROV"
43619,ISP,Validating RPKI ROV|Internet Service Provider (ISP)|Computer and Information Technology|Tor services
207463,ISP,Internet Service Provider (ISP)|Software Development|Computer and Information Technology|IPv6 only
207466,Other,Construction and Real Estate|Personal ASN|IPv6 only|Real Estate (Residential and/or Commercial)
199275,ISP,Internet Service Provider (ISP)|Computer and Information Technology
51822,Other,Chemical and Pharmaceutical Manufacturing|Manufacturing
215663,ISP,Internet Service Provider (ISP)|Computer and Information Technology
43635,ISP,Computer and Information Technology|Internet Service Provider (ISP)|Software Development
207480,Eyeball,Eyeball|Education and Research|IPv6 only
215673,Academic/Edu,Education and Research
35453,ISP,Computer and Information Technology|Internet Service Provider (ISP)
43646,ISP,Computer and Information Technology|Validating RPKI ROV|Internet Service Provider (ISP)
60032,ISP,Eyeball|Not Validating RPKI ROV|Computer and Information Technology|Internet Service Provider (ISP)
199297,Content/CDN,"Hosting, Cloud Provider, Data Center, Server Colocation|Computer and Information Technology|Validating RPKI ROV|Server Hosting"
35482,Government,"Government and Regulatory Agencies, Administrations, Departments, and Services|Government and Public Administration"
51870,Other,Tranco 10k Host|Construction and Real Estate|Real Estate (Residential and/or Commercial)
199327,Eyeball,Eyeball|Travel and Accommodation|Personal ASN|IPv6 only
60073,Other,"Service|Media, Publishing, and Broadcasting|Computer and Information Technology"
215727,ISP,"Manufacturing|Internet Service Provider (ISP)|Electronics and Computer Components|Hosting, Cloud Provider, Data Center, Server Colocation"
51888,Content/CDN,"Software Development|Computer and Information Technology|Hosting and Cloud Provider|Law, Business, and Consulting Services"
43698,ISP,Not Validating RPKI ROV|Computer and Information Technology|Internet Service Provider (ISP)
43702,ISP,"Computer and Information Technology|Phone Provider|Law, Business, and Consulting Services|Service"
199360,Other,"Media, Publishing, and Broadcasting|Online Informational Content"
43717,Other,Real Estate (Residential and/or Commercial)|Construction and Real Estate
215753,Content/CDN,"Computer and Information Technology|Hosting, Cloud Provider, Data Center, Server Colocation"
60112,Other,"Retail Stores, Wholesale, and E-commerce Sites"
35540,ISP,Eyeball|Not Validating RPKI ROV|Home ISP|Business Broadband
43734,ISP,Internet Service Provider (ISP)|Computer and Information Technology
199383,ISP,Internet Service Provider (ISP)|Computer and Information Technology
215772,ISP,Computer and Information Technology|Internet Service Provider (ISP)
51933,Other,"Music and Video Industry|Media, Publishing, and Broadcasting"
60132,Other,Computer and Network Security|Not Validating RPKI ROV|Computer and Information Technology|Software Development
199396,Other,"Community Groups and Nonprofits|Not Validating RPKI ROV|Human Rights and Social Advocacy (Human Rights, Environment and Wildlife Conservation, Other)"
199397,Academic/Edu,"Computer and Information Technology|Software Development|Finance and Insurance|Law, Business, and Consulting Services"
43751,Other,Finance and Insurance
207589,ISP,Not Validating RPKI ROV|Internet Service Provider (ISP)|Phone Provider|Computer and Information Technology
215781,Other,Software Development|Computer and Information Technology
215784,Other,"Media, Publishing, and Broadcasting|Online Informational Content"
43759,Other,"Finance and Insurance|Banks, Credit Card Companies, Mortgage Providers|Service"
43763,ISP,Eyeball|Not Validating RPKI ROV|Computer and Information Technology|Internet Service Provider (ISP)
43767,ISP,Internet Service Provider (ISP)|Software Development|Computer and Network Security|Computer and Information Technology
199415,ISP,Tor services|Internet Service Provider (ISP)|Computer and Information Technology|Server Hosting
207607,ISP,Internet Service Provider (ISP)|Computer and Information Technology
199418,Unknown,
199422,ISP,Internet Service Provider (ISP)|Computer and Information Technology|Hosting and Cloud Provider
199426,Other,Computer and Information Technology|Software Development
215813,Content/CDN,"Retail Stores, Wholesale, and E-commerce Sites|Server Hosting|Content"
199432,ISP,Internet Service Provider (ISP)|Computer and Information Technology
60174,Other,"Utilities (Excluding Internet Service)|Electric Power Generation, Transmission, Distribution|Freight, Shipment, and Postal Services|Travel and Accommodation"
35600,Enterprise,Validating RPKI ROV|Software Development|Computer and Information Technology|Corporate/Enterprise
51985,ISP,Corporate/Enterprise|Computer and Information Technology|Internet Service Provider (ISP)|Hosting and Cloud Provider
43794,Other,Computer and Information Technology|Software Development
199441,ISP,Internet Service Provider (ISP)|Computer and Information Technology|Software Development
207641,ISP,Computer and Information Technology|Internet Service Provider (ISP)|Eyeball
207642,Other,Computer and Information Technology
35616,ISP,Internet Service Provider (ISP)|Computer and Information Technology
35625,ISP,Carrier|Not Validating RPKI ROV|Internet Service Provider (ISP)|Computer and Information Technology
60204,Content/CDN,Hosting and Cloud Provider|Computer and Information Technology
52013,Other,"Media, Publishing, and Broadcasting|Print Media (Newspapers, Magazines, Books)"
60207,Other,Travel and Accommodation
35632,ISP,Eyeball|Not Validating RPKI ROV|Computer and Information Technology|Internet Service Provider (ISP)
207672,ISP,Computer and Information Technology|Internet Service Provider (ISP)
199483,ISP,Computer and Information Technology|Not Validating RPKI ROV|Internet Service Provider (ISP)
199485,ISP,Computer and Information Technology|Internet Service Provider (ISP)
215872,ISP,Internet Service Provider (ISP)|Computer and Information Technology
52034,Other,"Banks, Credit Card Companies, Mortgage Providers|Finance and Insurance"
35655,ISP,"Computer and Information Technology|Internet Service Provider (ISP)|Media, Publishing, and Broadcasting"
52039,Other,"Civil Engineering Construction (Utility Lines, Roads and Bridges)|Construction and Real Estate"
133959,ISP,Internet Service Provider (ISP)|Computer and Information Technology|Eyeball
215884,Other,Computer and Information Technology
35661,ISP,Carrier|Not Validating RPKI ROV|Internet Service Provider (ISP)|Computer and Information Technology
60240,ISP,Computer and Information Technology|Internet Service Provider (ISP)|Hosting and Cloud Provider|IPv6 only
35665,ISP,Computer and Information Technology|Validating RPKI ROV|Internet Service Provider (ISP)
43858,ISP,Computer and Information Technology|Internet Service Provider (ISP)
35667,Content/CDN,"Media, Publishing, and Broadcasting|Service|Server Hosting"
60242,ISP,Computer and Information Technology|Internet Service Provider (ISP)|Software Development
52053,Other,"Food, Beverage, and Tobacco|Manufacturing"
215893,Content/CDN,"Computer and Information Technology|Hosting, Cloud Provider, Data Center, Server Colocation"
35676,Enterprise,"Tranco 10k Host|Social Assistance (Temporary Shelters, Emergency Relief, Child Day Care, etc)|Service|Corporate/Enterprise"
207708,ISP,Internet Service Provider (ISP)|Computer and Information Technology|Electronics and Computer Components|Manufacturing
2917,ISP,"Internet Service Provider (ISP)|Law, Business, and Consulting Services|Service|Computer and Information Technology"
52073,Eyeball,"Eyeball|Law, Business, and Consulting Services|Service|Server Hosting"
52075,ISP,Eyeball|Validating RPKI ROV|Computer and Information Technology|Internet Service Provider (ISP)
215928,Academic/Edu,Education and Research|Health Care Services
215931,ISP,Internet Service Provider (ISP)|Computer and Information Technology
215936,Other,Computer and Information Technology|Personal ASN|IPv6 only
207745,ISP,Internet Service Provider (ISP)|Computer and Information Technology|Electronics and Computer Components|Manufacturing
52098,ISP,Internet Service Provider (ISP)|Hosting and Cloud Provider|Software Development|Computer and Information Technology
35717,Other,"Not Validating RPKI ROV|Retail Stores, Wholesale, and E-commerce Sites"
60293,ISP,"Software Development|Service|Media, Publishing, and Broadcasting|Computer and Information Technology"
207757,Other,Service
199568,Other,Computer and Information Technology|Software Development
199571,Other,Software Development|Computer and Information Technology
199575,ISP,"Internet Service Provider (ISP)|Finance and Insurance|Technology Consulting Services|Retail Stores, Wholesale, and E-commerce Sites"
52120,Enterprise,"Service|Law, Business, and Consulting Services"
207768,Content/CDN,Computer and Information Technology|Software Development|Hosting and Cloud Provider
43930,Other,"Radio and Television Providers|Media, Publishing, and Broadcasting"
199579,Government,"Government and Public Administration|Law Enforcement, Public Safety, and Justice"
207769,Content/CDN,"Not Validating RPKI ROV|Civil Engineering Construction (Utility Lines, Roads and Bridges)|Construction and Real Estate|Buildings (Residential or Commercial)"
52126,ISP,Eyeball|Internet Service Provider (ISP)|Software Development|Computer and Information Technology
52127,ISP,Software Development|Hosting and Cloud Provider|Internet Service Provider (ISP)|Computer and Information Technology
199586,Other,Computer and Information Technology|Software Development
207779,Other,Manufacturing|Machinery
60331,ISP,"Computer and Information Technology|Internet Service Provider (ISP)|Community Groups and Nonprofits|Human Rights and Social Advocacy (Human Rights, Environment and Wildlife Conservation, Other)"
150443,Other,Service
52143,Other,Software Development|Computer and Information Technology
207801,Other,Computer and Information Technology|Software Development|Personal ASN
60350,Enterprise,Content|Travel and Accommodation|Corporate/Enterprise
207806,ISP,Internet Service Provider (ISP)|Computer and Information Technology|IPv6 only
207807,ISP,Computer and Information Technology|Internet Service Provider (ISP)|IPv6 only
207808,ISP,Internet Service Provider (ISP)|Computer and Information Technology|IPv6 only
216000,Academic/Edu,"Other Schools, Instruction, and Exam Preparation (Trade Schools, Art Schools, Driving Instruction, etc.)|Service|Law, Business, and Consulting Services|Computer and Information Technology"
207813,Other,Service
207816,ISP,Computer and Information Technology|Internet Service Provider (ISP)
216009,Other,IPv6 only
60362,ISP,VPN Host|Internet Service Provider (ISP)|Service|Computer and Information Technology
199627,ISP,Computer and Information Technology|Internet Service Provider (ISP)
199636,ISP,Validating RPKI ROV|Internet Service Provider (ISP)|Computer and Information Technology|Business Broadband
216020,Other,"Recreation, Sports, and Performing Arts|Museums, Libraries, and Entertainment"
35798,Other,"Buildings, Repair, Maintenance (Pest Control, Landscaping, Cleaning, Locksmiths, Car Washes, etc)|Service|Software Development|Computer and Information Technology"
52187,ISP,"Service|Media, Publishing, and Broadcasting|Internet Service Provider (ISP)|Computer and Information Technology"
44000,Other,Computer and Information Technology|Software Development
207840,Enterprise,"Law, Business, and Consulting Services|Service"
216035,Other,"Banks, Credit Card Companies, Mortgage Providers|Finance and Insurance"
199653,ISP,Eyeball|Validating RPKI ROV|Internet Service Provider (ISP)|Computer and Information Technology
207849,ISP,"Eyeball|Not Validating RPKI ROV|Internet Service Provider (ISP)|Electric Power Generation, Transmission, Distribution"
44012,ISP,Computer and Information Technology|Internet Service Provider (ISP)
199660,ISP,Computer and Information Technology|Internet Service Provider (ISP)
207861,ISP,Insurance Carriers and Agencies|Finance and Insurance
60410,ISP,Manufacturing|Computer and Information Technology|Software Development|Electronics and Computer Components
52221,Enterprise,"Service|Law, Business, and Consulting Services"
199677,Academic/Edu,Research and Development Organizations|Education and Research
199682,Other,"Service|Media, Publishing, and Broadcasting|IPv6 only|Personal ASN"
207879,Other,Computer and Information Technology
207881,ISP,Computer and Information Technology|Internet Service Provider (ISP)
60427,ISP,Computer and Information Technology|Internet Service Provider (ISP)
207884,Content/CDN,"Law, Business, and Consulting Services|Computer and Information Technology|Technology Consulting Services|Education and Research"
216075,Content/CDN,Computer and Information Technology|Server Hosting
207225,ISP,Computer and Information Technology|Not Validating RPKI ROV|Internet Service Provider (ISP)
199708,ISP,Computer and Information Technology|Software Development|Internet Service Provider (ISP)|Finance and Insurance
199712,Other,Computer and Information Technology
207910,Other,Personal ASN|Real Estate (Residential and/or Commercial)|Construction and Real Estate
199719,ISP,Software Development|Internet Service Provider (ISP)|Computer and Information Technology
60456,ISP,Carrier|Computer and Information Technology|Internet Service Provider (ISP)|Server Hosting
207911,ISP,"Internet Service Provider (ISP)|Computer and Information Technology|Retail Stores, Wholesale, and E-commerce Sites|Content"
134187,ISP,Internet Service Provider (ISP)|Computer and Information Technology
199727,Other,Computer and Information Technology
216117,Content/CDN,"Software Development|Finance and Insurance|Computer and Information Technology|Accountants, Tax Preparers, Payroll Services"
207933,Other,Software Development|Computer and Information Technology
44097,Eyeball,"Eyeball|Social Assistance (Temporary Shelters, Emergency Relief, Child Day Care, etc)|Service|Personal ASN"
44099,ISP,Computer and Information Technology|Internet Service Provider (ISP)
199749,ISP,"Government and Public Administration|Internet Service Provider (ISP)|Computer and Information Technology|Military, Defense, National Security, and International Affairs"
60491,ISP,Computer and Information Technology|Internet Service Provider (ISP)
44108,Other,"Service|Retail Stores, Wholesale, and E-commerce Sites|Computer and Information Technology"
207948,Other,"Media, Publishing, and Broadcasting|Online Informational Content"
199758,ISP,VPN Host|Software Development|Computer and Information Technology|Internet Service Provider (ISP)
207949,Government,"Banks, Credit Card Companies, Mortgage Providers|Government and Public Administration|Finance and Insurance"
216147,Content/CDN,Manufacturing|Software Development|Electronics and Computer Components|Computer and Information Technology
60502,ISP,Server Hosting|Internet Service Provider (ISP)|Computer and Information Technology|Technology Consulting Services
216155,ISP,Server Hosting|Computer and Information Technology|Internet Service Provider (ISP)|Software Development
199777,Content/CDN,Computer and Information Technology|Hosting and Cloud Provider
44141,ISP,Server Hosting|Internet Service Provider (ISP)|Software Development|Computer and Information Technology
216174,ISP,Computer and Information Technology|Internet Service Provider (ISP)
60532,ISP,Computer and Information Technology|Internet Service Provider (ISP)
207988,ISP,Internet Service Provider (ISP)|Software Development|Computer and Information Technology
207992,ISP,"Tor services|Radio and Television Providers|Media, Publishing, and Broadcasting|Internet Service Provider (ISP)"
199088,Enterprise,"Service|Computer and Information Technology|Law, Business, and Consulting Services"
216187,Content/CDN,"Computer and Information Technology|Hosting, Cloud Provider, Data Center, Server Colocation|Personal ASN"
3196,Other,Service
216190,Other,Computer and Information Technology
60543,ISP,Computer and Information Technology|Internet Service Provider (ISP)
199808,Other,"Retail Stores, Wholesale, and E-commerce Sites|Service|Software Development|Construction and Real Estate"
216193,Content/CDN,"Server Hosting|Computer and Information Technology|Service|Law, Business, and Consulting Services"
60555,ISP,Internet Service Provider (ISP)|Computer and Information Technology|Service
208014,ISP,Computer and Information Technology|Internet Service Provider (ISP)
3215,ISP,Eyeball|Validating RPKI ROV|Computer and Information Technology|Internet Service Provider (ISP)
60570,ISP,Computer and Information Technology|Internet Service Provider (ISP)
60572,Enterprise,"Media, Publishing, and Broadcasting|Computer and Information Technology|Law, Business, and Consulting Services|Service"
216222,Academic/Edu,"Computer and Information Technology|Education and Research|Law, Business, and Consulting Services|Other Schools, Instruction, and Exam Preparation (Trade Schools, Art Schools, Driving Instruction, etc.)"
208046,ISP,Computer and Information Technology|Hosting and Cloud Provider|Internet Service Provider (ISP)|Personal ASN
216239,Other,"Media, Publishing, and Broadcasting|Print Media (Newspapers, Magazines, Books)"
60595,ISP,Technology Consulting Services|Internet Service Provider (ISP)|Software Development|Computer and Information Technology
208053,Other,"Retail Stores, Wholesale, and E-commerce Sites"
199863,Enterprise,"Service|Software Development|Computer and Information Technology|Law, Business, and Consulting Services"
3256,ISP,Computer and Information Technology|Internet Service Provider (ISP)
60601,Other,Water Supply and Irrigation|Utilities (Excluding Internet Service)
3259,Other,Community Groups and Nonprofits|Not Validating RPKI ROV
216255,Academic/Edu,"Computer and Information Technology|Education and Research|Service|Law, Business, and Consulting Services"
208069,Other,Real Estate (Residential and/or Commercial)|Construction and Real Estate|Personal ASN
207193,Other,Construction and Real Estate
199881,Other,Community Groups and Nonprofits
60618,Content/CDN,Hosting and Cloud Provider|Computer and Information Technology
208074,Other,"Music and Video Industry|Media, Publishing, and Broadcasting"
60620,Other,"Recreation, Sports, and Performing Arts|Museums, Libraries, and Entertainment"
216269,ISP,Internet Service Provider (ISP)|Computer and Information Technology
60622,ISP,Software Development|Internet Service Provider (ISP)|Computer and Information Technology
216273,Other,"Radio and Television Providers|Media, Publishing, and Broadcasting"
60630,Other,"Human Rights and Social Advocacy (Human Rights, Environment and Wildlife Conservation, Other)|Community Groups and Nonprofits"
3294,Other,"Buildings (Residential or Commercial)|Agriculture, Mining, and Refineries (Farming, Greenhouses, Mining, Forestry, and Animal Farming)|Electric Power Generation, Transmission, Distribution|Utilities (Excluding Internet Service)"
3295,ISP,"Insurance Carriers and Agencies|Finance and Insurance|Banks, Credit Card Companies, Mortgage Providers"
3296,ISP,"Finance and Insurance|Banks, Credit Card Companies, Mortgage Providers|Insurance Carriers and Agencies"
3297,ISP,"Finance and Insurance|Banks, Credit Card Companies, Mortgage Providers|Insurance Carriers and Agencies"
3298,ISP,"Eyeball|Banks, Credit Card Companies, Mortgage Providers|Insurance Carriers and Agencies|Finance and Insurance"
3299,ISP,"Insurance Carriers and Agencies|Finance and Insurance|Banks, Credit Card Companies, Mortgage Providers"
60641,ISP,Eyeball|Not Validating RPKI ROV|Computer and Information Technology|Internet Service Provider (ISP)
3305,ISP,"Service|Law, Business, and Consulting Services|Computer and Information Technology|Internet Service Provider (ISP)"
216297,Enterprise,"Service|Computer and Information Technology|Law, Business, and Consulting Services|Technology Consulting Services"
199917,Other,"Civil Engineering Construction (Utility Lines, Roads and Bridges)|Construction and Real Estate"
216301,Other,Buildings (Residential or Commercial)|Construction and Real Estate|Personal ASN|IPv6 only
216310,Content/CDN,"Electronics and Computer Components|Manufacturing|Hosting, Cloud Provider, Data Center, Server Colocation|Computer and Information Technology"
208128,Other,"Not Validating RPKI ROV|Finance and Insurance|Media, Publishing, and Broadcasting|Online Informational Content"
44297,ISP,Computer and Information Technology|Internet Service Provider (ISP)|Hosting and Cloud Provider
216329,ISP,Computer and Information Technology|Internet Service Provider (ISP)|Software Development
60686,Other,"Buildings, Repair, Maintenance (Pest Control, Landscaping, Cleaning, Locksmiths, Car Washes, etc)|Service"
60697,ISP,"Internet Service Provider (ISP)|Computer and Information Technology|Retail Stores, Wholesale, and E-commerce Sites"
208156,Enterprise,"Law, Business, and Consulting Services|Service"
208157,ISP,"Computer and Information Technology|Law, Business, and Consulting Services|Internet Service Provider (ISP)|Service"
34860,ISP,"Computer and Information Technology|Law, Business, and Consulting Services|Internet Service Provider (ISP)|Service"
60703,ISP,Software Development|Internet Service Provider (ISP)|Computer and Information Technology
216353,Other,"Freight, Shipment, and Postal Services"
208166,Enterprise,"Service|Law, Business, and Consulting Services"
34863,ISP,Server Hosting|Not Validating RPKI ROV|Computer and Information Technology|Internet Service Provider (ISP)
44334,ISP,Computer and Information Technology|Internet Service Provider (ISP)
60718,ISP,Computer and Information Technology|Internet Service Provider (ISP)
208182,ISP,Computer and Information Technology|Internet Service Provider (ISP)
199997,Content/CDN,Hosting and Cloud Provider|Software Development|Computer and Information Technology
208190,Academic/Edu,Education and Research|Research and Development Organizations
60737,Other,Technology Consulting Services|Software Development|Computer and Information Technology
208195,ISP,Internet Service Provider (ISP)|Computer and Information Technology
216388,Unknown,
208197,ISP,Internet Service Provider (ISP)|Computer and Information Technology
208199,Enterprise,"Service|Law, Business, and Consulting Services"
60749,Other,Construction and Real Estate|Real Estate (Residential and/or Commercial)
208205,Other,Computer and Network Security|Computer and Information Technology
216402,Academic/Edu,Education and Research|IPv6 only|Personal ASN
200029,Other,Personal ASN
216413,Enterprise,"Service|Law, Business, and Consulting Services"
208226,Content/CDN,Server Hosting|Computer and Information Technology|Tor services
216428,Other,Personal ASN|IPv6 only
216430,Other,"Online Informational Content|Computer and Information Technology|Media, Publishing, and Broadcasting|IPv6 only"
208239,ISP,Internet Service Provider (ISP)|Computer and Information Technology
200050,Other,Software Development|Computer and Information Technology
216438,Other,Service|Personal ASN
44407,ISP,Validating RPKI ROV|Internet Service Provider (ISP)|Computer and Information Technology
200056,Other,IPv6 only
216443,Content/CDN,"Law, Business, and Consulting Services|Hosting, Cloud Provider, Data Center, Server Colocation|Computer and Information Technology|Service"
208252,ISP,Internet Service Provider (ISP)|Software Development|Computer and Information Technology
200063,ISP,Computer and Information Technology|Internet Service Provider (ISP)|Personal ASN
200069,Enterprise,"Software Development|Media, Publishing, and Broadcasting|Computer and Information Technology|Law, Business, and Consulting Services"
200077,Other,"Media, Publishing, and Broadcasting|Online Music and Video Streaming Services|Music and Video Industry"
208275,Enterprise,"Service|Law, Business, and Consulting Services"
208276,Other,"Retail Stores, Wholesale, and E-commerce Sites"
60821,Other,Software Development|Computer and Information Technology
44448,ISP,Internet Service Provider (ISP)|Software Development|Computer and Information Technology
208289,Other,Service
200102,Other,Software Development|Computer and Information Technology
208294,Other,Not Validating RPKI ROV|Community Groups and Nonprofits
60855,Other,Real Estate (Residential and/or Commercial)|Construction and Real Estate
200136,Content/CDN,"Recreation, Sports, and Performing Arts|Museums, Libraries, and Entertainment|Manufacturing|Electronics and Computer Components"
208333,Other,Computer and Information Technology
44494,ISP,Not Validating RPKI ROV|Internet Service Provider (ISP)|Computer and Information Technology
208353,Other,"Museums, Libraries, and Entertainment|Casinos and Gambling"
200162,ISP,Computer and Information Technology|Internet Service Provider (ISP)
60902,ISP,Internet Service Provider (ISP)|Computer and Information Technology|Content
200170,Other,"Food Services and Drinking Places|Retail Stores, Wholesale, and E-commerce Sites|Agriculture, Mining, and Refineries (Farming, Greenhouses, Mining, Forestry, and Animal Farming)|Travel and Accommodation"
208363,Other,Service
44527,Other,"Software Development|Not Validating RPKI ROV|Computer and Information Technology|Retail Stores, Wholesale, and E-commerce Sites"
44530,ISP,Service|Internet Service Provider (ISP)|Computer and Information Technology
200185,ISP,Eyeball|Validating RPKI ROV|Hosting and Cloud Provider|Computer and Information Technology
208382,ISP,Computer and Information Technology|Software Development|Internet Service Provider (ISP)
200202,Enterprise,Computer and Information Technology|Corporate/Enterprise
60940,ISP,"Military, Defense, National Security, and International Affairs|Computer and Information Technology|Internet Service Provider (ISP)|Government and Public Administration"
208421,Other,"Media, Publishing, and Broadcasting"
44583,ISP,Software Development|Internet Service Provider (ISP)|Computer and Information Technology
200234,Other,"Online Informational Content|Computer and Information Technology|Media, Publishing, and Broadcasting"
208430,Other,"Construction and Real Estate|Civil Engineering Construction (Utility Lines, Roads and Bridges)"
208436,ISP,Internet Service Provider (ISP)|Computer and Information Technology
200245,ISP,Internet Service Provider (ISP)|Computer and Information Technology
60983,ISP,Internet Service Provider (ISP)|Not Validating RPKI ROV|Computer and Information Technology
44606,ISP,"Service|Internet Service Provider (ISP)|Software Development|Media, Publishing, and Broadcasting"
60994,ISP,Not Validating RPKI ROV|Service|Internet Service Provider (ISP)|Computer and Information Technology
200259,Other,Validating RPKI ROV|Computer and Information Technology
208458,ISP,"Computer and Information Technology|Retail Stores, Wholesale, and E-commerce Sites|Food, Grocery, Beverages|Manufacturing"
200271,ISP,Computer and Information Technology|Hosting and Cloud Provider|Service|Software Development
208464,Other,"Trucking|Food, Grocery, Beverages|Retail Stores, Wholesale, and E-commerce Sites|Freight, Shipment, and Postal Services"
208468,Other,"Banks, Credit Card Companies, Mortgage Providers|Finance and Insurance"
61015,Other,"Retail Stores, Wholesale, and E-commerce Sites"
208471,Other,"Media, Publishing, and Broadcasting"
61026,ISP,Internet Service Provider (ISP)|Not Validating RPKI ROV|Computer and Information Technology
208482,ISP,Finance and Insurance|Insurance Carriers and Agencies
200310,Enterprise,"Service|Law, Business, and Consulting Services"
61047,Content/CDN,Hosting and Cloud Provider|Computer and Information Technology
208505,Other,Personal ASN|IPv6 only|Food Services and Drinking Places|Travel and Accommodation
200322,ISP,Internet Service Provider (ISP)|Computer and Information Technology
208529,ISP,"Personal ASN|Internet Service Provider (ISP)|Civil Engineering Construction (Utility Lines, Roads and Bridges)|Buildings (Residential or Commercial)"
200339,ISP,Computer and Information Technology|Internet Service Provider (ISP)|Hosting and Cloud Provider|Service
396950,ISP,Internet Service Provider (ISP)|Not Validating RPKI ROV|Computer and Information Technology
61086,Other,Not Validating RPKI ROV|Computer and Information Technology
36511,ISP,Eyeball|Validating RPKI ROV|Computer and Information Technology|Internet Service Provider (ISP)
200356,ISP,Service|Computer and Information Technology|Hosting and Cloud Provider|Internet Service Provider (ISP)
51220,Other,"Retail Stores, Wholesale, and E-commerce Sites"
200358,ISP,Computer and Information Technology|Internet Service Provider (ISP)
44726,Other,"Retail Stores, Wholesale, and E-commerce Sites"
208567,Other,Computer and Information Technology|Software Development
44729,Content/CDN,Computer and Information Technology|Hosting and Cloud Provider
208574,ISP,Not Validating RPKI ROV|Computer and Information Technology|Internet Service Provider (ISP)
200398,Other,Not Validating RPKI ROV|Computer and Information Technology|IPv6 only
61136,ISP,Internet Service Provider (ISP)|Computer and Information Technology|Technology Consulting Services|Software Development
44756,ISP,Computer and Information Technology|Internet Service Provider (ISP)|Hosting and Cloud Provider
34948,ISP,Computer and Information Technology|Internet Service Provider (ISP)|Hosting and Cloud Provider|VPN Host
200411,Content/CDN,Computer and Information Technology|Hosting and Cloud Provider|Computer and Network Security
51231,ISP,Computer and Information Technology|Hosting and Cloud Provider|Internet Service Provider (ISP)
200413,Other,"Service|Media, Publishing, and Broadcasting"
34949,ISP,Validating RPKI ROV|Not Validating RPKI ROV|Computer and Information Technology|Internet Service Provider (ISP)
208607,ISP,Computer and Information Technology|Internet Service Provider (ISP)
397025,Other,"Travel and Accommodation|Manufacturing|Automotive and Transportation|Freight, Shipment, and Postal Services"
61168,Other,"Retail Stores, Wholesale, and E-commerce Sites|Tranco 10k Host"
208625,Other,"Finance and Insurance|Investment, Portfolio Management, Pensions and Funds"
200435,Content/CDN,Server Hosting|Computer and Information Technology|Hosting and Cloud Provider
44788,Enterprise,"Tranco 10k Host|Media, Publishing, and Broadcasting|Retail Stores, Wholesale, and E-commerce Sites|Software Development"
208627,Other,Community Groups and Nonprofits
51236,ISP,Computer and Information Technology|Internet Service Provider (ISP)
61193,ISP,Software Development|Internet Service Provider (ISP)|Computer and Information Technology
34958,Content/CDN,Hosting and Cloud Provider|Computer and Information Technology|Personal ASN
44821,ISP,Internet Service Provider (ISP)|Computer and Information Technology
61205,ISP,Computer and Information Technology|Not Validating RPKI ROV|Software Development|Internet Service Provider (ISP)
51243,Other,Construction and Real Estate|Real Estate (Residential and/or Commercial)
208672,Other,"Food Services and Drinking Places|Retail Stores, Wholesale, and E-commerce Sites|Food, Grocery, Beverages|Travel and Accommodation"
61217,Other,Software Development|Computer and Information Technology
208674,ISP,Eyeball|Computer and Information Technology|Internet Service Provider (ISP)|Tor services
200484,Content/CDN,VPN Host|Technology Consulting Services|Computer and Information Technology|Software Development
61221,ISP,Computer and Information Technology|Internet Service Provider (ISP)|Software Development
208678,ISP,Internet Service Provider (ISP)|Software Development|Computer and Information Technology
200489,Other,"Retail Stores, Wholesale, and E-commerce Sites|Clothing, Fashion, Luggage"
44842,Government,"Government and Public Administration|Community Groups and Nonprofits|Human Rights and Social Advocacy (Human Rights, Environment and Wildlife Conservation, Other)|Government and Regulatory Agencies, Administrations, Departments, and Services"
208684,Other,Service
44850,Other,"Service|Social Assistance (Temporary Shelters, Emergency Relief, Child Day Care, etc)"
61236,ISP,VPN Host|Internet Service Provider (ISP)|Computer and Information Technology|Hosting and Cloud Provider
208704,Other,Construction and Real Estate|Computer and Information Technology
208705,Other,Health Care Services|Hospitals and Medical Centers
34970,ISP,Validating RPKI ROV|Not Validating RPKI ROV|Computer and Information Technology|Internet Service Provider (ISP)
208719,ISP,Computer and Information Technology|Internet Service Provider (ISP)
200529,Eyeball,Eyeball|Personal ASN|IPv6 only|Computer and Information Technology
34973,Other,Software Development|Computer and Information Technology
44887,ISP,Computer and Information Technology|Internet Service Provider (ISP)|Software Development|Service
200546,Enterprise,"IPv6 only|Service|Law, Business, and Consulting Services|Computer and Information Technology"
44902,ISP,Internet Service Provider (ISP)|Not Validating RPKI ROV|Computer and Information Technology
208746,Other,Computer and Information Technology
208749,Other,"Media, Publishing, and Broadcasting"
34980,ISP,Computer and Information Technology|Internet Service Provider (ISP)
208771,Other,"Media, Publishing, and Broadcasting"
208773,ISP,Internet Service Provider (ISP)|Software Development|Computer and Network Security|Computer and Information Technology
200589,Government,"Government and Public Administration|Military, Defense, National Security, and International Affairs|Computer and Network Security|Computer and Information Technology"
208789,Other,"Food, Grocery, Beverages|Retail Stores, Wholesale, and E-commerce Sites|Validating RPKI ROV"
208796,ISP,"Buildings (Residential or Commercial)|Civil Engineering Construction (Utility Lines, Roads and Bridges)|Internet Service Provider (ISP)|Retail Stores, Wholesale, and E-commerce Sites"
200607,ISP,Computer and Information Technology|Internet Service Provider (ISP)
59413,Enterprise,"Law, Business, and Consulting Services|Service|VPN Host"
200618,Other,Computer and Information Technology|Technology Consulting Services
200621,ISP,Computer and Information Technology|Internet Service Provider (ISP)
44976,Other,Software Development|Computer and Information Technology
61361,Other,Travel and Accommodation
208820,Eyeball,Not Validating RPKI ROV|Community Groups and Nonprofits|Travel and Accommodation|Service
34993,Enterprise,"Tranco 10k Host|Service|Law, Business, and Consulting Services"
200641,Other,Software Development|Computer and Information Technology
44994,ISP,Computer and Information Technology|Internet Service Provider (ISP)
200653,ISP,Technology Consulting Services|Hosting and Cloud Provider|Internet Service Provider (ISP)|Computer and Information Technology
61394,Other,Computer and Information Technology|Technology Consulting Services
208850,Other,"Media, Publishing, and Broadcasting"
45021,Content/CDN,"Computer and Information Technology|Hosting, Cloud Provider, Data Center, Server Colocation"
45023,ISP,Internet Service Provider (ISP)|Computer and Information Technology
43142,ISP,Internet Service Provider (ISP)|Not Validating RPKI ROV|Computer and Information Technology
208871,Other,"Civil Engineering Construction (Utility Lines, Roads and Bridges)|Construction and Real Estate"
45039,Other,Software Development|Computer and Information Technology
45050,ISP,"Computer and Information Technology|Banks, Credit Card Companies, Mortgage Providers|Finance and Insurance|Software Development"
20493,Other,Real Estate (Residential and/or Commercial)|Construction and Real Estate|VPN Host
35012,Content/CDN,Tranco 10k Host|Computer and Information Technology|Hosting and Cloud Provider|Software Development
12318,Enterprise,"Not Validating RPKI ROV|Finance and Insurance|Investment, Portfolio Management, Pensions and Funds|Service"
12322,ISP,Carrier|Validating RPKI ROV|Computer and Information Technology|Internet Service Provider (ISP)
28708,ISP,Eyeball|Internet Service Provider (ISP)|Service|Computer and Information Technology
200741,Other,Computer and Information Technology
208937,Other,Travel and Accommodation
200748,Content/CDN,Hosting and Cloud Provider|Computer and Information Technology
20529,ISP,Internet Service Provider (ISP)|Computer and Information Technology
208953,Enterprise,"Law, Business, and Consulting Services|Service"
200764,Eyeball,"Not Validating RPKI ROV|Retail Stores, Wholesale, and E-commerce Sites|Agriculture, Mining, and Refineries (Farming, Greenhouses, Mining, Forestry, and Animal Farming)|Eyeball"
20541,ISP,Finance and Insurance|Insurance Carriers and Agencies
208957,ISP,Computer and Information Technology|Internet Service Provider (ISP)|Software Development
208963,ISP,Computer and Information Technology|Internet Service Provider (ISP)|Software Development
12362,Content/CDN,Computer and Information Technology|Health Care Services|Server Hosting|Content
200780,ISP,Eyeball|Not Validating RPKI ROV|Computer and Information Technology|Internet Service Provider (ISP)
200783,Other,"Finance and Insurance|Construction and Real Estate|Real Estate (Residential and/or Commercial)|Investment, Portfolio Management, Pensions and Funds"
20565,ISP,Computer and Information Technology|Not Validating RPKI ROV|Internet Service Provider (ISP)
28768,Content/CDN,Validating RPKI ROV|Software Development|Computer and Information Technology|Server Hosting
28774,ISP,Internet Service Provider (ISP)|Software Development|Computer and Information Technology
20585,Other,"Investment, Portfolio Management, Pensions and Funds|Finance and Insurance"
12395,Content/CDN,Hosting and Cloud Provider|Computer and Information Technology
200821,Other,"Not Validating RPKI ROV|Online Informational Content|Media, Publishing, and Broadcasting|Online Music and Video Streaming Services"
12409,ISP,Computer and Information Technology|Not Validating RPKI ROV|Internet Service Provider (ISP)
200829,Other,"Museums, Libraries, and Entertainment|Electronics and Computer Components|Manufacturing"
209027,Enterprise,"Service|Law, Business, and Consulting Services"
43174,ISP,Software Development|Computer and Information Technology|Internet Service Provider (ISP)
200836,Academic/Edu,"Colleges, Universities, and Professional Schools|Education and Research"
20617,Other,"Finance and Insurance|Service|Banks, Credit Card Companies, Mortgage Providers"
200843,Other,"Retail Stores, Wholesale, and E-commerce Sites"
200857,Other,Other|IPv6 only|Personal ASN
209053,ISP,Insurance Carriers and Agencies|Finance and Insurance
28855,Content/CDN,"Tranco 10k Host|Law, Business, and Consulting Services|Service|Server Hosting"
12472,ISP,Computer and Information Technology|Internet Service Provider (ISP)
51326,ISP,Internet Service Provider (ISP)|Computer and Information Technology
209085,Enterprise,"Law, Business, and Consulting Services|Service"
20672,Content/CDN,"Service|Computer and Information Technology|Law, Business, and Consulting Services|Hosting and Cloud Provider"
209090,Other,"Validating RPKI ROV|Human Rights and Social Advocacy (Human Rights, Environment and Wildlife Conservation, Other)|Community Groups and Nonprofits"
20675,Other,"Banks, Credit Card Companies, Mortgage Providers|Online Informational Content|Media, Publishing, and Broadcasting|Finance and Insurance"
209092,Other,Computer and Information Technology|Software Development
200903,Other,Computer and Information Technology
209095,Other,Computer and Information Technology
209097,ISP,Server Hosting|Technology Consulting Services|Software Development|Internet Service Provider (ISP)
200906,ISP,Validating RPKI ROV|Internet Service Provider (ISP)|Computer and Information Technology
12516,ISP,"Media, Publishing, and Broadcasting|Software Development|Hosting and Cloud Provider|Internet Service Provider (ISP)"
209124,Other,Service
51335,Content/CDN,Hosting and Cloud Provider|Software Development|Computer and Information Technology|Computer and Network Security
12523,Other,"Media, Publishing, and Broadcasting"
209136,ISP,Internet Service Provider (ISP)|Computer and Information Technology
12536,ISP,Internet Service Provider (ISP)|Computer and Information Technology
209146,ISP,"Computer and Information Technology|Hotels, Motels, Inns, Other Traveler Accommodation|Travel and Accommodation|Hosting and Cloud Provider"
209158,Other,Computer and Information Technology|Software Development
200971,Academic/Edu,Research and Development Organizations|Education and Research
209163,Other,"Metal, Glass, Wood, and Paper Manufacturing|Machinery|Manufacturing"
209166,ISP,Service|Internet Service Provider (ISP)|Hosting and Cloud Provider|Software Development
20756,Enterprise,"Anycast|Law, Business, and Consulting Services|Service|Tranco 10k Host"
12565,Enterprise,"Content|Service|Media, Publishing, and Broadcasting|Online Informational Content"
12566,ISP,Eyeball|Not Validating RPKI ROV|Internet Service Provider (ISP)|Computer and Information Technology
20766,ISP,Eyeball|Not Validating RPKI ROV|Internet Service Provider (ISP)|Computer and Information Technology
12601,Content/CDN,Content|Not Validating RPKI ROV|Computer and Information Technology|Tranco 10k Host
35070,ISP,Internet Service Provider (ISP)|Computer and Information Technology
201040,ISP,Computer and Information Technology|Internet Service Provider (ISP)
12626,ISP,"Not Validating RPKI ROV|Computer and Information Technology|Law, Business, and Consulting Services|Internet Service Provider (ISP)"
12629,ISP,Not Validating RPKI ROV|Internet Service Provider (ISP)|Computer and Information Technology
209238,Other,"Online Informational Content|Manufacturing|Media, Publishing, and Broadcasting|Food, Beverage, and Tobacco"
20824,ISP,Computer and Information Technology|Hosting and Cloud Provider|Internet Service Provider (ISP)
12645,ISP,Internet Service Provider (ISP)|Computer and Information Technology|VPN Host
209254,ISP,Internet Service Provider (ISP)|Computer and Information Technology
209255,ISP,Computer and Information Technology|Internet Service Provider (ISP)
201072,Other,"Freight, Shipment, and Postal Services|Air Transportation"
201077,Other,Finance and Insurance
12664,Other,"Service|Finance and Insurance|Banks, Credit Card Companies, Mortgage Providers"
201080,ISP,Computer and Information Technology|Internet Service Provider (ISP)
201081,Enterprise,"Media, Publishing, and Broadcasting|Computer and Information Technology|Phone Provider|Software Development"
201084,ISP,Computer and Information Technology|Internet Service Provider (ISP)|Software Development
201085,Other,"Retail Stores, Wholesale, and E-commerce Sites|Tranco 10k Host"
12670,ISP,Eyeball|Not Validating RPKI ROV|Computer and Information Technology|Internet Service Provider (ISP)
29057,Other,"Retail Stores, Wholesale, and E-commerce Sites"
51366,Enterprise,"Service|Law, Business, and Consulting Services"
29066,Eyeball,"Eyeball|Not Validating RPKI ROV|Manufacturing|Hosting, Cloud Provider, Data Center, Server Colocation"
209295,Other,"Personal ASN|Agriculture, Mining, and Refineries (Farming, Greenhouses, Mining, Forestry, and Animal Farming)"
29075,ISP,Eyeball|Validating RPKI ROV|Internet Service Provider (ISP)|Computer and Information Technology
12696,ISP,Content|Internet Service Provider (ISP)|Computer and Information Technology|Corporate/Enterprise
209304,Enterprise,"Travel and Accommodation|Service|Law, Business, and Consulting Services"
20900,ISP,Carrier|Validating RPKI ROV|Computer and Information Technology|Internet Service Provider (ISP)
29092,ISP,Computer and Information Technology|Internet Service Provider (ISP)|Software Development
209320,Government,"Government and Public Administration|Government and Regulatory Agencies, Administrations, Departments, and Services"
209323,Other,Content|Computer and Information Technology
29104,Other,Service
201140,ISP,Computer and Information Technology|Finance and Insurance|Internet Service Provider (ISP)|Software Development
20917,ISP,Computer and Information Technology|Internet Service Provider (ISP)
29110,ISP,Computer and Information Technology|Internet Service Provider (ISP)
12727,ISP,Eyeball|Not Validating RPKI ROV|Computer and Information Technology|Internet Service Provider (ISP)
59518,ISP,"Investment, Portfolio Management, Pensions and Funds|Computer and Information Technology|Government and Public Administration|Finance and Insurance"
12734,Enterprise,Not Validating RPKI ROV|Software Development|Computer and Information Technology|Service
20926,Content/CDN,Not Validating RPKI ROV|Computer and Information Technology|Computer and Network Security|Hosting and Cloud Provider
59520,Other,Computer and Information Technology|Software Development
209349,ISP,Computer and Information Technology|Internet Service Provider (ISP)|Personal ASN
29137,Academic/Edu,Education and Research
201177,Enterprise,"Service|Law, Business, and Consulting Services"
29152,ISP,Validating RPKI ROV|Internet Service Provider (ISP)|Computer and Information Technology
12771,Academic/Edu,"Education and Research|Research and Development Organizations|Service|Law, Business, and Consulting Services"
201188,ISP,Anycast|Computer and Information Technology|Internet Service Provider (ISP)
209385,ISP,Computer and Information Technology|Internet Service Provider (ISP)
209389,Other,Computer and Information Technology|Software Development
29169,ISP,Content|Validating RPKI ROV|Computer and Information Technology|Internet Service Provider (ISP)
209397,Government,"Manufacturing|Automotive and Transportation|Military, Defense, National Security, and International Affairs|Law, Business, and Consulting Services"
20986,Other,Validating RPKI ROV|Computer and Information Technology|Software Development
20989,Other,"Retail Stores, Wholesale, and E-commerce Sites"
43249,Other,Travel and Accommodation
12801,Academic/Edu,Not Validating RPKI ROV|Research and Development Organizations|Electronics and Computer Components|Education and Research
20994,ISP,Computer and Information Technology|Software Development|Internet Service Provider (ISP)
12807,ISP,Content|Government and Public Administration|Software Development|Internet Service Provider (ISP)
21000,Other,Computer and Information Technology|Technology Consulting Services
12811,Enterprise,"Computer and Information Technology|Finance and Insurance|Banks, Credit Card Companies, Mortgage Providers|Corporate/Enterprise"
29199,Other,Community Groups and Nonprofits
209426,ISP,Finance and Insurance|Insurance Carriers and Agencies
209428,Content/CDN,Server Hosting|Computer and Information Technology
12826,ISP,Content|Not Validating RPKI ROV|Internet Service Provider (ISP)|Computer and Information Technology
201246,ISP,Internet Service Provider (ISP)|Computer and Information Technology
209438,Other,"Construction and Real Estate|Freight, Shipment, and Postal Services|Civil Engineering Construction (Utility Lines, Roads and Bridges)"
61984,Other,Computer and Information Technology|Software Development
209439,Other,"Agriculture, Mining, and Refineries (Farming, Greenhouses, Mining, Forestry, and Animal Farming)"
201254,Academic/Edu,Education and Research|Research and Development Organizations
21033,Other,Manufacturing
12844,ISP,Carrier|Hosting and Cloud Provider|Internet Service Provider (ISP)|Computer and Information Technology
209453,ISP,Content|Government and Public Administration|Hosting and Cloud Provider|Internet Service Provider (ISP)
62000,ISP,Eyeball|Not Validating RPKI ROV|Computer and Information Technology|Internet Service Provider (ISP)
209468,Content/CDN,Hosting and Cloud Provider|Computer and Information Technology
209469,Other,"Human Rights and Social Advocacy (Human Rights, Environment and Wildlife Conservation, Other)|Community Groups and Nonprofits"
29246,ISP,Computer and Information Technology|Internet Service Provider (ISP)
201281,Other,Service|Personal ASN
62018,ISP,Computer and Information Technology|Internet Service Provider (ISP)
209475,Other,Construction and Real Estate|Real Estate (Residential and/or Commercial)
209479,ISP,Internet Service Provider (ISP)|Computer and Information Technology
209483,Other,"Finance and Insurance|Banks, Credit Card Companies, Mortgage Providers"
12876,ISP,Content|Validating RPKI ROV|Hosting and Cloud Provider|Internet Service Provider (ISP)
21070,Other,"Chemical and Pharmaceutical Manufacturing|Manufacturing|Utilities (Excluding Internet Service)|Electric Power Generation, Transmission, Distribution"
29264,ISP,Computer and Information Technology|Internet Service Provider (ISP)|Content Delivery Network|Corporate/Enterprise
62038,ISP,Internet Service Provider (ISP)|Computer and Information Technology
209498,Other,"Software Development|Retail Stores, Wholesale, and E-commerce Sites|Computer and Information Technology"
209502,ISP,Internet Service Provider (ISP)|Computer and Information Technology
201313,Enterprise,"Law, Business, and Consulting Services|Retail Stores, Wholesale, and E-commerce Sites|furniture|Buildings, Repair, Maintenance (Pest Control, Landscaping, Cleaning, Locksmiths, Car Washes, etc)"
29283,ISP,Business Broadband|Validating RPKI ROV|Computer and Information Technology|Internet Service Provider (ISP)
21093,ISP,Validating RPKI ROV|Internet Service Provider (ISP)|Computer and Information Technology|Hosting and Cloud Provider
21094,Other,"Not Validating RPKI ROV|Recreation, Sports, and Performing Arts|Museums, Libraries, and Entertainment|Radio and Television Providers"
209510,Other,Tranco 10k Host|Other|Search|Computer and Information Technology
62057,ISP,Computer and Information Technology|Finance and Insurance|Internet Service Provider (ISP)|Insurance Carriers and Agencies
209513,Other,"Utilities (Excluding Internet Service)|Electric Power Generation, Transmission, Distribution|Water Supply and Irrigation"
201324,ISP,Online Music and Video Streaming Services|Hosting and Cloud Provider|Internet Service Provider (ISP)|Software Development
209523,ISP,Service|Computer and Information Technology|Internet Service Provider (ISP)
29301,Other,Not Validating RPKI ROV|Service
209525,ISP,Computer and Information Technology|Internet Service Provider (ISP)
209527,Other,IPv6 only
209532,ISP,Computer and Information Technology|Internet Service Provider (ISP)
29322,Other,Software Development|Computer and Information Technology
29326,ISP,Internet Service Provider (ISP)|Software Development|Insurance Carriers and Agencies|Finance and Insurance
21137,Other,Construction and Real Estate|Buildings (Residential or Commercial)
209555,Other,Computer and Information Technology
209559,Other,Software Development|Computer and Information Technology|Personal ASN
209567,Other,Computer and Information Technology
201376,Other,Community Groups and Nonprofits
62119,Content/CDN,"Content|Banks, Credit Card Companies, Mortgage Providers|Finance and Insurance|Server Hosting"
201393,Other,"Not Validating RPKI ROV|Banks, Credit Card Companies, Mortgage Providers|Finance and Insurance"
29372,ISP,"Service|Law, Business, and Consulting Services|Internet Service Provider (ISP)|Computer and Information Technology"
62141,Other,"Validating RPKI ROV|Utilities (Excluding Internet Service)|Service|Agriculture, Mining, and Refineries (Farming, Greenhouses, Mining, Forestry, and Animal Farming)"
201408,ISP,Internet Service Provider (ISP)|Computer and Information Technology|Software Development
13001,Other,Service
201420,Enterprise,"Law, Business, and Consulting Services|Service"
201425,ISP,Internet Service Provider (ISP)|Computer and Information Technology
21203,ISP,"Freight, Shipment, and Postal Services|Computer and Information Technology|Internet Service Provider (ISP)|Water Transportation"
13013,ISP,Content|Corporate/Enterprise|Manufacturing|Computer and Information Technology
13014,ISP,Content|Computer and Information Technology|Manufacturing|Service
209627,Enterprise,"Law, Business, and Consulting Services|Construction and Real Estate|Service"
21212,ISP,Phone Provider|Computer and Information Technology|Internet Service Provider (ISP)
59576,ISP,Computer and Information Technology|Internet Service Provider (ISP)
59578,Other,Service
13034,Content/CDN,"Media, Publishing, and Broadcasting|Server Hosting|Content"
62202,Other,Software Development|Computer and Information Technology
21247,Other,Validating RPKI ROV|Service
201472,Other,"Service|Social Assistance (Temporary Shelters, Emergency Relief, Child Day Care, etc)|Automotive and Transportation|Metal, Glass, Wood, and Paper Manufacturing"
29447,ISP,Eyeball|Internet Service Provider (ISP)|Computer and Information Technology|Home ISP
201479,ISP,"Computer and Network Security|Automotive and Transportation|Military, Defense, National Security, and International Affairs|Law, Business, and Consulting Services"
201480,Other,"Media, Publishing, and Broadcasting|Online Informational Content|IPv6 only|Personal ASN"
209677,Other,Construction and Real Estate
209678,Enterprise,"Not Validating RPKI ROV|Service|Law, Business, and Consulting Services"
62228,Enterprise,"Law, Business, and Consulting Services|Service"
209686,ISP,Internet Service Provider (ISP)|Computer and Information Technology
21272,Other,"Travel and Accommodation|Manufacturing|Food, Beverage, and Tobacco|Food, Grocery, Beverages"
62242,Other,Service
201516,ISP,Computer and Information Technology|Internet Service Provider (ISP)|Software Development
35169,Other,"Buildings, Repair, Maintenance (Pest Control, Landscaping, Cleaning, Locksmiths, Car Washes, etc)|Service"
209717,ISP,Internet Service Provider (ISP)|Computer and Information Technology
201527,ISP,"Finance and Insurance|Computer and Information Technology|Banks, Credit Card Companies, Mortgage Providers|Internet Service Provider (ISP)"
21304,Other,Software Development|Computer and Information Technology
201538,Other,"Agriculture, Mining, and Refineries (Farming, Greenhouses, Mining, Forestry, and Animal Farming)|Service"
51455,Government,Manufacturing|Automotive and Transportation|Government
21319,ISP,Computer and Information Technology|Internet Service Provider (ISP)
29513,ISP,Internet Service Provider (ISP)|Computer and Information Technology
209760,Enterprise,"Service|Law, Business, and Consulting Services"
209766,Other,Steam and Air-Conditioning Supply|Utilities (Excluding Internet Service)
35184,ISP,Eyeball|Not Validating RPKI ROV|Internet Service Provider (ISP)|Computer and Information Technology
201605,Enterprise,"Service|Law, Business, and Consulting Services"
62343,ISP,Validating RPKI ROV|Computer and Information Technology|Internet Service Provider (ISP)
13193,ISP,Eyeball|Validating RPKI ROV|Internet Service Provider (ISP)|Computer and Information Technology
35189,Content/CDN,Computer and Information Technology|Hosting and Cloud Provider
209815,Other,"Not Validating RPKI ROV|Validating RPKI ROV|Construction and Real Estate|Human Rights and Social Advocacy (Human Rights, Environment and Wildlife Conservation, Other)"
209823,Academic/Edu,Computer and Information Technology|Education and Research|Software Development|Research and Development Organizations
21409,ISP,Eyeball|Validating RPKI ROV|Internet Service Provider (ISP)|Computer and Information Technology
201635,Other,Computer and Information Technology|Software Development
201636,ISP,"Law, Business, and Consulting Services|Service|Computer and Information Technology|Internet Service Provider (ISP)"
29605,ISP,Internet Service Provider (ISP)|Not Validating RPKI ROV|Software Development|Computer and Information Technology
13223,Government,"Not Validating RPKI ROV|Government and Public Administration|Community Groups and Nonprofits|Human Rights and Social Advocacy (Human Rights, Environment and Wildlife Conservation, Other)"
29608,ISP,VPN Host|Not Validating RPKI ROV|Internet Service Provider (ISP)|Computer and Information Technology
201647,Other,"Retail Stores, Wholesale, and E-commerce Sites"
209843,Content/CDN,Software Development|Computer and Information Technology|Hosting and Cloud Provider|IPv6 only
201659,Other,Hospitals and Medical Centers|Health Care Services
209852,ISP,"Insurance Carriers and Agencies|Finance and Insurance|Real Estate (Residential and/or Commercial)|Banks, Credit Card Companies, Mortgage Providers"
201675,ISP,Computer and Information Technology|Internet Service Provider (ISP)
13273,ISP,Computer and Information Technology|Internet Service Provider (ISP)|Software Development
201693,ISP,Internet Service Provider (ISP)|Software Development|Computer and Information Technology
62430,Other,Personal ASN|IPv6 only
201699,ISP,Computer and Information Technology|Internet Service Provider (ISP)
43347,ISP,Internet Service Provider (ISP)|Computer and Information Technology|Software Development|Phone Provider
62443,ISP,"Retail Stores, Wholesale, and E-commerce Sites|Buildings (Residential or Commercial)|Civil Engineering Construction (Utility Lines, Roads and Bridges)|Computer and Information Technology"
201710,Content/CDN,Computer and Information Technology|Hosting and Cloud Provider
29679,Other,Service
43350,ISP,Content|Not Validating RPKI ROV|Computer and Information Technology|Internet Service Provider (ISP)
21502,ISP,Eyeball|Not Validating RPKI ROV|Internet Service Provider (ISP)|Computer and Information Technology
209920,Other,Computer and Information Technology
201733,Other,Computer and Information Technology
209925,Enterprise,"Validating RPKI ROV|Law, Business, and Consulting Services|Service"
209928,ISP,Computer and Information Technology|Internet Service Provider (ISP)
209940,Content/CDN,Electronics and Computer Components|Manufacturing|Server Hosting
209952,Other,"Not Validating RPKI ROV|Personal Care and Lifestyle (Barber Shops, Nail Salons, Diet Centers, Laundry, etc)|Service|Museums, Libraries, and Entertainment"
21538,ISP,Computer and Information Technology|Internet Service Provider (ISP)|Validating RPKI ROV
35217,ISP,Computer and Information Technology|Internet Service Provider (ISP)
209966,ISP,Internet Service Provider (ISP)|Software Development|Computer and Information Technology|Computer and Network Security
209978,Other,"Retail Stores, Wholesale, and E-commerce Sites|Personal ASN"
209993,ISP,Not Validating RPKI ROV|Internet Service Provider (ISP)|Computer and Information Technology
209994,Enterprise,"Corporate/Enterprise|Retail Stores, Wholesale, and E-commerce Sites"
29774,ISP,Internet Service Provider (ISP)|Computer and Information Technology
201808,ISP,Internet Service Provider (ISP)|Computer and Information Technology
201818,Other,Computer and Information Technology|Technology Consulting Services|Software Development
210013,Other,"Personal ASN|Media, Publishing, and Broadcasting|Online Informational Content|IPv6 only"
201828,ISP,Computer and Information Technology|Internet Service Provider (ISP)|Software Development
210030,ISP,Internet Service Provider (ISP)|Computer and Information Technology|Validating RPKI ROV
210032,Other,"Service|Media, Publishing, and Broadcasting"
210034,ISP,Internet Service Provider (ISP)|Computer and Information Technology
210040,Other,Manufacturing
210043,Other,"Service|Banks, Credit Card Companies, Mortgage Providers|Finance and Insurance"
210051,ISP,Internet Service Provider (ISP)|Computer and Information Technology
210057,Other,Software Development|Computer and Information Technology
62602,ISP,Computer and Information Technology|Internet Service Provider (ISP)
35238,ISP,Not Validating RPKI ROV|Eyeball|Internet Service Provider (ISP)|Computer and Information Technology
201868,ISP,Computer and Information Technology|Not Validating RPKI ROV|Service|Internet Service Provider (ISP)
62610,ISP,Anycast|Internet Service Provider (ISP)|Hosting and Cloud Provider|Software Development
201876,Other,Computer and Information Technology
201896,Other,"Media, Publishing, and Broadcasting|Music and Video Industry"
201900,Enterprise,"Service|Law, Business, and Consulting Services"
210094,ISP,Computer and Information Technology|Internet Service Provider (ISP)|Software Development
201910,Other,Computer and Information Technology|Technology Consulting Services|Anycast
201923,Other,Computer and Information Technology|Software Development
210118,Other,Personal ASN|Chemical and Pharmaceutical Manufacturing|Manufacturing
201932,Other,"Media, Publishing, and Broadcasting|Print Media (Newspapers, Magazines, Books)"
210124,Other,Computer and Network Security|Computer and Information Technology
201939,ISP,Internet Service Provider (ISP)|Computer and Information Technology
210136,Other,"Manufacturing|Automotive and Transportation|Retail Stores, Wholesale, and E-commerce Sites"
136417,ISP,Internet Service Provider (ISP)|Computer and Information Technology
201958,ISP,"Other Government and Regulatory Agencies, Administrations, Departments, and Services|Accountants, Tax Preparers, Payroll Services|Health Care Services|Computer and Information Technology"
201961,ISP,Internet Service Provider (ISP)|Computer and Information Technology
210156,Other,"Retail Stores, Wholesale, and E-commerce Sites"
210165,ISP,Computer and Information Technology|Internet Service Provider (ISP)
210182,ISP,Computer and Information Technology|Internet Service Provider (ISP)
202010,Other,"Human Rights and Social Advocacy (Human Rights, Environment and Wildlife Conservation, Other)|Community Groups and Nonprofits"
5410,ISP,Eyeball|Not Validating RPKI ROV|Computer and Information Technology|Internet Service Provider (ISP)
202023,Other,Service
210232,ISP,Computer and Information Technology|Internet Service Provider (ISP)
5436,ISP,"Validating RPKI ROV|Service|Media, Publishing, and Broadcasting|Internet Service Provider (ISP)"
202045,Other,Computer and Information Technology|Computer and Network Security
210255,Other,"Postal Services and Couriers|Freight, Shipment, and Postal Services"
202066,Other,Computer and Information Technology|Validating RPKI ROV
202089,ISP,Internet Service Provider (ISP)|Validating RPKI ROV|Computer and Information Technology
43424,Content/CDN,VPN Host|Computer and Information Technology|Hosting and Cloud Provider
202096,Academic/Edu,"Museums, Historical Sites, Zoos, Nature Parks|Museums, Libraries, and Entertainment|Education and Research"
210309,Other,Computer and Information Technology|Technology Consulting Services
5511,ISP,T1|Validating RPKI ROV|Internet Service Provider (ISP)|Computer and Information Technology
46475,ISP,Validating RPKI ROV|Internet Service Provider (ISP)|Hosting and Cloud Provider|Computer and Information Technology
202138,ISP,Computer and Information Technology|Internet Service Provider (ISP)
202139,ISP,Online Informational Content|Internet Service Provider (ISP)|Software Development|Service
202140,ISP,Internet Service Provider (ISP)|Computer and Information Technology
210335,Other,"Media, Publishing, and Broadcasting"
210339,Other,Computer and Information Technology
210344,Other,"Media, Publishing, and Broadcasting"
43436,Other,"Online Informational Content|Online Music and Video Streaming Services|Media, Publishing, and Broadcasting"
210348,Other,"Media, Publishing, and Broadcasting"
210363,Unknown,
210376,Other,Personal ASN
202187,Enterprise,"Service|Law, Business, and Consulting Services"
5583,ISP,Internet Service Provider (ISP)|Computer and Information Technology
210400,Other,Computer and Information Technology|Software Development|Computer and Network Security|Personal ASN
51588,Other,Software Development|Computer and Information Technology
210403,Content/CDN,"Server Hosting|Hosting, Cloud Provider, Data Center, Server Colocation|Computer and Information Technology|Tranco 10k Host"
202213,ISP,"Computer and Information Technology|Technology Consulting Services|Law, Business, and Consulting Services|Internet Service Provider (ISP)"
202214,Government,"Government and Regulatory Agencies, Administrations, Departments, and Services|Government and Public Administration"
202215,Other,Community Groups and Nonprofits
210414,Other,Computer and Information Technology|Computer and Network Security
202236,ISP,Not Validating RPKI ROV|Internet Service Provider (ISP)|Computer and Information Technology
5630,Other,Finance and Insurance|Computer and Information Technology|Software Development|Service
210433,Unknown,
202249,ISP,Internet Service Provider (ISP)|Computer and Information Technology
210441,ISP,Internet Service Provider (ISP)|Computer and Information Technology
202253,Government,"Government and Regulatory Agencies, Administrations, Departments, and Services|Government and Public Administration"
63023,ISP,Content|Validating RPKI ROV|Internet Service Provider (ISP)|Hosting and Cloud Provider
210481,ISP,Finance and Insurance|Insurance Carriers and Agencies|Server Hosting
210492,Other,"Retail Stores, Wholesale, and E-commerce Sites"
210510,Enterprise,"Law, Business, and Consulting Services|Service"
202321,Other,"Retail Stores, Wholesale, and E-commerce Sites"
210518,ISP,"Internet Service Provider (ISP)|Freight, Shipment, and Postal Services|Computer and Information Technology"
202328,ISP,Internet Service Provider (ISP)|Computer and Information Technology
210535,ISP,"Hosting, Cloud Provider, Data Center, Server Colocation|Internet Service Provider (ISP)|Electronics and Computer Components|Computer and Information Technology"
202350,Government,"Government and Public Administration|Government and Regulatory Agencies, Administrations, Departments, and Services"
202381,ISP,Computer and Information Technology|Internet Service Provider (ISP)
210595,ISP,Computer and Information Technology|Internet Service Provider (ISP)|Mobile Data/Carrier
210601,ISP,Internet Service Provider (ISP)|Computer and Information Technology
202449,Other,Software Development|Computer and Information Technology
210652,ISP,Internet Service Provider (ISP)|Software Development|Computer and Information Technology|IPv6 only
210664,ISP,Internet Service Provider (ISP)|Computer and Information Technology
210666,ISP,Computer and Information Technology|Internet Service Provider (ISP)
210675,Other,IPv6 only
210684,ISP,Computer and Information Technology|Internet Service Provider (ISP)
210699,Content/CDN,"Server Hosting|Museums, Libraries, and Entertainment|Education and Research"
210700,ISP,Computer and Information Technology|Internet Service Provider (ISP)
210704,ISP,Computer and Information Technology|Internet Service Provider (ISP)
210732,Content/CDN,"Content|Retail Stores, Wholesale, and E-commerce Sites|Server Hosting"
210733,Other,Service
202546,ISP,Internet Service Provider (ISP)|Computer and Information Technology
210743,ISP,Computer and Information Technology|Internet Service Provider (ISP)
210745,Other,"Retail Stores, Wholesale, and E-commerce Sites"
202568,Other,Software Development|Computer and Information Technology|Service
202569,ISP,Internet Service Provider (ISP)|Hosting and Cloud Provider|Software Development|Computer and Information Technology
210760,ISP,Internet Service Provider (ISP)|Computer and Information Technology|Eyeball
202573,Other,Content|Personal ASN|IPv6 only
210770,ISP,Computer and Information Technology|Internet Service Provider (ISP)
202582,ISP,Computer and Information Technology|Internet Service Provider (ISP)
202604,Other,Not Validating RPKI ROV|Computer and Information Technology
210799,ISP,Internet Service Provider (ISP)|Computer and Information Technology
210801,ISP,Computer and Information Technology|Internet Service Provider (ISP)
210806,ISP,Finance and Insurance|Insurance Carriers and Agencies
210810,ISP,Internet Service Provider (ISP)|Computer and Information Technology|Software Development
202628,ISP,Computer and Information Technology|Internet Service Provider (ISP)
210832,Other,Computer and Information Technology|Computer and Network Security
210839,ISP,Computer and Information Technology|Internet Service Provider (ISP)
202648,Other,"Buildings, Repair, Maintenance (Pest Control, Landscaping, Cleaning, Locksmiths, Car Washes, etc)|Service"
210851,ISP,Computer and Information Technology|Internet Service Provider (ISP)
202663,ISP,"Hosting, Cloud Provider, Data Center, Server Colocation|Computer and Information Technology|Internet Service Provider (ISP)|Validating RPKI ROV"
210855,Enterprise,"Service|Law, Business, and Consulting Services"
210858,Other,"Media, Publishing, and Broadcasting|Service"
202669,Enterprise,"Service|Law, Business, and Consulting Services"
210873,Other,Computer and Information Technology
210879,ISP,Tranco 10k Host|Internet Service Provider (ISP)|Service|Computer and Information Technology
210891,Other,"Retail Stores, Wholesale, and E-commerce Sites|Clothing, Fashion, Luggage"
210898,ISP,Hosting and Cloud Provider|Computer and Information Technology|Internet Service Provider (ISP)
202727,ISP,Not Validating RPKI ROV|Computer and Information Technology|Internet Service Provider (ISP)
210933,ISP,Computer and Information Technology|Internet Service Provider (ISP)
210935,ISP,Computer and Information Technology|Internet Service Provider (ISP)|Hosting and Cloud Provider|Software Development
202753,Enterprise,"Law, Business, and Consulting Services|Service"
202755,ISP,Computer and Information Technology|Internet Service Provider (ISP)|Software Development
202757,Other,"Construction and Real Estate|Not Validating RPKI ROV|Civil Engineering Construction (Utility Lines, Roads and Bridges)"
38926,Content/CDN,Software Development|Hosting and Cloud Provider|Computer and Information Technology
210960,Other,Software Development|Computer and Information Technology|IPv6 only
30741,ISP,Computer and Information Technology|Software Development|Internet Service Provider (ISP)|Online Informational Content
47127,Academic/Edu,Education and Research
210979,Other,"Electric Power Generation, Transmission, Distribution|Utilities (Excluding Internet Service)"
30761,Other,Community Groups and Nonprofits
47150,ISP,Computer and Information Technology|Internet Service Provider (ISP)|Software Development
47157,Other,Travel and Accommodation
47160,ISP,"Validating RPKI ROV|Retail Stores, Wholesale, and E-commerce Sites|Computer and Information Technology|Internet Service Provider (ISP)"
30781,ISP,Carrier|Validating RPKI ROV|Computer and Information Technology|Internet Service Provider (ISP)
202827,Other,Automotive and Transportation|Manufacturing
47184,Other,Community Groups and Nonprofits
30801,ISP,Eyeball|Internet Service Provider (ISP)|Computer and Information Technology
202834,Government,"Museums, Libraries, and Entertainment|Government and Regulatory Agencies, Administrations, Departments, and Services|Government and Public Administration"
202836,ISP,Internet Service Provider (ISP)|Computer and Information Technology
39005,ISP,Not Validating RPKI ROV|Computer and Information Technology|Internet Service Provider (ISP)|Eyeball
202850,Other,Computer and Information Technology|Software Development
47206,Eyeball,"Eyeball|Not Validating RPKI ROV|Government and Regulatory Agencies, Administrations, Departments, and Services|Recreation, Sports, and Performing Arts"
47214,ISP,"Hosting and Cloud Provider|Internet Service Provider (ISP)|Service|Law, Business, and Consulting Services"
202862,Other,"Retail Stores, Wholesale, and E-commerce Sites"
211055,Government,"Government and Regulatory Agencies, Administrations, Departments, and Services|Government and Public Administration"
202869,ISP,Internet Service Provider (ISP)|Computer and Information Technology
30839,Other,"Not Validating RPKI ROV|Human Rights and Social Advocacy (Human Rights, Environment and Wildlife Conservation, Other)|Community Groups and Nonprofits"
211068,Enterprise,"Law, Business, and Consulting Services|Service"
47233,ISP,"Internet Service Provider (ISP)|Utilities (Excluding Internet Service)|Computer and Information Technology|Agriculture, Mining, and Refineries (Farming, Greenhouses, Mining, Forestry, and Animal Farming)"
211073,ISP,Computer and Information Technology|Internet Service Provider (ISP)
202884,ISP,Software Development|Computer and Information Technology|Technology Consulting Services|Internet Service Provider (ISP)
202886,Other,Machinery|Manufacturing|Personal ASN|IPv6 only
47239,Enterprise,"Law, Business, and Consulting Services|Service"
39053,ISP,Internet Service Provider (ISP)|Computer and Information Technology
202898,ISP,Software Development|Internet Service Provider (ISP)|Computer and Information Technology|Validating RPKI ROV
14489,ISP,Government and Public Administration|Finance and Insurance|Insurance Carriers and Agencies|Health Care Services
39072,ISP,Hosting and Cloud Provider|Computer and Information Technology|Internet Service Provider (ISP)
211105,Academic/Edu,"Software Development|Computer and Information Technology|Community Groups and Nonprofits|Human Rights and Social Advocacy (Human Rights, Environment and Wildlife Conservation, Other)"
47268,Other,Computer and Information Technology
39079,ISP,"Service|Law, Business, and Consulting Services|Internet Service Provider (ISP)|Computer and Information Technology"
211111,Other,"Freight, Shipment, and Postal Services|Manufacturing"
30889,ISP,Computer and Information Technology|Not Validating RPKI ROV|Internet Service Provider (ISP)
211113,Other,"Banks, Credit Card Companies, Mortgage Providers|Finance and Insurance"
39086,ISP,Internet Service Provider (ISP)|Software Development|Computer and Information Technology|Service
39091,ISP,Internet Service Provider (ISP)|Computer and Information Technology|Electronics and Computer Components|Manufacturing
211124,ISP,"Travel and Accommodation|Law, Business, and Consulting Services|Service|Banks, Credit Card Companies, Mortgage Providers"
202933,ISP,"Internet Service Provider (ISP)|Computer and Information Technology|Freight, Shipment, and Postal Services|Retail Stores, Wholesale, and E-commerce Sites"
211127,Government,"Government and Public Administration|Government and Regulatory Agencies, Administrations, Departments, and Services"
30907,Other,Construction and Real Estate|Real Estate (Residential and/or Commercial)
47293,Other,Software Development|Computer and Information Technology
39104,ISP,Content|Internet Service Provider (ISP)|Computer and Information Technology|Server Hosting
202945,Eyeball,"Eyeball|Retail Stores, Wholesale, and E-commerce Sites|Personal ASN"
47300,Academic/Edu,"Law Enforcement, Public Safety, and Justice|Government and Public Administration|Community Groups and Nonprofits|Research and Development Organizations"
30919,Other,"Clothing, Fashion, Luggage|Retail Stores, Wholesale, and E-commerce Sites"
47314,Enterprise,"Law, Business, and Consulting Services|Service"
47332,ISP,Internet Service Provider (ISP)|Computer and Information Technology
39162,Other,Computer and Information Technology
211194,Other,Computer and Information Technology
30972,Other,"Media, Publishing, and Broadcasting|Online Informational Content|Radio and Television Providers|Online Music and Video Streaming Services"
203007,Other,Service
39176,Other,Computer and Information Technology|Software Development
203019,Other,"Not Validating RPKI ROV|Retail Stores, Wholesale, and E-commerce Sites"
39180,ISP,Internet Service Provider (ISP)|Validating RPKI ROV|Computer and Information Technology
55569,Enterprise,"Media, Publishing, and Broadcasting|Computer and Information Technology|Retail Stores, Wholesale, and E-commerce Sites|Software Development"
47382,ISP,Internet Service Provider (ISP)|Computer and Information Technology
203030,Other,Computer and Information Technology|Software Development
203041,ISP,"Insurance Carriers and Agencies|Service|Finance and Insurance|Law, Business, and Consulting Services"
47400,ISP,Computer and Information Technology|Manufacturing|Electronics and Computer Components|Internet Service Provider (ISP)
203058,Other,Buildings (Residential or Commercial)|Construction and Real Estate
47413,Other,Service
203062,ISP,Eyeball|Internet Service Provider (ISP)|Computer and Information Technology|Personal ASN
47420,Academic/Edu,"Not Validating RPKI ROV|Computer and Information Technology|Law, Business, and Consulting Services|Education and Research"
39241,ISP,Internet Service Provider (ISP)|Computer and Information Technology
211277,ISP,Computer and Information Technology|Hosting and Cloud Provider|Internet Service Provider (ISP)
47455,Government,"Government and Public Administration|Computer and Network Security|Military, Defense, National Security, and International Affairs|Computer and Information Technology"
211299,Other,Computer and Information Technology
39271,ISP,Computer and Information Technology|Not Validating RPKI ROV|Internet Service Provider (ISP)
211308,Enterprise,"Technology Consulting Services|Computer and Information Technology|Law, Business, and Consulting Services|Service"
211310,Other,"Electric Power Generation, Transmission, Distribution|Utilities (Excluding Internet Service)"
47472,ISP,"Law, Business, and Consulting Services|Hosting and Cloud Provider|Service|Internet Service Provider (ISP)"
211317,Other,Software Development|Computer and Information Technology
39286,Other,Computer and Information Technology|Software Development
203127,ISP,"Internet Service Provider (ISP)|Passenger Transit (Car, Bus, Taxi, Subway)|Freight, Shipment, and Postal Services|Computer and Information Technology"
47484,Other,Software Development|Computer and Information Technology
31104,Enterprise,"Law, Business, and Consulting Services|Service"
211333,Content/CDN,"Hosting, Cloud Provider, Data Center, Server Colocation|Computer and Information Technology|Server Hosting"
47494,Other,Computer and Information Technology|Health Care Services|Software Development
39305,ISP,Internet Service Provider (ISP)|Validating RPKI ROV|Computer and Information Technology
211349,ISP,Computer and Information Technology|Internet Service Provider (ISP)|Software Development|Health Care Services
211352,ISP,Internet Service Provider (ISP)|Computer and Information Technology|Anycast|Content
211355,ISP,Computer and Information Technology|Internet Service Provider (ISP)
198318,ISP,"Service|Internet Service Provider (ISP)|Finance and Insurance|Retail Stores, Wholesale, and E-commerce Sites"
31132,ISP,Internet Service Provider (ISP)|Computer and Information Technology|Hosting and Cloud Provider
198322,ISP,"Law, Business, and Consulting Services|Buildings, Repair, Maintenance (Pest Control, Landscaping, Cleaning, Locksmiths, Car Washes, etc)|Computer and Information Technology|Retail Stores, Wholesale, and E-commerce Sites"
211377,Content/CDN,Electronics and Computer Components|Manufacturing|Server Hosting
47548,ISP,Computer and Information Technology|Not Validating RPKI ROV|Internet Service Provider (ISP)
31167,ISP,Eyeball|Not Validating RPKI ROV|Computer and Information Technology|Internet Service Provider (ISP)
31178,ISP,VPN Host|Computer and Information Technology|Hosting and Cloud Provider|Internet Service Provider (ISP)
203211,ISP,Electronics and Computer Components|Service|Software Development|Computer and Information Technology
31180,Other,Finance and Insurance
211423,Unknown,
39405,ISP,Tor services|Not Validating RPKI ROV|Computer and Information Technology|Internet Service Provider (ISP)
47599,Other,Computer and Information Technology|Technology Consulting Services
31216,ISP,Carrier|Not Validating RPKI ROV|Computer and Information Technology|Internet Service Provider (ISP)
47600,Other,"Food, Beverage, and Tobacco|Food, Grocery, Beverages|Retail Stores, Wholesale, and E-commerce Sites|Manufacturing"
211442,Government,"Government and Public Administration|Government and Regulatory Agencies, Administrations, Departments, and Services"
31221,Other,Construction and Real Estate|Not Validating RPKI ROV|Real Estate (Residential and/or Commercial)
47608,ISP,Internet Service Provider (ISP)|Not Validating RPKI ROV|Computer and Information Technology
211448,ISP,Computer and Information Technology|Internet Service Provider (ISP)
47612,Other,"Construction and Real Estate|Civil Engineering Construction (Utility Lines, Roads and Bridges)"
39421,Content/CDN,Content|Computer and Information Technology|Server Hosting|Tor services
31235,ISP,Internet Service Provider (ISP)|Computer and Information Technology
39444,ISP,Internet Service Provider (ISP)|Not Validating RPKI ROV|Computer and Information Technology
47648,ISP,Validating RPKI ROV|Internet Service Provider (ISP)|Computer and Information Technology
211492,Other,Service
203304,Content/CDN,"Law, Business, and Consulting Services|Computer and Information Technology|Hosting and Cloud Provider|Service"
47658,Other,"Service|Media, Publishing, and Broadcasting"
39473,ISP,Computer and Information Technology|Internet Service Provider (ISP)
39480,ISP,Computer and Information Technology|Internet Service Provider (ISP)|Service|Hosting and Cloud Provider
211514,ISP,Computer and Information Technology|Internet Service Provider (ISP)|IPv6 only|Personal ASN
203326,ISP,Computer and Information Technology|Internet Service Provider (ISP)|Software Development
47679,ISP,"Service|Internet Service Provider (ISP)|Retail Stores, Wholesale, and E-commerce Sites|Law, Business, and Consulting Services"
39495,Other,Travel and Accommodation
211533,ISP,Computer and Information Technology|Internet Service Provider (ISP)|Software Development
203345,Other,Computer and Information Technology
6738,ISP,VPN Host|Validating RPKI ROV|Hosting and Cloud Provider|Internet Service Provider (ISP)
39506,Content/CDN,Software Development|Computer and Information Technology|Hosting and Cloud Provider
39509,Other,Software Development|Computer and Network Security|Computer and Information Technology
203349,ISP,Software Development|Computer and Information Technology|Internet Service Provider (ISP)
203350,Other,"Churches and Religious Organizations|Media, Publishing, and Broadcasting|Computer and Information Technology|Freight, Shipment, and Postal Services"
203352,ISP,Validating RPKI ROV|Hosting and Cloud Provider|Computer and Network Security|Computer and Information Technology
31328,Other,Service|Computer and Information Technology|Utilities (Excluding Internet Service)|Software Development
203360,Government,"Not Validating RPKI ROV|Government and Public Administration|Government and Regulatory Agencies, Administrations, Departments, and Services"
203361,ISP,Not Validating RPKI ROV|Computer and Information Technology|Internet Service Provider (ISP)
211556,Other,Computer and Information Technology
154214,ISP,Computer and Information Technology|Internet Service Provider (ISP)|Hosting and Cloud Provider|Software Development
203370,ISP,"Computer and Information Technology|Internet Service Provider (ISP)|Media, Publishing, and Broadcasting"
39534,ISP,Software Development|Internet Service Provider (ISP)|Computer and Information Technology|Finance and Insurance
203374,Unknown,
47730,Other,Construction and Real Estate|Real Estate (Residential and/or Commercial)
211571,Content/CDN,"Software Development|Computer and Information Technology|Hosting, Cloud Provider, Data Center, Server Colocation"
39542,ISP,Validating RPKI ROV|Computer and Information Technology|Internet Service Provider (ISP)
203386,Other,Manufacturing|Machinery
211590,Other,Not Validating RPKI ROV|Computer and Information Technology
31367,ISP,Internet Service Provider (ISP)|Computer and Information Technology
203400,Other,Computer and Information Technology|Software Development
31375,Other,"Service|Buildings, Repair, Maintenance (Pest Control, Landscaping, Cleaning, Locksmiths, Car Washes, etc)"
39567,Enterprise,"Service|Not Validating RPKI ROV|Law, Business, and Consulting Services"
206508,Other,Computer and Network Security|Computer and Information Technology|Software Development
203413,Other,Not Validating RPKI ROV|Buildings (Residential or Commercial)|Construction and Real Estate
39583,Enterprise,"Service|Law, Business, and Consulting Services"
211615,Enterprise,"Technology Consulting Services|Computer and Information Technology|Law, Business, and Consulting Services|Service"
211617,Content/CDN,"Online Informational Content|Media, Publishing, and Broadcasting|Server Hosting"
203432,Other,"Human Rights and Social Advocacy (Human Rights, Environment and Wildlife Conservation, Other)|Community Groups and Nonprofits"
39605,ISP,Server Hosting|Validating RPKI ROV|Service|Internet Service Provider (ISP)
211640,Other,Computer and Information Technology|Computer and Network Security
211652,Enterprise,"Service|Law, Business, and Consulting Services|Computer and Information Technology"
47818,ISP,Not Validating RPKI ROV|Computer and Information Technology|Internet Service Provider (ISP)
47820,Other,"Construction and Real Estate|Service|Software Development|Clothing, Fashion, Luggage"
39634,ISP,"Internet Service Provider (ISP)|Computer and Information Technology|Retail Stores, Wholesale, and E-commerce Sites|Software Development"
203476,ISP,"Eyeball|Validating RPKI ROV|Military, Defense, National Security, and International Affairs|Computer and Information Technology"
211672,Other,Construction and Real Estate
47833,ISP,Internet Service Provider (ISP)|Not Validating RPKI ROV|Computer and Information Technology
31450,Other,"Service|Finance and Insurance|Banks, Credit Card Companies, Mortgage Providers"
47835,Other,"Personal Care and Lifestyle (Barber Shops, Nail Salons, Diet Centers, Laundry, etc)|Service"
47841,Content/CDN,Computer and Information Technology|Technology Consulting Services|Hosting and Cloud Provider|VPN Host
203495,Other,Software Development|Computer and Information Technology
211691,Content/CDN,Computer and Information Technology|Service|Computer and Network Security|Hosting and Cloud Provider
203500,ISP,Internet Service Provider (ISP)|Computer and Information Technology
211694,ISP,Validating RPKI ROV|Computer and Information Technology|Internet Service Provider (ISP)
47858,Other,"Investment, Portfolio Management, Pensions and Funds|Finance and Insurance"
47866,ISP,Internet Service Provider (ISP)|Computer and Information Technology
203532,Other,Computer and Network Security|Computer and Information Technology
39694,Other,"Investment, Portfolio Management, Pensions and Funds|Finance and Insurance"
203537,ISP,Not Validating RPKI ROV|Computer and Information Technology|Internet Service Provider (ISP)
47891,Content/CDN,Hosting and Cloud Provider|Computer and Information Technology|Technology Consulting Services
211733,Other,"Museums, Libraries, and Entertainment|Recreation, Sports, and Performing Arts"
203544,Other,Computer and Information Technology
203547,ISP,Internet Service Provider (ISP)|Computer and Information Technology
203554,Other,"Retail Stores, Wholesale, and E-commerce Sites"
203559,Other,Computer and Information Technology
39723,Other,"Buildings, Repair, Maintenance (Pest Control, Landscaping, Cleaning, Locksmiths, Car Washes, etc)|Service"
211755,Other,Computer and Information Technology|Computer and Network Security
211766,ISP,Computer and Information Technology|Internet Service Provider (ISP)
203585,ISP,Not Validating RPKI ROV|Internet Service Provider (ISP)|Hosting and Cloud Provider|Software Development
31555,ISP,Internet Service Provider (ISP)|Computer and Information Technology
211781,ISP,"Computer and Information Technology|Online Informational Content|Internet Service Provider (ISP)|Media, Publishing, and Broadcasting"
31561,ISP,Internet Service Provider (ISP)|Computer and Information Technology
31564,ISP,"Computer and Information Technology|Music and Video Industry|Media, Publishing, and Broadcasting|Internet Service Provider (ISP)"
203596,ISP,Internet Service Provider (ISP)|Validating RPKI ROV|Computer and Information Technology
47957,Other,"Tranco 10k Host|Banks, Credit Card Companies, Mortgage Providers|Software Development|Finance and Insurance"
31576,ISP,Internet Service Provider (ISP)|Computer and Information Technology
203608,ISP,Software Development|Hosting and Cloud Provider|Computer and Information Technology|Internet Service Provider (ISP)
39771,ISP,Internet Service Provider (ISP)|Computer and Information Technology
211812,Enterprise,"Technology Consulting Services|Service|Computer and Information Technology|Law, Business, and Consulting Services"
39781,ISP,Computer and Information Technology|Internet Service Provider (ISP)
47977,Other,Computer and Information Technology
47980,ISP,"Service|Media, Publishing, and Broadcasting|Computer and Information Technology|Law, Business, and Consulting Services"
39792,Other,Real Estate (Residential and/or Commercial)|Construction and Real Estate|IPv6 only|Personal ASN
211827,Other,Service
39801,ISP,Carrier|Internet Service Provider (ISP)|Hosting and Cloud Provider|Computer and Information Technology
211835,Other,"Community Groups and Nonprofits|Human Rights and Social Advocacy (Human Rights, Environment and Wildlife Conservation, Other)"
203651,Other,Hospitals and Medical Centers|Health Care Services
211846,Other,Construction and Real Estate
211850,Academic/Edu,Education and Research|Not Validating RPKI ROV
31629,Enterprise,"Not Validating RPKI ROV|Service|Law, Business, and Consulting Services|Retail Stores, Wholesale, and E-commerce Sites"
211854,Other,"Freight, Shipment, and Postal Services|Computer and Information Technology"
48017,Other,"Software Development|Finance and Insurance|Computer and Information Technology|Banks, Credit Card Companies, Mortgage Providers"
211858,Other,"Community Groups and Nonprofits|Human Rights and Social Advocacy (Human Rights, Environment and Wildlife Conservation, Other)"
31635,Other,Software Development|Computer and Information Technology
64405,ISP,Internet Service Provider (ISP)|Computer and Information Technology
39830,Other,"Freight, Shipment, and Postal Services"
48026,Enterprise,"Not Validating RPKI ROV|Law, Business, and Consulting Services|Service"
203674,Other,"Buildings, Repair, Maintenance (Pest Control, Landscaping, Cleaning, Locksmiths, Car Washes, etc)|Service|Banks, Credit Card Companies, Mortgage Providers|Finance and Insurance"
211868,Other,Personal ASN|Finance and Insurance|Software Development|Computer and Information Technology
203679,ISP,Internet Service Provider (ISP)|Computer and Information Technology
203683,Other,"Human Rights and Social Advocacy (Human Rights, Environment and Wildlife Conservation, Other)|Community Groups and Nonprofits|Finance and Insurance|Investment, Portfolio Management, Pensions and Funds"
39847,Eyeball,"Not Validating RPKI ROV|Retail Stores, Wholesale, and E-commerce Sites|Household Appliances and Electronics|Eyeball"
211882,Other,"Tor services|Community Groups and Nonprofits|Human Rights and Social Advocacy (Human Rights, Environment and Wildlife Conservation, Other)"
31660,ISP,Service|Hosting and Cloud Provider|Computer and Information Technology|Software Development
203698,ISP,Not Validating RPKI ROV|Internet Service Provider (ISP)|Computer and Information Technology
211891,Other,"Retail Stores, Wholesale, and E-commerce Sites"
64438,ISP,Computer and Information Technology|Internet Service Provider (ISP)
214708,Content/CDN,"Computer and Information Technology|Hosting, Cloud Provider, Data Center, Server Colocation"
64444,Other,"Retail Stores, Wholesale, and E-commerce Sites"
48069,Other,"Not Validating RPKI ROV|Radio and Television Providers|Media, Publishing, and Broadcasting"
31688,ISP,Internet Service Provider (ISP)|Computer and Information Technology
48072,ISP,Eyeball|Not Validating RPKI ROV|Computer and Information Technology|Internet Service Provider (ISP)
203720,ISP,Internet Service Provider (ISP)|Computer and Information Technology
31693,ISP,Internet Service Provider (ISP)|Computer and Information Technology
39886,ISP,Eyeball|Validating RPKI ROV|Computer and Information Technology|Internet Service Provider (ISP)
211919,Other,"Personal Care and Lifestyle (Barber Shops, Nail Salons, Diet Centers, Laundry, etc)|Service"
31697,ISP,Computer and Network Security|Internet Service Provider (ISP)|Computer and Information Technology|Software Development
211925,Content/CDN,Software Development|Hosting and Cloud Provider|Computer and Information Technology
203734,ISP,Computer and Information Technology|Technology Consulting Services|Internet Service Provider (ISP)|Hosting and Cloud Provider
138199,ISP,Internet Service Provider (ISP)|Computer and Information Technology
203738,ISP,Finance and Insurance|Insurance Carriers and Agencies|IPv6 only
39899,ISP,"Banks, Credit Card Companies, Mortgage Providers|Insurance Carriers and Agencies|Finance and Insurance"
64476,ISP,Eyeball|Not Validating RPKI ROV|Manufacturing|Electronics and Computer Components
211935,Other,Service|Personal ASN|IPv6 only
203745,Other,Software Development|Computer and Information Technology
64482,Enterprise,"Law, Business, and Consulting Services|Service|Computer and Information Technology|Software Development"
64484,ISP,Computer and Information Technology|Internet Service Provider (ISP)
211948,Other,Finance and Insurance
211957,Other,"Museums, Libraries, and Entertainment"
203770,ISP,Computer and Information Technology|Internet Service Provider (ISP)
39931,ISP,Computer and Information Technology|Internet Service Provider (ISP)
203772,Content/CDN,"Hosting, Cloud Provider, Data Center, Server Colocation|Computer and Information Technology|Technology Consulting Services|Law, Business, and Consulting Services"
48125,Enterprise,"Service|Law, Business, and Consulting Services"
203773,ISP,"Computer and Information Technology|Retail Stores, Wholesale, and E-commerce Sites|Internet Service Provider (ISP)|Hosting and Cloud Provider"
211965,Other,"Service|Buildings, Repair, Maintenance (Pest Control, Landscaping, Cleaning, Locksmiths, Car Washes, etc)"
48130,Other,Computer and Information Technology
48134,Other,Not Validating RPKI ROV|Construction and Real Estate|Real Estate (Residential and/or Commercial)
203782,ISP,"Accountants, Tax Preparers, Payroll Services|Software Development|Finance and Insurance|Computer and Information Technology"
211978,ISP,Internet Service Provider (ISP)|Computer and Information Technology
48140,Other,"Social Assistance (Temporary Shelters, Emergency Relief, Child Day Care, etc)|Service"
211980,Other,IPv6 only|Other
56339,ISP,Education and Research|Not Validating RPKI ROV|Internet Service Provider (ISP)|Software Development
203797,ISP,Computer and Information Technology|Internet Service Provider (ISP)
56343,ISP,Computer and Information Technology|Software Development|Internet Service Provider (ISP)|Hosting and Cloud Provider
211997,Other,Validating RPKI ROV|Electronics and Computer Components|Manufacturing
212002,Enterprise,"Law, Business, and Consulting Services|Service"
212007,Other,Travel and Accommodation|Personal ASN
15401,ISP,Validating RPKI ROV|Not Validating RPKI ROV|Internet Service Provider (ISP)|Computer and Information Technology
212012,Other,"Retail Stores, Wholesale, and E-commerce Sites"
48179,ISP,Not Validating RPKI ROV|Internet Service Provider (ISP)|Computer and Information Technology
212024,Other,Personal ASN|Service
48185,Other,Computer and Information Technology
15422,Other,Buildings (Residential or Commercial)|Construction and Real Estate
48196,ISP,Internet Service Provider (ISP)|Computer and Information Technology
212037,Other,IPv6 only|Other
203846,Other,"Retail Stores, Wholesale, and E-commerce Sites|Food, Grocery, Beverages"
212041,ISP,Computer and Information Technology|Internet Service Provider (ISP)
15436,Other,Computer and Information Technology|Online Music and Video Streaming Services|Software Development|Service
56403,Other,"Retail Stores, Wholesale, and E-commerce Sites"
48213,ISP,Software Development|Internet Service Provider (ISP)|Computer and Information Technology
212065,Enterprise,Computer and Information Technology|Software Development|Corporate/Enterprise
212072,ISP,Internet Service Provider (ISP)|Computer and Information Technology
203885,Other,"Travel and Accommodation|Freight, Shipment, and Postal Services|Automotive and Transportation|Passenger Transit (Car, Bus, Taxi, Subway)"
48240,ISP,"Computer and Information Technology|Internet Service Provider (ISP)|Law, Business, and Consulting Services|Service"
212081,Other,"Retail Stores, Wholesale, and E-commerce Sites"
203901,Other,Computer and Information Technology
15489,ISP,Software Development|Computer and Information Technology|Internet Service Provider (ISP)
203908,Enterprise,"Service|Software Development|Media, Publishing, and Broadcasting|Music and Video Industry"
56455,Enterprise,"Service|Law, Business, and Consulting Services"
212104,ISP,Computer and Information Technology|Internet Service Provider (ISP)
56469,Content/CDN,"Computer and Information Technology|Hosting, Cloud Provider, Data Center, Server Colocation"
203926,Other,Construction and Real Estate
203927,Enterprise,"Not Validating RPKI ROV|Service|Law, Business, and Consulting Services"
212127,Other,"Media, Publishing, and Broadcasting|Radio and Television Providers"
212133,Enterprise,"Service|Computer and Information Technology|Technology Consulting Services|Law, Business, and Consulting Services"
212140,Content/CDN,Not Validating RPKI ROV|Computer and Information Technology|Hosting and Cloud Provider
48310,ISP,Computer and Information Technology|Internet Service Provider (ISP)
15543,Other,Real Estate (Residential and/or Commercial)|Construction and Real Estate
212153,Enterprise,"Law, Business, and Consulting Services|Service"
15557,ISP,Eyeball|Validating RPKI ROV|Computer and Information Technology|Internet Service Provider (ISP)
203984,ISP,Internet Service Provider (ISP)|Computer and Information Technology
212198,Other,Construction and Real Estate|Manufacturing
212207,ISP,Computer and Information Technology|Internet Service Provider (ISP)
212208,Other,Computer and Information Technology
204043,Other,Computer and Information Technology
204046,Content/CDN,Computer and Information Technology|Hosting and Cloud Provider
48402,Other,Computer and Information Technology|Software Development
56598,Other,Software Development|Computer and Information Technology
48426,ISP,Software Development|Computer and Information Technology|Internet Service Provider (ISP)
212270,Other,Construction and Real Estate|Real Estate (Residential and/or Commercial)|Personal ASN|IPv6 only
15674,Enterprise,"Service|Law, Business, and Consulting Services"
204092,Other,Validating RPKI ROV|Community Groups and Nonprofits
15681,Other,"Utilities (Excluding Internet Service)|Electric Power Generation, Transmission, Distribution|Chemical and Pharmaceutical Manufacturing|Agriculture, Mining, and Refineries (Farming, Greenhouses, Mining, Forestry, and Animal Farming)"
212291,Other,"Service|Buildings, Repair, Maintenance (Pest Control, Landscaping, Cleaning, Locksmiths, Car Washes, etc)"
212292,Content/CDN,Computer and Information Technology|Personal ASN|Server Hosting|Content
56648,Other,"Agriculture, Mining, and Refineries (Farming, Greenhouses, Mining, Forestry, and Animal Farming)|Trucking|Freight, Shipment, and Postal Services|Retail Stores, Wholesale, and E-commerce Sites"
212298,Other,Computer and Information Technology
212313,ISP,Computer and Information Technology|Internet Service Provider (ISP)
204124,Enterprise,"Law, Business, and Consulting Services|Service"
212321,Other,"Validating RPKI ROV|Buildings, Repair, Maintenance (Pest Control, Landscaping, Cleaning, Locksmiths, Car Washes, etc)|Service"
212324,Government,"Government and Public Administration|Law Enforcement, Public Safety, and Justice"
48490,Other,Software Development|Computer and Information Technology
204140,ISP,Computer and Information Technology|Internet Service Provider (ISP)
204142,ISP,"Computer and Information Technology|Law, Business, and Consulting Services|Internet Service Provider (ISP)|Service"
204145,ISP,"Finance and Insurance|Computer and Information Technology|Banks, Credit Card Companies, Mortgage Providers|Internet Service Provider (ISP)"
48504,ISP,Not Validating RPKI ROV|Computer and Information Technology|Internet Service Provider (ISP)|Carrier
212346,Other,Not Validating RPKI ROV|Software Development|Computer and Information Technology
212348,Other,Service
212351,Other,Community Groups and Nonprofits
48518,Other,Computer and Information Technology|Validating RPKI ROV|Software Development
48521,ISP,Computer and Information Technology|Internet Service Provider (ISP)
204186,Enterprise,"Service|Law, Business, and Consulting Services|Personal ASN"
56733,ISP,Internet Service Provider (ISP)|Computer and Information Technology
204202,ISP,Internet Service Provider (ISP)|Computer and Information Technology
204207,Other,"Personal Care and Lifestyle (Barber Shops, Nail Salons, Diet Centers, Laundry, etc)|Service|Retail Stores, Wholesale, and E-commerce Sites|Clothing, Fashion, Luggage"
204212,ISP,Not Validating RPKI ROV|Computer and Information Technology|Internet Service Provider (ISP)
212407,Enterprise,"Law, Business, and Consulting Services|Service|Media, Publishing, and Broadcasting"
56774,Other,Not Validating RPKI ROV|Community Groups and Nonprofits
212424,ISP,Computer and Information Technology|Internet Service Provider (ISP)
204238,Other,"Construction and Real Estate|Real Estate (Residential and/or Commercial)|Buildings (Residential or Commercial)|Civil Engineering Construction (Utility Lines, Roads and Bridges)"
15826,ISP,Computer and Information Technology|Internet Service Provider (ISP)
48594,Other,Computer and Information Technology
15829,ISP,"Satellite Communication|Media, Publishing, and Broadcasting|Computer and Information Technology|Internet Service Provider (ISP)"
204251,ISP,Internet Service Provider (ISP)|Computer and Information Technology
48613,ISP,Computer and Information Technology|Hosting and Cloud Provider|Internet Service Provider (ISP)
15846,ISP,Not Validating RPKI ROV|Insurance Carriers and Agencies|Finance and Insurance
15847,ISP,Internet Service Provider (ISP)|Computer and Information Technology
204265,Other,Computer and Information Technology|Software Development
212457,ISP,Technology Consulting Services|Internet Service Provider (ISP)|Computer and Information Technology
204273,Other,"Computer and Information Technology|Utilities (Excluding Internet Service)|Electric Power Generation, Transmission, Distribution"
56825,Other,"Construction and Real Estate|Civil Engineering Construction (Utility Lines, Roads and Bridges)"
212481,Government,"Government and Regulatory Agencies, Administrations, Departments, and Services|Government and Public Administration"
212489,Academic/Edu,"Colleges, Universities, and Professional Schools|Education and Research"
56844,ISP,Not Validating RPKI ROV|Internet Service Provider (ISP)|Computer and Information Technology
15890,ISP,"Internet Service Provider (ISP)|Service|Computer and Information Technology|Law, Business, and Consulting Services"
198545,ISP,Computer and Information Technology|Not Validating RPKI ROV|Internet Service Provider (ISP)
212504,Content/CDN,Content|Computer and Information Technology|Server Hosting
56859,Other,"Banks, Credit Card Companies, Mortgage Providers|Service|Finance and Insurance"
212510,Academic/Edu,Education and Research|Personal ASN|IPv6 only
198551,ISP,Eyeball|Validating RPKI ROV|Computer and Information Technology|Internet Service Provider (ISP)
212530,Other,Computer and Information Technology
204344,ISP,Computer and Information Technology|Internet Service Provider (ISP)
56892,Enterprise,"Service|Law, Business, and Consulting Services"
48702,Other,"Museums, Libraries, and Entertainment|Utilities (Excluding Internet Service)|Electric Power Generation, Transmission, Distribution|Agriculture, Mining, and Refineries (Farming, Greenhouses, Mining, Forestry, and Animal Farming)"
48703,Government,"Service|Social Assistance (Temporary Shelters, Emergency Relief, Child Day Care, etc)|Government"
204355,ISP,Computer and Information Technology|Internet Service Provider (ISP)|Corporate/Enterprise|Carrier
212547,ISP,Software Development|Internet Service Provider (ISP)|Computer and Information Technology
212557,Other,"Community Groups and Nonprofits|Human Rights and Social Advocacy (Human Rights, Environment and Wildlife Conservation, Other)"
212562,ISP,Not Validating RPKI ROV|Finance and Insurance|Community Groups and Nonprofits|Health Care Services
204371,Enterprise,"Media, Publishing, and Broadcasting|Software Development|Law, Business, and Consulting Services|Computer and Information Technology"
56921,ISP,Computer and Information Technology|Internet Service Provider (ISP)
48732,ISP,Tor services|Internet Service Provider (ISP)|Computer and Information Technology
204382,ISP,Computer and Information Technology|Internet Service Provider (ISP)
212576,ISP,Internet Service Provider (ISP)|Computer and Information Technology|Hosting and Cloud Provider
212579,ISP,Computer and Information Technology|Internet Service Provider (ISP)|Phone Provider
48744,Other,"Retail Stores, Wholesale, and E-commerce Sites|Computer and Information Technology|Service"
212589,Other,Computer and Information Technology
48750,Enterprise,"Law, Business, and Consulting Services|Service"
204426,ISP,Internet Service Provider (ISP)|Computer and Information Technology|Technology Consulting Services
48784,Enterprise,"Not Validating RPKI ROV|Law, Business, and Consulting Services|Service"
212625,Enterprise,"Personal ASN|IPv6 only|Law, Business, and Consulting Services|Service"
204439,Other,Real Estate (Residential and/or Commercial)|Construction and Real Estate
56987,ISP,Carrier|Internet Service Provider (ISP)|Computer and Information Technology|Server Hosting
16028,ISP,"Internet Service Provider (ISP)|Validating RPKI ROV|Law, Business, and Consulting Services|Service"
212636,Other,Computer and Information Technology|Software Development
48799,Other,Not Validating RPKI ROV|Community Groups and Nonprofits
48800,ISP,Hosting and Cloud Provider|Internet Service Provider (ISP)|Computer and Information Technology
56992,ISP,Internet Service Provider (ISP)|Software Development|Computer and Information Technology
48809,ISP,Computer and Information Technology|Internet Service Provider (ISP)|Hosting and Cloud Provider|Software Development
212650,Other,"Media, Publishing, and Broadcasting|Radio and Television Providers"
57004,ISP,Manufacturing|Internet Service Provider (ISP)|Computer and Information Technology|Electronics and Computer Components
48813,ISP,Internet Service Provider (ISP)|Computer and Information Technology
204460,Other,"Retail Stores, Wholesale, and E-commerce Sites"
212653,ISP,Hosting and Cloud Provider|Internet Service Provider (ISP)|Software Development|Computer and Information Technology
48817,ISP,Computer and Information Technology|Internet Service Provider (ISP)
48819,Enterprise,"Media, Publishing, and Broadcasting|Software Development|Computer and Information Technology|Law, Business, and Consulting Services"
16057,Other,"Manufacturing|Media, Publishing, and Broadcasting|Print Media (Newspapers, Magazines, Books)"
212671,Government,"Government and Regulatory Agencies, Administrations, Departments, and Services|Health Care Services|Government and Public Administration|Nursing, Residential Care Facilities, Assisted Living, and Home Health Care"
57024,Enterprise,"Law, Business, and Consulting Services|Service"
16071,Other,Manufacturing|Electronics and Computer Components
16073,ISP,Computer and Information Technology|Software Development|Internet Service Provider (ISP)
204493,Enterprise,"Service|Law, Business, and Consulting Services"
16077,Other,Real Estate (Residential and/or Commercial)|Construction and Real Estate|Service
16080,ISP,Corporate/Enterprise|Internet Service Provider (ISP)|Computer and Information Technology
204509,Enterprise,"Law, Business, and Consulting Services|Service"
204515,ISP,"Internet Service Provider (ISP)|Computer and Information Technology|Community Groups and Nonprofits|Human Rights and Social Advocacy (Human Rights, Environment and Wildlife Conservation, Other)"
212708,Other,Software Development|Computer and Information Technology|Personal ASN|Content
16101,ISP,Internet Service Provider (ISP)|Hosting and Cloud Provider|Computer and Information Technology|Technology Consulting Services
204516,ISP,Internet Service Provider (ISP)|Computer and Information Technology|Software Development
204517,Other,"Construction and Real Estate|Community Groups and Nonprofits|Human Rights and Social Advocacy (Human Rights, Environment and Wildlife Conservation, Other)"
212709,Other,"Computer and Information Technology|Not Validating RPKI ROV|Hotels, Motels, Inns, Other Traveler Accommodation|Search"
57068,Other,"Media, Publishing, and Broadcasting|Software Development|Computer and Information Technology|Music and Video Industry"
212718,ISP,"Internet Service Provider (ISP)|Online Informational Content|Computer and Information Technology|Media, Publishing, and Broadcasting"
48879,Enterprise,"Law, Business, and Consulting Services|Service"
212720,Enterprise,"Service|Law, Business, and Consulting Services"
212724,Enterprise,"Service|Law, Business, and Consulting Services"
57080,ISP,"IPv6 only|Recreation, Sports, and Performing Arts|Nursing, Residential Care Facilities, Assisted Living, and Home Health Care|Hosting, Cloud Provider, Data Center, Server Colocation"
212731,Enterprise,"Service|Law, Business, and Consulting Services"
16128,ISP,Internet Service Provider (ISP)|Computer and Information Technology
16136,Other,Computer and Information Technology
16140,Content/CDN,Computer and Information Technology|Hosting and Cloud Provider|Software Development|IPv6 only
57103,ISP,Internet Service Provider (ISP)|Not Validating RPKI ROV|Computer and Information Technology
204561,ISP,"Military, Defense, National Security, and International Affairs|Hosting and Cloud Provider|Internet Service Provider (ISP)|Service"
48920,Other,"Human Rights and Social Advocacy (Human Rights, Environment and Wildlife Conservation, Other)|Community Groups and Nonprofits"
212760,Enterprise,"Law, Business, and Consulting Services|Service"
57119,ISP,Computer and Information Technology|Not Validating RPKI ROV|Internet Service Provider (ISP)
48934,Other,"Social Assistance (Temporary Shelters, Emergency Relief, Child Day Care, etc)|Service"
212783,Other,"Retail Stores, Wholesale, and E-commerce Sites"
204596,Other,Computer and Information Technology|Not Validating RPKI ROV
57141,ISP,Eyeball|Computer and Information Technology|Internet Service Provider (ISP)
204599,ISP,Software Development|Computer and Information Technology|Hosting and Cloud Provider|Internet Service Provider (ISP)
16189,Other,Software Development|Computer and Information Technology
57157,Other,Computer and Information Technology
204613,ISP,"Hosting, Cloud Provider, Data Center, Server Colocation|Computer and Information Technology|Manufacturing|Internet Service Provider (ISP)"
212808,Other,Real Estate (Residential and/or Commercial)|Construction and Real Estate
212811,ISP,Internet Service Provider (ISP)|Software Development|Computer and Information Technology|IPv6 only
212815,ISP,Server Hosting|Internet Service Provider (ISP)|Electronics and Computer Components|Computer and Information Technology
212817,Other,Content
16211,ISP,Not Validating RPKI ROV|Internet Service Provider (ISP)|Computer and Information Technology|Eyeball
57173,Other,Computer and Information Technology
204633,Other,Computer and Information Technology
57179,ISP,Computer and Information Technology|Internet Service Provider (ISP)
212832,Other,Manufacturing|Machinery|Validating RPKI ROV
204642,Other,Technology Consulting Services|Computer and Information Technology
212834,Other,Buildings (Residential or Commercial)|Construction and Real Estate|Personal ASN|IPv6 only
204645,ISP,Validating RPKI ROV|Internet Service Provider (ISP)|Computer and Information Technology
16236,Other,Manufacturing|Not Validating RPKI ROV|Automotive and Transportation
212844,Other,"Agriculture, Mining, and Refineries (Farming, Greenhouses, Mining, Forestry, and Animal Farming)|IPv6 only"
57199,ISP,Internet Service Provider (ISP)|Computer and Information Technology|Community Groups and Nonprofits|Carrier
204657,ISP,Internet Service Provider (ISP)|Software Development|Computer and Information Technology
204658,Other,Computer and Information Technology
49011,ISP,Not Validating RPKI ROV|Internet Service Provider (ISP)|Computer and Information Technology
204661,Other,Computer and Information Technology|Software Development
204662,ISP,Finance and Insurance|Real Estate (Residential and/or Commercial)|Construction and Real Estate|Insurance Carriers and Agencies
212856,Eyeball,Education and Research|Personal ASN|IPv6 only|Eyeball
16254,Enterprise,"Service|Media, Publishing, and Broadcasting|Print Media (Newspapers, Magazines, Books)|Law, Business, and Consulting Services"
49028,ISP,Internet Service Provider (ISP)|Not Validating RPKI ROV|Computer and Information Technology
49030,ISP,Computer and Information Technology|Internet Service Provider (ISP)|Software Development
57226,Other,Construction and Real Estate|Real Estate (Residential and/or Commercial)
16276,Content/CDN,Content|Validating RPKI ROV|Computer and Information Technology|Hosting and Cloud Provider
49068,ISP,Government and Public Administration|Internet Service Provider (ISP)|Computer and Information Technology|Software Development
204717,Other,"Freight, Shipment, and Postal Services|Manufacturing"
212912,ISP,Computer and Information Technology|Internet Service Provider (ISP)
49083,ISP,Internet Service Provider (ISP)|Computer and Information Technology
204733,ISP,Computer and Information Technology|Internet Service Provider (ISP)
57284,Other,"Retail Stores, Wholesale, and E-commerce Sites"
212933,ISP,Insurance Carriers and Agencies|Finance and Insurance
57297,Other,"Passenger Transit (Car, Bus, Taxi, Subway)|Freight, Shipment, and Postal Services|Travel and Accommodation"
204756,Other,Service
212948,Eyeball,Eyeball|Validating RPKI ROV|Personal ASN|Travel and Accommodation
212949,ISP,Computer and Information Technology|Internet Service Provider (ISP)
49112,ISP,Internet Service Provider (ISP)|Not Validating RPKI ROV|Computer and Information Technology
16347,ISP,Content|Not Validating RPKI ROV|Computer and Information Technology|Internet Service Provider (ISP)
57310,ISP,Internet Service Provider (ISP)|Computer and Information Technology
212970,Other,"Manufacturing|Food, Beverage, and Tobacco|IPv6 only"
16363,ISP,Internet Service Provider (ISP)|Computer and Information Technology|Software Development
212971,Other,Construction and Real Estate|Buildings (Residential or Commercial)|IPv6 only
212972,Other,Other|IPv6 only
212976,Other,"Travel and Accommodation|Freight, Shipment, and Postal Services"
49137,Content/CDN,Computer and Information Technology|Hosting and Cloud Provider
212977,ISP,Computer and Information Technology|Internet Service Provider (ISP)|IPv6 only
